id,price
264893,676000.0
264899,149000.0
264910,393000.0
264915,123000.0
264919,61000.0
264928,147000.0
264932,114000.0
264935,161000.0
264939,693000.0
264944,134000.0
264954,137000.0
264955,140000.0
264969,507000.0
264978,143000.0
264983,109000.0
264984,69000.0
264985,105000.0
265031,177000.0
265032,173000.0
265058,220000.0
265066,270000.0
265068,108000.0
265069,669000.0
265070,108000.0
265077,139000.0
265090,516000.0
265094,354000.0
265101,147000.0
265102,130000.0
265105,174000.0
265106,130000.0
265108,124000.0
265115,138000.0
265147,61000.0
265152,169000.0
265153,201000.0
265170,581000.0
265176,68000.0
265187,291000.0
265189,97000.0
265198,632000.0
265225,88000.0
265233,124000.0
265237,358000.0
265253,282000.0
265280,272000.0
265287,254000.0
265293,124000.0
265296,216000.0
265307,319000.0
265308,249000.0
265312,238000.0
265313,152000.0
265314,380000.0
265315,188000.0
265320,175000.0
265333,209000.0
265346,175000.0
265351,226000.0
265356,152000.0
265357,116000.0
265358,115000.0
265363,314000.0
265369,91000.0
265372,213000.0
265402,257000.0
265406,178000.0
265420,261000.0
265436,201000.0
265438,207000.0
265442,180000.0
265449,223000.0
265452,212000.0
265455,174000.0
265461,799000.0
265465,173000.0
265481,135000.0
265488,75000.0
265501,147000.0
265514,285000.0
265515,126000.0
265516,126000.0
265517,292000.0
265526,209000.0
265533,262000.0
265539,183000.0
265543,129000.0
265544,133000.0
265556,155000.0
265559,259000.0
265561,484000.0
265584,222000.0
265586,146000.0
265587,148000.0
265588,182000.0
265593,354000.0
265596,362000.0
265607,209000.0
265608,253000.0
265610,172000.0
265613,337000.0
265653,235000.0
265663,231000.0
265669,251000.0
265675,153000.0
265699,321000.0
265701,204000.0
265703,217000.0
265704,220000.0
265743,218000.0
265748,131000.0
265759,116000.0
265795,258000.0
265797,254000.0
265805,298000.0
265806,139000.0
265810,139000.0
265819,177000.0
265820,380000.0
265833,211000.0
265834,84000.0
265843,543000.0
265851,552000.0
265862,632000.0
265864,770000.0
265869,251000.0
265887,603000.0
265907,484000.0
265913,906000.0
265921,122000.0
265923,380000.0
265925,636000.0
265957,295000.0
265958,969000.0
265960,205000.0
265963,157000.0
265969,810000.0
266004,700000.0
266028,55000.0
266029,767000.0
266032,854000.0
266034,446000.0
266055,925000.0
266075,927000.0
266077,927000.0
266080,295000.0
266093,855000.0
266094,817000.0
266100,581000.0
266116,586000.0
266129,404000.0
266144,450000.0
266160,733000.0
266165,563000.0
266196,285000.0
266199,348000.0
266202,208000.0
266210,275000.0
266211,500000.0
266213,339000.0
266218,227000.0
266219,301000.0
266220,360000.0
266234,269000.0
266241,190000.0
266248,261000.0
266251,448000.0
266256,369000.0
266259,350000.0
266274,260000.0
266275,547000.0
266276,507000.0
266279,240000.0
266280,456000.0
266281,391000.0
266299,420000.0
266300,318000.0
266305,83000.0
266314,657000.0
266315,800000.0
266329,85000.0
266332,164000.0
266350,180000.0
266368,218000.0
266375,306000.0
266381,230000.0
266382,177000.0
266393,119000.0
266394,225000.0
266402,111000.0
266406,181000.0
266423,200000.0
266424,87000.0
266438,199000.0
266454,142000.0
266463,147000.0
266465,143000.0
266479,198000.0
266480,231000.0
266485,168000.0
266486,156000.0
266496,271000.0
266508,541000.0
266510,110000.0
266511,283000.0
266512,176000.0
266514,193000.0
266517,316000.0
266539,150000.0
266542,362000.0
266545,79000.0
266548,349000.0
266550,282000.0
266556,242000.0
266559,293000.0
266565,110000.0
266568,346000.0
266569,168000.0
266575,263000.0
266580,211000.0
266581,180000.0
266582,171000.0
266583,172000.0
266602,405000.0
266606,328000.0
266618,291000.0
266619,337000.0
266620,165000.0
266624,176000.0
266626,342000.0
266662,124000.0
266667,339000.0
266668,360000.0
266677,725000.0
266681,434000.0
266682,583000.0
266690,286000.0
266694,330000.0
266695,330000.0
266698,640000.0
266699,370000.0
266727,370000.0
266729,583000.0
266731,477000.0
266732,627000.0
266740,831000.0
266744,387000.0
266748,372000.0
266768,187000.0
266770,686000.0
266771,599000.0
266778,440000.0
266779,888000.0
266781,321000.0
266785,751000.0
266809,471000.0
266819,341000.0
266821,392000.0
266824,178000.0
266830,584000.0
266831,747000.0
266845,343000.0
266846,421000.0
266847,423000.0
266851,340000.0
266858,152000.0
266859,500000.0
266862,633000.0
266863,398000.0
266864,662000.0
266872,205000.0
266875,369000.0
266877,850000.0
266882,414000.0
266883,147000.0
266886,517000.0
266918,142000.0
266919,1006000.0
266920,292000.0
266953,530000.0
266954,436000.0
266955,506000.0
266957,369000.0
266965,798000.0
266966,421000.0
266969,196000.0
266984,350000.0
266989,1211000.0
266990,293000.0
267015,241000.0
267016,241000.0
267017,241000.0
267018,117000.0
267019,287000.0
267020,287000.0
267025,506000.0
267028,818000.0
267041,289000.0
267054,241000.0
267082,116000.0
267084,384000.0
267085,441000.0
267103,236000.0
267104,94000.0
267106,194000.0
267113,187000.0
267126,132000.0
267128,129000.0
267131,207000.0
267138,121000.0
267147,141000.0
267153,194000.0
267154,128000.0
267171,133000.0
267173,124000.0
267188,131000.0
267198,133000.0
267199,133000.0
267218,289000.0
267220,213000.0
267221,162000.0
267245,274000.0
267247,152000.0
267248,197000.0
267249,204000.0
267253,200000.0
267269,291000.0
267271,222000.0
267274,314000.0
267281,225000.0
267303,238000.0
267305,241000.0
267306,212000.0
267307,149000.0
267309,219000.0
267311,226000.0
267312,248000.0
267315,367000.0
267331,187000.0
267338,207000.0
267342,152000.0
267344,162000.0
267346,307000.0
267366,185000.0
267369,182000.0
267371,135000.0
267375,145000.0
267376,128000.0
267379,141000.0
267381,258000.0
267382,264000.0
267407,170000.0
267422,182000.0
267424,216000.0
267428,251000.0
267431,166000.0
267434,145000.0
267437,179000.0
267438,165000.0
267439,169000.0
267440,216000.0
267441,220000.0
267443,200000.0
267460,495000.0
267463,1039000.0
267494,1100000.0
267510,321000.0
267515,421000.0
267520,362000.0
267522,620000.0
267523,757000.0
267524,432000.0
267544,271000.0
267546,271000.0
267551,395000.0
267553,444000.0
267563,230000.0
267584,617000.0
267585,471000.0
267587,395000.0
267598,397000.0
267602,241000.0
267614,475000.0
267617,759000.0
267619,862000.0
267620,397000.0
267623,307000.0
267627,189000.0
267633,150000.0
267644,334000.0
267667,123000.0
267738,135000.0
267740,130000.0
267743,127000.0
267778,155000.0
267779,203000.0
267799,183000.0
267800,207000.0
267814,1150000.0
267816,188000.0
267833,203000.0
267834,124000.0
267836,123000.0
267847,132000.0
267858,255000.0
267891,388000.0
267896,555000.0
267899,151000.0
267900,114000.0
267902,551000.0
267908,631000.0
267924,351000.0
267933,150000.0
267936,687000.0
267939,255000.0
267941,435000.0
267942,330000.0
267967,124000.0
267970,158000.0
267980,125000.0
267990,160000.0
267992,354000.0
267994,398000.0
267995,74000.0
267999,163000.0
268003,435000.0
268020,206000.0
268033,214000.0
268041,157000.0
268056,153000.0
268067,246000.0
268070,80000.0
268071,538000.0
268121,277000.0
268144,209000.0
268145,373000.0
268147,142000.0
268149,164000.0
268150,142000.0
268157,193000.0
268159,351000.0
268161,701000.0
268175,235000.0
268189,228000.0
268208,165000.0
308905,177000.0
312310,620000.0
312331,464000.0
695165,736000.0
695166,230000.0
695170,332000.0
695176,319000.0
695178,259000.0
695181,220000.0
695183,395000.0
695185,147000.0
695196,303000.0
695203,222000.0
695205,210000.0
695207,223000.0
695236,300000.0
695238,184000.0
695252,186000.0
695257,313000.0
713635,328000.0
714108,169000.0
714284,216000.0
714645,532000.0
714753,566000.0
714863,986000.0
714924,549000.0
715132,186000.0
715405,213000.0
715433,712000.0
715694,375000.0
715746,158000.0
715898,228000.0
715902,260000.0
715996,686000.0
716065,327000.0
716097,1046000.0
716329,200000.0
716360,393000.0
716377,451000.0
716484,262000.0
716541,342000.0
716634,293000.0
716888,593000.0
717017,409000.0
717109,263000.0
717307,347000.0
717459,328000.0
717524,315000.0
717568,198000.0
717688,256000.0
717690,1037000.0
717797,343000.0
717829,287000.0
717945,903000.0
717983,634000.0
718276,730000.0
718584,1161000.0
718617,183000.0
718717,273000.0
718867,390000.0
718943,535000.0
718997,374000.0
719116,174000.0
719132,433000.0
719287,241000.0
719579,593000.0
719846,218000.0
719893,269000.0
720041,299000.0
720088,301000.0
720180,267000.0
720249,107000.0
720261,330000.0
720293,309000.0
720364,243000.0
720455,396000.0
720564,215000.0
720679,278000.0
720725,159000.0
720817,293000.0
720854,337000.0
720920,134000.0
721130,238000.0
721266,226000.0
721531,179000.0
721844,157000.0
721882,477000.0
722050,176000.0
722151,197000.0
722225,1051000.0
722264,268000.0
722516,488000.0
722520,195000.0
722594,298000.0
722649,189000.0
722769,152000.0
724397,285000.0
724457,255000.0
724486,306000.0
724488,632000.0
724574,427000.0
724620,542000.0
724674,293000.0
724767,735000.0
724786,458000.0
724908,513000.0
725124,240000.0
725211,286000.0
725280,191000.0
725364,338000.0
725393,309000.0
725425,287000.0
725455,233000.0
725547,422000.0
725814,230000.0
725829,217000.0
725999,844000.0
726088,289000.0
726214,290000.0
726348,246000.0
726542,333000.0
726620,214000.0
726910,333000.0
727068,494000.0
727229,141000.0
727458,426000.0
727699,391000.0
728077,96000.0
728089,384000.0
728272,298000.0
728553,566000.0
728592,200000.0
728640,312000.0
728663,190000.0
729105,209000.0
729267,211000.0
729622,240000.0
730128,157000.0
730298,165000.0
730619,154000.0
730712,358000.0
731061,185000.0
731131,221000.0
731142,465000.0
731240,226000.0
731527,170000.0
731655,291000.0
731841,316000.0
731925,177000.0
732382,200000.0
732568,235000.0
732810,293000.0
732969,193000.0
733029,395000.0
733077,785000.0
733091,522000.0
733208,169000.0
733226,199000.0
733230,274000.0
733238,281000.0
733347,369000.0
733542,306000.0
734153,132000.0
734154,246000.0
734176,525000.0
734212,382000.0
734217,378000.0
734258,399000.0
734334,402000.0
734397,603000.0
734666,170000.0
734674,289000.0
734675,315000.0
734724,539000.0
734919,309000.0
735058,378000.0
735319,344000.0
735691,300000.0
735730,425000.0
735875,273000.0
736019,170000.0
736274,166000.0
736752,306000.0
736842,170000.0
736845,804000.0
736880,306000.0
737208,269000.0
737501,360000.0
737652,414000.0
737722,1160000.0
738039,352000.0
738057,354000.0
738082,439000.0
738665,269000.0
738841,308000.0
739007,186000.0
739075,177000.0
739255,533000.0
739492,282000.0
740378,529000.0
740535,92000.0
741340,399000.0
741408,167000.0
741684,219000.0
742269,329000.0
742430,347000.0
742608,570000.0
742744,270000.0
742791,220000.0
742826,251000.0
742881,204000.0
742899,180000.0
743231,276000.0
743527,727000.0
743534,294000.0
743562,175000.0
743664,347000.0
743926,561000.0
744027,341000.0
744337,293000.0
744508,183000.0
744690,169000.0
745006,193000.0
745047,178000.0
745193,252000.0
745245,188000.0
745515,240000.0
746017,388000.0
746053,148000.0
746265,714000.0
746355,716000.0
746375,165000.0
746382,320000.0
746483,179000.0
746772,153000.0
746949,227000.0
746954,209000.0
746984,147000.0
748310,360000.0
748476,190000.0
748712,430000.0
748736,191000.0
748773,204000.0
748803,373000.0
749336,245000.0
749657,190000.0
749755,305000.0
749845,139000.0
750054,406000.0
750136,218000.0
750580,407000.0
750771,604000.0
751301,187000.0
751365,250000.0
751450,605000.0
751496,835000.0
751560,672000.0
751799,341000.0
751846,127000.0
751847,174000.0
751897,350000.0
751958,259000.0
751960,269000.0
752204,170000.0
752309,677000.0
752365,172000.0
752608,231000.0
752648,192000.0
752691,370000.0
752814,212000.0
752877,194000.0
753069,226000.0
753118,157000.0
753224,479000.0
753227,229000.0
753248,159000.0
753391,308000.0
753482,206000.0
753516,403000.0
753532,302000.0
753563,134000.0
753651,960000.0
753842,187000.0
754089,223000.0
754090,183000.0
754125,291000.0
754506,298000.0
754620,174000.0
754630,324000.0
754802,198000.0
754861,246000.0
754927,267000.0
754936,624000.0
755034,214000.0
755072,157000.0
755075,134000.0
755879,214000.0
756141,361000.0
757137,639000.0
757268,279000.0
757525,303000.0
757552,211000.0
757671,199000.0
757699,162000.0
757723,284000.0
757778,210000.0
757807,313000.0
757810,387000.0
758073,218000.0
758157,132000.0
758385,605000.0
758409,139000.0
758503,194000.0
758531,205000.0
758589,177000.0
758722,169000.0
758785,329000.0
758793,221000.0
758855,345000.0
758943,307000.0
758961,237000.0
759020,246000.0
759066,202000.0
759073,218000.0
759076,249000.0
759330,219000.0
760184,331000.0
760381,581000.0
760382,581000.0
760545,540000.0
760920,248000.0
767749,239000.0
767766,231000.0
767960,240000.0
768051,221000.0
771578,228000.0
771667,411000.0
771785,182000.0
771860,152000.0
772094,172000.0
772238,218000.0
772563,329000.0
772956,250000.0
773061,332000.0
773111,223000.0
773288,203000.0
773498,597000.0
773599,297000.0
773705,209000.0
773905,112000.0
773965,463000.0
773973,252000.0
774075,342000.0
774236,150000.0
774296,384000.0
774423,247000.0
774558,358000.0
774559,353000.0
774858,185000.0
774859,240000.0
774860,211000.0
774861,252000.0
774863,234000.0
774864,207000.0
774865,341000.0
774866,239000.0
774870,306000.0
774874,153000.0
774908,326000.0
774914,241000.0
775168,290000.0
775205,263000.0
775210,407000.0
775320,320000.0
775438,221000.0
775442,224000.0
775443,211000.0
775444,189000.0
775445,217000.0
775447,221000.0
775448,189000.0
775554,258000.0
775555,154000.0
775586,319000.0
775612,310000.0
775729,140000.0
775785,163000.0
775911,217000.0
776126,151000.0
776220,638000.0
776281,251000.0
776537,576000.0
776718,216000.0
776786,226000.0
777092,472000.0
777265,220000.0
777365,497000.0
777442,213000.0
777610,546000.0
777612,175000.0
777763,262000.0
777818,332000.0
778020,241000.0
792324,427000.0
792630,164000.0
792713,122000.0
792725,246000.0
792887,310000.0
792939,729000.0
793005,166000.0
793008,316000.0
793066,253000.0
793127,323000.0
793161,181000.0
793409,213000.0
793475,281000.0
793537,433000.0
793642,224000.0
793661,267000.0
793768,323000.0
793977,939000.0
793978,251000.0
794009,533000.0
794521,159000.0
794522,217000.0
794646,166000.0
794657,232000.0
794681,332000.0
794957,330000.0
795043,136000.0
795214,172000.0
795458,193000.0
795504,379000.0
795614,211000.0
795689,315000.0
795690,346000.0
795749,365000.0
795780,344000.0
796046,445000.0
796093,143000.0
796230,403000.0
796239,455000.0
796407,885000.0
796414,309000.0
796526,214000.0
796611,221000.0
796612,229000.0
796693,185000.0
796941,279000.0
797000,332000.0
797301,338000.0
797320,275000.0
797501,267000.0
797556,355000.0
797602,220000.0
797607,220000.0
797650,219000.0
797759,688000.0
797840,308000.0
797920,156000.0
797955,109000.0
797986,165000.0
798122,393000.0
798154,515000.0
799016,199000.0
799634,255000.0
799788,580000.0
800114,245000.0
800138,311000.0
800424,115000.0
800449,669000.0
800510,528000.0
800532,268000.0
800541,233000.0
800609,281000.0
800668,245000.0
800744,399000.0
800866,269000.0
800903,488000.0
800916,346000.0
801752,288000.0
801804,262000.0
801847,511000.0
801858,186000.0
802128,450000.0
802258,202000.0
802295,260000.0
802341,250000.0
802386,837000.0
802424,174000.0
802445,199000.0
802668,280000.0
802700,199000.0
802704,305000.0
802728,493000.0
802910,196000.0
803292,447000.0
803311,87000.0
803329,160000.0
803374,301000.0
803536,413000.0
803639,434000.0
804024,257000.0
804212,665000.0
804231,242000.0
804291,646000.0
804531,136000.0
804598,220000.0
804627,154000.0
804631,146000.0
804637,420000.0
804655,200000.0
804744,230000.0
804766,185000.0
804807,130000.0
805014,850000.0
805098,678000.0
805194,415000.0
805373,481000.0
805394,263000.0
805486,187000.0
805500,558000.0
805630,177000.0
805757,263000.0
806068,525000.0
806144,137000.0
806361,204000.0
806422,336000.0
806448,309000.0
806622,226000.0
806748,183000.0
806977,577000.0
806994,537000.0
807158,183000.0
807182,221000.0
807185,216000.0
807247,90000.0
807280,352000.0
807366,214000.0
807797,213000.0
808029,297000.0
808116,293000.0
808193,652000.0
808317,249000.0
808398,171000.0
808402,321000.0
808665,230000.0
808694,131000.0
809040,264000.0
809598,281000.0
809658,161000.0
810178,139000.0
810217,324000.0
810247,217000.0
810250,170000.0
810315,394000.0
810593,775000.0
810694,185000.0
810750,173000.0
810752,430000.0
810823,532000.0
811013,828000.0
811014,841000.0
811029,566000.0
811033,340000.0
811079,176000.0
811149,581000.0
811154,178000.0
811318,262000.0
811572,437000.0
811752,222000.0
811825,169000.0
811863,436000.0
811890,191000.0
812013,173000.0
812020,208000.0
812190,175000.0
812277,299000.0
812281,420000.0
812496,599000.0
813366,234000.0
813513,216000.0
813541,177000.0
813723,814000.0
813854,368000.0
813900,1697000.0
813905,477000.0
813991,207000.0
814439,122000.0
814562,526000.0
814741,210000.0
814748,182000.0
814792,191000.0
814808,150000.0
814955,315000.0
815240,323000.0
815395,561000.0
815501,169000.0
815512,238000.0
815573,464000.0
815588,242000.0
815670,492000.0
815688,294000.0
815690,293000.0
815696,477000.0
815763,236000.0
815988,310000.0
816064,350000.0
816242,417000.0
816290,399000.0
816334,362000.0
816744,257000.0
816890,193000.0
816995,137000.0
816999,279000.0
817070,252000.0
817184,842000.0
817220,228000.0
817222,230000.0
817335,275000.0
817398,143000.0
817401,638000.0
817469,624000.0
817478,752000.0
817485,511000.0
849254,563000.0
849335,409000.0
849583,440000.0
849628,313000.0
849715,844000.0
849938,542000.0
850070,291000.0
850071,279000.0
850074,582000.0
850143,165000.0
850650,500000.0
850688,207000.0
850706,182000.0
851200,205000.0
851362,506000.0
851404,780000.0
851791,417000.0
851810,195000.0
851844,277000.0
851885,389000.0
851929,389000.0
852009,196000.0
852060,681000.0
852108,561000.0
852166,171000.0
852210,834000.0
852356,188000.0
852727,342000.0
852786,169000.0
852794,168000.0
852798,280000.0
852811,232000.0
852983,235000.0
853152,317000.0
853212,337000.0
853308,248000.0
853360,306000.0
853400,321000.0
853448,188000.0
853547,480000.0
853738,256000.0
853999,161000.0
854058,174000.0
854206,508000.0
854316,478000.0
854372,914000.0
854548,327000.0
854627,494000.0
854717,729000.0
854804,448000.0
854850,292000.0
855254,417000.0
855290,273000.0
855591,414000.0
855835,515000.0
856006,419000.0
856174,171000.0
856192,275000.0
856247,390000.0
856511,749000.0
856637,303000.0
856638,247000.0
856646,258000.0
856699,688000.0
856869,336000.0
856903,516000.0
857014,350000.0
857021,272000.0
857337,126000.0
857466,322000.0
857561,452000.0
857715,335000.0
857930,663000.0
857933,654000.0
857984,184000.0
858020,150000.0
858115,213000.0
858187,313000.0
858284,288000.0
858313,170000.0
858343,187000.0
858367,390000.0
858368,271000.0
858391,406000.0
858467,171000.0
858620,301000.0
858789,463000.0
858910,182000.0
858923,494000.0
858925,164000.0
859089,207000.0
859208,491000.0
859213,284000.0
859448,433000.0
859735,261000.0
859737,219000.0
859952,278000.0
860006,278000.0
860132,171000.0
860301,136000.0
860323,118000.0
860335,208000.0
860364,115000.0
860502,580000.0
860548,513000.0
860582,304000.0
860748,403000.0
860775,467000.0
860948,450000.0
861031,684000.0
861333,154000.0
861384,253000.0
861474,274000.0
861714,294000.0
861731,308000.0
861732,95000.0
861737,196000.0
861820,224000.0
861885,469000.0
862030,280000.0
862188,205000.0
862261,182000.0
862281,209000.0
862618,180000.0
862788,578000.0
862799,281000.0
862968,214000.0
862970,188000.0
862972,328000.0
863013,169000.0
863030,480000.0
863134,568000.0
863308,180000.0
863598,448000.0
863775,216000.0
863870,583000.0
863876,262000.0
863878,260000.0
863962,599000.0
864003,672000.0
864031,350000.0
864076,364000.0
864259,274000.0
864264,275000.0
864392,425000.0
864413,496000.0
864696,226000.0
864957,547000.0
864967,228000.0
865059,278000.0
865088,159000.0
865172,208000.0
865294,186000.0
865295,268000.0
865397,378000.0
865837,192000.0
865915,892000.0
865988,250000.0
866170,202000.0
866219,164000.0
866221,126000.0
866233,352000.0
866670,170000.0
866690,350000.0
866710,130000.0
866832,229000.0
866953,467000.0
867179,185000.0
867437,304000.0
867463,346000.0
867734,306000.0
867910,207000.0
868080,210000.0
868188,196000.0
868288,1111000.0
868374,322000.0
868833,260000.0
869107,177000.0
869128,165000.0
869129,216000.0
869138,304000.0
869231,384000.0
869299,740000.0
869366,360000.0
869499,234000.0
869632,241000.0
869658,162000.0
869693,399000.0
870083,295000.0
870420,287000.0
870666,160000.0
870737,304000.0
870738,287000.0
870742,328000.0
870773,165000.0
870921,317000.0
871140,284000.0
871143,274000.0
871239,345000.0
871264,141000.0
871783,498000.0
871887,299000.0
872186,162000.0
872351,373000.0
872453,575000.0
872615,350000.0
873114,235000.0
873126,230000.0
873173,299000.0
873306,169000.0
874035,399000.0
874087,230000.0
874106,1130000.0
874111,135000.0
874132,278000.0
874172,135000.0
874299,312000.0
874301,182000.0
874678,243000.0
875005,327000.0
875040,221000.0
875084,267000.0
875343,244000.0
875373,486000.0
875694,413000.0
875715,361000.0
875883,350000.0
875956,541000.0
876188,200000.0
876243,293000.0
876248,185000.0
876298,1117000.0
876348,240000.0
876525,457000.0
876573,220000.0
876658,189000.0
876802,141000.0
877045,249000.0
877057,197000.0
877061,177000.0
877082,249000.0
877159,617000.0
877356,278000.0
877405,306000.0
877586,291000.0
877678,204000.0
877695,838000.0
877858,116000.0
877986,376000.0
877992,449000.0
877993,282000.0
877999,179000.0
878136,223000.0
878160,316000.0
878162,255000.0
878163,168000.0
878164,449000.0
878185,287000.0
878259,112000.0
878329,269000.0
878421,714000.0
878447,290000.0
878983,270000.0
879011,403000.0
879025,308000.0
879202,689000.0
879262,387000.0
879410,171000.0
879445,202000.0
879490,467000.0
879704,251000.0
879837,142000.0
879874,305000.0
879899,271000.0
879907,392000.0
880010,181000.0
880022,514000.0
880054,160000.0
880204,336000.0
880277,192000.0
880443,208000.0
880473,220000.0
880481,571000.0
880488,571000.0
880535,488000.0
880552,466000.0
880554,466000.0
880659,224000.0
880698,291000.0
880710,483000.0
880760,243000.0
880910,545000.0
881195,298000.0
881204,540000.0
881269,190000.0
881271,324000.0
881536,289000.0
881648,219000.0
881673,698000.0
881944,439000.0
882063,555000.0
882221,242000.0
882324,241000.0
882337,493000.0
882438,243000.0
882778,201000.0
882904,221000.0
882962,278000.0
883438,122000.0
883576,266000.0
883600,229000.0
883704,159000.0
883831,246000.0
884093,226000.0
884099,195000.0
884231,127000.0
884499,391000.0
884561,532000.0
884563,532000.0
884654,112000.0
917473,235000.0
917675,415000.0
917724,1061000.0
918021,538000.0
918033,273000.0
918035,458000.0
918495,578000.0
918508,665000.0
918559,165000.0
918632,502000.0
918906,444000.0
918909,235000.0
918921,398000.0
919282,965000.0
919294,689000.0
919346,270000.0
919348,842000.0
919349,506000.0
919389,515000.0
919475,239000.0
919477,228000.0
919478,162000.0
919577,367000.0
919708,377000.0
919726,134000.0
919736,303000.0
919757,199000.0
919778,362000.0
919891,169000.0
919997,263000.0
920012,358000.0
920013,183000.0
920137,425000.0
920258,506000.0
920314,434000.0
920322,541000.0
922004,262000.0
922014,142000.0
922214,203000.0
922244,306000.0
1024686,311000.0
1024698,463000.0
1024801,180000.0
1025018,304000.0
1025058,231000.0
1025061,222000.0
1025080,208000.0
1025173,158000.0
1025211,226000.0
1025298,339000.0
1025315,227000.0
1025346,203000.0
1025350,527000.0
1026050,417000.0
1026150,364000.0
1026439,159000.0
1026667,211000.0
1026670,321000.0
1026853,237000.0
1026857,403000.0
1027120,281000.0
1027152,179000.0
1027154,841000.0
1027285,326000.0
1027287,243000.0
1027289,260000.0
1027304,415000.0
1027312,260000.0
1027564,229000.0
1027908,237000.0
1028089,169000.0
1028529,294000.0
1028591,133000.0
1028658,189000.0
1028708,338000.0
1028749,553000.0
1028829,461000.0
1028874,315000.0
1029454,277000.0
1029472,876000.0
1029518,194000.0
1029744,225000.0
1029859,184000.0
1030059,274000.0
1030097,179000.0
1030101,155000.0
1030123,519000.0
1030203,344000.0
1030283,143000.0
1030444,770000.0
1030455,302000.0
1030459,151000.0
1030503,299000.0
1030736,116000.0
1030804,253000.0
1030937,513000.0
1031066,341000.0
1031181,227000.0
1031311,383000.0
1031478,216000.0
1031619,79000.0
1031690,333000.0
1031854,237000.0
1031858,384000.0
1031906,315000.0
1031920,183000.0
1031942,146000.0
1032259,353000.0
1032333,91000.0
1032385,173000.0
1032393,359000.0
1032599,149000.0
1032620,326000.0
1032637,324000.0
1032669,162000.0
1032731,332000.0
1032777,234000.0
1032887,152000.0
1032923,362000.0
1032932,559000.0
1033063,243000.0
1033091,249000.0
1033395,216000.0
1033445,156000.0
1033457,478000.0
1033533,191000.0
1033712,411000.0
1033894,244000.0
1033932,228000.0
1033937,582000.0
1033988,579000.0
1033989,580000.0
1034003,240000.0
1034012,124000.0
1034047,609000.0
1034062,102000.0
1034064,143000.0
1034065,170000.0
1034066,169000.0
1034068,253000.0
1034078,424000.0
1034088,240000.0
1034300,457000.0
1034363,253000.0
1034496,174000.0
1034605,308000.0
1034670,306000.0
1034716,349000.0
1034718,258000.0
1034778,953000.0
1034779,712000.0
1034803,253000.0
1034837,231000.0
1034944,290000.0
1035106,223000.0
1035111,259000.0
1035166,553000.0
1035490,434000.0
1035494,176000.0
1035524,224000.0
1035548,150000.0
1035564,213000.0
1035605,468000.0
1035785,245000.0
1035893,457000.0
1036037,355000.0
1036072,336000.0
1036103,353000.0
1036226,516000.0
1037508,340000.0
1037509,130000.0
1037613,758000.0
1037615,502000.0
1037616,1276000.0
1037617,760000.0
1037619,995000.0
1037699,248000.0
1037850,900000.0
1037908,331000.0
1038175,368000.0
1038180,248000.0
1038183,754000.0
1038322,609000.0
1038432,281000.0
1038447,126000.0
1038448,252000.0
1038494,203000.0
1038509,263000.0
1038512,228000.0
1038516,218000.0
1038517,248000.0
1038532,253000.0
1038541,322000.0
1038551,248000.0
1038600,176000.0
1038788,226000.0
1038956,335000.0
1038957,212000.0
1039041,145000.0
1039176,332000.0
1039208,154000.0
1039427,196000.0
1039430,284000.0
1039434,135000.0
1039449,213000.0
1039523,262000.0
1039795,279000.0
1039810,683000.0
1039879,358000.0
1040038,393000.0
1040077,778000.0
1040154,153000.0
1040155,182000.0
1040245,101000.0
1040616,161000.0
1040659,374000.0
1040829,160000.0
1040841,342000.0
1041077,185000.0
1041312,232000.0
1041324,153000.0
1041354,126000.0
1041377,124000.0
1041469,173000.0
1041480,252000.0
1041501,421000.0
1041515,345000.0
1041815,144000.0
1041945,336000.0
1041997,334000.0
1042010,528000.0
1042250,276000.0
1042254,297000.0
1042365,207000.0
1042421,366000.0
1042710,182000.0
1043106,243000.0
1043116,324000.0
1043117,189000.0
1043349,125000.0
1043369,329000.0
1043413,133000.0
1043475,275000.0
1043480,206000.0
1043482,395000.0
1043492,189000.0
1043501,204000.0
1043542,306000.0
1043603,196000.0
1043620,700000.0
1043688,214000.0
1043779,276000.0
1043799,299000.0
1043891,384000.0
1043892,370000.0
1043945,930000.0
1044186,197000.0
1044193,214000.0
1044204,275000.0
1044205,275000.0
1044215,510000.0
1044236,691000.0
1044277,470000.0
1044296,761000.0
1044297,1073000.0
1044356,296000.0
1044456,146000.0
1044496,521000.0
1044569,286000.0
1044700,232000.0
1044742,239000.0
1044802,287000.0
1044803,255000.0
1044813,269000.0
1044832,208000.0
1044867,278000.0
1045016,274000.0
1045148,201000.0
1045209,288000.0
1045223,545000.0
1045320,239000.0
1045323,301000.0
1045414,239000.0
1045572,579000.0
1045573,517000.0
1045595,546000.0
1045679,213000.0
1045724,471000.0
1045725,471000.0
1045730,366000.0
1045799,279000.0
1045886,362000.0
1045930,1061000.0
1045955,159000.0
1045981,287000.0
1046127,234000.0
1046209,213000.0
1046212,568000.0
1046225,415000.0
1046231,234000.0
1046257,401000.0
1046283,131000.0
1046328,207000.0
1046331,145000.0
1046356,179000.0
1046430,99000.0
1046462,230000.0
1046488,213000.0
1046498,288000.0
1046576,164000.0
1046593,532000.0
1046597,270000.0
1046633,317000.0
1046719,516000.0
1046832,154000.0
1046844,562000.0
1046861,162000.0
1046862,162000.0
1046875,223000.0
1046947,444000.0
1046952,340000.0
1046992,190000.0
1047083,160000.0
1047115,262000.0
1047118,467000.0
1047172,301000.0
1047190,235000.0
1047193,201000.0
1047257,178000.0
1047273,217000.0
1047480,284000.0
1047498,200000.0
1047543,711000.0
1047617,182000.0
1047712,189000.0
1047901,255000.0
1047986,278000.0
1048124,126000.0
1048181,200000.0
1048203,259000.0
1048241,145000.0
1048292,350000.0
1048310,240000.0
1048513,286000.0
1048631,144000.0
1049174,132000.0
1049242,885000.0
1049249,721000.0
1049252,197000.0
1049305,146000.0
1049306,168000.0
1049317,224000.0
1049322,656000.0
1049326,185000.0
1049334,591000.0
1049336,289000.0
1049377,187000.0
1049418,221000.0
1049447,133000.0
1049476,331000.0
1049480,445000.0
1049490,353000.0
1049498,182000.0
1049499,309000.0
1049504,316000.0
1049505,211000.0
1049521,154000.0
1049551,421000.0
1049557,240000.0
1049586,315000.0
1049673,250000.0
1049674,536000.0
1049684,310000.0
1049721,385000.0
1049728,236000.0
1049744,147000.0
1049769,318000.0
1049783,224000.0
1049881,429000.0
1049888,341000.0
1049902,660000.0
1049929,211000.0
1050083,451000.0
1050117,522000.0
1050132,341000.0
1050134,454000.0
1050140,181000.0
1050208,236000.0
1050240,249000.0
1050279,492000.0
1050338,144000.0
1050362,222000.0
1050433,445000.0
1050457,575000.0
1050501,569000.0
1050574,212000.0
1050594,455000.0
1050656,232000.0
1050862,385000.0
1050863,268000.0
1050909,391000.0
1050939,427000.0
1050946,220000.0
1050995,302000.0
1051015,121000.0
1051038,148000.0
1051097,376000.0
1051130,301000.0
1051148,659000.0
1051151,628000.0
1051239,367000.0
1051244,459000.0
1051288,299000.0
1051313,297000.0
1051314,285000.0
1051354,209000.0
1051440,153000.0
1051504,158000.0
1051585,150000.0
1051651,285000.0
1051887,226000.0
1051929,730000.0
1052048,239000.0
1052213,529000.0
1052363,158000.0
1052422,635000.0
1052438,274000.0
1052484,199000.0
1052505,418000.0
1052581,286000.0
1052622,162000.0
1052708,177000.0
1052827,320000.0
1052838,147000.0
1052871,847000.0
1052891,183000.0
1053088,166000.0
1053226,574000.0
1053352,579000.0
1053730,556000.0
1053935,178000.0
1054083,580000.0
1054093,236000.0
1054179,203000.0
1054262,164000.0
1054334,287000.0
1054358,131000.0
1054564,150000.0
1054624,320000.0
1054633,327000.0
1054796,285000.0
1054801,211000.0
1054937,739000.0
1054961,195000.0
1055035,211000.0
1055041,379000.0
1055092,307000.0
1055135,90000.0
1055232,550000.0
1055233,147000.0
1055361,553000.0
1055407,226000.0
1055408,249000.0
1055462,487000.0
1055471,349000.0
1055681,336000.0
1055727,560000.0
1055783,712000.0
1055884,337000.0
1055885,337000.0
1055936,146000.0
1055950,331000.0
1055976,243000.0
1056019,317000.0
1056287,235000.0
1056414,89000.0
1056599,374000.0
1056744,406000.0
1056825,200000.0
1056826,551000.0
1056908,324000.0
1056914,215000.0
1056944,353000.0
1057065,201000.0
1057090,339000.0
1057091,307000.0
1057148,225000.0
1057149,225000.0
1057150,225000.0
1057151,225000.0
1057152,225000.0
1057153,225000.0
1057234,315000.0
1057297,186000.0
1057375,214000.0
1057507,179000.0
1057887,323000.0
1057947,300000.0
1057950,161000.0
1057955,278000.0
1057965,282000.0
1058044,211000.0
1058078,251000.0
1058101,218000.0
1058176,449000.0
1058333,188000.0
1058334,224000.0
1058599,467000.0
1058796,322000.0
1058801,227000.0
1058802,501000.0
1058822,144000.0
1058928,172000.0
1058931,420000.0
1059002,217000.0
1059048,530000.0
1059114,998000.0
1059119,226000.0
1059129,259000.0
1059188,320000.0
1059376,203000.0
1059388,612000.0
1059539,310000.0
1059545,183000.0
1059547,157000.0
1059555,258000.0
1059586,281000.0
1059624,182000.0
1059665,233000.0
1059675,192000.0
1059677,183000.0
1059748,180000.0
1059846,763000.0
1059865,206000.0
1059892,197000.0
1059967,302000.0
1059984,318000.0
1059989,276000.0
1060018,182000.0
1060098,195000.0
1060175,310000.0
1060194,179000.0
1060278,682000.0
1060355,518000.0
1060363,466000.0
1060389,346000.0
1060551,241000.0
1060564,235000.0
1060584,209000.0
1060585,209000.0
1060754,280000.0
1060785,336000.0
1060795,365000.0
1060797,542000.0
1060800,220000.0
1060854,346000.0
1060907,141000.0
1060916,261000.0
1060943,173000.0
1060944,241000.0
1061025,279000.0
1061064,144000.0
1061103,629000.0
1061329,583000.0
1061352,400000.0
1061419,149000.0
1061472,293000.0
1061474,492000.0
1061489,294000.0
1061521,159000.0
1061613,196000.0
1061628,113000.0
1061716,484000.0
1061773,388000.0
1061906,234000.0
1061981,277000.0
1062059,257000.0
1062062,502000.0
1062154,235000.0
1062179,147000.0
1062215,113000.0
1062231,162000.0
1062234,356000.0
1062235,356000.0
1062237,129000.0
1150057,215000.0
1150061,297000.0
1150062,133000.0
1150302,356000.0
1150304,336000.0
1150307,259000.0
1150308,209000.0
1150312,236000.0
1150313,275000.0
1150315,366000.0
1150318,304000.0
1150709,500000.0
1150711,660000.0
1150714,416000.0
1150716,700000.0
1150721,451000.0
1150722,483000.0
1150723,600000.0
1150727,529000.0
1150729,806000.0
1150732,753000.0
1150733,565000.0
1150739,1042000.0
1150741,819000.0
1150744,876000.0
1150751,587000.0
1158788,291000.0
1158790,539000.0
1158794,80000.0
1158798,564000.0
1158802,400000.0
1158803,400000.0
1158804,400000.0
1158972,209000.0
1158973,217000.0
1158979,363000.0
1158980,188000.0
1158982,204000.0
1159208,931000.0
1159224,324000.0
1159254,303000.0
1159717,154000.0
1159725,198000.0
1159755,365000.0
1159756,339000.0
1159757,175000.0
1159758,198000.0
1159760,152000.0
1159762,123000.0
1159764,143000.0
1160340,184000.0
1160342,225000.0
1160347,529000.0
1160348,161000.0
1160352,410000.0
1160353,313000.0
1160357,329000.0
1160368,900000.0
1160370,560000.0
1160372,689000.0
1160628,261000.0
1160633,339000.0
1160635,391000.0
1160642,832000.0
1160644,211000.0
1160646,281000.0
1160651,126000.0
1160652,163000.0
1160659,349000.0
1160663,335000.0
1160877,418000.0
1160879,419000.0
1160881,334000.0
1160884,546000.0
1160887,254000.0
1160891,624000.0
1160892,368000.0
1160893,410000.0
1160897,857000.0
1160900,566000.0
1160901,532000.0
1160903,514000.0
1160909,1456000.0
1160910,479000.0
1160913,552000.0
1160916,748000.0
1162333,250000.0
1162334,280000.0
1162374,618000.0
1162376,614000.0
1162380,436000.0
1162381,434000.0
1162382,155000.0
1162385,791000.0
1162386,590000.0
1162638,442000.0
1162639,372000.0
1162640,477000.0
1162641,519000.0
1162643,480000.0
1162707,437000.0
1162708,285000.0
1162764,350000.0
1162899,225000.0
1162918,368000.0
1162924,200000.0
1162925,294000.0
1162926,218000.0
1162927,262000.0
1163023,491000.0
1163027,234000.0
1163028,359000.0
1163039,238000.0
1163040,329000.0
1163042,304000.0
1163043,352000.0
1163044,293000.0
1163047,195000.0
1163050,293000.0
1163083,305000.0
1163086,386000.0
1163089,281000.0
1163090,500000.0
1163091,221000.0
1163092,239000.0
1163093,410000.0
1163095,512000.0
1163096,173000.0
1163264,338000.0
1163271,318000.0
1164020,283000.0
1164022,240000.0
1164028,228000.0
1164565,225000.0
1164567,402000.0
1164571,301000.0
1164576,301000.0
1164578,297000.0
1164580,267000.0
1164581,259000.0
1164582,480000.0
1164583,148000.0
1164617,548000.0
1164618,499000.0
1164622,177000.0
1164625,616000.0
1164627,624000.0
1164629,570000.0
1164911,501000.0
1164914,302000.0
1164916,275000.0
1164936,210000.0
1164938,277000.0
1164940,214000.0
1167361,482000.0
1167364,249000.0
1167369,448000.0
1167373,279000.0
1167374,338000.0
1167375,209000.0
1167383,670000.0
1167385,369000.0
1167387,239000.0
1167388,331000.0
1167392,150000.0
1167397,242000.0
1167398,144000.0
1167399,212000.0
1167401,270000.0
1167402,320000.0
1167403,168000.0
1167404,212000.0
1167405,234000.0
1167406,233000.0
1167407,210000.0
1167409,338000.0
1167410,226000.0
1167411,193000.0
1167412,184000.0
1167413,216000.0
1167414,205000.0
1167426,189000.0
1167429,229000.0
1167430,306000.0
1167431,211000.0
1167437,243000.0
1167439,434000.0
1171188,234000.0
1171191,165000.0
1171194,212000.0
1171195,266000.0
1171196,199000.0
1171200,237000.0
1171201,243000.0
1171203,173000.0
1171204,241000.0
1171205,232000.0
1171362,1111000.0
1171367,708000.0
1172945,193000.0
1172952,214000.0
1173341,393000.0
1173343,329000.0
1173347,220000.0
1173351,281000.0
1173353,246000.0
1173355,353000.0
1173356,239000.0
1173358,303000.0
1173362,235000.0
1173364,288000.0
1174252,826000.0
1174253,995000.0
1174258,690000.0
1174265,411000.0
1174280,828000.0
1174393,141000.0
1174395,221000.0
1174396,205000.0
1174397,187000.0
1174398,237000.0
1174400,340000.0
1174404,219000.0
1174405,170000.0
1174407,177000.0
1174456,162000.0
1174460,137000.0
1174462,243000.0
1174465,270000.0
1174466,221000.0
1174468,223000.0
1174469,249000.0
1174471,210000.0
1174472,275000.0
1174473,280000.0
1174475,238000.0
1174491,100000.0
1174496,238000.0
1174501,151000.0
1174592,182000.0
1174593,244000.0
1174595,168000.0
1174596,184000.0
1174598,183000.0
1174599,349000.0
1174602,366000.0
1174607,133000.0
1174608,155000.0
1174732,191000.0
1174738,197000.0
1174742,234000.0
1174743,182000.0
1174748,200000.0
1175538,110000.0
1175539,174000.0
1175543,250000.0
1175547,151000.0
1175548,156000.0
1175550,128000.0
1176289,681000.0
1176758,716000.0
1176759,431000.0
1176764,529000.0
1176772,363000.0
1177110,178000.0
1177116,150000.0
1177118,219000.0
1177121,254000.0
1177122,271000.0
1177125,159000.0
1177822,148000.0
1178019,244000.0
1178024,479000.0
1179391,656000.0
1179392,764000.0
1179393,880000.0
1179512,315000.0
1179513,176000.0
1179516,160000.0
1179517,128000.0
1179518,151000.0
1179526,270000.0
1179527,249000.0
1179540,260000.0
1179542,199000.0
1179543,326000.0
1179546,215000.0
1179548,407000.0
1179552,166000.0
1179554,159000.0
1179555,339000.0
1179557,331000.0
1179944,621000.0
1179948,404000.0
1179949,507000.0
1179952,456000.0
1179953,725000.0
1179955,397000.0
1180044,562000.0
1180046,185000.0
1180047,185000.0
1180048,163000.0
1180049,336000.0
1180050,310000.0
1180051,412000.0
1180053,413000.0
1180054,232000.0
1180056,307000.0
1180060,395000.0
1180070,687000.0
1180073,526000.0
1180078,319000.0
1180080,705000.0
1180241,175000.0
1180242,379000.0
1180243,192000.0
1180251,224000.0
1180253,270000.0
1180254,255000.0
1180255,278000.0
1180257,284000.0
1180452,247000.0
1180461,161000.0
1180464,275000.0
1180465,140000.0
1180466,93000.0
1180467,85000.0
1180469,139000.0
1180471,110000.0
1180472,191000.0
1180474,306000.0
1180479,209000.0
1180481,240000.0
1180482,257000.0
1180484,160000.0
1180485,249000.0
1180487,430000.0
1180619,162000.0
1180622,234000.0
1180628,302000.0
1180629,208000.0
1180630,247000.0
1180701,292000.0
1180702,254000.0
1180704,203000.0
1180707,302000.0
1180708,226000.0
1180711,216000.0
1180712,451000.0
1180716,265000.0
1180717,239000.0
1180732,305000.0
1180733,202000.0
1180734,304000.0
1180735,257000.0
1180738,213000.0
1180739,147000.0
1180741,191000.0
1180743,137000.0
1180744,270000.0
1180748,154000.0
1180749,192000.0
1180770,140000.0
1180771,212000.0
1180774,159000.0
1180777,164000.0
1180938,107000.0
1180945,574000.0
1180951,145000.0
1180954,101000.0
1180967,878000.0
1180976,796000.0
1180977,932000.0
1181989,197000.0
1182023,199000.0
1182025,118000.0
1182026,477000.0
1182030,355000.0
1182033,748000.0
1182314,209000.0
1182315,320000.0
1182316,177000.0
1182317,273000.0
1182321,222000.0
1182322,210000.0
1182323,227000.0
1182628,267000.0
1182650,301000.0
1182652,323000.0
1182654,752000.0
1182655,636000.0
1182744,325000.0
1182745,291000.0
1182746,332000.0
1182748,179000.0
1182749,425000.0
1182754,492000.0
1182756,312000.0
1182757,222000.0
1183211,317000.0
1183213,305000.0
1183689,291000.0
1183690,322000.0
1183691,460000.0
1183692,559000.0
1184185,211000.0
1184271,145000.0
1184272,303000.0
1184678,244000.0
1184679,378000.0
1184680,377000.0
1184730,485000.0
1184731,654000.0
1184772,216000.0
1184775,314000.0
1184780,294000.0
1184783,367000.0
1184806,403000.0
1184809,355000.0
1184956,341000.0
1185123,350000.0
1185129,467000.0
1185141,621000.0
1185144,543000.0
1185145,559000.0
1185150,495000.0
1185316,400000.0
1185317,291000.0
1185326,172000.0
1185328,67000.0
1185330,157000.0
1185331,217000.0
1185722,95000.0
1185744,120000.0
1185746,247000.0
1185748,149000.0
1185818,94000.0
1185819,96000.0
1186256,308000.0
1186257,107000.0
1186258,118000.0
1186260,308000.0
1186261,311000.0
1186284,208000.0
1186288,495000.0
1186368,472000.0
1186370,302000.0
1186371,223000.0
1186373,408000.0
1186374,275000.0
1186376,292000.0
1186379,216000.0
1186380,169000.0
1186827,145000.0
1186830,422000.0
1186831,244000.0
1186832,200000.0
1186834,217000.0
1186835,175000.0
1186837,266000.0
1186840,258000.0
1187587,416000.0
1187625,184000.0
1187626,107000.0
1187628,395000.0
1187839,94000.0
1187840,174000.0
1187842,235000.0
1187843,221000.0
1187844,221000.0
1187851,318000.0
1187853,201000.0
1187854,265000.0
1188373,146000.0
1188428,680000.0
1188429,365000.0
1188430,343000.0
1188431,464000.0
1188439,407000.0
1188440,470000.0
1188442,467000.0
1188484,211000.0
1188485,194000.0
1188487,152000.0
1188488,152000.0
1188490,202000.0
1188493,182000.0
1188499,221000.0
1188519,258000.0
1188531,362000.0
1188535,171000.0
1188538,134000.0
1188539,203000.0
1188577,307000.0
1188578,669000.0
1188581,389000.0
1189583,179000.0
1189587,312000.0
1189590,387000.0
1189593,263000.0
1189594,310000.0
1189595,152000.0
1189596,328000.0
1189599,249000.0
1189600,251000.0
1189603,258000.0
1189605,313000.0
1189606,316000.0
1189610,298000.0
1189611,477000.0
1191966,187000.0
1191971,207000.0
1191972,255000.0
1192091,608000.0
1192096,707000.0
1192970,339000.0
1192973,536000.0
1193162,109000.0
1193163,989000.0
1193168,374000.0
1193169,240000.0
1193170,180000.0
1193171,208000.0
1193543,1081000.0
1193676,420000.0
1193751,1109000.0
1193761,973000.0
1193775,1099000.0
1193777,810000.0
1193779,622000.0
1193782,600000.0
1193783,375000.0
1193836,205000.0
1193848,422000.0
1193849,316000.0
1193850,225000.0
1193855,337000.0
1193857,251000.0
1193859,244000.0
1193861,196000.0
1193862,239000.0
1193863,275000.0
1193864,228000.0
1193866,182000.0
1193915,150000.0
1193925,547000.0
1193927,400000.0
1193952,210000.0
1193953,279000.0
1193954,190000.0
1193955,273000.0
1193956,184000.0
1193957,229000.0
1194415,136000.0
1194922,900000.0
1194977,121000.0
1195222,408000.0
1195223,407000.0
1195224,414000.0
1195225,700000.0
1195425,449000.0
1195426,278000.0
1195432,471000.0
1195891,243000.0
1195892,166000.0
1195893,184000.0
1195900,81000.0
1195901,348000.0
1195903,154000.0
1196019,211000.0
1196842,207000.0
1196844,349000.0
1196847,301000.0
1196872,170000.0
1196892,446000.0
1196893,212000.0
1196894,256000.0
1196895,494000.0
1196904,353000.0
1196912,263000.0
1196913,332000.0
1196993,282000.0
1196994,310000.0
1196998,200000.0
1196999,285000.0
1197000,255000.0
1197002,219000.0
1197106,211000.0
1197107,288000.0
1197108,334000.0
1197166,417000.0
1197209,666000.0
1197214,320000.0
1197215,190000.0
1197216,266000.0
1197253,545000.0
1197256,269000.0
1197309,378000.0
1197311,663000.0
1197315,355000.0
1197316,252000.0
1197321,343000.0
1197322,249000.0
1197323,267000.0
1197324,174000.0
1197325,170000.0
1197326,175000.0
1197328,164000.0
1197329,511000.0
1197331,181000.0
1197345,284000.0
1197351,536000.0
1197462,180000.0
1197463,354000.0
1197465,147000.0
1197467,191000.0
1197469,132000.0
1197470,132000.0
1197502,339000.0
1197549,836000.0
1197570,386000.0
1197627,234000.0
1197672,293000.0
1197859,296000.0
1197860,296000.0
1197977,409000.0
1197978,150000.0
1198019,402000.0
1198021,499000.0
1198337,604000.0
1198358,654000.0
1198364,599000.0
1198365,342000.0
1198366,668000.0
1198367,413000.0
1198368,422000.0
1198369,220000.0
1198373,508000.0
1198446,322000.0
1198450,277000.0
1198451,318000.0
1198452,318000.0
1198453,220000.0
1198457,238000.0
1198621,324000.0
1198645,185000.0
1198649,465000.0
1198650,485000.0
1198664,257000.0
1198665,320000.0
1198669,265000.0
1198670,120000.0
1198671,140000.0
1198760,188000.0
1198766,389000.0
1198768,290000.0
1198771,335000.0
1198773,607000.0
715273,464000.0
717643,368000.0
720473,470000.0
722274,275000.0
722610,293000.0
722632,367000.0
724293,988000.0
724296,322000.0
724367,988000.0
724383,301000.0
724402,1112000.0
724436,819000.0
724693,918000.0
725035,408000.0
726164,594000.0
728018,204000.0
728963,422000.0
730396,425000.0
730570,656000.0
732096,525000.0
732455,1360000.0
733749,512000.0
739805,707000.0
762985,307000.0
765024,508000.0
766318,231000.0
767291,270000.0
768075,844000.0
768187,835000.0
768450,313000.0
768818,698000.0
775095,724000.0
777984,406000.0
780334,485000.0
782037,1665000.0
783338,368000.0
788907,310000.0
791183,446000.0
791186,370000.0
800871,390000.0
805218,458000.0
808371,535000.0
810903,753000.0
813910,665000.0
814295,155000.0
816599,1535000.0
817980,323000.0
818854,790000.0
821034,427000.0
822425,148000.0
823206,753000.0
823722,727000.0
824962,175000.0
827620,1511000.0
829106,708000.0
829983,1494000.0
835034,240000.0
835905,529000.0
836853,537000.0
836965,1385000.0
837221,777000.0
837226,400000.0
837310,777000.0
837312,777000.0
837322,777000.0
837364,777000.0
837447,777000.0
837450,777000.0
837480,777000.0
837481,777000.0
837534,777000.0
837603,777000.0
837604,777000.0
837695,777000.0
837700,777000.0
838738,777000.0
838739,777000.0
838747,777000.0
839708,208000.0
839728,777000.0
839729,777000.0
839750,777000.0
839751,777000.0
839752,777000.0
839753,777000.0
839754,777000.0
839789,208000.0
839793,208000.0
839796,208000.0
840813,1112000.0
843860,533000.0
844526,271000.0
844543,538000.0
844754,310000.0
846486,368000.0
847164,735000.0
848484,192000.0
936754,1007000.0
937863,441000.0
937904,511000.0
938417,232000.0
938423,253000.0
938603,474000.0
938622,1240000.0
939544,154000.0
940696,128000.0
942465,133000.0
942737,1164000.0
943019,454000.0
943421,164000.0
945655,446000.0
947947,281000.0
949288,273000.0
952129,194000.0
952131,491000.0
952904,667000.0
953479,603000.0
954602,162000.0
954929,266000.0
955982,164000.0
958924,681000.0
959475,98000.0
960089,151000.0
960166,584000.0
961081,413000.0
961152,359000.0
961156,140000.0
963917,332000.0
963924,700000.0
963928,136000.0
964509,221000.0
965003,449000.0
967216,1087000.0
967710,417000.0
967711,591000.0
967715,1339000.0
968678,970000.0
969661,260000.0
970940,123000.0
971513,95000.0
972147,241000.0
972176,434000.0
972866,638000.0
974942,617000.0
974954,481000.0
976609,848000.0
978142,369000.0
978273,227000.0
978277,587000.0
978278,971000.0
978281,1309000.0
978860,228000.0
979110,262000.0
979112,259000.0
979516,218000.0
980337,826000.0
980476,269000.0
982006,1023000.0
983877,301000.0
983878,404000.0
983879,404000.0
985387,718000.0
985462,918000.0
985808,308000.0
986398,488000.0
987620,193000.0
988304,777000.0
988676,1395000.0
989018,678000.0
995698,778000.0
995822,1210000.0
1002393,1654000.0
1003195,157000.0
1003292,575000.0
1003326,475000.0
1003655,546000.0
1003662,555000.0
1003847,486000.0
1006131,456000.0
1008419,789000.0
1008432,536000.0
1008509,1048000.0
1008929,136000.0
1009457,387000.0
1010167,104000.0
1010251,263000.0
1010311,281000.0
1011035,1217000.0
1011899,281000.0
1013203,574000.0
1013464,446000.0
1013942,1320000.0
1014952,319000.0
1015519,704000.0
1018488,519000.0
1018565,210000.0
1018830,1208000.0
1019163,1234000.0
1019257,289000.0
1019258,376000.0
1022427,1713000.0
1023024,280000.0
1024198,1225000.0
1024386,200000.0
1024633,194000.0
1065813,653000.0
1066642,866000.0
1066903,215000.0
1068872,798000.0
1071707,651000.0
1072579,423000.0
1072606,421000.0
1073519,794000.0
1073733,392000.0
1074535,254000.0
1075895,594000.0
1076216,276000.0
1076517,190000.0
1076917,168000.0
1077573,569000.0
1078672,393000.0
1080081,226000.0
1080084,231000.0
1080177,266000.0
1080179,975000.0
1080180,473000.0
1080182,468000.0
1080646,127000.0
1081890,223000.0
1082838,276000.0
1082935,138000.0
1083177,127000.0
1083187,185000.0
1093683,553000.0
1094194,546000.0
1097426,282000.0
1098571,524000.0
1102741,472000.0
1102778,356000.0
1224860,1219000.0
1224861,438000.0
1224864,356000.0
1224865,221000.0
1224868,414000.0
1224877,975000.0
1229111,687000.0
1229116,729000.0
1229118,1619000.0
1235951,1419000.0
1235954,1216000.0
1236545,952000.0
1236554,129000.0
1236560,139000.0
1239168,373000.0
1239172,671000.0
1239175,1171000.0
1239178,1175000.0
1239179,585000.0
1239182,960000.0
1239184,1229000.0
1241221,239000.0
1241227,237000.0
1241228,133000.0
96029,123000.0
96056,406000.0
96065,526000.0
96072,100000.0
96079,218000.0
96099,216000.0
96100,216000.0
96136,72000.0
96137,72000.0
96138,72000.0
96140,133000.0
96142,213000.0
96143,102000.0
96193,158000.0
96202,219000.0
96206,366000.0
96207,223000.0
96224,126000.0
96225,126000.0
96227,131000.0
96302,906000.0
96318,350000.0
96339,122000.0
96369,249000.0
96417,130000.0
96432,76000.0
96464,77000.0
96467,190000.0
96471,193000.0
96476,152000.0
96477,289000.0
96481,95000.0
96486,104000.0
96487,135000.0
96515,367000.0
96547,177000.0
96571,352000.0
96574,111000.0
96593,269000.0
96606,150000.0
96648,122000.0
96654,117000.0
96656,406000.0
96661,802000.0
96662,408000.0
96664,113000.0
96668,406000.0
96669,408000.0
96672,406000.0
96678,349000.0
96679,393000.0
96683,585000.0
96713,646000.0
96715,111000.0
96735,86000.0
96742,121000.0
96750,108000.0
96751,103000.0
96758,103000.0
96760,135000.0
96762,102000.0
96765,77000.0
96771,103000.0
96772,77000.0
96782,102000.0
96790,136000.0
96791,334000.0
96816,173000.0
96819,312000.0
96821,98000.0
96838,212000.0
96862,383000.0
96863,431000.0
96869,112000.0
96875,460000.0
96876,907000.0
96896,196000.0
96897,379000.0
96937,253000.0
96946,116000.0
96952,148000.0
96957,153000.0
96986,203000.0
96988,339000.0
96990,685000.0
97005,850000.0
97065,1183000.0
97071,279000.0
97077,203000.0
97081,614000.0
97083,162000.0
97093,569000.0
97097,119000.0
97122,252000.0
97125,173000.0
97126,252000.0
97127,163000.0
97129,295000.0
97133,108000.0
97137,215000.0
97139,451000.0
97140,288000.0
97144,133000.0
97146,96000.0
97148,133000.0
97149,96000.0
97152,72000.0
97154,96000.0
97155,96000.0
97161,600000.0
97166,149000.0
97194,137000.0
97210,98000.0
97213,186000.0
97215,114000.0
97217,114000.0
97224,182000.0
97226,125000.0
97229,747000.0
97235,202000.0
97250,295000.0
97263,217000.0
97269,387000.0
97312,117000.0
97318,645000.0
97327,109000.0
97336,1095000.0
97447,251000.0
97449,103000.0
97467,194000.0
97482,136000.0
97495,191000.0
97527,506000.0
97531,163000.0
97533,97000.0
97545,163000.0
97550,832000.0
97555,750000.0
97562,122000.0
97564,119000.0
97565,119000.0
97566,165000.0
97573,85000.0
97575,120000.0
97578,331000.0
97579,337000.0
97580,331000.0
97582,217000.0
97583,338000.0
97584,208000.0
97585,249000.0
97586,249000.0
97589,185000.0
97590,128000.0
97677,130000.0
97680,194000.0
97681,162000.0
97686,194000.0
97687,149000.0
97690,186000.0
97692,181000.0
97696,162000.0
97698,186000.0
97699,181000.0
97701,396000.0
97704,116000.0
97707,117000.0
97729,127000.0
97807,202000.0
97808,177000.0
97858,99000.0
97859,207000.0
97861,180000.0
97879,223000.0
97881,202000.0
97885,117000.0
97888,202000.0
97897,201000.0
97907,230000.0
97911,833000.0
97914,126000.0
97927,157000.0
97943,149000.0
97949,111000.0
97967,125000.0
97988,146000.0
97989,117000.0
97990,135000.0
97991,117000.0
97993,135000.0
97996,102000.0
97997,103000.0
97998,146000.0
97999,108000.0
98001,127000.0
98014,431000.0
98016,325000.0
98036,303000.0
98054,403000.0
98063,107000.0
98082,700000.0
98083,262000.0
98085,353000.0
98086,218000.0
98087,935000.0
98090,124000.0
98095,450000.0
98103,155000.0
98108,298000.0
98119,276000.0
98149,267000.0
98164,1208000.0
98167,621000.0
98168,111000.0
98204,105000.0
98248,299000.0
98249,368000.0
98257,823000.0
98276,617000.0
98293,250000.0
98301,162000.0
98308,1188000.0
98357,441000.0
98358,152000.0
98366,158000.0
98394,257000.0
98400,114000.0
98403,987000.0
98412,268000.0
98413,709000.0
98433,487000.0
98450,173000.0
98451,181000.0
98452,125000.0
98455,181000.0
98462,212000.0
98475,213000.0
98499,238000.0
98525,1082000.0
98526,185000.0
98528,185000.0
98531,250000.0
98544,103000.0
98553,139000.0
98573,276000.0
98582,208000.0
98584,217000.0
98585,208000.0
98589,108000.0
98593,238000.0
98596,176000.0
98648,186000.0
98652,162000.0
98653,362000.0
98654,107000.0
98656,156000.0
98710,157000.0
98754,170000.0
98770,225000.0
98780,312000.0
98781,157000.0
98782,157000.0
98789,213000.0
98804,410000.0
98822,162000.0
98823,94000.0
98828,170000.0
98842,217000.0
98843,165000.0
98846,100000.0
98862,87000.0
98863,88000.0
98869,125000.0
98870,233000.0
98874,239000.0
98876,130000.0
98878,119000.0
98883,324000.0
98895,298000.0
98899,309000.0
98900,309000.0
98901,309000.0
98902,309000.0
98905,165000.0
98929,173000.0
98948,449000.0
98979,85000.0
99010,252000.0
99022,140000.0
99035,211000.0
99043,72000.0
99044,72000.0
99048,72000.0
99051,176000.0
99087,626000.0
99098,261000.0
99102,406000.0
99104,299000.0
99105,108000.0
99114,72000.0
99148,129000.0
99163,118000.0
99168,295000.0
99198,162000.0
99200,95000.0
99205,316000.0
99273,150000.0
99277,419000.0
99292,145000.0
99293,146000.0
99298,146000.0
99300,227000.0
99304,117000.0
99305,159000.0
99316,102000.0
99319,140000.0
99341,120000.0
99344,280000.0
99356,485000.0
99360,157000.0
99361,90000.0
99389,274000.0
99399,1110000.0
99400,201000.0
99401,120000.0
99421,246000.0
99429,185000.0
99433,282000.0
99436,650000.0
99439,371000.0
99442,164000.0
99450,117000.0
99451,456000.0
99460,280000.0
99475,127000.0
99480,346000.0
99483,232000.0
99529,133000.0
99532,109000.0
99542,105000.0
99575,181000.0
99583,202000.0
99597,158000.0
99601,124000.0
99603,123000.0
99624,249000.0
99625,182000.0
99651,73000.0
99655,251000.0
99673,85000.0
99694,596000.0
99697,195000.0
99698,310000.0
99714,279000.0
99716,134000.0
99717,134000.0
99718,134000.0
99719,134000.0
99728,163000.0
99736,151000.0
99739,83000.0
99751,243000.0
99759,173000.0
99760,190000.0
99761,399000.0
99765,144000.0
99769,61000.0
99812,730000.0
99817,112000.0
99855,260000.0
99868,179000.0
99869,116000.0
99874,157000.0
99895,85000.0
99897,374000.0
99980,203000.0
99982,177000.0
99984,294000.0
99985,238000.0
99990,59000.0
99991,167000.0
100086,117000.0
100110,496000.0
100115,186000.0
100118,125000.0
100119,236000.0
100122,167000.0
100125,147000.0
100126,166000.0
100127,122000.0
100129,185000.0
100130,125000.0
100134,166000.0
100136,125000.0
100156,446000.0
100157,333000.0
100169,512000.0
100171,288000.0
100179,76000.0
100187,73000.0
100192,60000.0
100193,60000.0
100219,285000.0
100243,61000.0
100244,61000.0
100289,128000.0
100297,128000.0
100310,351000.0
100312,683000.0
100327,144000.0
100378,59000.0
100422,60000.0
100447,65000.0
100513,338000.0
100520,80000.0
100532,79000.0
100534,92000.0
100537,92000.0
100550,76000.0
100557,88000.0
100564,100000.0
100571,656000.0
100575,161000.0
100595,388000.0
100596,239000.0
100620,324000.0
100621,231000.0
100648,252000.0
100652,119000.0
100661,148000.0
100677,436000.0
100678,345000.0
100681,418000.0
100708,121000.0
100709,115000.0
100723,602000.0
100730,292000.0
100733,119000.0
100735,119000.0
100736,122000.0
100744,317000.0
100755,425000.0
100774,100000.0
100800,76000.0
100805,131000.0
100812,878000.0
100813,890000.0
100819,88000.0
100821,374000.0
100866,59000.0
100906,288000.0
100942,77000.0
100950,74000.0
101142,123000.0
101185,175000.0
101191,448000.0
101193,95000.0
101283,85000.0
101287,107000.0
101300,164000.0
101308,93000.0
101316,72000.0
101318,167000.0
101326,64000.0
101402,242000.0
101456,90000.0
101469,55000.0
101478,259000.0
101486,136000.0
101499,307000.0
101501,160000.0
101506,676000.0
101512,96000.0
101514,86000.0
101515,87000.0
101527,76000.0
101552,58000.0
101571,71000.0
101583,71000.0
101600,100000.0
101601,100000.0
101603,100000.0
101614,81000.0
101619,240000.0
101642,160000.0
101673,69000.0
101680,130000.0
101694,171000.0
101702,127000.0
101707,295000.0
101720,136000.0
101755,180000.0
101770,117000.0
101780,58000.0
101785,140000.0
101817,186000.0
101913,73000.0
101915,77000.0
101919,120000.0
101976,68000.0
101987,91000.0
102114,48000.0
102116,147000.0
102197,177000.0
102198,171000.0
102217,233000.0
102252,196000.0
102299,100000.0
102330,81000.0
102350,118000.0
102352,118000.0
102353,118000.0
102404,75000.0
102405,75000.0
102415,107000.0
102420,118000.0
102442,71000.0
102475,619000.0
102479,255000.0
102511,194000.0
102568,96000.0
102580,61000.0
102593,62000.0
102598,119000.0
102607,98000.0
102637,224000.0
102792,82000.0
102794,82000.0
102837,131000.0
102890,153000.0
102905,109000.0
102910,64000.0
102922,60000.0
102985,143000.0
103028,82000.0
103115,119000.0
103132,118000.0
103138,142000.0
103179,131000.0
103199,58000.0
103244,144000.0
103246,144000.0
103276,272000.0
103283,102000.0
103313,136000.0
103362,91000.0
103392,199000.0
103395,76000.0
103428,174000.0
103436,91000.0
103463,56000.0
103493,328000.0
103495,289000.0
103498,288000.0
103504,136000.0
103524,299000.0
103527,443000.0
103530,305000.0
103532,653000.0
103534,237000.0
103540,200000.0
103547,254000.0
103555,173000.0
103556,209000.0
103557,128000.0
103567,563000.0
103568,312000.0
103571,286000.0
103577,128000.0
103578,84000.0
103579,139000.0
103595,123000.0
103601,133000.0
103603,85000.0
103604,236000.0
103608,118000.0
103614,165000.0
103620,155000.0
103625,160000.0
103627,174000.0
103678,69000.0
103679,209000.0
103685,341000.0
103716,188000.0
103720,129000.0
103778,105000.0
103780,501000.0
103785,101000.0
103787,188000.0
103815,90000.0
103816,166000.0
103821,221000.0
103836,90000.0
103845,221000.0
103851,175000.0
103858,102000.0
103859,103000.0
103862,166000.0
103866,193000.0
103873,151000.0
103876,324000.0
103879,93000.0
103885,193000.0
103889,193000.0
103898,93000.0
103899,130000.0
103909,98000.0
103911,80000.0
103920,113000.0
103927,111000.0
103933,101000.0
103946,193000.0
103949,136000.0
103950,400000.0
103965,100000.0
103997,82000.0
104017,104000.0
104028,89000.0
104068,574000.0
104077,149000.0
104098,89000.0
104099,338000.0
104103,185000.0
104135,320000.0
104141,861000.0
104148,89000.0
104149,226000.0
104151,343000.0
104154,254000.0
104161,475000.0
104163,211000.0
104165,305000.0
104195,485000.0
104205,358000.0
104218,301000.0
104238,292000.0
104245,342000.0
104248,170000.0
104252,218000.0
104265,288000.0
104266,145000.0
104273,241000.0
104274,105000.0
104286,281000.0
104290,387000.0
104293,281000.0
104299,173000.0
104309,137000.0
104326,256000.0
104345,444000.0
104359,132000.0
104368,207000.0
104379,578000.0
104381,1227000.0
104403,110000.0
104414,190000.0
104417,482000.0
104419,102000.0
104431,260000.0
104439,202000.0
104445,272000.0
104447,98000.0
104451,114000.0
104454,209000.0
104456,154000.0
104465,157000.0
104473,138000.0
104489,107000.0
104492,143000.0
104513,1021000.0
104517,269000.0
104519,67000.0
104523,105000.0
104524,107000.0
104526,69000.0
104533,104000.0
104538,187000.0
104539,186000.0
104545,167000.0
104561,188000.0
104598,289000.0
104599,289000.0
104611,110000.0
104613,101000.0
104623,89000.0
104627,335000.0
104628,267000.0
104629,339000.0
104630,337000.0
104640,414000.0
104641,348000.0
104642,286000.0
104665,148000.0
104804,313000.0
104847,481000.0
104861,155000.0
104862,169000.0
104863,160000.0
104896,90000.0
104899,123000.0
104901,163000.0
104906,131000.0
104922,236000.0
104924,212000.0
104925,334000.0
104930,97000.0
104935,91000.0
104936,102000.0
104964,126000.0
104965,96000.0
104970,113000.0
104973,113000.0
104975,70000.0
104979,155000.0
104995,150000.0
104996,116000.0
104998,99000.0
104999,99000.0
105000,99000.0
105024,101000.0
105029,186000.0
105037,163000.0
105038,640000.0
105039,340000.0
105049,273000.0
105057,129000.0
105061,64000.0
105065,72000.0
105076,78000.0
105091,95000.0
105116,157000.0
105136,125000.0
105143,278000.0
105151,486000.0
105160,186000.0
105162,246000.0
105170,155000.0
105172,149000.0
105179,478000.0
105184,288000.0
105185,733000.0
105197,200000.0
105202,1041000.0
105231,423000.0
105232,305000.0
105235,89000.0
105249,89000.0
105258,118000.0
105259,301000.0
105272,163000.0
105287,246000.0
105293,254000.0
105304,161000.0
105314,194000.0
105315,127000.0
105328,192000.0
105341,92000.0
105344,186000.0
105349,321000.0
105350,366000.0
105351,67000.0
105362,97000.0
105376,135000.0
105386,131000.0
105392,362000.0
105401,438000.0
105409,194000.0
105414,406000.0
105418,371000.0
105419,168000.0
105425,124000.0
105440,309000.0
105447,186000.0
105448,112000.0
105452,253000.0
105463,75000.0
105464,149000.0
105465,199000.0
105524,62000.0
105526,84000.0
105531,161000.0
105536,538000.0
105557,674000.0
105633,286000.0
105635,108000.0
105637,222000.0
105674,289000.0
105681,79000.0
105703,349000.0
105704,349000.0
105705,349000.0
105706,145000.0
105711,142000.0
105712,144000.0
105719,317000.0
105728,144000.0
105734,105000.0
105735,138000.0
105745,111000.0
105749,587000.0
105764,713000.0
105765,717000.0
105768,200000.0
105772,158000.0
105778,103000.0
105779,252000.0
105785,216000.0
105790,67000.0
105806,677000.0
105827,93000.0
105831,693000.0
105845,99000.0
105848,143000.0
105852,70000.0
105865,327000.0
105874,471000.0
105906,252000.0
105910,534000.0
105915,90000.0
105929,109000.0
105945,550000.0
105946,341000.0
105947,146000.0
105948,136000.0
105954,161000.0
105990,192000.0
106000,159000.0
106016,73000.0
106030,234000.0
106034,155000.0
106035,91000.0
106040,395000.0
106074,235000.0
106139,76000.0
106142,174000.0
106155,211000.0
106168,288000.0
106177,495000.0
106183,316000.0
106184,381000.0
106185,307000.0
106201,463000.0
106215,136000.0
106233,681000.0
106235,87000.0
106236,134000.0
106239,376000.0
106241,301000.0
106242,301000.0
106243,198000.0
106254,73000.0
106259,108000.0
106263,371000.0
106281,97000.0
106282,395000.0
106292,91000.0
106294,104000.0
106343,55000.0
106356,193000.0
106359,339000.0
106360,97000.0
106362,72000.0
106390,167000.0
106391,642000.0
106398,68000.0
106442,98000.0
106449,85000.0
106456,393000.0
106458,326000.0
106467,129000.0
106512,60000.0
106522,135000.0
106565,138000.0
106572,96000.0
106579,244000.0
106587,93000.0
106591,362000.0
106599,79000.0
106604,68000.0
106618,198000.0
106647,310000.0
106654,112000.0
106665,265000.0
106668,330000.0
106678,399000.0
106685,432000.0
106707,291000.0
106727,235000.0
106760,587000.0
106776,339000.0
106780,77000.0
106781,117000.0
106783,116000.0
106784,145000.0
106790,97000.0
106792,119000.0
106819,132000.0
106835,122000.0
106845,73000.0
106849,73000.0
106857,183000.0
106858,77000.0
106860,78000.0
106862,88000.0
106871,454000.0
106881,320000.0
106896,156000.0
106900,165000.0
106902,85000.0
106907,123000.0
106918,239000.0
106925,94000.0
106927,127000.0
106929,117000.0
106934,96000.0
106948,143000.0
106949,176000.0
106951,153000.0
106954,137000.0
106965,142000.0
106975,80000.0
106990,186000.0
106992,126000.0
107003,107000.0
107004,405000.0
107015,154000.0
107016,180000.0
107035,183000.0
107058,206000.0
107062,99000.0
107071,172000.0
107086,110000.0
107093,66000.0
107100,122000.0
107122,116000.0
107268,114000.0
107275,110000.0
107357,182000.0
107361,71000.0
107393,136000.0
107395,259000.0
107412,122000.0
107416,90000.0
107428,101000.0
107452,122000.0
107454,123000.0
107464,90000.0
107467,90000.0
107469,71000.0
107470,71000.0
107472,187000.0
107473,187000.0
107487,123000.0
107489,93000.0
107495,111000.0
107497,80000.0
107501,52000.0
107506,162000.0
107510,162000.0
107520,193000.0
107551,105000.0
107556,66000.0
107572,101000.0
107584,131000.0
107594,92000.0
107595,974000.0
107601,78000.0
107614,81000.0
107616,132000.0
107617,168000.0
107619,135000.0
107621,122000.0
107650,330000.0
107656,117000.0
107678,186000.0
107680,497000.0
107684,238000.0
107687,207000.0
107690,94000.0
107692,93000.0
107693,147000.0
107694,148000.0
107695,91000.0
107702,172000.0
107712,238000.0
107718,165000.0
107722,80000.0
107757,198000.0
107762,117000.0
107769,131000.0
107770,131000.0
107771,532000.0
107776,154000.0
107778,89000.0
107788,300000.0
107792,193000.0
107812,103000.0
107831,61000.0
107832,71000.0
107863,778000.0
107871,174000.0
107873,189000.0
107874,189000.0
107875,174000.0
107906,122000.0
107915,85000.0
107916,85000.0
107917,85000.0
107918,85000.0
107919,82000.0
107920,82000.0
107998,240000.0
108021,170000.0
108137,104000.0
108190,250000.0
108231,156000.0
108235,71000.0
108237,71000.0
108246,108000.0
108272,130000.0
108277,104000.0
108281,80000.0
108283,149000.0
108285,54000.0
108340,78000.0
108343,145000.0
108401,373000.0
108406,154000.0
108408,245000.0
108410,178000.0
108429,161000.0
108444,92000.0
108447,90000.0
108465,309000.0
108468,151000.0
108479,267000.0
108496,172000.0
108505,761000.0
108512,236000.0
108518,191000.0
108519,295000.0
108524,132000.0
108527,95000.0
108528,79000.0
108545,157000.0
108548,114000.0
108551,130000.0
108557,136000.0
108558,156000.0
108574,187000.0
108580,486000.0
108581,85000.0
108589,151000.0
108654,176000.0
108658,56000.0
108757,207000.0
108771,111000.0
108778,159000.0
108802,175000.0
108814,128000.0
108816,80000.0
108817,79000.0
108832,320000.0
108855,112000.0
108867,208000.0
108886,130000.0
108900,193000.0
108916,85000.0
108948,199000.0
108960,295000.0
108962,180000.0
108983,239000.0
108984,100000.0
108992,196000.0
108993,59000.0
109002,62000.0
109051,515000.0
109135,81000.0
109157,178000.0
109160,227000.0
109175,199000.0
109189,125000.0
109236,234000.0
109250,156000.0
109251,156000.0
109254,200000.0
109323,122000.0
109368,167000.0
109384,90000.0
109388,144000.0
109389,94000.0
109414,83000.0
109434,201000.0
109448,258000.0
109454,726000.0
109455,136000.0
109456,166000.0
109478,129000.0
109488,128000.0
109499,184000.0
109504,84000.0
109509,77000.0
109523,86000.0
109524,86000.0
109525,87000.0
109526,87000.0
109534,119000.0
109546,117000.0
109566,122000.0
109570,187000.0
109577,56000.0
109586,63000.0
109589,74000.0
109597,70000.0
109608,112000.0
109624,87000.0
109633,300000.0
109634,82000.0
109650,157000.0
109651,157000.0
109653,151000.0
109654,1099000.0
109656,114000.0
109658,96000.0
109659,325000.0
109661,344000.0
109667,282000.0
109672,71000.0
109673,215000.0
109674,282000.0
109675,282000.0
109690,282000.0
109698,87000.0
109703,160000.0
109710,129000.0
109711,104000.0
109724,123000.0
109729,126000.0
109736,110000.0
109777,177000.0
109778,104000.0
109779,244000.0
109780,113000.0
109781,105000.0
109794,129000.0
109860,121000.0
109861,83000.0
109867,251000.0
109868,256000.0
109876,113000.0
109891,191000.0
109896,145000.0
109903,127000.0
109905,240000.0
109915,192000.0
109925,98000.0
109959,260000.0
109962,113000.0
109985,128000.0
109986,143000.0
110001,144000.0
110013,189000.0
110024,98000.0
110041,101000.0
110055,203000.0
110056,203000.0
110060,721000.0
110065,165000.0
110079,147000.0
110092,124000.0
110099,160000.0
110108,190000.0
110121,739000.0
110130,136000.0
110132,280000.0
110135,191000.0
110136,346000.0
110137,191000.0
110138,301000.0
110139,122000.0
110148,142000.0
110150,93000.0
110158,170000.0
110160,213000.0
110161,219000.0
110180,138000.0
110223,325000.0
110226,104000.0
110236,270000.0
110248,282000.0
110295,133000.0
110319,146000.0
110327,90000.0
110330,111000.0
110335,302000.0
110345,178000.0
110348,236000.0
110349,236000.0
110351,92000.0
110355,176000.0
110365,183000.0
110380,150000.0
110387,158000.0
110392,151000.0
110393,158000.0
110403,149000.0
110452,264000.0
110462,122000.0
110538,145000.0
110626,246000.0
110628,152000.0
110631,148000.0
110642,204000.0
110672,137000.0
110695,115000.0
110698,76000.0
110716,113000.0
110725,100000.0
110733,194000.0
110742,174000.0
110743,197000.0
110747,145000.0
110758,185000.0
110769,228000.0
110780,242000.0
110790,93000.0
110791,93000.0
110792,336000.0
110795,92000.0
110796,97000.0
110797,73000.0
110798,84000.0
110803,137000.0
110807,140000.0
110817,91000.0
110824,88000.0
110854,782000.0
110872,385000.0
110875,140000.0
110883,139000.0
110902,143000.0
110903,140000.0
110912,98000.0
110914,265000.0
110923,101000.0
110934,681000.0
110938,97000.0
110939,90000.0
110945,129000.0
110948,181000.0
110949,166000.0
110964,130000.0
110980,99000.0
110983,70000.0
110992,256000.0
110993,717000.0
110999,280000.0
111000,263000.0
111001,263000.0
111003,263000.0
111005,346000.0
111008,280000.0
111009,122000.0
111014,119000.0
111018,93000.0
111023,103000.0
111031,139000.0
111035,105000.0
111054,87000.0
111059,198000.0
111079,122000.0
111113,643000.0
111114,675000.0
111117,218000.0
111118,218000.0
111119,218000.0
111120,282000.0
111122,282000.0
111123,215000.0
111124,282000.0
111125,282000.0
111127,215000.0
111129,213000.0
111143,218000.0
111147,282000.0
111148,282000.0
111166,187000.0
111167,115000.0
111168,122000.0
111191,120000.0
111196,107000.0
111197,82000.0
111199,95000.0
111208,759000.0
111216,124000.0
111252,209000.0
111255,95000.0
111319,149000.0
111384,225000.0
111386,208000.0
111388,225000.0
111389,233000.0
111394,189000.0
111395,236000.0
111435,159000.0
111446,75000.0
111457,115000.0
111459,100000.0
111463,80000.0
111477,391000.0
111496,87000.0
111506,99000.0
111507,144000.0
111510,92000.0
111512,138000.0
111523,150000.0
111530,147000.0
111531,151000.0
111534,365000.0
111538,89000.0
111554,369000.0
111573,181000.0
111590,385000.0
111598,138000.0
111608,752000.0
111611,140000.0
111621,202000.0
111628,201000.0
111629,105000.0
111633,195000.0
111636,196000.0
111637,122000.0
111658,106000.0
111665,160000.0
111697,252000.0
111703,138000.0
111774,117000.0
111775,122000.0
111820,153000.0
111839,81000.0
111846,154000.0
111850,220000.0
111856,236000.0
111860,116000.0
111865,61000.0
111883,106000.0
111884,200000.0
111885,106000.0
111894,93000.0
111915,315000.0
111924,678000.0
111939,186000.0
111954,100000.0
111965,134000.0
111970,193000.0
111976,115000.0
111987,161000.0
111988,124000.0
112051,199000.0
112063,113000.0
112068,391000.0
112075,202000.0
112157,276000.0
112162,100000.0
112163,99000.0
112227,89000.0
112230,216000.0
112247,496000.0
112271,150000.0
112297,76000.0
112315,90000.0
112335,220000.0
112353,361000.0
112355,697000.0
112367,125000.0
112375,180000.0
112378,180000.0
112388,178000.0
112412,288000.0
112424,160000.0
112431,130000.0
112465,367000.0
112466,335000.0
112474,139000.0
112486,116000.0
112510,131000.0
112511,116000.0
112512,155000.0
112657,94000.0
112663,112000.0
112673,137000.0
112680,145000.0
112681,160000.0
112694,229000.0
112696,134000.0
112713,138000.0
112716,216000.0
112718,216000.0
112720,196000.0
112726,113000.0
112744,268000.0
112748,168000.0
112755,211000.0
112757,365000.0
112780,139000.0
112793,232000.0
112796,109000.0
112816,126000.0
112822,148000.0
112823,156000.0
112825,156000.0
112828,220000.0
112851,565000.0
112872,142000.0
112874,139000.0
112921,124000.0
112925,172000.0
112926,291000.0
112928,172000.0
112929,172000.0
112930,172000.0
112933,151000.0
112938,117000.0
112960,291000.0
112963,291000.0
112970,178000.0
112974,211000.0
112986,227000.0
112987,227000.0
113022,205000.0
113037,117000.0
113109,205000.0
113113,146000.0
113114,146000.0
113163,217000.0
113169,107000.0
113181,250000.0
113206,244000.0
113207,136000.0
113230,205000.0
113231,558000.0
113246,235000.0
113248,235000.0
113313,160000.0
113314,312000.0
113315,308000.0
113320,147000.0
113322,180000.0
113323,262000.0
113326,180000.0
113329,155000.0
113465,111000.0
113468,293000.0
113478,135000.0
113488,414000.0
113491,394000.0
113503,230000.0
113552,155000.0
113568,118000.0
113608,269000.0
113613,167000.0
113616,155000.0
113617,155000.0
113630,139000.0
113644,138000.0
113645,123000.0
113657,140000.0
113662,118000.0
113668,241000.0
113703,261000.0
113704,170000.0
113706,122000.0
113711,248000.0
113750,126000.0
113752,161000.0
113762,125000.0
113804,156000.0
113809,422000.0
113813,179000.0
113831,156000.0
113871,215000.0
113884,178000.0
113888,141000.0
113890,321000.0
113909,214000.0
113922,139000.0
113950,146000.0
113957,200000.0
113995,148000.0
114001,202000.0
114002,293000.0
114007,100000.0
114030,123000.0
114031,180000.0
114139,241000.0
114172,193000.0
114187,414000.0
114200,71000.0
114204,144000.0
114217,216000.0
114242,138000.0
114253,248000.0
114266,104000.0
114276,153000.0
114334,267000.0
114335,260000.0
114336,267000.0
114337,256000.0
114377,232000.0
114379,128000.0
114396,156000.0
114401,234000.0
114405,103000.0
114407,119000.0
114431,172000.0
114432,172000.0
114440,369000.0
114449,157000.0
114454,291000.0
114458,149000.0
114461,142000.0
114468,565000.0
114560,173000.0
114619,152000.0
114634,224000.0
114649,93000.0
114650,218000.0
114658,246000.0
114661,988000.0
114676,197000.0
114684,200000.0
114688,227000.0
114690,72000.0
114698,509000.0
114702,146000.0
114711,279000.0
114717,140000.0
114721,291000.0
114728,137000.0
114732,70000.0
114736,405000.0
114748,164000.0
114764,205000.0
114780,268000.0
114781,284000.0
114790,246000.0
114804,140000.0
114809,475000.0
114812,85000.0
114816,220000.0
114839,246000.0
114847,142000.0
114884,264000.0
114886,151000.0
114887,135000.0
114893,102000.0
114904,220000.0
114941,99000.0
114950,248000.0
114969,110000.0
114993,301000.0
114997,92000.0
115004,554000.0
115020,95000.0
115025,474000.0
115027,393000.0
115078,196000.0
115080,196000.0
115081,196000.0
115082,196000.0
115085,196000.0
115086,196000.0
115087,196000.0
115088,196000.0
115093,105000.0
115098,321000.0
115099,222000.0
115100,334000.0
115178,86000.0
115179,87000.0
115181,67000.0
115243,110000.0
115261,59000.0
115279,155000.0
115316,97000.0
115318,91000.0
115360,109000.0
115394,55000.0
115403,138000.0
115408,176000.0
115412,65000.0
115417,102000.0
115418,113000.0
115422,102000.0
115479,421000.0
115480,554000.0
115481,421000.0
115482,421000.0
115483,421000.0
115485,610000.0
115488,421000.0
115505,141000.0
115506,192000.0
115507,91000.0
115508,168000.0
115509,192000.0
115510,91000.0
115511,91000.0
115512,91000.0
115514,91000.0
115515,135000.0
115516,135000.0
115517,135000.0
115528,215000.0
115536,141000.0
115537,166000.0
115538,168000.0
115539,166000.0
115541,135000.0
115542,189000.0
115543,99000.0
115544,141000.0
115545,190000.0
115548,89000.0
115551,83000.0
115552,86000.0
115553,63000.0
115554,75000.0
115555,52000.0
115559,520000.0
115597,229000.0
115598,335000.0
115642,67000.0
115652,218000.0
115780,251000.0
115818,93000.0
115896,145000.0
115898,145000.0
115900,145000.0
115902,145000.0
115910,134000.0
115927,50000.0
115980,340000.0
115983,64000.0
116008,86000.0
116056,224000.0
116064,85000.0
116065,85000.0
116066,102000.0
116067,91000.0
116068,85000.0
116069,85000.0
116071,100000.0
116072,100000.0
116094,212000.0
116099,77000.0
116105,102000.0
116152,421000.0
116154,421000.0
116173,102000.0
116174,192000.0
116175,141000.0
116176,192000.0
116178,102000.0
116179,91000.0
116189,135000.0
116190,135000.0
116196,192000.0
116197,190000.0
116198,151000.0
116199,206000.0
116205,547000.0
116269,145000.0
116350,252000.0
116434,106000.0
116435,50000.0
116446,73000.0
116471,120000.0
116501,85000.0
116506,102000.0
116507,85000.0
116508,97000.0
116509,102000.0
116547,81000.0
116562,227000.0
116581,320000.0
116634,73000.0
116635,73000.0
116661,84000.0
116675,167000.0
116690,149000.0
116706,50000.0
116787,55000.0
116890,51000.0
116909,53000.0
116920,145000.0
116926,130000.0
116932,121000.0
116934,110000.0
116937,170000.0
116940,117000.0
116941,170000.0
116942,117000.0
116944,170000.0
116945,194000.0
116947,90000.0
116948,90000.0
116950,102000.0
116957,178000.0
116958,172000.0
116959,178000.0
116960,159000.0
116981,200000.0
116988,153000.0
116992,124000.0
117046,133000.0
117055,121000.0
117076,90000.0
117077,90000.0
117078,90000.0
117093,130000.0
117127,121000.0
117128,121000.0
117137,122000.0
117140,146000.0
117145,180000.0
117174,106000.0
117188,102000.0
117201,136000.0
117212,157000.0
117216,197000.0
117220,121000.0
117222,121000.0
117224,121000.0
117225,121000.0
117226,121000.0
117227,128000.0
117232,121000.0
117236,109000.0
117238,138000.0
117239,75000.0
117245,317000.0
117246,149000.0
117247,148000.0
117253,148000.0
117263,90000.0
117265,187000.0
117272,90000.0
117275,78000.0
117278,233000.0
117288,148000.0
117290,174000.0
117313,132000.0
117317,196000.0
117318,302000.0
117325,103000.0
117326,103000.0
117328,281000.0
117331,182000.0
117333,111000.0
117335,111000.0
117345,274000.0
117346,274000.0
117349,142000.0
117359,122000.0
117365,121000.0
117374,137000.0
117416,88000.0
117511,103000.0
117513,120000.0
117514,102000.0
117589,119000.0
117619,121000.0
117632,123000.0
117680,141000.0
117682,139000.0
117688,94000.0
117714,142000.0
117716,139000.0
117718,140000.0
117719,139000.0
117746,143000.0
117750,80000.0
117752,113000.0
117759,84000.0
117772,164000.0
117777,150000.0
117785,130000.0
117788,144000.0
117796,91000.0
117797,74000.0
117803,86000.0
117808,120000.0
117810,123000.0
117821,287000.0
117846,193000.0
117847,145000.0
117848,187000.0
117849,145000.0
117850,145000.0
117851,145000.0
117853,53000.0
117875,98000.0
117888,140000.0
117900,102000.0
117903,283000.0
117906,143000.0
117917,90000.0
117918,170000.0
117919,170000.0
117925,182000.0
117927,119000.0
117931,115000.0
117935,261000.0
117945,173000.0
117953,106000.0
117956,115000.0
117964,103000.0
117965,103000.0
117966,103000.0
117967,103000.0
117968,103000.0
117969,103000.0
117970,103000.0
117974,103000.0
117984,157000.0
117999,467000.0
118001,144000.0
118006,74000.0
118010,496000.0
118020,121000.0
118023,145000.0
118027,119000.0
118030,69000.0
118048,86000.0
118049,84000.0
118056,100000.0
118060,157000.0
118061,121000.0
118062,66000.0
118067,111000.0
118091,121000.0
118094,121000.0
118095,128000.0
118096,121000.0
118097,121000.0
118098,121000.0
118099,128000.0
118100,121000.0
118101,121000.0
118104,109000.0
118109,167000.0
118116,92000.0
118118,121000.0
118125,167000.0
118126,148000.0
118130,145000.0
118132,176000.0
118133,205000.0
118141,212000.0
118148,90000.0
118149,90000.0
118151,128000.0
118157,141000.0
118163,100000.0
118165,199000.0
118168,180000.0
118169,197000.0
118170,172000.0
118178,128000.0
118180,141000.0
118182,118000.0
118186,72000.0
118192,246000.0
118196,128000.0
118198,133000.0
118209,120000.0
118218,95000.0
118229,102000.0
118230,104000.0
118244,150000.0
118250,124000.0
118255,175000.0
118316,79000.0
118319,85000.0
118320,65000.0
118323,414000.0
118437,80000.0
118449,216000.0
118461,82000.0
118491,89000.0
118511,80000.0
118533,123000.0
118555,102000.0
118562,121000.0
118575,163000.0
118578,90000.0
118589,103000.0
118590,140000.0
118612,103000.0
118617,128000.0
118627,498000.0
118637,107000.0
118646,156000.0
118647,133000.0
118650,302000.0
118659,101000.0
118668,167000.0
118669,98000.0
118701,134000.0
118704,174000.0
118826,89000.0
118866,111000.0
118867,96000.0
118869,95000.0
118870,74000.0
118871,74000.0
118872,74000.0
118881,77000.0
118893,169000.0
118894,142000.0
118897,169000.0
118899,143000.0
118908,101000.0
118923,185000.0
118944,127000.0
118965,180000.0
118987,136000.0
119087,80000.0
119092,137000.0
119098,159000.0
119099,276000.0
119143,209000.0
119180,223000.0
119190,209000.0
119207,190000.0
119217,197000.0
119236,120000.0
119246,144000.0
119247,140000.0
119248,130000.0
119251,128000.0
119252,129000.0
119255,236000.0
119259,221000.0
119262,184000.0
119264,391000.0
119275,140000.0
119284,468000.0
119285,468000.0
119291,149000.0
119294,91000.0
119305,144000.0
119306,257000.0
119311,125000.0
119326,221000.0
119328,447000.0
119334,101000.0
119338,87000.0
119341,443000.0
119343,107000.0
119345,85000.0
119346,85000.0
119348,117000.0
119351,125000.0
119374,264000.0
119389,229000.0
119397,374000.0
119398,491000.0
119401,272000.0
119402,146000.0
119403,272000.0
119406,160000.0
119446,146000.0
119505,349000.0
119514,197000.0
119515,308000.0
119516,119000.0
119529,186000.0
119549,447000.0
119561,124000.0
119562,383000.0
119567,170000.0
119572,243000.0
119573,90000.0
119574,91000.0
119575,114000.0
119590,91000.0
119591,120000.0
119605,145000.0
119606,145000.0
119608,399000.0
119609,195000.0
119611,399000.0
119613,855000.0
119621,99000.0
119637,244000.0
119641,136000.0
119647,142000.0
119648,141000.0
119649,228000.0
119650,141000.0
119656,227000.0
119657,253000.0
119658,468000.0
119673,300000.0
119676,96000.0
119680,112000.0
119683,89000.0
119685,146000.0
119703,105000.0
119709,391000.0
119712,122000.0
119724,138000.0
119731,197000.0
119733,197000.0
119735,197000.0
119748,257000.0
119750,203000.0
119754,222000.0
119759,100000.0
119765,299000.0
119768,108000.0
119770,125000.0
119771,130000.0
119792,102000.0
119794,102000.0
119796,102000.0
119798,434000.0
119804,102000.0
119809,101000.0
119811,266000.0
119813,252000.0
119821,220000.0
119824,191000.0
119825,188000.0
119826,188000.0
119830,191000.0
119831,188000.0
119832,312000.0
119833,96000.0
119834,76000.0
119835,92000.0
119842,125000.0
119847,145000.0
119848,126000.0
119857,185000.0
119871,80000.0
119872,80000.0
119873,83000.0
119876,110000.0
119884,252000.0
119931,160000.0
119932,148000.0
119933,231000.0
119934,160000.0
119937,228000.0
119938,141000.0
119939,123000.0
119944,156000.0
120014,71000.0
120072,97000.0
120077,160000.0
120105,198000.0
120107,150000.0
120111,128000.0
120124,132000.0
120132,81000.0
120133,302000.0
120141,133000.0
120165,102000.0
120166,102000.0
120169,143000.0
120176,187000.0
120177,197000.0
120180,396000.0
120181,395000.0
120193,121000.0
120194,244000.0
120196,155000.0
120205,144000.0
120206,338000.0
120207,127000.0
120208,123000.0
120218,142000.0
120223,470000.0
120231,120000.0
120261,483000.0
120262,250000.0
120263,160000.0
120269,81000.0
120273,160000.0
120279,175000.0
120295,106000.0
120298,122000.0
120302,257000.0
120304,216000.0
120305,241000.0
120306,211000.0
120311,219000.0
120312,219000.0
120314,124000.0
120320,129000.0
120326,195000.0
120327,152000.0
120337,115000.0
120338,115000.0
120339,115000.0
120348,188000.0
120349,188000.0
120350,193000.0
120363,77000.0
120365,110000.0
120371,130000.0
120372,124000.0
120378,138000.0
120381,139000.0
120383,83000.0
120385,69000.0
120414,268000.0
120415,255000.0
120417,89000.0
120419,151000.0
120421,83000.0
120499,101000.0
120500,79000.0
120501,200000.0
120515,152000.0
120516,129000.0
120545,267000.0
120548,65000.0
120561,198000.0
120562,133000.0
120564,113000.0
120569,78000.0
120590,459000.0
120591,372000.0
120592,228000.0
120593,84000.0
120596,362000.0
120597,94000.0
120608,133000.0
120609,120000.0
120614,266000.0
120615,137000.0
120616,135000.0
120629,931000.0
120642,245000.0
120643,87000.0
120646,257000.0
120672,448000.0
120675,182000.0
120676,75000.0
120678,82000.0
120687,437000.0
120688,443000.0
120689,437000.0
120691,484000.0
120692,484000.0
120702,70000.0
120715,225000.0
120720,219000.0
120735,119000.0
120743,189000.0
120744,79000.0
120745,79000.0
120749,226000.0
120756,93000.0
120769,88000.0
120803,93000.0
120810,78000.0
120822,91000.0
120832,192000.0
120833,192000.0
120844,144000.0
120851,81000.0
120886,94000.0
120887,94000.0
120895,210000.0
120903,128000.0
120905,163000.0
120906,163000.0
120910,86000.0
120916,227000.0
120918,437000.0
120920,437000.0
120922,484000.0
120924,484000.0
120925,484000.0
120926,484000.0
120960,92000.0
120970,70000.0
120976,156000.0
121014,133000.0
121019,320000.0
121021,114000.0
121025,163000.0
121030,572000.0
121038,154000.0
121041,137000.0
121042,153000.0
121043,281000.0
121045,153000.0
121046,154000.0
121047,281000.0
121048,225000.0
121049,337000.0
121050,153000.0
121051,153000.0
121061,272000.0
121062,100000.0
121064,100000.0
121068,525000.0
121070,525000.0
121085,100000.0
121097,125000.0
121150,107000.0
121158,136000.0
121159,340000.0
121169,125000.0
121172,89000.0
121187,270000.0
121189,182000.0
121192,781000.0
121193,757000.0
121195,118000.0
121204,113000.0
121208,249000.0
121210,181000.0
121219,253000.0
121224,178000.0
121235,247000.0
121236,246000.0
121238,153000.0
121239,246000.0
121240,225000.0
121241,153000.0
121242,246000.0
121243,154000.0
121244,114000.0
121246,132000.0
121249,140000.0
121251,228000.0
121256,146000.0
121257,147000.0
121258,146000.0
121264,249000.0
121265,180000.0
121270,132000.0
121274,137000.0
121280,197000.0
121282,99000.0
121283,123000.0
121286,123000.0
121295,130000.0
121296,126000.0
121299,122000.0
121300,139000.0
121301,237000.0
121307,110000.0
121308,92000.0
121311,130000.0
121315,199000.0
121320,106000.0
121321,180000.0
121323,141000.0
121324,141000.0
121331,177000.0
121333,141000.0
121335,141000.0
121337,270000.0
121338,103000.0
121339,270000.0
121343,138000.0
121346,197000.0
121347,236000.0
121348,237000.0
121350,236000.0
121351,300000.0
121352,239000.0
121364,525000.0
121365,525000.0
121373,263000.0
121375,158000.0
121376,118000.0
121377,233000.0
121385,200000.0
121397,108000.0
121400,144000.0
121402,100000.0
121408,100000.0
121444,109000.0
121452,92000.0
121455,185000.0
121538,272000.0
121544,109000.0
121597,142000.0
121647,110000.0
121688,204000.0
121697,128000.0
121707,272000.0
121708,272000.0
121710,185000.0
121716,262000.0
121723,372000.0
121739,115000.0
121742,218000.0
121746,240000.0
121751,111000.0
121756,120000.0
121757,99000.0
121765,115000.0
121766,115000.0
121767,109000.0
121771,103000.0
121777,147000.0
121781,265000.0
121787,90000.0
121788,123000.0
121793,323000.0
121802,154000.0
121807,169000.0
121822,153000.0
121824,268000.0
121825,149000.0
121826,89000.0
121829,340000.0
121843,97000.0
121847,118000.0
121848,117000.0
121849,132000.0
121850,115000.0
121854,166000.0
121857,118000.0
121868,118000.0
121878,130000.0
121884,315000.0
121892,97000.0
121899,197000.0
121900,129000.0
121901,89000.0
121909,82000.0
121923,116000.0
121927,112000.0
121930,108000.0
121932,123000.0
121935,103000.0
121941,115000.0
121944,169000.0
121948,174000.0
121954,298000.0
121964,91000.0
121966,202000.0
121970,245000.0
121984,267000.0
121993,121000.0
122033,91000.0
122036,200000.0
122044,130000.0
122165,231000.0
122166,148000.0
122167,197000.0
122168,146000.0
122169,146000.0
122195,128000.0
122197,159000.0
122214,119000.0
122219,254000.0
122225,112000.0
122241,210000.0
122249,121000.0
122262,168000.0
122277,142000.0
122282,123000.0
122294,157000.0
122299,214000.0
122302,157000.0
122311,176000.0
122313,165000.0
122315,306000.0
122318,130000.0
122321,128000.0
122322,106000.0
122323,221000.0
122330,810000.0
122331,798000.0
122332,664000.0
122333,664000.0
122337,127000.0
122340,122000.0
122347,86000.0
122350,203000.0
122351,95000.0
122362,199000.0
122370,148000.0
122371,148000.0
122373,116000.0
122377,99000.0
122382,135000.0
122398,187000.0
122404,111000.0
122405,262000.0
122410,110000.0
122411,183000.0
122412,125000.0
122434,129000.0
122442,227000.0
122454,248000.0
122458,248000.0
122459,247000.0
122467,194000.0
122472,260000.0
122474,240000.0
122475,135000.0
122500,124000.0
122559,115000.0
122560,210000.0
122561,162000.0
122586,90000.0
122599,203000.0
122602,74000.0
122614,83000.0
122616,132000.0
122622,170000.0
122637,118000.0
122644,109000.0
122647,220000.0
122665,121000.0
122667,137000.0
122669,166000.0
122687,244000.0
122695,166000.0
122699,302000.0
122701,194000.0
122703,135000.0
122744,498000.0
122752,153000.0
122762,346000.0
122768,175000.0
122783,206000.0
122784,121000.0
122787,184000.0
122788,172000.0
122792,89000.0
122881,248000.0
122882,85000.0
122900,91000.0
122901,82000.0
122902,90000.0
122903,84000.0
122904,85000.0
122909,138000.0
122927,107000.0
122928,107000.0
122929,107000.0
122932,138000.0
122934,229000.0
122935,133000.0
122947,110000.0
122969,74000.0
122987,290000.0
123070,263000.0
123079,292000.0
123083,295000.0
123092,82000.0
123093,70000.0
123094,72000.0
123095,72000.0
123129,71000.0
123153,239000.0
123165,505000.0
123176,137000.0
123196,82000.0
123248,113000.0
123310,107000.0
123311,110000.0
123312,110000.0
123323,206000.0
123325,206000.0
123326,205000.0
123327,211000.0
123328,206000.0
123331,178000.0
123335,110000.0
123338,152000.0
123400,78000.0
123480,107000.0
123558,74000.0
123572,133000.0
123576,74000.0
123579,179000.0
123580,179000.0
123588,102000.0
123592,102000.0
123595,188000.0
123605,98000.0
123612,250000.0
123620,82000.0
123623,90000.0
123624,91000.0
123657,139000.0
123658,139000.0
123686,69000.0
123734,182000.0
123749,446000.0
123759,192000.0
123760,84000.0
123767,107000.0
123768,107000.0
123808,289000.0
123815,128000.0
123825,170000.0
123835,333000.0
123868,110000.0
123869,110000.0
123870,110000.0
123874,211000.0
123877,110000.0
123892,107000.0
123898,83000.0
123900,81000.0
123903,92000.0
123905,99000.0
124032,358000.0
124034,74000.0
124036,83000.0
124038,188000.0
124039,188000.0
124044,179000.0
124059,101000.0
124070,85000.0
124071,86000.0
124072,71000.0
124073,72000.0
124074,74000.0
124094,139000.0
124096,132000.0
124109,137000.0
124118,104000.0
124125,104000.0
124138,254000.0
124178,71000.0
124187,133000.0
124197,254000.0
124213,204000.0
124214,110000.0
124228,122000.0
124263,118000.0
124339,238000.0
124357,110000.0
124364,107000.0
124380,510000.0
124392,250000.0
124494,89000.0
124500,104000.0
124536,123000.0
124537,71000.0
124540,501000.0
124548,94000.0
124597,457000.0
124642,501000.0
124646,244000.0
124648,243000.0
124662,110000.0
124688,94000.0
124693,236000.0
124707,122000.0
124714,182000.0
124716,188000.0
124731,129000.0
124737,359000.0
124747,765000.0
124759,642000.0
124777,365000.0
124787,300000.0
124796,196000.0
124799,149000.0
124813,306000.0
124819,98000.0
124894,233000.0
124915,130000.0
124962,102000.0
124978,138000.0
124993,164000.0
125005,154000.0
125014,115000.0
125016,130000.0
125020,905000.0
125023,300000.0
125027,182000.0
125044,183000.0
125045,160000.0
125046,1082000.0
125050,224000.0
125072,720000.0
125073,132000.0
125086,1073000.0
125100,246000.0
125117,443000.0
125118,470000.0
125120,238000.0
125125,176000.0
125130,198000.0
125134,802000.0
125136,171000.0
125141,106000.0
125188,211000.0
125200,146000.0
125203,160000.0
125204,92000.0
125275,300000.0
125291,194000.0
125317,137000.0
125332,118000.0
125345,192000.0
125351,248000.0
125357,170000.0
125359,131000.0
125375,164000.0
125380,143000.0
125404,102000.0
125406,123000.0
125422,248000.0
125431,125000.0
125433,132000.0
125434,224000.0
125435,306000.0
125444,97000.0
125466,214000.0
125506,166000.0
125546,161000.0
125554,264000.0
125568,178000.0
125569,387000.0
125573,156000.0
125579,109000.0
125581,210000.0
125583,149000.0
125587,122000.0
125596,329000.0
125618,238000.0
125621,175000.0
125632,240000.0
125639,149000.0
125642,513000.0
125645,306000.0
125694,142000.0
125695,143000.0
125696,103000.0
125714,190000.0
125716,120000.0
125727,193000.0
125734,321000.0
125736,138000.0
125739,151000.0
125744,136000.0
125756,152000.0
125764,238000.0
125766,245000.0
125776,148000.0
125777,148000.0
125783,123000.0
125784,123000.0
125791,146000.0
125822,262000.0
125824,173000.0
125828,162000.0
125829,178000.0
125841,192000.0
309591,247000.0
309611,296000.0
309613,179000.0
309658,86000.0
309661,264000.0
309667,212000.0
309669,145000.0
309678,410000.0
309692,150000.0
309700,269000.0
309707,176000.0
309714,146000.0
309731,449000.0
309734,132000.0
309735,149000.0
309770,279000.0
309817,75000.0
309819,119000.0
320845,116000.0
320872,211000.0
320929,173000.0
320931,173000.0
320932,72000.0
320937,72000.0
320938,72000.0
320940,115000.0
320948,122000.0
320950,280000.0
320954,173000.0
320969,223000.0
320974,160000.0
320998,136000.0
321002,107000.0
321004,107000.0
321023,92000.0
321055,153000.0
321067,135000.0
321080,95000.0
321083,192000.0
321122,198000.0
321127,135000.0
321128,117000.0
321229,115000.0
321231,122000.0
321249,298000.0
321250,278000.0
321258,176000.0
321259,260000.0
321260,72000.0
321262,122000.0
321270,176000.0
321272,85000.0
321278,341000.0
321286,193000.0
321288,122000.0
321289,105000.0
321307,148000.0
321311,153000.0
321316,153000.0
321317,107000.0
321318,107000.0
321319,107000.0
321321,107000.0
321322,130000.0
321323,107000.0
321324,107000.0
321340,211000.0
321346,194000.0
321352,104000.0
321392,137000.0
321393,158000.0
321399,188000.0
321407,181000.0
321428,233000.0
321429,80000.0
321431,79000.0
321455,172000.0
321463,119000.0
321480,1156000.0
321540,148000.0
321551,132000.0
321559,227000.0
321561,107000.0
321567,153000.0
321568,122000.0
321570,153000.0
321573,148000.0
321574,107000.0
321575,106000.0
321577,107000.0
321581,99000.0
321582,107000.0
321583,99000.0
321595,88000.0
321616,272000.0
321656,209000.0
321674,243000.0
321677,123000.0
321730,118000.0
321734,107000.0
321736,107000.0
321737,107000.0
321739,173000.0
321747,142000.0
321749,193000.0
321757,197000.0
321758,223000.0
321762,87000.0
321817,372000.0
321831,347000.0
321834,125000.0
321874,425000.0
321877,365000.0
321883,130000.0
321903,117000.0
321918,190000.0
321940,153000.0
321942,145000.0
321949,147000.0
321950,101000.0
321960,149000.0
321961,149000.0
321965,155000.0
321975,224000.0
321980,482000.0
321989,157000.0
321990,108000.0
322003,128000.0
322025,224000.0
322027,97000.0
322029,91000.0
322038,159000.0
322041,84000.0
322042,80000.0
322045,111000.0
322046,111000.0
322092,268000.0
322107,143000.0
322110,561000.0
322111,324000.0
322112,318000.0
322114,153000.0
322115,177000.0
322116,204000.0
322119,324000.0
322121,327000.0
322132,77000.0
322133,77000.0
322144,174000.0
322156,105000.0
322181,200000.0
322197,195000.0
322220,661000.0
322244,106000.0
322256,397000.0
322271,124000.0
322281,175000.0
322300,93000.0
322304,165000.0
322310,311000.0
322330,91000.0
322332,156000.0
322335,126000.0
322339,202000.0
322360,265000.0
322362,138000.0
322436,233000.0
322445,166000.0
322476,189000.0
322494,99000.0
322500,115000.0
322501,114000.0
322505,118000.0
322517,273000.0
322518,126000.0
322526,419000.0
322527,183000.0
322531,152000.0
322533,80000.0
322534,108000.0
322536,108000.0
322548,190000.0
322553,83000.0
322579,334000.0
322583,336000.0
322591,117000.0
322610,347000.0
322620,146000.0
322630,170000.0
322645,446000.0
322651,167000.0
322653,240000.0
322671,767000.0
322695,67000.0
322712,147000.0
322715,173000.0
322732,295000.0
322741,144000.0
322744,321000.0
322757,145000.0
322769,110000.0
322786,194000.0
322789,101000.0
322800,120000.0
322807,108000.0
322808,203000.0
322810,94000.0
322816,164000.0
322833,111000.0
322871,268000.0
322980,196000.0
322981,193000.0
322983,177000.0
322984,177000.0
322985,323000.0
322986,346000.0
322987,177000.0
322990,153000.0
323000,99000.0
323002,127000.0
323011,180000.0
323013,420000.0
323017,108000.0
323032,108000.0
323066,72000.0
323069,302000.0
323077,75000.0
323085,90000.0
323088,264000.0
323101,699000.0
323102,282000.0
323122,173000.0
323169,93000.0
323189,98000.0
323192,115000.0
323194,140000.0
323197,1656000.0
323198,327000.0
323233,203000.0
323254,119000.0
323308,301000.0
323310,355000.0
323318,156000.0
323325,231000.0
323330,106000.0
323339,152000.0
323342,95000.0
323349,410000.0
323382,150000.0
323396,183000.0
323403,245000.0
323412,195000.0
323413,165000.0
323421,162000.0
323425,214000.0
323433,329000.0
323434,190000.0
323446,137000.0
323459,93000.0
323487,240000.0
323518,95000.0
323536,151000.0
323549,147000.0
323552,150000.0
323608,153000.0
323617,92000.0
323622,385000.0
323629,199000.0
323656,218000.0
323664,285000.0
323668,142000.0
323678,357000.0
323703,161000.0
323710,180000.0
323722,198000.0
323723,82000.0
323780,93000.0
323792,135000.0
323831,281000.0
323894,149000.0
323911,113000.0
323917,98000.0
323926,180000.0
323944,144000.0
324001,203000.0
324006,165000.0
324023,164000.0
324032,225000.0
324058,167000.0
324078,193000.0
324079,196000.0
324118,212000.0
324146,212000.0
324152,122000.0
324158,615000.0
324160,995000.0
324236,121000.0
324287,1266000.0
324306,289000.0
324371,876000.0
324381,94000.0
324395,175000.0
324415,257000.0
324417,482000.0
324418,482000.0
324454,140000.0
324455,76000.0
324497,94000.0
324557,114000.0
324596,324000.0
324605,466000.0
324608,563000.0
324616,331000.0
324628,186000.0
324634,187000.0
324666,356000.0
324716,420000.0
324721,190000.0
324723,470000.0
324784,241000.0
324797,381000.0
324814,608000.0
324819,996000.0
324846,106000.0
324904,153000.0
324941,346000.0
325010,695000.0
325044,448000.0
325045,345000.0
695288,142000.0
695340,192000.0
695354,144000.0
695495,189000.0
695510,101000.0
695519,1255000.0
695520,1254000.0
695565,108000.0
695596,270000.0
695610,189000.0
695611,133000.0
695614,95000.0
695615,261000.0
695631,112000.0
695794,195000.0
695813,481000.0
695828,240000.0
695877,350000.0
696061,195000.0
696119,183000.0
696129,180000.0
696183,131000.0
696223,439000.0
696268,342000.0
696269,474000.0
696272,419000.0
696273,419000.0
696329,392000.0
696334,392000.0
696336,427000.0
696337,427000.0
696338,429000.0
696339,429000.0
696340,467000.0
696352,120000.0
696357,172000.0
696508,284000.0
696512,115000.0
696609,197000.0
696610,381000.0
696645,165000.0
712644,163000.0
712653,309000.0
712676,136000.0
712685,240000.0
712690,302000.0
712692,271000.0
712748,229000.0
712750,130000.0
712751,194000.0
712768,172000.0
712776,199000.0
712780,230000.0
712788,169000.0
712794,138000.0
712816,169000.0
712817,109000.0
712818,307000.0
712823,342000.0
712835,415000.0
712852,141000.0
712858,251000.0
712871,267000.0
712880,165000.0
712881,94000.0
712890,104000.0
712901,207000.0
712917,250000.0
712999,147000.0
713027,72000.0
713050,144000.0
713084,121000.0
713098,178000.0
713109,89000.0
713127,103000.0
713151,107000.0
713157,371000.0
713159,143000.0
713160,121000.0
713169,117000.0
713182,215000.0
713190,106000.0
713192,108000.0
713197,215000.0
713213,162000.0
713216,154000.0
713247,185000.0
713251,308000.0
713264,132000.0
713309,143000.0
713319,294000.0
713341,205000.0
713350,843000.0
713375,304000.0
713391,192000.0
713394,102000.0
713420,81000.0
713421,289000.0
713429,99000.0
713432,187000.0
713434,218000.0
713437,186000.0
713469,322000.0
713476,283000.0
713477,165000.0
713501,193000.0
713507,106000.0
713536,236000.0
713544,247000.0
713560,207000.0
713580,122000.0
713651,127000.0
713656,156000.0
713740,222000.0
713800,376000.0
713801,136000.0
713806,296000.0
713820,122000.0
713823,103000.0
713847,233000.0
713864,178000.0
713866,162000.0
713868,211000.0
713878,88000.0
713881,172000.0
713897,148000.0
713934,199000.0
713939,115000.0
713950,317000.0
713991,137000.0
713993,79000.0
714003,160000.0
714017,197000.0
714021,140000.0
714026,558000.0
714064,108000.0
714174,93000.0
714196,266000.0
714262,278000.0
714353,120000.0
714369,125000.0
714374,233000.0
714385,187000.0
714393,537000.0
714398,422000.0
714412,224000.0
714415,138000.0
714417,309000.0
714430,190000.0
714507,190000.0
714555,108000.0
714586,391000.0
714587,221000.0
714609,107000.0
714636,296000.0
714676,64000.0
714689,124000.0
714713,419000.0
714721,102000.0
714725,141000.0
714774,114000.0
714784,179000.0
714821,126000.0
714833,388000.0
714858,185000.0
714864,191000.0
714871,130000.0
714874,375000.0
714890,235000.0
714911,141000.0
714930,332000.0
714957,169000.0
714970,124000.0
715017,227000.0
715034,288000.0
715036,418000.0
715051,163000.0
715078,136000.0
715080,125000.0
715127,264000.0
715142,129000.0
715176,220000.0
715189,129000.0
715195,143000.0
715196,127000.0
715264,126000.0
715291,163000.0
715295,201000.0
715297,288000.0
715305,68000.0
715309,132000.0
715319,176000.0
715321,100000.0
715381,93000.0
715383,243000.0
715402,288000.0
715413,357000.0
715440,195000.0
715490,119000.0
715496,239000.0
715529,75000.0
715546,119000.0
715580,68000.0
715584,165000.0
715594,312000.0
715611,177000.0
715628,266000.0
715643,112000.0
715645,194000.0
715666,246000.0
715669,79000.0
715756,113000.0
715761,185000.0
715771,157000.0
715775,149000.0
715779,153000.0
715783,92000.0
715789,91000.0
715799,173000.0
715801,253000.0
715802,172000.0
715816,188000.0
715819,123000.0
715854,107000.0
715885,201000.0
715904,188000.0
715909,201000.0
715926,210000.0
715960,163000.0
715975,130000.0
715987,384000.0
715991,89000.0
716004,118000.0
716016,95000.0
716034,446000.0
716036,119000.0
716062,102000.0
716088,58000.0
716090,102000.0
716098,222000.0
716112,99000.0
716122,117000.0
716135,141000.0
716165,118000.0
716198,130000.0
716225,246000.0
716229,438000.0
716230,106000.0
716233,148000.0
716243,126000.0
716251,207000.0
716252,93000.0
716270,92000.0
716289,241000.0
716355,184000.0
716367,157000.0
716371,298000.0
716379,96000.0
716381,132000.0
716388,164000.0
716430,128000.0
716437,121000.0
716439,148000.0
716453,77000.0
716459,211000.0
716475,300000.0
716495,206000.0
716516,292000.0
716564,183000.0
716566,323000.0
716646,172000.0
716652,122000.0
716677,139000.0
716680,129000.0
716696,215000.0
716716,146000.0
716750,297000.0
716759,201000.0
716761,215000.0
716822,217000.0
716839,90000.0
716905,300000.0
716942,162000.0
716964,156000.0
717008,413000.0
717022,150000.0
717046,91000.0
717110,84000.0
717123,421000.0
717146,79000.0
717179,158000.0
717184,232000.0
717187,116000.0
717188,89000.0
717189,295000.0
717195,153000.0
717197,149000.0
717227,98000.0
717270,157000.0
717303,191000.0
717333,138000.0
717335,125000.0
717342,654000.0
717358,157000.0
717374,117000.0
717386,301000.0
717417,125000.0
717491,74000.0
717502,70000.0
717549,177000.0
717570,221000.0
717574,61000.0
717602,165000.0
717626,240000.0
717630,75000.0
717635,248000.0
717641,113000.0
717648,102000.0
717652,83000.0
717689,143000.0
717727,93000.0
717783,201000.0
717808,221000.0
717824,227000.0
717869,145000.0
717986,114000.0
717995,60000.0
717997,245000.0
717999,93000.0
718069,126000.0
718109,197000.0
718113,258000.0
718134,189000.0
718135,209000.0
718144,87000.0
718171,374000.0
718212,131000.0
718229,96000.0
718242,88000.0
718310,179000.0
718329,140000.0
718331,86000.0
718349,311000.0
718436,100000.0
718506,116000.0
718581,227000.0
718620,103000.0
718648,189000.0
718653,102000.0
718675,90000.0
718683,166000.0
718696,121000.0
718697,160000.0
718773,572000.0
718786,181000.0
718806,145000.0
718811,206000.0
718812,303000.0
718841,143000.0
718869,337000.0
718891,597000.0
718902,154000.0
718919,212000.0
718930,168000.0
718970,252000.0
719018,226000.0
719060,190000.0
719062,104000.0
719065,221000.0
719076,369000.0
719091,131000.0
719120,90000.0
719146,180000.0
719186,97000.0
719188,360000.0
719197,125000.0
719201,122000.0
719203,123000.0
719208,123000.0
719210,192000.0
719216,123000.0
719224,134000.0
719246,123000.0
719258,87000.0
719300,264000.0
719334,90000.0
719360,357000.0
719377,160000.0
719415,113000.0
719424,188000.0
719429,254000.0
719445,334000.0
719446,352000.0
719469,239000.0
719503,177000.0
719537,260000.0
719593,116000.0
719616,112000.0
719642,78000.0
719655,319000.0
719693,88000.0
719720,146000.0
719747,120000.0
719748,102000.0
719754,98000.0
719784,106000.0
719794,104000.0
719802,112000.0
719806,81000.0
719810,115000.0
719812,101000.0
719828,170000.0
719833,121000.0
719882,82000.0
719895,144000.0
719909,152000.0
719971,86000.0
720043,202000.0
720108,312000.0
720119,105000.0
720163,82000.0
720166,159000.0
720188,99000.0
720194,234000.0
720274,114000.0
720292,119000.0
720296,118000.0
720304,91000.0
720323,164000.0
720342,529000.0
720348,207000.0
720379,111000.0
720386,227000.0
720388,181000.0
720393,114000.0
720398,161000.0
720403,117000.0
720409,268000.0
720440,136000.0
720450,103000.0
720481,87000.0
720530,187000.0
720534,109000.0
720549,93000.0
720550,122000.0
720609,115000.0
720629,224000.0
720646,143000.0
720649,230000.0
720659,84000.0
720745,220000.0
720753,102000.0
720789,84000.0
720879,233000.0
720899,197000.0
720909,117000.0
720925,188000.0
720932,93000.0
720950,249000.0
720956,128000.0
720964,232000.0
720970,122000.0
720997,198000.0
721019,547000.0
721074,184000.0
721104,116000.0
721128,66000.0
721132,86000.0
721135,68000.0
721138,90000.0
721169,329000.0
721241,198000.0
721303,98000.0
721327,92000.0
721355,182000.0
721380,94000.0
721384,181000.0
721403,123000.0
721426,159000.0
721462,156000.0
721473,98000.0
721548,173000.0
721568,108000.0
721574,134000.0
721579,331000.0
721598,146000.0
721634,182000.0
721647,353000.0
721701,81000.0
721727,158000.0
721746,124000.0
721751,323000.0
721773,98000.0
721806,68000.0
721859,233000.0
721869,376000.0
721922,172000.0
722035,802000.0
722036,802000.0
722125,72000.0
722131,121000.0
722173,93000.0
722181,336000.0
722212,119000.0
722250,97000.0
722257,112000.0
722262,195000.0
722278,348000.0
722288,85000.0
722289,81000.0
722312,154000.0
722332,84000.0
722333,141000.0
722344,81000.0
722356,829000.0
722360,119000.0
722388,142000.0
722430,87000.0
722458,109000.0
722486,136000.0
722515,134000.0
722557,190000.0
722582,368000.0
722592,116000.0
722603,261000.0
722611,147000.0
722612,193000.0
722613,140000.0
722617,115000.0
722639,277000.0
722669,128000.0
722794,198000.0
722805,407000.0
722979,162000.0
722991,859000.0
722996,317000.0
723017,250000.0
723054,153000.0
723133,415000.0
723238,290000.0
723261,188000.0
723269,268000.0
723341,93000.0
723364,385000.0
723370,129000.0
723418,320000.0
723439,155000.0
723497,79000.0
723503,98000.0
723527,102000.0
723559,110000.0
723569,59000.0
723575,86000.0
723590,255000.0
723636,133000.0
723646,152000.0
723662,80000.0
723694,726000.0
723703,407000.0
723705,112000.0
723726,206000.0
723746,71000.0
723756,106000.0
723769,157000.0
723775,263000.0
723789,189000.0
723793,114000.0
723826,213000.0
723846,146000.0
723856,78000.0
723936,372000.0
723944,183000.0
723996,95000.0
724017,172000.0
724019,172000.0
724048,157000.0
724049,85000.0
724059,485000.0
724070,505000.0
724209,159000.0
724225,603000.0
724230,210000.0
724234,216000.0
724247,321000.0
724249,353000.0
724273,138000.0
724294,54000.0
724309,72000.0
724315,397000.0
724343,615000.0
724348,253000.0
724352,288000.0
724357,211000.0
724385,83000.0
724424,166000.0
724532,170000.0
724560,173000.0
724606,160000.0
724640,209000.0
724671,149000.0
724797,91000.0
724820,65000.0
724847,99000.0
724947,69000.0
724960,187000.0
724977,158000.0
724987,729000.0
725073,111000.0
725121,407000.0
725177,201000.0
725180,122000.0
725186,124000.0
725367,172000.0
725435,80000.0
725481,148000.0
725560,166000.0
725581,78000.0
725620,204000.0
725646,68000.0
725648,190000.0
725681,248000.0
725683,74000.0
725741,67000.0
725753,138000.0
725778,111000.0
725811,89000.0
725875,275000.0
725997,132000.0
726011,457000.0
726050,186000.0
726064,212000.0
726121,72000.0
726144,103000.0
726145,104000.0
726174,92000.0
726332,280000.0
726351,58000.0
726359,207000.0
726443,128000.0
726459,121000.0
726460,72000.0
726461,164000.0
726470,352000.0
726488,85000.0
726491,161000.0
726518,69000.0
726642,398000.0
726643,89000.0
726678,111000.0
726698,80000.0
726797,46000.0
726850,92000.0
726887,93000.0
726898,217000.0
726904,653000.0
726915,471000.0
726976,253000.0
727014,124000.0
727021,137000.0
727064,103000.0
727101,344000.0
727114,79000.0
727129,87000.0
727142,140000.0
727160,70000.0
727168,299000.0
727178,83000.0
727188,52000.0
727198,75000.0
727202,191000.0
727275,97000.0
727322,106000.0
727334,171000.0
727345,158000.0
727359,146000.0
727364,81000.0
727433,105000.0
727438,80000.0
727490,84000.0
727503,135000.0
727540,323000.0
727542,106000.0
727585,83000.0
727593,68000.0
727615,113000.0
727627,123000.0
727655,195000.0
727691,142000.0
727694,179000.0
727811,159000.0
727895,159000.0
728058,191000.0
728078,328000.0
728243,338000.0
728309,177000.0
728352,114000.0
728363,271000.0
728364,97000.0
728431,524000.0
728500,89000.0
728503,149000.0
728529,799000.0
728582,119000.0
728586,129000.0
728694,187000.0
728709,147000.0
728713,199000.0
728796,160000.0
728798,199000.0
728926,129000.0
728950,118000.0
728966,138000.0
728985,102000.0
729017,110000.0
729075,399000.0
729111,258000.0
729119,190000.0
729136,175000.0
729148,232000.0
729174,136000.0
729177,116000.0
729181,147000.0
729203,96000.0
729210,219000.0
729226,131000.0
729265,159000.0
729341,68000.0
729380,185000.0
729400,122000.0
729445,175000.0
729455,184000.0
729464,114000.0
729510,337000.0
729514,114000.0
729528,262000.0
729536,101000.0
729540,184000.0
729554,114000.0
729607,123000.0
729608,75000.0
729625,210000.0
729641,215000.0
729644,102000.0
729663,486000.0
729721,647000.0
729768,343000.0
729773,98000.0
729782,224000.0
729789,163000.0
729812,195000.0
729831,124000.0
729845,124000.0
729990,97000.0
730059,119000.0
730106,184000.0
730114,62000.0
730131,71000.0
730151,92000.0
730265,89000.0
730294,136000.0
730332,79000.0
730363,251000.0
730414,101000.0
730524,107000.0
730596,113000.0
730640,153000.0
730686,93000.0
730881,159000.0
730894,135000.0
730939,164000.0
731035,130000.0
731059,104000.0
731100,57000.0
731187,114000.0
731206,194000.0
731217,158000.0
731226,159000.0
731245,356000.0
731327,246000.0
731364,76000.0
731419,99000.0
731420,95000.0
731429,129000.0
731450,117000.0
731474,148000.0
731507,128000.0
731508,127000.0
731588,115000.0
731696,67000.0
731757,535000.0
731801,525000.0
731833,71000.0
731851,69000.0
731874,674000.0
732027,132000.0
732100,69000.0
732211,101000.0
732262,116000.0
732403,125000.0
732408,190000.0
732440,131000.0
732456,261000.0
732495,127000.0
732512,115000.0
732513,146000.0
732518,77000.0
732657,161000.0
732818,101000.0
732911,142000.0
732929,114000.0
732954,120000.0
732965,193000.0
732970,131000.0
732998,101000.0
733071,89000.0
733086,167000.0
733135,194000.0
733209,131000.0
733485,519000.0
733560,137000.0
733655,104000.0
733708,118000.0
733722,64000.0
733753,69000.0
733774,104000.0
733855,144000.0
733856,88000.0
733903,115000.0
733907,85000.0
733919,104000.0
734011,99000.0
734023,145000.0
734094,164000.0
734149,207000.0
734159,91000.0
734160,172000.0
734181,106000.0
734275,177000.0
734658,327000.0
734708,227000.0
734725,244000.0
734836,261000.0
735000,317000.0
735007,122000.0
735055,231000.0
735124,103000.0
735158,67000.0
735189,95000.0
735216,164000.0
735230,180000.0
735232,120000.0
735250,257000.0
735298,120000.0
735355,185000.0
735484,115000.0
735490,179000.0
735491,112000.0
735493,146000.0
735505,154000.0
735533,130000.0
735555,156000.0
735561,77000.0
735562,103000.0
735614,126000.0
735627,121000.0
735634,209000.0
735698,61000.0
735797,291000.0
735802,261000.0
735891,76000.0
735983,101000.0
736002,169000.0
736030,107000.0
736051,101000.0
736089,72000.0
736143,283000.0
736169,85000.0
736175,180000.0
736225,208000.0
736311,101000.0
736320,309000.0
736337,97000.0
736397,214000.0
736443,118000.0
736489,92000.0
736635,51000.0
736651,373000.0
736721,182000.0
736740,63000.0
736799,179000.0
736983,157000.0
737015,246000.0
737075,159000.0
737150,131000.0
737209,192000.0
737263,245000.0
737285,97000.0
737397,118000.0
737458,505000.0
737514,164000.0
737665,330000.0
737976,398000.0
738028,182000.0
738143,163000.0
738160,171000.0
738192,104000.0
738314,353000.0
738320,103000.0
738381,239000.0
738406,73000.0
738433,127000.0
738489,100000.0
738491,104000.0
738574,128000.0
738723,181000.0
738880,110000.0
738920,117000.0
739033,481000.0
739042,73000.0
739182,59000.0
739254,85000.0
739359,183000.0
739360,183000.0
739364,148000.0
739430,94000.0
739497,101000.0
739563,127000.0
739581,283000.0
739670,94000.0
739702,65000.0
739717,124000.0
739824,231000.0
740070,239000.0
740158,159000.0
740377,89000.0
740499,221000.0
740572,186000.0
740609,108000.0
740798,346000.0
740914,389000.0
740915,231000.0
740917,161000.0
740932,95000.0
740974,165000.0
740993,95000.0
740998,95000.0
741000,95000.0
741002,95000.0
741008,95000.0
741036,244000.0
741047,220000.0
741111,988000.0
741171,147000.0
741174,256000.0
741203,130000.0
741205,169000.0
741232,85000.0
741270,149000.0
741294,142000.0
741312,152000.0
741313,663000.0
741329,107000.0
741401,140000.0
741416,212000.0
741433,95000.0
741457,326000.0
741533,197000.0
741591,144000.0
741682,207000.0
741699,50000.0
741808,198000.0
741810,154000.0
741811,215000.0
741813,155000.0
741824,181000.0
741842,91000.0
741844,92000.0
741999,171000.0
742049,104000.0
742278,94000.0
742444,134000.0
742500,90000.0
742512,111000.0
742534,61000.0
742552,139000.0
742592,116000.0
742595,225000.0
742813,168000.0
742839,101000.0
743024,102000.0
743072,136000.0
743084,194000.0
743131,91000.0
743197,317000.0
743226,141000.0
743233,200000.0
743243,123000.0
743310,150000.0
743424,159000.0
743645,113000.0
743678,92000.0
743689,267000.0
743736,130000.0
743938,104000.0
744009,99000.0
744134,115000.0
744142,164000.0
744196,200000.0
744806,82000.0
744824,195000.0
744870,378000.0
744879,118000.0
744924,103000.0
745039,102000.0
745099,693000.0
745109,237000.0
745286,172000.0
745287,149000.0
745364,120000.0
745581,142000.0
745614,136000.0
745630,188000.0
745696,952000.0
745726,79000.0
745763,199000.0
745819,126000.0
745898,324000.0
745924,124000.0
745960,62000.0
746269,80000.0
746297,169000.0
746353,161000.0
746361,217000.0
746390,133000.0
746450,106000.0
746513,392000.0
746565,113000.0
746720,240000.0
746732,121000.0
746769,545000.0
746790,235000.0
746846,125000.0
746847,125000.0
746901,266000.0
747013,159000.0
747015,273000.0
747085,65000.0
747090,179000.0
747139,79000.0
747310,134000.0
747474,263000.0
747521,140000.0
747537,104000.0
747736,151000.0
747743,155000.0
747759,117000.0
747810,161000.0
747995,133000.0
748013,97000.0
748040,267000.0
748058,212000.0
748060,212000.0
748073,196000.0
748106,131000.0
748145,150000.0
748150,460000.0
748172,187000.0
748287,135000.0
748308,98000.0
748311,143000.0
748429,66000.0
748523,144000.0
748544,181000.0
748713,155000.0
748836,211000.0
748845,158000.0
748856,163000.0
748895,157000.0
748962,300000.0
749165,126000.0
749218,172000.0
749232,86000.0
749255,145000.0
749452,163000.0
749483,143000.0
749497,129000.0
749502,168000.0
749504,162000.0
749521,212000.0
749571,209000.0
749671,427000.0
749821,299000.0
749975,77000.0
750049,261000.0
750155,157000.0
750174,99000.0
750408,54000.0
750418,146000.0
750441,120000.0
750475,577000.0
750559,104000.0
750579,95000.0
750669,144000.0
750683,147000.0
750740,152000.0
750956,120000.0
751319,59000.0
751352,175000.0
751396,436000.0
751416,117000.0
751421,327000.0
751442,92000.0
751459,74000.0
751587,79000.0
751714,124000.0
751886,140000.0
751971,126000.0
752242,195000.0
752254,113000.0
752310,54000.0
752576,231000.0
752705,51000.0
752895,95000.0
752914,453000.0
752994,72000.0
753036,212000.0
753099,144000.0
753188,105000.0
753196,136000.0
753234,126000.0
753289,212000.0
753295,212000.0
753297,212000.0
753387,212000.0
753393,212000.0
753395,212000.0
753397,212000.0
753399,212000.0
753402,212000.0
753404,212000.0
753405,212000.0
753406,124000.0
753602,105000.0
753948,200000.0
754108,91000.0
754112,68000.0
754292,401000.0
754384,122000.0
754763,126000.0
754978,116000.0
754995,68000.0
755014,170000.0
755055,181000.0
755065,213000.0
755138,329000.0
755226,208000.0
755447,112000.0
755448,112000.0
755575,86000.0
755674,83000.0
755809,440000.0
755892,98000.0
756308,110000.0
756620,79000.0
756836,539000.0
757366,248000.0
757425,90000.0
757539,179000.0
757668,120000.0
757758,184000.0
757792,103000.0
757925,81000.0
757991,119000.0
758122,93000.0
758135,147000.0
758325,209000.0
758344,195000.0
758410,81000.0
758601,72000.0
758674,191000.0
758911,95000.0
759246,95000.0
759339,201000.0
759621,242000.0
759656,205000.0
759823,187000.0
759982,92000.0
760071,254000.0
760135,97000.0
760172,101000.0
760262,258000.0
760514,128000.0
760522,92000.0
760523,92000.0
760607,83000.0
760760,103000.0
760878,180000.0
761015,134000.0
761078,76000.0
761137,118000.0
761182,109000.0
761221,166000.0
761226,223000.0
761245,163000.0
761273,202000.0
761281,110000.0
761297,238000.0
761298,121000.0
761312,77000.0
761418,318000.0
761437,75000.0
761449,95000.0
761451,255000.0
761462,123000.0
761597,104000.0
761616,91000.0
761631,63000.0
761638,260000.0
761660,348000.0
761662,98000.0
761734,143000.0
761737,88000.0
761773,163000.0
761775,163000.0
761781,163000.0
761783,163000.0
761870,115000.0
761928,113000.0
762020,100000.0
762104,105000.0
762106,108000.0
762135,112000.0
762140,191000.0
762146,122000.0
762260,288000.0
762277,112000.0
762395,74000.0
762467,95000.0
762485,191000.0
762509,108000.0
762528,200000.0
762572,150000.0
762642,107000.0
762673,159000.0
762782,168000.0
762792,197000.0
762828,60000.0
762848,142000.0
762862,71000.0
762894,107000.0
762903,158000.0
762924,74000.0
762929,189000.0
762937,61000.0
762941,267000.0
762951,169000.0
762959,176000.0
762965,149000.0
762986,73000.0
763016,373000.0
763021,297000.0
763034,169000.0
763065,86000.0
763068,732000.0
763073,222000.0
763090,387000.0
763152,110000.0
763153,110000.0
763212,214000.0
763270,121000.0
763279,297000.0
763299,154000.0
763300,154000.0
763314,104000.0
763332,120000.0
763333,120000.0
763334,121000.0
763337,123000.0
763338,118000.0
763348,119000.0
763349,84000.0
763351,107000.0
763389,105000.0
763421,117000.0
763424,112000.0
763429,120000.0
763431,86000.0
763433,83000.0
763435,117000.0
763438,109000.0
763439,85000.0
763446,108000.0
763447,75000.0
763448,110000.0
763449,117000.0
763450,116000.0
763452,109000.0
763453,75000.0
763454,107000.0
763457,115000.0
763458,113000.0
763460,75000.0
763464,107000.0
763466,121000.0
763528,93000.0
763572,120000.0
763575,84000.0
763576,96000.0
763591,351000.0
763627,79000.0
763628,223000.0
763629,223000.0
763631,79000.0
763633,78000.0
763634,78000.0
763653,121000.0
763684,83000.0
763733,89000.0
763744,86000.0
763764,163000.0
763781,94000.0
763788,100000.0
763797,86000.0
763842,124000.0
763856,55000.0
763925,94000.0
763942,199000.0
764037,80000.0
764042,110000.0
764044,110000.0
764047,110000.0
764052,110000.0
764103,84000.0
764132,231000.0
764192,48000.0
764215,90000.0
764263,516000.0
764332,132000.0
764347,144000.0
764361,194000.0
764368,817000.0
764413,325000.0
764414,187000.0
764496,104000.0
764544,321000.0
764737,74000.0
764777,88000.0
764797,70000.0
764822,205000.0
764827,157000.0
764828,67000.0
764836,73000.0
764862,89000.0
764907,260000.0
764910,93000.0
764922,105000.0
764946,177000.0
764999,454000.0
765049,126000.0
765056,93000.0
765097,156000.0
765112,135000.0
765115,173000.0
765282,94000.0
765294,110000.0
765352,109000.0
765358,82000.0
765365,94000.0
765396,124000.0
765440,192000.0
765475,101000.0
765494,191000.0
765496,191000.0
765520,145000.0
765527,313000.0
765571,711000.0
765572,603000.0
765599,107000.0
765625,173000.0
765669,213000.0
765676,238000.0
765686,84000.0
765756,191000.0
765760,191000.0
765768,252000.0
765786,85000.0
765832,138000.0
765840,83000.0
765853,191000.0
765854,191000.0
765869,108000.0
765883,135000.0
765884,84000.0
765913,1015000.0
765938,86000.0
766020,81000.0
766039,104000.0
766052,230000.0
766076,223000.0
766102,88000.0
766103,151000.0
766106,88000.0
766110,85000.0
766114,122000.0
766137,62000.0
766140,131000.0
766142,358000.0
766151,100000.0
766163,264000.0
766185,73000.0
766212,154000.0
766222,198000.0
766225,151000.0
766250,109000.0
766251,183000.0
766253,109000.0
766259,56000.0
766272,183000.0
766300,205000.0
766328,77000.0
766392,129000.0
766404,108000.0
766416,130000.0
766459,96000.0
766463,68000.0
766464,202000.0
766479,78000.0
766501,237000.0
766550,93000.0
766648,96000.0
766782,106000.0
766785,346000.0
766808,90000.0
766824,73000.0
766883,106000.0
766891,100000.0
766923,45000.0
766951,58000.0
766977,95000.0
766984,582000.0
766998,221000.0
767008,236000.0
767009,105000.0
767047,91000.0
767056,198000.0
767092,342000.0
767132,178000.0
767229,339000.0
767253,119000.0
767260,119000.0
767290,131000.0
767319,261000.0
767321,87000.0
767366,195000.0
767405,80000.0
767407,91000.0
767409,93000.0
767414,73000.0
767465,186000.0
767487,114000.0
767512,140000.0
767558,235000.0
767705,244000.0
767856,114000.0
768002,142000.0
768343,137000.0
768717,84000.0
768790,133000.0
768981,216000.0
769002,85000.0
769155,106000.0
769216,154000.0
769226,125000.0
769575,117000.0
769599,124000.0
769768,77000.0
769812,121000.0
769898,233000.0
769957,47000.0
770294,90000.0
770295,81000.0
770484,182000.0
770520,158000.0
770523,67000.0
770558,74000.0
770682,113000.0
770744,86000.0
770751,112000.0
770765,256000.0
770777,338000.0
770786,82000.0
770972,137000.0
771112,90000.0
771113,138000.0
771117,119000.0
771118,154000.0
771333,182000.0
771397,240000.0
771816,244000.0
771858,163000.0
772028,107000.0
772107,150000.0
772213,77000.0
772214,75000.0
774481,194000.0
774546,128000.0
774699,74000.0
774950,280000.0
775137,263000.0
775139,136000.0
775393,124000.0
775537,102000.0
775560,136000.0
775652,98000.0
775907,105000.0
776742,131000.0
776780,318000.0
776781,174000.0
776783,136000.0
776981,503000.0
777103,69000.0
777106,565000.0
777107,98000.0
777108,58000.0
777110,611000.0
777117,218000.0
777118,403000.0
777121,269000.0
777123,476000.0
777125,560000.0
777210,219000.0
777453,175000.0
777462,114000.0
777464,114000.0
777489,58000.0
777572,217000.0
778274,165000.0
778564,248000.0
778634,188000.0
778678,59000.0
778689,201000.0
778791,107000.0
778830,136000.0
778851,97000.0
778906,175000.0
778948,236000.0
778949,69000.0
778952,90000.0
778953,86000.0
778956,154000.0
778970,98000.0
778976,233000.0
779003,290000.0
779077,103000.0
779114,84000.0
779141,66000.0
779149,326000.0
779215,59000.0
779288,95000.0
779384,94000.0
779391,107000.0
779392,75000.0
779393,188000.0
779705,81000.0
779738,138000.0
779782,192000.0
779867,385000.0
779904,204000.0
779938,162000.0
779977,127000.0
779984,64000.0
780002,651000.0
780020,380000.0
780073,62000.0
780093,81000.0
780095,148000.0
780214,135000.0
780253,78000.0
780353,185000.0
780376,82000.0
780395,96000.0
780419,84000.0
780420,94000.0
780421,94000.0
780564,92000.0
780596,165000.0
780669,124000.0
780694,79000.0
780702,76000.0
780715,145000.0
780724,88000.0
780846,237000.0
780856,191000.0
780863,90000.0
780900,188000.0
780951,127000.0
781145,97000.0
781275,249000.0
781371,88000.0
781416,65000.0
781559,89000.0
781563,134000.0
781572,107000.0
781698,81000.0
781700,100000.0
781825,101000.0
781843,145000.0
781844,145000.0
781845,145000.0
781846,145000.0
781854,72000.0
781859,314000.0
781860,312000.0
781866,92000.0
781946,231000.0
781982,403000.0
782181,178000.0
782201,155000.0
782394,151000.0
782416,156000.0
782443,171000.0
782452,108000.0
782561,81000.0
782627,167000.0
782642,272000.0
782665,81000.0
782671,94000.0
782675,179000.0
782693,71000.0
782705,152000.0
782706,204000.0
782708,103000.0
782717,593000.0
782722,94000.0
782761,65000.0
782782,99000.0
782785,66000.0
782849,66000.0
782946,71000.0
783038,106000.0
783051,156000.0
783056,156000.0
783125,153000.0
783130,147000.0
783231,100000.0
783260,702000.0
783421,264000.0
783512,120000.0
783559,119000.0
783604,240000.0
783607,906000.0
783636,116000.0
783654,71000.0
783811,127000.0
783914,145000.0
783951,134000.0
783978,210000.0
783979,210000.0
784000,287000.0
784012,132000.0
784167,87000.0
784275,82000.0
784431,104000.0
784568,112000.0
784570,127000.0
784737,79000.0
784762,143000.0
784768,87000.0
784842,146000.0
785009,206000.0
785082,96000.0
785261,102000.0
785408,87000.0
785455,53000.0
785514,167000.0
785588,212000.0
785808,134000.0
785820,122000.0
785970,194000.0
785973,194000.0
786182,105000.0
786183,95000.0
786346,182000.0
786447,144000.0
786450,144000.0
786451,144000.0
786452,144000.0
786456,144000.0
786457,144000.0
786484,144000.0
786521,192000.0
786587,121000.0
786628,877000.0
786831,218000.0
786859,86000.0
787068,81000.0
787151,100000.0
787208,165000.0
787215,223000.0
787216,223000.0
787276,195000.0
787281,238000.0
787289,106000.0
787291,245000.0
787331,100000.0
787343,53000.0
787361,156000.0
787369,153000.0
787382,70000.0
787385,110000.0
787401,214000.0
787405,146000.0
787411,79000.0
787454,74000.0
787485,54000.0
787486,54000.0
787489,54000.0
787490,54000.0
787528,174000.0
787529,195000.0
787533,183000.0
787535,140000.0
787538,117000.0
787555,135000.0
787614,80000.0
787634,101000.0
787684,153000.0
787868,971000.0
788008,198000.0
788356,65000.0
788577,385000.0
788645,122000.0
788730,190000.0
788820,106000.0
788990,93000.0
788994,121000.0
789179,719000.0
789327,88000.0
789333,94000.0
789339,399000.0
789374,110000.0
789389,96000.0
789555,113000.0
789568,90000.0
789619,120000.0
789638,90000.0
789709,108000.0
789843,284000.0
789881,425000.0
789964,334000.0
789966,99000.0
790026,201000.0
790038,250000.0
790115,120000.0
790170,72000.0
790184,85000.0
790414,97000.0
790625,182000.0
790725,201000.0
790798,109000.0
790912,112000.0
790918,206000.0
790939,76000.0
791067,115000.0
791077,115000.0
791182,211000.0
791219,201000.0
791221,115000.0
791296,89000.0
791314,332000.0
791379,92000.0
791445,153000.0
791581,296000.0
791589,133000.0
791600,133000.0
791608,296000.0
791617,133000.0
791813,132000.0
791869,200000.0
791870,129000.0
792315,99000.0
792695,144000.0
793171,113000.0
793172,112000.0
793391,310000.0
793620,84000.0
793722,129000.0
793967,116000.0
794344,163000.0
794498,129000.0
794573,68000.0
794576,101000.0
794897,358000.0
794968,84000.0
796060,150000.0
796252,186000.0
796300,82000.0
796537,232000.0
796582,409000.0
797433,161000.0
797488,142000.0
797489,72000.0
797540,156000.0
797866,61000.0
798010,310000.0
798026,98000.0
799178,91000.0
799179,91000.0
799190,91000.0
799234,95000.0
799315,400000.0
799472,179000.0
799498,101000.0
799561,94000.0
799652,95000.0
799732,240000.0
800022,95000.0
800237,91000.0
800456,172000.0
800963,207000.0
801193,48000.0
801250,78000.0
801281,66000.0
801487,138000.0
801497,73000.0
801503,90000.0
801504,107000.0
801727,120000.0
801954,130000.0
802096,112000.0
802163,111000.0
802196,200000.0
802200,128000.0
802270,98000.0
802271,75000.0
802331,108000.0
802349,108000.0
802375,85000.0
802688,76000.0
803023,181000.0
803138,51000.0
803310,86000.0
803839,89000.0
803941,94000.0
804236,113000.0
804237,138000.0
804318,78000.0
804335,71000.0
804516,110000.0
804572,74000.0
804611,208000.0
804663,139000.0
804859,100000.0
805515,333000.0
805577,129000.0
806450,134000.0
806493,1033000.0
806508,144000.0
806655,79000.0
806775,148000.0
806865,73000.0
806936,122000.0
806937,191000.0
807537,131000.0
807824,94000.0
807826,94000.0
808024,73000.0
808123,88000.0
808180,80000.0
808340,101000.0
808644,116000.0
808647,88000.0
809443,174000.0
809444,225000.0
809711,239000.0
810556,86000.0
810560,173000.0
810574,83000.0
810705,88000.0
811018,68000.0
811028,143000.0
811104,87000.0
811659,210000.0
811817,117000.0
811944,149000.0
812472,154000.0
812587,158000.0
812588,124000.0
812762,112000.0
812914,159000.0
813322,82000.0
813323,82000.0
813324,82000.0
813361,382000.0
813430,155000.0
813750,602000.0
813797,87000.0
813800,83000.0
814059,167000.0
814159,253000.0
814247,146000.0
814306,513000.0
814308,85000.0
814310,87000.0
814313,100000.0
814338,91000.0
814378,114000.0
814381,96000.0
814390,248000.0
814448,93000.0
814449,93000.0
815043,171000.0
815287,86000.0
815582,152000.0
815585,190000.0
815640,620000.0
816479,67000.0
816525,80000.0
816552,104000.0
816589,171000.0
816592,81000.0
816594,174000.0
816608,68000.0
816611,191000.0
816676,122000.0
816679,122000.0
816850,95000.0
816967,148000.0
816968,189000.0
816969,191000.0
816972,257000.0
816974,144000.0
817091,233000.0
817550,276000.0
817647,125000.0
817658,113000.0
817662,122000.0
817752,118000.0
817883,254000.0
817978,220000.0
818057,140000.0
818059,434000.0
818170,150000.0
818217,147000.0
818229,120000.0
818316,517000.0
818405,119000.0
818412,86000.0
818488,223000.0
818498,223000.0
818519,223000.0
818520,229000.0
818601,290000.0
818620,232000.0
818629,381000.0
818668,101000.0
818906,155000.0
818951,100000.0
818981,89000.0
819022,92000.0
819052,166000.0
819088,109000.0
819090,183000.0
819154,82000.0
819224,163000.0
819477,180000.0
819505,169000.0
819532,79000.0
819599,97000.0
819624,198000.0
819689,128000.0
819690,128000.0
819694,128000.0
819729,145000.0
819737,88000.0
819839,141000.0
819946,206000.0
820010,112000.0
820047,168000.0
820221,144000.0
820343,107000.0
820369,171000.0
820444,384000.0
820485,72000.0
820520,96000.0
820534,109000.0
820549,75000.0
820550,142000.0
820560,133000.0
820576,92000.0
820608,411000.0
820640,73000.0
820668,159000.0
820672,77000.0
820758,85000.0
820763,127000.0
820797,144000.0
820936,142000.0
821001,70000.0
821049,87000.0
821050,85000.0
821087,129000.0
821251,143000.0
821372,75000.0
821381,75000.0
821423,106000.0
821616,86000.0
821664,106000.0
821715,91000.0
821753,160000.0
821791,71000.0
821800,167000.0
821820,107000.0
821825,119000.0
821826,1077000.0
821876,103000.0
821888,96000.0
821895,87000.0
822024,106000.0
822169,69000.0
822190,211000.0
822347,144000.0
822354,149000.0
822421,132000.0
822422,226000.0
822432,225000.0
822445,99000.0
822453,91000.0
822456,462000.0
822457,88000.0
822552,263000.0
822622,179000.0
822624,179000.0
822635,59000.0
822656,137000.0
822684,146000.0
822688,67000.0
822777,112000.0
822785,225000.0
822858,93000.0
822880,91000.0
822882,188000.0
822883,186000.0
822930,155000.0
823118,119000.0
823126,110000.0
823190,124000.0
823243,185000.0
823305,102000.0
823338,241000.0
823411,207000.0
823441,100000.0
823596,59000.0
823639,155000.0
823761,163000.0
823773,149000.0
823798,114000.0
823815,160000.0
823830,191000.0
823846,145000.0
823949,178000.0
823958,188000.0
824041,98000.0
824138,115000.0
824141,94000.0
824236,162000.0
824250,69000.0
824261,153000.0
824528,107000.0
824533,107000.0
824564,86000.0
824568,86000.0
824571,161000.0
824575,159000.0
824602,107000.0
824686,106000.0
824788,342000.0
824810,169000.0
824857,107000.0
824886,51000.0
824906,157000.0
825094,108000.0
825107,254000.0
825186,147000.0
825386,119000.0
825462,79000.0
825470,124000.0
825472,124000.0
825473,124000.0
825700,145000.0
825862,133000.0
825950,199000.0
826171,120000.0
826173,120000.0
826309,179000.0
826322,180000.0
826408,621000.0
826453,78000.0
826522,110000.0
826555,216000.0
826607,145000.0
826650,133000.0
826863,94000.0
826864,89000.0
826881,115000.0
826893,256000.0
826896,75000.0
826968,102000.0
826977,102000.0
827191,78000.0
827214,173000.0
827230,102000.0
827234,103000.0
827325,369000.0
827359,110000.0
827399,135000.0
827481,262000.0
827619,110000.0
827688,147000.0
827711,675000.0
827954,282000.0
828025,76000.0
828031,152000.0
828082,109000.0
828144,161000.0
828174,161000.0
828265,115000.0
828273,130000.0
828285,163000.0
828351,516000.0
828477,118000.0
828604,120000.0
828623,95000.0
828718,233000.0
828750,116000.0
828793,130000.0
828812,134000.0
828827,116000.0
828862,224000.0
828965,211000.0
829067,87000.0
829087,175000.0
829171,779000.0
829240,335000.0
829278,79000.0
829282,206000.0
829293,95000.0
829295,130000.0
829318,116000.0
829322,142000.0
829336,128000.0
829344,188000.0
829351,274000.0
829359,198000.0
829367,198000.0
829372,198000.0
829378,198000.0
829383,88000.0
829389,198000.0
829390,89000.0
829395,113000.0
829413,131000.0
829417,188000.0
829419,188000.0
829599,212000.0
829600,173000.0
829612,200000.0
829673,133000.0
829767,230000.0
829883,75000.0
829947,113000.0
830002,120000.0
830122,57000.0
830143,91000.0
830151,90000.0
830160,139000.0
830199,92000.0
830245,212000.0
830262,235000.0
830265,215000.0
830279,358000.0
830280,113000.0
830333,85000.0
830384,76000.0
830410,86000.0
830446,91000.0
830448,61000.0
830535,142000.0
830581,86000.0
830587,168000.0
830702,91000.0
830731,169000.0
830739,104000.0
830764,377000.0
830772,95000.0
830774,95000.0
830971,215000.0
831037,84000.0
831091,276000.0
831105,169000.0
831106,252000.0
831112,91000.0
831247,222000.0
831261,145000.0
831269,167000.0
831321,107000.0
831459,143000.0
831529,63000.0
831628,367000.0
831792,67000.0
831881,185000.0
831882,186000.0
831883,186000.0
831884,186000.0
831910,189000.0
831944,214000.0
831946,232000.0
831947,231000.0
831949,231000.0
831950,231000.0
831960,204000.0
831961,178000.0
831974,234000.0
832022,116000.0
832156,603000.0
832213,204000.0
832254,250000.0
832261,223000.0
832343,73000.0
832367,197000.0
832436,132000.0
832439,144000.0
832460,320000.0
832470,89000.0
832511,100000.0
832513,104000.0
832624,106000.0
832707,125000.0
832726,129000.0
832780,416000.0
832924,159000.0
832953,169000.0
833013,176000.0
833045,194000.0
833051,185000.0
833052,324000.0
833055,185000.0
833056,185000.0
833057,185000.0
833058,185000.0
833091,101000.0
833216,203000.0
833233,105000.0
833350,112000.0
833459,94000.0
833510,142000.0
833525,218000.0
833527,104000.0
833554,690000.0
833634,155000.0
833668,82000.0
833688,242000.0
833789,270000.0
833827,133000.0
833846,160000.0
833858,99000.0
833886,270000.0
833925,97000.0
833968,84000.0
834026,216000.0
834042,206000.0
834049,182000.0
834113,417000.0
834265,78000.0
834280,181000.0
834315,104000.0
834335,154000.0
834341,121000.0
834343,78000.0
834348,80000.0
834350,169000.0
834391,184000.0
834443,141000.0
834451,106000.0
834514,163000.0
834613,358000.0
834616,360000.0
834623,405000.0
834662,87000.0
834702,174000.0
834746,256000.0
834751,251000.0
834764,130000.0
834785,200000.0
834788,115000.0
834836,154000.0
834858,149000.0
834903,192000.0
834917,157000.0
834959,160000.0
835037,97000.0
835090,130000.0
835122,93000.0
835129,174000.0
835137,194000.0
835262,216000.0
835290,140000.0
835307,214000.0
835336,100000.0
835361,77000.0
835388,225000.0
835459,101000.0
835465,132000.0
835522,238000.0
835523,107000.0
835635,115000.0
835651,161000.0
835661,161000.0
835673,110000.0
835692,145000.0
835759,93000.0
835813,359000.0
835814,359000.0
835816,359000.0
835884,524000.0
835965,168000.0
836013,217000.0
836041,100000.0
836103,107000.0
836173,204000.0
836254,359000.0
836316,243000.0
836341,195000.0
836417,76000.0
836550,89000.0
836555,138000.0
836556,124000.0
836559,123000.0
836561,124000.0
836562,87000.0
836563,127000.0
836564,124000.0
836566,83000.0
836735,116000.0
836782,131000.0
836821,156000.0
837005,488000.0
837092,155000.0
837095,155000.0
837197,275000.0
837467,111000.0
837506,241000.0
837521,132000.0
837550,95000.0
837592,88000.0
837618,133000.0
837632,74000.0
837642,137000.0
837658,90000.0
837769,125000.0
837779,125000.0
837784,201000.0
837831,183000.0
837832,89000.0
837836,174000.0
837961,116000.0
838054,71000.0
838186,71000.0
838254,105000.0
838257,167000.0
838287,250000.0
838374,100000.0
838443,283000.0
838471,125000.0
838609,100000.0
838636,98000.0
838681,127000.0
838696,52000.0
838729,165000.0
838745,183000.0
838778,98000.0
838834,90000.0
838840,198000.0
839042,289000.0
839134,178000.0
839179,115000.0
839299,191000.0
839328,197000.0
839358,128000.0
839379,163000.0
839481,123000.0
839688,225000.0
839804,132000.0
839807,132000.0
839857,370000.0
839875,113000.0
839896,110000.0
839906,106000.0
839907,109000.0
839912,95000.0
839923,106000.0
839964,82000.0
840015,134000.0
840075,88000.0
840137,88000.0
840187,76000.0
840267,88000.0
840277,88000.0
840279,88000.0
840282,88000.0
840284,88000.0
840287,88000.0
840313,75000.0
840333,73000.0
840334,137000.0
840337,134000.0
840425,890000.0
840558,446000.0
840569,154000.0
840632,117000.0
840829,115000.0
840859,246000.0
840895,103000.0
840951,91000.0
841008,77000.0
841041,119000.0
841075,147000.0
841077,293000.0
841273,127000.0
841289,145000.0
841313,98000.0
841337,160000.0
841354,316000.0
841376,170000.0
841400,192000.0
841446,106000.0
841484,303000.0
841515,160000.0
841521,122000.0
841536,171000.0
841557,192000.0
841585,104000.0
841696,231000.0
841763,200000.0
841803,81000.0
841851,787000.0
841869,148000.0
841984,155000.0
842034,225000.0
842041,76000.0
842044,95000.0
842056,158000.0
842219,144000.0
842222,99000.0
842243,196000.0
842245,169000.0
842350,169000.0
842357,134000.0
842459,95000.0
842460,215000.0
842623,93000.0
842624,567000.0
842791,108000.0
842797,145000.0
842808,126000.0
842868,303000.0
842953,569000.0
842960,94000.0
843026,64000.0
843041,93000.0
843066,71000.0
843070,80000.0
843072,226000.0
843183,159000.0
843192,98000.0
843194,100000.0
843197,94000.0
843201,98000.0
843205,146000.0
843339,100000.0
843353,112000.0
843397,56000.0
843417,100000.0
843468,111000.0
843471,129000.0
843505,100000.0
843512,110000.0
843536,227000.0
843564,97000.0
843575,122000.0
843622,119000.0
843737,115000.0
843742,84000.0
843767,84000.0
843770,127000.0
843784,90000.0
843794,150000.0
843797,107000.0
843906,82000.0
843914,57000.0
843942,158000.0
843943,70000.0
843979,138000.0
843980,102000.0
843993,69000.0
844008,84000.0
844035,62000.0
844085,141000.0
844097,141000.0
844104,141000.0
844109,154000.0
844110,121000.0
844126,172000.0
844162,110000.0
844165,141000.0
844198,89000.0
844211,99000.0
844233,135000.0
844310,91000.0
844316,90000.0
844329,75000.0
844338,75000.0
844468,248000.0
844503,157000.0
844536,102000.0
844539,102000.0
844564,154000.0
844590,262000.0
844617,181000.0
844640,226000.0
844716,87000.0
844747,80000.0
844748,80000.0
844755,80000.0
844762,80000.0
844789,80000.0
844804,102000.0
844846,202000.0
844847,147000.0
844849,214000.0
844855,202000.0
844856,81000.0
844857,151000.0
844862,155000.0
844886,94000.0
844915,188000.0
844925,110000.0
844991,160000.0
844993,81000.0
845024,136000.0
845033,86000.0
845082,255000.0
845083,266000.0
845096,140000.0
845106,203000.0
845107,110000.0
845121,93000.0
845124,96000.0
845155,150000.0
845166,80000.0
845183,240000.0
845217,176000.0
845244,158000.0
845251,105000.0
845344,101000.0
845370,212000.0
845397,93000.0
845405,189000.0
845471,104000.0
845486,122000.0
845528,94000.0
845534,105000.0
845545,111000.0
845594,119000.0
845685,81000.0
845705,125000.0
845720,124000.0
845802,87000.0
845879,94000.0
845943,77000.0
845962,153000.0
846140,451000.0
846147,972000.0
846152,104000.0
846284,184000.0
846499,105000.0
846556,141000.0
846559,116000.0
846573,83000.0
846575,205000.0
846768,88000.0
846871,286000.0
846968,72000.0
847095,74000.0
847100,50000.0
847161,71000.0
847191,490000.0
847227,86000.0
847230,74000.0
847306,309000.0
847476,142000.0
847537,43000.0
847657,165000.0
847727,187000.0
847766,216000.0
847773,89000.0
847809,216000.0
847861,113000.0
847892,129000.0
847917,164000.0
847950,229000.0
848039,93000.0
848093,98000.0
848095,462000.0
848112,321000.0
848157,168000.0
848164,116000.0
848302,134000.0
848330,204000.0
848365,387000.0
848375,157000.0
848386,111000.0
848437,111000.0
848493,155000.0
848543,116000.0
848549,190000.0
848623,117000.0
848661,139000.0
848707,75000.0
848775,163000.0
848843,374000.0
848978,109000.0
848989,182000.0
849002,110000.0
849024,116000.0
849047,117000.0
849062,138000.0
849064,118000.0
936612,77000.0
936685,129000.0
936696,412000.0
936725,171000.0
936735,55000.0
936772,88000.0
936806,101000.0
936808,190000.0
936854,97000.0
936871,162000.0
936899,145000.0
936915,97000.0
936923,99000.0
936950,184000.0
936973,113000.0
937001,115000.0
937003,179000.0
937056,247000.0
937090,284000.0
937110,163000.0
937130,107000.0
937183,631000.0
937255,113000.0
937276,538000.0
937318,152000.0
937335,130000.0
937337,354000.0
937358,103000.0
937360,103000.0
937362,103000.0
937390,278000.0
937462,164000.0
937472,164000.0
937477,164000.0
937493,148000.0
937518,63000.0
937519,63000.0
937555,88000.0
937658,221000.0
937662,122000.0
937663,93000.0
937665,93000.0
937676,131000.0
937694,142000.0
937735,124000.0
937740,558000.0
937751,210000.0
937776,185000.0
937780,88000.0
937812,84000.0
937813,84000.0
937943,79000.0
938043,127000.0
938056,170000.0
938064,69000.0
938068,89000.0
938080,123000.0
938114,184000.0
938187,89000.0
938204,482000.0
938206,134000.0
938209,104000.0
938212,147000.0
938232,72000.0
938233,83000.0
938349,553000.0
938350,809000.0
938351,925000.0
938354,714000.0
938361,555000.0
938362,736000.0
938363,1042000.0
938433,812000.0
938579,373000.0
938635,108000.0
938636,112000.0
938637,108000.0
938639,127000.0
938651,335000.0
938670,105000.0
938703,119000.0
938705,119000.0
938715,114000.0
938733,109000.0
938812,108000.0
938814,104000.0
938894,404000.0
938913,75000.0
938938,198000.0
938957,213000.0
938990,58000.0
939010,188000.0
939028,242000.0
939075,90000.0
939121,108000.0
939133,78000.0
939146,365000.0
939224,102000.0
939227,157000.0
939256,126000.0
939297,531000.0
939305,92000.0
939310,241000.0
939349,149000.0
939360,146000.0
939392,106000.0
939400,177000.0
939409,147000.0
939411,147000.0
939414,145000.0
939420,147000.0
939421,147000.0
939438,519000.0
939494,237000.0
939496,147000.0
939497,147000.0
939501,96000.0
939587,89000.0
939589,87000.0
939629,520000.0
939636,95000.0
939645,126000.0
939650,450000.0
939666,77000.0
939669,251000.0
939711,84000.0
939877,143000.0
939886,109000.0
939890,101000.0
939892,127000.0
939905,93000.0
939930,160000.0
939935,459000.0
939960,258000.0
939964,200000.0
939970,72000.0
940066,66000.0
940094,131000.0
940095,146000.0
940096,292000.0
940118,99000.0
940138,106000.0
940168,141000.0
940172,141000.0
940240,97000.0
940262,81000.0
940282,191000.0
940283,191000.0
940336,131000.0
940389,283000.0
940487,313000.0
940552,227000.0
940571,186000.0
940579,75000.0
940602,264000.0
940627,336000.0
940735,97000.0
940740,149000.0
940742,196000.0
940767,293000.0
940788,184000.0
940807,89000.0
940855,98000.0
940868,119000.0
940875,119000.0
940876,190000.0
940890,780000.0
940950,85000.0
941026,210000.0
941059,282000.0
941089,152000.0
941112,156000.0
941121,461000.0
941123,63000.0
941146,107000.0
941344,123000.0
941346,902000.0
941369,166000.0
941370,145000.0
941373,134000.0
941384,70000.0
941500,109000.0
941524,102000.0
941554,69000.0
941713,107000.0
941780,96000.0
941782,234000.0
941786,121000.0
941790,107000.0
941791,87000.0
941792,110000.0
941793,213000.0
941797,95000.0
941798,90000.0
941801,77000.0
941810,104000.0
941826,184000.0
941843,99000.0
941862,108000.0
941864,118000.0
941867,108000.0
941875,100000.0
941876,108000.0
941881,157000.0
941883,90000.0
941884,115000.0
941891,115000.0
941919,126000.0
941959,134000.0
942057,284000.0
942070,314000.0
942098,210000.0
942103,210000.0
942105,210000.0
942106,98000.0
942109,94000.0
942111,210000.0
942113,113000.0
942115,210000.0
942116,112000.0
942130,122000.0
942139,79000.0
942145,210000.0
942168,176000.0
942177,131000.0
942181,113000.0
942196,153000.0
942210,93000.0
942217,118000.0
942275,146000.0
942370,177000.0
942375,177000.0
942383,235000.0
942415,251000.0
942422,74000.0
942463,74000.0
942469,108000.0
942480,96000.0
942488,88000.0
942583,113000.0
942628,163000.0
942635,83000.0
942636,83000.0
942651,94000.0
942653,482000.0
942655,101000.0
942657,98000.0
942741,801000.0
942753,275000.0
942779,124000.0
942802,91000.0
942843,79000.0
942844,213000.0
942890,379000.0
942964,75000.0
942968,118000.0
942969,118000.0
942985,134000.0
942989,231000.0
942990,121000.0
943022,115000.0
943032,101000.0
943039,701000.0
943044,136000.0
943112,144000.0
943140,109000.0
943141,155000.0
943143,109000.0
943145,86000.0
943149,117000.0
943167,226000.0
943193,177000.0
943238,169000.0
943352,100000.0
943368,88000.0
943373,121000.0
943397,431000.0
943398,190000.0
943402,165000.0
943412,201000.0
943473,243000.0
943478,108000.0
943482,287000.0
943484,178000.0
943489,93000.0
943497,596000.0
943503,176000.0
943504,210000.0
943505,209000.0
943592,79000.0
943684,76000.0
943693,127000.0
943696,519000.0
943698,84000.0
943699,87000.0
943750,302000.0
943756,743000.0
943782,97000.0
943783,79000.0
943810,196000.0
943821,625000.0
943822,190000.0
943872,93000.0
943889,213000.0
943928,80000.0
943939,171000.0
943944,64000.0
943953,187000.0
943954,162000.0
943955,142000.0
943960,159000.0
943964,127000.0
943968,153000.0
943969,153000.0
943985,124000.0
944000,153000.0
944002,124000.0
944018,508000.0
944025,111000.0
944030,91000.0
944101,80000.0
944105,72000.0
944256,344000.0
944265,112000.0
944289,114000.0
944295,143000.0
944305,76000.0
944306,76000.0
944312,76000.0
944341,167000.0
944342,167000.0
944347,112000.0
944360,181000.0
944384,86000.0
944425,194000.0
944434,99000.0
944435,88000.0
944436,88000.0
944442,617000.0
944552,199000.0
944568,252000.0
944662,93000.0
944671,184000.0
944683,112000.0
944887,191000.0
944902,226000.0
944906,144000.0
944913,121000.0
944921,99000.0
944935,90000.0
944942,107000.0
944943,107000.0
944955,409000.0
944967,548000.0
945015,173000.0
945046,179000.0
945082,83000.0
945116,88000.0
945151,195000.0
945180,60000.0
945181,61000.0
945182,177000.0
945273,78000.0
945283,121000.0
945305,69000.0
945332,98000.0
945388,61000.0
945444,201000.0
945448,625000.0
945453,150000.0
945454,255000.0
945470,136000.0
945495,260000.0
945498,270000.0
945505,256000.0
945513,128000.0
945554,182000.0
945590,115000.0
945627,150000.0
945628,156000.0
945629,150000.0
945630,150000.0
945749,123000.0
945790,314000.0
945801,536000.0
945838,121000.0
945839,144000.0
945840,144000.0
945843,89000.0
945880,78000.0
945900,140000.0
945901,140000.0
945902,140000.0
945903,140000.0
945940,87000.0
945942,89000.0
945945,105000.0
945946,105000.0
945952,178000.0
945965,1263000.0
945967,941000.0
945997,87000.0
945998,200000.0
946016,131000.0
946307,89000.0
946318,255000.0
946327,187000.0
946351,79000.0
946358,159000.0
946373,109000.0
946376,169000.0
946385,147000.0
946386,131000.0
946397,82000.0
946398,74000.0
946401,92000.0
946403,175000.0
946433,81000.0
946446,65000.0
946447,85000.0
946448,147000.0
946462,76000.0
946463,75000.0
946492,183000.0
946496,87000.0
946540,310000.0
946541,199000.0
946591,119000.0
946601,110000.0
946638,286000.0
946640,79000.0
946653,75000.0
946678,538000.0
946687,125000.0
946688,125000.0
946689,109000.0
946716,139000.0
946732,207000.0
946738,163000.0
946746,201000.0
946779,85000.0
946784,109000.0
946788,128000.0
946820,207000.0
946836,120000.0
946870,66000.0
946873,66000.0
946896,93000.0
946944,88000.0
946972,123000.0
946973,102000.0
947007,82000.0
947031,126000.0
947057,133000.0
947141,139000.0
947176,207000.0
947187,188000.0
947206,548000.0
947216,573000.0
947274,784000.0
947300,448000.0
947332,857000.0
947383,115000.0
947395,222000.0
947405,479000.0
947436,89000.0
947473,102000.0
947495,111000.0
947530,125000.0
947537,351000.0
947552,183000.0
947564,174000.0
947584,248000.0
947625,84000.0
947677,584000.0
947689,117000.0
947698,160000.0
947699,227000.0
947700,228000.0
947701,74000.0
947702,79000.0
947725,103000.0
947743,170000.0
947833,283000.0
947872,169000.0
947881,130000.0
947930,142000.0
947977,387000.0
948034,93000.0
948036,93000.0
948039,93000.0
948066,133000.0
948107,300000.0
948115,117000.0
948121,93000.0
948137,178000.0
948148,224000.0
948306,220000.0
948339,448000.0
948361,228000.0
948386,140000.0
948387,140000.0
948388,103000.0
948423,200000.0
948470,168000.0
948479,133000.0
948484,103000.0
948486,125000.0
948598,115000.0
948607,96000.0
948629,134000.0
948630,134000.0
948631,134000.0
948632,134000.0
948633,134000.0
948641,134000.0
948643,134000.0
948651,140000.0
948652,145000.0
948675,95000.0
948740,108000.0
948743,77000.0
948744,97000.0
948745,97000.0
948774,208000.0
948789,428000.0
948807,127000.0
948808,127000.0
948809,131000.0
948813,113000.0
948816,210000.0
948819,210000.0
948830,85000.0
948870,151000.0
948912,83000.0
948941,83000.0
949105,142000.0
949143,224000.0
949144,109000.0
949147,109000.0
949248,328000.0
949250,140000.0
949278,97000.0
949283,306000.0
949293,89000.0
949340,100000.0
949379,75000.0
949426,101000.0
949427,298000.0
949428,111000.0
949431,79000.0
949443,117000.0
949474,158000.0
949492,647000.0
949501,100000.0
949517,103000.0
949518,171000.0
949519,103000.0
949529,88000.0
949544,135000.0
949545,135000.0
949584,116000.0
949592,185000.0
949593,157000.0
949627,81000.0
949651,132000.0
949661,162000.0
949762,144000.0
949815,108000.0
949827,167000.0
949858,104000.0
949933,76000.0
949934,121000.0
949943,133000.0
949960,212000.0
950036,76000.0
950037,68000.0
950038,226000.0
950039,257000.0
950044,107000.0
950060,108000.0
950088,177000.0
950194,149000.0
950227,124000.0
950234,273000.0
950303,162000.0
950339,96000.0
950374,136000.0
950378,55000.0
950382,162000.0
950385,111000.0
950489,241000.0
950576,125000.0
950581,151000.0
950583,139000.0
950584,139000.0
950585,139000.0
950607,104000.0
950630,524000.0
950634,162000.0
950664,88000.0
950671,390000.0
950686,240000.0
950746,77000.0
950751,67000.0
950916,191000.0
951001,90000.0
951065,266000.0
951129,80000.0
951162,282000.0
951195,116000.0
951200,171000.0
951201,173000.0
951405,87000.0
951412,166000.0
951454,88000.0
951460,145000.0
951463,145000.0
951471,138000.0
951553,107000.0
951564,131000.0
951646,209000.0
951663,199000.0
951687,692000.0
951692,76000.0
951704,267000.0
951780,182000.0
951782,140000.0
951915,63000.0
951963,132000.0
951975,143000.0
951988,99000.0
952013,183000.0
952025,995000.0
952036,256000.0
952096,256000.0
952268,135000.0
952271,122000.0
952273,111000.0
952448,361000.0
952466,107000.0
952537,65000.0
952541,159000.0
952545,619000.0
952546,658000.0
952566,74000.0
952651,153000.0
952689,193000.0
952699,320000.0
952773,106000.0
952778,447000.0
952818,388000.0
952900,98000.0
952916,86000.0
953005,200000.0
953024,348000.0
953047,112000.0
953057,127000.0
953161,329000.0
953163,314000.0
953176,65000.0
953177,65000.0
953181,65000.0
953182,65000.0
953227,96000.0
953228,119000.0
953237,194000.0
953293,135000.0
953325,88000.0
953326,88000.0
953330,76000.0
953375,144000.0
953481,164000.0
953486,442000.0
953512,176000.0
953552,191000.0
953564,135000.0
953626,154000.0
953702,243000.0
953744,87000.0
953778,86000.0
953795,240000.0
953797,315000.0
953857,103000.0
953894,467000.0
953920,265000.0
953922,264000.0
953931,102000.0
953965,123000.0
954066,98000.0
954138,242000.0
954190,148000.0
954216,144000.0
954292,155000.0
954302,240000.0
954319,99000.0
954351,711000.0
954413,82000.0
954419,480000.0
954452,426000.0
954503,149000.0
954505,114000.0
954535,79000.0
954548,131000.0
954563,91000.0
954578,166000.0
954584,187000.0
954608,217000.0
954615,78000.0
954627,135000.0
954649,291000.0
954700,320000.0
954717,147000.0
954721,72000.0
954735,132000.0
954747,196000.0
954762,495000.0
954787,189000.0
954809,84000.0
954828,120000.0
954831,91000.0
954867,162000.0
954868,165000.0
954880,92000.0
954892,670000.0
954911,79000.0
954926,432000.0
954928,766000.0
954955,88000.0
954963,273000.0
954972,1012000.0
954992,253000.0
955082,172000.0
955110,185000.0
955132,131000.0
955142,285000.0
955152,192000.0
955153,426000.0
955160,222000.0
955162,68000.0
955164,322000.0
955189,127000.0
955190,179000.0
955207,174000.0
955287,153000.0
955308,161000.0
955309,161000.0
955361,104000.0
955376,179000.0
955429,105000.0
955444,89000.0
955445,171000.0
955456,84000.0
955502,584000.0
955525,251000.0
955528,79000.0
955541,133000.0
955557,251000.0
955562,441000.0
955575,214000.0
955601,252000.0
955609,117000.0
955639,134000.0
955664,166000.0
955682,196000.0
955700,177000.0
955727,170000.0
955782,107000.0
955786,75000.0
955801,222000.0
955815,180000.0
955864,119000.0
955926,182000.0
955932,161000.0
955939,340000.0
955961,119000.0
955974,84000.0
955994,93000.0
956001,92000.0
956005,215000.0
956031,596000.0
956035,90000.0
956036,90000.0
956038,318000.0
956042,90000.0
956044,90000.0
956046,90000.0
956050,90000.0
956051,90000.0
956130,151000.0
956137,67000.0
956144,229000.0
956156,159000.0
956187,123000.0
956223,140000.0
956246,62000.0
956263,184000.0
956304,137000.0
956308,566000.0
956488,113000.0
956523,198000.0
956535,221000.0
956556,108000.0
956558,230000.0
956600,306000.0
956627,402000.0
956631,82000.0
956661,250000.0
956687,92000.0
956694,169000.0
956767,232000.0
956774,73000.0
956907,226000.0
956962,129000.0
956966,84000.0
957053,188000.0
957065,72000.0
957149,252000.0
957192,192000.0
957242,182000.0
957408,81000.0
957420,76000.0
957421,190000.0
957444,163000.0
957446,112000.0
957539,338000.0
957550,80000.0
957566,114000.0
957573,161000.0
957608,116000.0
957648,119000.0
957674,80000.0
957675,80000.0
957676,80000.0
957679,184000.0
957684,85000.0
957685,54000.0
957687,116000.0
957699,153000.0
957708,221000.0
957709,221000.0
957720,92000.0
957724,102000.0
957725,79000.0
957749,115000.0
957758,113000.0
957793,87000.0
957840,133000.0
957852,221000.0
957875,150000.0
957955,143000.0
957967,170000.0
957971,220000.0
957987,93000.0
958016,157000.0
958019,100000.0
958038,177000.0
958045,68000.0
958063,380000.0
958116,137000.0
958119,88000.0
958190,112000.0
958198,144000.0
958259,160000.0
958270,176000.0
958285,86000.0
958288,194000.0
958345,129000.0
958383,86000.0
958422,106000.0
958425,220000.0
958428,192000.0
958430,162000.0
958447,85000.0
958454,81000.0
958455,68000.0
958456,84000.0
958493,86000.0
958512,214000.0
958516,83000.0
958517,140000.0
958519,99000.0
958526,114000.0
958527,165000.0
958533,239000.0
958535,70000.0
958538,95000.0
958565,79000.0
958569,146000.0
958570,85000.0
958572,125000.0
958601,71000.0
958657,134000.0
958666,208000.0
958667,105000.0
958671,98000.0
958675,155000.0
958676,174000.0
958679,98000.0
958693,54000.0
958694,54000.0
958697,54000.0
958698,54000.0
958705,128000.0
958707,216000.0
958770,129000.0
958783,165000.0
958791,175000.0
958792,172000.0
958793,151000.0
958797,116000.0
958799,162000.0
958831,372000.0
958839,190000.0
958896,124000.0
958898,199000.0
958985,112000.0
959021,545000.0
959030,94000.0
959031,126000.0
959060,303000.0
959112,121000.0
959114,188000.0
959117,77000.0
959118,125000.0
959121,100000.0
959122,79000.0
959123,120000.0
959124,188000.0
959125,77000.0
959126,80000.0
959128,78000.0
959129,80000.0
959130,94000.0
959131,125000.0
959133,94000.0
959134,261000.0
959142,150000.0
959153,671000.0
959154,671000.0
959166,130000.0
959224,110000.0
959227,115000.0
959265,74000.0
959323,137000.0
959324,91000.0
959357,188000.0
959362,707000.0
959394,271000.0
959419,192000.0
959433,151000.0
959451,156000.0
959466,200000.0
959468,78000.0
959469,92000.0
959476,111000.0
959683,202000.0
959723,92000.0
959725,130000.0
959726,130000.0
959728,130000.0
959741,174000.0
959742,158000.0
959743,171000.0
959744,144000.0
959757,276000.0
959759,116000.0
959940,97000.0
959967,365000.0
960018,268000.0
960029,262000.0
960058,87000.0
960091,240000.0
960118,83000.0
960163,99000.0
960165,131000.0
960169,145000.0
960226,196000.0
960235,132000.0
960241,92000.0
960274,131000.0
960275,186000.0
960284,90000.0
960286,87000.0
960287,68000.0
960289,87000.0
960290,74000.0
960310,380000.0
960340,128000.0
960362,90000.0
960393,105000.0
960410,93000.0
960431,206000.0
960451,112000.0
960478,353000.0
960529,158000.0
960530,132000.0
960581,88000.0
960597,74000.0
960598,265000.0
960634,161000.0
960687,155000.0
960863,154000.0
960913,90000.0
960931,98000.0
960946,123000.0
960947,97000.0
960983,229000.0
961006,61000.0
961035,428000.0
961042,230000.0
961048,134000.0
961123,144000.0
961141,233000.0
961143,367000.0
961183,155000.0
961216,180000.0
961226,81000.0
961246,190000.0
961256,75000.0
961289,102000.0
961337,92000.0
961387,246000.0
961389,196000.0
961395,96000.0
961408,259000.0
961419,92000.0
961420,92000.0
961421,92000.0
961452,220000.0
961461,230000.0
961478,154000.0
961488,94000.0
961489,141000.0
961522,117000.0
961530,219000.0
961548,110000.0
961574,253000.0
961601,192000.0
961605,74000.0
961608,523000.0
961609,154000.0
961699,212000.0
961715,185000.0
961768,179000.0
961788,186000.0
961789,216000.0
961790,135000.0
961791,200000.0
961792,136000.0
961817,83000.0
961822,413000.0
961854,216000.0
961872,118000.0
961877,192000.0
961882,174000.0
962051,81000.0
962065,563000.0
962066,185000.0
962080,644000.0
962082,94000.0
962083,225000.0
962090,325000.0
962109,160000.0
962116,110000.0
962141,300000.0
962144,300000.0
962159,217000.0
962160,188000.0
962165,50000.0
962176,162000.0
962178,119000.0
962179,112000.0
962180,128000.0
962181,127000.0
962182,81000.0
962184,79000.0
962186,138000.0
962217,105000.0
962219,115000.0
962225,114000.0
962235,479000.0
962236,479000.0
962263,158000.0
962287,354000.0
962316,139000.0
962319,515000.0
962336,154000.0
962412,98000.0
962416,98000.0
962419,132000.0
962438,153000.0
962448,109000.0
962501,94000.0
962520,129000.0
962546,127000.0
962551,103000.0
962559,99000.0
962567,171000.0
962572,144000.0
962579,124000.0
962585,206000.0
962586,176000.0
962591,122000.0
962592,122000.0
962630,130000.0
962635,136000.0
962677,92000.0
962728,84000.0
962755,196000.0
962778,160000.0
962796,225000.0
962835,312000.0
962839,312000.0
962845,122000.0
962907,180000.0
962922,619000.0
963001,146000.0
963003,79000.0
963019,87000.0
963020,188000.0
963022,87000.0
963023,188000.0
963041,97000.0
963049,353000.0
963118,251000.0
963122,238000.0
963130,180000.0
963165,62000.0
963199,154000.0
963205,69000.0
963229,217000.0
963313,422000.0
963314,197000.0
963319,92000.0
963325,81000.0
963327,74000.0
963340,145000.0
963362,115000.0
963366,118000.0
963375,481000.0
963378,183000.0
963381,154000.0
963447,197000.0
963472,177000.0
963488,184000.0
963490,118000.0
963539,581000.0
963651,100000.0
963676,113000.0
963682,72000.0
963837,79000.0
963857,273000.0
963905,236000.0
963929,128000.0
963960,114000.0
963971,1030000.0
963973,170000.0
963986,118000.0
964018,117000.0
964048,245000.0
964049,245000.0
964055,201000.0
964098,62000.0
964135,68000.0
964156,148000.0
964157,94000.0
964171,282000.0
964207,102000.0
964208,100000.0
964209,102000.0
964271,167000.0
964304,116000.0
964312,105000.0
964314,363000.0
964333,155000.0
964369,137000.0
964488,182000.0
964527,76000.0
964570,191000.0
964580,985000.0
964591,161000.0
964592,163000.0
964593,160000.0
964595,194000.0
964622,231000.0
964625,136000.0
964642,1235000.0
964705,189000.0
964813,76000.0
964839,211000.0
964849,63000.0
964911,65000.0
964984,123000.0
964997,181000.0
965033,181000.0
965053,78000.0
965089,144000.0
965099,118000.0
965116,132000.0
965131,61000.0
965145,111000.0
965153,220000.0
965176,1028000.0
965182,862000.0
965184,135000.0
965201,163000.0
965216,97000.0
965242,81000.0
965260,99000.0
965262,181000.0
965305,84000.0
965315,103000.0
965320,149000.0
965321,207000.0
965322,96000.0
965324,192000.0
965325,129000.0
965326,121000.0
965341,272000.0
965342,641000.0
965346,86000.0
965349,143000.0
965438,79000.0
965466,91000.0
965474,213000.0
965499,139000.0
965515,655000.0
965560,470000.0
965648,232000.0
965688,401000.0
965717,127000.0
965754,740000.0
965792,237000.0
965794,545000.0
965821,668000.0
965856,119000.0
965860,121000.0
965954,158000.0
965967,62000.0
965968,533000.0
965975,155000.0
965981,91000.0
965989,454000.0
965993,180000.0
966015,267000.0
966059,213000.0
966070,99000.0
966074,176000.0
966123,81000.0
966139,141000.0
966205,139000.0
966220,176000.0
966221,167000.0
966238,84000.0
966269,87000.0
966276,144000.0
966385,157000.0
966397,79000.0
966400,83000.0
966406,87000.0
966407,186000.0
966413,116000.0
966548,137000.0
966549,123000.0
966562,240000.0
966579,123000.0
966639,143000.0
966650,74000.0
966654,132000.0
966664,91000.0
966674,88000.0
966692,201000.0
966729,151000.0
966732,406000.0
966736,69000.0
966737,91000.0
966740,87000.0
966773,69000.0
966776,468000.0
966777,93000.0
966785,130000.0
966863,265000.0
966867,134000.0
966884,60000.0
967014,185000.0
967027,97000.0
967032,42000.0
967048,119000.0
967051,196000.0
967073,50000.0
967078,88000.0
967082,88000.0
967103,269000.0
967105,337000.0
967112,140000.0
967117,75000.0
967166,182000.0
967193,107000.0
967213,89000.0
967243,360000.0
967255,217000.0
967256,158000.0
967274,69000.0
967362,483000.0
967411,402000.0
967424,102000.0
967430,147000.0
967440,272000.0
967447,65000.0
967477,124000.0
967478,166000.0
967479,124000.0
967480,166000.0
967481,124000.0
967482,124000.0
967517,238000.0
967546,100000.0
967589,507000.0
967639,143000.0
967656,622000.0
967666,123000.0
967726,167000.0
967727,82000.0
967768,216000.0
967803,224000.0
967816,120000.0
967891,106000.0
967966,127000.0
967985,87000.0
967996,119000.0
968019,180000.0
968035,461000.0
968063,217000.0
968149,382000.0
968159,212000.0
968186,186000.0
968187,240000.0
968188,131000.0
968215,212000.0
968217,215000.0
968228,62000.0
968232,80000.0
968238,99000.0
968240,99000.0
968277,250000.0
968292,151000.0
968333,101000.0
968353,192000.0
968365,86000.0
968442,132000.0
968487,87000.0
968527,320000.0
968535,380000.0
968598,58000.0
968605,479000.0
968628,165000.0
968631,83000.0
968633,74000.0
968723,350000.0
968786,87000.0
968788,78000.0
968812,129000.0
968839,165000.0
968898,300000.0
968899,233000.0
968907,236000.0
968908,137000.0
968942,109000.0
968974,110000.0
968981,239000.0
968986,190000.0
968991,124000.0
969006,190000.0
969040,143000.0
969050,155000.0
969082,276000.0
969083,346000.0
969126,120000.0
969168,138000.0
969211,179000.0
969215,163000.0
969216,111000.0
969312,75000.0
969313,171000.0
969332,83000.0
969338,83000.0
969382,86000.0
969384,127000.0
969386,169000.0
969420,138000.0
969432,218000.0
969434,227000.0
969465,193000.0
969484,100000.0
969486,299000.0
969510,314000.0
969529,110000.0
969551,177000.0
969572,115000.0
969592,82000.0
969597,229000.0
969753,155000.0
969763,87000.0
969791,357000.0
969793,60000.0
969821,83000.0
969838,127000.0
969862,132000.0
969873,314000.0
969882,169000.0
969889,521000.0
969891,80000.0
969926,123000.0
969928,76000.0
969929,76000.0
969933,105000.0
969954,158000.0
970078,122000.0
970079,311000.0
970210,89000.0
970216,89000.0
970312,196000.0
970329,82000.0
970398,259000.0
970400,90000.0
970401,90000.0
970404,90000.0
970405,90000.0
970412,90000.0
970427,183000.0
970442,456000.0
970459,137000.0
970491,241000.0
970585,91000.0
970587,265000.0
970654,634000.0
970657,268000.0
970705,113000.0
970711,123000.0
970714,229000.0
970728,299000.0
970764,178000.0
970771,264000.0
970786,81000.0
970817,179000.0
970868,71000.0
970888,115000.0
970947,112000.0
970961,129000.0
970980,87000.0
970988,434000.0
971011,174000.0
971020,170000.0
971029,75000.0
971033,70000.0
971083,162000.0
971088,59000.0
971102,282000.0
971111,81000.0
971160,194000.0
971222,77000.0
971235,215000.0
971238,141000.0
971248,104000.0
971264,91000.0
971332,214000.0
971401,116000.0
971433,166000.0
971445,192000.0
971483,344000.0
971505,127000.0
971510,97000.0
971557,118000.0
971558,508000.0
971561,150000.0
971563,69000.0
971591,310000.0
971615,453000.0
971627,114000.0
971633,121000.0
971661,266000.0
971666,127000.0
971673,230000.0
971685,173000.0
971688,96000.0
971731,956000.0
971733,229000.0
971748,228000.0
971779,128000.0
971780,72000.0
971794,497000.0
971800,483000.0
971828,80000.0
971852,374000.0
971853,104000.0
971869,166000.0
971893,79000.0
971896,743000.0
971941,107000.0
971953,161000.0
971973,115000.0
971981,765000.0
972061,293000.0
972062,293000.0
972118,80000.0
972189,207000.0
972259,150000.0
972279,77000.0
972291,109000.0
972303,136000.0
972341,73000.0
972396,147000.0
972409,95000.0
972423,149000.0
972428,141000.0
972438,144000.0
972457,131000.0
972463,103000.0
972466,109000.0
972471,216000.0
972475,121000.0
972507,191000.0
972521,956000.0
972525,368000.0
972565,80000.0
972580,176000.0
972715,234000.0
972769,125000.0
972838,107000.0
972842,195000.0
972867,83000.0
972923,131000.0
973030,112000.0
973244,70000.0
973273,138000.0
973296,59000.0
973300,141000.0
973304,104000.0
973322,105000.0
973360,91000.0
973361,146000.0
973392,98000.0
973393,170000.0
973399,87000.0
973409,56000.0
973625,95000.0
973626,99000.0
973674,77000.0
973790,169000.0
973799,554000.0
973800,179000.0
973808,317000.0
973816,237000.0
973848,100000.0
973849,100000.0
973850,107000.0
973852,68000.0
973913,115000.0
973914,115000.0
973919,99000.0
973923,413000.0
973931,100000.0
973933,123000.0
973936,103000.0
973937,103000.0
973938,103000.0
973939,114000.0
973974,107000.0
973997,315000.0
973998,438000.0
974004,76000.0
974009,95000.0
974010,93000.0
974011,126000.0
974029,85000.0
974044,339000.0
974062,221000.0
974122,107000.0
974123,124000.0
974125,95000.0
974128,191000.0
974129,191000.0
974130,191000.0
974132,100000.0
974138,82000.0
974182,145000.0
974209,143000.0
974288,112000.0
974291,579000.0
974321,81000.0
974325,257000.0
974329,97000.0
974335,155000.0
974337,123000.0
974363,209000.0
974365,88000.0
974370,168000.0
974406,150000.0
974407,150000.0
974432,86000.0
974460,86000.0
974472,89000.0
974498,349000.0
974527,182000.0
974566,69000.0
974570,113000.0
974571,58000.0
974605,182000.0
974625,128000.0
974627,102000.0
974737,110000.0
974748,162000.0
974756,226000.0
974802,455000.0
974803,174000.0
974848,97000.0
974863,138000.0
974957,145000.0
974995,105000.0
975004,164000.0
975034,104000.0
975045,85000.0
975064,270000.0
975094,109000.0
975113,773000.0
975121,72000.0
975142,436000.0
975189,244000.0
975204,283000.0
975684,562000.0
975738,537000.0
975893,71000.0
975960,174000.0
975965,114000.0
975971,254000.0
975973,129000.0
976102,164000.0
976136,81000.0
976176,70000.0
976194,90000.0
976223,138000.0
976790,90000.0
976796,98000.0
976831,127000.0
976844,220000.0
976846,147000.0
976869,242000.0
976876,91000.0
976942,131000.0
976948,246000.0
977106,87000.0
977126,112000.0
977160,235000.0
977222,90000.0
977224,90000.0
977232,281000.0
977312,472000.0
977316,96000.0
977321,188000.0
977324,118000.0
977326,144000.0
977344,113000.0
977374,64000.0
977376,327000.0
977377,113000.0
977379,144000.0
977412,127000.0
977458,166000.0
977460,147000.0
977464,92000.0
977488,240000.0
977506,1448000.0
977613,198000.0
977650,95000.0
977652,267000.0
977653,78000.0
977658,652000.0
977661,122000.0
977687,89000.0
977726,87000.0
977754,276000.0
977778,74000.0
977783,73000.0
977790,69000.0
977815,155000.0
977816,162000.0
977850,160000.0
977854,64000.0
977860,250000.0
977892,134000.0
977893,174000.0
977908,162000.0
977923,249000.0
977960,79000.0
977971,92000.0
978147,178000.0
978197,55000.0
978202,115000.0
978203,40000.0
978279,110000.0
978321,126000.0
978322,94000.0
978325,94000.0
978329,137000.0
978331,94000.0
978334,124000.0
978348,129000.0
978375,86000.0
978425,116000.0
978427,131000.0
978429,109000.0
978432,126000.0
978444,312000.0
978449,196000.0
978673,432000.0
978695,184000.0
978730,142000.0
978731,86000.0
978753,82000.0
978765,113000.0
978789,69000.0
978795,215000.0
978858,365000.0
978906,102000.0
978909,367000.0
978910,223000.0
978912,367000.0
978935,102000.0
978958,275000.0
978959,275000.0
978999,650000.0
979014,166000.0
979050,179000.0
979051,179000.0
979084,158000.0
979101,82000.0
979108,109000.0
979121,120000.0
979131,97000.0
979175,76000.0
979191,354000.0
979243,59000.0
979248,105000.0
979249,120000.0
979256,75000.0
979279,70000.0
979282,70000.0
979283,91000.0
979319,143000.0
979358,397000.0
979369,148000.0
979393,113000.0
979403,77000.0
979443,112000.0
979445,90000.0
979447,90000.0
979449,90000.0
979453,90000.0
979457,131000.0
979458,443000.0
979468,140000.0
979551,213000.0
979584,67000.0
979587,316000.0
979595,86000.0
979642,135000.0
979659,90000.0
979665,63000.0
979679,145000.0
979743,79000.0
979750,81000.0
979751,81000.0
979812,94000.0
979832,255000.0
979837,70000.0
979853,271000.0
979854,218000.0
979931,156000.0
980083,196000.0
980197,105000.0
980233,126000.0
980239,81000.0
980240,131000.0
980273,157000.0
980329,262000.0
980330,304000.0
980349,97000.0
980411,463000.0
980460,77000.0
980526,341000.0
980552,164000.0
980564,96000.0
980566,101000.0
980601,124000.0
980692,97000.0
980751,98000.0
980849,93000.0
980863,103000.0
980864,178000.0
980867,99000.0
980942,826000.0
980981,186000.0
981136,155000.0
981167,108000.0
981169,186000.0
981268,101000.0
981269,101000.0
981270,101000.0
981332,85000.0
981380,72000.0
981464,125000.0
981671,114000.0
981683,686000.0
981684,935000.0
981685,421000.0
981689,399000.0
981696,221000.0
981697,240000.0
981698,140000.0
981699,139000.0
981714,78000.0
981742,117000.0
981894,155000.0
981947,167000.0
982012,96000.0
982055,88000.0
982274,182000.0
982285,111000.0
983029,270000.0
983030,362000.0
983126,208000.0
983170,94000.0
983293,188000.0
983294,175000.0
983298,75000.0
983374,93000.0
983378,163000.0
983651,168000.0
983752,105000.0
984096,78000.0
984122,65000.0
984320,87000.0
984322,225000.0
984733,82000.0
984734,106000.0
984768,247000.0
984892,97000.0
985039,114000.0
985041,330000.0
985042,330000.0
985043,330000.0
985119,281000.0
985151,123000.0
985154,122000.0
985156,172000.0
985159,418000.0
985161,188000.0
985165,794000.0
985166,958000.0
985167,396000.0
985313,134000.0
985320,169000.0
985337,177000.0
985364,89000.0
985407,119000.0
985520,109000.0
985545,63000.0
985670,88000.0
985683,131000.0
985684,129000.0
985767,142000.0
985811,99000.0
985813,91000.0
985814,101000.0
985815,91000.0
985818,87000.0
985840,199000.0
985841,116000.0
985981,191000.0
986056,150000.0
986103,116000.0
986115,92000.0
986139,103000.0
986207,86000.0
986208,87000.0
986212,134000.0
986213,134000.0
986214,154000.0
986274,208000.0
986275,228000.0
986390,113000.0
986417,112000.0
986512,185000.0
986616,88000.0
986618,88000.0
987237,118000.0
987240,133000.0
987247,87000.0
987346,204000.0
987563,161000.0
987614,296000.0
987631,386000.0
987671,205000.0
987844,299000.0
987916,90000.0
987959,186000.0
988030,85000.0
988085,191000.0
988120,80000.0
988128,115000.0
988131,76000.0
988330,250000.0
988404,184000.0
988522,109000.0
988664,113000.0
988763,76000.0
988798,124000.0
988844,135000.0
988874,180000.0
988876,78000.0
988929,160000.0
988942,113000.0
988993,373000.0
989061,76000.0
989298,112000.0
989301,72000.0
989302,215000.0
989305,72000.0
989372,98000.0
989373,98000.0
989378,194000.0
989379,194000.0
989380,72000.0
989419,89000.0
989524,124000.0
989588,120000.0
989589,131000.0
989592,175000.0
989593,97000.0
989666,97000.0
989733,177000.0
989814,90000.0
989873,135000.0
989876,114000.0
989903,49000.0
989933,84000.0
989942,275000.0
989988,87000.0
989990,87000.0
989996,152000.0
990011,132000.0
990133,144000.0
990149,167000.0
990150,115000.0
990151,115000.0
990152,115000.0
990166,132000.0
990272,385000.0
990286,107000.0
990330,234000.0
991069,167000.0
991073,88000.0
991157,104000.0
991199,110000.0
991266,245000.0
991272,624000.0
991278,103000.0
991349,148000.0
991352,217000.0
991425,203000.0
991464,691000.0
991467,124000.0
991468,124000.0
991469,128000.0
991475,93000.0
991477,135000.0
991480,158000.0
991487,194000.0
991490,89000.0
991616,404000.0
991701,141000.0
991703,124000.0
991720,102000.0
991738,172000.0
991812,144000.0
991825,165000.0
991826,181000.0
991832,554000.0
991836,278000.0
991895,76000.0
991908,73000.0
991913,85000.0
991940,128000.0
992565,170000.0
992574,196000.0
992717,234000.0
992721,155000.0
992722,155000.0
992724,95000.0
992726,93000.0
992727,147000.0
992728,68000.0
992745,159000.0
992746,126000.0
992775,134000.0
992783,109000.0
992832,584000.0
992874,138000.0
992899,81000.0
992904,79000.0
992948,127000.0
992977,56000.0
992988,93000.0
993216,84000.0
993459,216000.0
993468,255000.0
993509,128000.0
993527,76000.0
994032,117000.0
994088,360000.0
994215,127000.0
994299,70000.0
994506,128000.0
994507,68000.0
994530,133000.0
994764,164000.0
994812,116000.0
994814,116000.0
994834,116000.0
994906,162000.0
994936,148000.0
994956,161000.0
994960,129000.0
994983,182000.0
994991,130000.0
994995,92000.0
995000,287000.0
995001,129000.0
995007,126000.0
995008,123000.0
995021,100000.0
995031,100000.0
995035,100000.0
995036,100000.0
995042,110000.0
995044,81000.0
995055,154000.0
995057,149000.0
995076,120000.0
995118,131000.0
995133,62000.0
995142,94000.0
995260,103000.0
995313,231000.0
995352,88000.0
995366,83000.0
995437,156000.0
995479,205000.0
995619,163000.0
995646,144000.0
995669,116000.0
995780,76000.0
995874,228000.0
995916,129000.0
995946,99000.0
995947,59000.0
995948,327000.0
996053,97000.0
996103,286000.0
996178,89000.0
996180,173000.0
996184,174000.0
996364,94000.0
996473,398000.0
996581,147000.0
996796,166000.0
996804,121000.0
997041,192000.0
997166,300000.0
997167,295000.0
997168,241000.0
997186,102000.0
997196,123000.0
997244,104000.0
997245,181000.0
997392,110000.0
997403,215000.0
997443,192000.0
997541,573000.0
997542,566000.0
997691,273000.0
997755,91000.0
997773,99000.0
997774,99000.0
997795,155000.0
997808,263000.0
997935,86000.0
998092,179000.0
998095,845000.0
998098,155000.0
998275,125000.0
998276,69000.0
998376,228000.0
998498,564000.0
998564,89000.0
998567,495000.0
998574,93000.0
998575,170000.0
998577,70000.0
998615,122000.0
998616,92000.0
998620,92000.0
998621,92000.0
998622,97000.0
998624,98000.0
998645,97000.0
998646,78000.0
998649,161000.0
998650,71000.0
998651,81000.0
998862,230000.0
998925,223000.0
999025,325000.0
999050,114000.0
999543,86000.0
999625,97000.0
999712,198000.0
999754,239000.0
999960,120000.0
1000541,101000.0
1000644,557000.0
1000692,280000.0
1000727,309000.0
1001116,119000.0
1001294,224000.0
1001409,198000.0
1001421,145000.0
1001616,131000.0
1001945,127000.0
1001991,307000.0
1002183,85000.0
1002319,296000.0
1002326,124000.0
1002411,97000.0
1002412,74000.0
1002571,319000.0
1002606,695000.0
1002607,695000.0
1002626,256000.0
1002643,132000.0
1002658,84000.0
1002678,874000.0
1002694,128000.0
1002727,95000.0
1002742,195000.0
1002822,103000.0
1002827,114000.0
1002861,112000.0
1002863,112000.0
1002864,112000.0
1002865,112000.0
1003030,294000.0
1003043,109000.0
1003047,163000.0
1003089,108000.0
1003171,413000.0
1003257,122000.0
1003435,599000.0
1003611,101000.0
1003612,138000.0
1003619,88000.0
1003639,213000.0
1003692,86000.0
1003816,108000.0
1003817,645000.0
1003836,137000.0
1003840,210000.0
1003859,192000.0
1003902,88000.0
1003907,155000.0
1003940,84000.0
1003956,285000.0
1003974,122000.0
1003976,122000.0
1003980,122000.0
1003985,267000.0
1003988,189000.0
1004037,315000.0
1004051,93000.0
1004069,90000.0
1004074,81000.0
1004075,110000.0
1004084,155000.0
1004189,241000.0
1004217,128000.0
1004262,154000.0
1004284,69000.0
1004331,663000.0
1004336,133000.0
1004413,777000.0
1004421,196000.0
1004490,694000.0
1004566,98000.0
1004579,78000.0
1004675,98000.0
1004832,82000.0
1004935,72000.0
1005039,82000.0
1005060,85000.0
1005124,112000.0
1005127,92000.0
1005128,87000.0
1005129,92000.0
1005130,140000.0
1005132,140000.0
1005134,151000.0
1005138,142000.0
1005236,144000.0
1005238,144000.0
1005262,150000.0
1005413,70000.0
1005464,100000.0
1005466,275000.0
1005467,117000.0
1005547,118000.0
1005674,154000.0
1005675,154000.0
1005710,655000.0
1005732,262000.0
1005936,99000.0
1005980,109000.0
1005986,286000.0
1005987,118000.0
1006073,606000.0
1006141,334000.0
1006421,293000.0
1006494,99000.0
1006532,81000.0
1006557,183000.0
1006674,148000.0
1006675,89000.0
1006761,188000.0
1006797,117000.0
1006798,237000.0
1006876,228000.0
1006880,169000.0
1006988,122000.0
1007061,556000.0
1007082,263000.0
1007101,95000.0
1007108,241000.0
1007109,90000.0
1007172,546000.0
1007233,74000.0
1007235,76000.0
1007239,99000.0
1007271,89000.0
1007352,433000.0
1007401,82000.0
1007430,136000.0
1007571,57000.0
1007600,310000.0
1007789,87000.0
1007797,101000.0
1007830,108000.0
1007849,107000.0
1007856,125000.0
1007857,130000.0
1007917,150000.0
1007967,230000.0
1007994,80000.0
1008148,63000.0
1008157,214000.0
1008169,169000.0
1008170,190000.0
1008173,179000.0
1008307,335000.0
1008308,141000.0
1008352,81000.0
1008357,76000.0
1008358,176000.0
1008361,76000.0
1008386,141000.0
1008418,207000.0
1008428,78000.0
1008433,78000.0
1008501,193000.0
1008510,118000.0
1008550,78000.0
1008563,88000.0
1008564,88000.0
1008595,68000.0
1008641,104000.0
1008677,105000.0
1008707,167000.0
1008732,138000.0
1008734,140000.0
1008741,101000.0
1008744,110000.0
1008749,253000.0
1008759,147000.0
1008760,147000.0
1008803,209000.0
1008804,209000.0
1008805,209000.0
1008829,150000.0
1008833,100000.0
1008838,102000.0
1008855,157000.0
1008862,83000.0
1008878,181000.0
1008892,230000.0
1008914,316000.0
1008927,216000.0
1008932,222000.0
1009016,110000.0
1009077,90000.0
1009084,91000.0
1009088,102000.0
1009218,86000.0
1009229,67000.0
1009308,228000.0
1009310,94000.0
1009337,239000.0
1009366,126000.0
1009424,227000.0
1009487,120000.0
1009509,98000.0
1009510,97000.0
1009517,387000.0
1009520,139000.0
1009528,113000.0
1009530,106000.0
1009531,103000.0
1009532,104000.0
1009533,113000.0
1009534,118000.0
1009535,106000.0
1009590,71000.0
1009596,71000.0
1009672,80000.0
1009736,109000.0
1009859,143000.0
1009864,266000.0
1009866,105000.0
1009891,94000.0
1009942,267000.0
1009948,108000.0
1009965,145000.0
1009970,145000.0
1010054,96000.0
1010066,104000.0
1010068,168000.0
1010069,168000.0
1010104,616000.0
1010110,108000.0
1010185,462000.0
1010186,94000.0
1010276,152000.0
1010411,137000.0
1010542,162000.0
1010544,92000.0
1010584,280000.0
1010592,150000.0
1010667,165000.0
1010678,162000.0
1010679,191000.0
1010680,191000.0
1010686,247000.0
1010704,414000.0
1010740,170000.0
1010833,104000.0
1010913,106000.0
1010950,88000.0
1010951,88000.0
1010980,77000.0
1010999,154000.0
1011028,95000.0
1011032,153000.0
1011122,86000.0
1011132,83000.0
1011134,83000.0
1011135,83000.0
1011148,110000.0
1011150,110000.0
1011203,346000.0
1011204,346000.0
1011275,146000.0
1011335,120000.0
1011414,125000.0
1011429,100000.0
1011430,100000.0
1011489,84000.0
1011573,84000.0
1011574,84000.0
1011701,133000.0
1011778,83000.0
1011854,324000.0
1011914,93000.0
1012038,204000.0
1012128,106000.0
1012273,117000.0
1012311,127000.0
1012320,96000.0
1012331,368000.0
1012332,234000.0
1012339,68000.0
1012507,108000.0
1012542,118000.0
1012574,254000.0
1012587,85000.0
1012712,616000.0
1012714,91000.0
1012716,77000.0
1012752,649000.0
1012830,126000.0
1012898,431000.0
1012945,112000.0
1013031,129000.0
1013155,209000.0
1013161,128000.0
1013177,121000.0
1013187,177000.0
1013234,209000.0
1013244,478000.0
1013288,211000.0
1013290,112000.0
1013352,228000.0
1013443,157000.0
1013494,112000.0
1013507,76000.0
1013544,331000.0
1013547,118000.0
1013630,86000.0
1013704,278000.0
1013740,147000.0
1013742,106000.0
1013743,106000.0
1013786,207000.0
1013962,287000.0
1014083,159000.0
1014108,103000.0
1014164,142000.0
1014237,101000.0
1014240,148000.0
1014368,237000.0
1014476,112000.0
1014483,196000.0
1014498,113000.0
1014551,112000.0
1014571,122000.0
1014624,141000.0
1014635,76000.0
1014637,115000.0
1014638,108000.0
1014641,360000.0
1014665,232000.0
1014669,90000.0
1014738,59000.0
1014928,670000.0
1014999,175000.0
1015031,94000.0
1015103,107000.0
1015125,170000.0
1015134,189000.0
1015243,115000.0
1015347,108000.0
1015350,127000.0
1015360,144000.0
1015361,144000.0
1015366,144000.0
1015403,146000.0
1015482,107000.0
1015484,186000.0
1015485,82000.0
1015486,82000.0
1015502,95000.0
1015524,283000.0
1015534,305000.0
1015540,135000.0
1015557,76000.0
1015579,94000.0
1015597,160000.0
1015681,85000.0
1015697,186000.0
1015714,187000.0
1015804,77000.0
1015824,103000.0
1015843,156000.0
1015872,88000.0
1015908,101000.0
1015909,114000.0
1015911,133000.0
1015919,149000.0
1015920,116000.0
1016040,95000.0
1016042,136000.0
1016098,88000.0
1016117,231000.0
1016413,305000.0
1016734,147000.0
1016888,116000.0
1016927,154000.0
1017116,148000.0
1017118,99000.0
1017166,113000.0
1017176,159000.0
1017264,115000.0
1017383,77000.0
1017418,108000.0
1017424,82000.0
1017427,88000.0
1017428,138000.0
1017503,80000.0
1017563,54000.0
1017579,98000.0
1017600,165000.0
1017626,76000.0
1017637,348000.0
1017693,129000.0
1017750,330000.0
1017763,227000.0
1017782,119000.0
1017792,539000.0
1017846,83000.0
1017992,343000.0
1017998,93000.0
1018079,90000.0
1018135,123000.0
1018136,187000.0
1018166,836000.0
1018229,827000.0
1018248,179000.0
1018257,160000.0
1018417,169000.0
1018421,248000.0
1018428,101000.0
1018486,226000.0
1018523,171000.0
1018598,90000.0
1018621,84000.0
1018671,84000.0
1018822,236000.0
1018943,207000.0
1019039,60000.0
1019057,50000.0
1019062,627000.0
1019149,97000.0
1019151,65000.0
1019206,98000.0
1019298,98000.0
1019309,97000.0
1019343,305000.0
1019366,132000.0
1019367,165000.0
1019432,345000.0
1019561,138000.0
1019575,149000.0
1019659,237000.0
1019668,82000.0
1019672,87000.0
1019681,106000.0
1019683,137000.0
1019686,103000.0
1019696,115000.0
1019720,204000.0
1019763,70000.0
1019835,676000.0
1019872,95000.0
1019903,228000.0
1019908,187000.0
1019958,477000.0
1020047,340000.0
1020124,648000.0
1020278,87000.0
1020508,116000.0
1020554,89000.0
1020672,134000.0
1020673,190000.0
1020745,129000.0
1020844,97000.0
1021039,202000.0
1021263,81000.0
1021316,215000.0
1021412,158000.0
1021444,110000.0
1021447,136000.0
1021453,133000.0
1021485,148000.0
1021500,71000.0
1021509,79000.0
1021520,83000.0
1021560,149000.0
1021605,84000.0
1021606,158000.0
1021607,146000.0
1021749,234000.0
1021765,162000.0
1021768,130000.0
1021770,165000.0
1021833,147000.0
1021834,148000.0
1021855,55000.0
1021973,119000.0
1022085,106000.0
1022163,129000.0
1022166,336000.0
1022273,128000.0
1022312,99000.0
1022388,82000.0
1022399,98000.0
1022582,116000.0
1022587,225000.0
1022588,234000.0
1022596,124000.0
1022614,114000.0
1022695,188000.0
1022704,80000.0
1022715,124000.0
1022716,124000.0
1022717,113000.0
1022718,112000.0
1022719,113000.0
1022721,122000.0
1022750,114000.0
1022753,128000.0
1022755,112000.0
1022756,112000.0
1022760,94000.0
1022781,106000.0
1022782,112000.0
1022787,106000.0
1022790,112000.0
1022794,113000.0
1022795,112000.0
1022796,116000.0
1022798,111000.0
1022800,112000.0
1022801,113000.0
1022802,124000.0
1022844,102000.0
1022848,169000.0
1022960,107000.0
1023168,210000.0
1023169,210000.0
1023172,112000.0
1023173,112000.0
1023209,73000.0
1023230,153000.0
1023304,91000.0
1023340,228000.0
1023351,299000.0
1023393,101000.0
1023450,246000.0
1023458,85000.0
1023465,91000.0
1023468,208000.0
1023501,181000.0
1023505,143000.0
1023508,126000.0
1023511,126000.0
1023512,143000.0
1023513,143000.0
1023514,143000.0
1023518,125000.0
1023520,126000.0
1023521,143000.0
1023552,136000.0
1023559,681000.0
1023590,199000.0
1023664,124000.0
1023676,195000.0
1023677,195000.0
1023744,154000.0
1023764,123000.0
1023774,464000.0
1024012,157000.0
1024071,76000.0
1024126,97000.0
1024133,96000.0
1024324,179000.0
1024371,185000.0
1024444,80000.0
1024449,69000.0
1024456,519000.0
1024463,190000.0
1024474,259000.0
1024477,159000.0
1024508,83000.0
1024529,97000.0
1024536,183000.0
1024590,184000.0
1024625,208000.0
1024628,183000.0
1024636,90000.0
1062270,193000.0
1062278,448000.0
1062287,134000.0
1062389,277000.0
1062404,58000.0
1062442,103000.0
1062482,410000.0
1062512,142000.0
1062516,173000.0
1062537,188000.0
1062557,247000.0
1062572,67000.0
1062643,171000.0
1062645,111000.0
1062676,118000.0
1062691,191000.0
1062714,77000.0
1062737,393000.0
1062839,131000.0
1062840,171000.0
1062844,167000.0
1062946,108000.0
1062972,108000.0
1062991,102000.0
1063009,118000.0
1063010,171000.0
1063011,131000.0
1063045,128000.0
1063050,446000.0
1063051,149000.0
1063070,77000.0
1063106,272000.0
1063130,113000.0
1063217,171000.0
1063317,348000.0
1063480,99000.0
1063535,92000.0
1063601,264000.0
1063668,125000.0
1063704,83000.0
1063829,135000.0
1063862,149000.0
1063906,164000.0
1063923,219000.0
1064029,69000.0
1064042,233000.0
1064047,91000.0
1064050,62000.0
1064059,141000.0
1064061,103000.0
1064082,165000.0
1064093,166000.0
1064155,58000.0
1064165,71000.0
1064170,227000.0
1064189,138000.0
1064253,69000.0
1064260,52000.0
1064263,177000.0
1064289,69000.0
1064327,181000.0
1064340,101000.0
1064342,174000.0
1064347,404000.0
1064358,104000.0
1064389,267000.0
1064391,620000.0
1064393,220000.0
1064415,134000.0
1064420,88000.0
1064421,75000.0
1064424,91000.0
1064425,118000.0
1064433,98000.0
1064438,263000.0
1064469,162000.0
1064535,136000.0
1064536,132000.0
1064538,132000.0
1064539,464000.0
1064552,438000.0
1064556,69000.0
1064605,92000.0
1064632,191000.0
1064660,457000.0
1064707,104000.0
1064708,94000.0
1064709,205000.0
1064715,132000.0
1064718,181000.0
1064724,126000.0
1064774,83000.0
1064782,128000.0
1064786,104000.0
1064791,93000.0
1064836,719000.0
1064856,151000.0
1064863,191000.0
1064870,118000.0
1064872,133000.0
1064873,85000.0
1064904,161000.0
1064906,121000.0
1064997,235000.0
1064998,307000.0
1065033,100000.0
1065055,186000.0
1065146,158000.0
1065162,203000.0
1065164,131000.0
1065198,351000.0
1065199,351000.0
1065201,164000.0
1065202,106000.0
1065203,108000.0
1065246,103000.0
1065262,197000.0
1065274,159000.0
1065275,157000.0
1065297,91000.0
1065304,228000.0
1065320,177000.0
1065322,170000.0
1065328,116000.0
1065359,121000.0
1065372,171000.0
1065374,87000.0
1065377,185000.0
1065396,135000.0
1065406,224000.0
1065413,88000.0
1065448,89000.0
1065477,149000.0
1065483,162000.0
1065488,96000.0
1065529,144000.0
1065572,217000.0
1065607,105000.0
1065613,132000.0
1065615,132000.0
1065617,185000.0
1065619,79000.0
1065621,132000.0
1065641,123000.0
1065658,130000.0
1065662,116000.0
1065702,116000.0
1065761,149000.0
1065771,115000.0
1065835,174000.0
1065838,256000.0
1065848,106000.0
1065852,102000.0
1065855,122000.0
1065857,90000.0
1065859,94000.0
1065883,153000.0
1065901,237000.0
1065927,196000.0
1065939,188000.0
1065940,237000.0
1065970,194000.0
1065973,147000.0
1066009,165000.0
1066029,123000.0
1066035,122000.0
1066052,154000.0
1066060,108000.0
1066082,112000.0
1066109,86000.0
1066119,77000.0
1066134,99000.0
1066159,84000.0
1066160,89000.0
1066161,95000.0
1066162,89000.0
1066163,96000.0
1066170,87000.0
1066171,96000.0
1066172,94000.0
1066174,161000.0
1066191,136000.0
1066194,509000.0
1066245,123000.0
1066361,80000.0
1066365,331000.0
1066375,77000.0
1066378,88000.0
1066379,171000.0
1066409,139000.0
1066413,403000.0
1066448,103000.0
1066476,284000.0
1066524,122000.0
1066548,114000.0
1066602,185000.0
1066603,97000.0
1066605,179000.0
1066643,123000.0
1066644,185000.0
1066664,76000.0
1066730,156000.0
1066734,135000.0
1066736,149000.0
1066759,165000.0
1066761,76000.0
1066772,150000.0
1066792,251000.0
1066795,89000.0
1066832,85000.0
1066845,82000.0
1066847,188000.0
1066938,362000.0
1066944,258000.0
1066988,100000.0
1066996,186000.0
1067005,74000.0
1067009,148000.0
1067011,199000.0
1067037,92000.0
1067063,112000.0
1067064,89000.0
1067088,81000.0
1067115,182000.0
1067119,171000.0
1067291,145000.0
1067363,117000.0
1067374,208000.0
1067395,171000.0
1067402,118000.0
1067412,198000.0
1067425,115000.0
1067428,241000.0
1067430,200000.0
1067435,164000.0
1067478,710000.0
1067512,145000.0
1067533,200000.0
1067536,111000.0
1067549,161000.0
1067555,163000.0
1067557,156000.0
1067570,176000.0
1067575,284000.0
1067577,107000.0
1067578,107000.0
1067584,192000.0
1067596,102000.0
1067598,119000.0
1067614,166000.0
1067631,469000.0
1067649,77000.0
1067652,59000.0
1067687,327000.0
1067688,77000.0
1067704,90000.0
1067705,138000.0
1067731,134000.0
1067746,129000.0
1067756,133000.0
1067777,93000.0
1067793,271000.0
1067808,152000.0
1067821,106000.0
1067834,159000.0
1067846,76000.0
1067850,217000.0
1067853,328000.0
1067863,412000.0
1067913,126000.0
1067914,113000.0
1067962,81000.0
1067999,107000.0
1068022,76000.0
1068055,140000.0
1068076,121000.0
1068078,183000.0
1068136,106000.0
1068137,154000.0
1068155,275000.0
1068157,133000.0
1068158,141000.0
1068173,102000.0
1068240,178000.0
1068266,200000.0
1068324,93000.0
1068360,344000.0
1068386,172000.0
1068396,127000.0
1068406,84000.0
1068409,106000.0
1068414,163000.0
1068466,148000.0
1068489,132000.0
1068501,182000.0
1068520,470000.0
1068533,373000.0
1068611,152000.0
1068645,137000.0
1068683,560000.0
1068685,192000.0
1068698,76000.0
1068703,166000.0
1068737,102000.0
1068751,114000.0
1068752,76000.0
1068797,106000.0
1068824,178000.0
1068840,97000.0
1068894,83000.0
1068949,124000.0
1068954,494000.0
1068960,127000.0
1069002,88000.0
1069029,96000.0
1069034,118000.0
1069058,96000.0
1069115,172000.0
1069117,57000.0
1069137,69000.0
1069138,87000.0
1069204,185000.0
1069246,178000.0
1069293,430000.0
1069308,84000.0
1069388,220000.0
1069416,108000.0
1069429,87000.0
1069430,164000.0
1069489,302000.0
1069539,190000.0
1069541,94000.0
1069543,134000.0
1069544,100000.0
1069545,103000.0
1069602,220000.0
1069619,99000.0
1069633,99000.0
1069662,90000.0
1069672,152000.0
1069673,125000.0
1069712,189000.0
1069750,95000.0
1069782,86000.0
1069813,80000.0
1069835,95000.0
1069857,185000.0
1069881,115000.0
1069973,139000.0
1069981,97000.0
1069982,141000.0
1070002,141000.0
1070067,108000.0
1070070,99000.0
1070084,103000.0
1070089,221000.0
1070103,99000.0
1070165,175000.0
1070183,100000.0
1070185,140000.0
1070208,158000.0
1070245,99000.0
1070308,136000.0
1070362,133000.0
1070374,192000.0
1070378,122000.0
1070388,119000.0
1070394,191000.0
1070438,249000.0
1070454,117000.0
1070455,112000.0
1070456,93000.0
1070463,94000.0
1070467,125000.0
1070469,97000.0
1070498,140000.0
1070501,135000.0
1070516,166000.0
1070554,308000.0
1070570,144000.0
1070573,259000.0
1070643,162000.0
1070656,181000.0
1070675,103000.0
1070677,88000.0
1070707,70000.0
1070760,120000.0
1070770,214000.0
1070862,105000.0
1070866,197000.0
1070907,221000.0
1070916,130000.0
1071031,166000.0
1071038,225000.0
1071042,93000.0
1071045,478000.0
1071046,181000.0
1071118,115000.0
1071145,126000.0
1071161,113000.0
1071166,122000.0
1071202,149000.0
1071335,84000.0
1071349,141000.0
1071350,139000.0
1071356,192000.0
1071357,73000.0
1071360,116000.0
1071370,117000.0
1071376,716000.0
1071378,139000.0
1071390,386000.0
1071413,147000.0
1071414,93000.0
1071415,169000.0
1071419,73000.0
1071427,125000.0
1071430,184000.0
1071434,149000.0
1071481,203000.0
1071503,110000.0
1071504,110000.0
1071532,220000.0
1071537,126000.0
1071551,94000.0
1071574,140000.0
1071613,205000.0
1071621,85000.0
1071651,118000.0
1071653,113000.0
1071669,112000.0
1071704,288000.0
1071722,360000.0
1071727,165000.0
1071737,140000.0
1071740,195000.0
1071782,191000.0
1071889,231000.0
1071899,425000.0
1071920,94000.0
1071948,139000.0
1071950,148000.0
1071983,167000.0
1071997,260000.0
1072066,179000.0
1072080,140000.0
1072081,266000.0
1072086,115000.0
1072176,84000.0
1072178,72000.0
1072201,152000.0
1072204,133000.0
1072219,186000.0
1072229,238000.0
1072242,118000.0
1072245,77000.0
1072249,86000.0
1072259,299000.0
1072306,116000.0
1072320,91000.0
1072326,171000.0
1072334,185000.0
1072345,94000.0
1072353,168000.0
1072382,187000.0
1072387,213000.0
1072403,125000.0
1072484,115000.0
1072487,175000.0
1072490,264000.0
1072493,159000.0
1072503,87000.0
1072536,102000.0
1072548,212000.0
1072599,356000.0
1072627,175000.0
1072632,161000.0
1072681,90000.0
1072729,173000.0
1072752,179000.0
1072775,374000.0
1072776,161000.0
1072779,367000.0
1072780,199000.0
1072784,186000.0
1072800,86000.0
1072809,846000.0
1072819,93000.0
1072842,136000.0
1072873,273000.0
1072880,125000.0
1072894,93000.0
1072901,95000.0
1072913,184000.0
1072929,148000.0
1072973,89000.0
1073092,263000.0
1073108,120000.0
1073195,114000.0
1073200,80000.0
1073209,55000.0
1073215,188000.0
1073216,188000.0
1073217,188000.0
1073218,188000.0
1073219,125000.0
1073220,188000.0
1073221,125000.0
1073222,188000.0
1073223,188000.0
1073224,188000.0
1073225,125000.0
1073226,85000.0
1073228,85000.0
1073229,85000.0
1073234,56000.0
1073238,98000.0
1073240,132000.0
1073251,311000.0
1073388,82000.0
1073391,125000.0
1073420,121000.0
1073428,257000.0
1073465,167000.0
1073471,193000.0
1073484,188000.0
1073529,97000.0
1073563,100000.0
1073604,88000.0
1073621,308000.0
1073622,107000.0
1073626,530000.0
1073663,103000.0
1073675,680000.0
1073681,93000.0
1073695,114000.0
1073753,162000.0
1073779,109000.0
1073844,112000.0
1073846,118000.0
1074053,228000.0
1074196,205000.0
1074279,87000.0
1074340,187000.0
1074532,180000.0
1074540,499000.0
1074548,136000.0
1074550,142000.0
1074554,301000.0
1074575,108000.0
1074579,121000.0
1074603,109000.0
1074607,105000.0
1074608,144000.0
1074643,90000.0
1074677,361000.0
1074682,161000.0
1074697,116000.0
1074710,236000.0
1074741,608000.0
1074816,335000.0
1074821,125000.0
1074882,195000.0
1074943,105000.0
1074946,178000.0
1074968,67000.0
1074991,66000.0
1075071,288000.0
1075075,164000.0
1075078,154000.0
1075192,118000.0
1075221,158000.0
1075262,123000.0
1075320,60000.0
1075321,60000.0
1075527,382000.0
1075555,108000.0
1075566,217000.0
1075576,114000.0
1075621,584000.0
1075623,215000.0
1075669,91000.0
1075694,489000.0
1075794,137000.0
1075855,146000.0
1075875,100000.0
1075876,100000.0
1075878,124000.0
1075902,122000.0
1075981,101000.0
1076017,149000.0
1076028,151000.0
1076116,157000.0
1076133,82000.0
1076153,156000.0
1076223,73000.0
1076232,270000.0
1076237,142000.0
1076242,144000.0
1076246,195000.0
1076250,89000.0
1076256,116000.0
1076265,128000.0
1076270,110000.0
1076275,155000.0
1076282,230000.0
1076297,508000.0
1076314,354000.0
1076342,85000.0
1076353,88000.0
1076399,120000.0
1076400,91000.0
1076410,87000.0
1076411,73000.0
1076419,148000.0
1076451,183000.0
1076453,280000.0
1076479,105000.0
1076502,74000.0
1076505,175000.0
1076512,130000.0
1076516,90000.0
1076615,112000.0
1076618,168000.0
1076619,310000.0
1076637,91000.0
1076655,210000.0
1076670,123000.0
1076672,177000.0
1076751,242000.0
1076780,108000.0
1076822,100000.0
1076837,547000.0
1076848,216000.0
1076851,143000.0
1076867,146000.0
1076870,353000.0
1076873,99000.0
1076877,212000.0
1076899,451000.0
1076928,247000.0
1076931,339000.0
1077002,91000.0
1077007,603000.0
1077008,692000.0
1077013,91000.0
1077024,102000.0
1077043,103000.0
1077056,94000.0
1077067,127000.0
1077162,577000.0
1077187,615000.0
1077265,311000.0
1077596,554000.0
1077624,228000.0
1077752,102000.0
1077787,199000.0
1077884,115000.0
1078098,156000.0
1078219,162000.0
1078257,83000.0
1078341,258000.0
1078355,155000.0
1078360,157000.0
1078409,119000.0
1078431,98000.0
1078454,143000.0
1078476,73000.0
1078477,232000.0
1078497,265000.0
1078545,209000.0
1078556,209000.0
1078564,229000.0
1078585,227000.0
1078640,117000.0
1078648,88000.0
1078660,745000.0
1078685,250000.0
1078699,98000.0
1078723,233000.0
1078725,95000.0
1078736,546000.0
1078773,88000.0
1078806,89000.0
1078814,213000.0
1078885,280000.0
1078899,68000.0
1078908,173000.0
1078969,153000.0
1079020,169000.0
1079036,159000.0
1079059,381000.0
1079068,82000.0
1079153,320000.0
1079183,133000.0
1079230,91000.0
1079254,84000.0
1079277,163000.0
1079282,152000.0
1079294,130000.0
1079320,320000.0
1079334,109000.0
1079343,198000.0
1079356,150000.0
1079382,70000.0
1079459,198000.0
1079463,132000.0
1079464,217000.0
1079479,148000.0
1079483,125000.0
1079497,317000.0
1079498,317000.0
1079503,144000.0
1079504,140000.0
1079528,133000.0
1079568,173000.0
1079600,156000.0
1079607,111000.0
1079608,151000.0
1079612,151000.0
1079618,93000.0
1079705,151000.0
1079766,91000.0
1079842,81000.0
1079850,139000.0
1079853,143000.0
1079868,81000.0
1079892,118000.0
1079895,97000.0
1079928,290000.0
1079992,123000.0
1079994,121000.0
1079995,123000.0
1080005,170000.0
1080008,166000.0
1080010,97000.0
1080011,163000.0
1080015,158000.0
1080025,160000.0
1080028,69000.0
1080030,75000.0
1080032,113000.0
1080034,116000.0
1080037,535000.0
1080063,72000.0
1080064,77000.0
1080065,75000.0
1080066,86000.0
1080069,185000.0
1080072,205000.0
1080077,108000.0
1080111,108000.0
1080133,82000.0
1080147,112000.0
1080162,199000.0
1080187,266000.0
1080200,153000.0
1080279,196000.0
1080290,103000.0
1080292,103000.0
1080299,62000.0
1080327,87000.0
1080328,105000.0
1080332,88000.0
1080334,89000.0
1080342,133000.0
1080343,170000.0
1080364,299000.0
1080379,122000.0
1080382,62000.0
1080383,68000.0
1080399,82000.0
1080401,645000.0
1080426,134000.0
1080440,92000.0
1080450,110000.0
1080465,121000.0
1080482,232000.0
1080485,169000.0
1080507,368000.0
1080562,81000.0
1080606,388000.0
1080621,106000.0
1080633,117000.0
1080663,176000.0
1080670,84000.0
1080752,145000.0
1080755,92000.0
1080757,355000.0
1080776,84000.0
1080802,88000.0
1080807,193000.0
1080836,249000.0
1080849,138000.0
1080858,127000.0
1080859,197000.0
1080914,197000.0
1080921,57000.0
1080937,220000.0
1080977,85000.0
1080980,84000.0
1080983,103000.0
1081011,80000.0
1081038,235000.0
1081055,224000.0
1081112,120000.0
1081125,102000.0
1081153,143000.0
1081170,302000.0
1081201,368000.0
1081232,192000.0
1081267,349000.0
1081351,96000.0
1081356,113000.0
1081395,166000.0
1081435,88000.0
1081436,110000.0
1081442,226000.0
1081472,140000.0
1081487,104000.0
1081508,860000.0
1081512,121000.0
1081528,91000.0
1081552,131000.0
1081575,87000.0
1081706,144000.0
1081782,162000.0
1081785,116000.0
1081787,161000.0
1081832,90000.0
1081833,111000.0
1081838,74000.0
1081841,536000.0
1081843,74000.0
1081844,74000.0
1081848,105000.0
1081869,176000.0
1081902,110000.0
1081903,110000.0
1081908,103000.0
1081924,80000.0
1081936,318000.0
1081949,206000.0
1081970,157000.0
1082039,134000.0
1082045,129000.0
1082046,127000.0
1082048,192000.0
1082118,123000.0
1082145,77000.0
1082147,114000.0
1082163,106000.0
1082251,163000.0
1082254,313000.0
1082255,211000.0
1082327,85000.0
1082342,113000.0
1082343,186000.0
1082360,190000.0
1082376,360000.0
1082382,166000.0
1082390,176000.0
1082417,115000.0
1082420,118000.0
1082432,463000.0
1082441,177000.0
1082442,167000.0
1082461,232000.0
1082482,152000.0
1082483,73000.0
1082488,548000.0
1082504,173000.0
1082508,160000.0
1082533,99000.0
1082548,226000.0
1082549,146000.0
1082586,101000.0
1082640,230000.0
1082677,209000.0
1082833,109000.0
1082840,202000.0
1082846,273000.0
1082857,348000.0
1082863,170000.0
1082867,208000.0
1082927,121000.0
1082928,105000.0
1082958,412000.0
1083026,170000.0
1083029,567000.0
1083052,419000.0
1083095,104000.0
1083118,144000.0
1083122,370000.0
1083137,209000.0
1083208,248000.0
1083251,132000.0
1083264,166000.0
1083284,215000.0
1083291,94000.0
1083296,94000.0
1083300,94000.0
1083303,94000.0
1083345,109000.0
1083382,142000.0
1083388,62000.0
1083392,143000.0
1083402,141000.0
1083405,169000.0
1083495,113000.0
1083545,132000.0
1086147,229000.0
1086216,242000.0
1086243,173000.0
1086254,59000.0
1086282,145000.0
1086309,189000.0
1086312,115000.0
1086333,79000.0
1086344,96000.0
1086616,97000.0
1086670,199000.0
1086770,129000.0
1086802,170000.0
1086813,117000.0
1086818,149000.0
1086819,259000.0
1086820,94000.0
1086826,111000.0
1086827,78000.0
1086842,77000.0
1086844,94000.0
1086846,77000.0
1086847,78000.0
1086848,111000.0
1086864,510000.0
1086917,192000.0
1086918,85000.0
1086963,227000.0
1086991,119000.0
1086999,98000.0
1087035,114000.0
1087054,173000.0
1087111,183000.0
1087112,139000.0
1087115,414000.0
1087116,147000.0
1087132,208000.0
1087135,73000.0
1087193,138000.0
1087235,139000.0
1087237,142000.0
1087238,143000.0
1087241,129000.0
1087288,523000.0
1087329,79000.0
1087340,367000.0
1087346,268000.0
1087349,198000.0
1087375,270000.0
1087389,249000.0
1087406,106000.0
1087423,420000.0
1087432,297000.0
1093650,69000.0
1093654,179000.0
1093657,200000.0
1093659,113000.0
1093661,113000.0
1093675,126000.0
1093684,138000.0
1093703,166000.0
1093710,96000.0
1093711,121000.0
1093718,73000.0
1093725,107000.0
1093808,670000.0
1093813,216000.0
1093816,243000.0
1093817,94000.0
1093845,499000.0
1093848,105000.0
1093904,131000.0
1093906,130000.0
1093909,288000.0
1093920,132000.0
1093958,118000.0
1093960,306000.0
1094005,539000.0
1094008,164000.0
1094012,78000.0
1094018,101000.0
1094108,114000.0
1094111,207000.0
1094126,107000.0
1094128,474000.0
1094133,105000.0
1094136,285000.0
1094142,312000.0
1094151,50000.0
1094174,126000.0
1094196,202000.0
1094198,84000.0
1094232,104000.0
1094299,173000.0
1094334,277000.0
1094348,121000.0
1094353,115000.0
1094362,130000.0
1094412,1120000.0
1094416,108000.0
1094419,518000.0
1094463,161000.0
1094464,149000.0
1094519,209000.0
1094530,87000.0
1094531,87000.0
1094538,121000.0
1094590,124000.0
1094633,118000.0
1094660,87000.0
1094668,107000.0
1094694,103000.0
1094714,148000.0
1094717,195000.0
1094747,156000.0
1094771,599000.0
1094773,326000.0
1094779,104000.0
1094810,145000.0
1094817,315000.0
1094818,118000.0
1094822,73000.0
1094855,150000.0
1094858,145000.0
1094864,378000.0
1094895,202000.0
1094910,115000.0
1094939,99000.0
1094960,88000.0
1095019,1331000.0
1095021,791000.0
1095025,161000.0
1095029,142000.0
1095031,152000.0
1095067,88000.0
1095105,235000.0
1095126,193000.0
1095135,183000.0
1095139,55000.0
1095146,124000.0
1095292,194000.0
1095313,68000.0
1095326,134000.0
1095334,77000.0
1095343,91000.0
1095383,72000.0
1095399,191000.0
1095416,247000.0
1095448,214000.0
1095478,100000.0
1095480,149000.0
1095496,131000.0
1095500,115000.0
1095529,65000.0
1095536,319000.0
1095552,310000.0
1095588,90000.0
1095624,354000.0
1095650,96000.0
1095691,826000.0
1095735,130000.0
1095799,216000.0
1095804,191000.0
1095810,142000.0
1095827,221000.0
1095841,288000.0
1095853,158000.0
1095860,153000.0
1095866,111000.0
1095906,135000.0
1095907,353000.0
1095926,228000.0
1095949,129000.0
1096078,125000.0
1096079,118000.0
1096090,104000.0
1096148,207000.0
1096213,204000.0
1096235,143000.0
1096271,143000.0
1096279,71000.0
1096316,201000.0
1096318,624000.0
1096335,447000.0
1096339,125000.0
1096405,251000.0
1096417,130000.0
1096464,95000.0
1096480,117000.0
1096484,161000.0
1096513,214000.0
1096539,189000.0
1096546,95000.0
1096550,259000.0
1096556,111000.0
1096573,266000.0
1096583,276000.0
1096585,169000.0
1096590,203000.0
1096593,133000.0
1096600,182000.0
1096627,112000.0
1096631,125000.0
1096691,169000.0
1096700,96000.0
1096716,216000.0
1096723,288000.0
1096749,159000.0
1096777,226000.0
1096784,126000.0
1096858,372000.0
1096873,204000.0
1096921,136000.0
1096936,278000.0
1096968,111000.0
1096972,143000.0
1097023,127000.0
1097024,759000.0
1097040,256000.0
1097041,304000.0
1097045,234000.0
1097078,618000.0
1097079,618000.0
1097082,88000.0
1097084,93000.0
1097102,142000.0
1097259,161000.0
1097283,130000.0
1097365,142000.0
1097366,130000.0
1097476,1043000.0
1097499,94000.0
1097500,130000.0
1097511,265000.0
1097514,376000.0
1097544,118000.0
1097562,127000.0
1097569,97000.0
1097597,142000.0
1097609,117000.0
1097635,117000.0
1097650,83000.0
1097655,137000.0
1097659,115000.0
1097664,107000.0
1097673,210000.0
1097675,110000.0
1097698,139000.0
1097718,109000.0
1097755,203000.0
1097767,143000.0
1097777,192000.0
1097778,104000.0
1097795,652000.0
1097861,101000.0
1097886,131000.0
1097887,162000.0
1097888,141000.0
1097928,194000.0
1097949,188000.0
1097975,289000.0
1097993,252000.0
1097994,237000.0
1098066,141000.0
1098122,138000.0
1098125,170000.0
1098140,93000.0
1098199,295000.0
1098213,98000.0
1098215,136000.0
1098219,207000.0
1098228,116000.0
1098252,370000.0
1098268,132000.0
1098275,149000.0
1098362,92000.0
1098365,821000.0
1098396,89000.0
1098468,115000.0
1098495,91000.0
1098569,95000.0
1098588,403000.0
1098633,97000.0
1098693,383000.0
1098698,130000.0
1098706,148000.0
1098771,80000.0
1098971,46000.0
1098987,147000.0
1098991,185000.0
1098994,200000.0
1099004,130000.0
1099021,100000.0
1099030,126000.0
1099038,97000.0
1099039,179000.0
1099045,332000.0
1099133,291000.0
1099137,103000.0
1099153,169000.0
1099180,183000.0
1099183,326000.0
1099184,86000.0
1099199,125000.0
1099315,210000.0
1099316,148000.0
1099320,163000.0
1099323,241000.0
1099326,192000.0
1099329,79000.0
1099335,197000.0
1099338,128000.0
1099342,124000.0
1099350,159000.0
1099351,88000.0
1099359,116000.0
1099364,104000.0
1099366,158000.0
1099382,171000.0
1099383,613000.0
1099407,127000.0
1099414,98000.0
1099441,132000.0
1099447,124000.0
1099465,99000.0
1099469,151000.0
1099488,126000.0
1099520,135000.0
1099562,199000.0
1099567,136000.0
1099623,250000.0
1099651,103000.0
1099664,135000.0
1099665,135000.0
1099671,136000.0
1099702,104000.0
1099722,82000.0
1099725,59000.0
1099726,48000.0
1099728,47000.0
1099729,46000.0
1099734,86000.0
1099740,95000.0
1099743,200000.0
1099768,151000.0
1099774,1250000.0
1099796,136000.0
1099815,161000.0
1099837,261000.0
1099916,282000.0
1099928,82000.0
1099941,84000.0
1099946,82000.0
1099948,52000.0
1099950,57000.0
1099972,105000.0
1099995,117000.0
1099996,118000.0
1100056,176000.0
1100076,182000.0
1100169,416000.0
1100171,80000.0
1100178,216000.0
1100189,86000.0
1100191,66000.0
1100192,67000.0
1100194,117000.0
1100205,85000.0
1100224,114000.0
1100257,202000.0
1100317,104000.0
1100329,82000.0
1100345,102000.0
1100388,225000.0
1100391,97000.0
1100460,195000.0
1100509,132000.0
1100516,210000.0
1100532,231000.0
1100537,64000.0
1100548,373000.0
1100583,219000.0
1100596,210000.0
1100601,380000.0
1100611,109000.0
1100619,196000.0
1100658,299000.0
1100660,320000.0
1100674,106000.0
1100682,120000.0
1100692,118000.0
1100719,97000.0
1100743,304000.0
1100780,93000.0
1100810,187000.0
1100829,214000.0
1100840,134000.0
1100852,186000.0
1100865,99000.0
1100897,102000.0
1100931,102000.0
1100932,100000.0
1100938,410000.0
1100944,246000.0
1100945,248000.0
1100946,248000.0
1100947,248000.0
1100948,221000.0
1100953,225000.0
1100955,225000.0
1100957,238000.0
1100960,238000.0
1100962,120000.0
1100984,149000.0
1100985,176000.0
1101003,93000.0
1101004,93000.0
1101005,93000.0
1101006,179000.0
1101007,125000.0
1101012,88000.0
1101064,311000.0
1101073,274000.0
1101084,125000.0
1101086,126000.0
1101094,99000.0
1101102,97000.0
1101127,75000.0
1101173,151000.0
1101180,128000.0
1101202,121000.0
1101203,127000.0
1101207,202000.0
1101208,324000.0
1101232,100000.0
1101240,92000.0
1101252,168000.0
1101258,173000.0
1101263,75000.0
1101276,152000.0
1101292,161000.0
1101294,132000.0
1101303,303000.0
1101319,648000.0
1101326,120000.0
1101330,163000.0
1101331,120000.0
1101333,168000.0
1101335,172000.0
1101351,138000.0
1101378,108000.0
1101418,588000.0
1101423,315000.0
1101428,138000.0
1101517,133000.0
1101591,79000.0
1101616,373000.0
1101739,125000.0
1101759,93000.0
1101799,118000.0
1101800,128000.0
1101801,453000.0
1101814,181000.0
1101859,74000.0
1101869,85000.0
1101901,102000.0
1101931,168000.0
1101932,152000.0
1101976,356000.0
1102031,76000.0
1102046,143000.0
1102066,147000.0
1102090,311000.0
1102112,242000.0
1102117,143000.0
1102119,121000.0
1102123,125000.0
1102135,152000.0
1102169,149000.0
1102170,260000.0
1102240,201000.0
1102248,66000.0
1102273,114000.0
1102307,245000.0
1102332,174000.0
1102413,101000.0
1102414,93000.0
1102415,97000.0
1102416,107000.0
1102417,167000.0
1102422,187000.0
1102423,93000.0
1102430,93000.0
1102431,93000.0
1102434,144000.0
1102452,92000.0
1102470,153000.0
1102505,236000.0
1102509,105000.0
1102527,192000.0
1102537,184000.0
1102564,159000.0
1102603,145000.0
1102608,111000.0
1102646,93000.0
1102647,122000.0
1102650,198000.0
1102655,190000.0
1102657,145000.0
1102660,244000.0
1102685,88000.0
1102688,125000.0
1102699,75000.0
1102704,124000.0
1102705,234000.0
1102728,426000.0
1102735,77000.0
1102750,111000.0
1102770,215000.0
1102790,354000.0
1102797,628000.0
1102800,155000.0
1102806,88000.0
1102844,197000.0
1102862,103000.0
1102908,101000.0
1102909,162000.0
1102959,101000.0
1102970,78000.0
1102986,180000.0
1103044,103000.0
1103076,247000.0
1103095,356000.0
1103226,274000.0
1103227,267000.0
1103228,193000.0
1103229,263000.0
1103249,216000.0
1103253,208000.0
1103258,222000.0
1103264,397000.0
1103265,143000.0
1103278,85000.0
1103279,470000.0
1103282,63000.0
1103361,91000.0
1103386,308000.0
1103396,202000.0
1103402,119000.0
1103403,126000.0
1103404,120000.0
1103418,136000.0
1103419,100000.0
1103431,214000.0
1103481,366000.0
1103489,224000.0
1103584,104000.0
1103598,195000.0
1103600,110000.0
1103604,147000.0
1103606,167000.0
1103614,70000.0
1103646,86000.0
1103668,250000.0
1103669,110000.0
1103678,147000.0
1103711,102000.0
1103726,165000.0
1103731,133000.0
1103735,156000.0
1103741,494000.0
1103838,149000.0
1103903,207000.0
1103914,125000.0
1103991,74000.0
1103997,113000.0
1104005,188000.0
1104027,56000.0
1104035,102000.0
1104045,108000.0
1104073,424000.0
1104122,339000.0
1104123,339000.0
1104132,127000.0
1104247,116000.0
1104252,104000.0
1104265,177000.0
1104276,69000.0
1104292,121000.0
1104347,625000.0
1104357,163000.0
1104358,101000.0
1104369,218000.0
1104944,205000.0
1104946,95000.0
1104949,95000.0
1104951,95000.0
1104953,95000.0
1104955,95000.0
1104972,171000.0
1105018,77000.0
1105021,112000.0
1105024,191000.0
1105025,122000.0
1105044,185000.0
1105046,114000.0
1105047,114000.0
1105050,330000.0
1105051,330000.0
1105052,330000.0
1105053,330000.0
1105071,95000.0
1105081,132000.0
1105207,330000.0
1105210,164000.0
1105265,330000.0
1105266,142000.0
1105267,142000.0
1105268,330000.0
1105280,87000.0
1105281,115000.0
1105282,120000.0
1105376,290000.0
1105429,126000.0
1105465,113000.0
1105493,110000.0
1105496,120000.0
1105557,110000.0
1105558,110000.0
1105575,103000.0
1105576,104000.0
1105581,89000.0
1105621,158000.0
1105622,124000.0
1105698,191000.0
1105699,191000.0
1105700,191000.0
1105702,191000.0
1105705,191000.0
1105706,191000.0
1105711,172000.0
1105799,110000.0
1105802,110000.0
1105803,110000.0
1105805,110000.0
1105806,110000.0
1105807,126000.0
1105828,150000.0
1105830,273000.0
1105831,159000.0
1105832,266000.0
1105849,77000.0
1105855,116000.0
1105898,116000.0
1105899,116000.0
1105935,200000.0
1105989,126000.0
1106068,153000.0
1106069,153000.0
1106073,153000.0
1106085,153000.0
1106086,136000.0
1106135,117000.0
1106164,77000.0
1106193,184000.0
1106196,98000.0
1106244,172000.0
1106253,67000.0
1106256,121000.0
1106586,267000.0
1106587,133000.0
1106588,151000.0
1106589,155000.0
1106600,85000.0
1106608,140000.0
1106715,77000.0
1106789,136000.0
1106790,211000.0
1106791,206000.0
1106792,211000.0
1106793,206000.0
1106794,206000.0
1106869,118000.0
1106954,238000.0
1107205,191000.0
1107331,74000.0
1107333,74000.0
1107389,163000.0
1107390,163000.0
1107392,163000.0
1107394,163000.0
1107395,163000.0
1107469,185000.0
1107483,103000.0
1107491,92000.0
1107667,246000.0
1107772,95000.0
1107775,95000.0
1107785,292000.0
1107786,146000.0
1107787,131000.0
1202392,118000.0
1202393,87000.0
1202395,195000.0
1202440,85000.0
1202550,74000.0
1202552,87000.0
1202577,144000.0
1202580,106000.0
1202842,136000.0
1202844,136000.0
1202860,102000.0
1202861,100000.0
1202869,179000.0
1202876,147000.0
1202892,146000.0
1202903,79000.0
1214273,157000.0
1214280,128000.0
1214445,305000.0
1214448,69000.0
1214449,77000.0
1214464,113000.0
1214572,137000.0
1214574,202000.0
1214584,130000.0
1214608,95000.0
1214640,79000.0
1214643,154000.0
1214651,323000.0
1214652,190000.0
1214657,446000.0
1214661,160000.0
1214673,129000.0
1214675,114000.0
1214679,182000.0
1214703,130000.0
1215040,117000.0
1215050,62000.0
1215134,110000.0
1215138,122000.0
1215362,80000.0
1215366,92000.0
1215368,95000.0
1215369,146000.0
1215374,82000.0
1215388,549000.0
1215448,82000.0
1215451,66000.0
1215486,146000.0
1215488,176000.0
1215496,121000.0
1215498,156000.0
1215555,139000.0
1215556,191000.0
1215560,361000.0
1215573,117000.0
1215591,67000.0
1215596,152000.0
1215746,248000.0
1215748,132000.0
1215754,66000.0
1215756,326000.0
1215758,126000.0
1215761,94000.0
1215762,92000.0
1215766,110000.0
1215767,592000.0
1215776,330000.0
1215784,290000.0
1215791,80000.0
1215796,94000.0
1215797,131000.0
1215798,86000.0
1215806,146000.0
1215810,78000.0
1216439,68000.0
1217024,100000.0
1217029,156000.0
1217034,81000.0
1217036,93000.0
1217037,72000.0
1217038,161000.0
1217233,137000.0
1217234,84000.0
1217247,109000.0
1217248,85000.0
1217250,95000.0
1217540,192000.0
1217556,145000.0
1217557,100000.0
1217559,71000.0
1217578,237000.0
1217875,68000.0
1217881,54000.0
1219303,98000.0
1219356,332000.0
1219361,233000.0
1219426,99000.0
1219482,304000.0
1219492,85000.0
1219515,225000.0
1219518,387000.0
1219520,187000.0
1219620,140000.0
1219653,96000.0
1219665,182000.0
1219668,102000.0
1219670,62000.0
1219706,197000.0
1219714,158000.0
1219756,119000.0
1220007,96000.0
1220137,575000.0
1220139,352000.0
1220671,88000.0
1220690,65000.0
1220731,148000.0
1220732,89000.0
1220739,140000.0
1222082,245000.0
1222084,72000.0
1222087,414000.0
1222182,171000.0
1222183,133000.0
1222194,215000.0
1222252,157000.0
1223720,126000.0
1223812,138000.0
1223816,301000.0
1223827,192000.0
1223836,262000.0
1223838,102000.0
1223841,87000.0
1223860,270000.0
1223861,174000.0
1223863,139000.0
1223867,194000.0
1223875,120000.0
1223892,205000.0
1223897,177000.0
1224003,90000.0
1224006,129000.0
1224010,165000.0
1224014,75000.0
1224033,177000.0
1224068,186000.0
1224071,83000.0
1224121,156000.0
1224146,137000.0
1224153,104000.0
1224653,163000.0
1224668,110000.0
1224776,145000.0
1224788,221000.0
1225148,460000.0
1225155,169000.0
1225157,277000.0
1225159,372000.0
1225238,198000.0
1225323,185000.0
1225362,117000.0
1225363,141000.0
1225376,244000.0
1225378,115000.0
1225818,74000.0
1226392,110000.0
1226394,102000.0
1226516,146000.0
1226517,153000.0
1226741,151000.0
1226743,109000.0
1226745,93000.0
1226748,153000.0
1226749,136000.0
1226782,126000.0
1226789,85000.0
1226799,98000.0
1226860,88000.0
1226867,197000.0
1226963,142000.0
1227068,203000.0
1227072,468000.0
1227075,99000.0
1227080,213000.0
1227083,213000.0
1227087,171000.0
1227113,101000.0
1227115,148000.0
1227127,77000.0
1227165,143000.0
1227292,93000.0
1227294,204000.0
1227296,194000.0
1227675,555000.0
1227679,209000.0
1227680,193000.0
1227687,256000.0
1227690,200000.0
1227707,150000.0
1227708,130000.0
1227709,203000.0
1227720,259000.0
1227815,182000.0
1227857,500000.0
1227859,355000.0
1227865,236000.0
1227902,124000.0
1227904,97000.0
1227921,453000.0
1227928,127000.0
1227948,232000.0
1227951,501000.0
1228096,137000.0
1228098,118000.0
1228597,344000.0
1228622,196000.0
1228630,162000.0
1228639,187000.0
1228640,138000.0
1228821,125000.0
1228828,195000.0
1228829,263000.0
1228966,348000.0
1228972,409000.0
1228973,865000.0
1228974,1507000.0
1228985,606000.0
1229013,257000.0
1229016,116000.0
1229018,167000.0
1229020,297000.0
1229022,179000.0
1229028,120000.0
1229030,129000.0
1229031,185000.0
1229038,190000.0
1229176,617000.0
1229188,324000.0
1229190,967000.0
1229201,212000.0
1229212,121000.0
1229218,129000.0
1229220,153000.0
1229224,153000.0
1229225,139000.0
1229462,447000.0
1229540,158000.0
1229541,148000.0
1229591,156000.0
1229597,178000.0
1229598,178000.0
1230015,95000.0
1230020,99000.0
1230030,101000.0
1230031,71000.0
1230037,87000.0
1230038,184000.0
1230039,69000.0
1230040,114000.0
1230045,63000.0
1230070,72000.0
1231407,222000.0
1231410,218000.0
1231549,290000.0
1231551,207000.0
1231558,77000.0
1231661,110000.0
1231688,192000.0
1231696,287000.0
1231704,112000.0
1231710,152000.0
1231711,72000.0
1231719,159000.0
1231753,103000.0
1231846,737000.0
1231908,94000.0
1231938,118000.0
1231982,216000.0
1232000,123000.0
1232001,123000.0
1232002,123000.0
1232475,271000.0
1232477,172000.0
1232484,72000.0
1232490,103000.0
1232637,83000.0
1232646,92000.0
1232662,108000.0
1233033,109000.0
1233038,101000.0
1233250,457000.0
1233263,139000.0
1233265,243000.0
1233268,189000.0
1233307,131000.0
1233314,117000.0
1233329,385000.0
1233345,274000.0
1233349,121000.0
1233447,87000.0
1233450,73000.0
1233453,84000.0
1233462,89000.0
1233465,109000.0
1233471,44000.0
1233474,110000.0
1233479,108000.0
1233487,116000.0
1233488,161000.0
1233490,112000.0
1233493,101000.0
1233495,96000.0
1233497,101000.0
1233542,70000.0
1233552,75000.0
1233557,167000.0
1233567,92000.0
1233568,115000.0
1233569,120000.0
1233683,230000.0
1233764,878000.0
1233861,112000.0
1233877,77000.0
1233987,330000.0
1233989,142000.0
1234069,143000.0
1234103,187000.0
1234104,186000.0
1234343,806000.0
1234348,100000.0
1234349,99000.0
1234495,639000.0
1234496,183000.0
1234497,177000.0
1234499,172000.0
1234515,145000.0
1234516,220000.0
1234528,203000.0
1234612,280000.0
1234760,74000.0
1234763,94000.0
1234766,164000.0
1234772,169000.0
1234818,118000.0
1235137,513000.0
1235157,123000.0
1235163,379000.0
1235168,253000.0
1235169,253000.0
1235170,253000.0
1235228,435000.0
1235244,393000.0
1235266,469000.0
1235290,987000.0
1235294,903000.0
1235303,144000.0
1235312,119000.0
1235314,410000.0
1235337,490000.0
1235354,302000.0
1235360,596000.0
1235386,1032000.0
1235538,297000.0
1235542,379000.0
1235546,421000.0
1235552,550000.0
1235662,1332000.0
1235678,59000.0
1235679,148000.0
1235688,128000.0
1235689,128000.0
1235741,211000.0
1235742,136000.0
1235744,206000.0
1235745,206000.0
1235746,211000.0
1235747,206000.0
1235786,640000.0
1235796,371000.0
1235824,682000.0
1235825,1001000.0
1235874,370000.0
1235885,649000.0
1235886,651000.0
1235887,294000.0
1235916,882000.0
1235996,190000.0
1235997,155000.0
1236001,620000.0
1236007,745000.0
1236009,716000.0
1236010,899000.0
1236082,87000.0
1236126,100000.0
1236137,135000.0
1236150,134000.0
1236152,152000.0
1236160,276000.0
1236162,786000.0
1236183,172000.0
1236186,102000.0
1236189,116000.0
1236201,104000.0
1236353,158000.0
1236355,164000.0
1236463,93000.0
1236479,111000.0
1236480,108000.0
1236822,90000.0
1236911,475000.0
1236986,170000.0
1236991,211000.0
1236993,170000.0
1237029,170000.0
1237033,92000.0
1237049,97000.0
1237051,214000.0
1237164,102000.0
1237170,268000.0
1237492,53000.0
1237495,89000.0
1237545,86000.0
1237979,231000.0
1237998,150000.0
1238015,143000.0
1238100,130000.0
1238115,154000.0
1238129,427000.0
1238182,95000.0
1238190,113000.0
1238195,351000.0
1238198,189000.0
1238207,126000.0
1238213,153000.0
1238216,200000.0
1238226,137000.0
1238229,361000.0
1238231,280000.0
1238232,281000.0
1238237,177000.0
1238241,155000.0
1238242,207000.0
1238244,149000.0
1238245,179000.0
1238258,73000.0
1238259,270000.0
1238261,150000.0
1238263,303000.0
1238264,191000.0
1238384,114000.0
1238386,212000.0
1238419,206000.0
1238422,199000.0
1238435,152000.0
1238439,651000.0
1238572,300000.0
1238582,237000.0
1238589,152000.0
1238614,96000.0
1238793,188000.0
1238800,569000.0
1238802,386000.0
1238807,265000.0
1238812,110000.0
1238813,190000.0
1238814,82000.0
1238827,142000.0
1238834,211000.0
1238964,198000.0
1238965,201000.0
1239003,205000.0
1239006,397000.0
1239029,246000.0
1239054,248000.0
1239062,227000.0
1239067,224000.0
1239078,192000.0
1239100,218000.0
1239106,156000.0
1239112,176000.0
1239158,229000.0
1239160,172000.0
1239161,140000.0
1239162,123000.0
1239239,209000.0
1239260,282000.0
1239261,280000.0
1239271,194000.0
1239276,370000.0
1239278,187000.0
1239294,155000.0
1239313,212000.0
1239402,311000.0
1239482,132000.0
1239483,132000.0
1239484,132000.0
1239485,132000.0
1239490,170000.0
1239519,242000.0
1239527,118000.0
1239532,181000.0
1239533,209000.0
1239534,153000.0
1239535,217000.0
1239537,228000.0
1239558,116000.0
1239566,94000.0
1239568,290000.0
1239577,129000.0
1239578,82000.0
1239585,131000.0
1239589,142000.0
1239598,127000.0
1239601,991000.0
1239963,185000.0
1239978,1049000.0
1239994,424000.0
1240122,888000.0
1240137,1101000.0
1240202,107000.0
1240229,141000.0
1240235,592000.0
1240281,198000.0
1240283,563000.0
1240338,75000.0
1240418,73000.0
1240441,469000.0
1240442,165000.0
1240444,345000.0
1240448,512000.0
1240464,650000.0
1240465,116000.0
1240498,166000.0
1240504,69000.0
1240505,130000.0
1240516,115000.0
1240535,87000.0
1240539,90000.0
1240540,79000.0
1240617,129000.0
1240649,114000.0
1240720,91000.0
1240728,74000.0
1240735,65000.0
1240736,76000.0
1240977,87000.0
1240979,77000.0
1241045,66000.0
1241069,70000.0
1241079,369000.0
1241087,76000.0
1241091,122000.0
1241093,82000.0
1241095,232000.0
1241101,127000.0
1241103,79000.0
1241115,95000.0
1241117,115000.0
1241128,98000.0
1241130,786000.0
1241139,186000.0
1241151,91000.0
1241289,66000.0
1241295,87000.0
1241453,126000.0
1241454,111000.0
1241459,114000.0
1241460,90000.0
1241478,126000.0
1241488,84000.0
1241744,116000.0
1241746,88000.0
1241753,114000.0
1241756,106000.0
1241757,110000.0
1241760,86000.0
1241761,115000.0
1241764,102000.0
1241795,159000.0
1241796,113000.0
1241798,80000.0
1241803,79000.0
1241804,86000.0
1241807,80000.0
1241810,66000.0
1241813,79000.0
1241826,108000.0
1241833,89000.0
1241834,95000.0
1241837,89000.0
1241842,103000.0
1241843,124000.0
1241897,100000.0
1241913,73000.0
1241975,93000.0
1241978,155000.0
1241980,76000.0
1241981,85000.0
1241983,65000.0
1242077,104000.0
1242080,87000.0
1242082,279000.0
1242090,89000.0
1242092,59000.0
1242118,124000.0
1242119,202000.0
1242131,79000.0
1242132,56000.0
1242135,73000.0
1242139,84000.0
70723,14000.0
71009,57000.0
71030,18000.0
71670,19000.0
71671,14000.0
71694,19000.0
71697,29000.0
71717,22000.0
71727,20000.0
71785,20000.0
72264,58000.0
72276,19000.0
72325,18000.0
72326,61000.0
72327,18000.0
72548,139000.0
72571,43000.0
72713,24000.0
696861,67000.0
696875,10000.0
696882,152000.0
