id,price
264893,576000.0
264899,142000.0
264910,234000.0
264915,74000.0
264919,69000.0
264928,127000.0
264932,247000.0
264935,131000.0
264939,269000.0
264944,98000.0
264954,129000.0
264955,126000.0
264969,661000.0
264978,131000.0
264983,147000.0
264984,71000.0
264985,116000.0
265031,127000.0
265032,119000.0
265058,250000.0
265066,169000.0
265068,79000.0
265069,483000.0
265070,101000.0
265077,154000.0
265090,402000.0
265094,261000.0
265101,128000.0
265102,107000.0
265105,145000.0
265106,106000.0
265108,118000.0
265115,129000.0
265147,69000.0
265152,145000.0
265153,121000.0
265170,475000.0
265176,116000.0
265187,368000.0
265189,141000.0
265198,362000.0
265225,72000.0
265233,136000.0
265237,472000.0
265253,264000.0
265280,203000.0
265287,225000.0
265293,118000.0
265296,179000.0
265307,225000.0
265308,212000.0
265312,241000.0
265313,137000.0
265314,238000.0
265315,212000.0
265320,155000.0
265333,179000.0
265346,154000.0
265351,351000.0
265356,142000.0
265357,114000.0
265358,121000.0
265363,248000.0
265369,88000.0
265372,173000.0
265402,233000.0
265406,157000.0
265420,416000.0
265436,168000.0
265438,139000.0
265442,168000.0
265449,204000.0
265452,283000.0
265455,130000.0
265461,388000.0
265465,153000.0
265481,166000.0
265488,80000.0
265501,86000.0
265514,239000.0
265515,116000.0
265516,93000.0
265517,397000.0
265526,170000.0
265533,147000.0
265539,167000.0
265543,95000.0
265544,141000.0
265556,139000.0
265559,396000.0
265561,319000.0
265584,274000.0
265586,146000.0
265587,164000.0
265588,156000.0
265593,277000.0
265596,408000.0
265607,186000.0
265608,195000.0
265610,228000.0
265613,445000.0
265653,196000.0
265663,187000.0
265669,468000.0
265675,150000.0
265699,720000.0
265701,190000.0
265703,169000.0
265704,169000.0
265743,170000.0
265748,129000.0
265759,91000.0
265795,251000.0
265797,409000.0
265805,263000.0
265806,161000.0
265810,126000.0
265819,145000.0
265820,281000.0
265833,189000.0
265834,73000.0
265843,607000.0
265851,453000.0
265862,548000.0
265864,535000.0
265869,214000.0
265887,321000.0
265907,377000.0
265913,345000.0
265921,91000.0
265923,380000.0
265925,619000.0
265957,229000.0
265958,400000.0
265960,214000.0
265963,85000.0
265969,649000.0
266004,381000.0
266028,208000.0
266029,359000.0
266032,499000.0
266034,352000.0
266055,360000.0
266075,537000.0
266077,537000.0
266080,229000.0
266093,664000.0
266094,689000.0
266100,303000.0
266116,409000.0
266129,486000.0
266144,450000.0
266160,464000.0
266165,561000.0
266196,268000.0
266199,391000.0
266202,174000.0
266210,226000.0
266211,377000.0
266213,355000.0
266218,303000.0
266219,270000.0
266220,383000.0
266234,246000.0
266241,134000.0
266248,245000.0
266251,388000.0
266256,185000.0
266259,350000.0
266274,198000.0
266275,674000.0
266276,498000.0
266279,290000.0
266280,308000.0
266281,409000.0
266299,331000.0
266300,249000.0
266305,93000.0
266314,474000.0
266315,523000.0
266329,80000.0
266332,198000.0
266350,180000.0
266368,358000.0
266375,386000.0
266381,163000.0
266382,135000.0
266393,122000.0
266394,217000.0
266402,133000.0
266406,265000.0
266423,140000.0
266424,142000.0
266438,141000.0
266454,135000.0
266463,122000.0
266465,289000.0
266479,150000.0
266480,399000.0
266485,147000.0
266486,158000.0
266496,257000.0
266508,282000.0
266510,81000.0
266511,154000.0
266512,149000.0
266514,142000.0
266517,187000.0
266539,171000.0
266542,127000.0
266545,86000.0
266548,259000.0
266550,230000.0
266556,190000.0
266559,189000.0
266565,114000.0
266568,334000.0
266569,154000.0
266575,220000.0
266580,130000.0
266581,139000.0
266582,156000.0
266583,150000.0
266602,524000.0
266606,187000.0
266618,188000.0
266619,306000.0
266620,147000.0
266624,125000.0
266626,217000.0
266662,97000.0
266667,282000.0
266668,230000.0
266677,484000.0
266681,259000.0
266682,392000.0
266690,215000.0
266694,288000.0
266695,288000.0
266698,351000.0
266699,227000.0
266727,511000.0
266729,489000.0
266731,287000.0
266732,426000.0
266740,606000.0
266744,252000.0
266748,253000.0
266768,159000.0
266770,482000.0
266771,478000.0
266778,259000.0
266779,395000.0
266781,201000.0
266785,566000.0
266809,372000.0
266819,250000.0
266821,323000.0
266824,195000.0
266830,432000.0
266831,393000.0
266845,410000.0
266846,241000.0
266847,324000.0
266851,340000.0
266858,151000.0
266859,540000.0
266862,539000.0
266863,269000.0
266864,398000.0
266872,152000.0
266875,411000.0
266877,498000.0
266882,261000.0
266883,162000.0
266886,312000.0
266918,138000.0
266919,394000.0
266920,400000.0
266953,376000.0
266954,295000.0
266955,636000.0
266957,466000.0
266965,554000.0
266966,242000.0
266969,209000.0
266984,495000.0
266989,331000.0
266990,318000.0
267015,186000.0
267016,187000.0
267017,187000.0
267018,93000.0
267019,338000.0
267020,325000.0
267025,631000.0
267028,407000.0
267041,334000.0
267054,187000.0
267082,89000.0
267084,416000.0
267085,245000.0
267103,402000.0
267104,121000.0
267106,366000.0
267113,165000.0
267126,147000.0
267128,137000.0
267131,201000.0
267138,144000.0
267147,142000.0
267153,216000.0
267154,125000.0
267171,146000.0
267173,136000.0
267188,138000.0
267198,145000.0
267199,148000.0
267218,241000.0
267220,205000.0
267221,129000.0
267245,270000.0
267247,146000.0
267248,152000.0
267249,219000.0
267253,160000.0
267269,349000.0
267271,208000.0
267274,458000.0
267281,196000.0
267303,232000.0
267305,271000.0
267306,172000.0
267307,117000.0
267309,253000.0
267311,209000.0
267312,221000.0
267315,330000.0
267331,189000.0
267338,205000.0
267342,136000.0
267344,163000.0
267346,350000.0
267366,282000.0
267369,184000.0
267371,104000.0
267375,131000.0
267376,115000.0
267379,138000.0
267381,205000.0
267382,298000.0
267407,157000.0
267422,160000.0
267424,203000.0
267428,98000.0
267431,172000.0
267434,153000.0
267437,151000.0
267438,176000.0
267439,181000.0
267440,200000.0
267441,222000.0
267443,200000.0
267460,389000.0
267463,606000.0
267494,1100000.0
267510,209000.0
267515,398000.0
267520,295000.0
267522,688000.0
267523,425000.0
267524,471000.0
267544,280000.0
267546,266000.0
267551,468000.0
267553,337000.0
267563,225000.0
267584,535000.0
267585,401000.0
267587,395000.0
267598,501000.0
267602,217000.0
267614,536000.0
267617,600000.0
267619,663000.0
267620,291000.0
267623,240000.0
267627,235000.0
267633,132000.0
267644,360000.0
267667,134000.0
267738,130000.0
267740,135000.0
267743,106000.0
267778,158000.0
267779,190000.0
267799,172000.0
267800,202000.0
267814,117000.0
267816,427000.0
267833,181000.0
267834,137000.0
267836,82000.0
267847,135000.0
267858,265000.0
267891,244000.0
267896,414000.0
267899,111000.0
267900,103000.0
267902,315000.0
267908,479000.0
267924,294000.0
267933,136000.0
267936,543000.0
267939,258000.0
267941,435000.0
267942,240000.0
267967,102000.0
267970,120000.0
267980,140000.0
267990,111000.0
267992,439000.0
267994,286000.0
267995,75000.0
267999,146000.0
268003,435000.0
268020,174000.0
268033,188000.0
268041,158000.0
268056,167000.0
268067,371000.0
268070,81000.0
268071,659000.0
268121,235000.0
268144,263000.0
268145,203000.0
268147,104000.0
268149,128000.0
268150,104000.0
268157,192000.0
268159,480000.0
268161,453000.0
268175,259000.0
268189,238000.0
268208,219000.0
308905,202000.0
312310,543000.0
312331,720000.0
695165,368000.0
695166,230000.0
695170,277000.0
695176,264000.0
695178,156000.0
695181,253000.0
695183,265000.0
695185,150000.0
695196,209000.0
695203,303000.0
695205,210000.0
695207,204000.0
695236,194000.0
695238,195000.0
695252,291000.0
695257,261000.0
713635,308000.0
714108,154000.0
714284,186000.0
714645,336000.0
714753,400000.0
714863,696000.0
714924,512000.0
715132,225000.0
715405,161000.0
715433,539000.0
715694,285000.0
715746,172000.0
715898,173000.0
715902,236000.0
715996,280000.0
716065,251000.0
716097,641000.0
716329,206000.0
716360,331000.0
716377,503000.0
716484,187000.0
716541,244000.0
716634,374000.0
716888,415000.0
717017,305000.0
717109,341000.0
717307,483000.0
717459,280000.0
717524,254000.0
717568,341000.0
717688,347000.0
717690,577000.0
717797,298000.0
717829,216000.0
717945,648000.0
717983,660000.0
718276,580000.0
718584,411000.0
718617,141000.0
718717,282000.0
718867,308000.0
718943,361000.0
718997,354000.0
719116,182000.0
719132,422000.0
719287,179000.0
719579,485000.0
719846,208000.0
719893,227000.0
720041,407000.0
720088,299000.0
720180,335000.0
720249,141000.0
720261,365000.0
720293,289000.0
720364,169000.0
720455,322000.0
720564,167000.0
720679,213000.0
720725,132000.0
720817,228000.0
720854,306000.0
720920,148000.0
721130,186000.0
721266,174000.0
721531,153000.0
721844,147000.0
721882,459000.0
722050,156000.0
722151,180000.0
722225,507000.0
722264,302000.0
722516,287000.0
722520,194000.0
722594,479000.0
722649,112000.0
722769,160000.0
724397,332000.0
724457,288000.0
724486,344000.0
724488,493000.0
724574,363000.0
724620,559000.0
724674,215000.0
724767,513000.0
724786,265000.0
724908,426000.0
725124,231000.0
725211,244000.0
725280,156000.0
725364,286000.0
725393,317000.0
725425,163000.0
725455,268000.0
725547,379000.0
725814,364000.0
725829,198000.0
725999,456000.0
726088,263000.0
726214,282000.0
726348,148000.0
726542,259000.0
726620,278000.0
726910,303000.0
727068,350000.0
727229,126000.0
727458,398000.0
727699,317000.0
728077,117000.0
728089,274000.0
728272,271000.0
728553,348000.0
728592,92000.0
728640,238000.0
728663,177000.0
729105,191000.0
729267,189000.0
729622,227000.0
730128,166000.0
730298,151000.0
730619,207000.0
730712,266000.0
731061,229000.0
731131,178000.0
731142,409000.0
731240,184000.0
731527,169000.0
731655,163000.0
731841,229000.0
731925,160000.0
732382,142000.0
732568,293000.0
732810,302000.0
732969,190000.0
733029,346000.0
733077,457000.0
733091,452000.0
733208,217000.0
733226,196000.0
733230,111000.0
733238,214000.0
733347,241000.0
733542,267000.0
734153,135000.0
734154,310000.0
734176,290000.0
734212,370000.0
734217,357000.0
734258,276000.0
734334,349000.0
734397,355000.0
734666,144000.0
734674,214000.0
734675,212000.0
734724,737000.0
734919,270000.0
735058,340000.0
735319,279000.0
735691,315000.0
735730,542000.0
735875,199000.0
736019,145000.0
736274,157000.0
736752,542000.0
736842,192000.0
736845,445000.0
736880,360000.0
737208,277000.0
737501,360000.0
737652,409000.0
737722,483000.0
738039,206000.0
738057,236000.0
738082,327000.0
738665,332000.0
738841,206000.0
739007,155000.0
739075,157000.0
739255,504000.0
739492,244000.0
740378,485000.0
740535,110000.0
741340,369000.0
741408,198000.0
741684,229000.0
742269,312000.0
742430,367000.0
742608,490000.0
742744,258000.0
742791,182000.0
742826,188000.0
742881,154000.0
742899,176000.0
743231,260000.0
743527,933000.0
743534,221000.0
743562,164000.0
743664,367000.0
743926,601000.0
744027,303000.0
744337,306000.0
744508,266000.0
744690,209000.0
745006,178000.0
745047,187000.0
745193,326000.0
745245,156000.0
745515,173000.0
746017,302000.0
746053,173000.0
746265,516000.0
746355,556000.0
746375,188000.0
746382,265000.0
746483,188000.0
746772,159000.0
746949,169000.0
746954,153000.0
746984,121000.0
748310,401000.0
748476,221000.0
748712,499000.0
748736,175000.0
748773,146000.0
748803,811000.0
749336,245000.0
749657,184000.0
749755,244000.0
749845,173000.0
750054,403000.0
750136,177000.0
750580,329000.0
750771,745000.0
751301,141000.0
751365,307000.0
751450,407000.0
751496,503000.0
751560,656000.0
751799,364000.0
751846,158000.0
751847,182000.0
751897,214000.0
751958,281000.0
751960,245000.0
752204,156000.0
752309,565000.0
752365,188000.0
752608,213000.0
752648,189000.0
752691,331000.0
752814,215000.0
752877,209000.0
753069,195000.0
753118,167000.0
753224,399000.0
753227,157000.0
753248,203000.0
753391,242000.0
753482,193000.0
753516,303000.0
753532,263000.0
753563,173000.0
753651,702000.0
753842,221000.0
754089,164000.0
754090,152000.0
754125,298000.0
754506,271000.0
754620,188000.0
754630,181000.0
754802,137000.0
754861,295000.0
754927,153000.0
754936,323000.0
755034,222000.0
755072,149000.0
755075,160000.0
755879,188000.0
756141,248000.0
757137,393000.0
757268,271000.0
757525,204000.0
757552,442000.0
757671,140000.0
757699,208000.0
757723,223000.0
757778,178000.0
757807,310000.0
757810,247000.0
758073,195000.0
758157,139000.0
758385,593000.0
758409,145000.0
758503,183000.0
758531,204000.0
758589,172000.0
758722,141000.0
758785,236000.0
758793,167000.0
758855,364000.0
758943,278000.0
758961,344000.0
759020,231000.0
759066,170000.0
759073,186000.0
759076,382000.0
759330,186000.0
760184,337000.0
760381,366000.0
760382,365000.0
760545,528000.0
760920,196000.0
767749,178000.0
767766,310000.0
767960,259000.0
768051,186000.0
771578,169000.0
771667,353000.0
771785,122000.0
771860,177000.0
772094,176000.0
772238,200000.0
772563,285000.0
772956,230000.0
773061,310000.0
773111,175000.0
773288,310000.0
773498,566000.0
773599,268000.0
773705,138000.0
773905,109000.0
773965,415000.0
773973,237000.0
774075,453000.0
774236,110000.0
774296,471000.0
774423,471000.0
774558,296000.0
774559,212000.0
774858,199000.0
774859,211000.0
774860,193000.0
774861,181000.0
774863,352000.0
774864,163000.0
774865,456000.0
774866,220000.0
774870,333000.0
774874,155000.0
774908,501000.0
774914,303000.0
775168,246000.0
775205,229000.0
775210,494000.0
775320,200000.0
775438,241000.0
775442,265000.0
775443,218000.0
775444,170000.0
775445,211000.0
775447,172000.0
775448,177000.0
775554,239000.0
775555,177000.0
775586,233000.0
775612,214000.0
775729,147000.0
775785,169000.0
775911,214000.0
776126,175000.0
776220,536000.0
776281,250000.0
776537,411000.0
776718,197000.0
776786,175000.0
777092,300000.0
777265,220000.0
777365,668000.0
777442,169000.0
777610,484000.0
777612,175000.0
777763,242000.0
777818,238000.0
778020,268000.0
792324,379000.0
792630,161000.0
792713,122000.0
792725,236000.0
792887,413000.0
792939,647000.0
793005,159000.0
793008,393000.0
793066,252000.0
793127,280000.0
793161,153000.0
793409,254000.0
793475,178000.0
793537,307000.0
793642,177000.0
793661,331000.0
793768,447000.0
793977,606000.0
793978,217000.0
794009,471000.0
794521,139000.0
794522,177000.0
794646,159000.0
794657,137000.0
794681,326000.0
794957,253000.0
795043,157000.0
795214,200000.0
795458,174000.0
795504,283000.0
795614,176000.0
795689,193000.0
795690,261000.0
795749,185000.0
795780,261000.0
796046,262000.0
796093,170000.0
796230,386000.0
796239,359000.0
796407,538000.0
796414,250000.0
796526,174000.0
796611,169000.0
796612,170000.0
796693,298000.0
796941,241000.0
797000,235000.0
797301,455000.0
797320,239000.0
797501,197000.0
797556,355000.0
797602,265000.0
797607,265000.0
797650,213000.0
797759,418000.0
797840,244000.0
797920,171000.0
797955,177000.0
797986,125000.0
798122,284000.0
798154,546000.0
799016,150000.0
799634,187000.0
799788,584000.0
800114,205000.0
800138,345000.0
800424,85000.0
800449,366000.0
800510,515000.0
800532,342000.0
800541,194000.0
800609,231000.0
800668,245000.0
800744,362000.0
800866,241000.0
800903,442000.0
800916,440000.0
801752,173000.0
801804,163000.0
801847,485000.0
801858,164000.0
802128,413000.0
802258,235000.0
802295,190000.0
802341,257000.0
802386,491000.0
802424,207000.0
802445,192000.0
802668,171000.0
802700,249000.0
802704,231000.0
802728,329000.0
802910,190000.0
803292,421000.0
803311,72000.0
803329,155000.0
803374,307000.0
803536,462000.0
803639,334000.0
804024,168000.0
804212,395000.0
804231,208000.0
804291,494000.0
804531,153000.0
804598,265000.0
804627,163000.0
804631,137000.0
804637,406000.0
804655,166000.0
804744,182000.0
804766,157000.0
804807,130000.0
805014,454000.0
805098,552000.0
805194,576000.0
805373,373000.0
805394,238000.0
805486,206000.0
805500,307000.0
805630,251000.0
805757,428000.0
806068,458000.0
806144,186000.0
806361,155000.0
806422,285000.0
806448,237000.0
806622,175000.0
806748,190000.0
806977,400000.0
806994,331000.0
807158,120000.0
807182,248000.0
807185,174000.0
807247,107000.0
807280,342000.0
807366,243000.0
807797,173000.0
808029,254000.0
808116,302000.0
808193,746000.0
808317,273000.0
808398,238000.0
808402,377000.0
808665,230000.0
808694,145000.0
809040,294000.0
809598,327000.0
809658,197000.0
810178,214000.0
810217,285000.0
810247,225000.0
810250,231000.0
810315,361000.0
810593,569000.0
810694,224000.0
810750,191000.0
810752,454000.0
810823,441000.0
811013,511000.0
811014,531000.0
811029,660000.0
811033,312000.0
811079,166000.0
811149,347000.0
811154,173000.0
811318,182000.0
811572,245000.0
811752,238000.0
811825,153000.0
811863,547000.0
811890,175000.0
812013,177000.0
812020,168000.0
812190,170000.0
812277,299000.0
812281,460000.0
812496,529000.0
813366,242000.0
813513,281000.0
813541,151000.0
813723,728000.0
813854,265000.0
813900,428000.0
813905,519000.0
813991,159000.0
814439,164000.0
814562,497000.0
814741,139000.0
814748,270000.0
814792,211000.0
814808,169000.0
814955,187000.0
815240,273000.0
815395,380000.0
815501,256000.0
815512,165000.0
815573,447000.0
815588,280000.0
815670,341000.0
815688,276000.0
815690,228000.0
815696,385000.0
815763,152000.0
815988,280000.0
816064,409000.0
816242,463000.0
816290,863000.0
816334,320000.0
816744,358000.0
816890,163000.0
816995,125000.0
816999,241000.0
817070,359000.0
817184,609000.0
817220,330000.0
817222,353000.0
817335,330000.0
817398,188000.0
817401,467000.0
817469,472000.0
817478,495000.0
817485,342000.0
849254,353000.0
849335,415000.0
849583,366000.0
849628,262000.0
849715,393000.0
849938,529000.0
850070,427000.0
850071,308000.0
850074,369000.0
850143,139000.0
850650,492000.0
850688,155000.0
850706,154000.0
851200,287000.0
851362,331000.0
851404,674000.0
851791,343000.0
851810,221000.0
851844,222000.0
851885,332000.0
851929,332000.0
852009,219000.0
852060,373000.0
852108,339000.0
852166,151000.0
852210,676000.0
852356,196000.0
852727,489000.0
852786,191000.0
852794,174000.0
852798,235000.0
852811,189000.0
852983,194000.0
853152,251000.0
853212,223000.0
853308,269000.0
853360,241000.0
853400,198000.0
853448,129000.0
853547,360000.0
853738,370000.0
853999,163000.0
854058,142000.0
854206,301000.0
854316,459000.0
854372,538000.0
854548,182000.0
854627,369000.0
854717,638000.0
854804,545000.0
854850,209000.0
855254,342000.0
855290,199000.0
855591,367000.0
855835,425000.0
856006,494000.0
856174,176000.0
856192,384000.0
856247,301000.0
856511,592000.0
856637,426000.0
856638,191000.0
856646,314000.0
856699,680000.0
856869,242000.0
856903,313000.0
857014,325000.0
857021,267000.0
857337,84000.0
857466,288000.0
857561,397000.0
857715,346000.0
857930,487000.0
857933,488000.0
857984,101000.0
858020,160000.0
858115,183000.0
858187,321000.0
858284,277000.0
858313,229000.0
858343,250000.0
858367,361000.0
858368,222000.0
858391,291000.0
858467,160000.0
858620,383000.0
858789,353000.0
858910,226000.0
858923,317000.0
858925,149000.0
859089,149000.0
859208,293000.0
859213,223000.0
859448,339000.0
859735,204000.0
859737,157000.0
859952,282000.0
860006,282000.0
860132,192000.0
860301,228000.0
860323,147000.0
860335,157000.0
860364,132000.0
860502,520000.0
860548,557000.0
860582,335000.0
860748,410000.0
860775,307000.0
860948,353000.0
861031,639000.0
861333,210000.0
861384,231000.0
861474,314000.0
861714,231000.0
861731,243000.0
861732,141000.0
861737,158000.0
861820,225000.0
861885,317000.0
862030,405000.0
862188,172000.0
862261,305000.0
862281,197000.0
862618,320000.0
862788,477000.0
862799,170000.0
862968,199000.0
862970,159000.0
862972,461000.0
863013,164000.0
863030,372000.0
863134,364000.0
863308,138000.0
863598,420000.0
863775,169000.0
863870,428000.0
863876,240000.0
863878,178000.0
863962,467000.0
864003,638000.0
864031,300000.0
864076,254000.0
864259,306000.0
864264,238000.0
864392,443000.0
864413,364000.0
864696,98000.0
864957,284000.0
864967,209000.0
865059,370000.0
865088,165000.0
865172,205000.0
865294,161000.0
865295,256000.0
865397,289000.0
865837,226000.0
865915,378000.0
865988,191000.0
866170,197000.0
866219,228000.0
866221,109000.0
866233,296000.0
866670,269000.0
866690,285000.0
866710,130000.0
866832,177000.0
866953,677000.0
867179,204000.0
867437,281000.0
867463,186000.0
867734,360000.0
867910,231000.0
868080,163000.0
868188,189000.0
868288,403000.0
868374,275000.0
868833,229000.0
869107,254000.0
869128,138000.0
869129,207000.0
869138,402000.0
869231,281000.0
869299,461000.0
869366,377000.0
869499,217000.0
869632,162000.0
869658,338000.0
869693,186000.0
870083,167000.0
870420,274000.0
870666,170000.0
870737,276000.0
870738,244000.0
870742,377000.0
870773,165000.0
870921,265000.0
871140,244000.0
871143,306000.0
871239,296000.0
871264,126000.0
871783,339000.0
871887,263000.0
872186,191000.0
872351,273000.0
872453,438000.0
872615,350000.0
873114,264000.0
873126,192000.0
873173,177000.0
873306,112000.0
874035,253000.0
874087,233000.0
874106,538000.0
874111,245000.0
874132,349000.0
874172,245000.0
874299,249000.0
874301,204000.0
874678,200000.0
875005,306000.0
875040,192000.0
875084,243000.0
875343,181000.0
875373,243000.0
875694,339000.0
875715,477000.0
875883,350000.0
875956,467000.0
876188,200000.0
876243,213000.0
876248,199000.0
876298,642000.0
876348,219000.0
876525,340000.0
876573,330000.0
876658,165000.0
876802,158000.0
877045,225000.0
877057,148000.0
877061,218000.0
877082,209000.0
877159,564000.0
877356,224000.0
877405,263000.0
877586,185000.0
877678,165000.0
877695,586000.0
877858,134000.0
877986,376000.0
877992,392000.0
877993,349000.0
877999,209000.0
878136,163000.0
878160,242000.0
878162,168000.0
878163,142000.0
878164,215000.0
878185,423000.0
878259,128000.0
878329,160000.0
878421,664000.0
878447,281000.0
878983,469000.0
879011,242000.0
879025,304000.0
879202,448000.0
879262,319000.0
879410,142000.0
879445,120000.0
879490,413000.0
879704,214000.0
879837,163000.0
879874,306000.0
879899,353000.0
879907,704000.0
880010,179000.0
880022,377000.0
880054,129000.0
880204,312000.0
880277,204000.0
880443,191000.0
880473,215000.0
880481,442000.0
880488,442000.0
880535,495000.0
880552,308000.0
880554,308000.0
880659,169000.0
880698,406000.0
880710,386000.0
880760,395000.0
880910,429000.0
881195,195000.0
881204,395000.0
881269,183000.0
881271,408000.0
881536,276000.0
881648,204000.0
881673,393000.0
881944,671000.0
882063,364000.0
882221,173000.0
882324,190000.0
882337,344000.0
882438,209000.0
882778,185000.0
882904,182000.0
882962,324000.0
883438,142000.0
883576,238000.0
883600,173000.0
883704,164000.0
883831,222000.0
884093,134000.0
884099,177000.0
884231,165000.0
884499,369000.0
884561,664000.0
884563,664000.0
884654,128000.0
917473,239000.0
917675,297000.0
917724,619000.0
918021,379000.0
918033,224000.0
918035,376000.0
918495,353000.0
918508,685000.0
918559,147000.0
918632,382000.0
918906,330000.0
918909,178000.0
918921,594000.0
919282,541000.0
919294,542000.0
919346,406000.0
919348,455000.0
919349,419000.0
919389,571000.0
919475,203000.0
919477,301000.0
919478,120000.0
919577,267000.0
919708,270000.0
919726,147000.0
919736,219000.0
919757,206000.0
919778,355000.0
919891,333000.0
919997,506000.0
920012,300000.0
920013,146000.0
920137,280000.0
920258,355000.0
920314,420000.0
920322,432000.0
922004,206000.0
922014,189000.0
922214,172000.0
922244,228000.0
1024686,819000.0
1024698,463000.0
1024801,180000.0
1025018,213000.0
1025058,288000.0
1025061,176000.0
1025080,235000.0
1025173,144000.0
1025211,187000.0
1025298,392000.0
1025315,221000.0
1025346,231000.0
1025350,395000.0
1026050,437000.0
1026150,314000.0
1026439,136000.0
1026667,193000.0
1026670,308000.0
1026853,178000.0
1026857,341000.0
1027120,243000.0
1027152,176000.0
1027154,551000.0
1027285,237000.0
1027287,194000.0
1027289,307000.0
1027304,301000.0
1027312,260000.0
1027564,162000.0
1027908,189000.0
1028089,165000.0
1028529,199000.0
1028591,183000.0
1028658,184000.0
1028708,297000.0
1028749,600000.0
1028829,479000.0
1028874,193000.0
1029454,366000.0
1029472,596000.0
1029518,149000.0
1029744,220000.0
1029859,119000.0
1030059,173000.0
1030097,154000.0
1030101,141000.0
1030123,521000.0
1030203,286000.0
1030283,147000.0
1030444,514000.0
1030455,245000.0
1030459,181000.0
1030503,230000.0
1030736,159000.0
1030804,238000.0
1030937,353000.0
1031066,374000.0
1031181,285000.0
1031311,300000.0
1031478,194000.0
1031619,50000.0
1031690,421000.0
1031854,325000.0
1031858,448000.0
1031906,400000.0
1031920,272000.0
1031942,134000.0
1032259,284000.0
1032333,133000.0
1032385,212000.0
1032393,354000.0
1032599,167000.0
1032620,536000.0
1032637,252000.0
1032669,176000.0
1032731,269000.0
1032777,140000.0
1032887,168000.0
1032923,449000.0
1032932,359000.0
1033063,336000.0
1033091,202000.0
1033395,189000.0
1033445,179000.0
1033457,319000.0
1033533,150000.0
1033712,683000.0
1033894,185000.0
1033932,192000.0
1033937,547000.0
1033988,656000.0
1033989,656000.0
1034003,261000.0
1034012,125000.0
1034047,464000.0
1034062,118000.0
1034064,147000.0
1034065,148000.0
1034066,154000.0
1034068,164000.0
1034078,371000.0
1034088,218000.0
1034300,405000.0
1034363,172000.0
1034496,179000.0
1034605,265000.0
1034670,273000.0
1034716,205000.0
1034718,217000.0
1034778,412000.0
1034779,410000.0
1034803,218000.0
1034837,203000.0
1034944,266000.0
1035106,203000.0
1035111,192000.0
1035166,478000.0
1035490,357000.0
1035494,223000.0
1035524,200000.0
1035548,283000.0
1035564,158000.0
1035605,626000.0
1035785,197000.0
1035893,254000.0
1036037,383000.0
1036072,328000.0
1036103,495000.0
1036226,432000.0
1037508,216000.0
1037509,148000.0
1037613,501000.0
1037615,495000.0
1037616,533000.0
1037617,588000.0
1037619,606000.0
1037699,165000.0
1037850,900000.0
1037908,243000.0
1038175,357000.0
1038180,172000.0
1038183,524000.0
1038322,330000.0
1038432,262000.0
1038447,119000.0
1038448,316000.0
1038494,269000.0
1038509,725000.0
1038512,198000.0
1038516,192000.0
1038517,193000.0
1038532,286000.0
1038541,224000.0
1038551,257000.0
1038600,181000.0
1038788,237000.0
1038956,576000.0
1038957,162000.0
1039041,144000.0
1039176,249000.0
1039208,132000.0
1039427,268000.0
1039430,331000.0
1039434,150000.0
1039449,148000.0
1039523,344000.0
1039795,237000.0
1039810,737000.0
1039879,390000.0
1040038,289000.0
1040077,639000.0
1040154,142000.0
1040155,191000.0
1040245,153000.0
1040616,262000.0
1040659,245000.0
1040829,171000.0
1040841,647000.0
1041077,122000.0
1041312,242000.0
1041324,131000.0
1041354,159000.0
1041377,82000.0
1041469,166000.0
1041480,232000.0
1041501,508000.0
1041515,276000.0
1041815,187000.0
1041945,336000.0
1041997,137000.0
1042010,404000.0
1042250,199000.0
1042254,419000.0
1042365,185000.0
1042421,567000.0
1042710,198000.0
1043106,183000.0
1043116,224000.0
1043117,148000.0
1043349,153000.0
1043369,309000.0
1043413,132000.0
1043475,199000.0
1043480,227000.0
1043482,265000.0
1043492,346000.0
1043501,345000.0
1043542,305000.0
1043603,211000.0
1043620,663000.0
1043688,199000.0
1043779,190000.0
1043799,184000.0
1043891,341000.0
1043892,342000.0
1043945,520000.0
1044186,185000.0
1044193,192000.0
1044204,323000.0
1044205,323000.0
1044215,377000.0
1044236,700000.0
1044277,411000.0
1044296,533000.0
1044297,542000.0
1044356,307000.0
1044456,100000.0
1044496,390000.0
1044569,233000.0
1044700,165000.0
1044742,202000.0
1044802,265000.0
1044803,273000.0
1044813,250000.0
1044832,160000.0
1044867,340000.0
1045016,229000.0
1045148,163000.0
1045209,196000.0
1045223,618000.0
1045320,239000.0
1045323,350000.0
1045414,221000.0
1045572,429000.0
1045573,644000.0
1045595,453000.0
1045679,293000.0
1045724,492000.0
1045725,492000.0
1045730,491000.0
1045799,279000.0
1045886,336000.0
1045930,619000.0
1045955,171000.0
1045981,219000.0
1046127,151000.0
1046209,182000.0
1046212,511000.0
1046225,101000.0
1046231,237000.0
1046257,235000.0
1046283,122000.0
1046328,226000.0
1046331,117000.0
1046356,158000.0
1046430,120000.0
1046462,196000.0
1046488,147000.0
1046498,247000.0
1046576,233000.0
1046593,530000.0
1046597,209000.0
1046633,550000.0
1046719,432000.0
1046832,150000.0
1046844,395000.0
1046861,267000.0
1046862,267000.0
1046875,152000.0
1046947,357000.0
1046952,401000.0
1046992,149000.0
1047083,163000.0
1047115,276000.0
1047118,280000.0
1047172,411000.0
1047190,251000.0
1047193,254000.0
1047257,175000.0
1047273,235000.0
1047480,396000.0
1047498,140000.0
1047543,580000.0
1047617,190000.0
1047712,206000.0
1047901,255000.0
1047986,356000.0
1048124,98000.0
1048181,249000.0
1048203,347000.0
1048241,144000.0
1048292,364000.0
1048310,238000.0
1048513,357000.0
1048631,91000.0
1049174,146000.0
1049242,647000.0
1049249,692000.0
1049252,186000.0
1049305,155000.0
1049306,166000.0
1049317,271000.0
1049322,382000.0
1049326,168000.0
1049334,638000.0
1049336,261000.0
1049377,211000.0
1049418,397000.0
1049447,123000.0
1049476,290000.0
1049480,378000.0
1049490,712000.0
1049498,162000.0
1049499,392000.0
1049504,531000.0
1049505,309000.0
1049521,321000.0
1049551,403000.0
1049557,208000.0
1049586,357000.0
1049673,156000.0
1049674,517000.0
1049684,358000.0
1049721,782000.0
1049728,239000.0
1049744,120000.0
1049769,492000.0
1049783,381000.0
1049881,342000.0
1049888,595000.0
1049902,453000.0
1049929,317000.0
1050083,650000.0
1050117,282000.0
1050132,661000.0
1050134,524000.0
1050140,227000.0
1050208,299000.0
1050240,410000.0
1050279,358000.0
1050338,137000.0
1050362,225000.0
1050433,581000.0
1050457,377000.0
1050501,394000.0
1050574,338000.0
1050594,391000.0
1050656,217000.0
1050862,272000.0
1050863,248000.0
1050909,273000.0
1050939,337000.0
1050946,419000.0
1050995,323000.0
1051015,111000.0
1051038,164000.0
1051097,421000.0
1051130,321000.0
1051148,340000.0
1051151,401000.0
1051239,323000.0
1051244,384000.0
1051288,158000.0
1051313,158000.0
1051314,153000.0
1051354,204000.0
1051440,155000.0
1051504,160000.0
1051585,160000.0
1051651,245000.0
1051887,200000.0
1051929,474000.0
1052048,246000.0
1052213,400000.0
1052363,159000.0
1052422,730000.0
1052438,254000.0
1052484,169000.0
1052505,337000.0
1052581,320000.0
1052622,171000.0
1052708,255000.0
1052827,373000.0
1052838,164000.0
1052871,520000.0
1052891,200000.0
1053088,191000.0
1053226,429000.0
1053352,656000.0
1053730,317000.0
1053935,137000.0
1054083,656000.0
1054093,238000.0
1054179,185000.0
1054262,167000.0
1054334,494000.0
1054358,135000.0
1054564,198000.0
1054624,174000.0
1054633,242000.0
1054796,186000.0
1054801,194000.0
1054937,631000.0
1054961,160000.0
1055035,169000.0
1055041,424000.0
1055092,376000.0
1055135,82000.0
1055232,322000.0
1055233,128000.0
1055361,671000.0
1055407,199000.0
1055408,189000.0
1055462,235000.0
1055471,346000.0
1055681,206000.0
1055727,355000.0
1055783,678000.0
1055884,508000.0
1055885,508000.0
1055936,164000.0
1055950,345000.0
1055976,172000.0
1056019,442000.0
1056287,241000.0
1056414,80000.0
1056599,324000.0
1056744,245000.0
1056825,191000.0
1056826,391000.0
1056908,245000.0
1056914,238000.0
1056944,425000.0
1057065,258000.0
1057090,255000.0
1057091,376000.0
1057148,225000.0
1057149,225000.0
1057150,225000.0
1057151,225000.0
1057152,225000.0
1057153,225000.0
1057234,253000.0
1057297,283000.0
1057375,172000.0
1057507,183000.0
1057887,301000.0
1057947,172000.0
1057950,153000.0
1057955,165000.0
1057965,318000.0
1058044,230000.0
1058078,185000.0
1058101,187000.0
1058176,315000.0
1058333,185000.0
1058334,246000.0
1058599,365000.0
1058796,442000.0
1058801,303000.0
1058802,548000.0
1058822,122000.0
1058928,164000.0
1058931,450000.0
1059002,144000.0
1059048,453000.0
1059114,551000.0
1059119,254000.0
1059129,225000.0
1059188,211000.0
1059376,158000.0
1059388,315000.0
1059539,254000.0
1059545,224000.0
1059547,142000.0
1059555,358000.0
1059586,194000.0
1059624,130000.0
1059665,216000.0
1059675,158000.0
1059677,224000.0
1059748,239000.0
1059846,500000.0
1059865,189000.0
1059892,189000.0
1059967,563000.0
1059984,312000.0
1059989,505000.0
1060018,210000.0
1060098,186000.0
1060175,169000.0
1060194,106000.0
1060278,634000.0
1060355,548000.0
1060363,364000.0
1060389,358000.0
1060551,180000.0
1060564,158000.0
1060584,147000.0
1060585,154000.0
1060754,167000.0
1060785,268000.0
1060795,342000.0
1060797,382000.0
1060800,220000.0
1060854,709000.0
1060907,147000.0
1060916,172000.0
1060943,289000.0
1060944,179000.0
1061025,358000.0
1061064,123000.0
1061103,379000.0
1061329,496000.0
1061352,400000.0
1061419,170000.0
1061472,228000.0
1061474,341000.0
1061489,276000.0
1061521,137000.0
1061613,151000.0
1061628,193000.0
1061716,282000.0
1061773,356000.0
1061906,239000.0
1061981,238000.0
1062059,185000.0
1062062,508000.0
1062154,180000.0
1062179,146000.0
1062215,193000.0
1062231,258000.0
1062234,265000.0
1062235,265000.0
1062237,153000.0
1150057,222000.0
1150061,596000.0
1150062,151000.0
1150302,242000.0
1150304,178000.0
1150307,176000.0
1150308,354000.0
1150312,95000.0
1150313,188000.0
1150315,354000.0
1150318,407000.0
1150709,351000.0
1150711,370000.0
1150714,313000.0
1150716,516000.0
1150721,433000.0
1150722,376000.0
1150723,650000.0
1150727,310000.0
1150729,749000.0
1150732,483000.0
1150733,337000.0
1150739,510000.0
1150741,445000.0
1150744,412000.0
1150751,355000.0
1158788,352000.0
1158790,369000.0
1158794,75000.0
1158798,417000.0
1158802,400000.0
1158803,400000.0
1158804,400000.0
1158972,237000.0
1158973,238000.0
1158979,276000.0
1158980,208000.0
1158982,231000.0
1159208,552000.0
1159224,234000.0
1159254,211000.0
1159717,207000.0
1159725,147000.0
1159755,280000.0
1159756,396000.0
1159757,243000.0
1159758,158000.0
1159760,161000.0
1159762,139000.0
1159764,188000.0
1160340,174000.0
1160342,175000.0
1160347,309000.0
1160348,187000.0
1160352,578000.0
1160353,316000.0
1160357,253000.0
1160368,900000.0
1160370,505000.0
1160372,537000.0
1160628,211000.0
1160633,397000.0
1160635,283000.0
1160642,489000.0
1160644,226000.0
1160646,186000.0
1160651,142000.0
1160652,145000.0
1160659,293000.0
1160663,254000.0
1160877,571000.0
1160879,347000.0
1160881,272000.0
1160884,415000.0
1160887,178000.0
1160891,653000.0
1160892,350000.0
1160893,373000.0
1160897,411000.0
1160900,660000.0
1160901,408000.0
1160903,437000.0
1160909,314000.0
1160910,344000.0
1160913,692000.0
1160916,533000.0
1162333,168000.0
1162334,252000.0
1162374,483000.0
1162376,502000.0
1162380,367000.0
1162381,314000.0
1162382,182000.0
1162385,444000.0
1162386,383000.0
1162638,284000.0
1162639,227000.0
1162640,289000.0
1162641,214000.0
1162643,480000.0
1162707,413000.0
1162708,243000.0
1162764,350000.0
1162899,204000.0
1162918,260000.0
1162924,158000.0
1162925,271000.0
1162926,216000.0
1162927,209000.0
1163023,402000.0
1163027,227000.0
1163028,300000.0
1163039,218000.0
1163040,234000.0
1163042,442000.0
1163043,235000.0
1163044,238000.0
1163047,168000.0
1163050,291000.0
1163083,337000.0
1163086,298000.0
1163089,260000.0
1163090,543000.0
1163091,177000.0
1163092,239000.0
1163093,388000.0
1163095,326000.0
1163096,89000.0
1163264,233000.0
1163271,276000.0
1164020,216000.0
1164022,240000.0
1164028,195000.0
1164565,195000.0
1164567,355000.0
1164571,208000.0
1164576,210000.0
1164578,215000.0
1164580,200000.0
1164581,179000.0
1164582,273000.0
1164583,146000.0
1164617,415000.0
1164618,369000.0
1164622,81000.0
1164625,330000.0
1164627,654000.0
1164629,513000.0
1164911,355000.0
1164914,425000.0
1164916,309000.0
1164936,213000.0
1164938,322000.0
1164940,176000.0
1167361,624000.0
1167364,235000.0
1167369,483000.0
1167373,374000.0
1167374,360000.0
1167375,193000.0
1167383,670000.0
1167385,627000.0
1167387,239000.0
1167388,390000.0
1167392,179000.0
1167397,248000.0
1167398,159000.0
1167399,187000.0
1167401,350000.0
1167402,283000.0
1167403,141000.0
1167404,196000.0
1167405,184000.0
1167406,214000.0
1167407,186000.0
1167409,269000.0
1167410,153000.0
1167411,209000.0
1167412,171000.0
1167413,204000.0
1167414,206000.0
1167426,205000.0
1167429,229000.0
1167430,206000.0
1167431,174000.0
1167437,222000.0
1167439,232000.0
1171188,196000.0
1171191,159000.0
1171194,337000.0
1171195,208000.0
1171196,188000.0
1171200,168000.0
1171201,166000.0
1171203,162000.0
1171204,185000.0
1171205,228000.0
1171362,498000.0
1171367,477000.0
1172945,188000.0
1172952,160000.0
1173341,292000.0
1173343,262000.0
1173347,212000.0
1173351,227000.0
1173353,276000.0
1173355,394000.0
1173356,210000.0
1173358,306000.0
1173362,258000.0
1173364,291000.0
1174252,765000.0
1174253,298000.0
1174258,447000.0
1174265,279000.0
1174280,612000.0
1174393,126000.0
1174395,243000.0
1174396,302000.0
1174397,178000.0
1174398,150000.0
1174400,439000.0
1174404,197000.0
1174405,170000.0
1174407,156000.0
1174456,208000.0
1174460,139000.0
1174462,210000.0
1174465,295000.0
1174466,284000.0
1174468,201000.0
1174469,208000.0
1174471,167000.0
1174472,172000.0
1174473,357000.0
1174475,192000.0
1174491,65000.0
1174496,235000.0
1174501,142000.0
1174592,162000.0
1174593,318000.0
1174595,164000.0
1174596,139000.0
1174598,173000.0
1174599,389000.0
1174602,204000.0
1174607,127000.0
1174608,137000.0
1174732,185000.0
1174738,150000.0
1174742,292000.0
1174743,151000.0
1174748,181000.0
1175538,155000.0
1175539,148000.0
1175543,184000.0
1175547,114000.0
1175548,134000.0
1175550,136000.0
1176289,550000.0
1176758,593000.0
1176759,443000.0
1176764,395000.0
1176772,402000.0
1177110,182000.0
1177116,142000.0
1177118,215000.0
1177121,225000.0
1177122,310000.0
1177125,164000.0
1177822,136000.0
1178019,200000.0
1178024,297000.0
1179391,936000.0
1179392,442000.0
1179393,425000.0
1179512,267000.0
1179513,150000.0
1179516,110000.0
1179517,137000.0
1179518,167000.0
1179526,256000.0
1179527,218000.0
1179540,344000.0
1179542,233000.0
1179543,344000.0
1179546,277000.0
1179548,329000.0
1179552,179000.0
1179554,115000.0
1179555,386000.0
1179557,362000.0
1179944,332000.0
1179948,430000.0
1179949,336000.0
1179952,258000.0
1179953,459000.0
1179955,285000.0
1180044,508000.0
1180046,111000.0
1180047,201000.0
1180048,155000.0
1180049,387000.0
1180050,214000.0
1180051,339000.0
1180053,316000.0
1180054,180000.0
1180056,264000.0
1180060,238000.0
1180070,716000.0
1180073,461000.0
1180078,286000.0
1180080,594000.0
1180241,149000.0
1180242,449000.0
1180243,136000.0
1180251,178000.0
1180253,261000.0
1180254,226000.0
1180255,184000.0
1180257,185000.0
1180452,130000.0
1180461,198000.0
1180464,277000.0
1180465,170000.0
1180466,94000.0
1180467,136000.0
1180469,201000.0
1180471,110000.0
1180472,153000.0
1180474,227000.0
1180479,156000.0
1180481,660000.0
1180482,258000.0
1180484,186000.0
1180485,172000.0
1180487,481000.0
1180619,155000.0
1180622,205000.0
1180628,269000.0
1180629,145000.0
1180630,156000.0
1180701,201000.0
1180702,353000.0
1180704,182000.0
1180707,248000.0
1180708,148000.0
1180711,139000.0
1180712,317000.0
1180716,629000.0
1180717,156000.0
1180732,450000.0
1180733,215000.0
1180734,431000.0
1180735,373000.0
1180738,265000.0
1180739,195000.0
1180741,186000.0
1180743,121000.0
1180744,367000.0
1180748,164000.0
1180749,274000.0
1180770,173000.0
1180771,467000.0
1180774,154000.0
1180777,195000.0
1180938,156000.0
1180945,382000.0
1180951,144000.0
1180954,100000.0
1180967,460000.0
1180976,671000.0
1180977,608000.0
1181989,241000.0
1182023,235000.0
1182025,88000.0
1182026,456000.0
1182030,296000.0
1182033,322000.0
1182314,310000.0
1182315,277000.0
1182316,156000.0
1182317,303000.0
1182321,214000.0
1182322,168000.0
1182323,212000.0
1182628,303000.0
1182650,360000.0
1182652,309000.0
1182654,860000.0
1182655,703000.0
1182744,351000.0
1182745,283000.0
1182746,283000.0
1182748,154000.0
1182749,366000.0
1182754,296000.0
1182756,295000.0
1182757,183000.0
1183211,340000.0
1183213,268000.0
1183689,304000.0
1183690,271000.0
1183691,352000.0
1183692,450000.0
1184185,197000.0
1184271,168000.0
1184272,359000.0
1184678,303000.0
1184679,422000.0
1184680,403000.0
1184730,376000.0
1184731,712000.0
1184772,342000.0
1184775,280000.0
1184780,326000.0
1184783,348000.0
1184806,259000.0
1184809,275000.0
1184956,360000.0
1185123,626000.0
1185129,429000.0
1185141,468000.0
1185144,561000.0
1185145,398000.0
1185150,283000.0
1185316,400000.0
1185317,277000.0
1185326,155000.0
1185328,66000.0
1185330,130000.0
1185331,216000.0
1185722,86000.0
1185744,120000.0
1185746,170000.0
1185748,123000.0
1185818,153000.0
1185819,70000.0
1186256,282000.0
1186257,130000.0
1186258,125000.0
1186260,276000.0
1186261,273000.0
1186284,227000.0
1186288,291000.0
1186368,304000.0
1186370,221000.0
1186371,202000.0
1186373,766000.0
1186374,339000.0
1186376,285000.0
1186379,259000.0
1186380,178000.0
1186827,213000.0
1186830,398000.0
1186831,166000.0
1186832,250000.0
1186834,386000.0
1186835,170000.0
1186837,196000.0
1186840,198000.0
1187587,253000.0
1187625,330000.0
1187626,101000.0
1187628,592000.0
1187839,128000.0
1187840,161000.0
1187842,204000.0
1187843,210000.0
1187844,188000.0
1187851,372000.0
1187853,167000.0
1187854,346000.0
1188373,150000.0
1188428,890000.0
1188429,603000.0
1188430,307000.0
1188431,359000.0
1188439,300000.0
1188440,318000.0
1188442,328000.0
1188484,150000.0
1188485,169000.0
1188487,148000.0
1188488,148000.0
1188490,160000.0
1188493,121000.0
1188499,275000.0
1188519,226000.0
1188531,518000.0
1188535,179000.0
1188538,125000.0
1188539,209000.0
1188577,240000.0
1188578,637000.0
1188581,285000.0
1189583,266000.0
1189587,611000.0
1189590,345000.0
1189593,298000.0
1189594,397000.0
1189595,241000.0
1189596,383000.0
1189599,236000.0
1189600,184000.0
1189603,304000.0
1189605,294000.0
1189606,324000.0
1189610,274000.0
1189611,381000.0
1191966,187000.0
1191971,244000.0
1191972,259000.0
1192091,544000.0
1192096,555000.0
1192970,267000.0
1192973,432000.0
1193162,108000.0
1193163,350000.0
1193168,355000.0
1193169,205000.0
1193170,260000.0
1193171,318000.0
1193543,510000.0
1193676,278000.0
1193751,528000.0
1193761,509000.0
1193775,643000.0
1193777,512000.0
1193779,437000.0
1193782,477000.0
1193783,287000.0
1193836,220000.0
1193848,530000.0
1193849,487000.0
1193850,175000.0
1193855,181000.0
1193857,389000.0
1193859,218000.0
1193861,227000.0
1193862,228000.0
1193863,242000.0
1193864,267000.0
1193866,276000.0
1193915,171000.0
1193925,373000.0
1193927,400000.0
1193952,194000.0
1193953,222000.0
1193954,171000.0
1193955,223000.0
1193956,178000.0
1193957,185000.0
1194415,119000.0
1194922,900000.0
1194977,86000.0
1195222,301000.0
1195223,402000.0
1195224,406000.0
1195225,568000.0
1195425,336000.0
1195426,256000.0
1195432,446000.0
1195891,168000.0
1195892,142000.0
1195893,309000.0
1195900,86000.0
1195901,310000.0
1195903,208000.0
1196019,231000.0
1196842,161000.0
1196844,505000.0
1196847,277000.0
1196872,150000.0
1196892,278000.0
1196893,202000.0
1196894,434000.0
1196895,446000.0
1196904,339000.0
1196912,265000.0
1196913,271000.0
1196993,372000.0
1196994,340000.0
1196998,309000.0
1196999,262000.0
1197000,234000.0
1197002,244000.0
1197106,184000.0
1197107,348000.0
1197108,308000.0
1197166,366000.0
1197209,617000.0
1197214,209000.0
1197215,166000.0
1197216,394000.0
1197253,599000.0
1197256,192000.0
1197309,320000.0
1197311,453000.0
1197315,444000.0
1197316,190000.0
1197321,325000.0
1197322,201000.0
1197323,221000.0
1197324,199000.0
1197325,171000.0
1197326,213000.0
1197328,364000.0
1197329,365000.0
1197331,168000.0
1197345,316000.0
1197351,584000.0
1197462,223000.0
1197463,329000.0
1197465,146000.0
1197467,173000.0
1197469,185000.0
1197470,185000.0
1197502,312000.0
1197549,625000.0
1197570,301000.0
1197627,177000.0
1197672,189000.0
1197859,156000.0
1197860,156000.0
1197977,404000.0
1197978,150000.0
1198019,434000.0
1198021,505000.0
1198337,451000.0
1198358,559000.0
1198364,423000.0
1198365,396000.0
1198366,577000.0
1198367,339000.0
1198368,363000.0
1198369,198000.0
1198373,397000.0
1198446,349000.0
1198450,214000.0
1198451,312000.0
1198452,312000.0
1198453,205000.0
1198457,142000.0
1198621,302000.0
1198645,206000.0
1198649,361000.0
1198650,353000.0
1198664,358000.0
1198665,234000.0
1198669,273000.0
1198670,136000.0
1198671,195000.0
1198760,185000.0
1198766,314000.0
1198768,290000.0
1198771,335000.0
1198773,348000.0
715273,400000.0
717643,360000.0
720473,237000.0
722274,156000.0
722610,363000.0
722632,438000.0
724293,934000.0
724296,405000.0
724367,755000.0
724383,425000.0
724402,659000.0
724436,616000.0
724693,1020000.0
725035,293000.0
726164,540000.0
728018,108000.0
728963,250000.0
730396,525000.0
730570,840000.0
732096,463000.0
732455,904000.0
733749,237000.0
739805,318000.0
762985,251000.0
765024,374000.0
766318,254000.0
767291,212000.0
768075,790000.0
768187,787000.0
768450,193000.0
768818,648000.0
775095,862000.0
777984,209000.0
780334,388000.0
782037,1223000.0
783338,218000.0
788907,310000.0
791183,300000.0
791186,420000.0
800871,198000.0
805218,356000.0
808371,258000.0
810903,929000.0
813910,477000.0
814295,186000.0
816599,476000.0
817980,299000.0
818854,769000.0
821034,404000.0
822425,119000.0
823206,922000.0
823722,344000.0
824962,94000.0
827620,1441000.0
829106,451000.0
829983,1566000.0
835034,206000.0
835905,296000.0
836853,370000.0
836965,1417000.0
837221,777000.0
837226,248000.0
837310,777000.0
837312,777000.0
837322,777000.0
837364,777000.0
837447,777000.0
837450,777000.0
837480,777000.0
837481,777000.0
837534,777000.0
837603,777000.0
837604,777000.0
837695,777000.0
837700,777000.0
838738,777000.0
838739,777000.0
838747,777000.0
839708,208000.0
839728,777000.0
839729,777000.0
839750,777000.0
839751,777000.0
839752,777000.0
839753,777000.0
839754,777000.0
839789,208000.0
839793,208000.0
839796,208000.0
840813,849000.0
843860,463000.0
844526,224000.0
844543,550000.0
844754,188000.0
846486,509000.0
847164,392000.0
848484,192000.0
936754,525000.0
937863,310000.0
937904,440000.0
938417,200000.0
938423,278000.0
938603,310000.0
938622,487000.0
939544,124000.0
940696,158000.0
942465,147000.0
942737,786000.0
943019,421000.0
943421,146000.0
945655,263000.0
947947,173000.0
949288,155000.0
952129,103000.0
952131,436000.0
952904,441000.0
953479,417000.0
954602,195000.0
954929,118000.0
955982,181000.0
958924,776000.0
959475,145000.0
960089,247000.0
960166,481000.0
961081,235000.0
961152,266000.0
961156,75000.0
963917,315000.0
963924,806000.0
963928,129000.0
964509,219000.0
965003,295000.0
967216,788000.0
967710,233000.0
967711,327000.0
967715,703000.0
968678,833000.0
969661,462000.0
970940,165000.0
971513,113000.0
972147,191000.0
972176,325000.0
972866,434000.0
974942,402000.0
974954,416000.0
976609,892000.0
978142,329000.0
978273,111000.0
978277,312000.0
978278,423000.0
978281,478000.0
978860,276000.0
979110,118000.0
979112,227000.0
979516,226000.0
980337,476000.0
980476,192000.0
982006,875000.0
983877,240000.0
983878,277000.0
983879,277000.0
985387,867000.0
985462,513000.0
985808,308000.0
986398,316000.0
987620,193000.0
988304,902000.0
988676,1000000.0
989018,306000.0
995698,376000.0
995822,1542000.0
1002393,467000.0
1003195,130000.0
1003292,490000.0
1003326,374000.0
1003655,459000.0
1003662,482000.0
1003847,371000.0
1006131,399000.0
1008419,758000.0
1008432,324000.0
1008509,927000.0
1008929,130000.0
1009457,309000.0
1010167,138000.0
1010251,263000.0
1010311,173000.0
1011035,1224000.0
1011899,173000.0
1013203,417000.0
1013464,297000.0
1013942,1122000.0
1014952,282000.0
1015519,653000.0
1018488,489000.0
1018565,188000.0
1018830,1553000.0
1019163,1000000.0
1019257,222000.0
1019258,239000.0
1022427,797000.0
1023024,238000.0
1024198,958000.0
1024386,201000.0
1024633,86000.0
1065813,464000.0
1066642,614000.0
1066903,298000.0
1068872,409000.0
1071707,414000.0
1072579,326000.0
1072606,502000.0
1073519,779000.0
1073733,324000.0
1074535,161000.0
1075895,394000.0
1076216,188000.0
1076517,92000.0
1076917,142000.0
1077573,823000.0
1078672,211000.0
1080081,173000.0
1080084,207000.0
1080177,137000.0
1080179,752000.0
1080180,438000.0
1080182,420000.0
1080646,126000.0
1081890,170000.0
1082838,225000.0
1082935,204000.0
1083177,313000.0
1083187,124000.0
1093683,454000.0
1094194,520000.0
1097426,302000.0
1098571,389000.0
1102741,540000.0
1102778,333000.0
1224860,1161000.0
1224861,384000.0
1224864,407000.0
1224865,300000.0
1224868,479000.0
1224877,1019000.0
1229111,739000.0
1229116,499000.0
1229118,704000.0
1235951,1187000.0
1235954,1154000.0
1236545,448000.0
1236554,139000.0
1236560,160000.0
1239168,321000.0
1239172,644000.0
1239175,746000.0
1239178,357000.0
1239179,197000.0
1239182,493000.0
1239184,1221000.0
1241221,207000.0
1241227,119000.0
1241228,105000.0
96029,116000.0
96056,411000.0
96065,556000.0
96072,94000.0
96079,206000.0
96099,216000.0
96100,216000.0
96136,72000.0
96137,72000.0
96138,72000.0
96140,136000.0
96142,208000.0
96143,88000.0
96193,155000.0
96202,201000.0
96206,364000.0
96207,191000.0
96224,126000.0
96225,126000.0
96227,146000.0
96302,1001000.0
96318,346000.0
96339,126000.0
96369,244000.0
96417,145000.0
96432,76000.0
96464,76000.0
96467,205000.0
96471,182000.0
96476,152000.0
96477,289000.0
96481,82000.0
96486,97000.0
96487,126000.0
96515,281000.0
96547,185000.0
96571,371000.0
96574,87000.0
96593,242000.0
96606,119000.0
96648,123000.0
96654,121000.0
96656,412000.0
96661,635000.0
96662,415000.0
96664,112000.0
96668,412000.0
96669,415000.0
96672,412000.0
96678,476000.0
96679,359000.0
96683,697000.0
96713,788000.0
96715,94000.0
96735,84000.0
96742,105000.0
96750,108000.0
96751,116000.0
96758,109000.0
96760,126000.0
96762,106000.0
96765,84000.0
96771,116000.0
96772,84000.0
96782,109000.0
96790,132000.0
96791,296000.0
96816,175000.0
96819,300000.0
96821,100000.0
96838,203000.0
96862,401000.0
96863,538000.0
96869,97000.0
96875,436000.0
96876,1210000.0
96896,140000.0
96897,438000.0
96937,249000.0
96946,105000.0
96952,118000.0
96957,143000.0
96986,180000.0
96988,234000.0
96990,732000.0
97005,1235000.0
97065,625000.0
97071,262000.0
97077,185000.0
97081,606000.0
97083,193000.0
97093,756000.0
97097,121000.0
97122,276000.0
97125,140000.0
97126,240000.0
97127,134000.0
97129,314000.0
97133,102000.0
97137,207000.0
97139,368000.0
97140,315000.0
97144,136000.0
97146,96000.0
97148,136000.0
97149,96000.0
97152,72000.0
97154,96000.0
97155,96000.0
97161,609000.0
97166,165000.0
97194,116000.0
97210,96000.0
97213,183000.0
97215,114000.0
97217,114000.0
97224,182000.0
97226,112000.0
97229,657000.0
97235,158000.0
97250,234000.0
97263,175000.0
97269,415000.0
97312,104000.0
97318,663000.0
97327,98000.0
97336,1011000.0
97447,240000.0
97449,103000.0
97467,194000.0
97482,137000.0
97495,137000.0
97527,655000.0
97531,114000.0
97533,104000.0
97545,127000.0
97550,459000.0
97555,747000.0
97562,135000.0
97564,119000.0
97565,119000.0
97566,209000.0
97573,82000.0
97575,117000.0
97578,331000.0
97579,392000.0
97580,331000.0
97582,217000.0
97583,405000.0
97584,238000.0
97585,249000.0
97586,249000.0
97589,140000.0
97590,121000.0
97677,126000.0
97680,194000.0
97681,162000.0
97686,194000.0
97687,149000.0
97690,186000.0
97692,181000.0
97696,162000.0
97698,186000.0
97699,181000.0
97701,331000.0
97704,122000.0
97707,122000.0
97729,127000.0
97807,219000.0
97808,179000.0
97858,101000.0
97859,192000.0
97861,130000.0
97879,213000.0
97881,219000.0
97885,122000.0
97888,219000.0
97897,181000.0
97907,265000.0
97911,550000.0
97914,99000.0
97927,177000.0
97943,173000.0
97949,98000.0
97967,131000.0
97988,130000.0
97989,113000.0
97990,126000.0
97991,113000.0
97993,126000.0
97996,106000.0
97997,109000.0
97998,146000.0
97999,108000.0
98001,127000.0
98014,418000.0
98016,361000.0
98036,388000.0
98054,302000.0
98063,99000.0
98082,863000.0
98083,212000.0
98085,376000.0
98086,190000.0
98087,1167000.0
98090,154000.0
98095,478000.0
98103,135000.0
98108,291000.0
98119,356000.0
98149,215000.0
98164,522000.0
98167,439000.0
98168,103000.0
98204,111000.0
98248,261000.0
98249,298000.0
98257,1416000.0
98276,733000.0
98293,243000.0
98301,178000.0
98308,574000.0
98357,441000.0
98358,121000.0
98366,162000.0
98394,247000.0
98400,114000.0
98403,583000.0
98412,380000.0
98413,932000.0
98433,494000.0
98450,199000.0
98451,161000.0
98452,122000.0
98455,145000.0
98462,226000.0
98475,223000.0
98499,199000.0
98525,927000.0
98526,159000.0
98528,181000.0
98531,249000.0
98544,118000.0
98553,156000.0
98573,381000.0
98582,238000.0
98584,217000.0
98585,236000.0
98589,128000.0
98593,224000.0
98596,160000.0
98648,186000.0
98652,210000.0
98653,420000.0
98654,95000.0
98656,177000.0
98710,146000.0
98754,170000.0
98770,229000.0
98780,267000.0
98781,146000.0
98782,156000.0
98789,203000.0
98804,513000.0
98822,158000.0
98823,90000.0
98828,196000.0
98842,204000.0
98843,157000.0
98846,97000.0
98862,86000.0
98863,87000.0
98869,105000.0
98870,189000.0
98874,244000.0
98876,152000.0
98878,114000.0
98883,235000.0
98895,338000.0
98899,232000.0
98900,232000.0
98901,232000.0
98902,232000.0
98905,135000.0
98929,190000.0
98948,495000.0
98979,70000.0
99010,221000.0
99022,131000.0
99035,167000.0
99043,72000.0
99044,72000.0
99048,72000.0
99051,172000.0
99087,664000.0
99098,187000.0
99102,243000.0
99104,251000.0
99105,104000.0
99114,77000.0
99148,143000.0
99163,135000.0
99168,270000.0
99198,162000.0
99200,88000.0
99205,230000.0
99273,127000.0
99277,617000.0
99292,175000.0
99293,141000.0
99298,180000.0
99300,228000.0
99304,88000.0
99305,176000.0
99316,83000.0
99319,139000.0
99341,104000.0
99344,160000.0
99356,527000.0
99360,169000.0
99361,87000.0
99389,198000.0
99399,544000.0
99400,198000.0
99401,113000.0
99421,243000.0
99429,192000.0
99433,235000.0
99436,516000.0
99439,229000.0
99442,134000.0
99450,111000.0
99451,368000.0
99460,255000.0
99475,114000.0
99480,271000.0
99483,247000.0
99529,121000.0
99532,107000.0
99542,107000.0
99575,195000.0
99583,220000.0
99597,167000.0
99601,106000.0
99603,118000.0
99624,236000.0
99625,176000.0
99651,76000.0
99655,235000.0
99673,55000.0
99694,562000.0
99697,156000.0
99698,308000.0
99714,166000.0
99716,103000.0
99717,103000.0
99718,103000.0
99719,103000.0
99728,139000.0
99736,160000.0
99739,80000.0
99751,228000.0
99759,112000.0
99760,179000.0
99761,324000.0
99765,160000.0
99769,87000.0
99812,730000.0
99817,85000.0
99855,260000.0
99868,186000.0
99869,117000.0
99874,184000.0
99895,76000.0
99897,461000.0
99980,203000.0
99982,177000.0
99984,420000.0
99985,262000.0
99990,57000.0
99991,201000.0
100086,123000.0
100110,467000.0
100115,183000.0
100118,125000.0
100119,308000.0
100122,184000.0
100125,157000.0
100126,167000.0
100127,124000.0
100129,183000.0
100130,126000.0
100134,167000.0
100136,128000.0
100156,562000.0
100157,403000.0
100169,427000.0
100171,298000.0
100179,80000.0
100187,75000.0
100192,62000.0
100193,62000.0
100219,319000.0
100243,56000.0
100244,55000.0
100289,113000.0
100297,118000.0
100310,230000.0
100312,567000.0
100327,129000.0
100378,56000.0
100422,60000.0
100447,78000.0
100513,302000.0
100520,76000.0
100532,79000.0
100534,92000.0
100537,91000.0
100550,71000.0
100557,99000.0
100564,100000.0
100571,450000.0
100575,161000.0
100595,599000.0
100596,193000.0
100620,330000.0
100621,183000.0
100648,210000.0
100652,105000.0
100661,185000.0
100677,404000.0
100678,283000.0
100681,682000.0
100708,121000.0
100709,120000.0
100723,643000.0
100730,275000.0
100733,119000.0
100735,119000.0
100736,112000.0
100744,364000.0
100755,425000.0
100774,100000.0
100800,91000.0
100805,129000.0
100812,811000.0
100813,799000.0
100819,89000.0
100821,461000.0
100866,57000.0
100906,310000.0
100942,71000.0
100950,62000.0
101142,93000.0
101185,245000.0
101191,382000.0
101193,88000.0
101283,94000.0
101287,107000.0
101300,164000.0
101308,89000.0
101316,73000.0
101318,204000.0
101326,66000.0
101402,241000.0
101456,69000.0
101469,57000.0
101478,203000.0
101486,146000.0
101499,291000.0
101501,162000.0
101506,656000.0
101512,126000.0
101514,96000.0
101515,110000.0
101527,84000.0
101552,67000.0
101571,80000.0
101583,77000.0
101600,100000.0
101601,100000.0
101603,100000.0
101614,84000.0
101619,240000.0
101642,194000.0
101673,75000.0
101680,116000.0
101694,166000.0
101702,116000.0
101707,329000.0
101720,133000.0
101755,190000.0
101770,108000.0
101780,60000.0
101785,149000.0
101817,188000.0
101913,78000.0
101915,78000.0
101919,120000.0
101976,69000.0
101987,104000.0
102114,49000.0
102116,238000.0
102197,175000.0
102198,156000.0
102217,144000.0
102252,197000.0
102299,100000.0
102330,81000.0
102350,96000.0
102352,96000.0
102353,95000.0
102404,75000.0
102405,74000.0
102415,105000.0
102420,109000.0
102442,81000.0
102475,662000.0
102479,221000.0
102511,167000.0
102568,95000.0
102580,59000.0
102593,62000.0
102598,119000.0
102607,133000.0
102637,221000.0
102792,90000.0
102794,92000.0
102837,97000.0
102890,158000.0
102905,105000.0
102910,59000.0
102922,61000.0
102985,118000.0
103028,60000.0
103115,101000.0
103132,96000.0
103138,128000.0
103179,119000.0
103199,54000.0
103244,144000.0
103246,144000.0
103276,245000.0
103283,98000.0
103313,118000.0
103362,100000.0
103392,125000.0
103395,76000.0
103428,158000.0
103436,90000.0
103463,53000.0
103493,356000.0
103495,256000.0
103498,264000.0
103504,151000.0
103524,342000.0
103527,459000.0
103530,289000.0
103532,653000.0
103534,186000.0
103540,163000.0
103547,290000.0
103555,156000.0
103556,150000.0
103557,133000.0
103567,509000.0
103568,267000.0
103571,280000.0
103577,156000.0
103578,83000.0
103579,184000.0
103595,95000.0
103601,163000.0
103603,73000.0
103604,215000.0
103608,116000.0
103614,186000.0
103620,152000.0
103625,160000.0
103627,142000.0
103678,67000.0
103679,258000.0
103685,274000.0
103716,123000.0
103720,108000.0
103778,99000.0
103780,404000.0
103785,85000.0
103787,175000.0
103815,98000.0
103816,181000.0
103821,189000.0
103836,92000.0
103845,188000.0
103851,129000.0
103858,94000.0
103859,86000.0
103862,119000.0
103866,238000.0
103873,108000.0
103876,229000.0
103879,108000.0
103885,218000.0
103889,219000.0
103898,102000.0
103899,141000.0
103909,101000.0
103911,84000.0
103920,108000.0
103927,82000.0
103933,84000.0
103946,211000.0
103949,146000.0
103950,388000.0
103965,111000.0
103997,84000.0
104017,90000.0
104028,83000.0
104068,526000.0
104077,127000.0
104098,101000.0
104099,378000.0
104103,240000.0
104135,320000.0
104141,653000.0
104148,83000.0
104149,193000.0
104151,282000.0
104154,283000.0
104161,475000.0
104163,160000.0
104165,267000.0
104195,485000.0
104205,373000.0
104218,299000.0
104238,360000.0
104245,385000.0
104248,189000.0
104252,222000.0
104265,313000.0
104266,184000.0
104273,176000.0
104274,97000.0
104286,219000.0
104290,330000.0
104293,219000.0
104299,172000.0
104309,120000.0
104326,309000.0
104345,401000.0
104359,115000.0
104368,145000.0
104379,422000.0
104381,904000.0
104403,109000.0
104414,161000.0
104417,379000.0
104419,109000.0
104431,260000.0
104439,242000.0
104445,231000.0
104447,79000.0
104451,91000.0
104454,304000.0
104456,154000.0
104465,165000.0
104473,130000.0
104489,87000.0
104492,168000.0
104513,1115000.0
104517,220000.0
104519,60000.0
104523,101000.0
104524,91000.0
104526,60000.0
104533,103000.0
104538,190000.0
104539,184000.0
104545,196000.0
104561,162000.0
104598,325000.0
104599,325000.0
104611,87000.0
104613,123000.0
104623,78000.0
104627,440000.0
104628,437000.0
104629,456000.0
104630,447000.0
104640,575000.0
104641,458000.0
104642,346000.0
104665,148000.0
104804,221000.0
104847,246000.0
104861,148000.0
104862,155000.0
104863,148000.0
104896,80000.0
104899,162000.0
104901,148000.0
104906,130000.0
104922,186000.0
104924,186000.0
104925,296000.0
104930,98000.0
104935,95000.0
104936,102000.0
104964,140000.0
104965,95000.0
104970,93000.0
104973,93000.0
104975,77000.0
104979,196000.0
104995,158000.0
104996,102000.0
104998,88000.0
104999,88000.0
105000,87000.0
105024,108000.0
105029,139000.0
105037,136000.0
105038,394000.0
105039,288000.0
105049,177000.0
105057,147000.0
105061,65000.0
105065,68000.0
105076,78000.0
105091,82000.0
105116,157000.0
105136,125000.0
105143,252000.0
105151,404000.0
105160,250000.0
105162,316000.0
105170,96000.0
105172,171000.0
105179,300000.0
105184,250000.0
105185,915000.0
105197,185000.0
105202,837000.0
105231,360000.0
105232,224000.0
105235,83000.0
105249,83000.0
105258,123000.0
105259,228000.0
105272,158000.0
105287,218000.0
105293,201000.0
105304,184000.0
105314,159000.0
105315,121000.0
105328,160000.0
105341,97000.0
105344,164000.0
105349,287000.0
105350,454000.0
105351,61000.0
105362,106000.0
105376,128000.0
105386,139000.0
105392,392000.0
105401,511000.0
105409,241000.0
105414,323000.0
105418,315000.0
105419,123000.0
105425,124000.0
105440,337000.0
105447,185000.0
105448,161000.0
105452,169000.0
105463,68000.0
105464,147000.0
105465,180000.0
105524,53000.0
105526,83000.0
105531,125000.0
105536,543000.0
105557,610000.0
105633,376000.0
105635,94000.0
105637,216000.0
105674,372000.0
105681,79000.0
105703,394000.0
105704,392000.0
105705,391000.0
105706,138000.0
105711,149000.0
105712,174000.0
105719,281000.0
105728,130000.0
105734,91000.0
105735,110000.0
105745,98000.0
105749,657000.0
105764,677000.0
105765,609000.0
105768,190000.0
105772,121000.0
105778,90000.0
105779,357000.0
105785,229000.0
105790,87000.0
105806,590000.0
105827,100000.0
105831,501000.0
105845,90000.0
105848,107000.0
105852,63000.0
105865,220000.0
105874,594000.0
105906,345000.0
105910,478000.0
105915,95000.0
105929,87000.0
105945,550000.0
105946,389000.0
105947,111000.0
105948,106000.0
105954,184000.0
105990,192000.0
106000,150000.0
106016,65000.0
106030,211000.0
106034,114000.0
106035,106000.0
106040,333000.0
106074,283000.0
106139,63000.0
106142,154000.0
106155,195000.0
106168,296000.0
106177,643000.0
106183,324000.0
106184,324000.0
106185,349000.0
106201,564000.0
106215,103000.0
106233,732000.0
106235,86000.0
106236,117000.0
106239,375000.0
106241,307000.0
106242,307000.0
106243,142000.0
106254,64000.0
106259,108000.0
106263,270000.0
106281,102000.0
106282,333000.0
106292,110000.0
106294,85000.0
106343,61000.0
106356,217000.0
106359,338000.0
106360,105000.0
106362,70000.0
106390,167000.0
106391,427000.0
106398,65000.0
106442,95000.0
106449,85000.0
106456,519000.0
106458,273000.0
106467,117000.0
106512,62000.0
106522,129000.0
106565,98000.0
106572,97000.0
106579,253000.0
106587,91000.0
106591,326000.0
106599,76000.0
106604,76000.0
106618,207000.0
106647,283000.0
106654,101000.0
106665,233000.0
106668,326000.0
106678,294000.0
106685,215000.0
106707,369000.0
106727,220000.0
106760,699000.0
106776,373000.0
106780,85000.0
106781,109000.0
106783,112000.0
106784,161000.0
106790,132000.0
106792,119000.0
106819,149000.0
106835,125000.0
106845,85000.0
106849,88000.0
106857,186000.0
106858,71000.0
106860,77000.0
106862,85000.0
106871,287000.0
106881,326000.0
106896,126000.0
106900,165000.0
106902,81000.0
106907,136000.0
106918,246000.0
106925,116000.0
106927,114000.0
106929,126000.0
106934,114000.0
106948,133000.0
106949,195000.0
106951,149000.0
106954,180000.0
106965,145000.0
106975,82000.0
106990,193000.0
106992,144000.0
107003,104000.0
107004,497000.0
107015,153000.0
107016,180000.0
107035,176000.0
107058,170000.0
107062,96000.0
107071,172000.0
107086,134000.0
107093,76000.0
107100,122000.0
107122,97000.0
107268,88000.0
107275,149000.0
107357,202000.0
107361,87000.0
107393,141000.0
107395,376000.0
107412,125000.0
107416,89000.0
107428,101000.0
107452,124000.0
107454,120000.0
107464,87000.0
107467,87000.0
107469,77000.0
107470,77000.0
107472,203000.0
107473,198000.0
107487,125000.0
107489,93000.0
107495,93000.0
107497,76000.0
107501,59000.0
107506,162000.0
107510,162000.0
107520,184000.0
107551,112000.0
107556,64000.0
107572,86000.0
107584,156000.0
107594,116000.0
107595,307000.0
107601,78000.0
107614,83000.0
107616,147000.0
107617,172000.0
107619,128000.0
107621,118000.0
107650,384000.0
107656,126000.0
107678,191000.0
107680,510000.0
107684,298000.0
107687,225000.0
107690,89000.0
107692,92000.0
107693,130000.0
107694,129000.0
107695,90000.0
107702,173000.0
107712,240000.0
107718,138000.0
107722,69000.0
107757,177000.0
107762,119000.0
107769,128000.0
107770,128000.0
107771,515000.0
107776,143000.0
107778,104000.0
107788,276000.0
107792,149000.0
107812,94000.0
107831,57000.0
107832,73000.0
107863,722000.0
107871,173000.0
107873,189000.0
107874,189000.0
107875,173000.0
107906,135000.0
107915,80000.0
107916,80000.0
107917,80000.0
107918,80000.0
107919,77000.0
107920,79000.0
107998,197000.0
108021,158000.0
108137,101000.0
108190,164000.0
108231,149000.0
108235,76000.0
108237,76000.0
108246,110000.0
108272,123000.0
108277,102000.0
108281,76000.0
108283,142000.0
108285,57000.0
108340,82000.0
108343,151000.0
108401,393000.0
108406,150000.0
108408,319000.0
108410,175000.0
108429,127000.0
108444,93000.0
108447,91000.0
108465,387000.0
108468,148000.0
108479,187000.0
108496,177000.0
108505,893000.0
108512,215000.0
108518,142000.0
108519,281000.0
108524,117000.0
108527,140000.0
108528,88000.0
108545,184000.0
108548,127000.0
108551,134000.0
108557,142000.0
108558,155000.0
108574,198000.0
108580,494000.0
108581,80000.0
108589,144000.0
108654,152000.0
108658,52000.0
108757,200000.0
108771,145000.0
108778,191000.0
108802,156000.0
108814,137000.0
108816,76000.0
108817,78000.0
108832,322000.0
108855,108000.0
108867,149000.0
108886,113000.0
108900,180000.0
108916,73000.0
108948,199000.0
108960,239000.0
108962,183000.0
108983,264000.0
108984,98000.0
108992,189000.0
108993,62000.0
109002,65000.0
109051,612000.0
109135,92000.0
109157,170000.0
109160,214000.0
109175,199000.0
109189,109000.0
109236,198000.0
109250,155000.0
109251,153000.0
109254,200000.0
109323,122000.0
109368,167000.0
109384,72000.0
109388,117000.0
109389,81000.0
109414,88000.0
109434,178000.0
109448,258000.0
109454,1090000.0
109455,116000.0
109456,173000.0
109478,125000.0
109488,129000.0
109499,177000.0
109504,79000.0
109509,95000.0
109523,110000.0
109524,109000.0
109525,108000.0
109526,109000.0
109534,122000.0
109546,119000.0
109566,122000.0
109570,200000.0
109577,68000.0
109586,62000.0
109589,72000.0
109597,76000.0
109608,120000.0
109624,103000.0
109633,340000.0
109634,93000.0
109650,163000.0
109651,163000.0
109653,202000.0
109654,178000.0
109656,121000.0
109658,94000.0
109659,335000.0
109661,335000.0
109667,282000.0
109672,68000.0
109673,207000.0
109674,282000.0
109675,282000.0
109690,282000.0
109698,76000.0
109703,196000.0
109710,117000.0
109711,105000.0
109724,120000.0
109729,119000.0
109736,140000.0
109777,164000.0
109778,95000.0
109779,296000.0
109780,131000.0
109781,96000.0
109794,142000.0
109860,160000.0
109861,92000.0
109867,251000.0
109868,256000.0
109876,104000.0
109891,159000.0
109896,134000.0
109903,119000.0
109905,230000.0
109915,190000.0
109925,112000.0
109959,219000.0
109962,100000.0
109985,132000.0
109986,146000.0
110001,139000.0
110013,201000.0
110024,107000.0
110041,105000.0
110055,203000.0
110056,203000.0
110060,829000.0
110065,168000.0
110079,139000.0
110092,134000.0
110099,132000.0
110108,136000.0
110121,823000.0
110130,156000.0
110132,280000.0
110135,191000.0
110136,346000.0
110137,191000.0
110138,301000.0
110139,122000.0
110148,138000.0
110150,105000.0
110158,167000.0
110160,231000.0
110161,219000.0
110180,158000.0
110223,335000.0
110226,95000.0
110236,187000.0
110248,282000.0
110295,143000.0
110319,185000.0
110327,103000.0
110330,120000.0
110335,216000.0
110345,176000.0
110348,240000.0
110349,240000.0
110351,83000.0
110355,168000.0
110365,183000.0
110380,189000.0
110387,135000.0
110392,212000.0
110393,186000.0
110403,131000.0
110452,294000.0
110462,125000.0
110538,154000.0
110626,284000.0
110628,210000.0
110631,135000.0
110642,237000.0
110672,154000.0
110695,119000.0
110698,85000.0
110716,107000.0
110725,95000.0
110733,205000.0
110742,154000.0
110743,210000.0
110747,128000.0
110758,153000.0
110769,225000.0
110780,220000.0
110790,99000.0
110791,99000.0
110792,390000.0
110795,99000.0
110796,108000.0
110797,72000.0
110798,82000.0
110803,103000.0
110807,172000.0
110817,102000.0
110824,100000.0
110854,826000.0
110872,639000.0
110875,133000.0
110883,111000.0
110902,151000.0
110903,155000.0
110912,107000.0
110914,271000.0
110923,107000.0
110934,868000.0
110938,91000.0
110939,89000.0
110945,133000.0
110948,164000.0
110949,157000.0
110964,148000.0
110980,90000.0
110983,69000.0
110992,224000.0
110993,733000.0
110999,280000.0
111000,295000.0
111001,295000.0
111003,295000.0
111005,346000.0
111008,280000.0
111009,122000.0
111014,132000.0
111018,105000.0
111023,101000.0
111031,144000.0
111035,105000.0
111054,104000.0
111059,243000.0
111079,141000.0
111113,760000.0
111114,783000.0
111117,210000.0
111118,210000.0
111119,210000.0
111120,282000.0
111122,282000.0
111123,207000.0
111124,282000.0
111125,282000.0
111127,207000.0
111129,187000.0
111143,221000.0
111147,282000.0
111148,282000.0
111166,196000.0
111167,97000.0
111168,104000.0
111191,115000.0
111196,107000.0
111197,92000.0
111199,99000.0
111208,942000.0
111216,123000.0
111252,200000.0
111255,76000.0
111319,137000.0
111384,215000.0
111386,200000.0
111388,225000.0
111389,258000.0
111394,159000.0
111395,247000.0
111435,190000.0
111446,81000.0
111457,121000.0
111459,95000.0
111463,83000.0
111477,381000.0
111496,104000.0
111506,85000.0
111507,151000.0
111510,99000.0
111512,166000.0
111523,163000.0
111530,193000.0
111531,150000.0
111534,392000.0
111538,98000.0
111554,340000.0
111573,193000.0
111590,485000.0
111598,140000.0
111608,800000.0
111611,146000.0
111621,247000.0
111628,222000.0
111629,98000.0
111633,243000.0
111636,196000.0
111637,122000.0
111658,95000.0
111665,198000.0
111697,219000.0
111703,121000.0
111774,160000.0
111775,114000.0
111820,157000.0
111839,88000.0
111846,121000.0
111850,183000.0
111856,194000.0
111860,99000.0
111865,65000.0
111883,118000.0
111884,216000.0
111885,118000.0
111894,102000.0
111915,233000.0
111924,853000.0
111939,206000.0
111954,102000.0
111965,134000.0
111970,176000.0
111976,126000.0
111987,107000.0
111988,139000.0
112051,166000.0
112063,110000.0
112068,501000.0
112075,155000.0
112157,229000.0
112162,107000.0
112163,96000.0
112227,94000.0
112230,204000.0
112247,387000.0
112271,162000.0
112297,79000.0
112315,76000.0
112335,208000.0
112353,276000.0
112355,736000.0
112367,106000.0
112375,186000.0
112378,186000.0
112388,178000.0
112412,337000.0
112424,153000.0
112431,129000.0
112465,357000.0
112466,335000.0
112474,157000.0
112486,115000.0
112510,108000.0
112511,118000.0
112512,142000.0
112657,85000.0
112663,107000.0
112673,125000.0
112680,110000.0
112681,139000.0
112694,235000.0
112696,115000.0
112713,117000.0
112716,212000.0
112718,212000.0
112720,200000.0
112726,106000.0
112744,261000.0
112748,136000.0
112755,236000.0
112757,346000.0
112780,129000.0
112793,208000.0
112796,115000.0
112816,109000.0
112822,143000.0
112823,156000.0
112825,156000.0
112828,180000.0
112851,417000.0
112872,150000.0
112874,126000.0
112921,123000.0
112925,172000.0
112926,339000.0
112928,172000.0
112929,172000.0
112930,172000.0
112933,138000.0
112938,102000.0
112960,291000.0
112963,291000.0
112970,178000.0
112974,204000.0
112986,227000.0
112987,227000.0
113022,233000.0
113037,89000.0
113109,205000.0
113113,146000.0
113114,146000.0
113163,206000.0
113169,91000.0
113181,250000.0
113206,244000.0
113207,173000.0
113230,184000.0
113231,498000.0
113246,204000.0
113248,250000.0
113313,148000.0
113314,315000.0
113315,274000.0
113320,147000.0
113322,180000.0
113323,158000.0
113326,180000.0
113329,173000.0
113465,112000.0
113468,280000.0
113478,112000.0
113488,335000.0
113491,389000.0
113503,214000.0
113552,147000.0
113568,118000.0
113608,261000.0
113613,179000.0
113616,206000.0
113617,206000.0
113630,119000.0
113644,125000.0
113645,109000.0
113657,123000.0
113662,123000.0
113668,227000.0
113703,260000.0
113704,140000.0
113706,104000.0
113711,197000.0
113750,112000.0
113752,153000.0
113762,134000.0
113804,156000.0
113809,607000.0
113813,180000.0
113831,145000.0
113871,223000.0
113884,178000.0
113888,158000.0
113890,280000.0
113909,214000.0
113922,152000.0
113950,146000.0
113957,176000.0
113995,129000.0
114001,189000.0
114002,312000.0
114007,88000.0
114030,139000.0
114031,180000.0
114139,204000.0
114172,223000.0
114187,335000.0
114200,68000.0
114204,137000.0
114217,207000.0
114242,132000.0
114253,206000.0
114266,91000.0
114276,150000.0
114334,265000.0
114335,262000.0
114336,265000.0
114337,233000.0
114377,202000.0
114379,105000.0
114396,156000.0
114401,226000.0
114405,103000.0
114407,111000.0
114431,172000.0
114432,172000.0
114440,315000.0
114449,177000.0
114454,291000.0
114458,155000.0
114461,165000.0
114468,417000.0
114560,184000.0
114619,124000.0
114634,215000.0
114649,93000.0
114650,231000.0
114658,258000.0
114661,862000.0
114676,202000.0
114684,144000.0
114688,172000.0
114690,72000.0
114698,365000.0
114702,142000.0
114711,211000.0
114717,140000.0
114721,279000.0
114728,119000.0
114732,70000.0
114736,405000.0
114748,164000.0
114764,159000.0
114780,265000.0
114781,218000.0
114790,241000.0
114804,140000.0
114809,617000.0
114812,85000.0
114816,201000.0
114839,258000.0
114847,120000.0
114884,282000.0
114886,187000.0
114887,126000.0
114893,84000.0
114904,200000.0
114941,89000.0
114950,251000.0
114969,78000.0
114993,304000.0
114997,98000.0
115004,554000.0
115020,100000.0
115025,444000.0
115027,239000.0
115078,196000.0
115080,196000.0
115081,196000.0
115082,196000.0
115085,196000.0
115086,196000.0
115087,196000.0
115088,196000.0
115093,79000.0
115098,532000.0
115099,401000.0
115100,514000.0
115178,97000.0
115179,98000.0
115181,68000.0
115243,75000.0
115261,59000.0
115279,111000.0
115316,96000.0
115318,93000.0
115360,98000.0
115394,55000.0
115403,168000.0
115408,196000.0
115412,64000.0
115417,92000.0
115418,155000.0
115422,92000.0
115479,492000.0
115480,554000.0
115481,492000.0
115482,492000.0
115483,492000.0
115485,617000.0
115488,492000.0
115505,143000.0
115506,192000.0
115507,102000.0
115508,161000.0
115509,192000.0
115510,102000.0
115511,102000.0
115512,101000.0
115514,102000.0
115515,135000.0
115516,135000.0
115517,135000.0
115528,395000.0
115536,340000.0
115537,166000.0
115538,194000.0
115539,166000.0
115541,135000.0
115542,177000.0
115543,102000.0
115544,143000.0
115545,170000.0
115548,81000.0
115551,97000.0
115552,144000.0
115553,84000.0
115554,95000.0
115555,76000.0
115559,462000.0
115597,423000.0
115598,487000.0
115642,84000.0
115652,206000.0
115780,194000.0
115818,95000.0
115896,155000.0
115898,155000.0
115900,156000.0
115902,157000.0
115910,134000.0
115927,52000.0
115980,393000.0
115983,64000.0
116008,72000.0
116056,322000.0
116064,86000.0
116065,86000.0
116066,102000.0
116067,93000.0
116068,86000.0
116069,86000.0
116071,97000.0
116072,97000.0
116094,335000.0
116099,103000.0
116105,95000.0
116152,492000.0
116154,492000.0
116173,103000.0
116174,192000.0
116175,143000.0
116176,192000.0
116178,103000.0
116179,102000.0
116189,135000.0
116190,135000.0
116196,142000.0
116197,142000.0
116198,170000.0
116199,146000.0
116205,528000.0
116269,137000.0
116350,192000.0
116434,104000.0
116435,52000.0
116446,74000.0
116471,117000.0
116501,79000.0
116506,102000.0
116507,86000.0
116508,96000.0
116509,102000.0
116547,87000.0
116562,194000.0
116581,535000.0
116634,74000.0
116635,75000.0
116661,89000.0
116675,98000.0
116690,135000.0
116706,49000.0
116787,56000.0
116890,52000.0
116909,52000.0
116920,155000.0
116926,171000.0
116932,121000.0
116934,110000.0
116937,170000.0
116940,117000.0
116941,170000.0
116942,117000.0
116944,170000.0
116945,248000.0
116947,90000.0
116948,90000.0
116950,106000.0
116957,152000.0
116958,134000.0
116959,152000.0
116960,146000.0
116981,206000.0
116988,149000.0
116992,117000.0
117046,105000.0
117055,121000.0
117076,92000.0
117077,92000.0
117078,94000.0
117093,94000.0
117127,121000.0
117128,121000.0
117137,105000.0
117140,155000.0
117145,180000.0
117174,106000.0
117188,100000.0
117201,155000.0
117212,153000.0
117216,240000.0
117220,121000.0
117222,121000.0
117224,121000.0
117225,121000.0
117226,121000.0
117227,128000.0
117232,121000.0
117236,109000.0
117238,110000.0
117239,78000.0
117245,337000.0
117246,169000.0
117247,113000.0
117253,113000.0
117263,90000.0
117265,190000.0
117272,92000.0
117275,87000.0
117278,213000.0
117288,113000.0
117290,188000.0
117313,137000.0
117317,196000.0
117318,224000.0
117325,103000.0
117326,103000.0
117328,286000.0
117331,182000.0
117333,111000.0
117335,111000.0
117345,271000.0
117346,271000.0
117349,177000.0
117359,120000.0
117365,121000.0
117374,125000.0
117416,78000.0
117511,95000.0
117513,135000.0
117514,93000.0
117589,119000.0
117619,121000.0
117632,117000.0
117680,125000.0
117682,126000.0
117688,103000.0
117714,126000.0
117716,154000.0
117718,124000.0
117719,155000.0
117746,125000.0
117750,80000.0
117752,110000.0
117759,77000.0
117772,140000.0
117777,126000.0
117785,111000.0
117788,157000.0
117796,82000.0
117797,78000.0
117803,95000.0
117808,129000.0
117810,105000.0
117821,181000.0
117846,179000.0
117847,160000.0
117848,176000.0
117849,160000.0
117850,160000.0
117851,160000.0
117853,53000.0
117875,99000.0
117888,116000.0
117900,104000.0
117903,235000.0
117906,134000.0
117917,86000.0
117918,170000.0
117919,170000.0
117925,182000.0
117927,119000.0
117931,106000.0
117935,261000.0
117945,157000.0
117953,106000.0
117956,102000.0
117964,103000.0
117965,103000.0
117966,103000.0
117967,103000.0
117968,103000.0
117969,103000.0
117970,103000.0
117974,103000.0
117984,198000.0
117999,522000.0
118001,147000.0
118006,77000.0
118010,291000.0
118020,146000.0
118023,173000.0
118027,118000.0
118030,66000.0
118048,75000.0
118049,57000.0
118056,94000.0
118060,153000.0
118061,115000.0
118062,64000.0
118067,97000.0
118091,121000.0
118094,121000.0
118095,128000.0
118096,121000.0
118097,121000.0
118098,121000.0
118099,128000.0
118100,121000.0
118101,121000.0
118104,109000.0
118109,278000.0
118116,94000.0
118118,123000.0
118125,120000.0
118126,113000.0
118130,110000.0
118132,136000.0
118133,174000.0
118141,198000.0
118148,90000.0
118149,90000.0
118151,128000.0
118157,146000.0
118163,113000.0
118165,199000.0
118168,152000.0
118169,167000.0
118170,134000.0
118178,110000.0
118180,115000.0
118182,109000.0
118186,76000.0
118192,323000.0
118196,128000.0
118198,111000.0
118209,148000.0
118218,95000.0
118229,101000.0
118230,99000.0
118244,139000.0
118250,114000.0
118255,158000.0
118316,71000.0
118319,83000.0
118320,65000.0
118323,653000.0
118437,80000.0
118449,185000.0
118461,87000.0
118491,91000.0
118511,80000.0
118533,134000.0
118555,90000.0
118562,121000.0
118575,163000.0
118578,98000.0
118589,103000.0
118590,140000.0
118612,103000.0
118617,104000.0
118627,290000.0
118637,137000.0
118646,156000.0
118647,120000.0
118650,228000.0
118659,112000.0
118668,119000.0
118669,98000.0
118701,120000.0
118704,170000.0
118826,79000.0
118866,119000.0
118867,96000.0
118869,96000.0
118870,77000.0
118871,77000.0
118872,78000.0
118881,65000.0
118893,188000.0
118894,131000.0
118897,187000.0
118899,127000.0
118908,109000.0
118923,189000.0
118944,131000.0
118965,175000.0
118987,142000.0
119087,77000.0
119092,144000.0
119098,159000.0
119099,179000.0
119143,186000.0
119180,162000.0
119190,187000.0
119207,164000.0
119217,167000.0
119236,94000.0
119246,155000.0
119247,152000.0
119248,149000.0
119251,127000.0
119252,127000.0
119255,297000.0
119259,179000.0
119262,188000.0
119264,416000.0
119275,177000.0
119284,471000.0
119285,471000.0
119291,131000.0
119294,93000.0
119305,140000.0
119306,278000.0
119311,108000.0
119326,269000.0
119328,447000.0
119334,116000.0
119338,115000.0
119341,440000.0
119343,65000.0
119345,100000.0
119346,100000.0
119348,147000.0
119351,125000.0
119374,359000.0
119389,252000.0
119397,435000.0
119398,462000.0
119401,312000.0
119402,164000.0
119403,291000.0
119406,160000.0
119446,119000.0
119505,484000.0
119514,236000.0
119515,300000.0
119516,135000.0
119529,162000.0
119549,520000.0
119561,153000.0
119562,304000.0
119567,234000.0
119572,173000.0
119573,91000.0
119574,92000.0
119575,118000.0
119590,92000.0
119591,122000.0
119605,145000.0
119606,145000.0
119608,399000.0
119609,173000.0
119611,399000.0
119613,877000.0
119621,104000.0
119637,225000.0
119641,93000.0
119647,142000.0
119648,122000.0
119649,284000.0
119650,187000.0
119656,241000.0
119657,222000.0
119658,428000.0
119673,300000.0
119676,121000.0
119680,126000.0
119683,95000.0
119685,139000.0
119703,101000.0
119709,416000.0
119712,103000.0
119724,140000.0
119731,197000.0
119733,197000.0
119735,197000.0
119748,278000.0
119750,224000.0
119754,191000.0
119759,100000.0
119765,393000.0
119768,142000.0
119770,141000.0
119771,130000.0
119792,102000.0
119794,102000.0
119796,102000.0
119798,516000.0
119804,102000.0
119809,101000.0
119811,307000.0
119813,252000.0
119821,341000.0
119824,191000.0
119825,188000.0
119826,188000.0
119830,191000.0
119831,188000.0
119832,312000.0
119833,105000.0
119834,91000.0
119835,101000.0
119842,125000.0
119847,133000.0
119848,138000.0
119857,230000.0
119871,81000.0
119872,81000.0
119873,81000.0
119876,132000.0
119884,236000.0
119931,160000.0
119932,162000.0
119933,233000.0
119934,160000.0
119937,237000.0
119938,158000.0
119939,127000.0
119944,135000.0
120014,78000.0
120072,97000.0
120077,160000.0
120105,197000.0
120107,118000.0
120111,112000.0
120124,131000.0
120132,74000.0
120133,312000.0
120141,128000.0
120165,119000.0
120166,119000.0
120169,255000.0
120176,184000.0
120177,188000.0
120180,387000.0
120181,386000.0
120193,113000.0
120194,248000.0
120196,155000.0
120205,140000.0
120206,324000.0
120207,107000.0
120208,107000.0
120218,150000.0
120223,636000.0
120231,121000.0
120261,441000.0
120262,268000.0
120263,160000.0
120269,78000.0
120273,188000.0
120279,197000.0
120295,90000.0
120298,185000.0
120302,278000.0
120304,222000.0
120305,266000.0
120306,207000.0
120311,217000.0
120312,217000.0
120314,94000.0
120320,141000.0
120326,221000.0
120327,137000.0
120337,112000.0
120338,112000.0
120339,112000.0
120348,215000.0
120349,215000.0
120350,261000.0
120363,87000.0
120365,133000.0
120371,159000.0
120372,153000.0
120378,134000.0
120381,146000.0
120383,93000.0
120385,66000.0
120414,211000.0
120415,209000.0
120417,73000.0
120419,152000.0
120421,89000.0
120499,102000.0
120500,80000.0
120501,185000.0
120515,123000.0
120516,115000.0
120545,269000.0
120548,62000.0
120561,194000.0
120562,119000.0
120564,122000.0
120569,81000.0
120590,632000.0
120591,403000.0
120592,258000.0
120593,72000.0
120596,258000.0
120597,115000.0
120608,128000.0
120609,122000.0
120614,258000.0
120615,127000.0
120616,130000.0
120629,566000.0
120642,295000.0
120643,89000.0
120646,272000.0
120672,630000.0
120675,199000.0
120676,75000.0
120678,115000.0
120687,449000.0
120688,461000.0
120689,449000.0
120691,443000.0
120692,443000.0
120702,70000.0
120715,218000.0
120720,217000.0
120735,112000.0
120743,97000.0
120744,85000.0
120745,87000.0
120749,247000.0
120756,74000.0
120769,98000.0
120803,93000.0
120810,75000.0
120822,92000.0
120832,195000.0
120833,194000.0
120844,148000.0
120851,78000.0
120886,94000.0
120887,91000.0
120895,215000.0
120903,123000.0
120905,169000.0
120906,176000.0
120910,89000.0
120916,401000.0
120918,449000.0
120920,449000.0
120922,443000.0
120924,443000.0
120925,443000.0
120926,444000.0
120960,90000.0
120970,70000.0
120976,155000.0
121014,120000.0
121019,393000.0
121021,110000.0
121025,181000.0
121030,625000.0
121038,214000.0
121041,128000.0
121042,161000.0
121043,272000.0
121045,161000.0
121046,167000.0
121047,272000.0
121048,239000.0
121049,324000.0
121050,160000.0
121051,160000.0
121061,272000.0
121062,100000.0
121064,100000.0
121068,525000.0
121070,525000.0
121085,100000.0
121097,116000.0
121150,126000.0
121158,140000.0
121159,292000.0
121169,99000.0
121172,96000.0
121187,270000.0
121189,160000.0
121192,833000.0
121193,851000.0
121195,112000.0
121204,123000.0
121208,236000.0
121210,161000.0
121219,222000.0
121224,165000.0
121235,260000.0
121236,261000.0
121238,160000.0
121239,262000.0
121240,239000.0
121241,161000.0
121242,262000.0
121243,167000.0
121244,129000.0
121246,103000.0
121249,139000.0
121251,191000.0
121256,192000.0
121257,197000.0
121258,193000.0
121264,233000.0
121265,180000.0
121270,167000.0
121274,156000.0
121280,192000.0
121282,110000.0
121283,123000.0
121286,123000.0
121295,122000.0
121296,113000.0
121299,123000.0
121300,147000.0
121301,262000.0
121307,118000.0
121308,92000.0
121311,140000.0
121315,206000.0
121320,139000.0
121321,183000.0
121323,141000.0
121324,141000.0
121331,177000.0
121333,141000.0
121335,141000.0
121337,270000.0
121338,103000.0
121339,270000.0
121343,201000.0
121346,189000.0
121347,253000.0
121348,244000.0
121350,253000.0
121351,383000.0
121352,245000.0
121364,525000.0
121365,525000.0
121373,236000.0
121375,137000.0
121376,128000.0
121377,241000.0
121385,176000.0
121397,118000.0
121400,123000.0
121402,100000.0
121408,100000.0
121444,117000.0
121452,106000.0
121455,228000.0
121538,255000.0
121544,112000.0
121597,121000.0
121647,114000.0
121688,207000.0
121697,145000.0
121707,272000.0
121708,272000.0
121710,158000.0
121716,250000.0
121723,295000.0
121739,97000.0
121742,219000.0
121746,262000.0
121751,130000.0
121756,112000.0
121757,101000.0
121765,110000.0
121766,110000.0
121767,109000.0
121771,91000.0
121777,115000.0
121781,305000.0
121787,100000.0
121788,137000.0
121793,192000.0
121802,172000.0
121807,223000.0
121822,161000.0
121824,183000.0
121825,153000.0
121826,97000.0
121829,336000.0
121843,104000.0
121847,105000.0
121848,105000.0
121849,137000.0
121850,132000.0
121854,166000.0
121857,118000.0
121868,118000.0
121878,133000.0
121884,251000.0
121892,96000.0
121899,239000.0
121900,152000.0
121901,100000.0
121909,87000.0
121923,118000.0
121927,111000.0
121930,108000.0
121932,123000.0
121935,111000.0
121941,141000.0
121944,204000.0
121948,222000.0
121954,313000.0
121964,93000.0
121966,205000.0
121970,243000.0
121984,275000.0
121993,110000.0
122033,104000.0
122036,210000.0
122044,140000.0
122165,213000.0
122166,139000.0
122167,228000.0
122168,131000.0
122169,131000.0
122195,177000.0
122197,162000.0
122214,129000.0
122219,217000.0
122225,115000.0
122241,186000.0
122249,118000.0
122262,208000.0
122277,141000.0
122282,151000.0
122294,162000.0
122299,168000.0
122302,133000.0
122311,163000.0
122313,173000.0
122315,309000.0
122318,128000.0
122321,128000.0
122322,108000.0
122323,180000.0
122330,896000.0
122331,891000.0
122332,1022000.0
122333,1022000.0
122337,101000.0
122340,122000.0
122347,91000.0
122350,224000.0
122351,89000.0
122362,171000.0
122370,197000.0
122371,195000.0
122373,105000.0
122377,99000.0
122382,152000.0
122398,169000.0
122404,111000.0
122405,241000.0
122410,114000.0
122411,228000.0
122412,111000.0
122434,155000.0
122442,252000.0
122454,256000.0
122458,256000.0
122459,264000.0
122467,200000.0
122472,260000.0
122474,189000.0
122475,106000.0
122500,109000.0
122559,121000.0
122560,223000.0
122561,169000.0
122586,67000.0
122599,266000.0
122602,79000.0
122614,78000.0
122616,139000.0
122622,193000.0
122637,113000.0
122644,109000.0
122647,201000.0
122665,105000.0
122667,167000.0
122669,166000.0
122687,269000.0
122695,166000.0
122699,340000.0
122701,155000.0
122703,118000.0
122744,439000.0
122752,149000.0
122762,335000.0
122768,188000.0
122783,174000.0
122784,96000.0
122787,207000.0
122788,176000.0
122792,95000.0
122881,256000.0
122882,88000.0
122900,75000.0
122901,75000.0
122902,74000.0
122903,75000.0
122904,74000.0
122909,117000.0
122927,107000.0
122928,107000.0
122929,107000.0
122932,138000.0
122934,224000.0
122935,133000.0
122947,110000.0
122969,66000.0
122987,499000.0
123070,310000.0
123079,491000.0
123083,343000.0
123092,79000.0
123093,74000.0
123094,71000.0
123095,74000.0
123129,71000.0
123153,200000.0
123165,810000.0
123176,127000.0
123196,91000.0
123248,157000.0
123310,107000.0
123311,110000.0
123312,110000.0
123323,206000.0
123325,209000.0
123326,206000.0
123327,209000.0
123328,210000.0
123331,178000.0
123335,110000.0
123338,106000.0
123400,70000.0
123480,107000.0
123558,75000.0
123572,126000.0
123576,76000.0
123579,194000.0
123580,193000.0
123588,84000.0
123592,87000.0
123595,164000.0
123605,140000.0
123612,250000.0
123620,76000.0
123623,75000.0
123624,78000.0
123657,139000.0
123658,139000.0
123686,79000.0
123734,190000.0
123749,369000.0
123759,157000.0
123760,84000.0
123767,107000.0
123768,107000.0
123808,325000.0
123815,125000.0
123825,177000.0
123835,363000.0
123868,110000.0
123869,110000.0
123870,110000.0
123874,213000.0
123877,110000.0
123892,107000.0
123898,100000.0
123900,70000.0
123903,92000.0
123905,88000.0
124032,324000.0
124034,75000.0
124036,75000.0
124038,164000.0
124039,164000.0
124044,194000.0
124059,91000.0
124070,80000.0
124071,82000.0
124072,73000.0
124073,74000.0
124074,74000.0
124094,139000.0
124096,178000.0
124109,161000.0
124118,95000.0
124125,128000.0
124138,294000.0
124178,86000.0
124187,110000.0
124197,328000.0
124213,185000.0
124214,110000.0
124228,119000.0
124263,134000.0
124339,297000.0
124357,119000.0
124364,125000.0
124380,582000.0
124392,311000.0
124494,111000.0
124500,88000.0
124536,117000.0
124537,82000.0
124540,501000.0
124548,99000.0
124597,668000.0
124642,501000.0
124646,220000.0
124648,242000.0
124662,110000.0
124688,100000.0
124693,242000.0
124707,97000.0
124714,194000.0
124716,235000.0
124731,126000.0
124737,335000.0
124747,1049000.0
124759,643000.0
124777,309000.0
124787,238000.0
124796,166000.0
124799,142000.0
124813,306000.0
124819,99000.0
124894,270000.0
124915,175000.0
124962,83000.0
124978,157000.0
124993,164000.0
125005,187000.0
125014,130000.0
125016,130000.0
125020,772000.0
125023,300000.0
125027,129000.0
125044,180000.0
125045,148000.0
125046,1018000.0
125050,185000.0
125072,783000.0
125073,120000.0
125086,791000.0
125100,208000.0
125117,417000.0
125118,433000.0
125120,215000.0
125125,182000.0
125130,147000.0
125134,847000.0
125136,155000.0
125141,98000.0
125188,191000.0
125200,146000.0
125203,165000.0
125204,78000.0
125275,284000.0
125291,195000.0
125317,124000.0
125332,118000.0
125345,185000.0
125351,239000.0
125357,169000.0
125359,128000.0
125375,185000.0
125380,137000.0
125404,108000.0
125406,137000.0
125422,187000.0
125431,94000.0
125433,134000.0
125434,200000.0
125435,306000.0
125444,67000.0
125466,214000.0
125506,159000.0
125546,151000.0
125554,246000.0
125568,194000.0
125569,387000.0
125573,139000.0
125579,92000.0
125581,197000.0
125583,131000.0
125587,121000.0
125596,525000.0
125618,275000.0
125621,179000.0
125632,232000.0
125639,144000.0
125642,675000.0
125645,306000.0
125694,137000.0
125695,131000.0
125696,104000.0
125714,193000.0
125716,123000.0
125727,237000.0
125734,222000.0
125736,137000.0
125739,143000.0
125744,137000.0
125756,152000.0
125764,233000.0
125766,245000.0
125776,134000.0
125777,134000.0
125783,133000.0
125784,133000.0
125791,146000.0
125822,152000.0
125824,180000.0
125828,174000.0
125829,229000.0
125841,177000.0
309591,266000.0
309611,182000.0
309613,182000.0
309658,79000.0
309661,171000.0
309667,217000.0
309669,142000.0
309678,586000.0
309692,179000.0
309700,245000.0
309707,124000.0
309714,130000.0
309731,495000.0
309734,126000.0
309735,170000.0
309770,254000.0
309817,85000.0
309819,96000.0
320845,124000.0
320872,217000.0
320929,177000.0
320931,177000.0
320932,72000.0
320937,72000.0
320938,72000.0
320940,115000.0
320948,122000.0
320950,342000.0
320954,177000.0
320969,188000.0
320974,249000.0
320998,142000.0
321002,107000.0
321004,118000.0
321023,91000.0
321055,170000.0
321067,133000.0
321080,94000.0
321083,152000.0
321122,207000.0
321127,133000.0
321128,111000.0
321229,115000.0
321231,122000.0
321249,340000.0
321250,305000.0
321258,176000.0
321259,278000.0
321260,72000.0
321262,122000.0
321270,176000.0
321272,84000.0
321278,370000.0
321286,159000.0
321288,111000.0
321289,105000.0
321307,148000.0
321311,153000.0
321316,153000.0
321317,107000.0
321318,107000.0
321319,107000.0
321321,107000.0
321322,130000.0
321323,107000.0
321324,107000.0
321340,184000.0
321346,168000.0
321352,106000.0
321392,132000.0
321393,148000.0
321399,155000.0
321407,182000.0
321428,196000.0
321429,79000.0
321431,78000.0
321455,153000.0
321463,128000.0
321480,1212000.0
321540,128000.0
321551,120000.0
321559,209000.0
321561,107000.0
321567,115000.0
321568,111000.0
321570,153000.0
321573,148000.0
321574,107000.0
321575,108000.0
321577,107000.0
321581,99000.0
321582,107000.0
321583,99000.0
321595,85000.0
321616,410000.0
321656,201000.0
321674,216000.0
321677,127000.0
321730,102000.0
321734,107000.0
321736,107000.0
321737,107000.0
321739,174000.0
321747,120000.0
321749,159000.0
321757,218000.0
321758,223000.0
321762,68000.0
321817,274000.0
321831,377000.0
321834,124000.0
321874,319000.0
321877,232000.0
321883,129000.0
321903,105000.0
321918,217000.0
321940,153000.0
321942,147000.0
321949,129000.0
321950,97000.0
321960,166000.0
321961,166000.0
321965,152000.0
321975,232000.0
321980,805000.0
321989,131000.0
321990,105000.0
322003,128000.0
322025,230000.0
322027,89000.0
322029,114000.0
322038,144000.0
322041,88000.0
322042,85000.0
322045,111000.0
322046,111000.0
322092,274000.0
322107,137000.0
322110,807000.0
322111,339000.0
322112,331000.0
322114,190000.0
322115,187000.0
322116,168000.0
322119,339000.0
322121,289000.0
322132,76000.0
322133,76000.0
322144,139000.0
322156,109000.0
322181,156000.0
322197,181000.0
322220,737000.0
322244,103000.0
322256,326000.0
322271,97000.0
322281,160000.0
322300,93000.0
322304,152000.0
322310,331000.0
322330,116000.0
322332,139000.0
322335,126000.0
322339,199000.0
322360,227000.0
322362,110000.0
322436,258000.0
322445,172000.0
322476,144000.0
322494,83000.0
322500,105000.0
322501,104000.0
322505,111000.0
322517,262000.0
322518,111000.0
322526,395000.0
322527,191000.0
322531,161000.0
322533,81000.0
322534,95000.0
322536,90000.0
322548,189000.0
322553,97000.0
322579,277000.0
322583,392000.0
322591,88000.0
322610,638000.0
322620,126000.0
322630,166000.0
322645,766000.0
322651,166000.0
322653,249000.0
322671,558000.0
322695,61000.0
322712,151000.0
322715,150000.0
322732,295000.0
322741,123000.0
322744,237000.0
322757,119000.0
322769,100000.0
322786,194000.0
322789,75000.0
322800,114000.0
322807,109000.0
322808,182000.0
322810,92000.0
322816,112000.0
322833,111000.0
322871,274000.0
322980,200000.0
322981,177000.0
322983,188000.0
322984,188000.0
322985,339000.0
322986,369000.0
322987,188000.0
322990,189000.0
323000,96000.0
323002,113000.0
323011,195000.0
323013,407000.0
323017,93000.0
323032,103000.0
323066,66000.0
323069,253000.0
323077,63000.0
323085,103000.0
323088,228000.0
323101,598000.0
323102,279000.0
323122,136000.0
323169,83000.0
323189,90000.0
323192,101000.0
323194,119000.0
323197,1032000.0
323198,352000.0
323233,170000.0
323254,133000.0
323308,253000.0
323310,313000.0
323318,115000.0
323325,255000.0
323330,91000.0
323339,136000.0
323342,101000.0
323349,330000.0
323382,137000.0
323396,172000.0
323403,244000.0
323412,170000.0
323413,131000.0
323421,165000.0
323425,308000.0
323433,329000.0
323434,193000.0
323446,129000.0
323459,85000.0
323487,252000.0
323518,69000.0
323536,149000.0
323549,139000.0
323552,115000.0
323608,168000.0
323617,107000.0
323622,416000.0
323629,204000.0
323656,219000.0
323664,316000.0
323668,142000.0
323678,309000.0
323703,175000.0
323710,174000.0
323722,184000.0
323723,80000.0
323780,95000.0
323792,121000.0
323831,266000.0
323894,122000.0
323911,113000.0
323917,88000.0
323926,176000.0
323944,145000.0
324001,238000.0
324006,178000.0
324023,151000.0
324032,214000.0
324058,148000.0
324078,157000.0
324079,184000.0
324118,212000.0
324146,212000.0
324152,109000.0
324158,741000.0
324160,662000.0
324236,92000.0
324287,872000.0
324306,254000.0
324371,516000.0
324381,85000.0
324395,126000.0
324415,205000.0
324417,386000.0
324418,386000.0
324454,122000.0
324455,78000.0
324497,95000.0
324557,88000.0
324596,311000.0
324605,297000.0
324608,397000.0
324616,395000.0
324628,115000.0
324634,134000.0
324666,408000.0
324716,420000.0
324721,138000.0
324723,470000.0
324784,180000.0
324797,340000.0
324814,477000.0
324819,772000.0
324846,82000.0
324904,144000.0
324941,280000.0
325010,538000.0
325044,383000.0
325045,345000.0
695288,139000.0
695340,145000.0
695354,109000.0
695495,142000.0
695510,89000.0
695519,299000.0
695520,299000.0
695565,88000.0
695596,283000.0
695610,112000.0
695611,146000.0
695614,83000.0
695615,277000.0
695631,109000.0
695794,129000.0
695813,359000.0
695828,209000.0
695877,301000.0
696061,236000.0
696119,167000.0
696129,102000.0
696183,130000.0
696223,291000.0
696268,182000.0
696269,200000.0
696272,370000.0
696273,373000.0
696329,392000.0
696334,392000.0
696336,369000.0
696337,372000.0
696338,369000.0
696339,372000.0
696340,418000.0
696352,146000.0
696357,112000.0
696508,220000.0
696512,115000.0
696609,133000.0
696610,142000.0
696645,151000.0
712644,132000.0
712653,285000.0
712676,162000.0
712685,191000.0
712690,180000.0
712692,179000.0
712748,216000.0
712750,111000.0
712751,220000.0
712768,290000.0
712776,158000.0
712780,167000.0
712788,179000.0
712794,222000.0
712816,160000.0
712817,91000.0
712818,239000.0
712823,302000.0
712835,317000.0
712852,140000.0
712858,195000.0
712871,207000.0
712880,162000.0
712881,158000.0
712890,118000.0
712901,161000.0
712917,279000.0
712999,110000.0
713027,80000.0
713050,147000.0
713084,97000.0
713098,136000.0
713109,110000.0
713127,113000.0
713151,84000.0
713157,317000.0
713159,113000.0
713160,171000.0
713169,118000.0
713182,218000.0
713190,104000.0
713192,96000.0
713197,220000.0
713213,127000.0
713216,126000.0
713247,162000.0
713251,222000.0
713264,116000.0
713309,142000.0
713319,201000.0
713341,215000.0
713350,662000.0
713375,300000.0
713391,133000.0
713394,104000.0
713420,96000.0
713421,264000.0
713429,82000.0
713432,163000.0
713434,153000.0
713437,126000.0
713469,205000.0
713476,268000.0
713477,105000.0
713501,107000.0
713507,85000.0
713536,223000.0
713544,219000.0
713560,176000.0
713580,132000.0
713651,100000.0
713656,181000.0
713740,217000.0
713800,404000.0
713801,135000.0
713806,218000.0
713820,92000.0
713823,160000.0
713847,213000.0
713864,160000.0
713866,142000.0
713868,203000.0
713878,106000.0
713881,155000.0
713897,116000.0
713934,204000.0
713939,102000.0
713950,264000.0
713991,101000.0
713993,79000.0
714003,195000.0
714017,159000.0
714021,152000.0
714026,662000.0
714064,76000.0
714174,86000.0
714196,193000.0
714262,357000.0
714353,152000.0
714369,117000.0
714374,246000.0
714385,163000.0
714393,780000.0
714398,253000.0
714412,160000.0
714415,116000.0
714417,415000.0
714430,136000.0
714507,126000.0
714555,88000.0
714586,282000.0
714587,179000.0
714609,148000.0
714636,188000.0
714676,55000.0
714689,124000.0
714713,232000.0
714721,146000.0
714725,168000.0
714774,99000.0
714784,150000.0
714821,142000.0
714833,256000.0
714858,167000.0
714864,188000.0
714871,108000.0
714874,446000.0
714890,179000.0
714911,107000.0
714930,247000.0
714957,150000.0
714970,85000.0
715017,186000.0
715034,189000.0
715036,407000.0
715051,166000.0
715078,110000.0
715080,112000.0
715127,213000.0
715142,105000.0
715176,192000.0
715189,129000.0
715195,145000.0
715196,92000.0
715264,100000.0
715291,129000.0
715295,211000.0
715297,288000.0
715305,64000.0
715309,115000.0
715319,175000.0
715321,115000.0
715381,101000.0
715383,207000.0
715402,264000.0
715413,355000.0
715440,206000.0
715490,100000.0
715496,191000.0
715529,59000.0
715546,134000.0
715580,91000.0
715584,174000.0
715594,174000.0
715611,192000.0
715628,291000.0
715643,123000.0
715645,206000.0
715666,162000.0
715669,66000.0
715756,150000.0
715761,184000.0
715771,160000.0
715775,137000.0
715779,116000.0
715783,84000.0
715789,99000.0
715799,145000.0
715801,243000.0
715802,151000.0
715816,149000.0
715819,83000.0
715854,100000.0
715885,198000.0
715904,144000.0
715909,143000.0
715926,162000.0
715960,169000.0
715975,124000.0
715987,321000.0
715991,93000.0
716004,124000.0
716016,102000.0
716034,314000.0
716036,104000.0
716062,83000.0
716088,70000.0
716090,114000.0
716098,199000.0
716112,103000.0
716122,148000.0
716135,176000.0
716165,99000.0
716198,110000.0
716225,212000.0
716229,175000.0
716230,92000.0
716233,121000.0
716243,192000.0
716251,162000.0
716252,107000.0
716270,101000.0
716289,211000.0
716355,162000.0
716367,189000.0
716371,183000.0
716379,105000.0
716381,187000.0
716388,152000.0
716430,99000.0
716437,122000.0
716439,121000.0
716453,70000.0
716459,169000.0
716475,278000.0
716495,189000.0
716516,248000.0
716564,126000.0
716566,381000.0
716646,163000.0
716652,169000.0
716677,144000.0
716680,122000.0
716696,378000.0
716716,188000.0
716750,280000.0
716759,156000.0
716761,378000.0
716822,132000.0
716839,106000.0
716905,288000.0
716942,145000.0
716964,146000.0
717008,384000.0
717022,130000.0
717046,96000.0
717110,76000.0
717123,326000.0
717146,69000.0
717179,115000.0
717184,193000.0
717187,102000.0
717188,90000.0
717189,155000.0
717195,189000.0
717197,114000.0
717227,117000.0
717270,116000.0
717303,201000.0
717333,110000.0
717335,120000.0
717342,672000.0
717358,111000.0
717374,132000.0
717386,345000.0
717417,140000.0
717491,90000.0
717502,68000.0
717549,221000.0
717570,245000.0
717574,86000.0
717602,214000.0
717626,201000.0
717630,77000.0
717635,228000.0
717641,127000.0
717648,100000.0
717652,80000.0
717689,125000.0
717727,67000.0
717783,182000.0
717808,214000.0
717824,270000.0
717869,142000.0
717986,92000.0
717995,78000.0
717997,228000.0
717999,105000.0
718069,122000.0
718109,179000.0
718113,143000.0
718134,195000.0
718135,165000.0
718144,116000.0
718171,370000.0
718212,136000.0
718229,85000.0
718242,149000.0
718310,150000.0
718329,237000.0
718331,85000.0
718349,381000.0
718436,171000.0
718506,108000.0
718581,203000.0
718620,133000.0
718648,190000.0
718653,153000.0
718675,99000.0
718683,106000.0
718696,91000.0
718697,120000.0
718773,575000.0
718786,128000.0
718806,133000.0
718811,257000.0
718812,204000.0
718841,138000.0
718869,362000.0
718891,504000.0
718902,120000.0
718919,189000.0
718930,222000.0
718970,427000.0
719018,178000.0
719060,215000.0
719062,113000.0
719065,215000.0
719076,299000.0
719091,135000.0
719120,92000.0
719146,192000.0
719186,122000.0
719188,227000.0
719197,129000.0
719201,112000.0
719203,123000.0
719208,123000.0
719210,167000.0
719216,123000.0
719224,113000.0
719246,123000.0
719258,98000.0
719300,216000.0
719334,85000.0
719360,356000.0
719377,277000.0
719415,128000.0
719424,159000.0
719429,275000.0
719445,319000.0
719446,336000.0
719469,378000.0
719503,115000.0
719537,167000.0
719593,100000.0
719616,108000.0
719642,65000.0
719655,348000.0
719693,68000.0
719720,136000.0
719747,169000.0
719748,100000.0
719754,77000.0
719784,96000.0
719794,98000.0
719802,124000.0
719806,91000.0
719810,110000.0
719812,112000.0
719828,145000.0
719833,91000.0
719882,76000.0
719895,122000.0
719909,164000.0
719971,65000.0
720043,155000.0
720108,252000.0
720119,122000.0
720163,78000.0
720166,152000.0
720188,99000.0
720194,146000.0
720274,100000.0
720292,128000.0
720296,129000.0
720304,112000.0
720323,124000.0
720342,282000.0
720348,178000.0
720379,167000.0
720386,203000.0
720388,182000.0
720393,126000.0
720398,173000.0
720403,93000.0
720409,263000.0
720440,123000.0
720450,127000.0
720481,73000.0
720530,140000.0
720534,94000.0
720549,84000.0
720550,93000.0
720609,111000.0
720629,163000.0
720646,141000.0
720649,232000.0
720659,93000.0
720745,229000.0
720753,162000.0
720789,87000.0
720879,212000.0
720899,121000.0
720909,109000.0
720925,283000.0
720932,82000.0
720950,229000.0
720956,85000.0
720964,227000.0
720970,131000.0
720997,163000.0
721019,484000.0
721074,192000.0
721104,134000.0
721128,72000.0
721132,81000.0
721135,79000.0
721138,85000.0
721169,252000.0
721241,122000.0
721303,88000.0
721327,117000.0
721355,133000.0
721380,95000.0
721384,129000.0
721403,150000.0
721426,135000.0
721462,140000.0
721473,84000.0
721548,186000.0
721568,108000.0
721574,138000.0
721579,393000.0
721598,141000.0
721634,152000.0
721647,419000.0
721701,73000.0
721727,119000.0
721746,94000.0
721751,278000.0
721773,113000.0
721806,63000.0
721859,191000.0
721869,335000.0
721922,150000.0
722035,445000.0
722036,445000.0
722125,117000.0
722131,114000.0
722173,90000.0
722181,302000.0
722212,107000.0
722250,90000.0
722257,94000.0
722262,177000.0
722278,277000.0
722288,115000.0
722289,77000.0
722312,156000.0
722332,86000.0
722333,101000.0
722344,96000.0
722356,730000.0
722360,121000.0
722388,143000.0
722430,90000.0
722458,113000.0
722486,125000.0
722515,93000.0
722557,178000.0
722582,299000.0
722592,99000.0
722603,220000.0
722611,180000.0
722612,273000.0
722613,145000.0
722617,87000.0
722639,354000.0
722669,113000.0
722794,206000.0
722805,626000.0
722979,123000.0
722991,353000.0
722996,198000.0
723017,200000.0
723054,143000.0
723133,273000.0
723238,383000.0
723261,197000.0
723269,277000.0
723341,87000.0
723364,269000.0
723370,102000.0
723418,198000.0
723439,125000.0
723497,81000.0
723503,96000.0
723527,112000.0
723559,102000.0
723569,57000.0
723575,75000.0
723590,178000.0
723636,116000.0
723646,180000.0
723662,71000.0
723694,693000.0
723703,460000.0
723705,103000.0
723726,396000.0
723746,82000.0
723756,92000.0
723769,180000.0
723775,249000.0
723789,249000.0
723793,118000.0
723826,150000.0
723846,127000.0
723856,83000.0
723936,419000.0
723944,132000.0
723996,74000.0
724017,146000.0
724019,180000.0
724048,123000.0
724049,81000.0
724059,535000.0
724070,610000.0
724209,225000.0
724225,553000.0
724230,149000.0
724234,133000.0
724247,197000.0
724249,180000.0
724273,109000.0
724294,53000.0
724309,63000.0
724315,387000.0
724343,543000.0
724348,540000.0
724352,334000.0
724357,373000.0
724385,121000.0
724424,118000.0
724532,167000.0
724560,159000.0
724606,158000.0
724640,226000.0
724671,120000.0
724797,83000.0
724820,77000.0
724847,107000.0
724947,68000.0
724960,209000.0
724977,122000.0
724987,544000.0
725073,107000.0
725121,312000.0
725177,140000.0
725180,124000.0
725186,105000.0
725367,139000.0
725435,87000.0
725481,125000.0
725560,128000.0
725581,76000.0
725620,185000.0
725646,86000.0
725648,221000.0
725681,208000.0
725683,77000.0
725741,130000.0
725753,134000.0
725778,87000.0
725811,80000.0
725875,341000.0
725997,102000.0
726011,230000.0
726050,131000.0
726064,205000.0
726121,65000.0
726144,146000.0
726145,146000.0
726174,126000.0
726332,135000.0
726351,59000.0
726359,160000.0
726443,106000.0
726459,177000.0
726460,97000.0
726461,179000.0
726470,275000.0
726488,77000.0
726491,133000.0
726518,65000.0
726642,292000.0
726643,96000.0
726678,89000.0
726698,68000.0
726797,46000.0
726850,72000.0
726887,115000.0
726898,156000.0
726904,486000.0
726915,200000.0
726976,194000.0
727014,117000.0
727021,129000.0
727064,123000.0
727101,247000.0
727114,62000.0
727129,70000.0
727142,116000.0
727160,82000.0
727168,290000.0
727178,75000.0
727188,70000.0
727198,82000.0
727202,148000.0
727275,74000.0
727322,112000.0
727334,194000.0
727345,190000.0
727359,100000.0
727364,79000.0
727433,105000.0
727438,46000.0
727490,101000.0
727503,152000.0
727540,280000.0
727542,93000.0
727585,81000.0
727593,76000.0
727615,105000.0
727627,136000.0
727655,161000.0
727691,136000.0
727694,162000.0
727811,124000.0
727895,189000.0
728058,207000.0
728078,197000.0
728243,251000.0
728309,136000.0
728352,97000.0
728363,448000.0
728364,92000.0
728431,393000.0
728500,95000.0
728503,146000.0
728529,697000.0
728582,144000.0
728586,117000.0
728694,275000.0
728709,123000.0
728713,151000.0
728796,119000.0
728798,194000.0
728926,114000.0
728950,99000.0
728966,105000.0
728985,109000.0
729017,110000.0
729075,320000.0
729111,264000.0
729119,90000.0
729136,120000.0
729148,343000.0
729174,145000.0
729177,91000.0
729181,141000.0
729203,110000.0
729210,361000.0
729226,102000.0
729265,99000.0
729341,64000.0
729380,204000.0
729400,121000.0
729445,139000.0
729455,228000.0
729464,114000.0
729510,249000.0
729514,100000.0
729528,216000.0
729536,110000.0
729540,216000.0
729554,141000.0
729607,129000.0
729608,74000.0
729625,163000.0
729641,213000.0
729644,85000.0
729663,356000.0
729721,634000.0
729768,162000.0
729773,94000.0
729782,213000.0
729789,210000.0
729812,145000.0
729831,149000.0
729845,109000.0
729990,101000.0
730059,106000.0
730106,163000.0
730114,55000.0
730131,78000.0
730151,95000.0
730265,73000.0
730294,114000.0
730332,150000.0
730363,242000.0
730414,109000.0
730524,98000.0
730596,134000.0
730640,130000.0
730686,92000.0
730881,141000.0
730894,144000.0
730939,143000.0
731035,130000.0
731059,92000.0
731100,57000.0
731187,103000.0
731206,178000.0
731217,155000.0
731226,175000.0
731245,269000.0
731327,313000.0
731364,67000.0
731419,104000.0
731420,96000.0
731429,133000.0
731450,94000.0
731474,118000.0
731507,117000.0
731508,123000.0
731588,80000.0
731696,78000.0
731757,343000.0
731801,616000.0
731833,74000.0
731851,72000.0
731874,415000.0
732027,141000.0
732100,83000.0
732211,125000.0
732262,102000.0
732403,100000.0
732408,182000.0
732440,144000.0
732456,263000.0
732495,153000.0
732512,175000.0
732513,135000.0
732518,67000.0
732657,123000.0
732818,86000.0
732911,127000.0
732929,102000.0
732954,93000.0
732965,110000.0
732970,126000.0
732998,110000.0
733071,134000.0
733086,138000.0
733135,260000.0
733209,87000.0
733485,274000.0
733560,138000.0
733655,87000.0
733708,110000.0
733722,70000.0
733753,76000.0
733774,128000.0
733855,95000.0
733856,99000.0
733903,142000.0
733907,82000.0
733919,98000.0
734011,78000.0
734023,145000.0
734094,152000.0
734149,333000.0
734159,70000.0
734160,139000.0
734181,108000.0
734275,145000.0
734658,250000.0
734708,185000.0
734725,186000.0
734836,182000.0
735000,198000.0
735007,139000.0
735055,231000.0
735124,100000.0
735158,72000.0
735189,93000.0
735216,146000.0
735230,164000.0
735232,120000.0
735250,233000.0
735298,120000.0
735355,161000.0
735484,105000.0
735490,249000.0
735491,104000.0
735493,99000.0
735505,107000.0
735533,123000.0
735555,152000.0
735561,65000.0
735562,100000.0
735614,122000.0
735627,90000.0
735634,242000.0
735698,68000.0
735797,215000.0
735802,186000.0
735891,72000.0
735983,98000.0
736002,160000.0
736030,104000.0
736051,66000.0
736089,79000.0
736143,377000.0
736169,82000.0
736175,211000.0
736225,222000.0
736311,72000.0
736320,167000.0
736337,101000.0
736397,188000.0
736443,96000.0
736489,90000.0
736635,49000.0
736651,427000.0
736721,165000.0
736740,82000.0
736799,180000.0
736983,163000.0
737015,151000.0
737075,115000.0
737150,126000.0
737209,129000.0
737263,179000.0
737285,82000.0
737397,159000.0
737458,236000.0
737514,200000.0
737665,330000.0
737976,229000.0
738028,150000.0
738143,126000.0
738160,125000.0
738192,73000.0
738314,379000.0
738320,97000.0
738381,164000.0
738406,67000.0
738433,124000.0
738489,87000.0
738491,90000.0
738574,137000.0
738723,221000.0
738880,119000.0
738920,121000.0
739033,225000.0
739042,69000.0
739182,67000.0
739254,98000.0
739359,183000.0
739360,183000.0
739364,142000.0
739430,91000.0
739497,104000.0
739563,147000.0
739581,234000.0
739670,135000.0
739702,62000.0
739717,91000.0
739824,202000.0
740070,262000.0
740158,101000.0
740377,77000.0
740499,121000.0
740572,154000.0
740609,166000.0
740798,257000.0
740914,448000.0
740915,240000.0
740917,160000.0
740932,95000.0
740974,157000.0
740993,95000.0
740998,95000.0
741000,95000.0
741002,95000.0
741008,95000.0
741036,335000.0
741047,278000.0
741111,843000.0
741171,123000.0
741174,216000.0
741203,139000.0
741205,152000.0
741232,128000.0
741270,145000.0
741294,117000.0
741312,198000.0
741313,547000.0
741329,86000.0
741401,201000.0
741416,212000.0
741433,86000.0
741457,210000.0
741533,158000.0
741591,121000.0
741682,163000.0
741699,43000.0
741808,208000.0
741810,212000.0
741811,259000.0
741813,253000.0
741824,142000.0
741842,123000.0
741844,123000.0
741999,190000.0
742049,125000.0
742278,123000.0
742444,86000.0
742500,95000.0
742512,161000.0
742534,53000.0
742552,177000.0
742592,144000.0
742595,218000.0
742813,157000.0
742839,72000.0
743024,99000.0
743072,108000.0
743084,86000.0
743131,75000.0
743197,164000.0
743226,147000.0
743233,165000.0
743243,100000.0
743310,144000.0
743424,129000.0
743645,100000.0
743678,85000.0
743689,216000.0
743736,100000.0
743938,52000.0
744009,66000.0
744134,193000.0
744142,146000.0
744196,138000.0
744806,100000.0
744824,179000.0
744870,291000.0
744879,113000.0
744924,90000.0
745039,96000.0
745099,625000.0
745109,268000.0
745286,248000.0
745287,248000.0
745364,99000.0
745581,163000.0
745614,97000.0
745630,165000.0
745696,396000.0
745726,80000.0
745763,112000.0
745819,119000.0
745898,209000.0
745924,137000.0
745960,66000.0
746269,67000.0
746297,319000.0
746353,110000.0
746361,136000.0
746390,121000.0
746450,79000.0
746513,368000.0
746565,154000.0
746720,308000.0
746732,137000.0
746769,779000.0
746790,212000.0
746846,125000.0
746847,125000.0
746901,267000.0
747013,152000.0
747015,251000.0
747085,65000.0
747090,250000.0
747139,76000.0
747310,148000.0
747474,177000.0
747521,123000.0
747537,104000.0
747736,139000.0
747743,147000.0
747759,98000.0
747810,148000.0
747995,95000.0
748013,81000.0
748040,311000.0
748058,212000.0
748060,212000.0
748073,176000.0
748106,163000.0
748145,165000.0
748150,399000.0
748172,155000.0
748287,128000.0
748308,101000.0
748311,193000.0
748429,64000.0
748523,94000.0
748544,166000.0
748713,147000.0
748836,161000.0
748845,133000.0
748856,125000.0
748895,165000.0
748962,296000.0
749165,120000.0
749218,167000.0
749232,107000.0
749255,163000.0
749452,102000.0
749483,140000.0
749497,104000.0
749502,184000.0
749504,167000.0
749521,212000.0
749571,183000.0
749671,240000.0
749821,219000.0
749975,72000.0
750049,182000.0
750155,112000.0
750174,132000.0
750408,65000.0
750418,166000.0
750441,116000.0
750475,558000.0
750559,114000.0
750579,106000.0
750669,121000.0
750683,107000.0
750740,151000.0
750956,209000.0
751319,57000.0
751352,190000.0
751396,238000.0
751416,86000.0
751421,245000.0
751442,114000.0
751459,67000.0
751587,74000.0
751714,110000.0
751886,118000.0
751971,170000.0
752242,190000.0
752254,101000.0
752310,50000.0
752576,231000.0
752705,54000.0
752895,69000.0
752914,335000.0
752994,80000.0
753036,212000.0
753099,144000.0
753188,90000.0
753196,155000.0
753234,126000.0
753289,212000.0
753295,212000.0
753297,212000.0
753387,212000.0
753393,212000.0
753395,212000.0
753397,212000.0
753399,212000.0
753402,212000.0
753404,212000.0
753405,212000.0
753406,109000.0
753602,104000.0
753948,138000.0
754108,84000.0
754112,65000.0
754292,421000.0
754384,108000.0
754763,100000.0
754978,128000.0
754995,44000.0
755014,219000.0
755055,106000.0
755065,147000.0
755138,199000.0
755226,173000.0
755447,112000.0
755448,112000.0
755575,75000.0
755674,109000.0
755809,255000.0
755892,91000.0
756308,110000.0
756620,82000.0
756836,499000.0
757366,193000.0
757425,70000.0
757539,120000.0
757668,118000.0
757758,156000.0
757792,93000.0
757925,68000.0
757991,125000.0
758122,84000.0
758135,128000.0
758325,156000.0
758344,165000.0
758410,71000.0
758601,76000.0
758674,191000.0
758911,95000.0
759246,95000.0
759339,125000.0
759621,189000.0
759656,326000.0
759823,155000.0
759982,95000.0
760071,180000.0
760135,87000.0
760172,82000.0
760262,156000.0
760514,142000.0
760522,79000.0
760523,79000.0
760607,84000.0
760760,82000.0
760878,122000.0
761015,124000.0
761078,82000.0
761137,142000.0
761182,119000.0
761221,199000.0
761226,113000.0
761245,163000.0
761273,167000.0
761281,110000.0
761297,282000.0
761298,90000.0
761312,77000.0
761418,356000.0
761437,69000.0
761449,109000.0
761451,120000.0
761462,108000.0
761597,104000.0
761616,89000.0
761631,63000.0
761638,214000.0
761660,173000.0
761662,91000.0
761734,102000.0
761737,106000.0
761773,163000.0
761775,163000.0
761781,163000.0
761783,163000.0
761870,119000.0
761928,103000.0
762020,94000.0
762104,105000.0
762106,108000.0
762135,112000.0
762140,191000.0
762146,122000.0
762260,280000.0
762277,86000.0
762395,68000.0
762467,105000.0
762485,128000.0
762509,99000.0
762528,156000.0
762572,109000.0
762642,106000.0
762673,167000.0
762782,153000.0
762792,95000.0
762828,136000.0
762848,116000.0
762862,93000.0
762894,98000.0
762903,209000.0
762924,68000.0
762929,145000.0
762937,62000.0
762941,169000.0
762951,127000.0
762959,152000.0
762965,121000.0
762986,62000.0
763016,269000.0
763021,193000.0
763034,170000.0
763065,77000.0
763068,483000.0
763073,175000.0
763090,199000.0
763152,110000.0
763153,110000.0
763212,185000.0
763270,106000.0
763279,173000.0
763299,235000.0
763300,235000.0
763314,84000.0
763332,110000.0
763333,110000.0
763334,109000.0
763337,110000.0
763338,110000.0
763348,107000.0
763349,84000.0
763351,102000.0
763389,128000.0
763421,108000.0
763424,99000.0
763429,109000.0
763431,97000.0
763433,68000.0
763435,107000.0
763438,100000.0
763439,68000.0
763446,100000.0
763447,63000.0
763448,102000.0
763449,104000.0
763450,103000.0
763452,100000.0
763453,63000.0
763454,102000.0
763457,106000.0
763458,108000.0
763460,61000.0
763464,102000.0
763466,104000.0
763528,97000.0
763572,119000.0
763575,85000.0
763576,154000.0
763591,410000.0
763627,86000.0
763628,220000.0
763629,221000.0
763631,85000.0
763633,85000.0
763634,85000.0
763653,121000.0
763684,82000.0
763733,91000.0
763744,86000.0
763764,205000.0
763781,90000.0
763788,100000.0
763797,86000.0
763842,196000.0
763856,54000.0
763925,99000.0
763942,185000.0
764037,92000.0
764042,110000.0
764044,110000.0
764047,110000.0
764052,110000.0
764103,86000.0
764132,197000.0
764192,45000.0
764215,83000.0
764263,553000.0
764332,125000.0
764347,120000.0
764361,249000.0
764368,649000.0
764413,222000.0
764414,184000.0
764496,156000.0
764544,215000.0
764737,61000.0
764777,88000.0
764797,70000.0
764822,169000.0
764827,157000.0
764828,66000.0
764836,74000.0
764862,80000.0
764907,248000.0
764910,117000.0
764922,98000.0
764946,138000.0
764999,484000.0
765049,125000.0
765056,89000.0
765097,150000.0
765112,126000.0
765115,128000.0
765282,79000.0
765294,101000.0
765352,182000.0
765358,75000.0
765365,84000.0
765396,119000.0
765440,160000.0
765475,84000.0
765494,191000.0
765496,191000.0
765520,126000.0
765527,338000.0
765571,640000.0
765572,637000.0
765599,92000.0
765625,162000.0
765669,167000.0
765676,198000.0
765686,69000.0
765756,191000.0
765760,191000.0
765768,333000.0
765786,85000.0
765832,126000.0
765840,79000.0
765853,191000.0
765854,191000.0
765869,82000.0
765883,117000.0
765884,73000.0
765913,405000.0
765938,64000.0
766020,70000.0
766039,98000.0
766052,222000.0
766076,285000.0
766102,88000.0
766103,164000.0
766106,90000.0
766110,85000.0
766114,122000.0
766137,63000.0
766140,132000.0
766142,318000.0
766151,90000.0
766163,247000.0
766185,77000.0
766212,99000.0
766222,194000.0
766225,141000.0
766250,90000.0
766251,153000.0
766253,90000.0
766259,67000.0
766272,153000.0
766300,178000.0
766328,77000.0
766392,110000.0
766404,86000.0
766416,130000.0
766459,152000.0
766463,70000.0
766464,183000.0
766479,108000.0
766501,148000.0
766550,82000.0
766648,81000.0
766782,93000.0
766785,345000.0
766808,88000.0
766824,72000.0
766883,95000.0
766891,85000.0
766923,56000.0
766951,61000.0
766977,84000.0
766984,388000.0
766998,81000.0
767008,378000.0
767009,71000.0
767047,98000.0
767056,111000.0
767092,356000.0
767132,208000.0
767229,260000.0
767253,148000.0
767260,148000.0
767290,96000.0
767319,196000.0
767321,84000.0
767366,176000.0
767405,84000.0
767407,86000.0
767409,83000.0
767414,74000.0
767465,152000.0
767487,98000.0
767512,98000.0
767558,245000.0
767705,271000.0
767856,108000.0
768002,156000.0
768343,137000.0
768717,96000.0
768790,78000.0
768981,157000.0
769002,64000.0
769155,109000.0
769216,119000.0
769226,98000.0
769575,100000.0
769599,114000.0
769768,78000.0
769812,114000.0
769898,222000.0
769957,56000.0
770294,99000.0
770295,74000.0
770484,199000.0
770520,155000.0
770523,75000.0
770558,94000.0
770682,128000.0
770744,99000.0
770751,111000.0
770765,155000.0
770777,276000.0
770786,126000.0
770972,187000.0
771112,90000.0
771113,131000.0
771117,95000.0
771118,93000.0
771333,211000.0
771397,241000.0
771816,216000.0
771858,123000.0
772028,90000.0
772107,135000.0
772213,96000.0
772214,72000.0
774481,128000.0
774546,86000.0
774699,91000.0
774950,200000.0
775137,231000.0
775139,161000.0
775393,103000.0
775537,155000.0
775560,126000.0
775652,91000.0
775907,70000.0
776742,134000.0
776780,243000.0
776781,185000.0
776783,126000.0
776981,535000.0
777103,106000.0
777106,581000.0
777107,127000.0
777108,86000.0
777110,657000.0
777117,616000.0
777118,514000.0
777121,625000.0
777123,640000.0
777125,655000.0
777210,244000.0
777453,185000.0
777462,112000.0
777464,112000.0
777489,73000.0
777572,190000.0
778274,157000.0
778564,188000.0
778634,140000.0
778678,55000.0
778689,201000.0
778791,84000.0
778830,108000.0
778851,108000.0
778906,153000.0
778948,132000.0
778949,76000.0
778952,93000.0
778953,98000.0
778956,159000.0
778970,100000.0
778976,188000.0
779003,246000.0
779077,155000.0
779114,65000.0
779141,81000.0
779149,308000.0
779215,58000.0
779288,92000.0
779384,92000.0
779391,89000.0
779392,72000.0
779393,202000.0
779705,87000.0
779738,145000.0
779782,148000.0
779867,386000.0
779904,186000.0
779938,142000.0
779977,104000.0
779984,72000.0
780002,583000.0
780020,285000.0
780073,78000.0
780093,82000.0
780095,124000.0
780214,115000.0
780253,88000.0
780353,160000.0
780376,66000.0
780395,82000.0
780419,67000.0
780420,102000.0
780421,102000.0
780564,135000.0
780596,174000.0
780669,114000.0
780694,120000.0
780702,118000.0
780715,104000.0
780724,84000.0
780846,222000.0
780856,142000.0
780863,88000.0
780900,172000.0
780951,124000.0
781145,80000.0
781275,179000.0
781371,88000.0
781416,61000.0
781559,91000.0
781563,124000.0
781572,101000.0
781698,77000.0
781700,65000.0
781825,85000.0
781843,145000.0
781844,145000.0
781845,145000.0
781846,145000.0
781854,98000.0
781859,492000.0
781860,409000.0
781866,70000.0
781946,182000.0
781982,154000.0
782181,166000.0
782201,120000.0
782394,101000.0
782416,143000.0
782443,148000.0
782452,113000.0
782561,93000.0
782627,167000.0
782642,199000.0
782665,87000.0
782671,76000.0
782675,176000.0
782693,69000.0
782705,94000.0
782706,145000.0
782708,142000.0
782717,861000.0
782722,111000.0
782761,64000.0
782782,99000.0
782785,87000.0
782849,81000.0
782946,76000.0
783038,77000.0
783051,134000.0
783056,136000.0
783125,159000.0
783130,150000.0
783231,65000.0
783260,473000.0
783421,243000.0
783512,120000.0
783559,97000.0
783604,284000.0
783607,553000.0
783636,116000.0
783654,92000.0
783811,79000.0
783914,130000.0
783951,110000.0
783978,159000.0
783979,159000.0
784000,245000.0
784012,86000.0
784167,113000.0
784275,79000.0
784431,96000.0
784568,99000.0
784570,125000.0
784737,86000.0
784762,114000.0
784768,79000.0
784842,124000.0
785009,216000.0
785082,83000.0
785261,155000.0
785408,90000.0
785455,55000.0
785514,154000.0
785588,285000.0
785808,113000.0
785820,116000.0
785970,194000.0
785973,194000.0
786182,117000.0
786183,88000.0
786346,179000.0
786447,144000.0
786450,144000.0
786451,144000.0
786452,144000.0
786456,144000.0
786457,144000.0
786484,144000.0
786521,235000.0
786587,121000.0
786628,595000.0
786831,185000.0
786859,79000.0
787068,74000.0
787151,84000.0
787208,174000.0
787215,269000.0
787216,226000.0
787276,278000.0
787281,287000.0
787289,94000.0
787291,499000.0
787331,89000.0
787343,58000.0
787361,163000.0
787369,161000.0
787382,70000.0
787385,155000.0
787401,214000.0
787405,146000.0
787411,80000.0
787454,61000.0
787485,54000.0
787486,54000.0
787489,54000.0
787490,54000.0
787528,196000.0
787529,200000.0
787533,152000.0
787535,140000.0
787538,107000.0
787555,118000.0
787614,81000.0
787634,112000.0
787684,148000.0
787868,412000.0
788008,201000.0
788356,65000.0
788577,317000.0
788645,161000.0
788730,122000.0
788820,114000.0
788990,101000.0
788994,113000.0
789179,577000.0
789327,85000.0
789333,88000.0
789339,340000.0
789374,103000.0
789389,139000.0
789555,143000.0
789568,69000.0
789619,119000.0
789638,83000.0
789709,87000.0
789843,209000.0
789881,270000.0
789964,271000.0
789966,107000.0
790026,185000.0
790038,211000.0
790115,87000.0
790170,78000.0
790184,102000.0
790414,80000.0
790625,179000.0
790725,198000.0
790798,108000.0
790912,116000.0
790918,112000.0
790939,99000.0
791067,122000.0
791077,115000.0
791182,220000.0
791219,201000.0
791221,115000.0
791296,89000.0
791314,296000.0
791379,104000.0
791445,147000.0
791581,296000.0
791589,128000.0
791600,128000.0
791608,296000.0
791617,128000.0
791813,132000.0
791869,147000.0
791870,106000.0
792315,100000.0
792695,122000.0
793171,92000.0
793172,76000.0
793391,383000.0
793620,78000.0
793722,103000.0
793967,92000.0
794344,129000.0
794498,141000.0
794573,81000.0
794576,85000.0
794897,279000.0
794968,71000.0
796060,142000.0
796252,123000.0
796300,154000.0
796537,174000.0
796582,444000.0
797433,104000.0
797488,84000.0
797489,69000.0
797540,145000.0
797866,67000.0
798010,383000.0
798026,95000.0
799178,104000.0
799179,104000.0
799190,104000.0
799234,237000.0
799315,594000.0
799472,181000.0
799498,97000.0
799561,112000.0
799652,92000.0
799732,162000.0
800022,71000.0
800237,90000.0
800456,113000.0
800963,222000.0
801193,44000.0
801250,56000.0
801281,64000.0
801487,133000.0
801497,86000.0
801503,113000.0
801504,81000.0
801727,135000.0
801954,124000.0
802096,100000.0
802163,81000.0
802196,263000.0
802200,102000.0
802270,88000.0
802271,75000.0
802331,131000.0
802349,90000.0
802375,93000.0
802688,68000.0
803023,173000.0
803138,67000.0
803310,74000.0
803839,76000.0
803941,103000.0
804236,93000.0
804237,142000.0
804318,80000.0
804335,87000.0
804516,156000.0
804572,72000.0
804611,208000.0
804663,109000.0
804859,95000.0
805515,335000.0
805577,154000.0
806450,126000.0
806493,844000.0
806508,144000.0
806655,79000.0
806775,143000.0
806865,109000.0
806936,171000.0
806937,216000.0
807537,113000.0
807824,92000.0
807826,92000.0
808024,80000.0
808123,103000.0
808180,100000.0
808340,114000.0
808644,111000.0
808647,111000.0
809443,168000.0
809444,173000.0
809711,274000.0
810556,87000.0
810560,158000.0
810574,93000.0
810705,55000.0
811018,64000.0
811028,120000.0
811104,69000.0
811659,232000.0
811817,117000.0
811944,194000.0
812472,135000.0
812587,150000.0
812588,184000.0
812762,102000.0
812914,84000.0
813322,171000.0
813323,171000.0
813324,171000.0
813361,382000.0
813430,160000.0
813750,411000.0
813797,94000.0
813800,98000.0
814059,149000.0
814159,239000.0
814247,133000.0
814306,341000.0
814308,107000.0
814310,88000.0
814313,104000.0
814338,106000.0
814378,141000.0
814381,155000.0
814390,236000.0
814448,127000.0
814449,127000.0
815043,141000.0
815287,81000.0
815582,222000.0
815585,230000.0
815640,418000.0
816479,87000.0
816525,80000.0
816552,109000.0
816589,137000.0
816592,78000.0
816594,141000.0
816608,66000.0
816611,124000.0
816676,122000.0
816679,122000.0
816850,75000.0
816967,236000.0
816968,247000.0
816969,240000.0
816972,271000.0
816974,163000.0
817091,184000.0
817550,288000.0
817647,111000.0
817658,155000.0
817662,90000.0
817752,86000.0
817883,219000.0
817978,127000.0
818057,110000.0
818059,343000.0
818170,206000.0
818217,136000.0
818229,121000.0
818316,376000.0
818405,90000.0
818412,87000.0
818488,219000.0
818498,219000.0
818519,219000.0
818520,219000.0
818601,401000.0
818620,152000.0
818629,289000.0
818668,110000.0
818906,172000.0
818951,86000.0
818981,79000.0
819022,88000.0
819052,139000.0
819088,90000.0
819090,153000.0
819154,103000.0
819224,147000.0
819477,174000.0
819505,133000.0
819532,76000.0
819599,81000.0
819624,135000.0
819689,128000.0
819690,128000.0
819694,128000.0
819729,142000.0
819737,88000.0
819839,197000.0
819946,182000.0
820010,112000.0
820047,150000.0
820221,186000.0
820343,129000.0
820369,132000.0
820444,384000.0
820485,75000.0
820520,86000.0
820534,308000.0
820549,92000.0
820550,125000.0
820560,152000.0
820576,69000.0
820608,303000.0
820640,66000.0
820668,146000.0
820672,69000.0
820758,106000.0
820763,161000.0
820797,172000.0
820936,131000.0
821001,89000.0
821049,88000.0
821050,89000.0
821087,120000.0
821251,130000.0
821372,109000.0
821381,109000.0
821423,102000.0
821616,80000.0
821664,93000.0
821715,64000.0
821753,119000.0
821791,80000.0
821800,156000.0
821820,95000.0
821825,89000.0
821826,627000.0
821876,107000.0
821888,106000.0
821895,108000.0
822024,71000.0
822169,62000.0
822190,245000.0
822347,119000.0
822354,161000.0
822421,158000.0
822422,203000.0
822432,225000.0
822445,83000.0
822453,96000.0
822456,376000.0
822457,90000.0
822552,181000.0
822622,179000.0
822624,179000.0
822635,70000.0
822656,194000.0
822684,170000.0
822688,82000.0
822777,89000.0
822785,180000.0
822858,80000.0
822880,229000.0
822882,188000.0
822883,245000.0
822930,156000.0
823118,122000.0
823126,79000.0
823190,121000.0
823243,139000.0
823305,104000.0
823338,169000.0
823411,229000.0
823441,99000.0
823596,70000.0
823639,170000.0
823761,107000.0
823773,144000.0
823798,114000.0
823815,193000.0
823830,211000.0
823846,223000.0
823949,162000.0
823958,188000.0
824041,86000.0
824138,122000.0
824141,93000.0
824236,162000.0
824250,92000.0
824261,158000.0
824528,110000.0
824533,110000.0
824564,84000.0
824568,83000.0
824571,161000.0
824575,146000.0
824602,110000.0
824686,96000.0
824788,175000.0
824810,152000.0
824857,110000.0
824886,67000.0
824906,134000.0
825094,96000.0
825107,156000.0
825186,136000.0
825386,143000.0
825462,63000.0
825470,124000.0
825472,124000.0
825473,121000.0
825700,149000.0
825862,153000.0
825950,281000.0
826171,135000.0
826173,135000.0
826309,218000.0
826322,290000.0
826408,414000.0
826453,72000.0
826522,140000.0
826555,181000.0
826607,119000.0
826650,151000.0
826863,102000.0
826864,118000.0
826881,138000.0
826893,254000.0
826896,101000.0
826968,114000.0
826977,114000.0
827191,80000.0
827214,108000.0
827230,159000.0
827234,123000.0
827325,204000.0
827359,124000.0
827399,116000.0
827481,175000.0
827619,100000.0
827688,147000.0
827711,394000.0
827954,276000.0
828025,59000.0
828031,184000.0
828082,112000.0
828144,95000.0
828174,95000.0
828265,102000.0
828273,103000.0
828285,159000.0
828351,293000.0
828477,89000.0
828604,143000.0
828623,106000.0
828718,259000.0
828750,116000.0
828793,245000.0
828812,122000.0
828827,99000.0
828862,213000.0
828965,186000.0
829067,92000.0
829087,137000.0
829171,661000.0
829240,207000.0
829278,72000.0
829282,239000.0
829293,74000.0
829295,135000.0
829318,146000.0
829322,139000.0
829336,149000.0
829344,188000.0
829351,194000.0
829359,198000.0
829367,198000.0
829372,198000.0
829378,198000.0
829383,95000.0
829389,198000.0
829390,122000.0
829395,128000.0
829413,84000.0
829417,188000.0
829419,188000.0
829599,183000.0
829600,250000.0
829612,142000.0
829673,112000.0
829767,247000.0
829883,54000.0
829947,106000.0
830002,134000.0
830122,71000.0
830143,98000.0
830151,85000.0
830160,139000.0
830199,102000.0
830245,197000.0
830262,235000.0
830265,378000.0
830279,295000.0
830280,94000.0
830333,90000.0
830384,83000.0
830410,98000.0
830446,99000.0
830448,84000.0
830535,127000.0
830581,92000.0
830587,150000.0
830702,84000.0
830731,160000.0
830739,87000.0
830764,200000.0
830772,125000.0
830774,125000.0
830971,189000.0
831037,78000.0
831091,244000.0
831105,162000.0
831106,183000.0
831112,101000.0
831247,210000.0
831261,163000.0
831269,146000.0
831321,94000.0
831459,80000.0
831529,58000.0
831628,261000.0
831792,95000.0
831881,185000.0
831882,186000.0
831883,186000.0
831884,186000.0
831910,195000.0
831944,182000.0
831946,233000.0
831947,231000.0
831949,231000.0
831950,231000.0
831960,149000.0
831961,148000.0
831974,210000.0
832022,128000.0
832156,353000.0
832213,198000.0
832254,191000.0
832261,267000.0
832343,64000.0
832367,217000.0
832436,129000.0
832439,182000.0
832460,320000.0
832470,92000.0
832511,86000.0
832513,85000.0
832624,81000.0
832707,118000.0
832726,108000.0
832780,356000.0
832924,146000.0
832953,230000.0
833013,141000.0
833045,194000.0
833051,185000.0
833052,347000.0
833055,185000.0
833056,185000.0
833057,185000.0
833058,185000.0
833091,103000.0
833216,213000.0
833233,120000.0
833350,85000.0
833459,78000.0
833510,105000.0
833525,175000.0
833527,81000.0
833554,632000.0
833634,133000.0
833668,79000.0
833688,242000.0
833789,160000.0
833827,116000.0
833846,160000.0
833858,82000.0
833886,203000.0
833925,76000.0
833968,93000.0
834026,150000.0
834042,363000.0
834049,369000.0
834113,361000.0
834265,92000.0
834280,154000.0
834315,80000.0
834335,108000.0
834341,110000.0
834343,88000.0
834348,78000.0
834350,169000.0
834391,177000.0
834443,131000.0
834451,62000.0
834514,143000.0
834613,260000.0
834616,239000.0
834623,256000.0
834662,78000.0
834702,110000.0
834746,256000.0
834751,251000.0
834764,178000.0
834785,192000.0
834788,153000.0
834836,176000.0
834858,174000.0
834903,235000.0
834917,118000.0
834959,230000.0
835037,77000.0
835090,131000.0
835122,75000.0
835129,171000.0
835137,119000.0
835262,189000.0
835290,140000.0
835307,108000.0
835336,76000.0
835361,74000.0
835388,179000.0
835459,118000.0
835465,169000.0
835522,122000.0
835523,110000.0
835635,115000.0
835651,161000.0
835661,161000.0
835673,110000.0
835692,145000.0
835759,125000.0
835813,370000.0
835814,370000.0
835816,373000.0
835884,404000.0
835965,136000.0
836013,139000.0
836041,98000.0
836103,110000.0
836173,158000.0
836254,294000.0
836316,190000.0
836341,212000.0
836417,92000.0
836550,91000.0
836555,142000.0
836556,124000.0
836559,126000.0
836561,124000.0
836562,87000.0
836563,145000.0
836564,124000.0
836566,88000.0
836735,123000.0
836782,103000.0
836821,151000.0
837005,323000.0
837092,155000.0
837095,155000.0
837197,254000.0
837467,73000.0
837506,156000.0
837521,136000.0
837550,85000.0
837592,95000.0
837618,212000.0
837632,86000.0
837642,141000.0
837658,77000.0
837769,134000.0
837779,134000.0
837784,132000.0
837831,208000.0
837832,100000.0
837836,113000.0
837961,130000.0
838054,87000.0
838186,61000.0
838254,112000.0
838257,125000.0
838287,229000.0
838374,100000.0
838443,220000.0
838471,149000.0
838609,106000.0
838636,106000.0
838681,124000.0
838696,73000.0
838729,151000.0
838745,216000.0
838778,102000.0
838834,59000.0
838840,198000.0
839042,265000.0
839134,203000.0
839179,120000.0
839299,207000.0
839328,127000.0
839358,142000.0
839379,123000.0
839481,87000.0
839688,208000.0
839804,65000.0
839807,65000.0
839857,230000.0
839875,114000.0
839896,70000.0
839906,71000.0
839907,101000.0
839912,82000.0
839923,70000.0
839964,73000.0
840015,151000.0
840075,126000.0
840137,91000.0
840187,90000.0
840267,88000.0
840277,88000.0
840279,88000.0
840282,88000.0
840284,88000.0
840287,88000.0
840313,92000.0
840333,93000.0
840334,128000.0
840337,151000.0
840425,732000.0
840558,316000.0
840569,193000.0
840632,132000.0
840829,89000.0
840859,208000.0
840895,110000.0
840951,75000.0
841008,76000.0
841041,103000.0
841075,127000.0
841077,261000.0
841273,128000.0
841289,217000.0
841313,119000.0
841337,141000.0
841354,277000.0
841376,141000.0
841400,186000.0
841446,114000.0
841484,166000.0
841515,118000.0
841521,105000.0
841536,128000.0
841557,235000.0
841585,89000.0
841696,231000.0
841763,230000.0
841803,95000.0
841851,533000.0
841869,120000.0
841984,146000.0
842034,164000.0
842041,79000.0
842044,102000.0
842056,125000.0
842219,165000.0
842222,95000.0
842243,147000.0
842245,169000.0
842350,169000.0
842357,142000.0
842459,106000.0
842460,379000.0
842623,79000.0
842624,428000.0
842791,130000.0
842797,110000.0
842808,98000.0
842868,148000.0
842953,426000.0
842960,118000.0
843026,48000.0
843041,145000.0
843066,76000.0
843070,58000.0
843072,180000.0
843183,208000.0
843192,98000.0
843194,108000.0
843197,85000.0
843201,98000.0
843205,201000.0
843339,100000.0
843353,139000.0
843397,61000.0
843417,100000.0
843468,127000.0
843471,129000.0
843505,100000.0
843512,102000.0
843536,174000.0
843564,91000.0
843575,83000.0
843622,124000.0
843737,142000.0
843742,89000.0
843767,84000.0
843770,185000.0
843784,90000.0
843794,128000.0
843797,96000.0
843906,71000.0
843914,57000.0
843942,163000.0
843943,78000.0
843979,175000.0
843980,152000.0
843993,88000.0
844008,79000.0
844035,62000.0
844085,141000.0
844097,141000.0
844104,141000.0
844109,154000.0
844110,140000.0
844126,172000.0
844162,105000.0
844165,141000.0
844198,100000.0
844211,112000.0
844233,160000.0
844310,115000.0
844316,72000.0
844329,75000.0
844338,75000.0
844468,194000.0
844503,133000.0
844536,101000.0
844539,102000.0
844564,154000.0
844590,261000.0
844617,134000.0
844640,174000.0
844716,85000.0
844747,85000.0
844748,80000.0
844755,80000.0
844762,80000.0
844789,80000.0
844804,102000.0
844846,250000.0
844847,169000.0
844849,170000.0
844855,250000.0
844856,79000.0
844857,169000.0
844862,177000.0
844886,94000.0
844915,174000.0
844925,123000.0
844991,129000.0
844993,79000.0
845024,99000.0
845033,84000.0
845082,168000.0
845083,233000.0
845096,120000.0
845106,169000.0
845107,103000.0
845121,96000.0
845124,94000.0
845155,142000.0
845166,81000.0
845183,257000.0
845217,125000.0
845244,139000.0
845251,101000.0
845344,89000.0
845370,172000.0
845397,93000.0
845405,182000.0
845471,107000.0
845486,115000.0
845528,103000.0
845534,103000.0
845545,122000.0
845594,119000.0
845685,98000.0
845705,132000.0
845720,160000.0
845802,85000.0
845879,94000.0
845943,145000.0
845962,144000.0
846140,485000.0
846147,536000.0
846152,85000.0
846284,200000.0
846499,105000.0
846556,156000.0
846559,116000.0
846573,83000.0
846575,188000.0
846768,95000.0
846871,185000.0
846968,63000.0
847095,74000.0
847100,62000.0
847161,68000.0
847191,490000.0
847227,86000.0
847230,74000.0
847306,255000.0
847476,143000.0
847537,117000.0
847657,151000.0
847727,124000.0
847766,149000.0
847773,89000.0
847809,220000.0
847861,113000.0
847892,142000.0
847917,244000.0
847950,206000.0
848039,98000.0
848093,85000.0
848095,349000.0
848112,321000.0
848157,120000.0
848164,90000.0
848302,102000.0
848330,211000.0
848365,248000.0
848375,159000.0
848386,115000.0
848437,108000.0
848493,120000.0
848543,137000.0
848549,148000.0
848623,126000.0
848661,178000.0
848707,75000.0
848775,119000.0
848843,250000.0
848978,96000.0
848989,186000.0
849002,104000.0
849024,116000.0
849047,111000.0
849062,165000.0
849064,114000.0
936612,77000.0
936685,144000.0
936696,266000.0
936725,192000.0
936735,58000.0
936772,70000.0
936806,98000.0
936808,132000.0
936854,84000.0
936871,162000.0
936899,145000.0
936915,90000.0
936923,77000.0
936950,233000.0
936973,112000.0
937001,114000.0
937003,158000.0
937056,277000.0
937090,311000.0
937110,174000.0
937130,113000.0
937183,293000.0
937255,123000.0
937276,380000.0
937318,210000.0
937335,134000.0
937337,229000.0
937358,128000.0
937360,128000.0
937362,128000.0
937390,250000.0
937462,164000.0
937472,164000.0
937477,164000.0
937493,214000.0
937518,57000.0
937519,57000.0
937555,60000.0
937658,169000.0
937662,122000.0
937663,93000.0
937665,93000.0
937676,118000.0
937694,124000.0
937735,116000.0
937740,335000.0
937751,187000.0
937776,183000.0
937780,82000.0
937812,82000.0
937813,81000.0
937943,82000.0
938043,154000.0
938056,213000.0
938064,69000.0
938068,71000.0
938080,128000.0
938114,154000.0
938187,75000.0
938204,336000.0
938206,107000.0
938209,88000.0
938212,266000.0
938232,72000.0
938233,64000.0
938349,1212000.0
938350,1172000.0
938351,1288000.0
938354,828000.0
938361,815000.0
938362,834000.0
938363,946000.0
938433,1172000.0
938579,266000.0
938635,112000.0
938636,126000.0
938637,84000.0
938639,127000.0
938651,305000.0
938670,90000.0
938703,120000.0
938705,120000.0
938715,132000.0
938733,93000.0
938812,112000.0
938814,110000.0
938894,330000.0
938913,84000.0
938938,199000.0
938957,172000.0
938990,79000.0
939010,139000.0
939028,177000.0
939075,109000.0
939121,155000.0
939133,72000.0
939146,362000.0
939224,81000.0
939227,123000.0
939256,126000.0
939297,491000.0
939305,114000.0
939310,169000.0
939349,141000.0
939360,112000.0
939392,144000.0
939400,177000.0
939409,170000.0
939411,159000.0
939414,160000.0
939420,170000.0
939421,165000.0
939438,438000.0
939494,256000.0
939496,161000.0
939497,170000.0
939501,97000.0
939587,121000.0
939589,110000.0
939629,318000.0
939636,74000.0
939645,126000.0
939650,334000.0
939666,77000.0
939669,383000.0
939711,86000.0
939877,203000.0
939886,104000.0
939890,103000.0
939892,113000.0
939905,87000.0
939930,219000.0
939935,360000.0
939960,195000.0
939964,183000.0
939970,100000.0
940066,68000.0
940094,131000.0
940095,148000.0
940096,242000.0
940118,92000.0
940138,87000.0
940168,95000.0
940172,95000.0
940240,113000.0
940262,73000.0
940282,190000.0
940283,191000.0
940336,128000.0
940389,197000.0
940487,259000.0
940552,220000.0
940571,154000.0
940579,71000.0
940602,463000.0
940627,173000.0
940735,70000.0
940740,127000.0
940742,219000.0
940767,315000.0
940788,173000.0
940807,107000.0
940855,97000.0
940868,120000.0
940875,118000.0
940876,129000.0
940890,700000.0
940950,85000.0
941026,269000.0
941059,228000.0
941089,168000.0
941112,126000.0
941121,303000.0
941123,62000.0
941146,143000.0
941344,100000.0
941346,542000.0
941369,125000.0
941370,133000.0
941373,110000.0
941384,69000.0
941500,90000.0
941524,97000.0
941554,69000.0
941713,101000.0
941780,91000.0
941782,258000.0
941786,96000.0
941790,150000.0
941791,102000.0
941792,124000.0
941793,261000.0
941797,134000.0
941798,135000.0
941801,76000.0
941810,86000.0
941826,142000.0
941843,73000.0
941862,108000.0
941864,118000.0
941867,108000.0
941875,100000.0
941876,108000.0
941881,93000.0
941883,66000.0
941884,115000.0
941891,115000.0
941919,146000.0
941959,137000.0
942057,228000.0
942070,286000.0
942098,210000.0
942103,210000.0
942105,210000.0
942106,101000.0
942109,101000.0
942111,210000.0
942113,150000.0
942115,210000.0
942116,158000.0
942130,101000.0
942139,96000.0
942145,236000.0
942168,169000.0
942177,138000.0
942181,133000.0
942196,185000.0
942210,90000.0
942217,116000.0
942275,126000.0
942370,170000.0
942375,170000.0
942383,199000.0
942415,202000.0
942422,86000.0
942463,55000.0
942469,79000.0
942480,97000.0
942488,91000.0
942583,133000.0
942628,146000.0
942635,106000.0
942636,106000.0
942651,81000.0
942653,361000.0
942655,99000.0
942657,88000.0
942741,560000.0
942753,317000.0
942779,104000.0
942802,61000.0
942843,68000.0
942844,211000.0
942890,346000.0
942964,76000.0
942968,97000.0
942969,97000.0
942985,144000.0
942989,189000.0
942990,165000.0
943022,75000.0
943032,107000.0
943039,625000.0
943044,98000.0
943112,146000.0
943140,111000.0
943141,150000.0
943143,112000.0
943145,85000.0
943149,126000.0
943167,107000.0
943193,140000.0
943238,105000.0
943352,78000.0
943368,91000.0
943373,165000.0
943397,495000.0
943398,196000.0
943402,168000.0
943412,114000.0
943473,176000.0
943478,87000.0
943482,176000.0
943484,164000.0
943489,91000.0
943497,619000.0
943503,190000.0
943504,185000.0
943505,172000.0
943592,63000.0
943684,79000.0
943693,111000.0
943696,351000.0
943698,104000.0
943699,103000.0
943750,305000.0
943756,362000.0
943782,85000.0
943783,74000.0
943810,195000.0
943821,353000.0
943822,187000.0
943872,92000.0
943889,216000.0
943928,70000.0
943939,163000.0
943944,71000.0
943953,128000.0
943954,148000.0
943955,135000.0
943960,122000.0
943964,106000.0
943968,153000.0
943969,153000.0
943985,108000.0
944000,153000.0
944002,99000.0
944018,367000.0
944025,203000.0
944030,124000.0
944101,84000.0
944105,106000.0
944256,386000.0
944265,112000.0
944289,127000.0
944295,135000.0
944305,76000.0
944306,76000.0
944312,76000.0
944341,150000.0
944342,150000.0
944347,112000.0
944360,181000.0
944384,111000.0
944425,208000.0
944434,103000.0
944435,88000.0
944436,88000.0
944442,255000.0
944552,112000.0
944568,171000.0
944662,121000.0
944671,161000.0
944683,113000.0
944887,188000.0
944902,201000.0
944906,139000.0
944913,100000.0
944921,105000.0
944935,113000.0
944942,103000.0
944943,103000.0
944955,270000.0
944967,305000.0
945015,92000.0
945046,147000.0
945082,71000.0
945116,92000.0
945151,159000.0
945180,77000.0
945181,77000.0
945182,143000.0
945273,88000.0
945283,105000.0
945305,78000.0
945332,93000.0
945388,60000.0
945444,147000.0
945448,492000.0
945453,149000.0
945454,206000.0
945470,166000.0
945495,196000.0
945498,194000.0
945505,211000.0
945513,176000.0
945554,138000.0
945590,88000.0
945627,254000.0
945628,269000.0
945629,252000.0
945630,252000.0
945749,122000.0
945790,199000.0
945801,381000.0
945838,130000.0
945839,174000.0
945840,178000.0
945843,91000.0
945880,98000.0
945900,126000.0
945901,126000.0
945902,126000.0
945903,121000.0
945940,89000.0
945942,91000.0
945945,111000.0
945946,111000.0
945952,236000.0
945965,1286000.0
945967,945000.0
945997,96000.0
945998,245000.0
946016,105000.0
946307,140000.0
946318,285000.0
946327,199000.0
946351,104000.0
946358,114000.0
946373,136000.0
946376,182000.0
946385,153000.0
946386,154000.0
946397,82000.0
946398,93000.0
946401,85000.0
946403,247000.0
946433,60000.0
946446,66000.0
946447,69000.0
946448,137000.0
946462,71000.0
946463,70000.0
946492,100000.0
946496,85000.0
946540,246000.0
946541,178000.0
946591,106000.0
946601,106000.0
946638,306000.0
946640,71000.0
946653,85000.0
946678,467000.0
946687,125000.0
946688,125000.0
946689,114000.0
946716,95000.0
946732,133000.0
946738,113000.0
946746,114000.0
946779,109000.0
946784,101000.0
946788,148000.0
946820,148000.0
946836,108000.0
946870,63000.0
946873,63000.0
946896,117000.0
946944,104000.0
946972,154000.0
946973,134000.0
947007,78000.0
947031,103000.0
947057,171000.0
947141,135000.0
947176,162000.0
947187,194000.0
947206,507000.0
947216,402000.0
947274,556000.0
947300,356000.0
947332,1001000.0
947383,87000.0
947395,231000.0
947405,479000.0
947436,72000.0
947473,74000.0
947495,84000.0
947530,132000.0
947537,258000.0
947552,157000.0
947564,204000.0
947584,191000.0
947625,92000.0
947677,568000.0
947689,172000.0
947698,135000.0
947699,170000.0
947700,166000.0
947701,105000.0
947702,101000.0
947725,76000.0
947743,142000.0
947833,178000.0
947872,165000.0
947881,140000.0
947930,112000.0
947977,296000.0
948034,93000.0
948036,93000.0
948039,93000.0
948066,163000.0
948107,300000.0
948115,112000.0
948121,93000.0
948137,187000.0
948148,217000.0
948306,178000.0
948339,375000.0
948361,226000.0
948386,140000.0
948387,140000.0
948388,108000.0
948423,223000.0
948470,119000.0
948479,133000.0
948484,114000.0
948486,151000.0
948598,120000.0
948607,96000.0
948629,134000.0
948630,131000.0
948631,134000.0
948632,134000.0
948633,134000.0
948641,134000.0
948643,134000.0
948651,140000.0
948652,144000.0
948675,71000.0
948740,106000.0
948743,130000.0
948744,119000.0
948745,132000.0
948774,156000.0
948789,325000.0
948807,121000.0
948808,121000.0
948809,98000.0
948813,111000.0
948816,210000.0
948819,210000.0
948830,94000.0
948870,137000.0
948912,78000.0
948941,67000.0
949105,121000.0
949143,220000.0
949144,109000.0
949147,109000.0
949248,171000.0
949250,136000.0
949278,85000.0
949283,186000.0
949293,77000.0
949340,91000.0
949379,70000.0
949426,141000.0
949427,298000.0
949428,188000.0
949431,98000.0
949443,102000.0
949474,189000.0
949492,463000.0
949501,81000.0
949517,109000.0
949518,161000.0
949519,109000.0
949529,92000.0
949544,143000.0
949545,140000.0
949584,124000.0
949592,188000.0
949593,216000.0
949627,122000.0
949651,185000.0
949661,133000.0
949762,135000.0
949815,138000.0
949827,161000.0
949858,140000.0
949933,70000.0
949934,100000.0
949943,175000.0
949960,398000.0
950036,105000.0
950037,105000.0
950038,167000.0
950039,137000.0
950044,79000.0
950060,100000.0
950088,360000.0
950194,104000.0
950227,118000.0
950234,240000.0
950303,215000.0
950339,95000.0
950374,158000.0
950378,50000.0
950382,156000.0
950385,101000.0
950489,217000.0
950576,85000.0
950581,147000.0
950583,157000.0
950584,157000.0
950585,157000.0
950607,112000.0
950630,378000.0
950634,131000.0
950664,73000.0
950671,335000.0
950686,157000.0
950746,75000.0
950751,64000.0
950916,124000.0
951001,94000.0
951065,169000.0
951129,82000.0
951162,219000.0
951195,115000.0
951200,138000.0
951201,175000.0
951405,66000.0
951412,174000.0
951454,129000.0
951460,145000.0
951463,145000.0
951471,163000.0
951553,110000.0
951564,90000.0
951646,148000.0
951663,200000.0
951687,494000.0
951692,70000.0
951704,205000.0
951780,159000.0
951782,153000.0
951915,59000.0
951963,169000.0
951975,121000.0
951988,95000.0
952013,136000.0
952025,696000.0
952036,225000.0
952096,225000.0
952268,139000.0
952271,125000.0
952273,108000.0
952448,250000.0
952466,96000.0
952537,56000.0
952541,156000.0
952545,804000.0
952546,806000.0
952566,77000.0
952651,210000.0
952689,362000.0
952699,310000.0
952773,110000.0
952778,261000.0
952818,397000.0
952900,87000.0
952916,79000.0
953005,150000.0
953024,321000.0
953047,106000.0
953057,127000.0
953161,318000.0
953163,254000.0
953176,65000.0
953177,65000.0
953181,65000.0
953182,65000.0
953227,107000.0
953228,81000.0
953237,367000.0
953293,139000.0
953325,64000.0
953326,60000.0
953330,77000.0
953375,127000.0
953481,114000.0
953486,411000.0
953512,154000.0
953552,238000.0
953564,106000.0
953626,163000.0
953702,251000.0
953744,59000.0
953778,67000.0
953795,145000.0
953797,197000.0
953857,106000.0
953894,336000.0
953920,198000.0
953922,171000.0
953931,81000.0
953965,137000.0
954066,95000.0
954138,218000.0
954190,172000.0
954216,172000.0
954292,173000.0
954302,200000.0
954319,87000.0
954351,453000.0
954413,82000.0
954419,481000.0
954452,524000.0
954503,160000.0
954505,109000.0
954535,74000.0
954548,101000.0
954563,87000.0
954578,135000.0
954584,152000.0
954608,162000.0
954615,82000.0
954627,99000.0
954649,164000.0
954700,377000.0
954717,113000.0
954721,64000.0
954735,151000.0
954747,105000.0
954762,267000.0
954787,180000.0
954809,91000.0
954828,119000.0
954831,73000.0
954867,116000.0
954868,121000.0
954880,126000.0
954892,524000.0
954911,72000.0
954926,232000.0
954928,390000.0
954955,82000.0
954963,265000.0
954972,1309000.0
954992,159000.0
955082,172000.0
955110,147000.0
955132,105000.0
955142,284000.0
955152,162000.0
955153,352000.0
955160,202000.0
955162,63000.0
955164,340000.0
955189,127000.0
955190,125000.0
955207,213000.0
955287,132000.0
955308,223000.0
955309,216000.0
955361,93000.0
955376,103000.0
955429,69000.0
955444,91000.0
955445,195000.0
955456,195000.0
955502,568000.0
955525,244000.0
955528,106000.0
955541,145000.0
955557,221000.0
955562,170000.0
955575,219000.0
955601,187000.0
955609,109000.0
955639,127000.0
955664,177000.0
955682,135000.0
955700,127000.0
955727,201000.0
955782,97000.0
955786,81000.0
955801,223000.0
955815,184000.0
955864,143000.0
955926,287000.0
955932,178000.0
955939,361000.0
955961,138000.0
955974,83000.0
955994,85000.0
956001,88000.0
956005,134000.0
956031,572000.0
956035,90000.0
956036,90000.0
956038,226000.0
956042,90000.0
956044,90000.0
956046,90000.0
956050,90000.0
956051,90000.0
956130,221000.0
956137,73000.0
956144,206000.0
956156,110000.0
956187,122000.0
956223,138000.0
956246,56000.0
956263,192000.0
956304,114000.0
956308,396000.0
956488,92000.0
956523,121000.0
956535,209000.0
956556,108000.0
956558,230000.0
956600,207000.0
956627,365000.0
956631,86000.0
956661,232000.0
956687,68000.0
956694,118000.0
956767,218000.0
956774,62000.0
956907,168000.0
956962,126000.0
956966,68000.0
957053,133000.0
957065,79000.0
957149,227000.0
957192,176000.0
957242,166000.0
957408,84000.0
957420,98000.0
957421,190000.0
957444,106000.0
957446,103000.0
957539,425000.0
957550,80000.0
957566,85000.0
957573,174000.0
957608,107000.0
957648,114000.0
957674,80000.0
957675,80000.0
957676,80000.0
957679,204000.0
957684,80000.0
957685,58000.0
957687,151000.0
957699,147000.0
957708,217000.0
957709,217000.0
957720,92000.0
957724,91000.0
957725,70000.0
957749,80000.0
957758,90000.0
957793,92000.0
957840,108000.0
957852,207000.0
957875,168000.0
957955,113000.0
957967,99000.0
957971,157000.0
957987,87000.0
958016,130000.0
958019,116000.0
958038,140000.0
958045,73000.0
958063,297000.0
958116,108000.0
958119,124000.0
958190,113000.0
958198,158000.0
958259,138000.0
958270,189000.0
958285,67000.0
958288,171000.0
958345,135000.0
958383,95000.0
958422,104000.0
958425,220000.0
958428,128000.0
958430,142000.0
958447,82000.0
958454,81000.0
958455,75000.0
958456,67000.0
958493,90000.0
958512,165000.0
958516,81000.0
958517,148000.0
958519,99000.0
958526,112000.0
958527,165000.0
958533,206000.0
958535,70000.0
958538,102000.0
958565,80000.0
958569,146000.0
958570,82000.0
958572,141000.0
958601,78000.0
958657,148000.0
958666,245000.0
958667,102000.0
958671,122000.0
958675,155000.0
958676,225000.0
958679,156000.0
958693,54000.0
958694,54000.0
958697,54000.0
958698,54000.0
958705,123000.0
958707,211000.0
958770,118000.0
958783,150000.0
958791,202000.0
958792,198000.0
958793,173000.0
958797,116000.0
958799,172000.0
958831,274000.0
958839,275000.0
958896,103000.0
958898,141000.0
958985,128000.0
959021,244000.0
959030,80000.0
959031,141000.0
959060,354000.0
959112,82000.0
959114,144000.0
959117,72000.0
959118,134000.0
959121,98000.0
959122,74000.0
959123,93000.0
959124,148000.0
959125,79000.0
959126,82000.0
959128,79000.0
959129,82000.0
959130,98000.0
959131,134000.0
959133,97000.0
959134,194000.0
959142,91000.0
959153,513000.0
959154,513000.0
959166,105000.0
959224,120000.0
959227,121000.0
959265,74000.0
959323,135000.0
959324,98000.0
959357,207000.0
959362,597000.0
959394,294000.0
959419,163000.0
959433,109000.0
959451,139000.0
959466,198000.0
959468,97000.0
959469,102000.0
959476,169000.0
959683,207000.0
959723,95000.0
959725,94000.0
959726,94000.0
959728,94000.0
959741,170000.0
959742,166000.0
959743,172000.0
959744,166000.0
959757,152000.0
959759,114000.0
959940,116000.0
959967,269000.0
960018,176000.0
960029,278000.0
960058,82000.0
960091,188000.0
960118,113000.0
960163,75000.0
960165,115000.0
960169,93000.0
960226,248000.0
960235,114000.0
960241,69000.0
960274,160000.0
960275,117000.0
960284,90000.0
960286,88000.0
960287,68000.0
960289,88000.0
960290,81000.0
960310,310000.0
960340,108000.0
960362,90000.0
960393,149000.0
960410,80000.0
960431,152000.0
960451,81000.0
960478,310000.0
960529,109000.0
960530,110000.0
960581,86000.0
960597,90000.0
960598,524000.0
960634,123000.0
960687,135000.0
960863,152000.0
960913,100000.0
960931,87000.0
960946,74000.0
960947,96000.0
960983,219000.0
961006,73000.0
961035,332000.0
961042,241000.0
961048,125000.0
961123,151000.0
961141,182000.0
961143,344000.0
961183,124000.0
961216,140000.0
961226,83000.0
961246,137000.0
961256,75000.0
961289,182000.0
961337,92000.0
961387,265000.0
961389,196000.0
961395,83000.0
961408,248000.0
961419,92000.0
961420,92000.0
961421,92000.0
961452,188000.0
961461,188000.0
961478,166000.0
961488,95000.0
961489,117000.0
961522,87000.0
961530,196000.0
961548,116000.0
961574,173000.0
961601,128000.0
961605,112000.0
961608,571000.0
961609,141000.0
961699,194000.0
961715,160000.0
961768,147000.0
961788,170000.0
961789,156000.0
961790,150000.0
961791,102000.0
961792,107000.0
961817,111000.0
961822,277000.0
961854,192000.0
961872,165000.0
961877,196000.0
961882,147000.0
962051,57000.0
962065,411000.0
962066,167000.0
962080,521000.0
962082,181000.0
962083,284000.0
962090,231000.0
962109,168000.0
962116,120000.0
962141,268000.0
962144,268000.0
962159,205000.0
962160,172000.0
962165,57000.0
962176,119000.0
962178,156000.0
962179,131000.0
962180,117000.0
962181,126000.0
962182,89000.0
962184,93000.0
962186,135000.0
962217,106000.0
962219,138000.0
962225,139000.0
962235,345000.0
962236,345000.0
962263,147000.0
962287,380000.0
962316,153000.0
962319,452000.0
962336,124000.0
962412,115000.0
962416,85000.0
962419,121000.0
962438,211000.0
962448,112000.0
962501,150000.0
962520,126000.0
962546,127000.0
962551,113000.0
962559,61000.0
962567,132000.0
962572,111000.0
962579,113000.0
962585,154000.0
962586,141000.0
962591,122000.0
962592,122000.0
962630,82000.0
962635,116000.0
962677,74000.0
962728,94000.0
962755,153000.0
962778,121000.0
962796,179000.0
962835,312000.0
962839,312000.0
962845,122000.0
962907,275000.0
962922,448000.0
963001,137000.0
963003,79000.0
963019,97000.0
963020,142000.0
963022,97000.0
963023,142000.0
963041,78000.0
963049,246000.0
963118,228000.0
963122,234000.0
963130,176000.0
963165,68000.0
963199,181000.0
963205,70000.0
963229,176000.0
963313,425000.0
963314,185000.0
963319,96000.0
963325,85000.0
963327,97000.0
963340,145000.0
963362,107000.0
963366,118000.0
963375,341000.0
963378,156000.0
963381,124000.0
963447,167000.0
963472,194000.0
963488,173000.0
963490,118000.0
963539,337000.0
963651,88000.0
963676,133000.0
963682,76000.0
963837,69000.0
963857,228000.0
963905,234000.0
963929,147000.0
963960,153000.0
963971,771000.0
963973,144000.0
963986,108000.0
964018,116000.0
964048,245000.0
964049,245000.0
964055,168000.0
964098,75000.0
964135,89000.0
964156,111000.0
964157,81000.0
964171,273000.0
964207,102000.0
964208,105000.0
964209,102000.0
964271,216000.0
964304,104000.0
964312,125000.0
964314,362000.0
964333,157000.0
964369,144000.0
964488,253000.0
964527,106000.0
964570,122000.0
964580,583000.0
964591,141000.0
964592,142000.0
964593,145000.0
964595,230000.0
964622,224000.0
964625,140000.0
964642,950000.0
964705,260000.0
964813,108000.0
964839,332000.0
964849,60000.0
964911,98000.0
964984,107000.0
964997,117000.0
965033,135000.0
965053,81000.0
965089,144000.0
965099,119000.0
965116,132000.0
965131,73000.0
965145,159000.0
965153,143000.0
965176,470000.0
965182,587000.0
965184,136000.0
965201,165000.0
965216,83000.0
965242,82000.0
965260,88000.0
965262,105000.0
965305,185000.0
965315,76000.0
965320,167000.0
965321,247000.0
965322,91000.0
965324,229000.0
965325,130000.0
965326,123000.0
965341,232000.0
965342,415000.0
965346,83000.0
965349,134000.0
965438,92000.0
965466,103000.0
965474,224000.0
965499,133000.0
965515,684000.0
965560,400000.0
965648,160000.0
965688,294000.0
965717,97000.0
965754,421000.0
965792,181000.0
965794,381000.0
965821,473000.0
965856,133000.0
965860,132000.0
965954,197000.0
965967,68000.0
965968,432000.0
965975,156000.0
965981,92000.0
965989,284000.0
965993,145000.0
966015,267000.0
966059,204000.0
966070,103000.0
966074,144000.0
966123,91000.0
966139,115000.0
966205,109000.0
966220,150000.0
966221,181000.0
966238,89000.0
966269,92000.0
966276,131000.0
966385,155000.0
966397,83000.0
966400,114000.0
966406,84000.0
966407,135000.0
966413,125000.0
966548,119000.0
966549,120000.0
966562,177000.0
966579,100000.0
966639,85000.0
966650,63000.0
966654,97000.0
966664,84000.0
966674,84000.0
966692,101000.0
966729,167000.0
966732,365000.0
966736,77000.0
966737,92000.0
966740,84000.0
966773,62000.0
966776,332000.0
966777,91000.0
966785,129000.0
966863,287000.0
966867,170000.0
966884,49000.0
967014,136000.0
967027,110000.0
967032,43000.0
967048,86000.0
967051,155000.0
967073,50000.0
967078,92000.0
967082,72000.0
967103,209000.0
967105,236000.0
967112,117000.0
967117,78000.0
967166,130000.0
967193,96000.0
967213,112000.0
967243,294000.0
967255,162000.0
967256,156000.0
967274,77000.0
967362,312000.0
967411,329000.0
967424,110000.0
967430,174000.0
967440,182000.0
967447,68000.0
967477,124000.0
967478,144000.0
967479,124000.0
967480,145000.0
967481,124000.0
967482,124000.0
967517,212000.0
967546,107000.0
967589,275000.0
967639,143000.0
967656,673000.0
967666,113000.0
967726,103000.0
967727,69000.0
967768,189000.0
967803,211000.0
967816,125000.0
967891,99000.0
967966,157000.0
967985,68000.0
967996,133000.0
968019,219000.0
968035,490000.0
968063,133000.0
968149,367000.0
968159,161000.0
968186,176000.0
968187,177000.0
968188,82000.0
968215,204000.0
968217,98000.0
968228,94000.0
968232,72000.0
968238,134000.0
968240,134000.0
968277,183000.0
968292,128000.0
968333,109000.0
968353,130000.0
968365,76000.0
968442,103000.0
968487,89000.0
968527,289000.0
968535,209000.0
968598,59000.0
968605,345000.0
968628,164000.0
968631,83000.0
968633,84000.0
968723,195000.0
968786,96000.0
968788,59000.0
968812,97000.0
968839,144000.0
968898,184000.0
968899,202000.0
968907,222000.0
968908,140000.0
968942,117000.0
968974,90000.0
968981,170000.0
968986,78000.0
968991,101000.0
969006,115000.0
969040,79000.0
969050,179000.0
969082,293000.0
969083,335000.0
969126,96000.0
969168,138000.0
969211,115000.0
969215,150000.0
969216,119000.0
969312,64000.0
969313,169000.0
969332,96000.0
969338,99000.0
969382,143000.0
969384,146000.0
969386,133000.0
969420,128000.0
969432,215000.0
969434,209000.0
969465,166000.0
969484,156000.0
969486,386000.0
969510,362000.0
969529,116000.0
969551,124000.0
969572,89000.0
969592,94000.0
969597,278000.0
969753,101000.0
969763,112000.0
969791,302000.0
969793,56000.0
969821,73000.0
969838,115000.0
969862,129000.0
969873,269000.0
969882,186000.0
969889,530000.0
969891,93000.0
969926,107000.0
969928,77000.0
969929,77000.0
969933,120000.0
969954,152000.0
970078,107000.0
970079,187000.0
970210,73000.0
970216,76000.0
970312,222000.0
970329,85000.0
970398,222000.0
970400,90000.0
970401,90000.0
970404,90000.0
970405,90000.0
970412,90000.0
970427,136000.0
970442,383000.0
970459,145000.0
970491,244000.0
970585,87000.0
970587,213000.0
970654,324000.0
970657,322000.0
970705,106000.0
970711,113000.0
970714,300000.0
970728,171000.0
970764,186000.0
970771,242000.0
970786,101000.0
970817,125000.0
970868,73000.0
970888,115000.0
970947,89000.0
970961,87000.0
970980,100000.0
970988,261000.0
971011,130000.0
971020,250000.0
971029,78000.0
971033,114000.0
971083,130000.0
971088,67000.0
971102,253000.0
971111,108000.0
971160,212000.0
971222,63000.0
971235,246000.0
971238,132000.0
971248,96000.0
971264,78000.0
971332,210000.0
971401,118000.0
971433,130000.0
971445,166000.0
971483,319000.0
971505,115000.0
971510,87000.0
971557,94000.0
971558,367000.0
971561,161000.0
971563,88000.0
971591,318000.0
971615,409000.0
971627,111000.0
971633,92000.0
971661,272000.0
971666,82000.0
971673,262000.0
971685,159000.0
971688,87000.0
971731,850000.0
971733,299000.0
971748,164000.0
971779,186000.0
971780,70000.0
971794,313000.0
971800,396000.0
971828,68000.0
971852,341000.0
971853,109000.0
971869,148000.0
971893,68000.0
971896,820000.0
971941,107000.0
971953,104000.0
971973,98000.0
971981,746000.0
972061,180000.0
972062,180000.0
972118,75000.0
972189,138000.0
972259,216000.0
972279,113000.0
972291,109000.0
972303,129000.0
972341,75000.0
972396,98000.0
972409,105000.0
972423,115000.0
972428,132000.0
972438,141000.0
972457,93000.0
972463,107000.0
972466,117000.0
972471,186000.0
972475,112000.0
972507,115000.0
972521,679000.0
972525,301000.0
972565,80000.0
972580,119000.0
972715,199000.0
972769,134000.0
972838,98000.0
972842,167000.0
972867,90000.0
972923,148000.0
973030,102000.0
973244,69000.0
973273,158000.0
973296,49000.0
973300,119000.0
973304,126000.0
973322,98000.0
973360,91000.0
973361,203000.0
973392,195000.0
973393,145000.0
973399,84000.0
973409,64000.0
973625,83000.0
973626,84000.0
973674,95000.0
973790,152000.0
973799,492000.0
973800,163000.0
973808,340000.0
973816,148000.0
973848,112000.0
973849,112000.0
973850,103000.0
973852,76000.0
973913,115000.0
973914,115000.0
973919,99000.0
973923,302000.0
973931,112000.0
973933,146000.0
973936,95000.0
973937,95000.0
973938,95000.0
973939,124000.0
973974,92000.0
973997,249000.0
973998,253000.0
974004,77000.0
974009,84000.0
974010,89000.0
974011,105000.0
974029,92000.0
974044,225000.0
974062,245000.0
974122,102000.0
974123,142000.0
974125,97000.0
974128,240000.0
974129,240000.0
974130,240000.0
974132,112000.0
974138,81000.0
974182,112000.0
974209,129000.0
974288,103000.0
974291,307000.0
974321,92000.0
974325,237000.0
974329,95000.0
974335,115000.0
974337,122000.0
974363,171000.0
974365,96000.0
974370,138000.0
974406,150000.0
974407,150000.0
974432,91000.0
974460,144000.0
974472,102000.0
974498,273000.0
974527,172000.0
974566,73000.0
974570,107000.0
974571,81000.0
974605,121000.0
974625,154000.0
974627,100000.0
974737,88000.0
974748,135000.0
974756,187000.0
974802,347000.0
974803,190000.0
974848,90000.0
974863,102000.0
974957,114000.0
974995,121000.0
975004,171000.0
975034,83000.0
975045,101000.0
975064,227000.0
975094,93000.0
975113,342000.0
975121,63000.0
975142,360000.0
975189,345000.0
975204,199000.0
975684,438000.0
975738,458000.0
975893,67000.0
975960,127000.0
975965,109000.0
975971,210000.0
975973,129000.0
976102,114000.0
976136,82000.0
976176,61000.0
976194,95000.0
976223,92000.0
976790,65000.0
976796,92000.0
976831,100000.0
976844,167000.0
976846,111000.0
976869,114000.0
976876,81000.0
976942,102000.0
976948,188000.0
977106,105000.0
977126,107000.0
977160,246000.0
977222,90000.0
977224,90000.0
977232,283000.0
977312,215000.0
977316,82000.0
977321,140000.0
977324,202000.0
977326,195000.0
977344,113000.0
977374,72000.0
977376,272000.0
977377,94000.0
977379,102000.0
977412,115000.0
977458,120000.0
977460,114000.0
977464,99000.0
977488,184000.0
977506,1086000.0
977613,143000.0
977650,77000.0
977652,156000.0
977653,67000.0
977658,518000.0
977661,91000.0
977687,121000.0
977726,97000.0
977754,204000.0
977778,68000.0
977783,65000.0
977790,70000.0
977815,139000.0
977816,148000.0
977850,261000.0
977854,80000.0
977860,284000.0
977892,140000.0
977893,145000.0
977908,199000.0
977923,187000.0
977960,102000.0
977971,84000.0
978147,82000.0
978197,57000.0
978202,145000.0
978203,40000.0
978279,157000.0
978321,127000.0
978322,94000.0
978325,94000.0
978329,107000.0
978331,94000.0
978334,118000.0
978348,147000.0
978375,88000.0
978425,114000.0
978427,127000.0
978429,109000.0
978432,130000.0
978444,292000.0
978449,125000.0
978673,501000.0
978695,124000.0
978730,128000.0
978731,113000.0
978753,79000.0
978765,89000.0
978789,75000.0
978795,173000.0
978858,374000.0
978906,95000.0
978909,388000.0
978910,223000.0
978912,388000.0
978935,158000.0
978958,275000.0
978959,275000.0
978999,557000.0
979014,94000.0
979050,126000.0
979051,126000.0
979084,153000.0
979101,82000.0
979108,105000.0
979121,95000.0
979131,101000.0
979175,121000.0
979191,266000.0
979243,55000.0
979248,127000.0
979249,136000.0
979256,78000.0
979279,70000.0
979282,70000.0
979283,86000.0
979319,146000.0
979358,464000.0
979369,149000.0
979393,118000.0
979403,91000.0
979443,174000.0
979445,90000.0
979447,90000.0
979449,90000.0
979453,90000.0
979457,138000.0
979458,295000.0
979468,116000.0
979551,105000.0
979584,62000.0
979587,191000.0
979595,66000.0
979642,153000.0
979659,90000.0
979665,63000.0
979679,147000.0
979743,103000.0
979750,108000.0
979751,69000.0
979812,101000.0
979832,226000.0
979837,61000.0
979853,202000.0
979854,187000.0
979931,198000.0
980083,201000.0
980197,108000.0
980233,105000.0
980239,86000.0
980240,127000.0
980273,145000.0
980329,244000.0
980330,328000.0
980349,101000.0
980411,493000.0
980460,75000.0
980526,268000.0
980552,136000.0
980564,149000.0
980566,91000.0
980601,142000.0
980692,84000.0
980751,139000.0
980849,98000.0
980863,123000.0
980864,209000.0
980867,101000.0
980942,939000.0
980981,205000.0
981136,130000.0
981167,108000.0
981169,186000.0
981268,100000.0
981269,100000.0
981270,100000.0
981332,84000.0
981380,84000.0
981464,163000.0
981671,105000.0
981683,896000.0
981684,571000.0
981685,400000.0
981689,398000.0
981696,199000.0
981697,194000.0
981698,126000.0
981699,126000.0
981714,98000.0
981742,90000.0
981894,151000.0
981947,172000.0
982012,87000.0
982055,103000.0
982274,251000.0
982285,131000.0
983029,331000.0
983030,346000.0
983126,139000.0
983170,94000.0
983293,150000.0
983294,156000.0
983298,81000.0
983374,94000.0
983378,156000.0
983651,154000.0
983752,126000.0
984096,81000.0
984122,77000.0
984320,72000.0
984322,173000.0
984733,79000.0
984734,81000.0
984768,294000.0
984892,74000.0
985039,109000.0
985041,330000.0
985042,330000.0
985043,330000.0
985119,206000.0
985151,122000.0
985154,122000.0
985156,180000.0
985159,403000.0
985161,185000.0
985165,899000.0
985166,572000.0
985167,397000.0
985313,178000.0
985320,203000.0
985337,190000.0
985364,101000.0
985407,98000.0
985520,179000.0
985545,73000.0
985670,93000.0
985683,131000.0
985684,123000.0
985767,121000.0
985811,99000.0
985813,90000.0
985814,99000.0
985815,87000.0
985818,91000.0
985840,199000.0
985841,116000.0
985981,244000.0
986056,137000.0
986103,116000.0
986115,95000.0
986139,104000.0
986207,70000.0
986208,70000.0
986212,124000.0
986213,148000.0
986214,148000.0
986274,227000.0
986275,226000.0
986390,90000.0
986417,82000.0
986512,147000.0
986616,92000.0
986618,93000.0
987237,118000.0
987240,143000.0
987247,93000.0
987346,191000.0
987563,183000.0
987614,249000.0
987631,323000.0
987671,156000.0
987844,229000.0
987916,82000.0
987959,150000.0
988030,72000.0
988085,287000.0
988120,78000.0
988128,98000.0
988131,69000.0
988330,293000.0
988404,173000.0
988522,136000.0
988664,96000.0
988763,84000.0
988798,111000.0
988844,127000.0
988874,220000.0
988876,78000.0
988929,123000.0
988942,113000.0
988993,219000.0
989061,77000.0
989298,119000.0
989301,72000.0
989302,217000.0
989305,72000.0
989372,105000.0
989373,105000.0
989378,194000.0
989379,194000.0
989380,75000.0
989419,92000.0
989524,117000.0
989588,133000.0
989589,182000.0
989592,174000.0
989593,166000.0
989666,112000.0
989733,159000.0
989814,102000.0
989873,170000.0
989876,98000.0
989903,60000.0
989933,131000.0
989942,325000.0
989988,87000.0
989990,87000.0
989996,128000.0
990011,131000.0
990133,146000.0
990149,183000.0
990150,104000.0
990151,104000.0
990152,104000.0
990166,165000.0
990272,243000.0
990286,100000.0
990330,92000.0
991069,181000.0
991073,97000.0
991157,105000.0
991199,110000.0
991266,419000.0
991272,547000.0
991278,86000.0
991349,134000.0
991352,166000.0
991425,176000.0
991464,552000.0
991467,104000.0
991468,112000.0
991469,122000.0
991475,91000.0
991477,220000.0
991480,150000.0
991487,297000.0
991490,89000.0
991616,615000.0
991701,138000.0
991703,104000.0
991720,102000.0
991738,172000.0
991812,129000.0
991825,135000.0
991826,180000.0
991832,411000.0
991836,316000.0
991895,94000.0
991908,80000.0
991913,94000.0
991940,92000.0
992565,176000.0
992574,186000.0
992717,166000.0
992721,149000.0
992722,149000.0
992724,94000.0
992726,85000.0
992727,115000.0
992728,87000.0
992745,138000.0
992746,121000.0
992775,156000.0
992783,102000.0
992832,523000.0
992874,113000.0
992899,96000.0
992904,73000.0
992948,101000.0
992977,52000.0
992988,82000.0
993216,87000.0
993459,118000.0
993468,212000.0
993509,132000.0
993527,52000.0
994032,112000.0
994088,360000.0
994215,81000.0
994299,63000.0
994506,127000.0
994507,66000.0
994530,106000.0
994764,128000.0
994812,116000.0
994814,116000.0
994834,116000.0
994906,165000.0
994936,148000.0
994956,101000.0
994960,130000.0
994983,108000.0
994991,130000.0
994995,97000.0
995000,311000.0
995001,130000.0
995007,118000.0
995008,87000.0
995021,76000.0
995031,100000.0
995035,100000.0
995036,100000.0
995042,110000.0
995044,76000.0
995055,137000.0
995057,135000.0
995076,86000.0
995118,168000.0
995133,62000.0
995142,94000.0
995260,111000.0
995313,173000.0
995352,85000.0
995366,69000.0
995437,130000.0
995479,250000.0
995619,157000.0
995646,157000.0
995669,108000.0
995780,82000.0
995874,232000.0
995916,143000.0
995946,116000.0
995947,57000.0
995948,295000.0
996053,130000.0
996103,243000.0
996178,106000.0
996180,154000.0
996184,113000.0
996364,81000.0
996473,540000.0
996581,214000.0
996796,111000.0
996804,178000.0
997041,180000.0
997166,328000.0
997167,295000.0
997168,323000.0
997186,131000.0
997196,97000.0
997244,138000.0
997245,179000.0
997392,142000.0
997403,263000.0
997443,122000.0
997541,511000.0
997542,471000.0
997691,494000.0
997755,96000.0
997773,96000.0
997774,96000.0
997795,130000.0
997808,382000.0
997935,98000.0
998092,169000.0
998095,372000.0
998098,139000.0
998275,176000.0
998276,78000.0
998376,217000.0
998498,1051000.0
998564,76000.0
998567,366000.0
998574,134000.0
998575,160000.0
998577,68000.0
998615,135000.0
998616,86000.0
998620,86000.0
998621,86000.0
998622,97000.0
998624,88000.0
998645,92000.0
998646,82000.0
998649,156000.0
998650,68000.0
998651,67000.0
998862,173000.0
998925,205000.0
999025,262000.0
999050,109000.0
999543,94000.0
999625,96000.0
999712,187000.0
999754,241000.0
999960,118000.0
1000541,98000.0
1000644,454000.0
1000692,235000.0
1000727,108000.0
1001116,164000.0
1001294,219000.0
1001409,214000.0
1001421,144000.0
1001616,120000.0
1001945,111000.0
1001991,188000.0
1002183,117000.0
1002319,273000.0
1002326,211000.0
1002411,104000.0
1002412,68000.0
1002571,414000.0
1002606,408000.0
1002607,408000.0
1002626,162000.0
1002643,130000.0
1002658,67000.0
1002678,568000.0
1002694,149000.0
1002727,79000.0
1002742,143000.0
1002822,122000.0
1002827,124000.0
1002861,112000.0
1002863,112000.0
1002864,112000.0
1002865,112000.0
1003030,406000.0
1003043,146000.0
1003047,169000.0
1003089,121000.0
1003171,436000.0
1003257,130000.0
1003435,475000.0
1003611,123000.0
1003612,131000.0
1003619,89000.0
1003639,194000.0
1003692,81000.0
1003816,132000.0
1003817,534000.0
1003836,135000.0
1003840,212000.0
1003859,211000.0
1003902,87000.0
1003907,199000.0
1003940,75000.0
1003956,309000.0
1003974,122000.0
1003976,122000.0
1003980,122000.0
1003985,286000.0
1003988,182000.0
1004037,322000.0
1004051,107000.0
1004069,91000.0
1004074,104000.0
1004075,85000.0
1004084,177000.0
1004189,201000.0
1004217,81000.0
1004262,177000.0
1004284,52000.0
1004331,648000.0
1004336,118000.0
1004413,690000.0
1004421,166000.0
1004490,629000.0
1004566,75000.0
1004579,80000.0
1004675,148000.0
1004832,77000.0
1004935,106000.0
1005039,80000.0
1005060,84000.0
1005124,136000.0
1005127,90000.0
1005128,88000.0
1005129,90000.0
1005130,127000.0
1005132,127000.0
1005134,190000.0
1005138,203000.0
1005236,194000.0
1005238,194000.0
1005262,151000.0
1005413,66000.0
1005464,124000.0
1005466,276000.0
1005467,170000.0
1005547,66000.0
1005674,140000.0
1005675,140000.0
1005710,611000.0
1005732,278000.0
1005936,97000.0
1005980,74000.0
1005986,378000.0
1005987,105000.0
1006073,691000.0
1006141,274000.0
1006421,230000.0
1006494,89000.0
1006532,81000.0
1006557,154000.0
1006674,103000.0
1006675,72000.0
1006761,217000.0
1006797,107000.0
1006798,105000.0
1006876,216000.0
1006880,213000.0
1006988,102000.0
1007061,281000.0
1007082,374000.0
1007101,97000.0
1007108,151000.0
1007109,77000.0
1007172,293000.0
1007233,123000.0
1007235,121000.0
1007239,131000.0
1007271,176000.0
1007352,352000.0
1007401,74000.0
1007430,159000.0
1007571,79000.0
1007600,182000.0
1007789,72000.0
1007797,100000.0
1007830,101000.0
1007849,116000.0
1007856,90000.0
1007857,89000.0
1007917,134000.0
1007967,369000.0
1007994,70000.0
1008148,73000.0
1008157,242000.0
1008169,129000.0
1008170,196000.0
1008173,111000.0
1008307,281000.0
1008308,153000.0
1008352,89000.0
1008357,83000.0
1008358,120000.0
1008361,83000.0
1008386,147000.0
1008418,154000.0
1008428,101000.0
1008433,101000.0
1008501,203000.0
1008510,103000.0
1008550,79000.0
1008563,88000.0
1008564,88000.0
1008595,66000.0
1008641,88000.0
1008677,118000.0
1008707,263000.0
1008732,161000.0
1008734,158000.0
1008741,98000.0
1008744,78000.0
1008749,168000.0
1008759,92000.0
1008760,92000.0
1008803,180000.0
1008804,180000.0
1008805,180000.0
1008829,150000.0
1008833,85000.0
1008838,85000.0
1008855,157000.0
1008862,80000.0
1008878,132000.0
1008892,209000.0
1008914,481000.0
1008927,213000.0
1008932,187000.0
1009016,93000.0
1009077,114000.0
1009084,69000.0
1009088,90000.0
1009218,86000.0
1009229,68000.0
1009308,211000.0
1009310,107000.0
1009337,185000.0
1009366,93000.0
1009424,191000.0
1009487,118000.0
1009509,96000.0
1009510,114000.0
1009517,327000.0
1009520,127000.0
1009528,112000.0
1009530,102000.0
1009531,107000.0
1009532,97000.0
1009533,112000.0
1009534,111000.0
1009535,102000.0
1009590,77000.0
1009596,76000.0
1009672,88000.0
1009736,107000.0
1009859,148000.0
1009864,173000.0
1009866,131000.0
1009891,84000.0
1009942,199000.0
1009948,119000.0
1009965,145000.0
1009970,145000.0
1010054,80000.0
1010066,124000.0
1010068,97000.0
1010069,97000.0
1010104,527000.0
1010110,105000.0
1010185,471000.0
1010186,97000.0
1010276,135000.0
1010411,176000.0
1010542,198000.0
1010544,92000.0
1010584,280000.0
1010592,168000.0
1010667,165000.0
1010678,198000.0
1010679,215000.0
1010680,215000.0
1010686,199000.0
1010704,371000.0
1010740,87000.0
1010833,140000.0
1010913,83000.0
1010950,124000.0
1010951,60000.0
1010980,84000.0
1010999,133000.0
1011028,88000.0
1011032,113000.0
1011122,67000.0
1011132,77000.0
1011134,77000.0
1011135,75000.0
1011148,110000.0
1011150,110000.0
1011203,346000.0
1011204,346000.0
1011275,131000.0
1011335,147000.0
1011414,98000.0
1011429,100000.0
1011430,100000.0
1011489,84000.0
1011573,84000.0
1011574,84000.0
1011701,158000.0
1011778,111000.0
1011854,329000.0
1011914,114000.0
1012038,151000.0
1012128,124000.0
1012273,110000.0
1012311,107000.0
1012320,93000.0
1012331,380000.0
1012332,221000.0
1012339,100000.0
1012507,130000.0
1012542,123000.0
1012574,163000.0
1012587,99000.0
1012712,527000.0
1012714,71000.0
1012716,119000.0
1012752,755000.0
1012830,120000.0
1012898,495000.0
1012945,97000.0
1013031,118000.0
1013155,180000.0
1013161,98000.0
1013177,138000.0
1013187,143000.0
1013234,180000.0
1013244,529000.0
1013288,264000.0
1013290,112000.0
1013352,197000.0
1013443,125000.0
1013494,157000.0
1013507,85000.0
1013544,260000.0
1013547,109000.0
1013630,106000.0
1013704,331000.0
1013740,163000.0
1013742,113000.0
1013743,133000.0
1013786,252000.0
1013962,150000.0
1014083,128000.0
1014108,91000.0
1014164,130000.0
1014237,97000.0
1014240,150000.0
1014368,170000.0
1014476,101000.0
1014483,182000.0
1014498,121000.0
1014551,107000.0
1014571,97000.0
1014624,151000.0
1014635,77000.0
1014637,106000.0
1014638,105000.0
1014641,282000.0
1014665,171000.0
1014669,166000.0
1014738,77000.0
1014928,541000.0
1014999,164000.0
1015031,97000.0
1015103,154000.0
1015125,271000.0
1015134,291000.0
1015243,176000.0
1015347,103000.0
1015350,161000.0
1015360,144000.0
1015361,144000.0
1015366,144000.0
1015403,112000.0
1015482,107000.0
1015484,186000.0
1015485,86000.0
1015486,86000.0
1015502,88000.0
1015524,232000.0
1015534,331000.0
1015540,153000.0
1015557,93000.0
1015579,116000.0
1015597,108000.0
1015681,98000.0
1015697,146000.0
1015714,145000.0
1015804,71000.0
1015824,72000.0
1015843,156000.0
1015872,95000.0
1015908,114000.0
1015909,232000.0
1015911,131000.0
1015919,160000.0
1015920,145000.0
1016040,78000.0
1016042,134000.0
1016098,79000.0
1016117,230000.0
1016413,255000.0
1016734,156000.0
1016888,96000.0
1016927,167000.0
1017116,203000.0
1017118,130000.0
1017166,103000.0
1017176,125000.0
1017264,102000.0
1017383,107000.0
1017418,96000.0
1017424,73000.0
1017427,72000.0
1017428,157000.0
1017503,97000.0
1017563,53000.0
1017579,86000.0
1017600,99000.0
1017626,81000.0
1017637,137000.0
1017693,111000.0
1017750,330000.0
1017763,371000.0
1017782,119000.0
1017792,570000.0
1017846,85000.0
1017992,257000.0
1017998,68000.0
1018079,121000.0
1018135,190000.0
1018136,213000.0
1018166,915000.0
1018229,753000.0
1018248,114000.0
1018257,189000.0
1018417,349000.0
1018421,133000.0
1018428,99000.0
1018486,259000.0
1018523,125000.0
1018598,69000.0
1018621,73000.0
1018671,73000.0
1018822,214000.0
1018943,194000.0
1019039,100000.0
1019057,67000.0
1019062,627000.0
1019149,87000.0
1019151,66000.0
1019206,103000.0
1019298,130000.0
1019309,130000.0
1019343,359000.0
1019366,146000.0
1019367,144000.0
1019432,311000.0
1019561,206000.0
1019575,140000.0
1019659,237000.0
1019668,64000.0
1019672,75000.0
1019681,116000.0
1019683,143000.0
1019686,112000.0
1019696,106000.0
1019720,176000.0
1019763,75000.0
1019835,565000.0
1019872,91000.0
1019903,148000.0
1019908,120000.0
1019958,731000.0
1020047,270000.0
1020124,420000.0
1020278,121000.0
1020508,126000.0
1020554,112000.0
1020672,111000.0
1020673,194000.0
1020745,142000.0
1020844,89000.0
1021039,138000.0
1021263,77000.0
1021316,173000.0
1021412,145000.0
1021444,82000.0
1021447,121000.0
1021453,78000.0
1021485,149000.0
1021500,71000.0
1021509,79000.0
1021520,91000.0
1021560,150000.0
1021605,77000.0
1021606,152000.0
1021607,106000.0
1021749,189000.0
1021765,225000.0
1021768,106000.0
1021770,282000.0
1021833,145000.0
1021834,142000.0
1021855,116000.0
1021973,94000.0
1022085,101000.0
1022163,146000.0
1022166,284000.0
1022273,116000.0
1022312,97000.0
1022388,104000.0
1022399,99000.0
1022582,113000.0
1022587,228000.0
1022588,229000.0
1022596,125000.0
1022614,161000.0
1022695,166000.0
1022704,62000.0
1022715,117000.0
1022716,117000.0
1022717,125000.0
1022718,117000.0
1022719,125000.0
1022721,127000.0
1022750,113000.0
1022753,114000.0
1022755,112000.0
1022756,114000.0
1022760,98000.0
1022781,107000.0
1022782,112000.0
1022787,107000.0
1022790,116000.0
1022794,124000.0
1022795,116000.0
1022796,130000.0
1022798,114000.0
1022800,113000.0
1022801,126000.0
1022802,118000.0
1022844,102000.0
1022848,294000.0
1022960,85000.0
1023168,204000.0
1023169,204000.0
1023172,113000.0
1023173,115000.0
1023209,59000.0
1023230,130000.0
1023304,91000.0
1023340,228000.0
1023351,252000.0
1023393,99000.0
1023450,167000.0
1023458,99000.0
1023465,108000.0
1023468,179000.0
1023501,128000.0
1023505,154000.0
1023508,150000.0
1023511,150000.0
1023512,151000.0
1023513,151000.0
1023514,151000.0
1023518,184000.0
1023520,150000.0
1023521,151000.0
1023552,133000.0
1023559,358000.0
1023590,207000.0
1023664,121000.0
1023676,198000.0
1023677,195000.0
1023744,130000.0
1023764,95000.0
1023774,635000.0
1024012,198000.0
1024071,66000.0
1024126,79000.0
1024133,88000.0
1024324,237000.0
1024371,142000.0
1024444,93000.0
1024449,64000.0
1024456,616000.0
1024463,147000.0
1024474,244000.0
1024477,113000.0
1024508,124000.0
1024529,92000.0
1024536,116000.0
1024590,161000.0
1024625,200000.0
1024628,260000.0
1024636,77000.0
1062270,144000.0
1062278,326000.0
1062287,114000.0
1062389,400000.0
1062404,81000.0
1062442,84000.0
1062482,410000.0
1062512,132000.0
1062516,134000.0
1062537,170000.0
1062557,213000.0
1062572,52000.0
1062643,85000.0
1062645,89000.0
1062676,83000.0
1062691,193000.0
1062714,81000.0
1062737,206000.0
1062839,156000.0
1062840,170000.0
1062844,122000.0
1062946,105000.0
1062972,99000.0
1062991,84000.0
1063009,95000.0
1063010,149000.0
1063011,146000.0
1063045,148000.0
1063050,305000.0
1063051,143000.0
1063070,64000.0
1063106,196000.0
1063130,89000.0
1063217,187000.0
1063317,263000.0
1063480,77000.0
1063535,94000.0
1063601,81000.0
1063668,125000.0
1063704,91000.0
1063829,137000.0
1063862,103000.0
1063906,138000.0
1063923,96000.0
1064029,84000.0
1064042,176000.0
1064047,92000.0
1064050,77000.0
1064059,143000.0
1064061,118000.0
1064082,165000.0
1064093,110000.0
1064155,68000.0
1064165,87000.0
1064170,183000.0
1064189,139000.0
1064253,67000.0
1064260,65000.0
1064263,133000.0
1064289,70000.0
1064327,126000.0
1064340,94000.0
1064342,109000.0
1064347,311000.0
1064358,107000.0
1064389,522000.0
1064391,335000.0
1064393,162000.0
1064415,221000.0
1064420,140000.0
1064421,56000.0
1064424,120000.0
1064425,85000.0
1064433,108000.0
1064438,243000.0
1064469,123000.0
1064535,141000.0
1064536,90000.0
1064538,90000.0
1064539,409000.0
1064552,509000.0
1064556,74000.0
1064605,91000.0
1064632,188000.0
1064660,268000.0
1064707,132000.0
1064708,71000.0
1064709,202000.0
1064715,96000.0
1064718,113000.0
1064724,121000.0
1064774,74000.0
1064782,94000.0
1064786,101000.0
1064791,78000.0
1064836,641000.0
1064856,87000.0
1064863,77000.0
1064870,148000.0
1064872,94000.0
1064873,99000.0
1064904,97000.0
1064906,111000.0
1064997,183000.0
1064998,191000.0
1065033,137000.0
1065055,110000.0
1065146,133000.0
1065162,117000.0
1065164,165000.0
1065198,322000.0
1065199,322000.0
1065201,161000.0
1065202,110000.0
1065203,112000.0
1065246,132000.0
1065262,284000.0
1065274,156000.0
1065275,188000.0
1065297,121000.0
1065304,215000.0
1065320,148000.0
1065322,140000.0
1065328,120000.0
1065359,174000.0
1065372,193000.0
1065374,119000.0
1065377,104000.0
1065396,79000.0
1065406,213000.0
1065413,88000.0
1065448,70000.0
1065477,97000.0
1065483,159000.0
1065488,91000.0
1065529,127000.0
1065572,185000.0
1065607,84000.0
1065613,90000.0
1065615,90000.0
1065617,219000.0
1065619,80000.0
1065621,90000.0
1065641,126000.0
1065658,105000.0
1065662,84000.0
1065702,136000.0
1065761,100000.0
1065771,85000.0
1065835,117000.0
1065838,143000.0
1065848,93000.0
1065852,98000.0
1065855,122000.0
1065857,109000.0
1065859,118000.0
1065883,105000.0
1065901,251000.0
1065927,221000.0
1065939,164000.0
1065940,128000.0
1065970,260000.0
1065973,147000.0
1066009,111000.0
1066029,92000.0
1066035,72000.0
1066052,137000.0
1066060,112000.0
1066082,103000.0
1066109,77000.0
1066119,95000.0
1066134,79000.0
1066159,78000.0
1066160,84000.0
1066161,91000.0
1066162,84000.0
1066163,94000.0
1066170,94000.0
1066171,94000.0
1066172,94000.0
1066174,102000.0
1066191,74000.0
1066194,619000.0
1066245,102000.0
1066361,86000.0
1066365,271000.0
1066375,71000.0
1066378,83000.0
1066379,134000.0
1066409,137000.0
1066413,348000.0
1066448,99000.0
1066476,181000.0
1066524,87000.0
1066548,92000.0
1066602,162000.0
1066603,148000.0
1066605,134000.0
1066643,109000.0
1066644,175000.0
1066664,76000.0
1066730,143000.0
1066734,120000.0
1066736,97000.0
1066759,120000.0
1066761,123000.0
1066772,110000.0
1066792,180000.0
1066795,77000.0
1066832,63000.0
1066845,56000.0
1066847,145000.0
1066938,313000.0
1066944,215000.0
1066988,105000.0
1066996,144000.0
1067005,88000.0
1067009,180000.0
1067011,164000.0
1067037,183000.0
1067063,91000.0
1067064,88000.0
1067088,73000.0
1067115,119000.0
1067119,124000.0
1067291,145000.0
1067363,114000.0
1067374,133000.0
1067395,119000.0
1067402,113000.0
1067412,171000.0
1067425,116000.0
1067428,156000.0
1067430,209000.0
1067435,128000.0
1067478,539000.0
1067512,145000.0
1067533,318000.0
1067536,91000.0
1067549,110000.0
1067555,222000.0
1067557,120000.0
1067570,133000.0
1067575,281000.0
1067577,104000.0
1067578,103000.0
1067584,169000.0
1067596,99000.0
1067598,171000.0
1067614,164000.0
1067631,381000.0
1067649,80000.0
1067652,70000.0
1067687,246000.0
1067688,85000.0
1067704,99000.0
1067705,118000.0
1067731,106000.0
1067746,106000.0
1067756,154000.0
1067777,88000.0
1067793,180000.0
1067808,102000.0
1067821,115000.0
1067834,157000.0
1067846,97000.0
1067850,174000.0
1067853,542000.0
1067863,233000.0
1067913,114000.0
1067914,121000.0
1067962,85000.0
1067999,75000.0
1068022,75000.0
1068055,161000.0
1068076,127000.0
1068078,131000.0
1068136,127000.0
1068137,118000.0
1068155,213000.0
1068157,112000.0
1068158,160000.0
1068173,95000.0
1068240,108000.0
1068266,167000.0
1068324,94000.0
1068360,311000.0
1068386,123000.0
1068396,127000.0
1068406,88000.0
1068409,106000.0
1068414,100000.0
1068466,75000.0
1068489,129000.0
1068501,115000.0
1068520,336000.0
1068533,256000.0
1068611,102000.0
1068645,109000.0
1068683,341000.0
1068685,223000.0
1068698,97000.0
1068703,164000.0
1068737,103000.0
1068751,114000.0
1068752,83000.0
1068797,123000.0
1068824,134000.0
1068840,106000.0
1068894,113000.0
1068949,93000.0
1068954,437000.0
1068960,89000.0
1069002,87000.0
1069029,98000.0
1069034,166000.0
1069058,98000.0
1069115,146000.0
1069117,63000.0
1069137,63000.0
1069138,79000.0
1069204,142000.0
1069246,106000.0
1069293,325000.0
1069308,76000.0
1069388,127000.0
1069416,105000.0
1069429,86000.0
1069430,131000.0
1069489,310000.0
1069539,158000.0
1069541,110000.0
1069543,89000.0
1069544,128000.0
1069545,119000.0
1069602,161000.0
1069619,72000.0
1069633,108000.0
1069662,86000.0
1069672,132000.0
1069673,98000.0
1069712,132000.0
1069750,101000.0
1069782,84000.0
1069813,87000.0
1069835,107000.0
1069857,150000.0
1069881,132000.0
1069973,144000.0
1069981,77000.0
1069982,96000.0
1070002,139000.0
1070067,118000.0
1070070,99000.0
1070084,125000.0
1070089,160000.0
1070103,175000.0
1070165,90000.0
1070183,95000.0
1070185,131000.0
1070208,226000.0
1070245,87000.0
1070308,139000.0
1070362,108000.0
1070374,140000.0
1070378,168000.0
1070388,110000.0
1070394,158000.0
1070438,210000.0
1070454,126000.0
1070455,111000.0
1070456,107000.0
1070463,108000.0
1070467,126000.0
1070469,110000.0
1070498,122000.0
1070501,129000.0
1070516,98000.0
1070554,198000.0
1070570,200000.0
1070573,256000.0
1070643,204000.0
1070656,153000.0
1070675,80000.0
1070677,110000.0
1070707,84000.0
1070760,99000.0
1070770,246000.0
1070862,71000.0
1070866,215000.0
1070907,215000.0
1070916,73000.0
1071031,335000.0
1071038,199000.0
1071042,71000.0
1071045,393000.0
1071046,200000.0
1071118,135000.0
1071145,70000.0
1071161,94000.0
1071166,105000.0
1071202,102000.0
1071335,81000.0
1071349,120000.0
1071350,111000.0
1071356,128000.0
1071357,68000.0
1071360,96000.0
1071370,111000.0
1071376,382000.0
1071378,87000.0
1071390,312000.0
1071413,136000.0
1071414,69000.0
1071415,192000.0
1071419,64000.0
1071427,133000.0
1071430,171000.0
1071434,116000.0
1071481,219000.0
1071503,82000.0
1071504,82000.0
1071532,111000.0
1071537,113000.0
1071551,75000.0
1071574,118000.0
1071613,178000.0
1071621,90000.0
1071651,83000.0
1071653,88000.0
1071669,86000.0
1071704,205000.0
1071722,350000.0
1071727,206000.0
1071737,63000.0
1071740,173000.0
1071782,175000.0
1071889,174000.0
1071899,301000.0
1071920,82000.0
1071948,141000.0
1071950,115000.0
1071983,160000.0
1071997,223000.0
1072066,141000.0
1072080,144000.0
1072081,128000.0
1072086,144000.0
1072176,93000.0
1072178,87000.0
1072201,193000.0
1072204,228000.0
1072219,233000.0
1072229,304000.0
1072242,112000.0
1072245,74000.0
1072249,83000.0
1072259,174000.0
1072306,120000.0
1072320,116000.0
1072326,153000.0
1072334,177000.0
1072345,127000.0
1072353,201000.0
1072382,66000.0
1072387,115000.0
1072403,165000.0
1072484,102000.0
1072487,134000.0
1072490,206000.0
1072493,139000.0
1072503,78000.0
1072536,143000.0
1072548,296000.0
1072599,355000.0
1072627,125000.0
1072632,105000.0
1072681,92000.0
1072729,149000.0
1072752,154000.0
1072775,294000.0
1072776,134000.0
1072779,293000.0
1072780,142000.0
1072784,155000.0
1072800,63000.0
1072809,737000.0
1072819,62000.0
1072842,93000.0
1072873,193000.0
1072880,129000.0
1072894,145000.0
1072901,123000.0
1072913,183000.0
1072929,137000.0
1072973,120000.0
1073092,207000.0
1073108,128000.0
1073195,100000.0
1073200,91000.0
1073209,55000.0
1073215,299000.0
1073216,299000.0
1073217,299000.0
1073218,299000.0
1073219,125000.0
1073220,299000.0
1073221,125000.0
1073222,299000.0
1073223,299000.0
1073224,299000.0
1073225,125000.0
1073226,90000.0
1073228,90000.0
1073229,90000.0
1073234,67000.0
1073238,133000.0
1073240,103000.0
1073251,304000.0
1073388,101000.0
1073391,109000.0
1073420,102000.0
1073428,150000.0
1073465,131000.0
1073471,193000.0
1073484,298000.0
1073529,87000.0
1073563,92000.0
1073604,113000.0
1073621,119000.0
1073622,130000.0
1073626,315000.0
1073663,110000.0
1073675,576000.0
1073681,103000.0
1073695,110000.0
1073753,180000.0
1073779,87000.0
1073844,114000.0
1073846,131000.0
1074053,160000.0
1074196,194000.0
1074279,158000.0
1074340,130000.0
1074532,148000.0
1074540,312000.0
1074548,112000.0
1074550,110000.0
1074554,241000.0
1074575,80000.0
1074579,120000.0
1074603,111000.0
1074607,103000.0
1074608,125000.0
1074643,94000.0
1074677,559000.0
1074682,92000.0
1074697,116000.0
1074710,152000.0
1074741,649000.0
1074816,190000.0
1074821,80000.0
1074882,237000.0
1074943,107000.0
1074946,130000.0
1074968,53000.0
1074991,81000.0
1075071,382000.0
1075075,162000.0
1075078,156000.0
1075192,102000.0
1075221,146000.0
1075262,103000.0
1075320,55000.0
1075321,55000.0
1075527,332000.0
1075555,127000.0
1075566,116000.0
1075576,98000.0
1075621,343000.0
1075623,192000.0
1075669,91000.0
1075694,381000.0
1075794,102000.0
1075855,123000.0
1075875,104000.0
1075876,104000.0
1075878,107000.0
1075902,109000.0
1075981,76000.0
1076017,173000.0
1076028,117000.0
1076116,123000.0
1076133,76000.0
1076153,95000.0
1076223,74000.0
1076232,172000.0
1076237,97000.0
1076242,103000.0
1076246,113000.0
1076250,82000.0
1076256,87000.0
1076265,109000.0
1076270,98000.0
1076275,149000.0
1076282,188000.0
1076297,448000.0
1076314,309000.0
1076342,93000.0
1076353,106000.0
1076399,88000.0
1076400,96000.0
1076410,78000.0
1076411,71000.0
1076419,149000.0
1076451,214000.0
1076453,207000.0
1076479,105000.0
1076502,74000.0
1076505,142000.0
1076512,130000.0
1076516,125000.0
1076615,119000.0
1076618,205000.0
1076619,446000.0
1076637,91000.0
1076655,151000.0
1076670,151000.0
1076672,105000.0
1076751,144000.0
1076780,96000.0
1076822,92000.0
1076837,413000.0
1076848,188000.0
1076851,197000.0
1076867,122000.0
1076870,198000.0
1076873,154000.0
1076877,254000.0
1076899,241000.0
1076928,125000.0
1076931,242000.0
1077002,75000.0
1077007,623000.0
1077008,627000.0
1077013,75000.0
1077024,90000.0
1077043,83000.0
1077056,118000.0
1077067,97000.0
1077162,316000.0
1077187,743000.0
1077265,238000.0
1077596,392000.0
1077624,162000.0
1077752,102000.0
1077787,113000.0
1077884,119000.0
1078098,143000.0
1078219,121000.0
1078257,110000.0
1078341,208000.0
1078355,149000.0
1078360,135000.0
1078409,136000.0
1078431,86000.0
1078454,122000.0
1078476,81000.0
1078477,104000.0
1078497,261000.0
1078545,226000.0
1078556,207000.0
1078564,199000.0
1078585,215000.0
1078640,119000.0
1078648,88000.0
1078660,342000.0
1078685,226000.0
1078699,108000.0
1078723,207000.0
1078725,96000.0
1078736,314000.0
1078773,80000.0
1078806,87000.0
1078814,156000.0
1078885,247000.0
1078899,77000.0
1078908,166000.0
1078969,190000.0
1079020,156000.0
1079036,225000.0
1079059,365000.0
1079068,84000.0
1079153,271000.0
1079183,80000.0
1079230,51000.0
1079254,73000.0
1079277,162000.0
1079282,157000.0
1079294,116000.0
1079320,212000.0
1079334,109000.0
1079343,104000.0
1079356,133000.0
1079382,71000.0
1079459,159000.0
1079463,117000.0
1079464,182000.0
1079479,148000.0
1079483,125000.0
1079497,269000.0
1079498,269000.0
1079503,118000.0
1079504,114000.0
1079528,133000.0
1079568,224000.0
1079600,145000.0
1079607,95000.0
1079608,146000.0
1079612,146000.0
1079618,84000.0
1079705,146000.0
1079766,70000.0
1079842,86000.0
1079850,96000.0
1079853,126000.0
1079868,100000.0
1079892,93000.0
1079895,104000.0
1079928,289000.0
1079992,124000.0
1079994,121000.0
1079995,119000.0
1080005,139000.0
1080008,158000.0
1080010,105000.0
1080011,157000.0
1080015,116000.0
1080025,163000.0
1080028,70000.0
1080030,73000.0
1080032,97000.0
1080034,115000.0
1080037,591000.0
1080063,65000.0
1080064,80000.0
1080065,77000.0
1080066,78000.0
1080069,182000.0
1080072,173000.0
1080077,109000.0
1080111,113000.0
1080133,69000.0
1080147,83000.0
1080162,64000.0
1080187,275000.0
1080200,118000.0
1080279,225000.0
1080290,103000.0
1080292,103000.0
1080299,62000.0
1080327,91000.0
1080328,93000.0
1080332,89000.0
1080334,90000.0
1080342,168000.0
1080343,170000.0
1080364,222000.0
1080379,97000.0
1080382,62000.0
1080383,68000.0
1080399,79000.0
1080401,573000.0
1080426,128000.0
1080440,81000.0
1080450,97000.0
1080465,115000.0
1080482,251000.0
1080485,150000.0
1080507,434000.0
1080562,71000.0
1080606,242000.0
1080621,129000.0
1080633,143000.0
1080663,139000.0
1080670,80000.0
1080752,118000.0
1080755,123000.0
1080757,335000.0
1080776,94000.0
1080802,88000.0
1080807,185000.0
1080836,196000.0
1080849,141000.0
1080858,121000.0
1080859,84000.0
1080914,156000.0
1080921,65000.0
1080937,101000.0
1080977,85000.0
1080980,80000.0
1080983,88000.0
1081011,110000.0
1081038,131000.0
1081055,221000.0
1081112,120000.0
1081125,95000.0
1081153,112000.0
1081170,293000.0
1081201,428000.0
1081232,163000.0
1081267,271000.0
1081351,96000.0
1081356,128000.0
1081395,126000.0
1081435,140000.0
1081436,96000.0
1081442,117000.0
1081472,130000.0
1081487,90000.0
1081508,797000.0
1081512,134000.0
1081528,88000.0
1081552,114000.0
1081575,82000.0
1081706,119000.0
1081782,138000.0
1081785,132000.0
1081787,324000.0
1081832,95000.0
1081833,99000.0
1081838,73000.0
1081841,427000.0
1081843,73000.0
1081844,73000.0
1081848,105000.0
1081869,147000.0
1081902,105000.0
1081903,105000.0
1081908,119000.0
1081924,81000.0
1081936,263000.0
1081949,210000.0
1081970,159000.0
1082039,133000.0
1082045,87000.0
1082046,128000.0
1082048,206000.0
1082118,116000.0
1082145,69000.0
1082147,74000.0
1082163,72000.0
1082251,208000.0
1082254,363000.0
1082255,319000.0
1082327,78000.0
1082342,121000.0
1082343,156000.0
1082360,105000.0
1082376,132000.0
1082382,98000.0
1082390,155000.0
1082417,117000.0
1082420,118000.0
1082432,433000.0
1082441,167000.0
1082442,152000.0
1082461,194000.0
1082482,158000.0
1082483,51000.0
1082488,377000.0
1082504,145000.0
1082508,105000.0
1082533,84000.0
1082548,150000.0
1082549,84000.0
1082586,92000.0
1082640,184000.0
1082677,187000.0
1082833,103000.0
1082840,116000.0
1082846,173000.0
1082857,297000.0
1082863,170000.0
1082867,142000.0
1082927,93000.0
1082928,104000.0
1082958,486000.0
1083026,250000.0
1083029,280000.0
1083052,364000.0
1083095,99000.0
1083118,120000.0
1083122,218000.0
1083137,251000.0
1083208,200000.0
1083251,131000.0
1083264,150000.0
1083284,195000.0
1083291,94000.0
1083296,94000.0
1083300,94000.0
1083303,94000.0
1083345,109000.0
1083382,101000.0
1083388,62000.0
1083392,150000.0
1083402,102000.0
1083405,91000.0
1083495,113000.0
1083545,124000.0
1086147,192000.0
1086216,220000.0
1086243,187000.0
1086254,66000.0
1086282,132000.0
1086309,180000.0
1086312,139000.0
1086333,74000.0
1086344,65000.0
1086616,146000.0
1086670,164000.0
1086770,134000.0
1086802,96000.0
1086813,116000.0
1086818,121000.0
1086819,164000.0
1086820,124000.0
1086826,202000.0
1086827,88000.0
1086842,87000.0
1086844,124000.0
1086846,87000.0
1086847,88000.0
1086848,202000.0
1086864,303000.0
1086917,222000.0
1086918,66000.0
1086963,207000.0
1086991,102000.0
1086999,88000.0
1087035,121000.0
1087054,146000.0
1087111,197000.0
1087112,85000.0
1087115,258000.0
1087116,127000.0
1087132,167000.0
1087135,113000.0
1087193,140000.0
1087235,170000.0
1087237,143000.0
1087238,177000.0
1087241,99000.0
1087288,410000.0
1087329,72000.0
1087340,502000.0
1087346,212000.0
1087349,254000.0
1087375,382000.0
1087389,206000.0
1087406,91000.0
1087423,335000.0
1087432,420000.0
1093650,96000.0
1093654,120000.0
1093657,142000.0
1093659,103000.0
1093661,103000.0
1093675,118000.0
1093684,128000.0
1093703,89000.0
1093710,105000.0
1093711,70000.0
1093718,78000.0
1093725,106000.0
1093808,322000.0
1093813,102000.0
1093816,249000.0
1093817,74000.0
1093845,288000.0
1093848,73000.0
1093904,136000.0
1093906,119000.0
1093909,410000.0
1093920,110000.0
1093958,94000.0
1093960,266000.0
1094005,314000.0
1094008,128000.0
1094012,113000.0
1094018,82000.0
1094108,137000.0
1094111,126000.0
1094126,74000.0
1094128,281000.0
1094133,98000.0
1094136,87000.0
1094142,300000.0
1094151,44000.0
1094174,120000.0
1094196,155000.0
1094198,70000.0
1094232,71000.0
1094299,211000.0
1094334,260000.0
1094348,131000.0
1094353,113000.0
1094362,131000.0
1094412,752000.0
1094416,92000.0
1094419,252000.0
1094463,91000.0
1094464,197000.0
1094519,146000.0
1094530,96000.0
1094531,96000.0
1094538,107000.0
1094590,111000.0
1094633,179000.0
1094660,102000.0
1094668,90000.0
1094694,92000.0
1094714,123000.0
1094717,184000.0
1094747,120000.0
1094771,652000.0
1094773,225000.0
1094779,131000.0
1094810,109000.0
1094817,125000.0
1094818,117000.0
1094822,68000.0
1094855,137000.0
1094858,151000.0
1094864,596000.0
1094895,134000.0
1094910,106000.0
1094939,97000.0
1094960,71000.0
1095019,952000.0
1095021,947000.0
1095025,177000.0
1095029,138000.0
1095031,159000.0
1095067,78000.0
1095105,386000.0
1095126,182000.0
1095135,162000.0
1095139,55000.0
1095146,131000.0
1095292,152000.0
1095313,60000.0
1095326,96000.0
1095334,59000.0
1095343,72000.0
1095383,88000.0
1095399,70000.0
1095416,213000.0
1095448,133000.0
1095478,88000.0
1095480,128000.0
1095496,165000.0
1095500,99000.0
1095529,92000.0
1095536,165000.0
1095552,344000.0
1095588,77000.0
1095624,189000.0
1095650,87000.0
1095691,649000.0
1095735,158000.0
1095799,214000.0
1095804,123000.0
1095810,139000.0
1095827,162000.0
1095841,199000.0
1095853,81000.0
1095860,167000.0
1095866,102000.0
1095906,112000.0
1095907,300000.0
1095926,183000.0
1095949,213000.0
1096078,106000.0
1096079,98000.0
1096090,92000.0
1096148,166000.0
1096213,219000.0
1096235,114000.0
1096271,117000.0
1096279,69000.0
1096316,151000.0
1096318,527000.0
1096335,232000.0
1096339,132000.0
1096405,186000.0
1096417,123000.0
1096464,77000.0
1096480,74000.0
1096484,135000.0
1096513,272000.0
1096539,155000.0
1096546,75000.0
1096550,234000.0
1096556,73000.0
1096573,257000.0
1096583,241000.0
1096585,173000.0
1096590,299000.0
1096593,166000.0
1096600,89000.0
1096627,142000.0
1096631,86000.0
1096691,103000.0
1096700,122000.0
1096716,249000.0
1096723,271000.0
1096749,94000.0
1096777,189000.0
1096784,136000.0
1096858,399000.0
1096873,171000.0
1096921,101000.0
1096936,200000.0
1096968,99000.0
1096972,130000.0
1097023,95000.0
1097024,378000.0
1097040,231000.0
1097041,261000.0
1097045,197000.0
1097078,419000.0
1097079,419000.0
1097082,61000.0
1097084,83000.0
1097102,158000.0
1097259,133000.0
1097283,135000.0
1097365,128000.0
1097366,136000.0
1097476,999000.0
1097499,109000.0
1097500,126000.0
1097511,211000.0
1097514,469000.0
1097544,86000.0
1097562,86000.0
1097569,119000.0
1097597,138000.0
1097609,132000.0
1097635,156000.0
1097650,81000.0
1097655,139000.0
1097659,102000.0
1097664,87000.0
1097673,182000.0
1097675,84000.0
1097698,115000.0
1097718,120000.0
1097755,224000.0
1097767,139000.0
1097777,173000.0
1097778,113000.0
1097795,723000.0
1097861,114000.0
1097886,97000.0
1097887,124000.0
1097888,127000.0
1097928,249000.0
1097949,151000.0
1097975,202000.0
1097993,229000.0
1097994,82000.0
1098066,92000.0
1098122,96000.0
1098125,141000.0
1098140,77000.0
1098199,301000.0
1098213,94000.0
1098215,97000.0
1098219,157000.0
1098228,120000.0
1098252,468000.0
1098268,151000.0
1098275,139000.0
1098362,92000.0
1098365,662000.0
1098396,69000.0
1098468,112000.0
1098495,58000.0
1098569,79000.0
1098588,447000.0
1098633,110000.0
1098693,181000.0
1098698,132000.0
1098706,130000.0
1098771,63000.0
1098971,53000.0
1098987,143000.0
1098991,151000.0
1098994,153000.0
1099004,79000.0
1099021,83000.0
1099030,136000.0
1099038,153000.0
1099039,131000.0
1099045,329000.0
1099133,237000.0
1099137,105000.0
1099153,222000.0
1099180,233000.0
1099183,244000.0
1099184,75000.0
1099199,94000.0
1099315,199000.0
1099316,147000.0
1099320,152000.0
1099323,166000.0
1099326,134000.0
1099329,110000.0
1099335,144000.0
1099338,106000.0
1099342,185000.0
1099350,81000.0
1099351,93000.0
1099359,121000.0
1099364,94000.0
1099366,130000.0
1099382,211000.0
1099383,282000.0
1099407,147000.0
1099414,100000.0
1099441,115000.0
1099447,110000.0
1099465,188000.0
1099469,154000.0
1099488,124000.0
1099520,149000.0
1099562,207000.0
1099567,79000.0
1099623,184000.0
1099651,91000.0
1099664,126000.0
1099665,126000.0
1099671,117000.0
1099702,94000.0
1099722,61000.0
1099725,58000.0
1099726,46000.0
1099728,47000.0
1099729,47000.0
1099734,72000.0
1099740,75000.0
1099743,168000.0
1099768,126000.0
1099774,740000.0
1099796,96000.0
1099815,144000.0
1099837,178000.0
1099916,285000.0
1099928,97000.0
1099941,59000.0
1099946,61000.0
1099948,53000.0
1099950,53000.0
1099972,93000.0
1099995,88000.0
1099996,122000.0
1100056,144000.0
1100076,230000.0
1100169,266000.0
1100171,83000.0
1100178,215000.0
1100189,92000.0
1100191,64000.0
1100192,64000.0
1100194,93000.0
1100205,77000.0
1100224,126000.0
1100257,222000.0
1100317,131000.0
1100329,106000.0
1100345,132000.0
1100388,227000.0
1100391,98000.0
1100460,176000.0
1100509,101000.0
1100516,210000.0
1100532,263000.0
1100537,68000.0
1100548,232000.0
1100583,242000.0
1100596,210000.0
1100601,387000.0
1100611,109000.0
1100619,167000.0
1100658,350000.0
1100660,271000.0
1100674,101000.0
1100682,97000.0
1100692,108000.0
1100719,107000.0
1100743,315000.0
1100780,63000.0
1100810,188000.0
1100829,150000.0
1100840,128000.0
1100852,84000.0
1100865,84000.0
1100897,95000.0
1100931,102000.0
1100932,100000.0
1100938,299000.0
1100944,270000.0
1100945,248000.0
1100946,248000.0
1100947,248000.0
1100948,308000.0
1100953,291000.0
1100955,291000.0
1100957,308000.0
1100960,307000.0
1100962,101000.0
1100984,88000.0
1100985,116000.0
1101003,96000.0
1101004,96000.0
1101005,96000.0
1101006,178000.0
1101007,125000.0
1101012,87000.0
1101064,392000.0
1101073,348000.0
1101084,120000.0
1101086,104000.0
1101094,104000.0
1101102,96000.0
1101127,90000.0
1101173,103000.0
1101180,126000.0
1101202,106000.0
1101203,136000.0
1101207,155000.0
1101208,268000.0
1101232,88000.0
1101240,74000.0
1101252,171000.0
1101258,176000.0
1101263,82000.0
1101276,93000.0
1101292,169000.0
1101294,113000.0
1101303,217000.0
1101319,572000.0
1101326,86000.0
1101330,142000.0
1101331,108000.0
1101333,161000.0
1101335,119000.0
1101351,138000.0
1101378,220000.0
1101418,631000.0
1101423,512000.0
1101428,138000.0
1101517,84000.0
1101591,110000.0
1101616,232000.0
1101739,116000.0
1101759,78000.0
1101799,100000.0
1101800,97000.0
1101801,277000.0
1101814,150000.0
1101859,75000.0
1101869,83000.0
1101901,133000.0
1101931,156000.0
1101932,121000.0
1101976,243000.0
1102031,75000.0
1102046,156000.0
1102066,94000.0
1102090,321000.0
1102112,184000.0
1102117,156000.0
1102119,156000.0
1102123,95000.0
1102135,95000.0
1102169,279000.0
1102170,228000.0
1102240,216000.0
1102248,57000.0
1102273,103000.0
1102307,262000.0
1102332,88000.0
1102413,104000.0
1102414,99000.0
1102415,98000.0
1102416,107000.0
1102417,130000.0
1102422,166000.0
1102423,99000.0
1102430,99000.0
1102431,99000.0
1102434,144000.0
1102452,87000.0
1102470,128000.0
1102505,179000.0
1102509,128000.0
1102527,155000.0
1102537,121000.0
1102564,179000.0
1102603,135000.0
1102608,80000.0
1102646,88000.0
1102647,94000.0
1102650,213000.0
1102655,81000.0
1102657,132000.0
1102660,159000.0
1102685,73000.0
1102688,122000.0
1102699,66000.0
1102704,91000.0
1102705,167000.0
1102728,283000.0
1102735,104000.0
1102750,117000.0
1102770,135000.0
1102790,344000.0
1102797,350000.0
1102800,90000.0
1102806,82000.0
1102844,156000.0
1102862,64000.0
1102908,128000.0
1102909,180000.0
1102959,103000.0
1102970,77000.0
1102986,138000.0
1103044,87000.0
1103076,166000.0
1103095,366000.0
1103226,226000.0
1103227,228000.0
1103228,199000.0
1103229,206000.0
1103249,135000.0
1103253,191000.0
1103258,183000.0
1103264,267000.0
1103265,117000.0
1103278,76000.0
1103279,334000.0
1103282,71000.0
1103361,97000.0
1103386,335000.0
1103396,108000.0
1103402,114000.0
1103403,129000.0
1103404,120000.0
1103418,124000.0
1103419,135000.0
1103431,99000.0
1103481,199000.0
1103489,216000.0
1103584,76000.0
1103598,130000.0
1103600,80000.0
1103604,185000.0
1103606,181000.0
1103614,76000.0
1103646,89000.0
1103668,195000.0
1103669,114000.0
1103678,99000.0
1103711,102000.0
1103726,143000.0
1103731,117000.0
1103735,85000.0
1103741,172000.0
1103838,99000.0
1103903,208000.0
1103914,110000.0
1103991,72000.0
1103997,91000.0
1104005,149000.0
1104027,56000.0
1104035,73000.0
1104045,97000.0
1104073,503000.0
1104122,209000.0
1104123,208000.0
1104132,87000.0
1104247,105000.0
1104252,81000.0
1104265,164000.0
1104276,60000.0
1104292,93000.0
1104347,504000.0
1104357,132000.0
1104358,101000.0
1104369,153000.0
1104944,250000.0
1104946,95000.0
1104949,95000.0
1104951,95000.0
1104953,95000.0
1104955,95000.0
1104972,141000.0
1105018,77000.0
1105021,112000.0
1105024,191000.0
1105025,122000.0
1105044,147000.0
1105046,112000.0
1105047,112000.0
1105050,330000.0
1105051,330000.0
1105052,330000.0
1105053,330000.0
1105071,95000.0
1105081,141000.0
1105207,330000.0
1105210,200000.0
1105265,330000.0
1105266,163000.0
1105267,163000.0
1105268,330000.0
1105280,104000.0
1105281,193000.0
1105282,209000.0
1105376,211000.0
1105429,109000.0
1105465,143000.0
1105493,110000.0
1105496,119000.0
1105557,110000.0
1105558,110000.0
1105575,146000.0
1105576,146000.0
1105581,80000.0
1105621,150000.0
1105622,184000.0
1105698,191000.0
1105699,191000.0
1105700,191000.0
1105702,191000.0
1105705,191000.0
1105706,191000.0
1105711,172000.0
1105799,110000.0
1105802,110000.0
1105803,110000.0
1105805,110000.0
1105806,110000.0
1105807,124000.0
1105828,144000.0
1105830,251000.0
1105831,152000.0
1105832,267000.0
1105849,77000.0
1105855,116000.0
1105898,116000.0
1105899,116000.0
1105935,156000.0
1105989,120000.0
1106068,153000.0
1106069,153000.0
1106073,153000.0
1106085,153000.0
1106086,136000.0
1106135,86000.0
1106164,77000.0
1106193,168000.0
1106196,97000.0
1106244,180000.0
1106253,130000.0
1106256,177000.0
1106586,311000.0
1106587,95000.0
1106588,139000.0
1106589,147000.0
1106600,102000.0
1106608,123000.0
1106715,77000.0
1106789,163000.0
1106790,195000.0
1106791,195000.0
1106792,195000.0
1106793,196000.0
1106794,196000.0
1106869,108000.0
1106954,212000.0
1107205,191000.0
1107331,74000.0
1107333,74000.0
1107389,163000.0
1107390,163000.0
1107392,163000.0
1107394,163000.0
1107395,163000.0
1107469,147000.0
1107483,92000.0
1107491,126000.0
1107667,186000.0
1107772,95000.0
1107775,95000.0
1107785,242000.0
1107786,148000.0
1107787,131000.0
1202392,92000.0
1202393,118000.0
1202395,144000.0
1202440,84000.0
1202550,84000.0
1202552,87000.0
1202577,144000.0
1202580,87000.0
1202842,137000.0
1202844,154000.0
1202860,113000.0
1202861,96000.0
1202869,178000.0
1202876,144000.0
1202892,106000.0
1202903,103000.0
1214273,172000.0
1214280,233000.0
1214445,626000.0
1214448,76000.0
1214449,77000.0
1214464,99000.0
1214572,125000.0
1214574,159000.0
1214584,105000.0
1214608,76000.0
1214640,77000.0
1214643,139000.0
1214651,259000.0
1214652,165000.0
1214657,337000.0
1214661,121000.0
1214673,115000.0
1214675,119000.0
1214679,146000.0
1214703,126000.0
1215040,118000.0
1215050,80000.0
1215134,95000.0
1215138,74000.0
1215362,97000.0
1215366,78000.0
1215368,97000.0
1215369,170000.0
1215374,130000.0
1215388,662000.0
1215448,77000.0
1215451,69000.0
1215486,125000.0
1215488,135000.0
1215496,130000.0
1215498,161000.0
1215555,93000.0
1215556,164000.0
1215560,360000.0
1215573,150000.0
1215591,72000.0
1215596,125000.0
1215746,204000.0
1215748,127000.0
1215754,72000.0
1215756,231000.0
1215758,124000.0
1215761,99000.0
1215762,83000.0
1215766,92000.0
1215767,307000.0
1215776,330000.0
1215784,211000.0
1215791,72000.0
1215796,94000.0
1215797,106000.0
1215798,100000.0
1215806,123000.0
1215810,73000.0
1216439,61000.0
1217024,88000.0
1217029,145000.0
1217034,80000.0
1217036,102000.0
1217037,96000.0
1217038,94000.0
1217233,138000.0
1217234,95000.0
1217247,112000.0
1217248,101000.0
1217250,105000.0
1217540,148000.0
1217556,102000.0
1217557,94000.0
1217559,57000.0
1217578,158000.0
1217875,46000.0
1217881,59000.0
1219303,93000.0
1219356,192000.0
1219361,211000.0
1219426,96000.0
1219482,188000.0
1219492,70000.0
1219515,320000.0
1219518,267000.0
1219520,147000.0
1219620,134000.0
1219653,97000.0
1219665,178000.0
1219668,107000.0
1219670,64000.0
1219706,158000.0
1219714,151000.0
1219756,112000.0
1220007,78000.0
1220137,238000.0
1220139,267000.0
1220671,126000.0
1220690,74000.0
1220731,178000.0
1220732,84000.0
1220739,154000.0
1222082,220000.0
1222084,78000.0
1222087,251000.0
1222182,172000.0
1222183,196000.0
1222194,192000.0
1222252,121000.0
1223720,109000.0
1223812,127000.0
1223816,212000.0
1223827,138000.0
1223836,177000.0
1223838,103000.0
1223841,74000.0
1223860,270000.0
1223861,128000.0
1223863,132000.0
1223867,140000.0
1223875,88000.0
1223892,158000.0
1223897,160000.0
1224003,110000.0
1224006,90000.0
1224010,126000.0
1224014,94000.0
1224033,163000.0
1224068,229000.0
1224071,94000.0
1224121,113000.0
1224146,116000.0
1224153,98000.0
1224653,120000.0
1224668,78000.0
1224776,97000.0
1224788,194000.0
1225148,349000.0
1225155,170000.0
1225157,215000.0
1225159,311000.0
1225238,164000.0
1225323,117000.0
1225362,69000.0
1225363,106000.0
1225376,202000.0
1225378,84000.0
1225818,81000.0
1226392,105000.0
1226394,128000.0
1226516,162000.0
1226517,156000.0
1226741,155000.0
1226743,95000.0
1226745,112000.0
1226748,153000.0
1226749,136000.0
1226782,143000.0
1226789,66000.0
1226799,128000.0
1226860,81000.0
1226867,111000.0
1226963,116000.0
1227068,114000.0
1227072,255000.0
1227075,84000.0
1227080,128000.0
1227083,128000.0
1227087,118000.0
1227113,93000.0
1227115,101000.0
1227127,77000.0
1227165,113000.0
1227292,105000.0
1227294,182000.0
1227296,163000.0
1227675,380000.0
1227679,205000.0
1227680,194000.0
1227687,227000.0
1227690,99000.0
1227707,163000.0
1227708,165000.0
1227709,196000.0
1227720,189000.0
1227815,185000.0
1227857,326000.0
1227859,279000.0
1227865,184000.0
1227902,140000.0
1227904,92000.0
1227921,393000.0
1227928,88000.0
1227948,242000.0
1227951,276000.0
1228096,104000.0
1228098,92000.0
1228597,261000.0
1228622,167000.0
1228630,126000.0
1228639,137000.0
1228640,171000.0
1228821,125000.0
1228828,211000.0
1228829,423000.0
1228966,286000.0
1228972,283000.0
1228973,621000.0
1228974,1168000.0
1228985,402000.0
1229013,176000.0
1229016,152000.0
1229018,160000.0
1229020,238000.0
1229022,167000.0
1229028,105000.0
1229030,122000.0
1229031,149000.0
1229038,187000.0
1229176,609000.0
1229188,482000.0
1229190,621000.0
1229201,148000.0
1229212,145000.0
1229218,168000.0
1229220,141000.0
1229224,108000.0
1229225,133000.0
1229462,283000.0
1229540,139000.0
1229541,125000.0
1229591,130000.0
1229597,158000.0
1229598,158000.0
1230015,120000.0
1230020,123000.0
1230030,102000.0
1230031,73000.0
1230037,92000.0
1230038,168000.0
1230039,104000.0
1230040,176000.0
1230045,87000.0
1230070,62000.0
1231407,199000.0
1231410,138000.0
1231549,341000.0
1231551,181000.0
1231558,75000.0
1231661,98000.0
1231688,183000.0
1231696,255000.0
1231704,87000.0
1231710,174000.0
1231711,80000.0
1231719,101000.0
1231753,114000.0
1231846,308000.0
1231908,93000.0
1231938,128000.0
1231982,156000.0
1232000,123000.0
1232001,123000.0
1232002,123000.0
1232475,341000.0
1232477,191000.0
1232484,73000.0
1232490,92000.0
1232637,92000.0
1232646,84000.0
1232662,102000.0
1233033,75000.0
1233038,98000.0
1233250,428000.0
1233263,115000.0
1233265,193000.0
1233268,158000.0
1233307,110000.0
1233314,110000.0
1233329,234000.0
1233345,222000.0
1233349,100000.0
1233447,104000.0
1233450,66000.0
1233453,64000.0
1233462,96000.0
1233465,126000.0
1233471,46000.0
1233474,102000.0
1233479,105000.0
1233487,119000.0
1233488,192000.0
1233490,85000.0
1233493,80000.0
1233495,71000.0
1233497,76000.0
1233542,73000.0
1233552,71000.0
1233557,179000.0
1233567,84000.0
1233568,104000.0
1233569,104000.0
1233683,291000.0
1233764,365000.0
1233861,91000.0
1233877,85000.0
1233987,330000.0
1233989,163000.0
1234069,118000.0
1234103,187000.0
1234104,163000.0
1234343,294000.0
1234348,100000.0
1234349,100000.0
1234495,249000.0
1234496,101000.0
1234497,166000.0
1234499,141000.0
1234515,142000.0
1234516,105000.0
1234528,201000.0
1234612,203000.0
1234760,55000.0
1234763,73000.0
1234766,117000.0
1234772,120000.0
1234818,115000.0
1235137,355000.0
1235157,120000.0
1235163,290000.0
1235168,267000.0
1235169,258000.0
1235170,267000.0
1235228,255000.0
1235244,240000.0
1235266,235000.0
1235290,552000.0
1235294,566000.0
1235303,112000.0
1235312,190000.0
1235314,414000.0
1235337,413000.0
1235354,241000.0
1235360,878000.0
1235386,749000.0
1235538,275000.0
1235542,393000.0
1235546,292000.0
1235552,681000.0
1235662,895000.0
1235678,66000.0
1235679,130000.0
1235688,155000.0
1235689,152000.0
1235741,195000.0
1235742,163000.0
1235744,196000.0
1235745,196000.0
1235746,195000.0
1235747,195000.0
1235786,372000.0
1235796,428000.0
1235824,586000.0
1235825,1007000.0
1235874,286000.0
1235885,582000.0
1235886,583000.0
1235887,348000.0
1235916,646000.0
1235996,183000.0
1235997,202000.0
1236001,541000.0
1236007,661000.0
1236009,570000.0
1236010,1188000.0
1236082,80000.0
1236126,200000.0
1236137,148000.0
1236150,131000.0
1236152,188000.0
1236160,276000.0
1236162,672000.0
1236183,221000.0
1236186,161000.0
1236189,186000.0
1236201,114000.0
1236353,132000.0
1236355,163000.0
1236463,114000.0
1236479,78000.0
1236480,79000.0
1236822,74000.0
1236911,654000.0
1236986,111000.0
1236991,188000.0
1236993,111000.0
1237029,125000.0
1237033,79000.0
1237049,90000.0
1237051,108000.0
1237164,113000.0
1237170,357000.0
1237492,62000.0
1237495,125000.0
1237545,71000.0
1237979,231000.0
1237998,170000.0
1238015,146000.0
1238100,104000.0
1238115,144000.0
1238129,299000.0
1238182,121000.0
1238190,158000.0
1238195,281000.0
1238198,173000.0
1238207,130000.0
1238213,180000.0
1238216,203000.0
1238226,127000.0
1238229,357000.0
1238231,276000.0
1238232,280000.0
1238237,149000.0
1238241,214000.0
1238242,203000.0
1238244,191000.0
1238245,144000.0
1238258,85000.0
1238259,222000.0
1238261,136000.0
1238263,313000.0
1238264,162000.0
1238384,74000.0
1238386,127000.0
1238419,203000.0
1238422,199000.0
1238435,106000.0
1238439,445000.0
1238572,411000.0
1238582,260000.0
1238589,189000.0
1238614,90000.0
1238793,179000.0
1238800,454000.0
1238802,308000.0
1238807,377000.0
1238812,115000.0
1238813,241000.0
1238814,88000.0
1238827,151000.0
1238834,178000.0
1238964,108000.0
1238965,130000.0
1239003,180000.0
1239006,312000.0
1239029,186000.0
1239054,217000.0
1239062,196000.0
1239067,226000.0
1239078,232000.0
1239100,174000.0
1239106,133000.0
1239112,179000.0
1239158,261000.0
1239160,98000.0
1239161,100000.0
1239162,102000.0
1239239,287000.0
1239260,264000.0
1239261,369000.0
1239271,153000.0
1239276,427000.0
1239278,215000.0
1239294,155000.0
1239313,196000.0
1239402,180000.0
1239482,132000.0
1239483,132000.0
1239484,132000.0
1239485,132000.0
1239490,212000.0
1239519,212000.0
1239527,173000.0
1239532,230000.0
1239533,202000.0
1239534,201000.0
1239535,180000.0
1239537,274000.0
1239558,121000.0
1239566,89000.0
1239568,218000.0
1239577,126000.0
1239578,80000.0
1239585,111000.0
1239589,174000.0
1239598,207000.0
1239601,853000.0
1239963,206000.0
1239978,805000.0
1239994,445000.0
1240122,383000.0
1240137,707000.0
1240202,97000.0
1240229,130000.0
1240235,416000.0
1240281,155000.0
1240283,500000.0
1240338,70000.0
1240418,75000.0
1240441,385000.0
1240442,162000.0
1240444,196000.0
1240448,287000.0
1240464,410000.0
1240465,108000.0
1240498,105000.0
1240504,65000.0
1240505,89000.0
1240516,94000.0
1240535,87000.0
1240539,84000.0
1240540,68000.0
1240617,99000.0
1240649,109000.0
1240720,88000.0
1240728,85000.0
1240735,68000.0
1240736,94000.0
1240977,94000.0
1240979,72000.0
1241045,56000.0
1241069,64000.0
1241079,280000.0
1241087,81000.0
1241091,108000.0
1241093,106000.0
1241095,243000.0
1241101,117000.0
1241103,79000.0
1241115,86000.0
1241117,89000.0
1241128,93000.0
1241130,555000.0
1241139,208000.0
1241151,103000.0
1241289,68000.0
1241295,78000.0
1241453,124000.0
1241454,101000.0
1241459,171000.0
1241460,72000.0
1241478,126000.0
1241488,88000.0
1241744,162000.0
1241746,80000.0
1241753,118000.0
1241756,114000.0
1241757,109000.0
1241760,89000.0
1241761,108000.0
1241764,110000.0
1241795,178000.0
1241796,115000.0
1241798,80000.0
1241803,80000.0
1241804,74000.0
1241807,80000.0
1241810,61000.0
1241813,80000.0
1241826,95000.0
1241833,65000.0
1241834,79000.0
1241837,87000.0
1241842,80000.0
1241843,136000.0
1241897,80000.0
1241913,73000.0
1241975,93000.0
1241978,175000.0
1241980,76000.0
1241981,76000.0
1241983,70000.0
1242077,86000.0
1242080,67000.0
1242082,142000.0
1242090,69000.0
1242092,52000.0
1242118,132000.0
1242119,184000.0
1242131,63000.0
1242132,54000.0
1242135,73000.0
1242139,85000.0
70723,15000.0
71009,214000.0
71030,18000.0
71670,21000.0
71671,17000.0
71694,21000.0
71697,90000.0
71717,25000.0
71727,21000.0
71785,22000.0
72264,48000.0
72276,19000.0
72325,22000.0
72326,444000.0
72327,21000.0
72548,157000.0
72571,22000.0
72713,18000.0
696861,31000.0
696875,12000.0
696882,33000.0
