id,price
264893,812000.0
264899,154000.0
264910,392000.0
264915,122000.0
264919,61000.0
264928,146000.0
264932,115000.0
264935,153000.0
264939,703000.0
264944,135000.0
264954,140000.0
264955,140000.0
264969,663000.0
264978,142000.0
264983,99000.0
264984,69000.0
264985,97000.0
265031,185000.0
265032,163000.0
265058,235000.0
265066,286000.0
265068,112000.0
265069,749000.0
265070,113000.0
265077,121000.0
265090,599000.0
265094,335000.0
265101,146000.0
265102,126000.0
265105,166000.0
265106,126000.0
265108,124000.0
265115,140000.0
265147,61000.0
265152,154000.0
265153,186000.0
265170,590000.0
265176,75000.0
265187,385000.0
265189,94000.0
265198,644000.0
265225,105000.0
265233,146000.0
265237,346000.0
265253,282000.0
265280,276000.0
265287,255000.0
265293,124000.0
265296,202000.0
265307,305000.0
265308,253000.0
265312,238000.0
265313,144000.0
265314,256000.0
265315,192000.0
265320,160000.0
265333,210000.0
265346,160000.0
265351,225000.0
265356,126000.0
265357,110000.0
265358,110000.0
265363,315000.0
265369,91000.0
265372,213000.0
265402,257000.0
265406,176000.0
265420,266000.0
265436,203000.0
265438,209000.0
265442,176000.0
265449,177000.0
265452,209000.0
265455,163000.0
265461,607000.0
265465,172000.0
265481,134000.0
265488,76000.0
265501,95000.0
265514,224000.0
265515,122000.0
265516,114000.0
265517,295000.0
265526,210000.0
265533,268000.0
265539,186000.0
265543,130000.0
265544,132000.0
265556,154000.0
265559,256000.0
265561,453000.0
265584,222000.0
265586,145000.0
265587,147000.0
265588,230000.0
265593,357000.0
265596,361000.0
265607,212000.0
265608,216000.0
265610,167000.0
265613,311000.0
265653,233000.0
265663,231000.0
265669,255000.0
265675,155000.0
265699,343000.0
265701,207000.0
265703,219000.0
265704,220000.0
265743,220000.0
265748,125000.0
265759,116000.0
265795,262000.0
265797,248000.0
265805,308000.0
265806,140000.0
265810,138000.0
265819,159000.0
265820,384000.0
265833,225000.0
265834,103000.0
265843,591000.0
265851,604000.0
265862,663000.0
265864,834000.0
265869,417000.0
265887,591000.0
265907,533000.0
265913,1037000.0
265921,123000.0
265923,380000.0
265925,717000.0
265957,306000.0
265958,1056000.0
265960,228000.0
265963,145000.0
265969,933000.0
266004,736000.0
266028,81000.0
266029,863000.0
266032,953000.0
266034,465000.0
266055,1001000.0
266075,848000.0
266077,848000.0
266080,306000.0
266093,914000.0
266094,944000.0
266100,618000.0
266116,602000.0
266129,479000.0
266144,450000.0
266160,803000.0
266165,497000.0
266196,263000.0
266199,346000.0
266202,209000.0
266210,275000.0
266211,485000.0
266213,339000.0
266218,230000.0
266219,279000.0
266220,378000.0
266234,310000.0
266241,185000.0
266248,242000.0
266251,427000.0
266256,478000.0
266259,350000.0
266274,270000.0
266275,621000.0
266276,548000.0
266279,271000.0
266280,491000.0
266281,429000.0
266299,446000.0
266300,298000.0
266305,84000.0
266314,678000.0
266315,720000.0
266329,85000.0
266332,163000.0
266350,180000.0
266368,215000.0
266375,304000.0
266381,234000.0
266382,175000.0
266393,107000.0
266394,228000.0
266402,104000.0
266406,177000.0
266423,202000.0
266424,86000.0
266438,204000.0
266454,141000.0
266463,139000.0
266465,145000.0
266479,208000.0
266480,229000.0
266485,181000.0
266486,157000.0
266496,274000.0
266508,540000.0
266510,112000.0
266511,295000.0
266512,193000.0
266514,194000.0
266517,323000.0
266539,171000.0
266542,385000.0
266545,80000.0
266548,348000.0
266550,279000.0
266556,246000.0
266559,288000.0
266565,108000.0
266568,341000.0
266569,170000.0
266575,261000.0
266580,218000.0
266581,176000.0
266582,246000.0
266583,171000.0
266602,453000.0
266606,318000.0
266618,287000.0
266619,378000.0
266620,161000.0
266624,165000.0
266626,353000.0
266662,126000.0
266667,339000.0
266668,369000.0
266677,696000.0
266681,437000.0
266682,549000.0
266690,296000.0
266694,321000.0
266695,321000.0
266698,673000.0
266699,373000.0
266727,418000.0
266729,554000.0
266731,467000.0
266732,557000.0
266740,866000.0
266744,392000.0
266748,367000.0
266768,180000.0
266770,716000.0
266771,604000.0
266778,461000.0
266779,895000.0
266781,295000.0
266785,677000.0
266809,448000.0
266819,336000.0
266821,375000.0
266824,199000.0
266830,609000.0
266831,748000.0
266845,327000.0
266846,448000.0
266847,460000.0
266851,340000.0
266858,159000.0
266859,491000.0
266862,590000.0
266863,304000.0
266864,647000.0
266872,210000.0
266875,372000.0
266877,856000.0
266882,435000.0
266883,149000.0
266886,378000.0
266918,145000.0
266919,997000.0
266920,323000.0
266953,440000.0
266954,350000.0
266955,523000.0
266957,354000.0
266965,610000.0
266966,448000.0
266969,225000.0
266984,331000.0
266989,1225000.0
266990,294000.0
267015,260000.0
267016,260000.0
267017,260000.0
267018,114000.0
267019,289000.0
267020,288000.0
267025,523000.0
267028,802000.0
267041,289000.0
267054,260000.0
267082,115000.0
267084,408000.0
267085,310000.0
267103,242000.0
267104,97000.0
267106,193000.0
267113,181000.0
267126,145000.0
267128,125000.0
267131,208000.0
267138,120000.0
267147,141000.0
267153,193000.0
267154,129000.0
267171,136000.0
267173,124000.0
267188,132000.0
267198,136000.0
267199,136000.0
267218,285000.0
267220,214000.0
267221,156000.0
267245,280000.0
267247,152000.0
267248,200000.0
267249,201000.0
267253,200000.0
267269,294000.0
267271,220000.0
267274,315000.0
267281,224000.0
267303,241000.0
267305,244000.0
267306,213000.0
267307,153000.0
267309,223000.0
267311,231000.0
267312,253000.0
267315,359000.0
267331,190000.0
267338,203000.0
267342,150000.0
267344,162000.0
267346,292000.0
267366,188000.0
267369,181000.0
267371,137000.0
267375,148000.0
267376,147000.0
267379,138000.0
267381,263000.0
267382,266000.0
267407,175000.0
267422,179000.0
267424,215000.0
267428,220000.0
267431,168000.0
267434,142000.0
267437,181000.0
267438,167000.0
267439,168000.0
267440,215000.0
267441,223000.0
267443,200000.0
267460,575000.0
267463,1072000.0
267494,1100000.0
267510,359000.0
267515,397000.0
267520,383000.0
267522,603000.0
267523,713000.0
267524,417000.0
267544,272000.0
267546,285000.0
267551,409000.0
267553,438000.0
267563,335000.0
267584,615000.0
267585,439000.0
267587,395000.0
267598,360000.0
267602,245000.0
267614,499000.0
267617,788000.0
267619,925000.0
267620,431000.0
267623,492000.0
267627,184000.0
267633,150000.0
267644,360000.0
267667,123000.0
267738,138000.0
267740,130000.0
267743,131000.0
267778,162000.0
267779,204000.0
267799,193000.0
267800,207000.0
267814,1133000.0
267816,187000.0
267833,199000.0
267834,125000.0
267836,112000.0
267847,130000.0
267858,300000.0
267891,378000.0
267896,567000.0
267899,146000.0
267900,121000.0
267902,619000.0
267908,692000.0
267924,342000.0
267933,144000.0
267936,726000.0
267939,287000.0
267941,435000.0
267942,317000.0
267967,110000.0
267970,140000.0
267980,121000.0
267990,146000.0
267992,347000.0
267994,419000.0
267995,76000.0
267999,191000.0
268003,435000.0
268020,207000.0
268033,238000.0
268041,168000.0
268056,152000.0
268067,250000.0
268070,99000.0
268071,540000.0
268121,297000.0
268144,214000.0
268145,390000.0
268147,117000.0
268149,151000.0
268150,117000.0
268157,195000.0
268159,336000.0
268161,716000.0
268175,235000.0
268189,226000.0
268208,172000.0
308905,174000.0
312310,622000.0
312331,482000.0
695165,851000.0
695166,230000.0
695170,311000.0
695176,312000.0
695178,253000.0
695181,220000.0
695183,393000.0
695185,152000.0
695196,298000.0
695203,218000.0
695205,210000.0
695207,222000.0
695236,301000.0
695238,183000.0
695252,180000.0
695257,312000.0
713635,316000.0
714108,171000.0
714284,208000.0
714645,497000.0
714753,528000.0
714863,943000.0
714924,535000.0
715132,185000.0
715405,216000.0
715433,679000.0
715694,348000.0
715746,155000.0
715898,227000.0
715902,260000.0
715996,576000.0
716065,316000.0
716097,955000.0
716329,209000.0
716360,387000.0
716377,402000.0
716484,272000.0
716541,318000.0
716634,313000.0
716888,590000.0
717017,411000.0
717109,264000.0
717307,429000.0
717459,304000.0
717524,309000.0
717568,205000.0
717688,260000.0
717690,1057000.0
717797,346000.0
717829,268000.0
717945,869000.0
717983,636000.0
718276,743000.0
718584,1200000.0
718617,180000.0
718717,274000.0
718867,391000.0
718943,507000.0
718997,371000.0
719116,178000.0
719132,426000.0
719287,237000.0
719579,524000.0
719846,211000.0
719893,267000.0
720041,294000.0
720088,299000.0
720180,261000.0
720249,113000.0
720261,331000.0
720293,384000.0
720364,241000.0
720455,345000.0
720564,223000.0
720679,276000.0
720725,140000.0
720817,291000.0
720854,437000.0
720920,137000.0
721130,239000.0
721266,208000.0
721531,182000.0
721844,155000.0
721882,481000.0
722050,175000.0
722151,198000.0
722225,1006000.0
722264,261000.0
722516,481000.0
722520,198000.0
722594,303000.0
722649,190000.0
722769,151000.0
724397,282000.0
724457,249000.0
724486,318000.0
724488,732000.0
724574,430000.0
724620,551000.0
724674,290000.0
724767,722000.0
724786,431000.0
724908,479000.0
725124,239000.0
725211,296000.0
725280,184000.0
725364,333000.0
725393,304000.0
725425,278000.0
725455,326000.0
725547,459000.0
725814,261000.0
725829,222000.0
725999,728000.0
726088,283000.0
726214,288000.0
726348,250000.0
726542,335000.0
726620,299000.0
726910,332000.0
727068,477000.0
727229,136000.0
727458,474000.0
727699,393000.0
728077,104000.0
728089,396000.0
728272,296000.0
728553,575000.0
728592,215000.0
728640,312000.0
728663,194000.0
729105,213000.0
729267,210000.0
729622,248000.0
730128,160000.0
730298,162000.0
730619,157000.0
730712,358000.0
731061,180000.0
731131,217000.0
731142,485000.0
731240,222000.0
731527,173000.0
731655,293000.0
731841,319000.0
731925,178000.0
732382,199000.0
732568,231000.0
732810,297000.0
732969,192000.0
733029,348000.0
733077,787000.0
733091,527000.0
733208,173000.0
733226,194000.0
733230,285000.0
733238,283000.0
733347,359000.0
733542,304000.0
734153,132000.0
734154,247000.0
734176,531000.0
734212,377000.0
734217,374000.0
734258,363000.0
734334,402000.0
734397,299000.0
734666,171000.0
734674,294000.0
734675,315000.0
734724,753000.0
734919,312000.0
735058,392000.0
735319,366000.0
735691,346000.0
735730,611000.0
735875,273000.0
736019,171000.0
736274,165000.0
736752,302000.0
736842,176000.0
736845,694000.0
736880,308000.0
737208,317000.0
737501,360000.0
737652,404000.0
737722,1073000.0
738039,349000.0
738057,322000.0
738082,404000.0
738665,272000.0
738841,277000.0
739007,190000.0
739075,169000.0
739255,531000.0
739492,276000.0
740378,627000.0
740535,89000.0
741340,406000.0
741408,176000.0
741684,216000.0
742269,332000.0
742430,350000.0
742608,564000.0
742744,278000.0
742791,243000.0
742826,252000.0
742881,203000.0
742899,217000.0
743231,320000.0
743527,567000.0
743534,308000.0
743562,172000.0
743664,350000.0
743926,561000.0
744027,320000.0
744337,357000.0
744508,181000.0
744690,155000.0
745006,246000.0
745047,184000.0
745193,343000.0
745245,182000.0
745515,245000.0
746017,537000.0
746053,147000.0
746265,687000.0
746355,709000.0
746375,162000.0
746382,295000.0
746483,179000.0
746772,154000.0
746949,229000.0
746954,211000.0
746984,147000.0
748310,357000.0
748476,311000.0
748712,335000.0
748736,186000.0
748773,204000.0
748803,378000.0
749336,245000.0
749657,187000.0
749755,361000.0
749845,140000.0
750054,401000.0
750136,215000.0
750580,263000.0
750771,526000.0
751301,191000.0
751365,402000.0
751450,612000.0
751496,851000.0
751560,655000.0
751799,362000.0
751846,127000.0
751847,177000.0
751897,345000.0
751958,260000.0
751960,271000.0
752204,166000.0
752309,673000.0
752365,174000.0
752608,232000.0
752648,194000.0
752691,422000.0
752814,212000.0
752877,212000.0
753069,228000.0
753118,160000.0
753224,452000.0
753227,227000.0
753248,158000.0
753391,305000.0
753482,204000.0
753516,400000.0
753532,303000.0
753563,133000.0
753651,889000.0
753842,189000.0
754089,224000.0
754090,180000.0
754125,291000.0
754506,302000.0
754620,173000.0
754630,324000.0
754802,191000.0
754861,246000.0
754927,259000.0
754936,634000.0
755034,223000.0
755072,144000.0
755075,134000.0
755879,214000.0
756141,338000.0
757137,513000.0
757268,295000.0
757525,299000.0
757552,220000.0
757671,204000.0
757699,163000.0
757723,279000.0
757778,209000.0
757807,314000.0
757810,379000.0
758073,218000.0
758157,131000.0
758385,552000.0
758409,138000.0
758503,185000.0
758531,205000.0
758589,178000.0
758722,138000.0
758785,315000.0
758793,222000.0
758855,328000.0
758943,314000.0
758961,280000.0
759020,249000.0
759066,202000.0
759073,218000.0
759076,322000.0
759330,222000.0
760184,231000.0
760381,538000.0
760382,537000.0
760545,515000.0
760920,239000.0
767749,238000.0
767766,239000.0
767960,315000.0
768051,221000.0
771578,222000.0
771667,466000.0
771785,156000.0
771860,146000.0
772094,171000.0
772238,198000.0
772563,330000.0
772956,246000.0
773061,254000.0
773111,224000.0
773288,196000.0
773498,597000.0
773599,298000.0
773705,206000.0
773905,99000.0
773965,488000.0
773973,219000.0
774075,329000.0
774236,138000.0
774296,404000.0
774423,256000.0
774558,375000.0
774559,411000.0
774858,191000.0
774859,236000.0
774860,209000.0
774861,252000.0
774863,234000.0
774864,201000.0
774865,340000.0
774866,237000.0
774870,305000.0
774874,149000.0
774908,412000.0
774914,254000.0
775168,299000.0
775205,261000.0
775210,456000.0
775320,355000.0
775438,225000.0
775442,226000.0
775443,209000.0
775444,188000.0
775445,214000.0
775447,219000.0
775448,184000.0
775554,253000.0
775555,153000.0
775586,299000.0
775612,305000.0
775729,142000.0
775785,162000.0
775911,222000.0
776126,153000.0
776220,592000.0
776281,257000.0
776537,566000.0
776718,213000.0
776786,221000.0
777092,446000.0
777265,220000.0
777365,441000.0
777442,209000.0
777610,545000.0
777612,175000.0
777763,257000.0
777818,320000.0
778020,243000.0
792324,524000.0
792630,163000.0
792713,108000.0
792725,252000.0
792887,305000.0
792939,679000.0
793005,201000.0
793008,314000.0
793066,280000.0
793127,320000.0
793161,179000.0
793409,205000.0
793475,279000.0
793537,429000.0
793642,225000.0
793661,266000.0
793768,336000.0
793977,860000.0
793978,262000.0
794009,522000.0
794521,156000.0
794522,217000.0
794646,180000.0
794657,232000.0
794681,339000.0
794957,314000.0
795043,146000.0
795214,173000.0
795458,191000.0
795504,372000.0
795614,214000.0
795689,320000.0
795690,353000.0
795749,364000.0
795780,310000.0
796046,437000.0
796093,146000.0
796230,400000.0
796239,467000.0
796407,875000.0
796414,292000.0
796526,211000.0
796611,210000.0
796612,215000.0
796693,175000.0
796941,277000.0
797000,338000.0
797301,337000.0
797320,317000.0
797501,261000.0
797556,362000.0
797602,225000.0
797607,225000.0
797650,218000.0
797759,710000.0
797840,294000.0
797920,157000.0
797955,118000.0
797986,160000.0
798122,377000.0
798154,524000.0
799016,196000.0
799634,257000.0
799788,544000.0
800114,239000.0
800138,317000.0
800424,122000.0
800449,601000.0
800510,519000.0
800532,235000.0
800541,259000.0
800609,284000.0
800668,245000.0
800744,387000.0
800866,294000.0
800903,496000.0
800916,365000.0
801752,277000.0
801804,235000.0
801847,627000.0
801858,193000.0
802128,482000.0
802258,203000.0
802295,262000.0
802341,256000.0
802386,808000.0
802424,177000.0
802445,198000.0
802668,278000.0
802700,211000.0
802704,280000.0
802728,446000.0
802910,200000.0
803292,465000.0
803311,85000.0
803329,184000.0
803374,295000.0
803536,408000.0
803639,422000.0
804024,256000.0
804212,645000.0
804231,238000.0
804291,720000.0
804531,131000.0
804598,225000.0
804627,156000.0
804631,145000.0
804637,395000.0
804655,197000.0
804744,221000.0
804766,181000.0
804807,130000.0
805014,727000.0
805098,673000.0
805194,497000.0
805373,506000.0
805394,265000.0
805486,191000.0
805500,451000.0
805630,172000.0
805757,259000.0
806068,527000.0
806144,142000.0
806361,205000.0
806422,334000.0
806448,317000.0
806622,223000.0
806748,182000.0
806977,500000.0
806994,498000.0
807158,199000.0
807182,221000.0
807185,219000.0
807247,93000.0
807280,367000.0
807366,213000.0
807797,211000.0
808029,303000.0
808116,325000.0
808193,664000.0
808317,255000.0
808398,188000.0
808402,321000.0
808665,230000.0
808694,129000.0
809040,260000.0
809598,307000.0
809658,186000.0
810178,143000.0
810217,328000.0
810247,206000.0
810250,163000.0
810315,352000.0
810593,760000.0
810694,188000.0
810750,180000.0
810752,413000.0
810823,529000.0
811013,837000.0
811014,863000.0
811029,790000.0
811033,346000.0
811079,181000.0
811149,553000.0
811154,177000.0
811318,262000.0
811572,455000.0
811752,200000.0
811825,170000.0
811863,603000.0
811890,190000.0
812013,174000.0
812020,208000.0
812190,177000.0
812277,299000.0
812281,408000.0
812496,530000.0
813366,242000.0
813513,219000.0
813541,180000.0
813723,759000.0
813854,362000.0
813900,1280000.0
813905,467000.0
813991,201000.0
814439,118000.0
814562,790000.0
814741,200000.0
814748,174000.0
814792,190000.0
814808,142000.0
814955,306000.0
815240,312000.0
815395,546000.0
815501,167000.0
815512,223000.0
815573,423000.0
815588,251000.0
815670,480000.0
815688,289000.0
815690,288000.0
815696,481000.0
815763,238000.0
815988,319000.0
816064,342000.0
816242,441000.0
816290,402000.0
816334,441000.0
816744,248000.0
816890,194000.0
816995,132000.0
816999,279000.0
817070,248000.0
817184,996000.0
817220,255000.0
817222,258000.0
817335,345000.0
817398,159000.0
817401,732000.0
817469,628000.0
817478,863000.0
817485,504000.0
849254,560000.0
849335,403000.0
849583,453000.0
849628,295000.0
849715,713000.0
849938,527000.0
850070,293000.0
850071,273000.0
850074,592000.0
850143,180000.0
850650,497000.0
850688,203000.0
850706,177000.0
851200,240000.0
851362,506000.0
851404,775000.0
851791,285000.0
851810,317000.0
851844,274000.0
851885,387000.0
851929,387000.0
852009,197000.0
852060,649000.0
852108,572000.0
852166,176000.0
852210,650000.0
852356,190000.0
852727,399000.0
852786,167000.0
852794,176000.0
852798,281000.0
852811,234000.0
852983,264000.0
853152,324000.0
853212,341000.0
853308,246000.0
853360,309000.0
853400,334000.0
853448,176000.0
853547,469000.0
853738,258000.0
853999,159000.0
854058,180000.0
854206,511000.0
854316,475000.0
854372,970000.0
854548,325000.0
854627,452000.0
854717,778000.0
854804,432000.0
854850,293000.0
855254,506000.0
855290,267000.0
855591,481000.0
855835,519000.0
856006,419000.0
856174,182000.0
856192,270000.0
856247,382000.0
856511,758000.0
856637,311000.0
856638,245000.0
856646,260000.0
856699,644000.0
856869,318000.0
856903,512000.0
857014,478000.0
857021,275000.0
857337,126000.0
857466,311000.0
857561,461000.0
857715,362000.0
857930,635000.0
857933,627000.0
857984,140000.0
858020,149000.0
858115,209000.0
858187,420000.0
858284,296000.0
858313,173000.0
858343,183000.0
858367,435000.0
858368,206000.0
858391,410000.0
858467,176000.0
858620,297000.0
858789,424000.0
858910,247000.0
858923,445000.0
858925,169000.0
859089,210000.0
859208,447000.0
859213,283000.0
859448,377000.0
859735,339000.0
859737,212000.0
859952,275000.0
860006,275000.0
860132,178000.0
860301,128000.0
860323,131000.0
860335,224000.0
860364,116000.0
860502,537000.0
860548,642000.0
860582,441000.0
860748,447000.0
860775,470000.0
860948,393000.0
861031,705000.0
861333,152000.0
861384,251000.0
861474,298000.0
861714,291000.0
861731,320000.0
861732,98000.0
861737,199000.0
861820,329000.0
861885,437000.0
862030,313000.0
862188,207000.0
862261,184000.0
862281,212000.0
862618,180000.0
862788,562000.0
862799,278000.0
862968,215000.0
862970,190000.0
862972,336000.0
863013,169000.0
863030,419000.0
863134,562000.0
863308,210000.0
863598,513000.0
863775,217000.0
863870,572000.0
863876,263000.0
863878,257000.0
863962,585000.0
864003,671000.0
864031,427000.0
864076,362000.0
864259,272000.0
864264,267000.0
864392,451000.0
864413,492000.0
864696,218000.0
864957,532000.0
864967,225000.0
865059,313000.0
865088,159000.0
865172,205000.0
865294,225000.0
865295,216000.0
865397,384000.0
865837,195000.0
865915,896000.0
865988,245000.0
866170,198000.0
866219,163000.0
866221,125000.0
866233,352000.0
866670,162000.0
866690,365000.0
866710,130000.0
866832,223000.0
866953,444000.0
867179,186000.0
867437,310000.0
867463,342000.0
867734,300000.0
867910,204000.0
868080,206000.0
868188,191000.0
868288,955000.0
868374,326000.0
868833,262000.0
869107,171000.0
869128,160000.0
869129,179000.0
869138,296000.0
869231,381000.0
869299,693000.0
869366,362000.0
869499,224000.0
869632,243000.0
869658,163000.0
869693,382000.0
870083,286000.0
870420,318000.0
870666,155000.0
870737,421000.0
870738,278000.0
870742,280000.0
870773,163000.0
870921,318000.0
871140,280000.0
871143,272000.0
871239,327000.0
871264,144000.0
871783,493000.0
871887,310000.0
872186,153000.0
872351,380000.0
872453,567000.0
872615,350000.0
873114,234000.0
873126,233000.0
873173,278000.0
873306,163000.0
874035,316000.0
874087,229000.0
874106,924000.0
874111,130000.0
874132,277000.0
874172,130000.0
874299,310000.0
874301,155000.0
874678,295000.0
875005,311000.0
875040,214000.0
875084,274000.0
875343,242000.0
875373,483000.0
875694,431000.0
875715,359000.0
875883,350000.0
875956,505000.0
876188,200000.0
876243,203000.0
876248,187000.0
876298,1099000.0
876348,234000.0
876525,466000.0
876573,229000.0
876658,198000.0
876802,136000.0
877045,242000.0
877057,200000.0
877061,194000.0
877082,273000.0
877159,736000.0
877356,265000.0
877405,304000.0
877586,297000.0
877678,204000.0
877695,839000.0
877858,120000.0
877986,397000.0
877992,474000.0
877993,461000.0
877999,182000.0
878136,222000.0
878160,315000.0
878162,251000.0
878163,164000.0
878164,409000.0
878185,266000.0
878259,126000.0
878329,273000.0
878421,703000.0
878447,292000.0
878983,267000.0
879011,396000.0
879025,313000.0
879202,667000.0
879262,363000.0
879410,179000.0
879445,212000.0
879490,471000.0
879704,249000.0
879837,143000.0
879874,301000.0
879899,263000.0
879907,265000.0
880010,219000.0
880022,489000.0
880054,151000.0
880204,333000.0
880277,190000.0
880443,218000.0
880473,218000.0
880481,559000.0
880488,559000.0
880535,486000.0
880552,456000.0
880554,456000.0
880659,218000.0
880698,353000.0
880710,386000.0
880760,232000.0
880910,558000.0
881195,297000.0
881204,513000.0
881269,189000.0
881271,323000.0
881536,294000.0
881648,213000.0
881673,544000.0
881944,413000.0
882063,569000.0
882221,248000.0
882324,233000.0
882337,490000.0
882438,249000.0
882778,218000.0
882904,229000.0
882962,268000.0
883438,121000.0
883576,231000.0
883600,231000.0
883704,156000.0
883831,258000.0
884093,230000.0
884099,194000.0
884231,144000.0
884499,412000.0
884561,526000.0
884563,526000.0
884654,126000.0
917473,232000.0
917675,405000.0
917724,953000.0
918021,565000.0
918033,275000.0
918035,358000.0
918495,628000.0
918508,745000.0
918559,162000.0
918632,502000.0
918906,432000.0
918909,241000.0
918921,440000.0
919282,829000.0
919294,662000.0
919346,366000.0
919348,523000.0
919349,505000.0
919389,519000.0
919475,234000.0
919477,282000.0
919478,159000.0
919577,363000.0
919708,353000.0
919726,135000.0
919736,313000.0
919757,199000.0
919778,377000.0
919891,170000.0
919997,266000.0
920012,383000.0
920013,181000.0
920137,451000.0
920258,493000.0
920314,432000.0
920322,502000.0
922004,263000.0
922014,137000.0
922214,202000.0
922244,307000.0
1024686,332000.0
1024698,423000.0
1024801,180000.0
1025018,302000.0
1025058,229000.0
1025061,222000.0
1025080,205000.0
1025173,159000.0
1025211,232000.0
1025298,337000.0
1025315,222000.0
1025346,201000.0
1025350,525000.0
1026050,482000.0
1026150,360000.0
1026439,166000.0
1026667,191000.0
1026670,312000.0
1026853,234000.0
1026857,435000.0
1027120,280000.0
1027152,182000.0
1027154,870000.0
1027285,313000.0
1027287,240000.0
1027289,255000.0
1027304,422000.0
1027312,260000.0
1027564,230000.0
1027908,240000.0
1028089,169000.0
1028529,297000.0
1028591,129000.0
1028658,194000.0
1028708,336000.0
1028749,471000.0
1028829,460000.0
1028874,320000.0
1029454,277000.0
1029472,855000.0
1029518,192000.0
1029744,235000.0
1029859,181000.0
1030059,343000.0
1030097,181000.0
1030101,154000.0
1030123,526000.0
1030203,335000.0
1030283,139000.0
1030444,684000.0
1030455,296000.0
1030459,150000.0
1030503,307000.0
1030736,129000.0
1030804,249000.0
1030937,535000.0
1031066,345000.0
1031181,225000.0
1031311,294000.0
1031478,213000.0
1031619,75000.0
1031690,337000.0
1031854,241000.0
1031858,380000.0
1031906,290000.0
1031920,179000.0
1031942,152000.0
1032259,352000.0
1032333,91000.0
1032385,167000.0
1032393,355000.0
1032599,151000.0
1032620,329000.0
1032637,323000.0
1032669,166000.0
1032731,320000.0
1032777,234000.0
1032887,152000.0
1032923,282000.0
1032932,661000.0
1033063,245000.0
1033091,245000.0
1033395,214000.0
1033445,151000.0
1033457,482000.0
1033533,187000.0
1033712,529000.0
1033894,244000.0
1033932,230000.0
1033937,569000.0
1033988,548000.0
1033989,547000.0
1034003,241000.0
1034012,133000.0
1034047,589000.0
1034062,110000.0
1034064,148000.0
1034065,167000.0
1034066,171000.0
1034068,248000.0
1034078,430000.0
1034088,232000.0
1034300,479000.0
1034363,226000.0
1034496,175000.0
1034605,306000.0
1034670,287000.0
1034716,348000.0
1034718,251000.0
1034778,766000.0
1034779,587000.0
1034803,254000.0
1034837,226000.0
1034944,283000.0
1035106,222000.0
1035111,264000.0
1035166,462000.0
1035490,477000.0
1035494,177000.0
1035524,216000.0
1035548,182000.0
1035564,201000.0
1035605,476000.0
1035785,247000.0
1035893,432000.0
1036037,376000.0
1036072,474000.0
1036103,428000.0
1036226,497000.0
1037508,332000.0
1037509,136000.0
1037613,710000.0
1037615,470000.0
1037616,1139000.0
1037617,690000.0
1037619,692000.0
1037699,239000.0
1037850,900000.0
1037908,317000.0
1038175,376000.0
1038180,243000.0
1038183,771000.0
1038322,583000.0
1038432,285000.0
1038447,129000.0
1038448,241000.0
1038494,247000.0
1038509,262000.0
1038512,225000.0
1038516,217000.0
1038517,245000.0
1038532,256000.0
1038541,315000.0
1038551,249000.0
1038600,176000.0
1038788,231000.0
1038956,378000.0
1038957,208000.0
1039041,148000.0
1039176,341000.0
1039208,141000.0
1039427,201000.0
1039430,291000.0
1039434,132000.0
1039449,214000.0
1039523,283000.0
1039795,270000.0
1039810,686000.0
1039879,453000.0
1040038,404000.0
1040077,782000.0
1040154,150000.0
1040155,187000.0
1040245,98000.0
1040616,162000.0
1040659,370000.0
1040829,162000.0
1040841,344000.0
1041077,220000.0
1041312,215000.0
1041324,140000.0
1041354,131000.0
1041377,84000.0
1041469,172000.0
1041480,248000.0
1041501,383000.0
1041515,345000.0
1041815,148000.0
1041945,468000.0
1041997,248000.0
1042010,488000.0
1042250,270000.0
1042254,296000.0
1042365,202000.0
1042421,354000.0
1042710,179000.0
1043106,241000.0
1043116,320000.0
1043117,193000.0
1043349,121000.0
1043369,339000.0
1043413,133000.0
1043475,269000.0
1043480,184000.0
1043482,389000.0
1043492,191000.0
1043501,204000.0
1043542,309000.0
1043603,189000.0
1043620,674000.0
1043688,231000.0
1043779,280000.0
1043799,297000.0
1043891,413000.0
1043892,387000.0
1043945,935000.0
1044186,190000.0
1044193,212000.0
1044204,272000.0
1044205,272000.0
1044215,531000.0
1044236,684000.0
1044277,463000.0
1044296,651000.0
1044297,928000.0
1044356,301000.0
1044456,143000.0
1044496,502000.0
1044569,268000.0
1044700,228000.0
1044742,230000.0
1044802,286000.0
1044803,259000.0
1044813,379000.0
1044832,204000.0
1044867,276000.0
1045016,276000.0
1045148,201000.0
1045209,286000.0
1045223,555000.0
1045320,239000.0
1045323,291000.0
1045414,192000.0
1045572,570000.0
1045573,519000.0
1045595,557000.0
1045679,216000.0
1045724,550000.0
1045725,550000.0
1045730,422000.0
1045799,304000.0
1045886,361000.0
1045930,953000.0
1045955,155000.0
1045981,302000.0
1046127,203000.0
1046209,216000.0
1046212,541000.0
1046225,336000.0
1046231,287000.0
1046257,404000.0
1046283,129000.0
1046328,208000.0
1046331,149000.0
1046356,176000.0
1046430,99000.0
1046462,232000.0
1046488,217000.0
1046498,288000.0
1046576,161000.0
1046593,561000.0
1046597,266000.0
1046633,316000.0
1046719,497000.0
1046832,151000.0
1046844,586000.0
1046861,192000.0
1046862,192000.0
1046875,216000.0
1046947,367000.0
1046952,324000.0
1046992,199000.0
1047083,156000.0
1047115,257000.0
1047118,497000.0
1047172,305000.0
1047190,243000.0
1047193,189000.0
1047257,179000.0
1047273,215000.0
1047480,302000.0
1047498,215000.0
1047543,701000.0
1047617,178000.0
1047712,191000.0
1047901,255000.0
1047986,291000.0
1048124,132000.0
1048181,209000.0
1048203,265000.0
1048241,148000.0
1048292,368000.0
1048310,239000.0
1048513,288000.0
1048631,146000.0
1049174,125000.0
1049242,850000.0
1049249,666000.0
1049252,193000.0
1049305,147000.0
1049306,150000.0
1049317,228000.0
1049322,587000.0
1049326,171000.0
1049334,522000.0
1049336,312000.0
1049377,184000.0
1049418,228000.0
1049447,165000.0
1049476,379000.0
1049480,444000.0
1049490,460000.0
1049498,185000.0
1049499,308000.0
1049504,357000.0
1049505,186000.0
1049521,142000.0
1049551,426000.0
1049557,237000.0
1049586,317000.0
1049673,253000.0
1049674,488000.0
1049684,382000.0
1049721,424000.0
1049728,192000.0
1049744,120000.0
1049769,364000.0
1049783,227000.0
1049881,402000.0
1049888,379000.0
1049902,680000.0
1049929,210000.0
1050083,459000.0
1050117,449000.0
1050132,387000.0
1050134,462000.0
1050140,310000.0
1050208,222000.0
1050240,249000.0
1050279,493000.0
1050338,139000.0
1050362,220000.0
1050433,455000.0
1050457,567000.0
1050501,571000.0
1050574,209000.0
1050594,436000.0
1050656,232000.0
1050862,384000.0
1050863,379000.0
1050909,386000.0
1050939,422000.0
1050946,223000.0
1050995,387000.0
1051015,123000.0
1051038,147000.0
1051097,371000.0
1051130,305000.0
1051148,653000.0
1051151,623000.0
1051239,353000.0
1051244,443000.0
1051288,227000.0
1051313,223000.0
1051314,224000.0
1051354,212000.0
1051440,150000.0
1051504,159000.0
1051585,148000.0
1051651,282000.0
1051887,229000.0
1051929,700000.0
1052048,243000.0
1052213,511000.0
1052363,160000.0
1052422,569000.0
1052438,362000.0
1052484,202000.0
1052505,418000.0
1052581,286000.0
1052622,160000.0
1052708,204000.0
1052827,453000.0
1052838,150000.0
1052871,745000.0
1052891,189000.0
1053088,169000.0
1053226,599000.0
1053352,548000.0
1053730,555000.0
1053935,182000.0
1054083,547000.0
1054093,260000.0
1054179,195000.0
1054262,163000.0
1054334,305000.0
1054358,130000.0
1054564,234000.0
1054624,319000.0
1054633,321000.0
1054796,282000.0
1054801,211000.0
1054937,768000.0
1054961,193000.0
1055035,214000.0
1055041,370000.0
1055092,309000.0
1055135,89000.0
1055232,551000.0
1055233,147000.0
1055361,509000.0
1055407,226000.0
1055408,247000.0
1055462,847000.0
1055471,342000.0
1055681,334000.0
1055727,470000.0
1055783,663000.0
1055884,417000.0
1055885,417000.0
1055936,144000.0
1055950,326000.0
1055976,245000.0
1056019,414000.0
1056287,231000.0
1056414,81000.0
1056599,543000.0
1056744,324000.0
1056825,205000.0
1056826,496000.0
1056908,321000.0
1056914,192000.0
1056944,430000.0
1057065,189000.0
1057090,337000.0
1057091,309000.0
1057148,225000.0
1057149,225000.0
1057150,225000.0
1057151,225000.0
1057152,225000.0
1057153,225000.0
1057234,328000.0
1057297,239000.0
1057375,211000.0
1057507,184000.0
1057887,322000.0
1057947,250000.0
1057950,157000.0
1057955,252000.0
1057965,285000.0
1058044,274000.0
1058078,251000.0
1058101,214000.0
1058176,435000.0
1058333,197000.0
1058334,217000.0
1058599,481000.0
1058796,323000.0
1058801,229000.0
1058802,493000.0
1058822,144000.0
1058928,173000.0
1058931,581000.0
1059002,215000.0
1059048,532000.0
1059114,926000.0
1059119,185000.0
1059129,260000.0
1059188,319000.0
1059376,205000.0
1059388,610000.0
1059539,302000.0
1059545,195000.0
1059547,162000.0
1059555,253000.0
1059586,282000.0
1059624,188000.0
1059665,235000.0
1059675,197000.0
1059677,195000.0
1059748,178000.0
1059846,681000.0
1059865,211000.0
1059892,203000.0
1059967,360000.0
1059984,328000.0
1059989,280000.0
1060018,182000.0
1060098,194000.0
1060175,313000.0
1060194,176000.0
1060278,656000.0
1060355,495000.0
1060363,479000.0
1060389,340000.0
1060551,242000.0
1060564,240000.0
1060584,219000.0
1060585,216000.0
1060754,306000.0
1060785,346000.0
1060795,370000.0
1060797,502000.0
1060800,220000.0
1060854,345000.0
1060907,138000.0
1060916,247000.0
1060943,157000.0
1060944,237000.0
1061025,378000.0
1061064,150000.0
1061103,627000.0
1061329,579000.0
1061352,400000.0
1061419,146000.0
1061472,288000.0
1061474,480000.0
1061489,289000.0
1061521,155000.0
1061613,193000.0
1061628,124000.0
1061716,439000.0
1061773,642000.0
1061906,231000.0
1061981,273000.0
1062059,255000.0
1062062,415000.0
1062154,211000.0
1062179,147000.0
1062215,124000.0
1062231,168000.0
1062234,367000.0
1062235,367000.0
1062237,127000.0
1150057,216000.0
1150061,328000.0
1150062,156000.0
1150302,344000.0
1150304,325000.0
1150307,252000.0
1150308,208000.0
1150312,227000.0
1150313,266000.0
1150315,344000.0
1150318,328000.0
1150709,467000.0
1150711,672000.0
1150714,457000.0
1150716,636000.0
1150721,423000.0
1150722,447000.0
1150723,613000.0
1150727,489000.0
1150729,749000.0
1150732,729000.0
1150733,529000.0
1150739,879000.0
1150741,742000.0
1150744,785000.0
1150751,608000.0
1158788,344000.0
1158790,541000.0
1158794,79000.0
1158798,533000.0
1158802,400000.0
1158803,400000.0
1158804,400000.0
1158972,212000.0
1158973,215000.0
1158979,355000.0
1158980,180000.0
1158982,207000.0
1159208,972000.0
1159224,325000.0
1159254,327000.0
1159717,157000.0
1159725,194000.0
1159755,364000.0
1159756,333000.0
1159757,175000.0
1159758,188000.0
1159760,151000.0
1159762,123000.0
1159764,143000.0
1160340,187000.0
1160342,223000.0
1160347,523000.0
1160348,173000.0
1160352,418000.0
1160353,312000.0
1160357,326000.0
1160368,900000.0
1160370,376000.0
1160372,555000.0
1160628,261000.0
1160633,341000.0
1160635,398000.0
1160642,808000.0
1160644,212000.0
1160646,277000.0
1160651,124000.0
1160652,165000.0
1160659,350000.0
1160663,341000.0
1160877,537000.0
1160879,455000.0
1160881,362000.0
1160884,653000.0
1160887,311000.0
1160891,818000.0
1160892,435000.0
1160893,596000.0
1160897,944000.0
1160900,790000.0
1160901,692000.0
1160903,746000.0
1160909,1507000.0
1160910,650000.0
1160913,649000.0
1160916,859000.0
1162333,241000.0
1162334,267000.0
1162374,561000.0
1162376,514000.0
1162380,439000.0
1162381,423000.0
1162382,170000.0
1162385,720000.0
1162386,588000.0
1162638,419000.0
1162639,326000.0
1162640,480000.0
1162641,477000.0
1162643,415000.0
1162707,443000.0
1162708,278000.0
1162764,350000.0
1162899,230000.0
1162918,366000.0
1162924,197000.0
1162925,301000.0
1162926,221000.0
1162927,249000.0
1163023,500000.0
1163027,233000.0
1163028,374000.0
1163039,219000.0
1163040,320000.0
1163042,315000.0
1163043,338000.0
1163044,302000.0
1163047,200000.0
1163050,296000.0
1163083,394000.0
1163086,513000.0
1163089,308000.0
1163090,679000.0
1163091,309000.0
1163092,239000.0
1163093,438000.0
1163095,568000.0
1163096,187000.0
1163264,315000.0
1163271,310000.0
1164020,283000.0
1164022,240000.0
1164028,223000.0
1164565,221000.0
1164567,408000.0
1164571,297000.0
1164576,296000.0
1164578,298000.0
1164580,265000.0
1164581,259000.0
1164582,485000.0
1164583,146000.0
1164617,584000.0
1164618,502000.0
1164622,147000.0
1164625,539000.0
1164627,603000.0
1164629,567000.0
1164911,495000.0
1164914,282000.0
1164916,274000.0
1164936,210000.0
1164938,286000.0
1164940,214000.0
1167361,592000.0
1167364,241000.0
1167369,619000.0
1167373,328000.0
1167374,408000.0
1167375,194000.0
1167383,670000.0
1167385,438000.0
1167387,239000.0
1167388,338000.0
1167392,139000.0
1167397,222000.0
1167398,139000.0
1167399,216000.0
1167401,265000.0
1167402,323000.0
1167403,166000.0
1167404,210000.0
1167405,230000.0
1167406,236000.0
1167407,215000.0
1167409,338000.0
1167410,216000.0
1167411,199000.0
1167412,188000.0
1167413,219000.0
1167414,210000.0
1167426,204000.0
1167429,234000.0
1167430,307000.0
1167431,201000.0
1167437,237000.0
1167439,440000.0
1171188,241000.0
1171191,163000.0
1171194,215000.0
1171195,265000.0
1171196,196000.0
1171200,237000.0
1171201,240000.0
1171203,173000.0
1171204,234000.0
1171205,236000.0
1171362,907000.0
1171367,708000.0
1172945,195000.0
1172952,217000.0
1173341,389000.0
1173343,320000.0
1173347,275000.0
1173351,329000.0
1173353,305000.0
1173355,410000.0
1173356,261000.0
1173358,381000.0
1173362,278000.0
1173364,360000.0
1174252,790000.0
1174253,730000.0
1174258,616000.0
1174265,380000.0
1174280,810000.0
1174393,141000.0
1174395,219000.0
1174396,204000.0
1174397,188000.0
1174398,244000.0
1174400,345000.0
1174404,223000.0
1174405,171000.0
1174407,180000.0
1174456,162000.0
1174460,138000.0
1174462,239000.0
1174465,279000.0
1174466,227000.0
1174468,222000.0
1174469,250000.0
1174471,213000.0
1174472,264000.0
1174473,282000.0
1174475,239000.0
1174491,101000.0
1174496,220000.0
1174501,134000.0
1174592,183000.0
1174593,242000.0
1174595,165000.0
1174596,186000.0
1174598,183000.0
1174599,344000.0
1174602,371000.0
1174607,132000.0
1174608,160000.0
1174732,191000.0
1174738,215000.0
1174742,228000.0
1174743,183000.0
1174748,195000.0
1175538,108000.0
1175539,179000.0
1175543,227000.0
1175547,150000.0
1175548,154000.0
1175550,124000.0
1176289,623000.0
1176758,695000.0
1176759,440000.0
1176764,472000.0
1176772,354000.0
1177110,178000.0
1177116,146000.0
1177118,218000.0
1177121,252000.0
1177122,270000.0
1177125,159000.0
1177822,158000.0
1178019,249000.0
1178024,497000.0
1179391,679000.0
1179392,692000.0
1179393,768000.0
1179512,315000.0
1179513,177000.0
1179516,167000.0
1179517,126000.0
1179518,174000.0
1179526,271000.0
1179527,251000.0
1179540,272000.0
1179542,219000.0
1179543,317000.0
1179546,277000.0
1179548,251000.0
1179552,219000.0
1179554,188000.0
1179555,245000.0
1179557,340000.0
1179944,488000.0
1179948,398000.0
1179949,420000.0
1179952,436000.0
1179953,606000.0
1179955,430000.0
1180044,519000.0
1180046,164000.0
1180047,199000.0
1180048,158000.0
1180049,358000.0
1180050,307000.0
1180051,402000.0
1180053,421000.0
1180054,241000.0
1180056,319000.0
1180060,340000.0
1180070,661000.0
1180073,547000.0
1180078,308000.0
1180080,678000.0
1180241,168000.0
1180242,383000.0
1180243,173000.0
1180251,241000.0
1180253,269000.0
1180254,255000.0
1180255,302000.0
1180257,299000.0
1180452,228000.0
1180461,168000.0
1180464,277000.0
1180465,152000.0
1180466,89000.0
1180467,84000.0
1180469,144000.0
1180471,110000.0
1180472,196000.0
1180474,317000.0
1180479,211000.0
1180481,241000.0
1180482,233000.0
1180484,161000.0
1180485,248000.0
1180487,428000.0
1180619,164000.0
1180622,236000.0
1180628,301000.0
1180629,202000.0
1180630,241000.0
1180701,288000.0
1180702,258000.0
1180704,204000.0
1180707,308000.0
1180708,223000.0
1180711,210000.0
1180712,452000.0
1180716,269000.0
1180717,228000.0
1180732,303000.0
1180733,202000.0
1180734,304000.0
1180735,267000.0
1180738,221000.0
1180739,146000.0
1180741,177000.0
1180743,142000.0
1180744,260000.0
1180748,151000.0
1180749,191000.0
1180770,141000.0
1180771,211000.0
1180774,158000.0
1180777,170000.0
1180938,108000.0
1180945,539000.0
1180951,147000.0
1180954,103000.0
1180967,740000.0
1180976,697000.0
1180977,842000.0
1181989,194000.0
1182023,201000.0
1182025,122000.0
1182026,459000.0
1182030,356000.0
1182033,737000.0
1182314,197000.0
1182315,348000.0
1182316,170000.0
1182317,286000.0
1182321,208000.0
1182322,200000.0
1182323,227000.0
1182628,260000.0
1182650,291000.0
1182652,328000.0
1182654,733000.0
1182655,617000.0
1182744,336000.0
1182745,292000.0
1182746,333000.0
1182748,182000.0
1182749,422000.0
1182754,499000.0
1182756,359000.0
1182757,218000.0
1183211,318000.0
1183213,313000.0
1183689,287000.0
1183690,323000.0
1183691,454000.0
1183692,549000.0
1184185,217000.0
1184271,143000.0
1184272,308000.0
1184678,263000.0
1184679,369000.0
1184680,282000.0
1184730,482000.0
1184731,567000.0
1184772,221000.0
1184775,325000.0
1184780,296000.0
1184783,368000.0
1184806,395000.0
1184809,340000.0
1184956,414000.0
1185123,359000.0
1185129,475000.0
1185141,561000.0
1185144,568000.0
1185145,507000.0
1185150,426000.0
1185316,400000.0
1185317,294000.0
1185326,170000.0
1185328,71000.0
1185330,190000.0
1185331,215000.0
1185722,104000.0
1185744,120000.0
1185746,242000.0
1185748,145000.0
1185818,94000.0
1185819,90000.0
1186256,309000.0
1186257,109000.0
1186258,113000.0
1186260,309000.0
1186261,314000.0
1186284,213000.0
1186288,495000.0
1186368,400000.0
1186370,326000.0
1186371,219000.0
1186373,390000.0
1186374,318000.0
1186376,298000.0
1186379,213000.0
1186380,168000.0
1186827,169000.0
1186830,475000.0
1186831,244000.0
1186832,203000.0
1186834,222000.0
1186835,176000.0
1186837,265000.0
1186840,253000.0
1187587,450000.0
1187625,270000.0
1187626,128000.0
1187628,432000.0
1187839,96000.0
1187840,172000.0
1187842,255000.0
1187843,221000.0
1187844,215000.0
1187851,313000.0
1187853,201000.0
1187854,272000.0
1188373,146000.0
1188428,656000.0
1188429,355000.0
1188430,339000.0
1188431,422000.0
1188439,375000.0
1188440,459000.0
1188442,443000.0
1188484,207000.0
1188485,203000.0
1188487,164000.0
1188488,164000.0
1188490,233000.0
1188493,205000.0
1188499,220000.0
1188519,254000.0
1188531,365000.0
1188535,183000.0
1188538,132000.0
1188539,209000.0
1188577,290000.0
1188578,681000.0
1188581,341000.0
1189583,214000.0
1189587,332000.0
1189590,418000.0
1189593,378000.0
1189594,377000.0
1189595,165000.0
1189596,376000.0
1189599,250000.0
1189600,251000.0
1189603,257000.0
1189605,313000.0
1189606,323000.0
1189610,307000.0
1189611,474000.0
1191966,181000.0
1191971,205000.0
1191972,261000.0
1192091,601000.0
1192096,692000.0
1192970,341000.0
1192973,525000.0
1193162,116000.0
1193163,1046000.0
1193168,429000.0
1193169,290000.0
1193170,278000.0
1193171,284000.0
1193543,940000.0
1193676,424000.0
1193751,1000000.0
1193761,809000.0
1193775,1083000.0
1193777,745000.0
1193779,694000.0
1193782,595000.0
1193783,366000.0
1193836,197000.0
1193848,292000.0
1193849,317000.0
1193850,220000.0
1193855,334000.0
1193857,252000.0
1193859,254000.0
1193861,179000.0
1193862,229000.0
1193863,274000.0
1193864,222000.0
1193866,184000.0
1193915,153000.0
1193925,813000.0
1193927,400000.0
1193952,203000.0
1193953,277000.0
1193954,195000.0
1193955,271000.0
1193956,190000.0
1193957,235000.0
1194415,158000.0
1194922,900000.0
1194977,121000.0
1195222,383000.0
1195223,406000.0
1195224,451000.0
1195225,692000.0
1195425,440000.0
1195426,279000.0
1195432,480000.0
1195891,259000.0
1195892,165000.0
1195893,232000.0
1195900,68000.0
1195901,399000.0
1195903,134000.0
1196019,215000.0
1196842,206000.0
1196844,333000.0
1196847,288000.0
1196872,168000.0
1196892,433000.0
1196893,218000.0
1196894,258000.0
1196895,494000.0
1196904,363000.0
1196912,258000.0
1196913,271000.0
1196993,297000.0
1196994,374000.0
1196998,208000.0
1196999,285000.0
1197000,256000.0
1197002,214000.0
1197106,213000.0
1197107,277000.0
1197108,336000.0
1197166,532000.0
1197209,613000.0
1197214,328000.0
1197215,189000.0
1197216,262000.0
1197253,532000.0
1197256,250000.0
1197309,369000.0
1197311,648000.0
1197315,368000.0
1197316,277000.0
1197321,341000.0
1197322,263000.0
1197323,287000.0
1197324,178000.0
1197325,173000.0
1197326,192000.0
1197328,171000.0
1197329,513000.0
1197331,182000.0
1197345,284000.0
1197351,532000.0
1197462,182000.0
1197463,360000.0
1197465,145000.0
1197467,181000.0
1197469,131000.0
1197470,131000.0
1197502,314000.0
1197549,953000.0
1197570,504000.0
1197627,224000.0
1197672,314000.0
1197859,293000.0
1197860,293000.0
1197977,501000.0
1197978,150000.0
1198019,274000.0
1198021,303000.0
1198337,517000.0
1198358,647000.0
1198364,520000.0
1198365,343000.0
1198366,603000.0
1198367,431000.0
1198368,442000.0
1198369,220000.0
1198373,521000.0
1198446,343000.0
1198450,285000.0
1198451,328000.0
1198452,328000.0
1198453,228000.0
1198457,225000.0
1198621,327000.0
1198645,192000.0
1198649,469000.0
1198650,499000.0
1198664,254000.0
1198665,325000.0
1198669,266000.0
1198670,118000.0
1198671,138000.0
1198760,195000.0
1198766,385000.0
1198768,290000.0
1198771,335000.0
1198773,538000.0
715273,444000.0
717643,335000.0
720473,451000.0
722274,274000.0
722610,291000.0
722632,316000.0
724293,952000.0
724296,315000.0
724367,1017000.0
724383,278000.0
724402,983000.0
724436,827000.0
724693,880000.0
725035,406000.0
726164,594000.0
728018,223000.0
728963,432000.0
730396,412000.0
730570,658000.0
732096,517000.0
732455,1417000.0
733749,540000.0
739805,709000.0
762985,302000.0
765024,508000.0
766318,232000.0
767291,273000.0
768075,846000.0
768187,844000.0
768450,317000.0
768818,696000.0
775095,736000.0
777984,390000.0
780334,483000.0
782037,1867000.0
783338,355000.0
788907,310000.0
791183,453000.0
791186,339000.0
800871,371000.0
805218,438000.0
808371,513000.0
810903,747000.0
813910,669000.0
814295,146000.0
816599,1527000.0
817980,320000.0
818854,797000.0
821034,417000.0
822425,135000.0
823206,740000.0
823722,723000.0
824962,188000.0
827620,1540000.0
829106,702000.0
829983,1530000.0
835034,240000.0
835905,532000.0
836853,537000.0
836965,1413000.0
837221,777000.0
837226,422000.0
837310,777000.0
837312,777000.0
837322,777000.0
837364,777000.0
837447,777000.0
837450,777000.0
837480,777000.0
837481,777000.0
837534,777000.0
837603,777000.0
837604,777000.0
837695,777000.0
837700,777000.0
838738,777000.0
838739,777000.0
838747,777000.0
839708,208000.0
839728,777000.0
839729,777000.0
839750,777000.0
839751,777000.0
839752,777000.0
839753,777000.0
839754,777000.0
839789,208000.0
839793,208000.0
839796,208000.0
840813,1028000.0
843860,537000.0
844526,271000.0
844543,545000.0
844754,297000.0
846486,368000.0
847164,725000.0
848484,192000.0
936754,1002000.0
937863,429000.0
937904,498000.0
938417,232000.0
938423,253000.0
938603,457000.0
938622,1236000.0
939544,171000.0
940696,136000.0
942465,161000.0
942737,1153000.0
943019,454000.0
943421,149000.0
945655,419000.0
947947,285000.0
949288,263000.0
952129,202000.0
952131,488000.0
952904,648000.0
953479,593000.0
954602,158000.0
954929,262000.0
955982,175000.0
958924,675000.0
959475,97000.0
960089,134000.0
960166,585000.0
961081,418000.0
961152,352000.0
961156,126000.0
963917,326000.0
963924,698000.0
963928,153000.0
964509,234000.0
965003,437000.0
967216,1038000.0
967710,418000.0
967711,590000.0
967715,1305000.0
968678,965000.0
969661,250000.0
970940,137000.0
971513,97000.0
972147,244000.0
972176,422000.0
972866,621000.0
974942,614000.0
974954,455000.0
976609,835000.0
978142,368000.0
978273,233000.0
978277,574000.0
978278,974000.0
978281,1270000.0
978860,232000.0
979110,258000.0
979112,251000.0
979516,202000.0
980337,840000.0
980476,265000.0
982006,1001000.0
983877,301000.0
983878,387000.0
983879,387000.0
985387,714000.0
985462,924000.0
985808,308000.0
986398,477000.0
987620,193000.0
988304,769000.0
988676,1380000.0
989018,681000.0
995698,734000.0
995822,1232000.0
1002393,1640000.0
1003195,175000.0
1003292,570000.0
1003326,475000.0
1003655,540000.0
1003662,551000.0
1003847,489000.0
1006131,437000.0
1008419,799000.0
1008432,538000.0
1008509,1048000.0
1008929,135000.0
1009457,382000.0
1010167,141000.0
1010251,263000.0
1010311,285000.0
1011035,1209000.0
1011899,285000.0
1013203,585000.0
1013464,451000.0
1013942,1313000.0
1014952,316000.0
1015519,703000.0
1018488,523000.0
1018565,198000.0
1018830,1227000.0
1019163,1200000.0
1019257,284000.0
1019258,325000.0
1022427,1717000.0
1023024,279000.0
1024198,1219000.0
1024386,225000.0
1024633,199000.0
1065813,652000.0
1066642,851000.0
1066903,209000.0
1068872,665000.0
1071707,622000.0
1072579,426000.0
1072606,444000.0
1073519,796000.0
1073733,375000.0
1074535,244000.0
1075895,601000.0
1076216,283000.0
1076517,175000.0
1076917,163000.0
1077573,583000.0
1078672,370000.0
1080081,222000.0
1080084,224000.0
1080177,273000.0
1080179,982000.0
1080180,442000.0
1080182,478000.0
1080646,128000.0
1081890,224000.0
1082838,275000.0
1082935,150000.0
1083177,130000.0
1083187,193000.0
1093683,545000.0
1094194,488000.0
1097426,265000.0
1098571,463000.0
1102741,442000.0
1102778,340000.0
1224860,1256000.0
1224861,424000.0
1224864,318000.0
1224865,207000.0
1224868,411000.0
1224877,972000.0
1229111,686000.0
1229116,613000.0
1229118,1590000.0
1235951,1412000.0
1235954,1233000.0
1236545,817000.0
1236554,153000.0
1236560,128000.0
1239168,355000.0
1239172,674000.0
1239175,1125000.0
1239178,1041000.0
1239179,593000.0
1239182,944000.0
1239184,1222000.0
1241221,238000.0
1241227,229000.0
1241228,154000.0
96029,123000.0
96056,361000.0
96065,533000.0
96072,101000.0
96079,212000.0
96099,217000.0
96100,217000.0
96136,72000.0
96137,72000.0
96138,72000.0
96140,132000.0
96142,214000.0
96143,102000.0
96193,156000.0
96202,213000.0
96206,370000.0
96207,222000.0
96224,126000.0
96225,126000.0
96227,131000.0
96302,988000.0
96318,352000.0
96339,123000.0
96369,241000.0
96417,131000.0
96432,78000.0
96464,77000.0
96467,192000.0
96471,194000.0
96476,152000.0
96477,289000.0
96481,83000.0
96486,105000.0
96487,134000.0
96515,375000.0
96547,177000.0
96571,354000.0
96574,110000.0
96593,266000.0
96606,141000.0
96648,121000.0
96654,118000.0
96656,407000.0
96661,690000.0
96662,410000.0
96664,102000.0
96668,407000.0
96669,410000.0
96672,407000.0
96678,352000.0
96679,393000.0
96683,582000.0
96713,645000.0
96715,107000.0
96735,90000.0
96742,118000.0
96750,108000.0
96751,103000.0
96758,103000.0
96760,137000.0
96762,102000.0
96765,77000.0
96771,103000.0
96772,77000.0
96782,102000.0
96790,136000.0
96791,335000.0
96816,162000.0
96819,313000.0
96821,101000.0
96838,214000.0
96862,393000.0
96863,444000.0
96869,110000.0
96875,456000.0
96876,951000.0
96896,194000.0
96897,395000.0
96937,249000.0
96946,110000.0
96952,153000.0
96957,151000.0
96986,202000.0
96988,335000.0
96990,682000.0
97005,1034000.0
97065,1315000.0
97071,262000.0
97077,203000.0
97081,610000.0
97083,170000.0
97093,572000.0
97097,121000.0
97122,249000.0
97125,178000.0
97126,249000.0
97127,161000.0
97129,294000.0
97133,100000.0
97137,215000.0
97139,444000.0
97140,288000.0
97144,132000.0
97146,96000.0
97148,132000.0
97149,96000.0
97152,72000.0
97154,96000.0
97155,96000.0
97161,616000.0
97166,154000.0
97194,136000.0
97210,98000.0
97213,187000.0
97215,114000.0
97217,114000.0
97224,182000.0
97226,127000.0
97229,749000.0
97235,205000.0
97250,294000.0
97263,217000.0
97269,402000.0
97312,117000.0
97318,629000.0
97327,107000.0
97336,1083000.0
97447,248000.0
97449,103000.0
97467,194000.0
97482,136000.0
97495,194000.0
97527,530000.0
97531,164000.0
97533,100000.0
97545,166000.0
97550,882000.0
97555,743000.0
97562,121000.0
97564,119000.0
97565,119000.0
97566,164000.0
97573,87000.0
97575,119000.0
97578,331000.0
97579,338000.0
97580,331000.0
97582,217000.0
97583,339000.0
97584,210000.0
97585,249000.0
97586,249000.0
97589,187000.0
97590,126000.0
97677,131000.0
97680,194000.0
97681,162000.0
97686,194000.0
97687,149000.0
97690,186000.0
97692,181000.0
97696,162000.0
97698,186000.0
97699,181000.0
97701,411000.0
97704,117000.0
97707,118000.0
97729,117000.0
97807,202000.0
97808,168000.0
97858,98000.0
97859,205000.0
97861,183000.0
97879,223000.0
97881,202000.0
97885,119000.0
97888,202000.0
97897,200000.0
97907,227000.0
97911,830000.0
97914,126000.0
97927,155000.0
97943,150000.0
97949,112000.0
97967,123000.0
97988,150000.0
97989,117000.0
97990,137000.0
97991,117000.0
97993,137000.0
97996,102000.0
97997,103000.0
97998,146000.0
97999,108000.0
98001,126000.0
98014,446000.0
98016,325000.0
98036,310000.0
98054,406000.0
98063,106000.0
98082,669000.0
98083,266000.0
98085,344000.0
98086,217000.0
98087,1124000.0
98090,119000.0
98095,454000.0
98103,153000.0
98108,300000.0
98119,284000.0
98149,278000.0
98164,1212000.0
98167,627000.0
98168,110000.0
98204,105000.0
98248,278000.0
98249,363000.0
98257,827000.0
98276,624000.0
98293,249000.0
98301,177000.0
98308,952000.0
98357,441000.0
98358,155000.0
98366,158000.0
98394,256000.0
98400,114000.0
98403,964000.0
98412,268000.0
98413,602000.0
98433,483000.0
98450,173000.0
98451,159000.0
98452,122000.0
98455,194000.0
98462,219000.0
98475,219000.0
98499,236000.0
98525,1046000.0
98526,189000.0
98528,189000.0
98531,249000.0
98544,103000.0
98553,148000.0
98573,271000.0
98582,210000.0
98584,217000.0
98585,210000.0
98589,110000.0
98593,247000.0
98596,141000.0
98648,186000.0
98652,161000.0
98653,366000.0
98654,113000.0
98656,155000.0
98710,149000.0
98754,170000.0
98770,224000.0
98780,308000.0
98781,149000.0
98782,149000.0
98789,209000.0
98804,432000.0
98822,151000.0
98823,94000.0
98828,184000.0
98842,192000.0
98843,151000.0
98846,100000.0
98862,92000.0
98863,88000.0
98869,123000.0
98870,221000.0
98874,242000.0
98876,128000.0
98878,119000.0
98883,286000.0
98895,268000.0
98899,288000.0
98900,288000.0
98901,288000.0
98902,288000.0
98905,166000.0
98929,177000.0
98948,424000.0
98979,82000.0
99010,253000.0
99022,141000.0
99035,211000.0
99043,72000.0
99044,72000.0
99048,72000.0
99051,175000.0
99087,648000.0
99098,255000.0
99102,358000.0
99104,304000.0
99105,103000.0
99114,71000.0
99148,128000.0
99163,117000.0
99168,270000.0
99198,162000.0
99200,95000.0
99205,291000.0
99273,143000.0
99277,418000.0
99292,148000.0
99293,147000.0
99298,146000.0
99300,229000.0
99304,111000.0
99305,155000.0
99316,101000.0
99319,142000.0
99341,120000.0
99344,226000.0
99356,501000.0
99360,160000.0
99361,89000.0
99389,270000.0
99399,1193000.0
99400,206000.0
99401,115000.0
99421,241000.0
99429,184000.0
99433,279000.0
99436,646000.0
99439,368000.0
99442,159000.0
99450,111000.0
99451,450000.0
99460,279000.0
99475,132000.0
99480,340000.0
99483,231000.0
99529,128000.0
99532,111000.0
99542,106000.0
99575,183000.0
99583,196000.0
99597,158000.0
99601,116000.0
99603,120000.0
99624,245000.0
99625,180000.0
99651,75000.0
99655,249000.0
99673,77000.0
99694,590000.0
99697,197000.0
99698,309000.0
99714,240000.0
99716,123000.0
99717,123000.0
99718,123000.0
99719,123000.0
99728,155000.0
99736,157000.0
99739,85000.0
99751,225000.0
99759,171000.0
99760,195000.0
99761,402000.0
99765,143000.0
99769,62000.0
99812,730000.0
99817,113000.0
99855,260000.0
99868,175000.0
99869,115000.0
99874,162000.0
99895,85000.0
99897,381000.0
99980,203000.0
99982,177000.0
99984,305000.0
99985,237000.0
99990,59000.0
99991,169000.0
100086,120000.0
100110,503000.0
100115,185000.0
100118,124000.0
100119,242000.0
100122,169000.0
100125,146000.0
100126,168000.0
100127,123000.0
100129,185000.0
100130,124000.0
100134,168000.0
100136,124000.0
100156,451000.0
100157,347000.0
100169,505000.0
100171,285000.0
100179,77000.0
100187,73000.0
100192,61000.0
100193,61000.0
100219,295000.0
100243,62000.0
100244,62000.0
100289,128000.0
100297,128000.0
100310,345000.0
100312,715000.0
100327,145000.0
100378,59000.0
100422,59000.0
100447,71000.0
100513,256000.0
100520,80000.0
100532,79000.0
100534,93000.0
100537,91000.0
100550,77000.0
100557,87000.0
100564,100000.0
100571,657000.0
100575,159000.0
100595,392000.0
100596,239000.0
100620,316000.0
100621,233000.0
100648,250000.0
100652,118000.0
100661,147000.0
100677,443000.0
100678,357000.0
100681,444000.0
100708,118000.0
100709,114000.0
100723,611000.0
100730,292000.0
100733,119000.0
100735,119000.0
100736,123000.0
100744,322000.0
100755,425000.0
100774,100000.0
100800,76000.0
100805,130000.0
100812,912000.0
100813,934000.0
100819,85000.0
100821,381000.0
100866,59000.0
100906,268000.0
100942,74000.0
100950,74000.0
101142,123000.0
101185,162000.0
101191,479000.0
101193,93000.0
101283,84000.0
101287,109000.0
101300,164000.0
101308,93000.0
101316,73000.0
101318,170000.0
101326,64000.0
101402,262000.0
101456,92000.0
101469,55000.0
101478,248000.0
101486,143000.0
101499,310000.0
101501,163000.0
101506,673000.0
101512,97000.0
101514,85000.0
101515,86000.0
101527,76000.0
101552,55000.0
101571,66000.0
101583,72000.0
101600,100000.0
101601,100000.0
101603,100000.0
101614,65000.0
101619,240000.0
101642,163000.0
101673,70000.0
101680,131000.0
101694,177000.0
101702,127000.0
101707,284000.0
101720,137000.0
101755,176000.0
101770,116000.0
101780,58000.0
101785,135000.0
101817,177000.0
101913,72000.0
101915,81000.0
101919,120000.0
101976,65000.0
101987,86000.0
102114,48000.0
102116,151000.0
102197,177000.0
102198,172000.0
102217,247000.0
102252,201000.0
102299,112000.0
102330,81000.0
102350,118000.0
102352,118000.0
102353,117000.0
102404,75000.0
102405,75000.0
102415,116000.0
102420,129000.0
102442,70000.0
102475,631000.0
102479,252000.0
102511,192000.0
102568,95000.0
102580,61000.0
102593,61000.0
102598,119000.0
102607,99000.0
102637,229000.0
102792,85000.0
102794,85000.0
102837,130000.0
102890,152000.0
102905,119000.0
102910,63000.0
102922,59000.0
102985,162000.0
103028,81000.0
103115,123000.0
103132,118000.0
103138,143000.0
103179,130000.0
103199,57000.0
103244,144000.0
103246,144000.0
103276,282000.0
103283,102000.0
103313,134000.0
103362,91000.0
103392,201000.0
103395,76000.0
103428,189000.0
103436,90000.0
103463,54000.0
103493,329000.0
103495,286000.0
103498,285000.0
103504,136000.0
103524,308000.0
103527,445000.0
103530,315000.0
103532,653000.0
103534,239000.0
103540,201000.0
103547,256000.0
103555,166000.0
103556,212000.0
103557,129000.0
103567,578000.0
103568,330000.0
103571,290000.0
103577,135000.0
103578,82000.0
103579,143000.0
103595,119000.0
103601,132000.0
103603,88000.0
103604,229000.0
103608,118000.0
103614,168000.0
103620,155000.0
103625,160000.0
103627,171000.0
103678,70000.0
103679,210000.0
103685,335000.0
103716,196000.0
103720,130000.0
103778,103000.0
103780,503000.0
103785,98000.0
103787,170000.0
103815,93000.0
103816,174000.0
103821,222000.0
103836,91000.0
103845,214000.0
103851,168000.0
103858,107000.0
103859,102000.0
103862,165000.0
103866,214000.0
103873,153000.0
103876,320000.0
103879,94000.0
103885,215000.0
103889,214000.0
103898,96000.0
103899,135000.0
103909,105000.0
103911,79000.0
103920,110000.0
103927,121000.0
103933,106000.0
103946,190000.0
103949,136000.0
103950,403000.0
103965,106000.0
103997,83000.0
104017,101000.0
104028,87000.0
104068,597000.0
104077,153000.0
104098,91000.0
104099,390000.0
104103,191000.0
104135,320000.0
104141,841000.0
104148,93000.0
104149,212000.0
104151,349000.0
104154,252000.0
104161,475000.0
104163,205000.0
104165,359000.0
104195,485000.0
104205,348000.0
104218,307000.0
104238,276000.0
104245,348000.0
104248,160000.0
104252,222000.0
104265,288000.0
104266,145000.0
104273,240000.0
104274,94000.0
104286,284000.0
104290,395000.0
104293,284000.0
104299,169000.0
104309,136000.0
104326,243000.0
104345,488000.0
104359,131000.0
104368,218000.0
104379,582000.0
104381,1273000.0
104403,109000.0
104414,191000.0
104417,461000.0
104419,104000.0
104431,260000.0
104439,213000.0
104445,261000.0
104447,99000.0
104451,121000.0
104454,220000.0
104456,154000.0
104465,155000.0
104473,135000.0
104489,102000.0
104492,139000.0
104513,976000.0
104517,288000.0
104519,68000.0
104523,110000.0
104524,107000.0
104526,70000.0
104533,106000.0
104538,190000.0
104539,189000.0
104545,168000.0
104561,185000.0
104598,296000.0
104599,296000.0
104611,104000.0
104613,109000.0
104623,88000.0
104627,333000.0
104628,264000.0
104629,332000.0
104630,330000.0
104640,420000.0
104641,343000.0
104642,273000.0
104665,148000.0
104804,305000.0
104847,527000.0
104861,152000.0
104862,177000.0
104863,157000.0
104896,89000.0
104899,123000.0
104901,163000.0
104906,129000.0
104922,236000.0
104924,215000.0
104925,326000.0
104930,102000.0
104935,88000.0
104936,102000.0
104964,126000.0
104965,94000.0
104970,111000.0
104973,111000.0
104975,70000.0
104979,180000.0
104995,151000.0
104996,116000.0
104998,100000.0
104999,99000.0
105000,100000.0
105024,104000.0
105029,183000.0
105037,154000.0
105038,666000.0
105039,384000.0
105049,273000.0
105057,127000.0
105061,64000.0
105065,70000.0
105076,80000.0
105091,97000.0
105116,151000.0
105136,125000.0
105143,297000.0
105151,474000.0
105160,194000.0
105162,248000.0
105170,150000.0
105172,150000.0
105179,492000.0
105184,258000.0
105185,777000.0
105197,228000.0
105202,1020000.0
105231,430000.0
105232,301000.0
105235,93000.0
105249,89000.0
105258,113000.0
105259,299000.0
105272,164000.0
105287,238000.0
105293,264000.0
105304,162000.0
105314,192000.0
105315,128000.0
105328,191000.0
105341,95000.0
105344,184000.0
105349,318000.0
105350,385000.0
105351,64000.0
105362,99000.0
105376,133000.0
105386,140000.0
105392,373000.0
105401,439000.0
105409,197000.0
105414,369000.0
105418,378000.0
105419,170000.0
105425,124000.0
105440,316000.0
105447,175000.0
105448,116000.0
105452,248000.0
105463,77000.0
105464,148000.0
105465,197000.0
105524,60000.0
105526,85000.0
105531,171000.0
105536,531000.0
105557,638000.0
105633,284000.0
105635,109000.0
105637,220000.0
105674,302000.0
105681,79000.0
105703,376000.0
105704,377000.0
105705,376000.0
105706,145000.0
105711,140000.0
105712,142000.0
105719,333000.0
105728,146000.0
105734,106000.0
105735,137000.0
105745,111000.0
105749,610000.0
105764,727000.0
105765,714000.0
105768,194000.0
105772,158000.0
105778,101000.0
105779,245000.0
105785,219000.0
105790,71000.0
105806,718000.0
105827,94000.0
105831,708000.0
105845,98000.0
105848,139000.0
105852,67000.0
105865,331000.0
105874,489000.0
105906,273000.0
105910,535000.0
105915,102000.0
105929,108000.0
105945,550000.0
105946,347000.0
105947,171000.0
105948,135000.0
105954,162000.0
105990,192000.0
106000,159000.0
106016,72000.0
106030,232000.0
106034,158000.0
106035,91000.0
106040,388000.0
106074,235000.0
106139,75000.0
106142,183000.0
106155,215000.0
106168,287000.0
106177,497000.0
106183,333000.0
106184,385000.0
106185,327000.0
106201,478000.0
106215,138000.0
106233,744000.0
106235,89000.0
106236,139000.0
106239,395000.0
106241,308000.0
106242,308000.0
106243,205000.0
106254,70000.0
106259,108000.0
106263,376000.0
106281,98000.0
106282,388000.0
106292,93000.0
106294,102000.0
106343,56000.0
106356,192000.0
106359,324000.0
106360,97000.0
106362,70000.0
106390,167000.0
106391,619000.0
106398,66000.0
106442,104000.0
106449,85000.0
106456,421000.0
106458,325000.0
106467,127000.0
106512,62000.0
106522,133000.0
106565,119000.0
106572,97000.0
106579,252000.0
106587,93000.0
106591,361000.0
106599,79000.0
106604,70000.0
106618,201000.0
106647,294000.0
106654,110000.0
106665,265000.0
106668,330000.0
106678,400000.0
106685,301000.0
106707,302000.0
106727,235000.0
106760,574000.0
106776,334000.0
106780,74000.0
106781,117000.0
106783,116000.0
106784,148000.0
106790,97000.0
106792,119000.0
106819,128000.0
106835,122000.0
106845,72000.0
106849,72000.0
106857,185000.0
106858,75000.0
106860,78000.0
106862,89000.0
106871,457000.0
106881,327000.0
106896,160000.0
106900,165000.0
106902,85000.0
106907,124000.0
106918,255000.0
106925,94000.0
106927,129000.0
106929,117000.0
106934,95000.0
106948,150000.0
106949,178000.0
106951,153000.0
106954,138000.0
106965,134000.0
106975,82000.0
106990,192000.0
106992,137000.0
107003,107000.0
107004,402000.0
107015,153000.0
107016,180000.0
107035,183000.0
107058,208000.0
107062,99000.0
107071,172000.0
107086,113000.0
107093,66000.0
107100,122000.0
107122,110000.0
107268,109000.0
107275,107000.0
107357,175000.0
107361,71000.0
107393,136000.0
107395,268000.0
107412,122000.0
107416,92000.0
107428,98000.0
107452,121000.0
107454,131000.0
107464,92000.0
107467,92000.0
107469,72000.0
107470,72000.0
107472,194000.0
107473,194000.0
107487,131000.0
107489,95000.0
107495,108000.0
107497,78000.0
107501,53000.0
107506,162000.0
107510,162000.0
107520,196000.0
107551,108000.0
107556,66000.0
107572,94000.0
107584,126000.0
107594,91000.0
107595,1017000.0
107601,77000.0
107614,80000.0
107616,142000.0
107617,167000.0
107619,129000.0
107621,127000.0
107650,319000.0
107656,117000.0
107678,199000.0
107680,447000.0
107684,245000.0
107687,208000.0
107690,94000.0
107692,93000.0
107693,142000.0
107694,145000.0
107695,90000.0
107702,170000.0
107712,243000.0
107718,142000.0
107722,78000.0
107757,203000.0
107762,119000.0
107769,132000.0
107770,132000.0
107771,525000.0
107776,164000.0
107778,92000.0
107788,286000.0
107792,198000.0
107812,102000.0
107831,61000.0
107832,67000.0
107863,781000.0
107871,173000.0
107873,189000.0
107874,189000.0
107875,173000.0
107906,129000.0
107915,84000.0
107916,84000.0
107917,84000.0
107918,84000.0
107919,81000.0
107920,81000.0
107998,229000.0
108021,171000.0
108137,104000.0
108190,255000.0
108231,190000.0
108235,72000.0
108237,72000.0
108246,103000.0
108272,144000.0
108277,101000.0
108281,76000.0
108283,151000.0
108285,53000.0
108340,78000.0
108343,147000.0
108401,374000.0
108406,161000.0
108408,246000.0
108410,182000.0
108429,156000.0
108444,92000.0
108447,90000.0
108465,308000.0
108468,150000.0
108479,283000.0
108496,175000.0
108505,752000.0
108512,236000.0
108518,196000.0
108519,282000.0
108524,135000.0
108527,97000.0
108528,79000.0
108545,183000.0
108548,117000.0
108551,151000.0
108557,135000.0
108558,154000.0
108574,189000.0
108580,481000.0
108581,84000.0
108589,152000.0
108654,182000.0
108658,56000.0
108757,213000.0
108771,130000.0
108778,162000.0
108802,178000.0
108814,131000.0
108816,76000.0
108817,78000.0
108832,312000.0
108855,114000.0
108867,204000.0
108886,130000.0
108900,193000.0
108916,85000.0
108948,199000.0
108960,296000.0
108962,196000.0
108983,238000.0
108984,99000.0
108992,191000.0
108993,59000.0
109002,62000.0
109051,506000.0
109135,80000.0
109157,171000.0
109160,218000.0
109175,199000.0
109189,116000.0
109236,239000.0
109250,155000.0
109251,154000.0
109254,200000.0
109323,122000.0
109368,167000.0
109384,89000.0
109388,149000.0
109389,94000.0
109414,85000.0
109434,208000.0
109448,258000.0
109454,722000.0
109455,141000.0
109456,167000.0
109478,135000.0
109488,130000.0
109499,183000.0
109504,82000.0
109509,82000.0
109523,90000.0
109524,90000.0
109525,92000.0
109526,92000.0
109534,118000.0
109546,119000.0
109566,122000.0
109570,194000.0
109577,55000.0
109586,62000.0
109589,73000.0
109597,69000.0
109608,113000.0
109624,89000.0
109633,310000.0
109634,84000.0
109650,157000.0
109651,157000.0
109653,154000.0
109654,985000.0
109656,120000.0
109658,89000.0
109659,325000.0
109661,344000.0
109667,282000.0
109672,73000.0
109673,201000.0
109674,282000.0
109675,282000.0
109690,282000.0
109698,86000.0
109703,161000.0
109710,135000.0
109711,110000.0
109724,121000.0
109729,124000.0
109736,109000.0
109777,178000.0
109778,110000.0
109779,258000.0
109780,111000.0
109781,110000.0
109794,126000.0
109860,122000.0
109861,87000.0
109867,251000.0
109868,256000.0
109876,115000.0
109891,194000.0
109896,154000.0
109903,125000.0
109905,245000.0
109915,192000.0
109925,100000.0
109959,249000.0
109962,117000.0
109985,131000.0
109986,138000.0
110001,140000.0
110013,190000.0
110024,105000.0
110041,103000.0
110055,203000.0
110056,203000.0
110060,724000.0
110065,163000.0
110079,148000.0
110092,126000.0
110099,161000.0
110108,189000.0
110121,715000.0
110130,141000.0
110132,280000.0
110135,191000.0
110136,346000.0
110137,191000.0
110138,301000.0
110139,122000.0
110148,146000.0
110150,96000.0
110158,168000.0
110160,210000.0
110161,219000.0
110180,142000.0
110223,325000.0
110226,108000.0
110236,249000.0
110248,282000.0
110295,131000.0
110319,150000.0
110327,91000.0
110330,105000.0
110335,307000.0
110345,180000.0
110348,239000.0
110349,239000.0
110351,92000.0
110355,176000.0
110365,182000.0
110380,149000.0
110387,161000.0
110392,151000.0
110393,155000.0
110403,152000.0
110452,255000.0
110462,124000.0
110538,142000.0
110626,260000.0
110628,150000.0
110631,147000.0
110642,206000.0
110672,133000.0
110695,112000.0
110698,75000.0
110716,115000.0
110725,102000.0
110733,195000.0
110742,177000.0
110743,195000.0
110747,154000.0
110758,187000.0
110769,231000.0
110780,240000.0
110790,93000.0
110791,94000.0
110792,300000.0
110795,93000.0
110796,98000.0
110797,74000.0
110798,87000.0
110803,113000.0
110807,139000.0
110817,92000.0
110824,89000.0
110854,759000.0
110872,387000.0
110875,132000.0
110883,146000.0
110902,143000.0
110903,140000.0
110912,105000.0
110914,262000.0
110923,103000.0
110934,685000.0
110938,96000.0
110939,90000.0
110945,131000.0
110948,176000.0
110949,161000.0
110964,130000.0
110980,98000.0
110983,68000.0
110992,264000.0
110993,723000.0
110999,280000.0
111000,265000.0
111001,265000.0
111003,265000.0
111005,346000.0
111008,280000.0
111009,122000.0
111014,119000.0
111018,96000.0
111023,104000.0
111031,135000.0
111035,105000.0
111054,91000.0
111059,208000.0
111079,123000.0
111113,680000.0
111114,713000.0
111117,208000.0
111118,208000.0
111119,208000.0
111120,282000.0
111122,282000.0
111123,201000.0
111124,282000.0
111125,282000.0
111127,201000.0
111129,212000.0
111143,217000.0
111147,282000.0
111148,282000.0
111166,186000.0
111167,113000.0
111168,123000.0
111191,119000.0
111196,107000.0
111197,83000.0
111199,94000.0
111208,730000.0
111216,122000.0
111252,210000.0
111255,98000.0
111319,150000.0
111384,218000.0
111386,210000.0
111388,225000.0
111389,220000.0
111394,188000.0
111395,230000.0
111435,160000.0
111446,76000.0
111457,113000.0
111459,102000.0
111463,77000.0
111477,410000.0
111496,90000.0
111506,88000.0
111507,140000.0
111510,92000.0
111512,139000.0
111523,144000.0
111530,151000.0
111531,152000.0
111534,378000.0
111538,89000.0
111554,376000.0
111573,190000.0
111590,336000.0
111598,139000.0
111608,711000.0
111611,143000.0
111621,198000.0
111628,212000.0
111629,95000.0
111633,206000.0
111636,196000.0
111637,122000.0
111658,102000.0
111665,157000.0
111697,251000.0
111703,136000.0
111774,113000.0
111775,105000.0
111820,153000.0
111839,80000.0
111846,149000.0
111850,214000.0
111856,236000.0
111860,115000.0
111865,59000.0
111883,103000.0
111884,198000.0
111885,103000.0
111894,94000.0
111915,317000.0
111924,698000.0
111939,187000.0
111954,97000.0
111965,134000.0
111970,196000.0
111976,119000.0
111987,160000.0
111988,123000.0
112051,156000.0
112063,111000.0
112068,384000.0
112075,205000.0
112157,277000.0
112162,102000.0
112163,102000.0
112227,90000.0
112230,205000.0
112247,512000.0
112271,144000.0
112297,76000.0
112315,90000.0
112335,219000.0
112353,360000.0
112355,724000.0
112367,124000.0
112375,180000.0
112378,180000.0
112388,178000.0
112412,291000.0
112424,159000.0
112431,126000.0
112465,371000.0
112466,335000.0
112474,140000.0
112486,115000.0
112510,130000.0
112511,116000.0
112512,154000.0
112657,93000.0
112663,112000.0
112673,139000.0
112680,146000.0
112681,163000.0
112694,231000.0
112696,115000.0
112713,126000.0
112716,218000.0
112718,218000.0
112720,195000.0
112726,113000.0
112744,269000.0
112748,164000.0
112755,215000.0
112757,336000.0
112780,139000.0
112793,235000.0
112796,109000.0
112816,124000.0
112822,148000.0
112823,156000.0
112825,156000.0
112828,221000.0
112851,581000.0
112872,144000.0
112874,137000.0
112921,122000.0
112925,172000.0
112926,286000.0
112928,172000.0
112929,172000.0
112930,172000.0
112933,152000.0
112938,117000.0
112960,291000.0
112963,291000.0
112970,178000.0
112974,202000.0
112986,227000.0
112987,227000.0
113022,206000.0
113037,115000.0
113109,205000.0
113113,146000.0
113114,146000.0
113163,217000.0
113169,108000.0
113181,250000.0
113206,243000.0
113207,135000.0
113230,205000.0
113231,588000.0
113246,213000.0
113248,239000.0
113313,157000.0
113314,306000.0
113315,302000.0
113320,147000.0
113322,180000.0
113323,265000.0
113326,180000.0
113329,157000.0
113465,113000.0
113468,309000.0
113478,137000.0
113488,399000.0
113491,392000.0
113503,236000.0
113552,153000.0
113568,118000.0
113608,269000.0
113613,172000.0
113616,157000.0
113617,157000.0
113630,123000.0
113644,139000.0
113645,115000.0
113657,139000.0
113662,125000.0
113668,226000.0
113703,265000.0
113704,170000.0
113706,123000.0
113711,255000.0
113750,126000.0
113752,163000.0
113762,131000.0
113804,156000.0
113809,434000.0
113813,179000.0
113831,158000.0
113871,217000.0
113884,178000.0
113888,137000.0
113890,327000.0
113909,214000.0
113922,138000.0
113950,146000.0
113957,200000.0
113995,142000.0
114001,202000.0
114002,288000.0
114007,95000.0
114030,118000.0
114031,180000.0
114139,247000.0
114172,195000.0
114187,399000.0
114200,75000.0
114204,143000.0
114217,216000.0
114242,135000.0
114253,241000.0
114266,103000.0
114276,158000.0
114334,264000.0
114335,263000.0
114336,264000.0
114337,256000.0
114377,221000.0
114379,127000.0
114396,156000.0
114401,235000.0
114405,101000.0
114407,123000.0
114431,172000.0
114432,172000.0
114440,374000.0
114449,158000.0
114454,291000.0
114458,151000.0
114461,141000.0
114468,581000.0
114560,173000.0
114619,153000.0
114634,227000.0
114649,90000.0
114650,220000.0
114658,249000.0
114661,983000.0
114676,197000.0
114684,207000.0
114688,226000.0
114690,72000.0
114698,490000.0
114702,146000.0
114711,239000.0
114717,140000.0
114721,291000.0
114728,140000.0
114732,70000.0
114736,405000.0
114748,164000.0
114764,204000.0
114780,264000.0
114781,279000.0
114790,249000.0
114804,140000.0
114809,465000.0
114812,85000.0
114816,219000.0
114839,249000.0
114847,145000.0
114884,268000.0
114886,150000.0
114887,139000.0
114893,96000.0
114904,206000.0
114941,97000.0
114950,261000.0
114969,109000.0
114993,302000.0
114997,92000.0
115004,554000.0
115020,95000.0
115025,470000.0
115027,373000.0
115078,196000.0
115080,196000.0
115081,196000.0
115082,196000.0
115085,196000.0
115086,196000.0
115087,196000.0
115088,196000.0
115093,103000.0
115098,324000.0
115099,214000.0
115100,334000.0
115178,88000.0
115179,88000.0
115181,68000.0
115243,108000.0
115261,58000.0
115279,158000.0
115316,98000.0
115318,92000.0
115360,112000.0
115394,55000.0
115403,144000.0
115408,170000.0
115412,65000.0
115417,108000.0
115418,119000.0
115422,108000.0
115479,418000.0
115480,554000.0
115481,418000.0
115482,418000.0
115483,418000.0
115485,615000.0
115488,418000.0
115505,140000.0
115506,192000.0
115507,92000.0
115508,166000.0
115509,192000.0
115510,92000.0
115511,92000.0
115512,92000.0
115514,92000.0
115515,135000.0
115516,135000.0
115517,135000.0
115528,215000.0
115536,141000.0
115537,166000.0
115538,166000.0
115539,166000.0
115541,135000.0
115542,187000.0
115543,99000.0
115544,139000.0
115545,188000.0
115548,90000.0
115551,82000.0
115552,87000.0
115553,63000.0
115554,73000.0
115555,51000.0
115559,528000.0
115597,221000.0
115598,336000.0
115642,66000.0
115652,243000.0
115780,269000.0
115818,92000.0
115896,141000.0
115898,141000.0
115900,141000.0
115902,141000.0
115910,131000.0
115927,51000.0
115980,333000.0
115983,64000.0
116008,86000.0
116056,223000.0
116064,86000.0
116065,86000.0
116066,102000.0
116067,92000.0
116068,86000.0
116069,86000.0
116071,100000.0
116072,100000.0
116094,221000.0
116099,77000.0
116105,102000.0
116152,418000.0
116154,418000.0
116173,103000.0
116174,192000.0
116175,140000.0
116176,192000.0
116178,103000.0
116179,92000.0
116189,135000.0
116190,135000.0
116196,174000.0
116197,172000.0
116198,140000.0
116199,185000.0
116205,550000.0
116269,155000.0
116350,270000.0
116434,108000.0
116435,51000.0
116446,74000.0
116471,119000.0
116501,85000.0
116506,102000.0
116507,86000.0
116508,98000.0
116509,102000.0
116547,81000.0
116562,255000.0
116581,323000.0
116634,74000.0
116635,74000.0
116661,77000.0
116675,91000.0
116690,151000.0
116706,49000.0
116787,54000.0
116890,50000.0
116909,53000.0
116920,146000.0
116926,132000.0
116932,121000.0
116934,110000.0
116937,170000.0
116940,117000.0
116941,170000.0
116942,117000.0
116944,170000.0
116945,189000.0
116947,90000.0
116948,90000.0
116950,103000.0
116957,177000.0
116958,173000.0
116959,177000.0
116960,157000.0
116981,200000.0
116988,159000.0
116992,122000.0
117046,113000.0
117055,121000.0
117076,89000.0
117077,89000.0
117078,89000.0
117093,132000.0
117127,121000.0
117128,121000.0
117137,124000.0
117140,150000.0
117145,185000.0
117174,106000.0
117188,104000.0
117201,139000.0
117212,155000.0
117216,190000.0
117220,121000.0
117222,121000.0
117224,121000.0
117225,121000.0
117226,121000.0
117227,128000.0
117232,121000.0
117236,109000.0
117238,120000.0
117239,74000.0
117245,291000.0
117246,156000.0
117247,151000.0
117253,152000.0
117263,90000.0
117265,189000.0
117272,91000.0
117275,74000.0
117278,225000.0
117288,152000.0
117290,184000.0
117313,126000.0
117317,196000.0
117318,311000.0
117325,103000.0
117326,103000.0
117328,259000.0
117331,182000.0
117333,111000.0
117335,111000.0
117345,273000.0
117346,273000.0
117349,150000.0
117359,125000.0
117365,121000.0
117374,138000.0
117416,87000.0
117511,115000.0
117513,119000.0
117514,103000.0
117589,118000.0
117619,121000.0
117632,121000.0
117680,144000.0
117682,143000.0
117688,97000.0
117714,142000.0
117716,140000.0
117718,143000.0
117719,140000.0
117746,142000.0
117750,80000.0
117752,117000.0
117759,85000.0
117772,164000.0
117777,143000.0
117785,148000.0
117788,154000.0
117796,92000.0
117797,73000.0
117803,88000.0
117808,126000.0
117810,123000.0
117821,216000.0
117846,194000.0
117847,146000.0
117848,182000.0
117849,146000.0
117850,146000.0
117851,146000.0
117853,54000.0
117875,97000.0
117888,128000.0
117900,102000.0
117903,277000.0
117906,131000.0
117917,90000.0
117918,170000.0
117919,170000.0
117925,182000.0
117927,119000.0
117931,125000.0
117935,259000.0
117945,171000.0
117953,106000.0
117956,115000.0
117964,103000.0
117965,103000.0
117966,103000.0
117967,103000.0
117968,103000.0
117969,103000.0
117970,103000.0
117974,103000.0
117984,155000.0
117999,457000.0
118001,144000.0
118006,74000.0
118010,496000.0
118020,119000.0
118023,159000.0
118027,121000.0
118030,67000.0
118048,85000.0
118049,79000.0
118056,100000.0
118060,155000.0
118061,122000.0
118062,67000.0
118067,106000.0
118091,121000.0
118094,121000.0
118095,128000.0
118096,121000.0
118097,121000.0
118098,121000.0
118099,128000.0
118100,121000.0
118101,121000.0
118104,109000.0
118109,168000.0
118116,97000.0
118118,135000.0
118125,165000.0
118126,151000.0
118130,150000.0
118132,173000.0
118133,209000.0
118141,193000.0
118148,90000.0
118149,90000.0
118151,128000.0
118157,150000.0
118163,103000.0
118165,199000.0
118168,181000.0
118169,191000.0
118170,173000.0
118178,127000.0
118180,140000.0
118182,118000.0
118186,70000.0
118192,247000.0
118196,128000.0
118198,132000.0
118209,116000.0
118218,95000.0
118229,103000.0
118230,104000.0
118244,153000.0
118250,133000.0
118255,173000.0
118316,77000.0
118319,84000.0
118320,65000.0
118323,407000.0
118437,80000.0
118449,216000.0
118461,83000.0
118491,89000.0
118511,80000.0
118533,125000.0
118555,104000.0
118562,121000.0
118575,163000.0
118578,88000.0
118589,103000.0
118590,140000.0
118612,103000.0
118617,126000.0
118627,497000.0
118637,109000.0
118646,156000.0
118647,129000.0
118650,301000.0
118659,106000.0
118668,165000.0
118669,98000.0
118701,136000.0
118704,160000.0
118826,92000.0
118866,112000.0
118867,96000.0
118869,95000.0
118870,73000.0
118871,73000.0
118872,73000.0
118881,77000.0
118893,174000.0
118894,142000.0
118897,174000.0
118899,142000.0
118908,105000.0
118923,185000.0
118944,124000.0
118965,178000.0
118987,139000.0
119087,78000.0
119092,128000.0
119098,144000.0
119099,202000.0
119143,204000.0
119180,218000.0
119190,204000.0
119207,190000.0
119217,191000.0
119236,119000.0
119246,151000.0
119247,138000.0
119248,126000.0
119251,130000.0
119252,130000.0
119255,238000.0
119259,198000.0
119262,188000.0
119264,390000.0
119275,143000.0
119284,468000.0
119285,468000.0
119291,155000.0
119294,93000.0
119305,146000.0
119306,262000.0
119311,124000.0
119326,221000.0
119328,447000.0
119334,101000.0
119338,87000.0
119341,444000.0
119343,105000.0
119345,86000.0
119346,86000.0
119348,111000.0
119351,125000.0
119374,253000.0
119389,244000.0
119397,362000.0
119398,508000.0
119401,280000.0
119402,147000.0
119403,281000.0
119406,160000.0
119446,144000.0
119505,360000.0
119514,215000.0
119515,324000.0
119516,116000.0
119529,172000.0
119549,455000.0
119561,121000.0
119562,375000.0
119567,172000.0
119572,246000.0
119573,92000.0
119574,93000.0
119575,115000.0
119590,93000.0
119591,121000.0
119605,145000.0
119606,145000.0
119608,399000.0
119609,185000.0
119611,399000.0
119613,858000.0
119621,92000.0
119637,244000.0
119641,140000.0
119647,139000.0
119648,150000.0
119649,232000.0
119650,142000.0
119656,222000.0
119657,255000.0
119658,471000.0
119673,300000.0
119676,100000.0
119680,111000.0
119683,89000.0
119685,147000.0
119703,104000.0
119709,390000.0
119712,117000.0
119724,139000.0
119731,197000.0
119733,197000.0
119735,197000.0
119748,262000.0
119750,197000.0
119754,223000.0
119759,100000.0
119765,321000.0
119768,116000.0
119770,131000.0
119771,136000.0
119792,102000.0
119794,102000.0
119796,102000.0
119798,436000.0
119804,102000.0
119809,101000.0
119811,270000.0
119813,245000.0
119821,231000.0
119824,191000.0
119825,188000.0
119826,188000.0
119830,191000.0
119831,188000.0
119832,312000.0
119833,96000.0
119834,73000.0
119835,93000.0
119842,125000.0
119847,144000.0
119848,132000.0
119857,185000.0
119871,80000.0
119872,80000.0
119873,82000.0
119876,109000.0
119884,239000.0
119931,160000.0
119932,147000.0
119933,215000.0
119934,160000.0
119937,221000.0
119938,140000.0
119939,132000.0
119944,164000.0
120014,72000.0
120072,97000.0
120077,160000.0
120105,201000.0
120107,147000.0
120111,138000.0
120124,132000.0
120132,85000.0
120133,297000.0
120141,135000.0
120165,102000.0
120166,102000.0
120169,172000.0
120176,188000.0
120177,196000.0
120180,396000.0
120181,395000.0
120193,112000.0
120194,234000.0
120196,155000.0
120205,141000.0
120206,341000.0
120207,126000.0
120208,121000.0
120218,141000.0
120223,519000.0
120231,125000.0
120261,483000.0
120262,251000.0
120263,160000.0
120269,80000.0
120273,164000.0
120279,172000.0
120295,107000.0
120298,123000.0
120302,262000.0
120304,214000.0
120305,259000.0
120306,205000.0
120311,208000.0
120312,208000.0
120314,116000.0
120320,126000.0
120326,198000.0
120327,145000.0
120337,128000.0
120338,128000.0
120339,128000.0
120348,181000.0
120349,181000.0
120350,201000.0
120363,83000.0
120365,109000.0
120371,137000.0
120372,128000.0
120378,137000.0
120381,138000.0
120383,85000.0
120385,70000.0
120414,220000.0
120415,223000.0
120417,88000.0
120419,152000.0
120421,83000.0
120499,104000.0
120500,80000.0
120501,180000.0
120515,150000.0
120516,129000.0
120545,273000.0
120548,64000.0
120561,200000.0
120562,135000.0
120564,124000.0
120569,85000.0
120590,503000.0
120591,365000.0
120592,231000.0
120593,85000.0
120596,355000.0
120597,106000.0
120608,135000.0
120609,121000.0
120614,267000.0
120615,141000.0
120616,139000.0
120629,953000.0
120642,251000.0
120643,87000.0
120646,252000.0
120672,503000.0
120675,178000.0
120676,75000.0
120678,84000.0
120687,438000.0
120688,445000.0
120689,438000.0
120691,483000.0
120692,483000.0
120702,70000.0
120715,211000.0
120720,208000.0
120735,118000.0
120743,176000.0
120744,78000.0
120745,79000.0
120749,220000.0
120756,101000.0
120769,84000.0
120803,93000.0
120810,79000.0
120822,93000.0
120832,191000.0
120833,191000.0
120844,145000.0
120851,80000.0
120886,95000.0
120887,95000.0
120895,210000.0
120903,123000.0
120905,168000.0
120906,171000.0
120910,88000.0
120916,218000.0
120918,438000.0
120920,438000.0
120922,483000.0
120924,483000.0
120925,483000.0
120926,482000.0
120960,92000.0
120970,68000.0
120976,157000.0
121014,134000.0
121019,309000.0
121021,112000.0
121025,158000.0
121030,582000.0
121038,153000.0
121041,136000.0
121042,154000.0
121043,281000.0
121045,154000.0
121046,153000.0
121047,281000.0
121048,229000.0
121049,364000.0
121050,154000.0
121051,154000.0
121061,272000.0
121062,100000.0
121064,100000.0
121068,525000.0
121070,525000.0
121085,100000.0
121097,124000.0
121150,110000.0
121158,139000.0
121159,347000.0
121169,125000.0
121172,90000.0
121187,270000.0
121189,188000.0
121192,797000.0
121193,773000.0
121195,119000.0
121204,112000.0
121208,254000.0
121210,181000.0
121219,254000.0
121224,178000.0
121235,251000.0
121236,251000.0
121238,154000.0
121239,250000.0
121240,229000.0
121241,154000.0
121242,250000.0
121243,153000.0
121244,117000.0
121246,135000.0
121249,139000.0
121251,234000.0
121256,146000.0
121257,147000.0
121258,145000.0
121264,268000.0
121265,180000.0
121270,129000.0
121274,137000.0
121280,197000.0
121282,87000.0
121283,123000.0
121286,123000.0
121295,131000.0
121296,125000.0
121299,123000.0
121300,139000.0
121301,232000.0
121307,110000.0
121308,92000.0
121311,130000.0
121315,198000.0
121320,100000.0
121321,182000.0
121323,141000.0
121324,141000.0
121331,177000.0
121333,141000.0
121335,141000.0
121337,270000.0
121338,103000.0
121339,270000.0
121343,138000.0
121346,198000.0
121347,235000.0
121348,236000.0
121350,235000.0
121351,305000.0
121352,238000.0
121364,525000.0
121365,525000.0
121373,260000.0
121375,156000.0
121376,117000.0
121377,233000.0
121385,199000.0
121397,105000.0
121400,143000.0
121402,100000.0
121408,100000.0
121444,108000.0
121452,93000.0
121455,182000.0
121538,270000.0
121544,106000.0
121597,138000.0
121647,102000.0
121688,205000.0
121697,127000.0
121707,272000.0
121708,272000.0
121710,184000.0
121716,275000.0
121723,378000.0
121739,113000.0
121742,222000.0
121746,235000.0
121751,110000.0
121756,120000.0
121757,99000.0
121765,115000.0
121766,115000.0
121767,108000.0
121771,103000.0
121777,151000.0
121781,269000.0
121787,91000.0
121788,123000.0
121793,317000.0
121802,154000.0
121807,169000.0
121822,154000.0
121824,266000.0
121825,145000.0
121826,88000.0
121829,348000.0
121843,97000.0
121847,118000.0
121848,117000.0
121849,131000.0
121850,115000.0
121854,166000.0
121857,118000.0
121868,118000.0
121878,129000.0
121884,326000.0
121892,97000.0
121899,212000.0
121900,133000.0
121901,91000.0
121909,81000.0
121923,116000.0
121927,110000.0
121930,108000.0
121932,123000.0
121935,115000.0
121941,114000.0
121944,168000.0
121948,174000.0
121954,311000.0
121964,90000.0
121966,203000.0
121970,246000.0
121984,267000.0
121993,120000.0
122033,90000.0
122036,203000.0
122044,130000.0
122165,227000.0
122166,146000.0
122167,187000.0
122168,144000.0
122169,144000.0
122195,126000.0
122197,158000.0
122214,114000.0
122219,240000.0
122225,113000.0
122241,208000.0
122249,125000.0
122262,171000.0
122277,141000.0
122282,122000.0
122294,155000.0
122299,204000.0
122302,159000.0
122311,173000.0
122313,164000.0
122315,300000.0
122318,129000.0
122321,131000.0
122322,107000.0
122323,226000.0
122330,807000.0
122331,795000.0
122332,681000.0
122333,681000.0
122337,132000.0
122340,122000.0
122347,86000.0
122350,197000.0
122351,95000.0
122362,201000.0
122370,147000.0
122371,147000.0
122373,117000.0
122377,99000.0
122382,138000.0
122398,187000.0
122404,111000.0
122405,265000.0
122410,107000.0
122411,183000.0
122412,126000.0
122434,130000.0
122442,236000.0
122454,248000.0
122458,248000.0
122459,247000.0
122467,194000.0
122472,260000.0
122474,240000.0
122475,134000.0
122500,125000.0
122559,115000.0
122560,193000.0
122561,159000.0
122586,91000.0
122599,211000.0
122602,76000.0
122614,85000.0
122616,131000.0
122622,168000.0
122637,119000.0
122644,108000.0
122647,212000.0
122665,123000.0
122667,136000.0
122669,166000.0
122687,242000.0
122695,166000.0
122699,297000.0
122701,201000.0
122703,128000.0
122744,516000.0
122752,149000.0
122762,352000.0
122768,175000.0
122783,206000.0
122784,81000.0
122787,197000.0
122788,171000.0
122792,89000.0
122881,248000.0
122882,85000.0
122900,95000.0
122901,80000.0
122902,94000.0
122903,83000.0
122904,83000.0
122909,138000.0
122927,107000.0
122928,107000.0
122929,107000.0
122932,138000.0
122934,228000.0
122935,133000.0
122947,110000.0
122969,74000.0
122987,289000.0
123070,258000.0
123079,290000.0
123083,287000.0
123092,81000.0
123093,69000.0
123094,72000.0
123095,71000.0
123129,70000.0
123153,224000.0
123165,508000.0
123176,139000.0
123196,82000.0
123248,119000.0
123310,107000.0
123311,110000.0
123312,110000.0
123323,207000.0
123325,207000.0
123326,206000.0
123327,212000.0
123328,207000.0
123331,178000.0
123335,110000.0
123338,144000.0
123400,79000.0
123480,107000.0
123558,72000.0
123572,129000.0
123576,72000.0
123579,180000.0
123580,181000.0
123588,103000.0
123592,103000.0
123595,196000.0
123605,98000.0
123612,250000.0
123620,79000.0
123623,90000.0
123624,90000.0
123657,139000.0
123658,139000.0
123686,68000.0
123734,179000.0
123749,435000.0
123759,190000.0
123760,85000.0
123767,107000.0
123768,107000.0
123808,292000.0
123815,131000.0
123825,169000.0
123835,329000.0
123868,110000.0
123869,110000.0
123870,110000.0
123874,212000.0
123877,110000.0
123892,107000.0
123898,87000.0
123900,82000.0
123903,92000.0
123905,103000.0
124032,358000.0
124034,72000.0
124036,84000.0
124038,196000.0
124039,196000.0
124044,180000.0
124059,101000.0
124070,82000.0
124071,84000.0
124072,70000.0
124073,72000.0
124074,72000.0
124094,139000.0
124096,124000.0
124109,133000.0
124118,112000.0
124125,108000.0
124138,266000.0
124178,70000.0
124187,131000.0
124197,261000.0
124213,175000.0
124214,110000.0
124228,122000.0
124263,117000.0
124339,239000.0
124357,109000.0
124364,111000.0
124380,502000.0
124392,252000.0
124494,91000.0
124500,105000.0
124536,114000.0
124537,70000.0
124540,501000.0
124548,96000.0
124597,499000.0
124642,501000.0
124646,240000.0
124648,239000.0
124662,110000.0
124688,93000.0
124693,214000.0
124707,124000.0
124714,184000.0
124716,191000.0
124731,128000.0
124737,359000.0
124747,743000.0
124759,629000.0
124777,379000.0
124787,304000.0
124796,200000.0
124799,148000.0
124813,306000.0
124819,97000.0
124894,238000.0
124915,132000.0
124962,103000.0
124978,138000.0
124993,164000.0
125005,164000.0
125014,120000.0
125016,135000.0
125020,902000.0
125023,300000.0
125027,187000.0
125044,184000.0
125045,158000.0
125046,1113000.0
125050,208000.0
125072,723000.0
125073,132000.0
125086,1124000.0
125100,247000.0
125117,455000.0
125118,496000.0
125120,230000.0
125125,174000.0
125130,203000.0
125134,885000.0
125136,170000.0
125141,104000.0
125188,218000.0
125200,146000.0
125203,160000.0
125204,93000.0
125275,297000.0
125291,213000.0
125317,133000.0
125332,118000.0
125345,191000.0
125351,243000.0
125357,172000.0
125359,129000.0
125375,165000.0
125380,143000.0
125404,101000.0
125406,122000.0
125422,226000.0
125431,119000.0
125433,136000.0
125434,218000.0
125435,306000.0
125444,94000.0
125466,214000.0
125506,164000.0
125546,165000.0
125554,267000.0
125568,176000.0
125569,387000.0
125573,148000.0
125579,109000.0
125581,205000.0
125583,152000.0
125587,124000.0
125596,307000.0
125618,243000.0
125621,171000.0
125632,248000.0
125639,156000.0
125642,576000.0
125645,306000.0
125694,140000.0
125695,143000.0
125696,106000.0
125714,188000.0
125716,122000.0
125727,192000.0
125734,261000.0
125736,139000.0
125739,155000.0
125744,137000.0
125756,152000.0
125764,235000.0
125766,246000.0
125776,153000.0
125777,153000.0
125783,121000.0
125784,121000.0
125791,146000.0
125822,264000.0
125824,166000.0
125828,161000.0
125829,181000.0
125841,185000.0
309591,246000.0
309611,234000.0
309613,179000.0
309658,87000.0
309661,266000.0
309667,197000.0
309669,145000.0
309678,431000.0
309692,151000.0
309700,259000.0
309707,165000.0
309714,150000.0
309731,424000.0
309734,122000.0
309735,149000.0
309770,281000.0
309817,81000.0
309819,118000.0
320845,121000.0
320872,209000.0
320929,173000.0
320931,173000.0
320932,72000.0
320937,72000.0
320938,72000.0
320940,115000.0
320948,122000.0
320950,277000.0
320954,173000.0
320969,210000.0
320974,161000.0
320998,140000.0
321002,107000.0
321004,102000.0
321023,92000.0
321055,155000.0
321067,137000.0
321080,96000.0
321083,178000.0
321122,195000.0
321127,137000.0
321128,116000.0
321229,115000.0
321231,122000.0
321249,289000.0
321250,282000.0
321258,176000.0
321259,246000.0
321260,72000.0
321262,122000.0
321270,176000.0
321272,81000.0
321278,356000.0
321286,198000.0
321288,124000.0
321289,105000.0
321307,148000.0
321311,153000.0
321316,153000.0
321317,107000.0
321318,107000.0
321319,107000.0
321321,107000.0
321322,130000.0
321323,107000.0
321324,107000.0
321340,218000.0
321346,193000.0
321352,102000.0
321392,138000.0
321393,159000.0
321399,180000.0
321407,180000.0
321428,235000.0
321429,80000.0
321431,80000.0
321455,163000.0
321463,129000.0
321480,1201000.0
321540,144000.0
321551,133000.0
321559,227000.0
321561,107000.0
321567,151000.0
321568,124000.0
321570,153000.0
321573,148000.0
321574,107000.0
321575,99000.0
321577,107000.0
321581,99000.0
321582,107000.0
321583,99000.0
321595,82000.0
321616,277000.0
321656,213000.0
321674,243000.0
321677,127000.0
321730,119000.0
321734,107000.0
321736,107000.0
321737,107000.0
321739,179000.0
321747,146000.0
321749,187000.0
321757,198000.0
321758,224000.0
321762,85000.0
321817,375000.0
321831,361000.0
321834,124000.0
321874,427000.0
321877,368000.0
321883,124000.0
321903,118000.0
321918,193000.0
321940,153000.0
321942,147000.0
321949,141000.0
321950,101000.0
321960,150000.0
321961,150000.0
321965,155000.0
321975,235000.0
321980,510000.0
321989,151000.0
321990,108000.0
322003,128000.0
322025,237000.0
322027,100000.0
322029,90000.0
322038,157000.0
322041,87000.0
322042,80000.0
322045,111000.0
322046,111000.0
322092,266000.0
322107,144000.0
322110,732000.0
322111,324000.0
322112,315000.0
322114,152000.0
322115,177000.0
322116,200000.0
322119,324000.0
322121,334000.0
322132,74000.0
322133,74000.0
322144,169000.0
322156,104000.0
322181,201000.0
322197,195000.0
322220,700000.0
322244,107000.0
322256,381000.0
322271,109000.0
322281,174000.0
322300,93000.0
322304,166000.0
322310,313000.0
322330,90000.0
322332,159000.0
322335,131000.0
322339,203000.0
322360,261000.0
322362,142000.0
322436,230000.0
322445,168000.0
322476,180000.0
322494,100000.0
322500,118000.0
322501,118000.0
322505,116000.0
322517,282000.0
322518,127000.0
322526,445000.0
322527,180000.0
322531,154000.0
322533,83000.0
322534,110000.0
322536,110000.0
322548,190000.0
322553,79000.0
322579,336000.0
322583,338000.0
322591,114000.0
322610,358000.0
322620,148000.0
322630,168000.0
322645,463000.0
322651,171000.0
322653,252000.0
322671,727000.0
322695,63000.0
322712,149000.0
322715,188000.0
322732,322000.0
322741,144000.0
322744,324000.0
322757,139000.0
322769,110000.0
322786,186000.0
322789,87000.0
322800,126000.0
322807,114000.0
322808,205000.0
322810,96000.0
322816,162000.0
322833,111000.0
322871,266000.0
322980,189000.0
322981,191000.0
322983,177000.0
322984,177000.0
322985,324000.0
322986,349000.0
322987,177000.0
322990,152000.0
323000,104000.0
323002,132000.0
323011,166000.0
323013,446000.0
323017,110000.0
323032,108000.0
323066,73000.0
323069,305000.0
323077,76000.0
323085,91000.0
323088,263000.0
323101,650000.0
323102,262000.0
323122,173000.0
323169,98000.0
323189,99000.0
323192,109000.0
323194,131000.0
323197,1478000.0
323198,356000.0
323233,205000.0
323254,122000.0
323308,323000.0
323310,340000.0
323318,150000.0
323325,223000.0
323330,96000.0
323339,151000.0
323342,95000.0
323349,398000.0
323382,148000.0
323396,185000.0
323403,249000.0
323412,165000.0
323413,164000.0
323421,165000.0
323425,220000.0
323433,335000.0
323434,183000.0
323446,137000.0
323459,92000.0
323487,207000.0
323518,106000.0
323536,148000.0
323549,153000.0
323552,148000.0
323608,151000.0
323617,93000.0
323622,396000.0
323629,206000.0
323656,216000.0
323664,286000.0
323668,142000.0
323678,357000.0
323703,158000.0
323710,180000.0
323722,200000.0
323723,84000.0
323780,94000.0
323792,136000.0
323831,280000.0
323894,140000.0
323911,113000.0
323917,94000.0
323926,177000.0
323944,144000.0
324001,201000.0
324006,168000.0
324023,162000.0
324032,228000.0
324058,170000.0
324078,196000.0
324079,198000.0
324118,212000.0
324146,212000.0
324152,120000.0
324158,586000.0
324160,880000.0
324236,117000.0
324287,1120000.0
324306,293000.0
324371,715000.0
324381,94000.0
324395,157000.0
324415,270000.0
324417,497000.0
324418,497000.0
324454,133000.0
324455,79000.0
324497,97000.0
324557,113000.0
324596,349000.0
324605,438000.0
324608,527000.0
324616,341000.0
324628,227000.0
324634,189000.0
324666,364000.0
324716,420000.0
324721,212000.0
324723,470000.0
324784,234000.0
324797,396000.0
324814,586000.0
324819,966000.0
324846,96000.0
324904,172000.0
324941,343000.0
325010,658000.0
325044,414000.0
325045,345000.0
695288,146000.0
695340,189000.0
695354,141000.0
695495,190000.0
695510,116000.0
695519,1103000.0
695520,1103000.0
695565,128000.0
695596,283000.0
695610,184000.0
695611,117000.0
695614,95000.0
695615,276000.0
695631,116000.0
695794,192000.0
695813,455000.0
695828,265000.0
695877,362000.0
696061,205000.0
696119,182000.0
696129,181000.0
696183,132000.0
696223,449000.0
696268,328000.0
696269,458000.0
696272,434000.0
696273,436000.0
696329,392000.0
696334,392000.0
696336,443000.0
696337,446000.0
696338,443000.0
696339,445000.0
696340,450000.0
696352,128000.0
696357,175000.0
696508,214000.0
696512,115000.0
696609,203000.0
696610,432000.0
696645,165000.0
712644,168000.0
712653,316000.0
712676,131000.0
712685,254000.0
712690,241000.0
712692,281000.0
712748,234000.0
712750,124000.0
712751,204000.0
712768,175000.0
712776,227000.0
712780,226000.0
712788,149000.0
712794,139000.0
712816,166000.0
712817,108000.0
712818,306000.0
712823,335000.0
712835,426000.0
712852,143000.0
712858,250000.0
712871,264000.0
712880,155000.0
712881,96000.0
712890,99000.0
712901,200000.0
712917,271000.0
712999,162000.0
713027,72000.0
713050,148000.0
713084,109000.0
713098,176000.0
713109,86000.0
713127,99000.0
713151,109000.0
713157,396000.0
713159,145000.0
713160,153000.0
713169,117000.0
713182,209000.0
713190,100000.0
713192,114000.0
713197,205000.0
713213,169000.0
713216,154000.0
713247,170000.0
713251,298000.0
713264,137000.0
713309,138000.0
713319,290000.0
713341,199000.0
713350,887000.0
713375,307000.0
713391,190000.0
713394,95000.0
713420,80000.0
713421,287000.0
713429,88000.0
713432,192000.0
713434,225000.0
713437,182000.0
713469,341000.0
713476,275000.0
713477,166000.0
713501,195000.0
713507,100000.0
713536,242000.0
713544,195000.0
713560,199000.0
713580,137000.0
713651,133000.0
713656,156000.0
713740,208000.0
713800,371000.0
713801,126000.0
713806,292000.0
713820,104000.0
713823,106000.0
713847,205000.0
713864,170000.0
713866,162000.0
713868,221000.0
713878,83000.0
713881,172000.0
713897,148000.0
713934,189000.0
713939,115000.0
713950,356000.0
713991,139000.0
713993,86000.0
714003,154000.0
714017,202000.0
714021,158000.0
714026,537000.0
714064,107000.0
714174,87000.0
714196,282000.0
714262,298000.0
714353,118000.0
714369,132000.0
714374,243000.0
714385,192000.0
714393,626000.0
714398,446000.0
714412,225000.0
714415,137000.0
714417,308000.0
714430,191000.0
714507,196000.0
714555,109000.0
714586,400000.0
714587,206000.0
714609,103000.0
714636,305000.0
714676,61000.0
714689,124000.0
714713,434000.0
714721,99000.0
714725,139000.0
714774,114000.0
714784,179000.0
714821,119000.0
714833,380000.0
714858,186000.0
714864,185000.0
714871,129000.0
714874,547000.0
714890,212000.0
714911,145000.0
714930,321000.0
714957,170000.0
714970,125000.0
715017,184000.0
715034,264000.0
715036,538000.0
715051,170000.0
715078,132000.0
715080,130000.0
715127,287000.0
715142,126000.0
715176,191000.0
715189,129000.0
715195,152000.0
715196,128000.0
715264,140000.0
715291,163000.0
715295,200000.0
715297,310000.0
715305,69000.0
715309,148000.0
715319,177000.0
715321,102000.0
715381,92000.0
715383,239000.0
715402,279000.0
715413,380000.0
715440,193000.0
715490,120000.0
715496,242000.0
715529,76000.0
715546,142000.0
715580,69000.0
715584,165000.0
715594,341000.0
715611,160000.0
715628,281000.0
715643,112000.0
715645,197000.0
715666,244000.0
715669,78000.0
715756,115000.0
715761,193000.0
715771,158000.0
715775,160000.0
715779,160000.0
715783,90000.0
715789,95000.0
715799,173000.0
715801,259000.0
715802,225000.0
715816,191000.0
715819,124000.0
715854,106000.0
715885,205000.0
715904,196000.0
715909,195000.0
715926,209000.0
715960,170000.0
715975,134000.0
715987,389000.0
715991,87000.0
716004,115000.0
716016,87000.0
716034,439000.0
716036,118000.0
716062,103000.0
716088,58000.0
716090,102000.0
716098,218000.0
716112,98000.0
716122,127000.0
716135,160000.0
716165,114000.0
716198,130000.0
716225,239000.0
716229,471000.0
716230,96000.0
716233,149000.0
716243,125000.0
716251,247000.0
716252,95000.0
716270,87000.0
716289,242000.0
716355,189000.0
716367,156000.0
716371,297000.0
716379,98000.0
716381,131000.0
716388,162000.0
716430,131000.0
716437,126000.0
716439,149000.0
716453,81000.0
716459,207000.0
716475,342000.0
716495,207000.0
716516,278000.0
716564,192000.0
716566,324000.0
716646,171000.0
716652,137000.0
716677,149000.0
716680,130000.0
716696,242000.0
716716,140000.0
716750,306000.0
716759,198000.0
716761,242000.0
716822,218000.0
716839,96000.0
716905,296000.0
716942,160000.0
716964,155000.0
717008,396000.0
717022,146000.0
717046,91000.0
717110,81000.0
717123,401000.0
717146,75000.0
717179,163000.0
717184,241000.0
717187,114000.0
717188,92000.0
717189,300000.0
717195,147000.0
717197,148000.0
717227,97000.0
717270,162000.0
717303,187000.0
717333,133000.0
717335,127000.0
717342,781000.0
717358,157000.0
717374,120000.0
717386,299000.0
717417,119000.0
717491,74000.0
717502,72000.0
717549,177000.0
717570,228000.0
717574,61000.0
717602,189000.0
717626,242000.0
717630,75000.0
717635,247000.0
717641,113000.0
717648,106000.0
717652,84000.0
717689,153000.0
717727,93000.0
717783,196000.0
717808,197000.0
717824,214000.0
717869,145000.0
717986,119000.0
717995,60000.0
717997,234000.0
717999,95000.0
718069,123000.0
718109,197000.0
718113,231000.0
718134,190000.0
718135,208000.0
718144,86000.0
718171,371000.0
718212,133000.0
718229,96000.0
718242,94000.0
718310,192000.0
718329,189000.0
718331,90000.0
718349,322000.0
718436,102000.0
718506,122000.0
718581,230000.0
718620,101000.0
718648,192000.0
718653,106000.0
718675,92000.0
718683,166000.0
718696,125000.0
718697,153000.0
718773,619000.0
718786,175000.0
718806,143000.0
718811,224000.0
718812,296000.0
718841,152000.0
718869,398000.0
718891,516000.0
718902,151000.0
718919,212000.0
718930,202000.0
718970,250000.0
719018,220000.0
719060,207000.0
719062,107000.0
719065,224000.0
719076,357000.0
719091,146000.0
719120,89000.0
719146,176000.0
719186,100000.0
719188,375000.0
719197,130000.0
719201,144000.0
719203,123000.0
719208,123000.0
719210,194000.0
719216,123000.0
719224,154000.0
719246,123000.0
719258,93000.0
719300,224000.0
719334,94000.0
719360,410000.0
719377,172000.0
719415,110000.0
719424,181000.0
719429,235000.0
719445,363000.0
719446,365000.0
719469,244000.0
719503,145000.0
719537,258000.0
719593,116000.0
719616,105000.0
719642,75000.0
719655,318000.0
719693,87000.0
719720,148000.0
719747,124000.0
719748,86000.0
719754,101000.0
719784,100000.0
719794,104000.0
719802,112000.0
719806,79000.0
719810,117000.0
719812,99000.0
719828,174000.0
719833,123000.0
719882,81000.0
719895,141000.0
719909,144000.0
719971,89000.0
720043,199000.0
720108,285000.0
720119,109000.0
720163,82000.0
720166,147000.0
720188,99000.0
720194,230000.0
720274,115000.0
720292,119000.0
720296,116000.0
720304,91000.0
720323,163000.0
720342,529000.0
720348,188000.0
720379,107000.0
720386,230000.0
720388,167000.0
720393,113000.0
720398,162000.0
720403,119000.0
720409,283000.0
720440,126000.0
720450,104000.0
720481,85000.0
720530,192000.0
720534,107000.0
720549,92000.0
720550,116000.0
720609,116000.0
720629,240000.0
720646,147000.0
720649,234000.0
720659,79000.0
720745,207000.0
720753,95000.0
720789,83000.0
720879,215000.0
720899,183000.0
720909,119000.0
720925,181000.0
720932,88000.0
720950,260000.0
720956,125000.0
720964,223000.0
720970,126000.0
720997,207000.0
721019,509000.0
721074,188000.0
721104,113000.0
721128,67000.0
721132,84000.0
721135,72000.0
721138,84000.0
721169,299000.0
721241,159000.0
721303,98000.0
721327,92000.0
721355,178000.0
721380,94000.0
721384,175000.0
721403,123000.0
721426,159000.0
721462,147000.0
721473,99000.0
721548,174000.0
721568,114000.0
721574,128000.0
721579,313000.0
721598,147000.0
721634,183000.0
721647,354000.0
721701,81000.0
721727,162000.0
721746,125000.0
721751,330000.0
721773,129000.0
721806,71000.0
721859,225000.0
721869,365000.0
721922,180000.0
722035,795000.0
722036,795000.0
722125,73000.0
722131,122000.0
722173,95000.0
722181,346000.0
722212,113000.0
722250,95000.0
722257,115000.0
722262,194000.0
722278,328000.0
722288,92000.0
722289,80000.0
722312,149000.0
722332,79000.0
722333,144000.0
722344,83000.0
722356,765000.0
722360,119000.0
722388,137000.0
722430,88000.0
722458,111000.0
722486,158000.0
722515,131000.0
722557,189000.0
722582,361000.0
722592,113000.0
722603,253000.0
722611,143000.0
722612,199000.0
722613,146000.0
722617,119000.0
722639,282000.0
722669,129000.0
722794,216000.0
722805,428000.0
722979,163000.0
722991,827000.0
722996,315000.0
723017,242000.0
723054,151000.0
723133,404000.0
723238,285000.0
723261,185000.0
723269,251000.0
723341,91000.0
723364,372000.0
723370,133000.0
723418,307000.0
723439,153000.0
723497,79000.0
723503,105000.0
723527,112000.0
723559,97000.0
723569,75000.0
723575,84000.0
723590,246000.0
723636,131000.0
723646,159000.0
723662,79000.0
723694,721000.0
723703,384000.0
723705,103000.0
723726,195000.0
723746,70000.0
723756,102000.0
723769,157000.0
723775,231000.0
723789,177000.0
723793,115000.0
723826,210000.0
723846,147000.0
723856,77000.0
723936,322000.0
723944,170000.0
723996,94000.0
724017,161000.0
724019,172000.0
724048,156000.0
724049,82000.0
724059,478000.0
724070,478000.0
724209,155000.0
724225,603000.0
724230,205000.0
724234,213000.0
724247,321000.0
724249,356000.0
724273,128000.0
724294,56000.0
724309,71000.0
724315,401000.0
724343,603000.0
724348,267000.0
724352,258000.0
724357,210000.0
724385,83000.0
724424,165000.0
724532,178000.0
724560,185000.0
724606,158000.0
724640,211000.0
724671,156000.0
724797,86000.0
724820,66000.0
724847,97000.0
724947,63000.0
724960,187000.0
724977,165000.0
724987,874000.0
725073,108000.0
725121,460000.0
725177,192000.0
725180,113000.0
725186,125000.0
725367,161000.0
725435,86000.0
725481,146000.0
725560,167000.0
725581,77000.0
725620,197000.0
725646,69000.0
725648,192000.0
725681,228000.0
725683,75000.0
725741,70000.0
725753,136000.0
725778,116000.0
725811,97000.0
725875,270000.0
725997,134000.0
726011,439000.0
726050,186000.0
726064,232000.0
726121,72000.0
726144,101000.0
726145,101000.0
726174,92000.0
726332,292000.0
726351,58000.0
726359,189000.0
726443,127000.0
726459,119000.0
726460,70000.0
726461,165000.0
726470,342000.0
726488,83000.0
726491,171000.0
726518,67000.0
726642,394000.0
726643,92000.0
726678,111000.0
726698,81000.0
726797,46000.0
726850,90000.0
726887,87000.0
726898,227000.0
726904,632000.0
726915,474000.0
726976,241000.0
727014,123000.0
727021,137000.0
727064,100000.0
727101,353000.0
727114,80000.0
727129,87000.0
727142,144000.0
727160,70000.0
727168,285000.0
727178,82000.0
727188,53000.0
727198,75000.0
727202,192000.0
727275,97000.0
727322,109000.0
727334,177000.0
727345,156000.0
727359,142000.0
727364,84000.0
727433,104000.0
727438,78000.0
727490,85000.0
727503,137000.0
727540,334000.0
727542,109000.0
727585,83000.0
727593,68000.0
727615,113000.0
727627,125000.0
727655,196000.0
727691,142000.0
727694,177000.0
727811,162000.0
727895,165000.0
728058,210000.0
728078,327000.0
728243,337000.0
728309,199000.0
728352,114000.0
728363,281000.0
728364,96000.0
728431,518000.0
728500,88000.0
728503,155000.0
728529,748000.0
728582,115000.0
728586,127000.0
728694,178000.0
728709,145000.0
728713,182000.0
728796,173000.0
728798,203000.0
728926,126000.0
728950,117000.0
728966,158000.0
728985,97000.0
729017,110000.0
729075,437000.0
729111,262000.0
729119,199000.0
729136,177000.0
729148,222000.0
729174,135000.0
729177,118000.0
729181,148000.0
729203,93000.0
729210,226000.0
729226,132000.0
729265,158000.0
729341,69000.0
729380,198000.0
729400,115000.0
729445,169000.0
729455,182000.0
729464,116000.0
729510,345000.0
729514,114000.0
729528,284000.0
729536,101000.0
729540,188000.0
729554,107000.0
729607,122000.0
729608,73000.0
729625,210000.0
729641,210000.0
729644,94000.0
729663,498000.0
729721,599000.0
729768,285000.0
729773,92000.0
729782,223000.0
729789,165000.0
729812,197000.0
729831,118000.0
729845,122000.0
729990,97000.0
730059,113000.0
730106,178000.0
730114,64000.0
730131,71000.0
730151,96000.0
730265,86000.0
730294,141000.0
730332,84000.0
730363,251000.0
730414,101000.0
730524,107000.0
730596,118000.0
730640,152000.0
730686,90000.0
730881,157000.0
730894,137000.0
730939,166000.0
731035,130000.0
731059,104000.0
731100,64000.0
731187,115000.0
731206,169000.0
731217,158000.0
731226,156000.0
731245,364000.0
731327,244000.0
731364,75000.0
731419,100000.0
731420,98000.0
731429,131000.0
731450,119000.0
731474,158000.0
731507,132000.0
731508,128000.0
731588,108000.0
731696,67000.0
731757,500000.0
731801,533000.0
731833,71000.0
731851,68000.0
731874,698000.0
732027,127000.0
732100,70000.0
732211,102000.0
732262,111000.0
732403,125000.0
732408,189000.0
732440,125000.0
732456,278000.0
732495,130000.0
732512,117000.0
732513,148000.0
732518,77000.0
732657,177000.0
732818,101000.0
732911,150000.0
732929,114000.0
732954,113000.0
732965,186000.0
732970,131000.0
732998,101000.0
733071,89000.0
733086,162000.0
733135,191000.0
733209,133000.0
733485,517000.0
733560,141000.0
733655,96000.0
733708,118000.0
733722,64000.0
733753,69000.0
733774,104000.0
733855,143000.0
733856,88000.0
733903,117000.0
733907,91000.0
733919,106000.0
734011,97000.0
734023,141000.0
734094,171000.0
734149,226000.0
734159,90000.0
734160,161000.0
734181,110000.0
734275,178000.0
734658,326000.0
734708,219000.0
734725,241000.0
734836,257000.0
735000,315000.0
735007,129000.0
735055,231000.0
735124,93000.0
735158,70000.0
735189,99000.0
735216,145000.0
735230,181000.0
735232,120000.0
735250,233000.0
735298,120000.0
735355,180000.0
735484,125000.0
735490,179000.0
735491,111000.0
735493,143000.0
735505,152000.0
735533,131000.0
735555,145000.0
735561,78000.0
735562,100000.0
735614,126000.0
735627,127000.0
735634,215000.0
735698,60000.0
735797,264000.0
735802,262000.0
735891,77000.0
735983,99000.0
736002,201000.0
736030,108000.0
736051,104000.0
736089,72000.0
736143,269000.0
736169,91000.0
736175,199000.0
736225,206000.0
736311,99000.0
736320,308000.0
736337,93000.0
736397,199000.0
736443,118000.0
736489,91000.0
736635,49000.0
736651,368000.0
736721,176000.0
736740,63000.0
736799,179000.0
736983,150000.0
737015,246000.0
737075,166000.0
737150,131000.0
737209,186000.0
737263,239000.0
737285,97000.0
737397,122000.0
737458,500000.0
737514,158000.0
737665,330000.0
737976,435000.0
738028,194000.0
738143,159000.0
738160,173000.0
738192,106000.0
738314,430000.0
738320,99000.0
738381,229000.0
738406,71000.0
738433,125000.0
738489,101000.0
738491,104000.0
738574,117000.0
738723,221000.0
738880,110000.0
738920,116000.0
739033,471000.0
739042,75000.0
739182,60000.0
739254,86000.0
739359,183000.0
739360,183000.0
739364,150000.0
739430,92000.0
739497,103000.0
739563,127000.0
739581,280000.0
739670,92000.0
739702,66000.0
739717,125000.0
739824,234000.0
740070,227000.0
740158,152000.0
740377,89000.0
740499,224000.0
740572,185000.0
740609,133000.0
740798,363000.0
740914,381000.0
740915,231000.0
740917,164000.0
740932,95000.0
740974,164000.0
740993,95000.0
740998,95000.0
741000,95000.0
741002,95000.0
741008,95000.0
741036,252000.0
741047,245000.0
741111,883000.0
741171,145000.0
741174,255000.0
741203,128000.0
741205,172000.0
741232,86000.0
741270,156000.0
741294,141000.0
741312,153000.0
741313,630000.0
741329,101000.0
741401,153000.0
741416,212000.0
741433,96000.0
741457,319000.0
741533,198000.0
741591,142000.0
741682,210000.0
741699,50000.0
741808,191000.0
741810,155000.0
741811,201000.0
741813,153000.0
741824,197000.0
741842,91000.0
741844,92000.0
741999,169000.0
742049,111000.0
742278,94000.0
742444,133000.0
742500,89000.0
742512,112000.0
742534,58000.0
742552,131000.0
742592,117000.0
742595,221000.0
742813,168000.0
742839,100000.0
743024,100000.0
743072,135000.0
743084,189000.0
743131,92000.0
743197,319000.0
743226,140000.0
743233,200000.0
743243,124000.0
743310,144000.0
743424,158000.0
743645,115000.0
743678,94000.0
743689,274000.0
743736,115000.0
743938,109000.0
744009,78000.0
744134,138000.0
744142,164000.0
744196,212000.0
744806,80000.0
744824,197000.0
744870,425000.0
744879,111000.0
744924,103000.0
745039,104000.0
745099,656000.0
745109,246000.0
745286,172000.0
745287,147000.0
745364,118000.0
745581,143000.0
745614,141000.0
745630,197000.0
745696,983000.0
745726,79000.0
745763,193000.0
745819,127000.0
745898,308000.0
745924,127000.0
745960,62000.0
746269,80000.0
746297,173000.0
746353,172000.0
746361,225000.0
746390,134000.0
746450,107000.0
746513,383000.0
746565,110000.0
746720,239000.0
746732,128000.0
746769,491000.0
746790,247000.0
746846,125000.0
746847,125000.0
746901,267000.0
747013,158000.0
747015,273000.0
747085,65000.0
747090,185000.0
747139,72000.0
747310,133000.0
747474,269000.0
747521,141000.0
747537,86000.0
747736,150000.0
747743,158000.0
747759,114000.0
747810,207000.0
747995,146000.0
748013,70000.0
748040,256000.0
748058,212000.0
748060,212000.0
748073,196000.0
748106,127000.0
748145,161000.0
748150,374000.0
748172,223000.0
748287,135000.0
748308,98000.0
748311,139000.0
748429,66000.0
748523,153000.0
748544,180000.0
748713,160000.0
748836,211000.0
748845,159000.0
748856,148000.0
748895,156000.0
748962,303000.0
749165,127000.0
749218,149000.0
749232,100000.0
749255,158000.0
749452,145000.0
749483,142000.0
749497,125000.0
749502,188000.0
749504,164000.0
749521,212000.0
749571,201000.0
749671,343000.0
749821,304000.0
749975,76000.0
750049,257000.0
750155,106000.0
750174,96000.0
750408,54000.0
750418,101000.0
750441,115000.0
750475,605000.0
750559,103000.0
750579,94000.0
750669,147000.0
750683,147000.0
750740,153000.0
750956,132000.0
751319,58000.0
751352,181000.0
751396,434000.0
751416,118000.0
751421,310000.0
751442,93000.0
751459,77000.0
751587,80000.0
751714,123000.0
751886,139000.0
751971,122000.0
752242,191000.0
752254,113000.0
752310,55000.0
752576,231000.0
752705,50000.0
752895,96000.0
752914,446000.0
752994,71000.0
753036,212000.0
753099,144000.0
753188,103000.0
753196,126000.0
753234,126000.0
753289,212000.0
753295,212000.0
753297,212000.0
753387,212000.0
753393,212000.0
753395,212000.0
753397,212000.0
753399,212000.0
753402,212000.0
753404,212000.0
753405,212000.0
753406,124000.0
753602,104000.0
753948,212000.0
754108,90000.0
754112,67000.0
754292,437000.0
754384,121000.0
754763,127000.0
754978,115000.0
754995,68000.0
755014,164000.0
755055,167000.0
755065,220000.0
755138,367000.0
755226,205000.0
755447,112000.0
755448,112000.0
755575,82000.0
755674,84000.0
755809,446000.0
755892,95000.0
756308,105000.0
756620,81000.0
756836,534000.0
757366,250000.0
757425,92000.0
757539,181000.0
757668,121000.0
757758,198000.0
757792,103000.0
757925,81000.0
757991,119000.0
758122,88000.0
758135,150000.0
758325,203000.0
758344,208000.0
758410,81000.0
758601,77000.0
758674,191000.0
758911,95000.0
759246,95000.0
759339,230000.0
759621,225000.0
759656,226000.0
759823,195000.0
759982,98000.0
760071,259000.0
760135,92000.0
760172,99000.0
760262,270000.0
760514,127000.0
760522,93000.0
760523,93000.0
760607,75000.0
760760,103000.0
760878,180000.0
761015,135000.0
761078,75000.0
761137,120000.0
761182,109000.0
761221,176000.0
761226,237000.0
761245,163000.0
761273,199000.0
761281,110000.0
761297,243000.0
761298,122000.0
761312,77000.0
761418,316000.0
761437,77000.0
761449,93000.0
761451,248000.0
761462,120000.0
761597,98000.0
761616,92000.0
761631,64000.0
761638,278000.0
761660,348000.0
761662,100000.0
761734,123000.0
761737,86000.0
761773,163000.0
761775,163000.0
761781,163000.0
761783,163000.0
761870,121000.0
761928,114000.0
762020,99000.0
762104,110000.0
762106,108000.0
762135,112000.0
762140,191000.0
762146,122000.0
762260,322000.0
762277,112000.0
762395,76000.0
762467,95000.0
762485,190000.0
762509,105000.0
762528,181000.0
762572,154000.0
762642,106000.0
762673,192000.0
762782,165000.0
762792,121000.0
762828,61000.0
762848,142000.0
762862,71000.0
762894,103000.0
762903,205000.0
762924,75000.0
762929,189000.0
762937,61000.0
762941,276000.0
762951,166000.0
762959,175000.0
762965,146000.0
762986,64000.0
763016,447000.0
763021,285000.0
763034,168000.0
763065,84000.0
763068,884000.0
763073,256000.0
763090,391000.0
763152,110000.0
763153,110000.0
763212,218000.0
763270,114000.0
763279,291000.0
763299,157000.0
763300,157000.0
763314,107000.0
763332,120000.0
763333,120000.0
763334,120000.0
763337,122000.0
763338,118000.0
763348,119000.0
763349,85000.0
763351,107000.0
763389,97000.0
763421,120000.0
763424,110000.0
763429,122000.0
763431,86000.0
763433,85000.0
763435,120000.0
763438,108000.0
763439,86000.0
763446,107000.0
763447,81000.0
763448,109000.0
763449,120000.0
763450,117000.0
763452,109000.0
763453,81000.0
763454,108000.0
763457,116000.0
763458,113000.0
763460,81000.0
763464,107000.0
763466,119000.0
763528,95000.0
763572,118000.0
763575,86000.0
763576,97000.0
763591,335000.0
763627,81000.0
763628,223000.0
763629,223000.0
763631,81000.0
763633,80000.0
763634,80000.0
763653,121000.0
763684,83000.0
763733,88000.0
763744,86000.0
763764,164000.0
763781,94000.0
763788,100000.0
763797,86000.0
763842,120000.0
763856,56000.0
763925,96000.0
763942,199000.0
764037,77000.0
764042,110000.0
764044,110000.0
764047,110000.0
764052,110000.0
764103,85000.0
764132,242000.0
764192,48000.0
764215,87000.0
764263,495000.0
764332,127000.0
764347,138000.0
764361,204000.0
764368,717000.0
764413,335000.0
764414,183000.0
764496,104000.0
764544,333000.0
764737,76000.0
764777,88000.0
764797,70000.0
764822,199000.0
764827,157000.0
764828,67000.0
764836,83000.0
764862,89000.0
764907,251000.0
764910,93000.0
764922,104000.0
764946,214000.0
764999,420000.0
765049,134000.0
765056,92000.0
765097,157000.0
765112,139000.0
765115,171000.0
765282,96000.0
765294,110000.0
765352,108000.0
765358,82000.0
765365,94000.0
765396,124000.0
765440,196000.0
765475,99000.0
765494,191000.0
765496,191000.0
765520,147000.0
765527,304000.0
765571,687000.0
765572,519000.0
765599,107000.0
765625,174000.0
765669,208000.0
765676,238000.0
765686,86000.0
765756,191000.0
765760,191000.0
765768,269000.0
765786,85000.0
765832,132000.0
765840,89000.0
765853,191000.0
765854,191000.0
765869,103000.0
765883,127000.0
765884,85000.0
765913,997000.0
765938,85000.0
766020,78000.0
766039,102000.0
766052,224000.0
766076,233000.0
766102,88000.0
766103,144000.0
766106,90000.0
766110,85000.0
766114,122000.0
766137,62000.0
766140,130000.0
766142,360000.0
766151,102000.0
766163,241000.0
766185,76000.0
766212,132000.0
766222,199000.0
766225,147000.0
766250,111000.0
766251,183000.0
766253,111000.0
766259,62000.0
766272,183000.0
766300,205000.0
766328,77000.0
766392,126000.0
766404,109000.0
766416,130000.0
766459,96000.0
766463,67000.0
766464,200000.0
766479,86000.0
766501,207000.0
766550,97000.0
766648,98000.0
766782,106000.0
766785,365000.0
766808,92000.0
766824,74000.0
766883,106000.0
766891,101000.0
766923,46000.0
766951,66000.0
766977,97000.0
766984,581000.0
766998,228000.0
767008,243000.0
767009,95000.0
767047,88000.0
767056,197000.0
767092,342000.0
767132,178000.0
767229,340000.0
767253,121000.0
767260,121000.0
767290,133000.0
767319,261000.0
767321,85000.0
767366,199000.0
767405,81000.0
767407,89000.0
767409,92000.0
767414,73000.0
767465,185000.0
767487,115000.0
767512,141000.0
767558,251000.0
767705,262000.0
767856,111000.0
768002,140000.0
768343,137000.0
768717,85000.0
768790,137000.0
768981,217000.0
769002,80000.0
769155,106000.0
769216,164000.0
769226,120000.0
769575,119000.0
769599,124000.0
769768,76000.0
769812,121000.0
769898,248000.0
769957,46000.0
770294,88000.0
770295,82000.0
770484,182000.0
770520,161000.0
770523,67000.0
770558,74000.0
770682,106000.0
770744,85000.0
770751,112000.0
770765,279000.0
770777,310000.0
770786,83000.0
770972,137000.0
771112,90000.0
771113,127000.0
771117,125000.0
771118,110000.0
771333,182000.0
771397,249000.0
771816,240000.0
771858,165000.0
772028,106000.0
772107,157000.0
772213,84000.0
772214,75000.0
774481,200000.0
774546,127000.0
774699,74000.0
774950,247000.0
775137,282000.0
775139,136000.0
775393,126000.0
775537,102000.0
775560,133000.0
775652,98000.0
775907,97000.0
776742,134000.0
776780,327000.0
776781,180000.0
776783,133000.0
776981,415000.0
777103,69000.0
777106,451000.0
777107,99000.0
777108,57000.0
777110,548000.0
777117,228000.0
777118,388000.0
777121,294000.0
777123,461000.0
777125,535000.0
777210,212000.0
777453,184000.0
777462,114000.0
777464,114000.0
777489,57000.0
777572,224000.0
778274,163000.0
778564,243000.0
778634,177000.0
778678,59000.0
778689,201000.0
778791,108000.0
778830,133000.0
778851,94000.0
778906,173000.0
778948,232000.0
778949,73000.0
778952,88000.0
778953,84000.0
778956,156000.0
778970,126000.0
778976,229000.0
779003,283000.0
779077,114000.0
779114,84000.0
779141,66000.0
779149,323000.0
779215,60000.0
779288,91000.0
779384,96000.0
779391,106000.0
779392,74000.0
779393,187000.0
779705,82000.0
779738,125000.0
779782,179000.0
779867,368000.0
779904,206000.0
779938,158000.0
779977,128000.0
779984,64000.0
780002,714000.0
780020,324000.0
780073,58000.0
780093,77000.0
780095,148000.0
780214,142000.0
780253,80000.0
780353,202000.0
780376,86000.0
780395,95000.0
780419,84000.0
780420,95000.0
780421,95000.0
780564,92000.0
780596,163000.0
780669,123000.0
780694,97000.0
780702,85000.0
780715,145000.0
780724,86000.0
780846,237000.0
780856,193000.0
780863,88000.0
780900,189000.0
780951,127000.0
781145,101000.0
781275,259000.0
781371,84000.0
781416,63000.0
781559,87000.0
781563,119000.0
781572,108000.0
781698,81000.0
781700,101000.0
781825,98000.0
781843,145000.0
781844,145000.0
781845,145000.0
781846,145000.0
781854,79000.0
781859,343000.0
781860,316000.0
781866,91000.0
781946,226000.0
781982,395000.0
782181,180000.0
782201,157000.0
782394,150000.0
782416,162000.0
782443,179000.0
782452,106000.0
782561,86000.0
782627,167000.0
782642,287000.0
782665,82000.0
782671,93000.0
782675,190000.0
782693,77000.0
782705,156000.0
782706,209000.0
782708,105000.0
782717,567000.0
782722,91000.0
782761,65000.0
782782,99000.0
782785,66000.0
782849,67000.0
782946,71000.0
783038,105000.0
783051,153000.0
783056,153000.0
783125,161000.0
783130,154000.0
783231,101000.0
783260,628000.0
783421,283000.0
783512,120000.0
783559,120000.0
783604,257000.0
783607,931000.0
783636,116000.0
783654,74000.0
783811,137000.0
783914,152000.0
783951,145000.0
783978,205000.0
783979,205000.0
784000,293000.0
784012,146000.0
784167,84000.0
784275,77000.0
784431,109000.0
784568,108000.0
784570,130000.0
784737,85000.0
784762,164000.0
784768,85000.0
784842,153000.0
785009,224000.0
785082,97000.0
785261,111000.0
785408,87000.0
785455,53000.0
785514,173000.0
785588,193000.0
785808,139000.0
785820,124000.0
785970,194000.0
785973,194000.0
786182,104000.0
786183,97000.0
786346,183000.0
786447,144000.0
786450,144000.0
786451,144000.0
786452,144000.0
786456,144000.0
786457,144000.0
786484,144000.0
786521,193000.0
786587,121000.0
786628,757000.0
786831,221000.0
786859,86000.0
787068,84000.0
787151,101000.0
787208,164000.0
787215,237000.0
787216,237000.0
787276,192000.0
787281,245000.0
787289,100000.0
787291,261000.0
787331,97000.0
787343,52000.0
787361,156000.0
787369,152000.0
787382,70000.0
787385,111000.0
787401,214000.0
787405,146000.0
787411,78000.0
787454,75000.0
787485,54000.0
787486,54000.0
787489,54000.0
787490,54000.0
787528,181000.0
787529,199000.0
787533,184000.0
787535,140000.0
787538,111000.0
787555,133000.0
787614,79000.0
787634,102000.0
787684,151000.0
787868,915000.0
788008,197000.0
788356,65000.0
788577,367000.0
788645,121000.0
788730,199000.0
788820,122000.0
788990,93000.0
788994,121000.0
789179,746000.0
789327,84000.0
789333,103000.0
789339,419000.0
789374,121000.0
789389,111000.0
789555,116000.0
789568,90000.0
789619,119000.0
789638,91000.0
789709,108000.0
789843,270000.0
789881,419000.0
789964,351000.0
789966,96000.0
790026,204000.0
790038,247000.0
790115,121000.0
790170,72000.0
790184,84000.0
790414,87000.0
790625,183000.0
790725,201000.0
790798,107000.0
790912,112000.0
790918,187000.0
790939,78000.0
791067,114000.0
791077,115000.0
791182,217000.0
791219,201000.0
791221,115000.0
791296,89000.0
791314,335000.0
791379,91000.0
791445,151000.0
791581,296000.0
791589,133000.0
791600,133000.0
791608,296000.0
791617,133000.0
791813,132000.0
791869,196000.0
791870,123000.0
792315,102000.0
792695,143000.0
793171,114000.0
793172,100000.0
793391,305000.0
793620,81000.0
793722,127000.0
793967,116000.0
794344,167000.0
794498,128000.0
794573,105000.0
794576,98000.0
794897,351000.0
794968,79000.0
796060,148000.0
796252,156000.0
796300,85000.0
796537,222000.0
796582,410000.0
797433,158000.0
797488,140000.0
797489,67000.0
797540,156000.0
797866,60000.0
798010,305000.0
798026,97000.0
799178,90000.0
799179,90000.0
799190,90000.0
799234,90000.0
799315,389000.0
799472,190000.0
799498,103000.0
799561,100000.0
799652,88000.0
799732,243000.0
800022,93000.0
800237,92000.0
800456,174000.0
800963,226000.0
801193,48000.0
801250,81000.0
801281,75000.0
801487,137000.0
801497,72000.0
801503,103000.0
801504,94000.0
801727,121000.0
801954,125000.0
802096,115000.0
802163,107000.0
802196,242000.0
802200,135000.0
802270,94000.0
802271,75000.0
802331,108000.0
802349,107000.0
802375,84000.0
802688,75000.0
803023,115000.0
803138,50000.0
803310,85000.0
803839,91000.0
803941,92000.0
804236,113000.0
804237,139000.0
804318,79000.0
804335,70000.0
804516,113000.0
804572,70000.0
804611,198000.0
804663,147000.0
804859,100000.0
805515,320000.0
805577,140000.0
806450,135000.0
806493,930000.0
806508,144000.0
806655,79000.0
806775,142000.0
806865,75000.0
806936,122000.0
806937,207000.0
807537,135000.0
807824,92000.0
807826,92000.0
808024,72000.0
808123,85000.0
808180,80000.0
808340,104000.0
808644,96000.0
808647,86000.0
809443,179000.0
809444,215000.0
809711,227000.0
810556,85000.0
810560,169000.0
810574,80000.0
810705,91000.0
811018,68000.0
811028,142000.0
811104,85000.0
811659,203000.0
811817,123000.0
811944,156000.0
812472,154000.0
812587,158000.0
812588,127000.0
812762,111000.0
812914,160000.0
813322,86000.0
813323,86000.0
813324,86000.0
813361,382000.0
813430,148000.0
813750,624000.0
813797,85000.0
813800,82000.0
814059,163000.0
814159,249000.0
814247,145000.0
814306,502000.0
814308,81000.0
814310,87000.0
814313,100000.0
814338,89000.0
814378,113000.0
814381,95000.0
814390,248000.0
814448,93000.0
814449,93000.0
815043,155000.0
815287,84000.0
815582,150000.0
815585,215000.0
815640,618000.0
816479,72000.0
816525,90000.0
816552,104000.0
816589,148000.0
816592,82000.0
816594,147000.0
816608,69000.0
816611,191000.0
816676,122000.0
816679,122000.0
816850,96000.0
816967,137000.0
816968,195000.0
816969,193000.0
816972,236000.0
816974,139000.0
817091,242000.0
817550,283000.0
817647,125000.0
817658,113000.0
817662,122000.0
817752,119000.0
817883,233000.0
817978,209000.0
818057,145000.0
818059,432000.0
818170,168000.0
818217,146000.0
818229,125000.0
818316,446000.0
818405,115000.0
818412,81000.0
818488,223000.0
818498,222000.0
818519,223000.0
818520,230000.0
818601,304000.0
818620,231000.0
818629,377000.0
818668,98000.0
818906,152000.0
818951,99000.0
818981,103000.0
819022,90000.0
819052,166000.0
819088,111000.0
819090,183000.0
819154,82000.0
819224,152000.0
819477,185000.0
819505,171000.0
819532,78000.0
819599,96000.0
819624,202000.0
819689,128000.0
819690,128000.0
819694,128000.0
819729,142000.0
819737,88000.0
819839,165000.0
819946,209000.0
820010,112000.0
820047,172000.0
820221,142000.0
820343,105000.0
820369,187000.0
820444,384000.0
820485,77000.0
820520,94000.0
820534,110000.0
820549,74000.0
820550,150000.0
820560,131000.0
820576,84000.0
820608,417000.0
820640,72000.0
820668,157000.0
820672,77000.0
820758,84000.0
820763,129000.0
820797,141000.0
820936,139000.0
821001,70000.0
821049,87000.0
821050,85000.0
821087,128000.0
821251,151000.0
821372,77000.0
821381,77000.0
821423,99000.0
821616,88000.0
821664,106000.0
821715,92000.0
821753,152000.0
821791,71000.0
821800,166000.0
821820,106000.0
821825,116000.0
821826,1067000.0
821876,103000.0
821888,96000.0
821895,88000.0
822024,103000.0
822169,67000.0
822190,209000.0
822347,139000.0
822354,161000.0
822421,136000.0
822422,220000.0
822432,225000.0
822445,103000.0
822453,87000.0
822456,548000.0
822457,89000.0
822552,247000.0
822622,179000.0
822624,179000.0
822635,59000.0
822656,135000.0
822684,148000.0
822688,67000.0
822777,114000.0
822785,247000.0
822858,95000.0
822880,92000.0
822882,188000.0
822883,184000.0
822930,159000.0
823118,118000.0
823126,110000.0
823190,122000.0
823243,184000.0
823305,102000.0
823338,242000.0
823411,216000.0
823441,103000.0
823596,57000.0
823639,158000.0
823761,162000.0
823773,150000.0
823798,114000.0
823815,160000.0
823830,191000.0
823846,153000.0
823949,176000.0
823958,188000.0
824041,99000.0
824138,118000.0
824141,91000.0
824236,162000.0
824250,69000.0
824261,154000.0
824528,107000.0
824533,107000.0
824564,84000.0
824568,88000.0
824571,161000.0
824575,159000.0
824602,107000.0
824686,105000.0
824788,318000.0
824810,172000.0
824857,107000.0
824886,52000.0
824906,177000.0
825094,108000.0
825107,253000.0
825186,145000.0
825386,119000.0
825462,80000.0
825470,124000.0
825472,124000.0
825473,122000.0
825700,144000.0
825862,131000.0
825950,200000.0
826171,118000.0
826173,118000.0
826309,181000.0
826322,182000.0
826408,653000.0
826453,77000.0
826522,109000.0
826555,219000.0
826607,141000.0
826650,136000.0
826863,95000.0
826864,89000.0
826881,97000.0
826893,268000.0
826896,72000.0
826968,101000.0
826977,101000.0
827191,83000.0
827214,171000.0
827230,109000.0
827234,111000.0
827325,423000.0
827359,121000.0
827399,146000.0
827481,256000.0
827619,112000.0
827688,147000.0
827711,616000.0
827954,299000.0
828025,71000.0
828031,192000.0
828082,108000.0
828144,161000.0
828174,161000.0
828265,117000.0
828273,122000.0
828285,165000.0
828351,525000.0
828477,119000.0
828604,116000.0
828623,94000.0
828718,223000.0
828750,116000.0
828793,133000.0
828812,136000.0
828827,119000.0
828862,195000.0
828965,212000.0
829067,87000.0
829087,172000.0
829171,782000.0
829240,338000.0
829278,81000.0
829282,206000.0
829293,94000.0
829295,131000.0
829318,117000.0
829322,141000.0
829336,128000.0
829344,188000.0
829351,244000.0
829359,198000.0
829367,198000.0
829372,198000.0
829378,198000.0
829383,87000.0
829389,198000.0
829390,89000.0
829395,110000.0
829413,123000.0
829417,188000.0
829419,188000.0
829599,201000.0
829600,164000.0
829612,208000.0
829673,125000.0
829767,270000.0
829883,75000.0
829947,108000.0
830002,123000.0
830122,58000.0
830143,92000.0
830151,87000.0
830160,139000.0
830199,91000.0
830245,198000.0
830262,235000.0
830265,242000.0
830279,368000.0
830280,114000.0
830333,85000.0
830384,74000.0
830410,86000.0
830446,91000.0
830448,59000.0
830535,143000.0
830581,89000.0
830587,168000.0
830702,92000.0
830731,166000.0
830739,106000.0
830764,399000.0
830772,88000.0
830774,88000.0
830971,216000.0
831037,83000.0
831091,222000.0
831105,168000.0
831106,241000.0
831112,92000.0
831247,217000.0
831261,140000.0
831269,170000.0
831321,109000.0
831459,144000.0
831529,66000.0
831628,389000.0
831792,66000.0
831881,185000.0
831882,186000.0
831883,186000.0
831884,186000.0
831910,189000.0
831944,204000.0
831946,232000.0
831947,231000.0
831949,231000.0
831950,231000.0
831960,202000.0
831961,170000.0
831974,237000.0
832022,118000.0
832156,526000.0
832213,188000.0
832254,247000.0
832261,235000.0
832343,73000.0
832367,207000.0
832436,134000.0
832439,138000.0
832460,320000.0
832470,89000.0
832511,103000.0
832513,110000.0
832624,112000.0
832707,122000.0
832726,128000.0
832780,424000.0
832924,166000.0
832953,173000.0
833013,171000.0
833045,194000.0
833051,185000.0
833052,354000.0
833055,185000.0
833056,185000.0
833057,185000.0
833058,185000.0
833091,101000.0
833216,197000.0
833233,106000.0
833350,113000.0
833459,94000.0
833510,144000.0
833525,218000.0
833527,108000.0
833554,630000.0
833634,133000.0
833668,85000.0
833688,242000.0
833789,272000.0
833827,170000.0
833846,160000.0
833858,88000.0
833886,264000.0
833925,98000.0
833968,84000.0
834026,228000.0
834042,197000.0
834049,180000.0
834113,381000.0
834265,79000.0
834280,182000.0
834315,106000.0
834335,149000.0
834341,125000.0
834343,79000.0
834348,81000.0
834350,169000.0
834391,182000.0
834443,139000.0
834451,108000.0
834514,165000.0
834613,366000.0
834616,365000.0
834623,398000.0
834662,88000.0
834702,169000.0
834746,256000.0
834751,251000.0
834764,129000.0
834785,194000.0
834788,110000.0
834836,164000.0
834858,152000.0
834903,193000.0
834917,152000.0
834959,176000.0
835037,96000.0
835090,115000.0
835122,96000.0
835129,167000.0
835137,196000.0
835262,214000.0
835290,140000.0
835307,208000.0
835336,99000.0
835361,93000.0
835388,201000.0
835459,93000.0
835465,131000.0
835522,222000.0
835523,105000.0
835635,115000.0
835651,161000.0
835661,161000.0
835673,110000.0
835692,145000.0
835759,96000.0
835813,360000.0
835814,360000.0
835816,360000.0
835884,533000.0
835965,169000.0
836013,252000.0
836041,101000.0
836103,115000.0
836173,206000.0
836254,334000.0
836316,239000.0
836341,200000.0
836417,86000.0
836550,90000.0
836555,137000.0
836556,124000.0
836559,123000.0
836561,124000.0
836562,87000.0
836563,120000.0
836564,124000.0
836566,82000.0
836735,123000.0
836782,109000.0
836821,155000.0
837005,480000.0
837092,155000.0
837095,155000.0
837197,280000.0
837467,107000.0
837506,242000.0
837521,135000.0
837550,92000.0
837592,90000.0
837618,133000.0
837632,77000.0
837642,137000.0
837658,89000.0
837769,126000.0
837779,126000.0
837784,156000.0
837831,183000.0
837832,88000.0
837836,175000.0
837961,112000.0
838054,71000.0
838186,73000.0
838254,107000.0
838257,162000.0
838287,246000.0
838374,100000.0
838443,270000.0
838471,125000.0
838609,83000.0
838636,98000.0
838681,127000.0
838696,54000.0
838729,168000.0
838745,181000.0
838778,96000.0
838834,89000.0
838840,199000.0
839042,265000.0
839134,187000.0
839179,111000.0
839299,192000.0
839328,190000.0
839358,136000.0
839379,161000.0
839481,121000.0
839688,216000.0
839804,133000.0
839807,133000.0
839857,322000.0
839875,113000.0
839896,107000.0
839906,108000.0
839907,107000.0
839912,97000.0
839923,108000.0
839964,82000.0
840015,134000.0
840075,85000.0
840137,91000.0
840187,75000.0
840267,88000.0
840277,88000.0
840279,88000.0
840282,88000.0
840284,88000.0
840287,88000.0
840313,75000.0
840333,73000.0
840334,139000.0
840337,134000.0
840425,870000.0
840558,396000.0
840569,169000.0
840632,117000.0
840829,114000.0
840859,244000.0
840895,103000.0
840951,93000.0
841008,79000.0
841041,121000.0
841075,139000.0
841077,277000.0
841273,127000.0
841289,165000.0
841313,98000.0
841337,161000.0
841354,307000.0
841376,168000.0
841400,190000.0
841446,103000.0
841484,264000.0
841515,158000.0
841521,122000.0
841536,174000.0
841557,193000.0
841585,105000.0
841696,231000.0
841763,190000.0
841803,83000.0
841851,792000.0
841869,138000.0
841984,153000.0
842034,226000.0
842041,76000.0
842044,97000.0
842056,159000.0
842219,163000.0
842222,98000.0
842243,199000.0
842245,169000.0
842350,169000.0
842357,136000.0
842459,96000.0
842460,248000.0
842623,91000.0
842624,563000.0
842791,111000.0
842797,143000.0
842808,123000.0
842868,299000.0
842953,565000.0
842960,95000.0
843026,62000.0
843041,93000.0
843066,71000.0
843070,80000.0
843072,229000.0
843183,138000.0
843192,98000.0
843194,99000.0
843197,93000.0
843201,98000.0
843205,130000.0
843339,100000.0
843353,112000.0
843397,56000.0
843417,100000.0
843468,119000.0
843471,129000.0
843505,100000.0
843512,110000.0
843536,212000.0
843564,94000.0
843575,123000.0
843622,116000.0
843737,114000.0
843742,87000.0
843767,84000.0
843770,126000.0
843784,90000.0
843794,148000.0
843797,103000.0
843906,78000.0
843914,57000.0
843942,166000.0
843943,70000.0
843979,140000.0
843980,101000.0
843993,69000.0
844008,84000.0
844035,62000.0
844085,141000.0
844097,141000.0
844104,141000.0
844109,154000.0
844110,129000.0
844126,172000.0
844162,102000.0
844165,141000.0
844198,89000.0
844211,100000.0
844233,133000.0
844310,92000.0
844316,90000.0
844329,75000.0
844338,75000.0
844468,245000.0
844503,156000.0
844536,102000.0
844539,102000.0
844564,154000.0
844590,262000.0
844617,181000.0
844640,220000.0
844716,86000.0
844747,83000.0
844748,80000.0
844755,80000.0
844762,80000.0
844789,80000.0
844804,102000.0
844846,206000.0
844847,147000.0
844849,214000.0
844855,206000.0
844856,67000.0
844857,152000.0
844862,155000.0
844886,94000.0
844915,188000.0
844925,107000.0
844991,157000.0
844993,67000.0
845024,138000.0
845033,87000.0
845082,250000.0
845083,261000.0
845096,116000.0
845106,204000.0
845107,111000.0
845121,92000.0
845124,96000.0
845155,146000.0
845166,80000.0
845183,232000.0
845217,180000.0
845244,161000.0
845251,108000.0
845344,103000.0
845370,202000.0
845397,93000.0
845405,191000.0
845471,106000.0
845486,114000.0
845528,92000.0
845534,106000.0
845545,110000.0
845594,119000.0
845685,82000.0
845705,122000.0
845720,115000.0
845802,86000.0
845879,94000.0
845943,78000.0
845962,154000.0
846140,455000.0
846147,896000.0
846152,99000.0
846284,186000.0
846499,107000.0
846556,140000.0
846559,116000.0
846573,83000.0
846575,207000.0
846768,92000.0
846871,278000.0
846968,72000.0
847095,74000.0
847100,52000.0
847161,70000.0
847191,490000.0
847227,86000.0
847230,74000.0
847306,319000.0
847476,135000.0
847537,43000.0
847657,164000.0
847727,185000.0
847766,220000.0
847773,89000.0
847809,217000.0
847861,113000.0
847892,126000.0
847917,162000.0
847950,221000.0
848039,89000.0
848093,88000.0
848095,470000.0
848112,321000.0
848157,167000.0
848164,108000.0
848302,134000.0
848330,199000.0
848365,387000.0
848375,153000.0
848386,111000.0
848437,108000.0
848493,149000.0
848543,114000.0
848549,188000.0
848623,118000.0
848661,138000.0
848707,78000.0
848775,161000.0
848843,382000.0
848978,116000.0
848989,183000.0
849002,107000.0
849024,116000.0
849047,113000.0
849062,137000.0
849064,115000.0
936612,77000.0
936685,128000.0
936696,402000.0
936725,176000.0
936735,55000.0
936772,86000.0
936806,104000.0
936808,190000.0
936854,89000.0
936871,162000.0
936899,145000.0
936915,94000.0
936923,100000.0
936950,193000.0
936973,116000.0
937001,118000.0
937003,148000.0
937056,227000.0
937090,278000.0
937110,159000.0
937130,108000.0
937183,624000.0
937255,115000.0
937276,541000.0
937318,145000.0
937335,126000.0
937337,350000.0
937358,104000.0
937360,104000.0
937362,104000.0
937390,270000.0
937462,164000.0
937472,164000.0
937477,164000.0
937493,150000.0
937518,65000.0
937519,65000.0
937555,68000.0
937658,219000.0
937662,122000.0
937663,93000.0
937665,93000.0
937676,129000.0
937694,137000.0
937735,120000.0
937740,555000.0
937751,182000.0
937776,179000.0
937780,89000.0
937812,84000.0
937813,84000.0
937943,77000.0
938043,127000.0
938056,192000.0
938064,67000.0
938068,89000.0
938080,116000.0
938114,188000.0
938187,96000.0
938204,494000.0
938206,136000.0
938209,101000.0
938212,157000.0
938232,72000.0
938233,85000.0
938349,561000.0
938350,745000.0
938351,971000.0
938354,657000.0
938361,561000.0
938362,693000.0
938363,1056000.0
938433,752000.0
938579,362000.0
938635,109000.0
938636,109000.0
938637,115000.0
938639,127000.0
938651,315000.0
938670,95000.0
938703,120000.0
938705,120000.0
938715,118000.0
938733,112000.0
938812,109000.0
938814,110000.0
938894,419000.0
938913,73000.0
938938,202000.0
938957,218000.0
938990,58000.0
939010,193000.0
939028,219000.0
939075,89000.0
939121,107000.0
939133,78000.0
939146,341000.0
939224,102000.0
939227,143000.0
939256,126000.0
939297,535000.0
939305,102000.0
939310,310000.0
939349,139000.0
939360,145000.0
939392,112000.0
939400,177000.0
939409,144000.0
939411,151000.0
939414,147000.0
939420,145000.0
939421,148000.0
939438,521000.0
939494,237000.0
939496,150000.0
939497,144000.0
939501,96000.0
939587,98000.0
939589,95000.0
939629,539000.0
939636,92000.0
939645,126000.0
939650,444000.0
939666,79000.0
939669,279000.0
939711,86000.0
939877,133000.0
939886,110000.0
939890,101000.0
939892,127000.0
939905,90000.0
939930,167000.0
939935,436000.0
939960,259000.0
939964,200000.0
939970,76000.0
940066,67000.0
940094,131000.0
940095,152000.0
940096,288000.0
940118,96000.0
940138,105000.0
940168,135000.0
940172,135000.0
940240,98000.0
940262,84000.0
940282,186000.0
940283,186000.0
940336,140000.0
940389,275000.0
940487,317000.0
940552,227000.0
940571,173000.0
940579,77000.0
940602,257000.0
940627,337000.0
940735,90000.0
940740,154000.0
940742,206000.0
940767,292000.0
940788,174000.0
940807,92000.0
940855,97000.0
940868,119000.0
940875,119000.0
940876,182000.0
940890,795000.0
940950,85000.0
941026,203000.0
941059,263000.0
941089,152000.0
941112,155000.0
941121,457000.0
941123,66000.0
941146,108000.0
941344,122000.0
941346,845000.0
941369,175000.0
941370,152000.0
941373,134000.0
941384,76000.0
941500,107000.0
941524,101000.0
941554,71000.0
941713,114000.0
941780,103000.0
941782,242000.0
941786,150000.0
941790,105000.0
941791,86000.0
941792,110000.0
941793,211000.0
941797,96000.0
941798,92000.0
941801,78000.0
941810,104000.0
941826,184000.0
941843,97000.0
941862,108000.0
941864,118000.0
941867,108000.0
941875,100000.0
941876,108000.0
941881,151000.0
941883,91000.0
941884,115000.0
941891,115000.0
941919,125000.0
941959,133000.0
942057,279000.0
942070,304000.0
942098,210000.0
942103,210000.0
942105,210000.0
942106,98000.0
942109,95000.0
942111,210000.0
942113,115000.0
942115,210000.0
942116,113000.0
942130,142000.0
942139,78000.0
942145,208000.0
942168,178000.0
942177,125000.0
942181,111000.0
942196,162000.0
942210,90000.0
942217,118000.0
942275,144000.0
942370,182000.0
942375,182000.0
942383,242000.0
942415,230000.0
942422,71000.0
942463,74000.0
942469,109000.0
942480,96000.0
942488,88000.0
942583,111000.0
942628,163000.0
942635,83000.0
942636,83000.0
942651,99000.0
942653,488000.0
942655,91000.0
942657,100000.0
942741,809000.0
942753,272000.0
942779,124000.0
942802,92000.0
942843,82000.0
942844,246000.0
942890,386000.0
942964,74000.0
942968,126000.0
942969,126000.0
942985,125000.0
942989,229000.0
942990,121000.0
943022,102000.0
943032,101000.0
943039,598000.0
943044,136000.0
943112,142000.0
943140,109000.0
943141,153000.0
943143,109000.0
943145,86000.0
943149,113000.0
943167,230000.0
943193,177000.0
943238,161000.0
943352,101000.0
943368,88000.0
943373,121000.0
943397,453000.0
943398,191000.0
943402,153000.0
943412,198000.0
943473,250000.0
943478,107000.0
943482,263000.0
943484,184000.0
943489,94000.0
943497,496000.0
943503,179000.0
943504,207000.0
943505,211000.0
943592,77000.0
943684,79000.0
943693,128000.0
943696,480000.0
943698,88000.0
943699,91000.0
943750,273000.0
943756,646000.0
943782,93000.0
943783,80000.0
943810,202000.0
943821,547000.0
943822,205000.0
943872,94000.0
943889,224000.0
943928,80000.0
943939,164000.0
943944,62000.0
943953,187000.0
943954,164000.0
943955,141000.0
943960,162000.0
943964,127000.0
943968,153000.0
943969,153000.0
943985,124000.0
944000,153000.0
944002,122000.0
944018,497000.0
944025,105000.0
944030,91000.0
944101,80000.0
944105,72000.0
944256,346000.0
944265,112000.0
944289,116000.0
944295,137000.0
944305,76000.0
944306,76000.0
944312,76000.0
944341,167000.0
944342,167000.0
944347,112000.0
944360,181000.0
944384,87000.0
944425,194000.0
944434,99000.0
944435,88000.0
944436,88000.0
944442,586000.0
944552,197000.0
944568,244000.0
944662,94000.0
944671,177000.0
944683,101000.0
944887,193000.0
944902,229000.0
944906,131000.0
944913,115000.0
944921,101000.0
944935,92000.0
944942,107000.0
944943,107000.0
944955,418000.0
944967,523000.0
945015,170000.0
945046,187000.0
945082,82000.0
945116,93000.0
945151,196000.0
945180,60000.0
945181,61000.0
945182,186000.0
945273,78000.0
945283,122000.0
945305,67000.0
945332,98000.0
945388,60000.0
945444,200000.0
945448,617000.0
945453,147000.0
945454,268000.0
945470,135000.0
945495,273000.0
945498,272000.0
945505,264000.0
945513,139000.0
945554,178000.0
945590,110000.0
945627,150000.0
945628,149000.0
945629,149000.0
945630,149000.0
945749,124000.0
945790,316000.0
945801,522000.0
945838,121000.0
945839,133000.0
945840,133000.0
945843,89000.0
945880,77000.0
945900,138000.0
945901,138000.0
945902,138000.0
945903,138000.0
945940,87000.0
945942,89000.0
945945,100000.0
945946,100000.0
945952,177000.0
945965,1223000.0
945967,923000.0
945997,85000.0
945998,203000.0
946016,139000.0
946307,90000.0
946318,257000.0
946327,183000.0
946351,80000.0
946358,154000.0
946373,110000.0
946376,172000.0
946385,150000.0
946386,136000.0
946397,83000.0
946398,74000.0
946401,93000.0
946403,173000.0
946433,82000.0
946446,65000.0
946447,88000.0
946448,147000.0
946462,77000.0
946463,76000.0
946492,180000.0
946496,87000.0
946540,309000.0
946541,201000.0
946591,117000.0
946601,109000.0
946638,260000.0
946640,80000.0
946653,73000.0
946678,502000.0
946687,125000.0
946688,125000.0
946689,107000.0
946716,138000.0
946732,209000.0
946738,165000.0
946746,198000.0
946779,84000.0
946784,109000.0
946788,120000.0
946820,201000.0
946836,122000.0
946870,65000.0
946873,65000.0
946896,94000.0
946944,83000.0
946972,112000.0
946973,102000.0
947007,82000.0
947031,128000.0
947057,138000.0
947141,134000.0
947176,219000.0
947187,164000.0
947206,557000.0
947216,571000.0
947274,799000.0
947300,423000.0
947332,847000.0
947383,104000.0
947395,211000.0
947405,486000.0
947436,96000.0
947473,102000.0
947495,109000.0
947530,126000.0
947537,304000.0
947552,177000.0
947564,176000.0
947584,235000.0
947625,85000.0
947677,578000.0
947689,108000.0
947698,160000.0
947699,230000.0
947700,218000.0
947701,78000.0
947702,79000.0
947725,98000.0
947743,153000.0
947833,286000.0
947872,170000.0
947881,132000.0
947930,142000.0
947977,395000.0
948034,93000.0
948036,93000.0
948039,93000.0
948066,136000.0
948107,300000.0
948115,118000.0
948121,93000.0
948137,174000.0
948148,225000.0
948306,210000.0
948339,411000.0
948361,232000.0
948386,140000.0
948387,140000.0
948388,97000.0
948423,199000.0
948470,155000.0
948479,133000.0
948484,103000.0
948486,118000.0
948598,127000.0
948607,96000.0
948629,134000.0
948630,135000.0
948631,134000.0
948632,134000.0
948633,134000.0
948641,134000.0
948643,134000.0
948651,140000.0
948652,145000.0
948675,92000.0
948740,108000.0
948743,77000.0
948744,95000.0
948745,96000.0
948774,192000.0
948789,526000.0
948807,123000.0
948808,123000.0
948809,126000.0
948813,119000.0
948816,210000.0
948819,210000.0
948830,86000.0
948870,153000.0
948912,82000.0
948941,81000.0
949105,156000.0
949143,217000.0
949144,109000.0
949147,109000.0
949248,315000.0
949250,139000.0
949278,98000.0
949283,316000.0
949293,86000.0
949340,98000.0
949379,75000.0
949426,98000.0
949427,298000.0
949428,114000.0
949431,82000.0
949443,117000.0
949474,172000.0
949492,660000.0
949501,101000.0
949517,105000.0
949518,176000.0
949519,105000.0
949529,88000.0
949544,135000.0
949545,135000.0
949584,116000.0
949592,205000.0
949593,166000.0
949627,81000.0
949651,139000.0
949661,164000.0
949762,145000.0
949815,110000.0
949827,172000.0
949858,106000.0
949933,77000.0
949934,115000.0
949943,133000.0
949960,213000.0
950036,75000.0
950037,74000.0
950038,221000.0
950039,258000.0
950044,107000.0
950060,97000.0
950088,179000.0
950194,150000.0
950227,122000.0
950234,276000.0
950303,200000.0
950339,93000.0
950374,134000.0
950378,55000.0
950382,168000.0
950385,114000.0
950489,218000.0
950576,123000.0
950581,124000.0
950583,136000.0
950584,136000.0
950585,136000.0
950607,103000.0
950630,507000.0
950634,157000.0
950664,89000.0
950671,386000.0
950686,245000.0
950746,74000.0
950751,70000.0
950916,173000.0
951001,96000.0
951065,249000.0
951129,80000.0
951162,267000.0
951195,117000.0
951200,175000.0
951201,178000.0
951405,82000.0
951412,164000.0
951454,84000.0
951460,145000.0
951463,145000.0
951471,138000.0
951553,105000.0
951564,127000.0
951646,209000.0
951663,197000.0
951687,621000.0
951692,76000.0
951704,225000.0
951780,189000.0
951782,133000.0
951915,63000.0
951963,130000.0
951975,144000.0
951988,112000.0
952013,185000.0
952025,860000.0
952036,278000.0
952096,278000.0
952268,128000.0
952271,127000.0
952273,110000.0
952448,319000.0
952466,107000.0
952537,65000.0
952541,155000.0
952545,613000.0
952546,578000.0
952566,74000.0
952651,150000.0
952689,193000.0
952699,344000.0
952773,101000.0
952778,416000.0
952818,481000.0
952900,105000.0
952916,96000.0
953005,214000.0
953024,315000.0
953047,113000.0
953057,127000.0
953161,296000.0
953163,311000.0
953176,65000.0
953177,65000.0
953181,65000.0
953182,65000.0
953227,97000.0
953228,114000.0
953237,193000.0
953293,133000.0
953325,83000.0
953326,87000.0
953330,81000.0
953375,145000.0
953481,133000.0
953486,398000.0
953512,174000.0
953552,215000.0
953564,134000.0
953626,156000.0
953702,231000.0
953744,90000.0
953778,88000.0
953795,237000.0
953797,306000.0
953857,122000.0
953894,381000.0
953920,264000.0
953922,258000.0
953931,104000.0
953965,125000.0
954066,98000.0
954138,251000.0
954190,146000.0
954216,132000.0
954292,163000.0
954302,235000.0
954319,104000.0
954351,726000.0
954413,82000.0
954419,469000.0
954452,429000.0
954503,148000.0
954505,112000.0
954535,77000.0
954548,133000.0
954563,91000.0
954578,193000.0
954584,176000.0
954608,221000.0
954615,80000.0
954627,139000.0
954649,288000.0
954700,319000.0
954717,140000.0
954721,74000.0
954735,124000.0
954747,191000.0
954762,489000.0
954787,191000.0
954809,83000.0
954828,119000.0
954831,91000.0
954867,166000.0
954868,172000.0
954880,90000.0
954892,680000.0
954911,79000.0
954926,390000.0
954928,715000.0
954955,75000.0
954963,255000.0
954972,964000.0
954992,252000.0
955082,172000.0
955110,204000.0
955132,128000.0
955142,288000.0
955152,200000.0
955153,392000.0
955160,223000.0
955162,67000.0
955164,310000.0
955189,127000.0
955190,173000.0
955207,168000.0
955287,152000.0
955308,162000.0
955309,163000.0
955361,99000.0
955376,185000.0
955429,103000.0
955444,89000.0
955445,169000.0
955456,82000.0
955502,578000.0
955525,229000.0
955528,79000.0
955541,132000.0
955557,316000.0
955562,443000.0
955575,221000.0
955601,255000.0
955609,100000.0
955639,128000.0
955664,158000.0
955682,191000.0
955700,179000.0
955727,173000.0
955782,105000.0
955786,79000.0
955801,203000.0
955815,182000.0
955864,111000.0
955926,182000.0
955932,161000.0
955939,374000.0
955961,127000.0
955974,85000.0
955994,91000.0
956001,93000.0
956005,194000.0
956031,587000.0
956035,90000.0
956036,90000.0
956038,302000.0
956042,90000.0
956044,90000.0
956046,90000.0
956050,90000.0
956051,90000.0
956130,145000.0
956137,67000.0
956144,230000.0
956156,165000.0
956187,127000.0
956223,133000.0
956246,80000.0
956263,187000.0
956304,144000.0
956308,581000.0
956488,109000.0
956523,203000.0
956535,217000.0
956556,108000.0
956558,230000.0
956600,326000.0
956627,398000.0
956631,80000.0
956661,257000.0
956687,94000.0
956694,158000.0
956767,236000.0
956774,73000.0
956907,225000.0
956962,130000.0
956966,81000.0
957053,194000.0
957065,76000.0
957149,250000.0
957192,191000.0
957242,183000.0
957408,80000.0
957420,75000.0
957421,190000.0
957444,162000.0
957446,113000.0
957539,358000.0
957550,80000.0
957566,106000.0
957573,169000.0
957608,114000.0
957648,118000.0
957674,80000.0
957675,80000.0
957676,80000.0
957679,188000.0
957684,86000.0
957685,55000.0
957687,108000.0
957699,153000.0
957708,233000.0
957709,233000.0
957720,92000.0
957724,104000.0
957725,79000.0
957749,118000.0
957758,111000.0
957793,88000.0
957840,132000.0
957852,234000.0
957875,151000.0
957955,160000.0
957967,205000.0
957971,212000.0
957987,106000.0
958016,156000.0
958019,100000.0
958038,177000.0
958045,68000.0
958063,403000.0
958116,137000.0
958119,88000.0
958190,114000.0
958198,128000.0
958259,161000.0
958270,155000.0
958285,91000.0
958288,189000.0
958345,125000.0
958383,87000.0
958422,105000.0
958425,220000.0
958428,173000.0
958430,158000.0
958447,85000.0
958454,81000.0
958455,67000.0
958456,84000.0
958493,94000.0
958512,210000.0
958516,83000.0
958517,138000.0
958519,99000.0
958526,112000.0
958527,165000.0
958533,220000.0
958535,70000.0
958538,97000.0
958565,79000.0
958569,146000.0
958570,85000.0
958572,125000.0
958601,71000.0
958657,135000.0
958666,218000.0
958667,107000.0
958671,98000.0
958675,155000.0
958676,176000.0
958679,104000.0
958693,54000.0
958694,54000.0
958697,54000.0
958698,54000.0
958705,126000.0
958707,216000.0
958770,127000.0
958783,158000.0
958791,176000.0
958792,182000.0
958793,153000.0
958797,116000.0
958799,165000.0
958831,392000.0
958839,197000.0
958896,119000.0
958898,202000.0
958985,117000.0
959021,504000.0
959030,94000.0
959031,130000.0
959060,290000.0
959112,118000.0
959114,192000.0
959117,78000.0
959118,125000.0
959121,102000.0
959122,78000.0
959123,117000.0
959124,192000.0
959125,78000.0
959126,78000.0
959128,78000.0
959129,78000.0
959130,92000.0
959131,125000.0
959133,93000.0
959134,264000.0
959142,151000.0
959153,631000.0
959154,631000.0
959166,130000.0
959224,112000.0
959227,111000.0
959265,74000.0
959323,138000.0
959324,91000.0
959357,206000.0
959362,602000.0
959394,263000.0
959419,195000.0
959433,175000.0
959451,160000.0
959466,212000.0
959468,75000.0
959469,86000.0
959476,114000.0
959683,192000.0
959723,93000.0
959725,125000.0
959726,125000.0
959728,125000.0
959741,161000.0
959742,175000.0
959743,171000.0
959744,128000.0
959757,253000.0
959759,112000.0
959940,91000.0
959967,336000.0
960018,262000.0
960029,250000.0
960058,88000.0
960091,269000.0
960118,84000.0
960163,98000.0
960165,131000.0
960169,142000.0
960226,197000.0
960235,130000.0
960241,93000.0
960274,135000.0
960275,187000.0
960284,90000.0
960286,86000.0
960287,68000.0
960289,86000.0
960290,74000.0
960310,355000.0
960340,124000.0
960362,90000.0
960393,106000.0
960410,84000.0
960431,218000.0
960451,102000.0
960478,347000.0
960529,143000.0
960530,125000.0
960581,91000.0
960597,75000.0
960598,280000.0
960634,165000.0
960687,152000.0
960863,159000.0
960913,91000.0
960931,101000.0
960946,120000.0
960947,97000.0
960983,234000.0
961006,59000.0
961035,422000.0
961042,211000.0
961048,101000.0
961123,144000.0
961141,212000.0
961143,458000.0
961183,167000.0
961216,183000.0
961226,81000.0
961246,181000.0
961256,75000.0
961289,102000.0
961337,92000.0
961387,242000.0
961389,196000.0
961395,98000.0
961408,226000.0
961419,92000.0
961420,92000.0
961421,92000.0
961452,216000.0
961461,220000.0
961478,157000.0
961488,87000.0
961489,139000.0
961522,119000.0
961530,243000.0
961548,114000.0
961574,246000.0
961601,200000.0
961605,73000.0
961608,602000.0
961609,157000.0
961699,213000.0
961715,192000.0
961768,182000.0
961788,194000.0
961789,183000.0
961790,134000.0
961791,201000.0
961792,140000.0
961817,81000.0
961822,407000.0
961854,229000.0
961872,121000.0
961877,202000.0
961882,175000.0
962051,81000.0
962065,564000.0
962066,183000.0
962080,589000.0
962082,96000.0
962083,262000.0
962090,313000.0
962109,186000.0
962116,111000.0
962141,292000.0
962144,292000.0
962159,217000.0
962160,186000.0
962165,51000.0
962176,147000.0
962178,137000.0
962179,112000.0
962180,128000.0
962181,126000.0
962182,83000.0
962184,81000.0
962186,149000.0
962217,94000.0
962219,114000.0
962225,114000.0
962235,518000.0
962236,518000.0
962263,161000.0
962287,359000.0
962316,167000.0
962319,496000.0
962336,152000.0
962412,100000.0
962416,110000.0
962419,122000.0
962438,150000.0
962448,107000.0
962501,96000.0
962520,130000.0
962546,126000.0
962551,110000.0
962559,99000.0
962567,175000.0
962572,150000.0
962579,126000.0
962585,201000.0
962586,170000.0
962591,122000.0
962592,122000.0
962630,124000.0
962635,137000.0
962677,100000.0
962728,81000.0
962755,192000.0
962778,170000.0
962796,211000.0
962835,312000.0
962839,312000.0
962845,122000.0
962907,186000.0
962922,624000.0
963001,149000.0
963003,79000.0
963019,87000.0
963020,166000.0
963022,87000.0
963023,166000.0
963041,97000.0
963049,340000.0
963118,258000.0
963122,237000.0
963130,180000.0
963165,62000.0
963199,159000.0
963205,68000.0
963229,202000.0
963313,425000.0
963314,205000.0
963319,89000.0
963325,92000.0
963327,73000.0
963340,145000.0
963362,116000.0
963366,118000.0
963375,492000.0
963378,168000.0
963381,152000.0
963447,205000.0
963472,178000.0
963488,200000.0
963490,117000.0
963539,557000.0
963651,99000.0
963676,115000.0
963682,75000.0
963837,78000.0
963857,241000.0
963905,234000.0
963929,138000.0
963960,108000.0
963971,1071000.0
963973,162000.0
963986,113000.0
964018,118000.0
964048,245000.0
964049,245000.0
964055,205000.0
964098,63000.0
964135,67000.0
964156,142000.0
964157,94000.0
964171,295000.0
964207,102000.0
964208,101000.0
964209,102000.0
964271,162000.0
964304,115000.0
964312,111000.0
964314,347000.0
964333,154000.0
964369,150000.0
964488,183000.0
964527,77000.0
964570,193000.0
964580,954000.0
964591,159000.0
964592,160000.0
964593,159000.0
964595,192000.0
964622,230000.0
964625,131000.0
964642,1226000.0
964705,176000.0
964813,77000.0
964839,273000.0
964849,67000.0
964911,65000.0
964984,122000.0
964997,182000.0
965033,185000.0
965053,78000.0
965089,137000.0
965099,114000.0
965116,132000.0
965131,59000.0
965145,116000.0
965153,219000.0
965176,959000.0
965182,863000.0
965184,148000.0
965201,166000.0
965216,95000.0
965242,80000.0
965260,97000.0
965262,190000.0
965305,85000.0
965315,102000.0
965320,154000.0
965321,201000.0
965322,94000.0
965324,193000.0
965325,132000.0
965326,121000.0
965341,244000.0
965342,509000.0
965346,87000.0
965349,145000.0
965438,82000.0
965466,92000.0
965474,222000.0
965499,139000.0
965515,676000.0
965560,456000.0
965648,232000.0
965688,343000.0
965717,133000.0
965754,724000.0
965792,238000.0
965794,551000.0
965821,666000.0
965856,119000.0
965860,121000.0
965954,165000.0
965967,61000.0
965968,491000.0
965975,158000.0
965981,92000.0
965989,453000.0
965993,178000.0
966015,277000.0
966059,216000.0
966070,97000.0
966074,195000.0
966123,79000.0
966139,147000.0
966205,131000.0
966220,181000.0
966221,167000.0
966238,84000.0
966269,85000.0
966276,151000.0
966385,157000.0
966397,84000.0
966400,90000.0
966406,84000.0
966407,198000.0
966413,118000.0
966548,124000.0
966549,119000.0
966562,236000.0
966579,137000.0
966639,127000.0
966650,73000.0
966654,133000.0
966664,91000.0
966674,88000.0
966692,204000.0
966729,151000.0
966732,406000.0
966736,76000.0
966737,92000.0
966740,87000.0
966773,67000.0
966776,477000.0
966777,88000.0
966785,129000.0
966863,254000.0
966867,133000.0
966884,61000.0
967014,181000.0
967027,99000.0
967032,42000.0
967048,117000.0
967051,201000.0
967073,50000.0
967078,97000.0
967082,88000.0
967103,269000.0
967105,347000.0
967112,148000.0
967117,76000.0
967166,179000.0
967193,108000.0
967213,90000.0
967243,344000.0
967255,215000.0
967256,167000.0
967274,69000.0
967362,461000.0
967411,377000.0
967424,101000.0
967430,143000.0
967440,273000.0
967447,65000.0
967477,124000.0
967478,165000.0
967479,124000.0
967480,165000.0
967481,124000.0
967482,124000.0
967517,256000.0
967546,99000.0
967589,521000.0
967639,143000.0
967656,633000.0
967666,123000.0
967726,143000.0
967727,97000.0
967768,218000.0
967803,232000.0
967816,118000.0
967891,102000.0
967966,137000.0
967985,90000.0
967996,119000.0
968019,210000.0
968035,394000.0
968063,216000.0
968149,378000.0
968159,214000.0
968186,189000.0
968187,252000.0
968188,129000.0
968215,212000.0
968217,215000.0
968228,63000.0
968232,82000.0
968238,101000.0
968240,101000.0
968277,243000.0
968292,156000.0
968333,101000.0
968353,188000.0
968365,85000.0
968442,129000.0
968487,94000.0
968527,316000.0
968535,428000.0
968598,62000.0
968605,518000.0
968628,164000.0
968631,86000.0
968633,74000.0
968723,341000.0
968786,85000.0
968788,80000.0
968812,132000.0
968839,166000.0
968898,230000.0
968899,192000.0
968907,261000.0
968908,137000.0
968942,109000.0
968974,110000.0
968981,249000.0
968986,201000.0
968991,118000.0
969006,196000.0
969040,147000.0
969050,159000.0
969082,285000.0
969083,347000.0
969126,121000.0
969168,138000.0
969211,182000.0
969215,165000.0
969216,117000.0
969312,73000.0
969313,173000.0
969332,79000.0
969338,83000.0
969382,96000.0
969384,125000.0
969386,189000.0
969420,138000.0
969432,217000.0
969434,230000.0
969465,185000.0
969484,100000.0
969486,304000.0
969510,304000.0
969529,110000.0
969551,176000.0
969572,118000.0
969592,85000.0
969597,234000.0
969753,160000.0
969763,80000.0
969791,376000.0
969793,62000.0
969821,84000.0
969838,134000.0
969862,143000.0
969873,284000.0
969882,164000.0
969889,581000.0
969891,79000.0
969926,124000.0
969928,74000.0
969929,74000.0
969933,105000.0
969954,139000.0
970078,119000.0
970079,311000.0
970210,90000.0
970216,91000.0
970312,210000.0
970329,83000.0
970398,271000.0
970400,90000.0
970401,90000.0
970404,90000.0
970405,90000.0
970412,90000.0
970427,182000.0
970442,460000.0
970459,137000.0
970491,260000.0
970585,91000.0
970587,270000.0
970654,606000.0
970657,272000.0
970705,97000.0
970711,121000.0
970714,246000.0
970728,348000.0
970764,176000.0
970771,264000.0
970786,81000.0
970817,174000.0
970868,70000.0
970888,114000.0
970947,109000.0
970961,133000.0
970980,88000.0
970988,438000.0
971011,169000.0
971020,170000.0
971029,74000.0
971033,71000.0
971083,164000.0
971088,57000.0
971102,275000.0
971111,83000.0
971160,198000.0
971222,97000.0
971235,202000.0
971238,145000.0
971248,102000.0
971264,104000.0
971332,210000.0
971401,112000.0
971433,178000.0
971445,192000.0
971483,404000.0
971505,124000.0
971510,101000.0
971557,127000.0
971558,497000.0
971561,157000.0
971563,68000.0
971591,313000.0
971615,502000.0
971627,115000.0
971633,121000.0
971661,262000.0
971666,128000.0
971673,211000.0
971685,166000.0
971688,95000.0
971731,971000.0
971733,235000.0
971748,236000.0
971779,127000.0
971780,72000.0
971794,494000.0
971800,462000.0
971828,82000.0
971852,363000.0
971853,105000.0
971869,164000.0
971893,80000.0
971896,709000.0
971941,107000.0
971953,155000.0
971973,110000.0
971981,720000.0
972061,291000.0
972062,291000.0
972118,83000.0
972189,205000.0
972259,148000.0
972279,86000.0
972291,105000.0
972303,134000.0
972341,77000.0
972396,150000.0
972409,101000.0
972423,137000.0
972428,138000.0
972438,157000.0
972457,128000.0
972463,103000.0
972466,110000.0
972471,213000.0
972475,130000.0
972507,153000.0
972521,775000.0
972525,345000.0
972565,80000.0
972580,146000.0
972715,237000.0
972769,128000.0
972838,111000.0
972842,194000.0
972867,82000.0
972923,139000.0
973030,118000.0
973244,70000.0
973273,140000.0
973296,58000.0
973300,132000.0
973304,105000.0
973322,105000.0
973360,91000.0
973361,154000.0
973392,98000.0
973393,165000.0
973399,86000.0
973409,57000.0
973625,99000.0
973626,94000.0
973674,75000.0
973790,193000.0
973799,541000.0
973800,179000.0
973808,327000.0
973816,191000.0
973848,110000.0
973849,110000.0
973850,108000.0
973852,77000.0
973913,115000.0
973914,115000.0
973919,99000.0
973923,410000.0
973931,110000.0
973933,123000.0
973936,101000.0
973937,101000.0
973938,101000.0
973939,112000.0
973974,103000.0
973997,254000.0
973998,484000.0
974004,81000.0
974009,92000.0
974010,93000.0
974011,129000.0
974029,85000.0
974044,335000.0
974062,218000.0
974122,108000.0
974123,121000.0
974125,96000.0
974128,203000.0
974129,204000.0
974130,203000.0
974132,110000.0
974138,82000.0
974182,129000.0
974209,150000.0
974288,108000.0
974291,536000.0
974321,82000.0
974325,260000.0
974329,96000.0
974335,151000.0
974337,117000.0
974363,213000.0
974365,82000.0
974370,171000.0
974406,150000.0
974407,150000.0
974432,84000.0
974460,93000.0
974472,89000.0
974498,309000.0
974527,179000.0
974566,67000.0
974570,111000.0
974571,58000.0
974605,185000.0
974625,134000.0
974627,101000.0
974737,113000.0
974748,151000.0
974756,302000.0
974802,450000.0
974803,167000.0
974848,93000.0
974863,129000.0
974957,146000.0
974995,105000.0
975004,157000.0
975034,109000.0
975045,83000.0
975064,258000.0
975094,107000.0
975113,822000.0
975121,70000.0
975142,435000.0
975189,245000.0
975204,288000.0
975684,608000.0
975738,542000.0
975893,79000.0
975960,176000.0
975965,114000.0
975971,245000.0
975973,129000.0
976102,166000.0
976136,81000.0
976176,67000.0
976194,89000.0
976223,135000.0
976790,90000.0
976796,97000.0
976831,124000.0
976844,222000.0
976846,144000.0
976869,252000.0
976876,89000.0
976942,138000.0
976948,223000.0
977106,85000.0
977126,104000.0
977160,253000.0
977222,90000.0
977224,90000.0
977232,275000.0
977312,467000.0
977316,97000.0
977321,190000.0
977324,112000.0
977326,112000.0
977344,115000.0
977374,66000.0
977376,341000.0
977377,111000.0
977379,146000.0
977412,130000.0
977458,177000.0
977460,159000.0
977464,88000.0
977488,248000.0
977506,1562000.0
977613,195000.0
977650,89000.0
977652,263000.0
977653,79000.0
977658,653000.0
977661,121000.0
977687,90000.0
977726,85000.0
977754,282000.0
977778,74000.0
977783,73000.0
977790,69000.0
977815,176000.0
977816,170000.0
977850,152000.0
977854,65000.0
977860,253000.0
977892,147000.0
977893,173000.0
977908,166000.0
977923,249000.0
977960,80000.0
977971,89000.0
978147,187000.0
978197,55000.0
978202,113000.0
978203,40000.0
978279,108000.0
978321,132000.0
978322,94000.0
978325,94000.0
978329,131000.0
978331,94000.0
978334,124000.0
978348,126000.0
978375,87000.0
978425,116000.0
978427,129000.0
978429,117000.0
978432,134000.0
978444,316000.0
978449,196000.0
978673,424000.0
978695,178000.0
978730,143000.0
978731,90000.0
978753,82000.0
978765,115000.0
978789,69000.0
978795,211000.0
978858,416000.0
978906,94000.0
978909,334000.0
978910,223000.0
978912,334000.0
978935,97000.0
978958,275000.0
978959,275000.0
978999,632000.0
979014,176000.0
979050,180000.0
979051,180000.0
979084,167000.0
979101,83000.0
979108,106000.0
979121,117000.0
979131,98000.0
979175,72000.0
979191,349000.0
979243,59000.0
979248,107000.0
979249,121000.0
979256,73000.0
979279,70000.0
979282,70000.0
979283,91000.0
979319,148000.0
979358,386000.0
979369,146000.0
979393,115000.0
979403,82000.0
979443,111000.0
979445,90000.0
979447,90000.0
979449,90000.0
979453,90000.0
979457,125000.0
979458,396000.0
979468,140000.0
979551,214000.0
979584,67000.0
979587,294000.0
979595,85000.0
979642,133000.0
979659,90000.0
979665,65000.0
979679,159000.0
979743,85000.0
979750,83000.0
979751,79000.0
979812,98000.0
979832,256000.0
979837,71000.0
979853,275000.0
979854,223000.0
979931,152000.0
980083,200000.0
980197,104000.0
980233,126000.0
980239,82000.0
980240,129000.0
980273,140000.0
980329,274000.0
980330,313000.0
980349,97000.0
980411,475000.0
980460,78000.0
980526,335000.0
980552,113000.0
980564,102000.0
980566,98000.0
980601,137000.0
980692,93000.0
980751,105000.0
980849,93000.0
980863,102000.0
980864,177000.0
980867,100000.0
980942,773000.0
980981,187000.0
981136,147000.0
981167,108000.0
981169,186000.0
981268,102000.0
981269,102000.0
981270,102000.0
981332,87000.0
981380,73000.0
981464,127000.0
981671,115000.0
981683,663000.0
981684,895000.0
981685,413000.0
981689,404000.0
981696,227000.0
981697,262000.0
981698,142000.0
981699,142000.0
981714,77000.0
981742,112000.0
981894,155000.0
981947,167000.0
982012,95000.0
982055,100000.0
982274,160000.0
982285,110000.0
983029,268000.0
983030,371000.0
983126,222000.0
983170,98000.0
983293,197000.0
983294,168000.0
983298,108000.0
983374,97000.0
983378,167000.0
983651,161000.0
983752,106000.0
984096,78000.0
984122,66000.0
984320,81000.0
984322,230000.0
984733,83000.0
984734,101000.0
984768,212000.0
984892,92000.0
985039,122000.0
985041,330000.0
985042,330000.0
985043,330000.0
985119,276000.0
985151,121000.0
985154,121000.0
985156,172000.0
985159,408000.0
985161,185000.0
985165,767000.0
985166,852000.0
985167,398000.0
985313,120000.0
985320,173000.0
985337,177000.0
985364,88000.0
985407,132000.0
985520,140000.0
985545,67000.0
985670,90000.0
985683,132000.0
985684,127000.0
985767,156000.0
985811,99000.0
985813,90000.0
985814,102000.0
985815,91000.0
985818,85000.0
985840,199000.0
985841,116000.0
985981,192000.0
986056,155000.0
986103,116000.0
986115,92000.0
986139,101000.0
986207,87000.0
986208,84000.0
986212,135000.0
986213,138000.0
986214,171000.0
986274,217000.0
986275,231000.0
986390,115000.0
986417,112000.0
986512,204000.0
986616,87000.0
986618,88000.0
987237,118000.0
987240,134000.0
987247,90000.0
987346,187000.0
987563,160000.0
987614,296000.0
987631,420000.0
987671,206000.0
987844,274000.0
987916,90000.0
987959,200000.0
988030,84000.0
988085,188000.0
988120,80000.0
988128,115000.0
988131,77000.0
988330,255000.0
988404,177000.0
988522,106000.0
988664,115000.0
988763,82000.0
988798,124000.0
988844,133000.0
988874,172000.0
988876,78000.0
988929,127000.0
988942,113000.0
988993,381000.0
989061,75000.0
989298,110000.0
989301,72000.0
989302,215000.0
989305,72000.0
989372,99000.0
989373,99000.0
989378,194000.0
989379,194000.0
989380,72000.0
989419,86000.0
989524,117000.0
989588,120000.0
989589,132000.0
989592,177000.0
989593,95000.0
989666,102000.0
989733,191000.0
989814,91000.0
989873,136000.0
989876,125000.0
989903,49000.0
989933,83000.0
989942,273000.0
989988,87000.0
989990,87000.0
989996,154000.0
990011,133000.0
990133,145000.0
990149,169000.0
990150,148000.0
990151,148000.0
990152,148000.0
990166,132000.0
990272,416000.0
990286,103000.0
990330,226000.0
991069,179000.0
991073,91000.0
991157,109000.0
991199,110000.0
991266,259000.0
991272,608000.0
991278,95000.0
991349,154000.0
991352,201000.0
991425,205000.0
991464,595000.0
991467,129000.0
991468,128000.0
991469,127000.0
991475,94000.0
991477,136000.0
991480,168000.0
991487,193000.0
991490,88000.0
991616,615000.0
991701,139000.0
991703,129000.0
991720,102000.0
991738,172000.0
991812,142000.0
991825,165000.0
991826,183000.0
991832,526000.0
991836,261000.0
991895,75000.0
991908,73000.0
991913,84000.0
991940,119000.0
992565,176000.0
992574,189000.0
992717,238000.0
992721,153000.0
992722,153000.0
992724,95000.0
992726,93000.0
992727,147000.0
992728,68000.0
992745,159000.0
992746,124000.0
992775,132000.0
992783,102000.0
992832,548000.0
992874,130000.0
992899,82000.0
992904,77000.0
992948,141000.0
992977,62000.0
992988,93000.0
993216,81000.0
993459,214000.0
993468,244000.0
993509,128000.0
993527,77000.0
994032,120000.0
994088,360000.0
994215,118000.0
994299,69000.0
994506,124000.0
994507,69000.0
994530,133000.0
994764,165000.0
994812,116000.0
994814,116000.0
994834,116000.0
994906,178000.0
994936,148000.0
994956,161000.0
994960,123000.0
994983,172000.0
994991,130000.0
994995,99000.0
995000,295000.0
995001,123000.0
995007,127000.0
995008,121000.0
995021,99000.0
995031,100000.0
995035,100000.0
995036,100000.0
995042,110000.0
995044,81000.0
995055,156000.0
995057,149000.0
995076,122000.0
995118,131000.0
995133,62000.0
995142,93000.0
995260,103000.0
995313,249000.0
995352,89000.0
995366,82000.0
995437,153000.0
995479,218000.0
995619,165000.0
995646,153000.0
995669,117000.0
995780,75000.0
995874,227000.0
995916,127000.0
995946,98000.0
995947,67000.0
995948,331000.0
996053,98000.0
996103,283000.0
996178,92000.0
996180,184000.0
996184,169000.0
996364,90000.0
996473,532000.0
996581,175000.0
996796,161000.0
996804,136000.0
997041,184000.0
997166,324000.0
997167,295000.0
997168,288000.0
997186,102000.0
997196,110000.0
997244,102000.0
997245,183000.0
997392,110000.0
997403,214000.0
997443,193000.0
997541,524000.0
997542,476000.0
997691,260000.0
997755,93000.0
997773,94000.0
997774,94000.0
997795,158000.0
997808,252000.0
997935,88000.0
998092,186000.0
998095,819000.0
998098,160000.0
998275,121000.0
998276,67000.0
998376,234000.0
998498,506000.0
998564,86000.0
998567,511000.0
998574,88000.0
998575,162000.0
998577,70000.0
998615,107000.0
998616,92000.0
998620,89000.0
998621,89000.0
998622,102000.0
998624,98000.0
998645,104000.0
998646,78000.0
998649,157000.0
998650,71000.0
998651,81000.0
998862,244000.0
998925,204000.0
999025,312000.0
999050,114000.0
999543,86000.0
999625,98000.0
999712,198000.0
999754,246000.0
999960,120000.0
1000541,100000.0
1000644,555000.0
1000692,268000.0
1000727,328000.0
1001116,119000.0
1001294,218000.0
1001409,204000.0
1001421,146000.0
1001616,132000.0
1001945,127000.0
1001991,305000.0
1002183,90000.0
1002319,246000.0
1002326,126000.0
1002411,96000.0
1002412,80000.0
1002571,287000.0
1002606,687000.0
1002607,687000.0
1002626,233000.0
1002643,129000.0
1002658,93000.0
1002678,759000.0
1002694,130000.0
1002727,94000.0
1002742,193000.0
1002822,103000.0
1002827,111000.0
1002861,112000.0
1002863,112000.0
1002864,112000.0
1002865,112000.0
1003030,297000.0
1003043,113000.0
1003047,165000.0
1003089,108000.0
1003171,583000.0
1003257,120000.0
1003435,557000.0
1003611,98000.0
1003612,125000.0
1003619,88000.0
1003639,237000.0
1003692,85000.0
1003816,109000.0
1003817,640000.0
1003836,144000.0
1003840,207000.0
1003859,197000.0
1003902,88000.0
1003907,155000.0
1003940,81000.0
1003956,287000.0
1003974,122000.0
1003976,122000.0
1003980,122000.0
1003985,261000.0
1003988,188000.0
1004037,313000.0
1004051,94000.0
1004069,90000.0
1004074,78000.0
1004075,111000.0
1004084,162000.0
1004189,263000.0
1004217,130000.0
1004262,148000.0
1004284,71000.0
1004331,702000.0
1004336,119000.0
1004413,765000.0
1004421,200000.0
1004490,742000.0
1004566,97000.0
1004579,80000.0
1004675,91000.0
1004832,81000.0
1004935,72000.0
1005039,82000.0
1005060,84000.0
1005124,106000.0
1005127,92000.0
1005128,88000.0
1005129,92000.0
1005130,137000.0
1005132,140000.0
1005134,152000.0
1005138,145000.0
1005236,146000.0
1005238,145000.0
1005262,158000.0
1005413,73000.0
1005464,102000.0
1005466,295000.0
1005467,117000.0
1005547,115000.0
1005674,153000.0
1005675,153000.0
1005710,640000.0
1005732,250000.0
1005936,99000.0
1005980,112000.0
1005986,278000.0
1005987,117000.0
1006073,620000.0
1006141,322000.0
1006421,292000.0
1006494,103000.0
1006532,81000.0
1006557,194000.0
1006674,140000.0
1006675,91000.0
1006761,187000.0
1006797,117000.0
1006798,239000.0
1006876,228000.0
1006880,178000.0
1006988,119000.0
1007061,551000.0
1007082,253000.0
1007101,97000.0
1007108,230000.0
1007109,85000.0
1007172,517000.0
1007233,77000.0
1007235,76000.0
1007239,99000.0
1007271,90000.0
1007352,415000.0
1007401,80000.0
1007430,143000.0
1007571,56000.0
1007600,310000.0
1007789,87000.0
1007797,102000.0
1007830,113000.0
1007849,107000.0
1007856,127000.0
1007857,147000.0
1007917,155000.0
1007967,231000.0
1007994,77000.0
1008148,62000.0
1008157,213000.0
1008169,154000.0
1008170,191000.0
1008173,178000.0
1008307,334000.0
1008308,141000.0
1008352,79000.0
1008357,76000.0
1008358,185000.0
1008361,76000.0
1008386,145000.0
1008418,196000.0
1008428,77000.0
1008433,77000.0
1008501,196000.0
1008510,117000.0
1008550,80000.0
1008563,88000.0
1008564,88000.0
1008595,68000.0
1008641,111000.0
1008677,109000.0
1008707,161000.0
1008732,130000.0
1008734,131000.0
1008741,100000.0
1008744,109000.0
1008749,259000.0
1008759,150000.0
1008760,150000.0
1008803,215000.0
1008804,215000.0
1008805,215000.0
1008829,150000.0
1008833,100000.0
1008838,103000.0
1008855,158000.0
1008862,83000.0
1008878,165000.0
1008892,219000.0
1008914,283000.0
1008927,216000.0
1008932,220000.0
1009016,107000.0
1009077,108000.0
1009084,93000.0
1009088,105000.0
1009218,86000.0
1009229,69000.0
1009308,227000.0
1009310,94000.0
1009337,239000.0
1009366,128000.0
1009424,236000.0
1009487,119000.0
1009509,85000.0
1009510,94000.0
1009517,366000.0
1009520,140000.0
1009528,116000.0
1009530,106000.0
1009531,104000.0
1009532,103000.0
1009533,116000.0
1009534,118000.0
1009535,106000.0
1009590,96000.0
1009596,99000.0
1009672,79000.0
1009736,108000.0
1009859,141000.0
1009864,268000.0
1009866,107000.0
1009891,98000.0
1009942,301000.0
1009948,111000.0
1009965,145000.0
1009970,145000.0
1010054,92000.0
1010066,105000.0
1010068,176000.0
1010069,176000.0
1010104,578000.0
1010110,113000.0
1010185,466000.0
1010186,90000.0
1010276,150000.0
1010411,132000.0
1010542,162000.0
1010544,92000.0
1010584,280000.0
1010592,151000.0
1010667,165000.0
1010678,162000.0
1010679,179000.0
1010680,179000.0
1010686,246000.0
1010704,420000.0
1010740,180000.0
1010833,116000.0
1010913,114000.0
1010950,88000.0
1010951,87000.0
1010980,77000.0
1010999,147000.0
1011028,93000.0
1011032,149000.0
1011122,86000.0
1011132,87000.0
1011134,87000.0
1011135,87000.0
1011148,110000.0
1011150,110000.0
1011203,346000.0
1011204,346000.0
1011275,140000.0
1011335,117000.0
1011414,125000.0
1011429,100000.0
1011430,100000.0
1011489,84000.0
1011573,84000.0
1011574,84000.0
1011701,117000.0
1011778,76000.0
1011854,319000.0
1011914,93000.0
1012038,183000.0
1012128,105000.0
1012273,114000.0
1012311,124000.0
1012320,98000.0
1012331,371000.0
1012332,235000.0
1012339,66000.0
1012507,114000.0
1012542,119000.0
1012574,256000.0
1012587,102000.0
1012712,578000.0
1012714,90000.0
1012716,76000.0
1012752,599000.0
1012830,131000.0
1012898,453000.0
1012945,105000.0
1013031,126000.0
1013155,215000.0
1013161,127000.0
1013177,96000.0
1013187,186000.0
1013234,215000.0
1013244,430000.0
1013288,220000.0
1013290,112000.0
1013352,220000.0
1013443,159000.0
1013494,109000.0
1013507,76000.0
1013544,338000.0
1013547,117000.0
1013630,85000.0
1013704,271000.0
1013740,152000.0
1013742,114000.0
1013743,101000.0
1013786,207000.0
1013962,277000.0
1014083,159000.0
1014108,107000.0
1014164,141000.0
1014237,99000.0
1014240,153000.0
1014368,239000.0
1014476,116000.0
1014483,179000.0
1014498,111000.0
1014551,112000.0
1014571,122000.0
1014624,141000.0
1014635,76000.0
1014637,117000.0
1014638,110000.0
1014641,361000.0
1014665,239000.0
1014669,90000.0
1014738,59000.0
1014928,670000.0
1014999,161000.0
1015031,90000.0
1015103,103000.0
1015125,174000.0
1015134,191000.0
1015243,132000.0
1015347,121000.0
1015350,128000.0
1015360,144000.0
1015361,144000.0
1015366,144000.0
1015403,152000.0
1015482,107000.0
1015484,186000.0
1015485,80000.0
1015486,80000.0
1015502,95000.0
1015524,284000.0
1015534,297000.0
1015540,124000.0
1015557,79000.0
1015579,94000.0
1015597,162000.0
1015681,87000.0
1015697,186000.0
1015714,187000.0
1015804,77000.0
1015824,103000.0
1015843,156000.0
1015872,89000.0
1015908,130000.0
1015909,115000.0
1015911,129000.0
1015919,137000.0
1015920,116000.0
1016040,96000.0
1016042,134000.0
1016098,89000.0
1016117,263000.0
1016413,302000.0
1016734,156000.0
1016888,116000.0
1016927,149000.0
1017116,161000.0
1017118,101000.0
1017166,109000.0
1017176,113000.0
1017264,105000.0
1017383,74000.0
1017418,100000.0
1017424,82000.0
1017427,89000.0
1017428,138000.0
1017503,81000.0
1017563,55000.0
1017579,97000.0
1017600,164000.0
1017626,76000.0
1017637,302000.0
1017693,130000.0
1017750,330000.0
1017763,231000.0
1017782,119000.0
1017792,533000.0
1017846,89000.0
1017992,325000.0
1017998,95000.0
1018079,91000.0
1018135,118000.0
1018136,168000.0
1018166,794000.0
1018229,825000.0
1018248,177000.0
1018257,150000.0
1018417,165000.0
1018421,233000.0
1018428,93000.0
1018486,227000.0
1018523,175000.0
1018598,89000.0
1018621,82000.0
1018671,83000.0
1018822,208000.0
1018943,203000.0
1019039,62000.0
1019057,51000.0
1019062,615000.0
1019149,96000.0
1019151,65000.0
1019206,101000.0
1019298,97000.0
1019309,96000.0
1019343,331000.0
1019366,143000.0
1019367,170000.0
1019432,346000.0
1019561,144000.0
1019575,161000.0
1019659,204000.0
1019668,82000.0
1019672,87000.0
1019681,105000.0
1019683,132000.0
1019686,95000.0
1019696,118000.0
1019720,196000.0
1019763,68000.0
1019835,671000.0
1019872,92000.0
1019903,210000.0
1019908,193000.0
1019958,510000.0
1020047,329000.0
1020124,610000.0
1020278,87000.0
1020508,117000.0
1020554,91000.0
1020672,135000.0
1020673,192000.0
1020745,129000.0
1020844,96000.0
1021039,196000.0
1021263,82000.0
1021316,219000.0
1021412,148000.0
1021444,110000.0
1021447,135000.0
1021453,139000.0
1021485,154000.0
1021500,72000.0
1021509,79000.0
1021520,82000.0
1021560,153000.0
1021605,100000.0
1021606,160000.0
1021607,145000.0
1021749,235000.0
1021765,163000.0
1021768,132000.0
1021770,174000.0
1021833,150000.0
1021834,151000.0
1021855,54000.0
1021973,117000.0
1022085,105000.0
1022163,126000.0
1022166,330000.0
1022273,119000.0
1022312,100000.0
1022388,77000.0
1022399,99000.0
1022582,123000.0
1022587,213000.0
1022588,237000.0
1022596,124000.0
1022614,146000.0
1022695,186000.0
1022704,81000.0
1022715,123000.0
1022716,123000.0
1022717,115000.0
1022718,112000.0
1022719,115000.0
1022721,122000.0
1022750,115000.0
1022753,123000.0
1022755,112000.0
1022756,112000.0
1022760,93000.0
1022781,105000.0
1022782,112000.0
1022787,105000.0
1022790,112000.0
1022794,115000.0
1022795,112000.0
1022796,118000.0
1022798,111000.0
1022800,112000.0
1022801,114000.0
1022802,124000.0
1022844,104000.0
1022848,167000.0
1022960,103000.0
1023168,216000.0
1023169,216000.0
1023172,112000.0
1023173,112000.0
1023209,74000.0
1023230,160000.0
1023304,91000.0
1023340,228000.0
1023351,304000.0
1023393,99000.0
1023450,237000.0
1023458,103000.0
1023465,91000.0
1023468,203000.0
1023501,180000.0
1023505,145000.0
1023508,111000.0
1023511,111000.0
1023512,144000.0
1023513,145000.0
1023514,144000.0
1023518,129000.0
1023520,111000.0
1023521,144000.0
1023552,139000.0
1023559,684000.0
1023590,234000.0
1023664,122000.0
1023676,191000.0
1023677,199000.0
1023744,155000.0
1023764,122000.0
1023774,437000.0
1024012,162000.0
1024071,74000.0
1024126,97000.0
1024133,94000.0
1024324,194000.0
1024371,166000.0
1024444,80000.0
1024449,68000.0
1024456,514000.0
1024463,204000.0
1024474,252000.0
1024477,159000.0
1024508,83000.0
1024529,96000.0
1024536,159000.0
1024590,161000.0
1024625,206000.0
1024628,181000.0
1024636,89000.0
1062270,200000.0
1062278,455000.0
1062287,127000.0
1062389,314000.0
1062404,56000.0
1062442,96000.0
1062482,410000.0
1062512,140000.0
1062516,170000.0
1062537,180000.0
1062557,252000.0
1062572,68000.0
1062643,161000.0
1062645,113000.0
1062676,124000.0
1062691,187000.0
1062714,77000.0
1062737,426000.0
1062839,142000.0
1062840,180000.0
1062844,169000.0
1062946,103000.0
1062972,113000.0
1062991,103000.0
1063009,119000.0
1063010,173000.0
1063011,154000.0
1063045,148000.0
1063050,434000.0
1063051,148000.0
1063070,76000.0
1063106,258000.0
1063130,113000.0
1063217,188000.0
1063317,335000.0
1063480,92000.0
1063535,90000.0
1063601,263000.0
1063668,125000.0
1063704,80000.0
1063829,128000.0
1063862,146000.0
1063906,187000.0
1063923,235000.0
1064029,69000.0
1064042,228000.0
1064047,88000.0
1064050,64000.0
1064059,138000.0
1064061,103000.0
1064082,199000.0
1064093,161000.0
1064155,61000.0
1064165,73000.0
1064170,226000.0
1064189,136000.0
1064253,86000.0
1064260,52000.0
1064263,164000.0
1064289,68000.0
1064327,180000.0
1064340,97000.0
1064342,176000.0
1064347,414000.0
1064358,104000.0
1064389,259000.0
1064391,605000.0
1064393,222000.0
1064415,128000.0
1064420,87000.0
1064421,74000.0
1064424,87000.0
1064425,116000.0
1064433,148000.0
1064438,261000.0
1064469,161000.0
1064535,101000.0
1064536,122000.0
1064538,122000.0
1064539,463000.0
1064552,468000.0
1064556,75000.0
1064605,98000.0
1064632,185000.0
1064660,425000.0
1064707,99000.0
1064708,94000.0
1064709,205000.0
1064715,127000.0
1064718,175000.0
1064724,123000.0
1064774,84000.0
1064782,122000.0
1064786,109000.0
1064791,94000.0
1064836,671000.0
1064856,138000.0
1064863,161000.0
1064870,127000.0
1064872,140000.0
1064873,86000.0
1064904,154000.0
1064906,118000.0
1064997,232000.0
1064998,318000.0
1065033,102000.0
1065055,167000.0
1065146,157000.0
1065162,211000.0
1065164,127000.0
1065198,347000.0
1065199,347000.0
1065201,178000.0
1065202,108000.0
1065203,109000.0
1065246,96000.0
1065262,199000.0
1065274,157000.0
1065275,172000.0
1065297,92000.0
1065304,231000.0
1065320,180000.0
1065322,157000.0
1065328,116000.0
1065359,116000.0
1065372,172000.0
1065374,76000.0
1065377,172000.0
1065396,133000.0
1065406,292000.0
1065413,88000.0
1065448,83000.0
1065477,145000.0
1065483,170000.0
1065488,93000.0
1065529,142000.0
1065572,216000.0
1065607,107000.0
1065613,122000.0
1065615,122000.0
1065617,183000.0
1065619,79000.0
1065621,122000.0
1065641,119000.0
1065658,140000.0
1065662,134000.0
1065702,106000.0
1065761,148000.0
1065771,109000.0
1065835,172000.0
1065838,255000.0
1065848,105000.0
1065852,99000.0
1065855,122000.0
1065857,87000.0
1065859,94000.0
1065883,156000.0
1065901,239000.0
1065927,187000.0
1065939,186000.0
1065940,235000.0
1065970,191000.0
1065973,147000.0
1066009,172000.0
1066029,119000.0
1066035,126000.0
1066052,137000.0
1066060,107000.0
1066082,116000.0
1066109,87000.0
1066119,78000.0
1066134,109000.0
1066159,85000.0
1066160,89000.0
1066161,96000.0
1066162,89000.0
1066163,97000.0
1066170,88000.0
1066171,97000.0
1066172,94000.0
1066174,158000.0
1066191,131000.0
1066194,451000.0
1066245,123000.0
1066361,80000.0
1066365,367000.0
1066375,78000.0
1066378,95000.0
1066379,169000.0
1066409,137000.0
1066413,377000.0
1066448,104000.0
1066476,280000.0
1066524,129000.0
1066548,118000.0
1066602,186000.0
1066603,104000.0
1066605,162000.0
1066643,120000.0
1066644,178000.0
1066664,75000.0
1066730,151000.0
1066734,149000.0
1066736,144000.0
1066759,162000.0
1066761,77000.0
1066772,149000.0
1066792,246000.0
1066795,98000.0
1066832,86000.0
1066845,82000.0
1066847,193000.0
1066938,340000.0
1066944,256000.0
1066988,103000.0
1066996,182000.0
1067005,74000.0
1067009,171000.0
1067011,196000.0
1067037,95000.0
1067063,106000.0
1067064,91000.0
1067088,83000.0
1067115,182000.0
1067119,174000.0
1067291,145000.0
1067363,132000.0
1067374,200000.0
1067395,161000.0
1067402,116000.0
1067412,201000.0
1067425,112000.0
1067428,260000.0
1067430,174000.0
1067435,163000.0
1067478,715000.0
1067512,145000.0
1067533,190000.0
1067536,118000.0
1067549,176000.0
1067555,162000.0
1067557,164000.0
1067570,187000.0
1067575,286000.0
1067577,106000.0
1067578,106000.0
1067584,186000.0
1067596,100000.0
1067598,114000.0
1067614,164000.0
1067631,399000.0
1067649,79000.0
1067652,59000.0
1067687,325000.0
1067688,78000.0
1067704,91000.0
1067705,135000.0
1067731,138000.0
1067746,128000.0
1067756,121000.0
1067777,100000.0
1067793,273000.0
1067808,152000.0
1067821,112000.0
1067834,162000.0
1067846,75000.0
1067850,208000.0
1067853,313000.0
1067863,412000.0
1067913,121000.0
1067914,109000.0
1067962,82000.0
1067999,107000.0
1068022,75000.0
1068055,147000.0
1068076,128000.0
1068078,170000.0
1068136,107000.0
1068137,154000.0
1068155,283000.0
1068157,132000.0
1068158,152000.0
1068173,116000.0
1068240,180000.0
1068266,209000.0
1068324,91000.0
1068360,371000.0
1068386,180000.0
1068396,127000.0
1068406,83000.0
1068409,108000.0
1068414,187000.0
1068466,144000.0
1068489,128000.0
1068501,173000.0
1068520,479000.0
1068533,362000.0
1068611,152000.0
1068645,140000.0
1068683,544000.0
1068685,223000.0
1068698,75000.0
1068703,164000.0
1068737,101000.0
1068751,114000.0
1068752,76000.0
1068797,115000.0
1068824,186000.0
1068840,93000.0
1068894,85000.0
1068949,118000.0
1068954,455000.0
1068960,134000.0
1069002,86000.0
1069029,92000.0
1069034,127000.0
1069058,92000.0
1069115,176000.0
1069117,56000.0
1069137,68000.0
1069138,83000.0
1069204,186000.0
1069246,176000.0
1069293,440000.0
1069308,84000.0
1069388,205000.0
1069416,98000.0
1069429,88000.0
1069430,167000.0
1069489,272000.0
1069539,174000.0
1069541,98000.0
1069543,163000.0
1069544,106000.0
1069545,101000.0
1069602,215000.0
1069619,96000.0
1069633,101000.0
1069662,91000.0
1069672,156000.0
1069673,128000.0
1069712,182000.0
1069750,94000.0
1069782,90000.0
1069813,83000.0
1069835,98000.0
1069857,182000.0
1069881,117000.0
1069973,135000.0
1069981,101000.0
1069982,139000.0
1070002,138000.0
1070067,107000.0
1070070,97000.0
1070084,131000.0
1070089,240000.0
1070103,100000.0
1070165,173000.0
1070183,98000.0
1070185,135000.0
1070208,157000.0
1070245,97000.0
1070308,134000.0
1070362,123000.0
1070374,190000.0
1070378,120000.0
1070388,114000.0
1070394,177000.0
1070438,278000.0
1070454,121000.0
1070455,106000.0
1070456,95000.0
1070463,99000.0
1070467,128000.0
1070469,96000.0
1070498,139000.0
1070501,133000.0
1070516,154000.0
1070554,332000.0
1070570,149000.0
1070573,245000.0
1070643,179000.0
1070656,180000.0
1070675,102000.0
1070677,77000.0
1070707,68000.0
1070760,119000.0
1070770,206000.0
1070862,105000.0
1070866,201000.0
1070907,258000.0
1070916,132000.0
1071031,169000.0
1071038,225000.0
1071042,94000.0
1071045,474000.0
1071046,187000.0
1071118,110000.0
1071145,128000.0
1071161,112000.0
1071166,124000.0
1071202,148000.0
1071335,81000.0
1071349,143000.0
1071350,137000.0
1071356,193000.0
1071357,75000.0
1071360,116000.0
1071370,117000.0
1071376,693000.0
1071378,129000.0
1071390,443000.0
1071413,144000.0
1071414,98000.0
1071415,164000.0
1071419,82000.0
1071427,124000.0
1071430,186000.0
1071434,146000.0
1071481,202000.0
1071503,109000.0
1071504,109000.0
1071532,217000.0
1071537,123000.0
1071551,125000.0
1071574,138000.0
1071613,207000.0
1071621,83000.0
1071651,118000.0
1071653,114000.0
1071669,119000.0
1071704,294000.0
1071722,373000.0
1071727,160000.0
1071737,141000.0
1071740,196000.0
1071782,196000.0
1071889,214000.0
1071899,415000.0
1071920,95000.0
1071948,133000.0
1071950,141000.0
1071983,158000.0
1071997,276000.0
1072066,165000.0
1072080,140000.0
1072081,193000.0
1072086,110000.0
1072176,85000.0
1072178,77000.0
1072201,159000.0
1072204,139000.0
1072219,213000.0
1072229,211000.0
1072242,118000.0
1072245,77000.0
1072249,86000.0
1072259,305000.0
1072306,117000.0
1072320,81000.0
1072326,190000.0
1072334,182000.0
1072345,93000.0
1072353,183000.0
1072382,190000.0
1072387,213000.0
1072403,117000.0
1072484,115000.0
1072487,173000.0
1072490,284000.0
1072493,167000.0
1072503,88000.0
1072536,96000.0
1072548,214000.0
1072599,361000.0
1072627,178000.0
1072632,166000.0
1072681,84000.0
1072729,171000.0
1072752,181000.0
1072775,389000.0
1072776,172000.0
1072779,387000.0
1072780,210000.0
1072784,182000.0
1072800,94000.0
1072809,931000.0
1072819,105000.0
1072842,136000.0
1072873,224000.0
1072880,140000.0
1072894,92000.0
1072901,95000.0
1072913,184000.0
1072929,150000.0
1072973,91000.0
1073092,263000.0
1073108,119000.0
1073195,122000.0
1073200,85000.0
1073209,55000.0
1073215,199000.0
1073216,199000.0
1073217,199000.0
1073218,199000.0
1073219,125000.0
1073220,199000.0
1073221,125000.0
1073222,199000.0
1073223,199000.0
1073224,199000.0
1073225,125000.0
1073226,84000.0
1073228,84000.0
1073229,84000.0
1073234,61000.0
1073238,98000.0
1073240,132000.0
1073251,312000.0
1073388,98000.0
1073391,137000.0
1073420,121000.0
1073428,249000.0
1073465,157000.0
1073471,193000.0
1073484,199000.0
1073529,96000.0
1073563,96000.0
1073604,90000.0
1073621,293000.0
1073622,101000.0
1073626,520000.0
1073663,103000.0
1073675,694000.0
1073681,94000.0
1073695,115000.0
1073753,162000.0
1073779,104000.0
1073844,124000.0
1073846,119000.0
1074053,227000.0
1074196,201000.0
1074279,85000.0
1074340,190000.0
1074532,172000.0
1074540,452000.0
1074548,128000.0
1074550,148000.0
1074554,305000.0
1074575,104000.0
1074579,124000.0
1074603,110000.0
1074607,103000.0
1074608,161000.0
1074643,97000.0
1074677,307000.0
1074682,168000.0
1074697,105000.0
1074710,238000.0
1074741,597000.0
1074816,331000.0
1074821,126000.0
1074882,195000.0
1074943,104000.0
1074946,181000.0
1074968,66000.0
1074991,68000.0
1075071,291000.0
1075075,164000.0
1075078,156000.0
1075192,113000.0
1075221,171000.0
1075262,121000.0
1075320,60000.0
1075321,60000.0
1075527,384000.0
1075555,109000.0
1075566,219000.0
1075576,112000.0
1075621,594000.0
1075623,219000.0
1075669,91000.0
1075694,481000.0
1075794,139000.0
1075855,148000.0
1075875,101000.0
1075876,101000.0
1075878,128000.0
1075902,122000.0
1075981,101000.0
1076017,170000.0
1076028,151000.0
1076116,154000.0
1076133,78000.0
1076153,153000.0
1076223,76000.0
1076232,238000.0
1076237,138000.0
1076242,141000.0
1076246,197000.0
1076250,87000.0
1076256,112000.0
1076265,124000.0
1076270,107000.0
1076275,155000.0
1076282,229000.0
1076297,490000.0
1076314,366000.0
1076342,84000.0
1076353,101000.0
1076399,116000.0
1076400,92000.0
1076410,87000.0
1076411,73000.0
1076419,150000.0
1076451,191000.0
1076453,258000.0
1076479,105000.0
1076502,75000.0
1076505,174000.0
1076512,129000.0
1076516,90000.0
1076615,101000.0
1076618,176000.0
1076619,376000.0
1076637,91000.0
1076655,215000.0
1076670,124000.0
1076672,182000.0
1076751,242000.0
1076780,110000.0
1076822,99000.0
1076837,541000.0
1076848,218000.0
1076851,148000.0
1076867,156000.0
1076870,165000.0
1076873,99000.0
1076877,229000.0
1076899,467000.0
1076928,253000.0
1076931,328000.0
1077002,93000.0
1077007,494000.0
1077008,591000.0
1077013,93000.0
1077024,102000.0
1077043,89000.0
1077056,90000.0
1077067,119000.0
1077162,560000.0
1077187,614000.0
1077265,306000.0
1077596,574000.0
1077624,233000.0
1077752,102000.0
1077787,198000.0
1077884,117000.0
1078098,154000.0
1078219,160000.0
1078257,76000.0
1078341,259000.0
1078355,156000.0
1078360,155000.0
1078409,121000.0
1078431,97000.0
1078454,134000.0
1078476,73000.0
1078477,245000.0
1078497,292000.0
1078545,211000.0
1078556,210000.0
1078564,232000.0
1078585,230000.0
1078640,118000.0
1078648,90000.0
1078660,705000.0
1078685,251000.0
1078699,96000.0
1078723,237000.0
1078725,92000.0
1078736,514000.0
1078773,85000.0
1078806,91000.0
1078814,211000.0
1078885,266000.0
1078899,67000.0
1078908,174000.0
1078969,150000.0
1079020,157000.0
1079036,156000.0
1079059,380000.0
1079068,84000.0
1079153,288000.0
1079183,127000.0
1079230,93000.0
1079254,88000.0
1079277,164000.0
1079282,152000.0
1079294,128000.0
1079320,341000.0
1079334,109000.0
1079343,124000.0
1079356,153000.0
1079382,69000.0
1079459,199000.0
1079463,127000.0
1079464,203000.0
1079479,148000.0
1079483,125000.0
1079497,277000.0
1079498,277000.0
1079503,141000.0
1079504,143000.0
1079528,133000.0
1079568,173000.0
1079600,156000.0
1079607,115000.0
1079608,150000.0
1079612,150000.0
1079618,91000.0
1079705,150000.0
1079766,92000.0
1079842,91000.0
1079850,142000.0
1079853,146000.0
1079868,83000.0
1079892,117000.0
1079895,97000.0
1079928,290000.0
1079992,123000.0
1079994,121000.0
1079995,126000.0
1080005,169000.0
1080008,165000.0
1080010,98000.0
1080011,164000.0
1080015,154000.0
1080025,163000.0
1080028,69000.0
1080030,74000.0
1080032,110000.0
1080034,122000.0
1080037,537000.0
1080063,73000.0
1080064,77000.0
1080065,76000.0
1080066,84000.0
1080069,185000.0
1080072,223000.0
1080077,107000.0
1080111,101000.0
1080133,70000.0
1080147,113000.0
1080162,196000.0
1080187,259000.0
1080200,150000.0
1080279,186000.0
1080290,103000.0
1080292,103000.0
1080299,62000.0
1080327,90000.0
1080328,99000.0
1080332,90000.0
1080334,89000.0
1080342,139000.0
1080343,190000.0
1080364,300000.0
1080379,124000.0
1080382,62000.0
1080383,68000.0
1080399,80000.0
1080401,647000.0
1080426,140000.0
1080440,89000.0
1080450,118000.0
1080465,119000.0
1080482,204000.0
1080485,167000.0
1080507,367000.0
1080562,81000.0
1080606,364000.0
1080621,112000.0
1080633,126000.0
1080663,186000.0
1080670,91000.0
1080752,146000.0
1080755,99000.0
1080757,326000.0
1080776,84000.0
1080802,87000.0
1080807,193000.0
1080836,258000.0
1080849,139000.0
1080858,135000.0
1080859,197000.0
1080914,183000.0
1080921,59000.0
1080937,184000.0
1080977,85000.0
1080980,82000.0
1080983,102000.0
1081011,81000.0
1081038,242000.0
1081055,214000.0
1081112,120000.0
1081125,99000.0
1081153,138000.0
1081170,304000.0
1081201,402000.0
1081232,195000.0
1081267,363000.0
1081351,98000.0
1081356,108000.0
1081395,166000.0
1081435,87000.0
1081436,125000.0
1081442,233000.0
1081472,143000.0
1081487,103000.0
1081508,848000.0
1081512,128000.0
1081528,92000.0
1081552,144000.0
1081575,87000.0
1081706,132000.0
1081782,156000.0
1081785,116000.0
1081787,167000.0
1081832,91000.0
1081833,112000.0
1081838,74000.0
1081841,476000.0
1081843,74000.0
1081844,74000.0
1081848,105000.0
1081869,163000.0
1081902,110000.0
1081903,110000.0
1081908,108000.0
1081924,79000.0
1081936,300000.0
1081949,206000.0
1081970,176000.0
1082039,132000.0
1082045,125000.0
1082046,127000.0
1082048,186000.0
1082118,121000.0
1082145,76000.0
1082147,101000.0
1082163,107000.0
1082251,181000.0
1082254,363000.0
1082255,162000.0
1082327,82000.0
1082342,115000.0
1082343,185000.0
1082360,189000.0
1082376,342000.0
1082382,187000.0
1082390,165000.0
1082417,114000.0
1082420,118000.0
1082432,455000.0
1082441,174000.0
1082442,167000.0
1082461,245000.0
1082482,150000.0
1082483,74000.0
1082488,554000.0
1082504,177000.0
1082508,164000.0
1082533,104000.0
1082548,223000.0
1082549,140000.0
1082586,101000.0
1082640,230000.0
1082677,203000.0
1082833,95000.0
1082840,204000.0
1082846,262000.0
1082857,338000.0
1082863,170000.0
1082867,210000.0
1082927,121000.0
1082928,116000.0
1082958,394000.0
1083026,170000.0
1083029,575000.0
1083052,421000.0
1083095,108000.0
1083118,148000.0
1083122,284000.0
1083137,206000.0
1083208,251000.0
1083251,131000.0
1083264,160000.0
1083284,260000.0
1083291,94000.0
1083296,94000.0
1083300,94000.0
1083303,94000.0
1083345,110000.0
1083382,126000.0
1083388,59000.0
1083392,142000.0
1083402,144000.0
1083405,171000.0
1083495,107000.0
1083545,132000.0
1086147,222000.0
1086216,250000.0
1086243,176000.0
1086254,60000.0
1086282,153000.0
1086309,192000.0
1086312,114000.0
1086333,77000.0
1086344,103000.0
1086616,98000.0
1086670,196000.0
1086770,123000.0
1086802,152000.0
1086813,127000.0
1086818,178000.0
1086819,251000.0
1086820,92000.0
1086826,116000.0
1086827,77000.0
1086842,77000.0
1086844,92000.0
1086846,77000.0
1086847,77000.0
1086848,116000.0
1086864,521000.0
1086917,195000.0
1086918,90000.0
1086963,238000.0
1086991,119000.0
1086999,98000.0
1087035,115000.0
1087054,167000.0
1087111,171000.0
1087112,146000.0
1087115,443000.0
1087116,140000.0
1087132,226000.0
1087135,70000.0
1087193,140000.0
1087235,135000.0
1087237,142000.0
1087238,139000.0
1087241,136000.0
1087288,478000.0
1087329,79000.0
1087340,369000.0
1087346,255000.0
1087349,202000.0
1087375,283000.0
1087389,241000.0
1087406,102000.0
1087423,431000.0
1087432,292000.0
1093650,73000.0
1093654,178000.0
1093657,199000.0
1093659,113000.0
1093661,113000.0
1093675,120000.0
1093684,149000.0
1093703,168000.0
1093710,98000.0
1093711,118000.0
1093718,71000.0
1093725,105000.0
1093808,643000.0
1093813,198000.0
1093816,257000.0
1093817,96000.0
1093845,556000.0
1093848,99000.0
1093904,148000.0
1093906,124000.0
1093909,269000.0
1093920,136000.0
1093958,115000.0
1093960,329000.0
1094005,551000.0
1094008,175000.0
1094012,80000.0
1094018,100000.0
1094108,123000.0
1094111,205000.0
1094126,106000.0
1094128,573000.0
1094133,100000.0
1094136,278000.0
1094142,317000.0
1094151,50000.0
1094174,122000.0
1094196,199000.0
1094198,86000.0
1094232,101000.0
1094299,162000.0
1094334,283000.0
1094348,118000.0
1094353,112000.0
1094362,132000.0
1094412,1007000.0
1094416,104000.0
1094419,525000.0
1094463,165000.0
1094464,150000.0
1094519,204000.0
1094530,85000.0
1094531,85000.0
1094538,110000.0
1094590,125000.0
1094633,129000.0
1094660,93000.0
1094668,115000.0
1094694,110000.0
1094714,154000.0
1094717,200000.0
1094747,159000.0
1094771,619000.0
1094773,355000.0
1094779,104000.0
1094810,156000.0
1094817,340000.0
1094818,116000.0
1094822,71000.0
1094855,154000.0
1094858,145000.0
1094864,402000.0
1094895,199000.0
1094910,124000.0
1094939,101000.0
1094960,90000.0
1095019,1317000.0
1095021,753000.0
1095025,161000.0
1095029,143000.0
1095031,153000.0
1095067,89000.0
1095105,222000.0
1095126,166000.0
1095135,149000.0
1095139,55000.0
1095146,121000.0
1095292,185000.0
1095313,67000.0
1095326,141000.0
1095334,75000.0
1095343,80000.0
1095383,73000.0
1095399,193000.0
1095416,247000.0
1095448,216000.0
1095478,101000.0
1095480,155000.0
1095496,121000.0
1095500,115000.0
1095529,63000.0
1095536,314000.0
1095552,332000.0
1095588,89000.0
1095624,377000.0
1095650,109000.0
1095691,795000.0
1095735,151000.0
1095799,207000.0
1095804,194000.0
1095810,143000.0
1095827,226000.0
1095841,253000.0
1095853,165000.0
1095860,177000.0
1095866,109000.0
1095906,142000.0
1095907,367000.0
1095926,250000.0
1095949,131000.0
1096078,122000.0
1096079,120000.0
1096090,104000.0
1096148,214000.0
1096213,201000.0
1096235,142000.0
1096271,144000.0
1096279,70000.0
1096316,203000.0
1096318,624000.0
1096335,539000.0
1096339,127000.0
1096405,231000.0
1096417,128000.0
1096464,82000.0
1096480,132000.0
1096484,166000.0
1096513,249000.0
1096539,202000.0
1096546,99000.0
1096550,239000.0
1096556,109000.0
1096573,260000.0
1096583,235000.0
1096585,170000.0
1096590,236000.0
1096593,126000.0
1096600,195000.0
1096627,99000.0
1096631,118000.0
1096691,166000.0
1096700,95000.0
1096716,238000.0
1096723,310000.0
1096749,157000.0
1096777,248000.0
1096784,108000.0
1096858,371000.0
1096873,205000.0
1096921,133000.0
1096936,208000.0
1096968,107000.0
1096972,157000.0
1097023,117000.0
1097024,785000.0
1097040,263000.0
1097041,299000.0
1097045,244000.0
1097078,522000.0
1097079,522000.0
1097082,90000.0
1097084,90000.0
1097102,155000.0
1097259,154000.0
1097283,129000.0
1097365,135000.0
1097366,131000.0
1097476,853000.0
1097499,93000.0
1097500,128000.0
1097511,256000.0
1097514,332000.0
1097544,118000.0
1097562,133000.0
1097569,97000.0
1097597,149000.0
1097609,121000.0
1097635,122000.0
1097650,82000.0
1097655,136000.0
1097659,116000.0
1097664,108000.0
1097673,193000.0
1097675,110000.0
1097698,136000.0
1097718,108000.0
1097755,252000.0
1097767,142000.0
1097777,194000.0
1097778,102000.0
1097795,679000.0
1097861,101000.0
1097886,133000.0
1097887,166000.0
1097888,160000.0
1097928,197000.0
1097949,184000.0
1097975,299000.0
1097993,243000.0
1097994,248000.0
1098066,156000.0
1098122,137000.0
1098125,179000.0
1098140,101000.0
1098199,301000.0
1098213,100000.0
1098215,135000.0
1098219,201000.0
1098228,118000.0
1098252,407000.0
1098268,130000.0
1098275,159000.0
1098362,92000.0
1098365,808000.0
1098396,89000.0
1098468,114000.0
1098495,88000.0
1098569,95000.0
1098588,383000.0
1098633,98000.0
1098693,337000.0
1098698,128000.0
1098706,166000.0
1098771,77000.0
1098971,46000.0
1098987,145000.0
1098991,183000.0
1098994,199000.0
1099004,132000.0
1099021,97000.0
1099030,118000.0
1099038,95000.0
1099039,180000.0
1099045,332000.0
1099133,293000.0
1099137,103000.0
1099153,179000.0
1099180,182000.0
1099183,326000.0
1099184,87000.0
1099199,115000.0
1099315,211000.0
1099316,135000.0
1099320,164000.0
1099323,240000.0
1099326,201000.0
1099329,78000.0
1099335,193000.0
1099338,134000.0
1099342,124000.0
1099350,158000.0
1099351,87000.0
1099359,107000.0
1099364,110000.0
1099366,147000.0
1099382,174000.0
1099383,580000.0
1099407,116000.0
1099414,98000.0
1099441,134000.0
1099447,119000.0
1099465,99000.0
1099469,159000.0
1099488,126000.0
1099520,138000.0
1099562,215000.0
1099567,135000.0
1099623,239000.0
1099651,99000.0
1099664,137000.0
1099665,137000.0
1099671,185000.0
1099702,108000.0
1099722,87000.0
1099725,57000.0
1099726,51000.0
1099728,47000.0
1099729,46000.0
1099734,86000.0
1099740,92000.0
1099743,207000.0
1099768,154000.0
1099774,1340000.0
1099796,135000.0
1099815,162000.0
1099837,294000.0
1099916,269000.0
1099928,81000.0
1099941,90000.0
1099946,87000.0
1099948,52000.0
1099950,58000.0
1099972,108000.0
1099995,119000.0
1099996,111000.0
1100056,181000.0
1100076,183000.0
1100169,424000.0
1100171,78000.0
1100178,214000.0
1100189,87000.0
1100191,64000.0
1100192,66000.0
1100194,111000.0
1100205,91000.0
1100224,115000.0
1100257,199000.0
1100317,107000.0
1100329,88000.0
1100345,102000.0
1100388,220000.0
1100391,91000.0
1100460,194000.0
1100509,117000.0
1100516,210000.0
1100532,246000.0
1100537,75000.0
1100548,359000.0
1100583,233000.0
1100596,210000.0
1100601,410000.0
1100611,119000.0
1100619,199000.0
1100658,316000.0
1100660,288000.0
1100674,114000.0
1100682,119000.0
1100692,119000.0
1100719,93000.0
1100743,326000.0
1100780,94000.0
1100810,191000.0
1100829,218000.0
1100840,142000.0
1100852,202000.0
1100865,96000.0
1100897,101000.0
1100931,102000.0
1100932,100000.0
1100938,656000.0
1100944,314000.0
1100945,316000.0
1100946,316000.0
1100947,316000.0
1100948,228000.0
1100953,229000.0
1100955,229000.0
1100957,281000.0
1100960,281000.0
1100962,114000.0
1100984,125000.0
1100985,170000.0
1101003,96000.0
1101004,96000.0
1101005,96000.0
1101006,185000.0
1101007,120000.0
1101012,86000.0
1101064,326000.0
1101073,293000.0
1101084,132000.0
1101086,126000.0
1101094,101000.0
1101102,101000.0
1101127,76000.0
1101173,139000.0
1101180,127000.0
1101202,119000.0
1101203,124000.0
1101207,201000.0
1101208,299000.0
1101232,99000.0
1101240,88000.0
1101252,166000.0
1101258,172000.0
1101263,75000.0
1101276,148000.0
1101292,158000.0
1101294,131000.0
1101303,290000.0
1101319,566000.0
1101326,119000.0
1101330,172000.0
1101331,118000.0
1101333,172000.0
1101335,163000.0
1101351,138000.0
1101378,100000.0
1101418,701000.0
1101423,320000.0
1101428,138000.0
1101517,130000.0
1101591,79000.0
1101616,359000.0
1101739,122000.0
1101759,92000.0
1101799,99000.0
1101800,96000.0
1101801,462000.0
1101814,176000.0
1101859,75000.0
1101869,85000.0
1101901,98000.0
1101931,159000.0
1101932,148000.0
1101976,370000.0
1102031,75000.0
1102046,136000.0
1102066,149000.0
1102090,281000.0
1102112,260000.0
1102117,136000.0
1102119,125000.0
1102123,120000.0
1102135,159000.0
1102169,154000.0
1102170,241000.0
1102240,220000.0
1102248,68000.0
1102273,110000.0
1102307,177000.0
1102332,163000.0
1102413,110000.0
1102414,96000.0
1102415,98000.0
1102416,103000.0
1102417,164000.0
1102422,181000.0
1102423,96000.0
1102430,96000.0
1102431,96000.0
1102434,150000.0
1102452,98000.0
1102470,150000.0
1102505,246000.0
1102509,119000.0
1102527,181000.0
1102537,176000.0
1102564,164000.0
1102603,144000.0
1102608,120000.0
1102646,91000.0
1102647,121000.0
1102650,169000.0
1102655,189000.0
1102657,139000.0
1102660,229000.0
1102685,88000.0
1102688,136000.0
1102699,75000.0
1102704,125000.0
1102705,249000.0
1102728,452000.0
1102735,75000.0
1102750,110000.0
1102770,209000.0
1102790,371000.0
1102797,614000.0
1102800,156000.0
1102806,89000.0
1102844,199000.0
1102862,101000.0
1102908,96000.0
1102909,131000.0
1102959,102000.0
1102970,87000.0
1102986,178000.0
1103044,99000.0
1103076,256000.0
1103095,360000.0
1103226,254000.0
1103227,255000.0
1103228,191000.0
1103229,264000.0
1103249,202000.0
1103253,205000.0
1103258,222000.0
1103264,395000.0
1103265,127000.0
1103278,87000.0
1103279,485000.0
1103282,63000.0
1103361,108000.0
1103386,190000.0
1103396,206000.0
1103402,114000.0
1103403,127000.0
1103404,120000.0
1103418,131000.0
1103419,118000.0
1103431,215000.0
1103481,362000.0
1103489,223000.0
1103584,103000.0
1103598,198000.0
1103600,111000.0
1103604,154000.0
1103606,152000.0
1103614,70000.0
1103646,85000.0
1103668,254000.0
1103669,113000.0
1103678,143000.0
1103711,99000.0
1103726,172000.0
1103731,138000.0
1103735,156000.0
1103741,461000.0
1103838,152000.0
1103903,210000.0
1103914,127000.0
1103991,74000.0
1103997,116000.0
1104005,189000.0
1104027,60000.0
1104035,100000.0
1104045,105000.0
1104073,445000.0
1104122,355000.0
1104123,354000.0
1104132,116000.0
1104247,127000.0
1104252,99000.0
1104265,180000.0
1104276,69000.0
1104292,128000.0
1104347,629000.0
1104357,179000.0
1104358,105000.0
1104369,212000.0
1104944,218000.0
1104946,95000.0
1104949,95000.0
1104951,95000.0
1104953,95000.0
1104955,95000.0
1104972,155000.0
1105018,77000.0
1105021,112000.0
1105024,191000.0
1105025,122000.0
1105044,204000.0
1105046,114000.0
1105047,114000.0
1105050,330000.0
1105051,330000.0
1105052,330000.0
1105053,330000.0
1105071,95000.0
1105081,127000.0
1105207,330000.0
1105210,158000.0
1105265,330000.0
1105266,143000.0
1105267,143000.0
1105268,330000.0
1105280,85000.0
1105281,138000.0
1105282,132000.0
1105376,282000.0
1105429,126000.0
1105465,116000.0
1105493,110000.0
1105496,119000.0
1105557,110000.0
1105558,110000.0
1105575,101000.0
1105576,101000.0
1105581,89000.0
1105621,158000.0
1105622,127000.0
1105698,191000.0
1105699,191000.0
1105700,191000.0
1105702,191000.0
1105705,191000.0
1105706,191000.0
1105711,172000.0
1105799,110000.0
1105802,110000.0
1105803,110000.0
1105805,110000.0
1105806,110000.0
1105807,123000.0
1105828,144000.0
1105830,273000.0
1105831,158000.0
1105832,267000.0
1105849,77000.0
1105855,116000.0
1105898,116000.0
1105899,116000.0
1105935,181000.0
1105989,127000.0
1106068,153000.0
1106069,153000.0
1106073,153000.0
1106085,171000.0
1106086,136000.0
1106135,118000.0
1106164,77000.0
1106193,166000.0
1106196,97000.0
1106244,172000.0
1106253,70000.0
1106256,119000.0
1106586,256000.0
1106587,146000.0
1106588,150000.0
1106589,158000.0
1106600,84000.0
1106608,141000.0
1106715,77000.0
1106789,151000.0
1106790,207000.0
1106791,207000.0
1106792,207000.0
1106793,207000.0
1106794,207000.0
1106869,113000.0
1106954,256000.0
1107205,191000.0
1107331,74000.0
1107333,74000.0
1107389,163000.0
1107390,163000.0
1107392,163000.0
1107394,163000.0
1107395,163000.0
1107469,204000.0
1107483,102000.0
1107491,92000.0
1107667,243000.0
1107772,95000.0
1107775,95000.0
1107785,288000.0
1107786,152000.0
1107787,131000.0
1202392,132000.0
1202393,85000.0
1202395,203000.0
1202440,88000.0
1202550,76000.0
1202552,87000.0
1202577,144000.0
1202580,109000.0
1202842,144000.0
1202844,131000.0
1202860,102000.0
1202861,101000.0
1202869,171000.0
1202876,145000.0
1202892,152000.0
1202903,79000.0
1214273,164000.0
1214280,121000.0
1214445,356000.0
1214448,68000.0
1214449,77000.0
1214464,113000.0
1214572,135000.0
1214574,206000.0
1214584,132000.0
1214608,95000.0
1214640,80000.0
1214643,154000.0
1214651,328000.0
1214652,193000.0
1214657,457000.0
1214661,156000.0
1214673,128000.0
1214675,117000.0
1214679,177000.0
1214703,134000.0
1215040,118000.0
1215050,60000.0
1215134,114000.0
1215138,119000.0
1215362,80000.0
1215366,91000.0
1215368,93000.0
1215369,148000.0
1215374,81000.0
1215388,500000.0
1215448,75000.0
1215451,65000.0
1215486,131000.0
1215488,168000.0
1215496,120000.0
1215498,145000.0
1215555,140000.0
1215556,193000.0
1215560,354000.0
1215573,121000.0
1215591,67000.0
1215596,152000.0
1215746,235000.0
1215748,137000.0
1215754,68000.0
1215756,324000.0
1215758,123000.0
1215761,121000.0
1215762,86000.0
1215766,118000.0
1215767,684000.0
1215776,330000.0
1215784,282000.0
1215791,83000.0
1215796,94000.0
1215797,147000.0
1215798,93000.0
1215806,149000.0
1215810,95000.0
1216439,69000.0
1217024,102000.0
1217029,150000.0
1217034,84000.0
1217036,91000.0
1217037,71000.0
1217038,168000.0
1217233,140000.0
1217234,94000.0
1217247,108000.0
1217248,84000.0
1217250,99000.0
1217540,192000.0
1217556,147000.0
1217557,100000.0
1217559,73000.0
1217578,241000.0
1217875,68000.0
1217881,54000.0
1219303,98000.0
1219356,338000.0
1219361,238000.0
1219426,97000.0
1219482,329000.0
1219492,81000.0
1219515,227000.0
1219518,344000.0
1219520,190000.0
1219620,139000.0
1219653,89000.0
1219665,205000.0
1219668,105000.0
1219670,59000.0
1219706,196000.0
1219714,159000.0
1219756,113000.0
1220007,97000.0
1220137,483000.0
1220139,302000.0
1220671,92000.0
1220690,55000.0
1220731,149000.0
1220732,87000.0
1220739,139000.0
1222082,238000.0
1222084,72000.0
1222087,396000.0
1222182,172000.0
1222183,130000.0
1222194,218000.0
1222252,155000.0
1223720,126000.0
1223812,136000.0
1223816,299000.0
1223827,193000.0
1223836,261000.0
1223838,103000.0
1223841,89000.0
1223860,270000.0
1223861,171000.0
1223863,149000.0
1223867,199000.0
1223875,123000.0
1223892,207000.0
1223897,196000.0
1224003,93000.0
1224006,115000.0
1224010,154000.0
1224014,80000.0
1224033,178000.0
1224068,161000.0
1224071,85000.0
1224121,157000.0
1224146,136000.0
1224153,103000.0
1224653,157000.0
1224668,108000.0
1224776,151000.0
1224788,218000.0
1225148,442000.0
1225155,165000.0
1225157,276000.0
1225159,322000.0
1225238,200000.0
1225323,189000.0
1225362,119000.0
1225363,144000.0
1225376,252000.0
1225378,114000.0
1225818,71000.0
1226392,107000.0
1226394,99000.0
1226516,142000.0
1226517,133000.0
1226741,153000.0
1226743,137000.0
1226745,90000.0
1226748,171000.0
1226749,136000.0
1226782,128000.0
1226789,84000.0
1226799,97000.0
1226860,89000.0
1226867,190000.0
1226963,142000.0
1227068,196000.0
1227072,426000.0
1227075,95000.0
1227080,206000.0
1227083,206000.0
1227087,177000.0
1227113,102000.0
1227115,151000.0
1227127,77000.0
1227165,140000.0
1227292,89000.0
1227294,192000.0
1227296,168000.0
1227675,510000.0
1227679,213000.0
1227680,207000.0
1227687,236000.0
1227690,205000.0
1227707,134000.0
1227708,130000.0
1227709,199000.0
1227720,228000.0
1227815,178000.0
1227857,590000.0
1227859,398000.0
1227865,220000.0
1227902,126000.0
1227904,94000.0
1227921,423000.0
1227928,128000.0
1227948,259000.0
1227951,428000.0
1228096,126000.0
1228098,125000.0
1228597,343000.0
1228622,200000.0
1228630,158000.0
1228639,189000.0
1228640,143000.0
1228821,125000.0
1228828,282000.0
1228829,312000.0
1228966,365000.0
1228972,389000.0
1228973,850000.0
1228974,1499000.0
1228985,517000.0
1229013,255000.0
1229016,116000.0
1229018,169000.0
1229020,292000.0
1229022,181000.0
1229028,119000.0
1229030,126000.0
1229031,188000.0
1229038,194000.0
1229176,560000.0
1229188,302000.0
1229190,937000.0
1229201,192000.0
1229212,125000.0
1229218,132000.0
1229220,170000.0
1229224,153000.0
1229225,138000.0
1229462,439000.0
1229540,158000.0
1229541,145000.0
1229591,154000.0
1229597,182000.0
1229598,182000.0
1230015,95000.0
1230020,97000.0
1230030,100000.0
1230031,79000.0
1230037,86000.0
1230038,166000.0
1230039,74000.0
1230040,146000.0
1230045,63000.0
1230070,69000.0
1231407,217000.0
1231410,219000.0
1231549,298000.0
1231551,210000.0
1231558,74000.0
1231661,110000.0
1231688,196000.0
1231696,281000.0
1231704,115000.0
1231710,149000.0
1231711,79000.0
1231719,152000.0
1231753,97000.0
1231846,675000.0
1231908,95000.0
1231938,114000.0
1231982,218000.0
1232000,123000.0
1232001,123000.0
1232002,123000.0
1232475,291000.0
1232477,176000.0
1232484,71000.0
1232490,102000.0
1232637,82000.0
1232646,93000.0
1232662,110000.0
1233033,108000.0
1233038,99000.0
1233250,433000.0
1233263,166000.0
1233265,249000.0
1233268,189000.0
1233307,134000.0
1233314,118000.0
1233329,432000.0
1233345,280000.0
1233349,121000.0
1233447,85000.0
1233450,86000.0
1233453,87000.0
1233462,86000.0
1233465,109000.0
1233471,44000.0
1233474,109000.0
1233479,107000.0
1233487,115000.0
1233488,135000.0
1233490,111000.0
1233493,105000.0
1233495,98000.0
1233497,100000.0
1233542,69000.0
1233552,74000.0
1233557,165000.0
1233567,91000.0
1233568,148000.0
1233569,152000.0
1233683,252000.0
1233764,923000.0
1233861,107000.0
1233877,82000.0
1233987,330000.0
1233989,143000.0
1234069,142000.0
1234103,187000.0
1234104,197000.0
1234343,673000.0
1234348,100000.0
1234349,99000.0
1234495,587000.0
1234496,177000.0
1234497,176000.0
1234499,161000.0
1234515,142000.0
1234516,229000.0
1234528,201000.0
1234612,330000.0
1234760,74000.0
1234763,95000.0
1234766,162000.0
1234772,164000.0
1234818,116000.0
1235137,496000.0
1235157,123000.0
1235163,389000.0
1235168,250000.0
1235169,250000.0
1235170,250000.0
1235228,447000.0
1235244,385000.0
1235266,458000.0
1235290,976000.0
1235294,828000.0
1235303,147000.0
1235312,119000.0
1235314,440000.0
1235337,472000.0
1235354,311000.0
1235360,702000.0
1235386,1074000.0
1235538,327000.0
1235542,411000.0
1235546,433000.0
1235552,701000.0
1235662,1331000.0
1235678,59000.0
1235679,145000.0
1235688,126000.0
1235689,126000.0
1235741,207000.0
1235742,151000.0
1235744,207000.0
1235745,207000.0
1235746,207000.0
1235747,207000.0
1235786,625000.0
1235796,361000.0
1235824,754000.0
1235825,1033000.0
1235874,398000.0
1235885,706000.0
1235886,714000.0
1235887,296000.0
1235916,731000.0
1235996,198000.0
1235997,154000.0
1236001,620000.0
1236007,750000.0
1236009,691000.0
1236010,886000.0
1236082,86000.0
1236126,102000.0
1236137,132000.0
1236150,134000.0
1236152,153000.0
1236160,276000.0
1236162,742000.0
1236183,170000.0
1236186,100000.0
1236189,112000.0
1236201,108000.0
1236353,169000.0
1236355,168000.0
1236463,111000.0
1236479,109000.0
1236480,106000.0
1236822,86000.0
1236911,467000.0
1236986,165000.0
1236991,212000.0
1236993,165000.0
1237029,170000.0
1237033,108000.0
1237049,98000.0
1237051,206000.0
1237164,101000.0
1237170,274000.0
1237492,53000.0
1237495,91000.0
1237545,88000.0
1237979,231000.0
1237998,158000.0
1238015,143000.0
1238100,130000.0
1238115,151000.0
1238129,449000.0
1238182,93000.0
1238190,112000.0
1238195,377000.0
1238198,187000.0
1238207,132000.0
1238213,150000.0
1238216,203000.0
1238226,144000.0
1238229,354000.0
1238231,279000.0
1238232,279000.0
1238237,176000.0
1238241,168000.0
1238242,210000.0
1238244,159000.0
1238245,189000.0
1238258,76000.0
1238259,290000.0
1238261,194000.0
1238263,320000.0
1238264,213000.0
1238384,118000.0
1238386,206000.0
1238419,206000.0
1238422,198000.0
1238435,152000.0
1238439,586000.0
1238572,304000.0
1238582,290000.0
1238589,147000.0
1238614,95000.0
1238793,184000.0
1238800,558000.0
1238802,384000.0
1238807,270000.0
1238812,110000.0
1238813,186000.0
1238814,82000.0
1238827,146000.0
1238834,220000.0
1238964,208000.0
1238965,193000.0
1239003,206000.0
1239006,400000.0
1239029,243000.0
1239054,246000.0
1239062,233000.0
1239067,228000.0
1239078,192000.0
1239100,214000.0
1239106,157000.0
1239112,187000.0
1239158,222000.0
1239160,160000.0
1239161,143000.0
1239162,127000.0
1239239,201000.0
1239260,276000.0
1239261,271000.0
1239271,190000.0
1239276,371000.0
1239278,200000.0
1239294,156000.0
1239313,212000.0
1239402,384000.0
1239482,132000.0
1239483,132000.0
1239484,132000.0
1239485,132000.0
1239490,174000.0
1239519,230000.0
1239527,120000.0
1239532,178000.0
1239533,203000.0
1239534,153000.0
1239535,204000.0
1239537,228000.0
1239558,114000.0
1239566,101000.0
1239568,293000.0
1239577,127000.0
1239578,82000.0
1239585,132000.0
1239589,143000.0
1239598,144000.0
1239601,772000.0
1239963,186000.0
1239978,1026000.0
1239994,616000.0
1240122,844000.0
1240137,1111000.0
1240202,104000.0
1240229,146000.0
1240235,537000.0
1240281,179000.0
1240283,480000.0
1240338,75000.0
1240418,73000.0
1240441,458000.0
1240442,173000.0
1240444,296000.0
1240448,515000.0
1240464,682000.0
1240465,117000.0
1240498,172000.0
1240504,71000.0
1240505,133000.0
1240516,112000.0
1240535,91000.0
1240539,88000.0
1240540,80000.0
1240617,129000.0
1240649,113000.0
1240720,87000.0
1240728,77000.0
1240735,69000.0
1240736,76000.0
1240977,91000.0
1240979,85000.0
1241045,61000.0
1241069,71000.0
1241079,353000.0
1241087,74000.0
1241091,121000.0
1241093,83000.0
1241095,234000.0
1241101,129000.0
1241103,79000.0
1241115,96000.0
1241117,115000.0
1241128,96000.0
1241130,752000.0
1241139,189000.0
1241151,97000.0
1241289,66000.0
1241295,87000.0
1241453,126000.0
1241454,110000.0
1241459,108000.0
1241460,91000.0
1241478,111000.0
1241488,80000.0
1241744,119000.0
1241746,88000.0
1241753,115000.0
1241756,101000.0
1241757,105000.0
1241760,88000.0
1241761,92000.0
1241764,97000.0
1241795,163000.0
1241796,114000.0
1241798,80000.0
1241803,79000.0
1241804,85000.0
1241807,80000.0
1241810,66000.0
1241813,79000.0
1241826,108000.0
1241833,87000.0
1241834,95000.0
1241837,89000.0
1241842,102000.0
1241843,126000.0
1241897,101000.0
1241913,73000.0
1241975,94000.0
1241978,150000.0
1241980,75000.0
1241981,87000.0
1241983,66000.0
1242077,105000.0
1242080,86000.0
1242082,270000.0
1242090,88000.0
1242092,58000.0
1242118,126000.0
1242119,202000.0
1242131,80000.0
1242132,56000.0
1242135,73000.0
1242139,86000.0
70723,15000.0
71009,87000.0
71030,18000.0
71670,19000.0
71671,14000.0
71694,20000.0
71697,30000.0
71717,22000.0
71727,20000.0
71785,20000.0
72264,61000.0
72276,19000.0
72325,17000.0
72326,52000.0
72327,20000.0
72548,132000.0
72571,31000.0
72713,24000.0
696861,69000.0
696875,12000.0
696882,183000.0
