id,price
264893,623000.0
264899,158000.0
264910,505000.0
264915,126000.0
264919,63000.0
264928,155000.0
264932,119000.0
264935,160000.0
264939,653000.0
264944,116000.0
264954,130000.0
264955,130000.0
264969,514000.0
264978,157000.0
264983,122000.0
264984,65000.0
264985,102000.0
265031,164000.0
265032,183000.0
265058,206000.0
265066,229000.0
265068,111000.0
265069,711000.0
265070,111000.0
265077,126000.0
265090,456000.0
265094,351000.0
265101,155000.0
265102,150000.0
265105,183000.0
265106,150000.0
265108,141000.0
265115,130000.0
265147,63000.0
265152,173000.0
265153,222000.0
265170,554000.0
265176,74000.0
265187,278000.0
265189,116000.0
265198,575000.0
265225,95000.0
265233,97000.0
265237,292000.0
265253,277000.0
265280,410000.0
265287,254000.0
265293,122000.0
265296,197000.0
265307,397000.0
265308,261000.0
265312,246000.0
265313,163000.0
265314,341000.0
265315,191000.0
265320,176000.0
265333,207000.0
265346,176000.0
265351,397000.0
265356,138000.0
265357,112000.0
265358,106000.0
265363,306000.0
265369,91000.0
265372,177000.0
265402,395000.0
265406,179000.0
265420,231000.0
265436,204000.0
265438,210000.0
265442,163000.0
265449,214000.0
265452,226000.0
265455,173000.0
265461,820000.0
265465,172000.0
265481,135000.0
265488,91000.0
265501,128000.0
265514,260000.0
265515,145000.0
265516,110000.0
265517,301000.0
265526,197000.0
265533,244000.0
265539,164000.0
265543,104000.0
265544,139000.0
265556,153000.0
265559,278000.0
265561,465000.0
265584,226000.0
265586,143000.0
265587,145000.0
265588,166000.0
265593,377000.0
265596,329000.0
265607,200000.0
265608,224000.0
265610,162000.0
265613,314000.0
265653,225000.0
265663,234000.0
265669,266000.0
265675,148000.0
265699,296000.0
265701,189000.0
265703,229000.0
265704,230000.0
265743,229000.0
265748,127000.0
265759,120000.0
265795,268000.0
265797,265000.0
265805,328000.0
265806,134000.0
265810,115000.0
265819,168000.0
265820,376000.0
265833,219000.0
265834,83000.0
265843,551000.0
265851,528000.0
265862,621000.0
265864,797000.0
265869,273000.0
265887,633000.0
265907,451000.0
265913,1254000.0
265921,142000.0
265923,380000.0
265925,560000.0
265957,294000.0
265958,742000.0
265960,231000.0
265963,158000.0
265969,607000.0
266004,542000.0
266028,188000.0
266029,689000.0
266032,695000.0
266034,439000.0
266055,1060000.0
266075,1051000.0
266077,1051000.0
266080,294000.0
266093,860000.0
266094,714000.0
266100,569000.0
266116,715000.0
266129,414000.0
266144,450000.0
266160,682000.0
266165,541000.0
266196,281000.0
266199,333000.0
266202,209000.0
266210,281000.0
266211,561000.0
266213,329000.0
266218,250000.0
266219,276000.0
266220,358000.0
266234,277000.0
266241,180000.0
266248,237000.0
266251,432000.0
266256,392000.0
266259,350000.0
266274,252000.0
266275,567000.0
266276,555000.0
266279,233000.0
266280,438000.0
266281,396000.0
266299,392000.0
266300,318000.0
266305,82000.0
266314,653000.0
266315,825000.0
266329,87000.0
266332,172000.0
266350,180000.0
266368,214000.0
266375,260000.0
266381,236000.0
266382,159000.0
266393,105000.0
266394,235000.0
266402,99000.0
266406,184000.0
266423,188000.0
266424,90000.0
266438,199000.0
266454,144000.0
266463,145000.0
266465,148000.0
266479,171000.0
266480,228000.0
266485,219000.0
266486,168000.0
266496,273000.0
266508,381000.0
266510,129000.0
266511,356000.0
266512,167000.0
266514,174000.0
266517,265000.0
266539,153000.0
266542,258000.0
266545,88000.0
266548,352000.0
266550,252000.0
266556,227000.0
266559,268000.0
266565,122000.0
266568,306000.0
266569,188000.0
266575,233000.0
266580,206000.0
266581,177000.0
266582,167000.0
266583,179000.0
266602,386000.0
266606,299000.0
266618,284000.0
266619,328000.0
266620,162000.0
266624,170000.0
266626,320000.0
266662,125000.0
266667,337000.0
266668,352000.0
266677,669000.0
266681,412000.0
266682,796000.0
266690,297000.0
266694,335000.0
266695,335000.0
266698,575000.0
266699,410000.0
266727,370000.0
266729,589000.0
266731,466000.0
266732,492000.0
266740,689000.0
266744,375000.0
266748,368000.0
266768,174000.0
266770,648000.0
266771,563000.0
266778,407000.0
266779,772000.0
266781,298000.0
266785,684000.0
266809,442000.0
266819,330000.0
266821,376000.0
266824,197000.0
266830,481000.0
266831,743000.0
266845,340000.0
266846,462000.0
266847,433000.0
266851,340000.0
266858,146000.0
266859,496000.0
266862,647000.0
266863,432000.0
266864,691000.0
266872,194000.0
266875,436000.0
266877,764000.0
266882,459000.0
266883,146000.0
266886,471000.0
266918,144000.0
266919,1003000.0
266920,292000.0
266953,542000.0
266954,452000.0
266955,517000.0
266957,386000.0
266965,684000.0
266966,462000.0
266969,211000.0
266984,364000.0
266989,1384000.0
266990,296000.0
267015,251000.0
267016,251000.0
267017,251000.0
267018,128000.0
267019,293000.0
267020,293000.0
267025,516000.0
267028,720000.0
267041,294000.0
267054,251000.0
267082,212000.0
267084,404000.0
267085,398000.0
267103,237000.0
267104,90000.0
267106,183000.0
267113,195000.0
267126,136000.0
267128,118000.0
267131,202000.0
267138,124000.0
267147,149000.0
267153,190000.0
267154,145000.0
267171,134000.0
267173,121000.0
267188,128000.0
267198,134000.0
267199,134000.0
267218,288000.0
267220,220000.0
267221,178000.0
267245,286000.0
267247,148000.0
267248,215000.0
267249,184000.0
267253,180000.0
267269,293000.0
267271,222000.0
267274,323000.0
267281,229000.0
267303,218000.0
267305,266000.0
267306,208000.0
267307,142000.0
267309,217000.0
267311,203000.0
267312,250000.0
267315,348000.0
267331,202000.0
267338,206000.0
267342,151000.0
267344,156000.0
267346,280000.0
267366,179000.0
267369,172000.0
267371,155000.0
267375,165000.0
267376,132000.0
267379,147000.0
267381,267000.0
267382,252000.0
267407,170000.0
267422,179000.0
267424,199000.0
267428,207000.0
267431,162000.0
267434,147000.0
267437,187000.0
267438,150000.0
267439,162000.0
267440,214000.0
267441,220000.0
267443,205000.0
267460,430000.0
267463,855000.0
267494,1100000.0
267510,308000.0
267515,382000.0
267520,360000.0
267522,567000.0
267523,647000.0
267524,442000.0
267544,260000.0
267546,266000.0
267551,483000.0
267553,548000.0
267563,234000.0
267584,565000.0
267585,482000.0
267587,395000.0
267598,332000.0
267602,225000.0
267614,480000.0
267617,848000.0
267619,1035000.0
267620,400000.0
267623,284000.0
267627,187000.0
267633,148000.0
267644,331000.0
267667,124000.0
267738,140000.0
267740,123000.0
267743,127000.0
267778,132000.0
267779,196000.0
267799,167000.0
267800,196000.0
267814,1191000.0
267816,143000.0
267833,175000.0
267834,125000.0
267836,125000.0
267847,131000.0
267858,284000.0
267891,378000.0
267896,577000.0
267899,138000.0
267900,115000.0
267902,547000.0
267908,622000.0
267924,339000.0
267933,147000.0
267936,628000.0
267939,259000.0
267941,435000.0
267942,334000.0
267967,123000.0
267970,151000.0
267980,123000.0
267990,157000.0
267992,334000.0
267994,410000.0
267995,79000.0
267999,173000.0
268003,435000.0
268020,210000.0
268033,204000.0
268041,142000.0
268056,165000.0
268067,232000.0
268070,79000.0
268071,541000.0
268121,267000.0
268144,236000.0
268145,558000.0
268147,147000.0
268149,159000.0
268150,147000.0
268157,189000.0
268159,350000.0
268161,655000.0
268175,223000.0
268189,222000.0
268208,169000.0
308905,179000.0
312310,823000.0
312331,461000.0
695165,720000.0
695166,230000.0
695170,335000.0
695176,329000.0
695178,261000.0
695181,231000.0
695183,453000.0
695185,161000.0
695196,283000.0
695203,222000.0
695205,210000.0
695207,228000.0
695236,372000.0
695238,201000.0
695252,184000.0
695257,270000.0
713635,336000.0
714108,165000.0
714284,199000.0
714645,522000.0
714753,560000.0
714863,994000.0
714924,496000.0
715132,179000.0
715405,212000.0
715433,717000.0
715694,375000.0
715746,155000.0
715898,232000.0
715902,266000.0
715996,655000.0
716065,329000.0
716097,1040000.0
716329,214000.0
716360,389000.0
716377,488000.0
716484,264000.0
716541,350000.0
716634,317000.0
716888,593000.0
717017,410000.0
717109,261000.0
717307,366000.0
717459,339000.0
717524,318000.0
717568,197000.0
717688,270000.0
717690,924000.0
717797,328000.0
717829,263000.0
717945,849000.0
717983,599000.0
718276,756000.0
718584,1154000.0
718617,210000.0
718717,305000.0
718867,389000.0
718943,537000.0
718997,408000.0
719116,186000.0
719132,438000.0
719287,242000.0
719579,620000.0
719846,197000.0
719893,285000.0
720041,296000.0
720088,302000.0
720180,300000.0
720249,107000.0
720261,334000.0
720293,316000.0
720364,238000.0
720455,399000.0
720564,194000.0
720679,269000.0
720725,143000.0
720817,286000.0
720854,325000.0
720920,132000.0
721130,217000.0
721266,188000.0
721531,164000.0
721844,151000.0
721882,498000.0
722050,163000.0
722151,198000.0
722225,939000.0
722264,276000.0
722516,480000.0
722520,210000.0
722594,299000.0
722649,165000.0
722769,147000.0
724397,291000.0
724457,263000.0
724486,321000.0
724488,662000.0
724574,454000.0
724620,526000.0
724674,289000.0
724767,761000.0
724786,447000.0
724908,544000.0
725124,266000.0
725211,298000.0
725280,182000.0
725364,334000.0
725393,306000.0
725425,230000.0
725455,228000.0
725547,409000.0
725814,230000.0
725829,216000.0
725999,904000.0
726088,286000.0
726214,298000.0
726348,247000.0
726542,326000.0
726620,217000.0
726910,326000.0
727068,498000.0
727229,141000.0
727458,406000.0
727699,364000.0
728077,99000.0
728089,375000.0
728272,307000.0
728553,584000.0
728592,202000.0
728640,311000.0
728663,197000.0
729105,197000.0
729267,197000.0
729622,257000.0
730128,152000.0
730298,158000.0
730619,163000.0
730712,362000.0
731061,182000.0
731131,214000.0
731142,503000.0
731240,217000.0
731527,157000.0
731655,299000.0
731841,308000.0
731925,184000.0
732382,197000.0
732568,225000.0
732810,297000.0
732969,199000.0
733029,396000.0
733077,813000.0
733091,500000.0
733208,179000.0
733226,218000.0
733230,275000.0
733238,259000.0
733347,357000.0
733542,316000.0
734153,129000.0
734154,261000.0
734176,489000.0
734212,370000.0
734217,329000.0
734258,393000.0
734334,393000.0
734397,503000.0
734666,160000.0
734674,301000.0
734675,321000.0
734724,568000.0
734919,313000.0
735058,390000.0
735319,349000.0
735691,292000.0
735730,546000.0
735875,271000.0
736019,161000.0
736274,178000.0
736752,315000.0
736842,168000.0
736845,824000.0
736880,319000.0
737208,270000.0
737501,360000.0
737652,432000.0
737722,968000.0
738039,339000.0
738057,338000.0
738082,440000.0
738665,266000.0
738841,300000.0
739007,178000.0
739075,177000.0
739255,524000.0
739492,282000.0
740378,539000.0
740535,87000.0
741340,402000.0
741408,170000.0
741684,245000.0
742269,318000.0
742430,328000.0
742608,570000.0
742744,243000.0
742791,209000.0
742826,248000.0
742881,195000.0
742899,188000.0
743231,255000.0
743527,690000.0
743534,283000.0
743562,178000.0
743664,328000.0
743926,622000.0
744027,343000.0
744337,302000.0
744508,207000.0
744690,179000.0
745006,189000.0
745047,179000.0
745193,253000.0
745245,182000.0
745515,239000.0
746017,345000.0
746053,145000.0
746265,788000.0
746355,788000.0
746375,173000.0
746382,331000.0
746483,180000.0
746772,148000.0
746949,244000.0
746954,215000.0
746984,143000.0
748310,323000.0
748476,177000.0
748712,418000.0
748736,196000.0
748773,203000.0
748803,361000.0
749336,245000.0
749657,191000.0
749755,299000.0
749845,140000.0
750054,412000.0
750136,218000.0
750580,403000.0
750771,545000.0
751301,190000.0
751365,250000.0
751450,625000.0
751496,806000.0
751560,701000.0
751799,371000.0
751846,127000.0
751847,181000.0
751897,332000.0
751958,261000.0
751960,278000.0
752204,176000.0
752309,659000.0
752365,169000.0
752608,237000.0
752648,195000.0
752691,363000.0
752814,211000.0
752877,198000.0
753069,228000.0
753118,162000.0
753224,492000.0
753227,219000.0
753248,148000.0
753391,273000.0
753482,205000.0
753516,379000.0
753532,284000.0
753563,136000.0
753651,998000.0
753842,188000.0
754089,209000.0
754090,176000.0
754125,290000.0
754506,293000.0
754620,170000.0
754630,280000.0
754802,200000.0
754861,260000.0
754927,285000.0
754936,532000.0
755034,223000.0
755072,161000.0
755075,136000.0
755879,211000.0
756141,355000.0
757137,584000.0
757268,301000.0
757525,311000.0
757552,217000.0
757671,205000.0
757699,168000.0
757723,280000.0
757778,202000.0
757807,309000.0
757810,330000.0
758073,213000.0
758157,137000.0
758385,576000.0
758409,139000.0
758503,192000.0
758531,212000.0
758589,193000.0
758722,162000.0
758785,300000.0
758793,223000.0
758855,348000.0
758943,285000.0
758961,243000.0
759020,230000.0
759066,209000.0
759073,220000.0
759076,266000.0
759330,232000.0
760184,338000.0
760381,594000.0
760382,594000.0
760545,551000.0
760920,250000.0
767749,204000.0
767766,265000.0
767960,218000.0
768051,217000.0
771578,212000.0
771667,475000.0
771785,199000.0
771860,153000.0
772094,171000.0
772238,232000.0
772563,318000.0
772956,217000.0
773061,344000.0
773111,237000.0
773288,215000.0
773498,609000.0
773599,287000.0
773705,195000.0
773905,105000.0
773965,456000.0
773973,238000.0
774075,328000.0
774236,154000.0
774296,416000.0
774423,240000.0
774558,381000.0
774559,356000.0
774858,178000.0
774859,248000.0
774860,210000.0
774861,240000.0
774863,227000.0
774864,209000.0
774865,358000.0
774866,217000.0
774870,310000.0
774874,152000.0
774908,334000.0
774914,253000.0
775168,278000.0
775205,254000.0
775210,467000.0
775320,309000.0
775438,219000.0
775442,209000.0
775443,194000.0
775444,184000.0
775445,219000.0
775447,206000.0
775448,171000.0
775554,242000.0
775555,160000.0
775586,317000.0
775612,312000.0
775729,141000.0
775785,154000.0
775911,217000.0
776126,153000.0
776220,725000.0
776281,243000.0
776537,604000.0
776718,213000.0
776786,208000.0
777092,487000.0
777265,220000.0
777365,462000.0
777442,215000.0
777610,575000.0
777612,175000.0
777763,235000.0
777818,334000.0
778020,224000.0
792324,466000.0
792630,163000.0
792713,119000.0
792725,251000.0
792887,300000.0
792939,720000.0
793005,163000.0
793008,310000.0
793066,246000.0
793127,323000.0
793161,207000.0
793409,193000.0
793475,251000.0
793537,439000.0
793642,224000.0
793661,240000.0
793768,308000.0
793977,781000.0
793978,272000.0
794009,529000.0
794521,159000.0
794522,229000.0
794646,161000.0
794657,224000.0
794681,349000.0
794957,333000.0
795043,139000.0
795214,172000.0
795458,206000.0
795504,372000.0
795614,197000.0
795689,298000.0
795690,324000.0
795749,360000.0
795780,319000.0
796046,454000.0
796093,149000.0
796230,425000.0
796239,507000.0
796407,883000.0
796414,314000.0
796526,207000.0
796611,197000.0
796612,192000.0
796693,200000.0
796941,260000.0
797000,320000.0
797301,360000.0
797320,291000.0
797501,271000.0
797556,350000.0
797602,226000.0
797607,226000.0
797650,226000.0
797759,705000.0
797840,304000.0
797920,152000.0
797955,105000.0
797986,171000.0
798122,381000.0
798154,521000.0
799016,176000.0
799634,258000.0
799788,562000.0
800114,253000.0
800138,310000.0
800424,111000.0
800449,652000.0
800510,555000.0
800532,260000.0
800541,228000.0
800609,268000.0
800668,245000.0
800744,400000.0
800866,251000.0
800903,479000.0
800916,350000.0
801752,288000.0
801804,260000.0
801847,513000.0
801858,190000.0
802128,408000.0
802258,205000.0
802295,251000.0
802341,290000.0
802386,748000.0
802424,185000.0
802445,196000.0
802668,277000.0
802700,208000.0
802704,330000.0
802728,509000.0
802910,201000.0
803292,446000.0
803311,94000.0
803329,173000.0
803374,363000.0
803536,444000.0
803639,405000.0
804024,231000.0
804212,554000.0
804231,254000.0
804291,520000.0
804531,132000.0
804598,226000.0
804627,154000.0
804631,141000.0
804637,444000.0
804655,212000.0
804744,227000.0
804766,182000.0
804807,130000.0
805014,749000.0
805098,687000.0
805194,421000.0
805373,540000.0
805394,264000.0
805486,187000.0
805500,545000.0
805630,196000.0
805757,265000.0
806068,547000.0
806144,143000.0
806361,203000.0
806422,313000.0
806448,336000.0
806622,226000.0
806748,187000.0
806977,521000.0
806994,622000.0
807158,180000.0
807182,219000.0
807185,229000.0
807247,143000.0
807280,346000.0
807366,208000.0
807797,198000.0
808029,314000.0
808116,285000.0
808193,716000.0
808317,233000.0
808398,174000.0
808402,329000.0
808665,230000.0
808694,135000.0
809040,250000.0
809598,259000.0
809658,163000.0
810178,151000.0
810217,331000.0
810247,210000.0
810250,169000.0
810315,400000.0
810593,796000.0
810694,192000.0
810750,194000.0
810752,407000.0
810823,488000.0
811013,737000.0
811014,875000.0
811029,538000.0
811033,333000.0
811079,177000.0
811149,567000.0
811154,194000.0
811318,241000.0
811572,443000.0
811752,227000.0
811825,165000.0
811863,442000.0
811890,189000.0
812013,173000.0
812020,191000.0
812190,175000.0
812277,299000.0
812281,430000.0
812496,568000.0
813366,246000.0
813513,223000.0
813541,169000.0
813723,661000.0
813854,363000.0
813900,1494000.0
813905,488000.0
813991,195000.0
814439,121000.0
814562,516000.0
814741,193000.0
814748,186000.0
814792,193000.0
814808,151000.0
814955,280000.0
815240,322000.0
815395,571000.0
815501,166000.0
815512,226000.0
815573,480000.0
815588,321000.0
815670,477000.0
815688,280000.0
815690,308000.0
815696,477000.0
815763,215000.0
815988,310000.0
816064,340000.0
816242,403000.0
816290,413000.0
816334,371000.0
816744,287000.0
816890,193000.0
816995,132000.0
816999,235000.0
817070,280000.0
817184,868000.0
817220,220000.0
817222,221000.0
817335,273000.0
817398,143000.0
817401,603000.0
817469,585000.0
817478,691000.0
817485,468000.0
849254,554000.0
849335,412000.0
849583,390000.0
849628,245000.0
849715,789000.0
849938,518000.0
850070,280000.0
850071,303000.0
850074,578000.0
850143,158000.0
850650,501000.0
850688,210000.0
850706,171000.0
851200,224000.0
851362,481000.0
851404,759000.0
851791,377000.0
851810,186000.0
851844,312000.0
851885,357000.0
851929,357000.0
852009,218000.0
852060,723000.0
852108,525000.0
852166,161000.0
852210,831000.0
852356,198000.0
852727,388000.0
852786,168000.0
852794,175000.0
852798,355000.0
852811,244000.0
852983,252000.0
853152,364000.0
853212,344000.0
853308,258000.0
853360,320000.0
853400,359000.0
853448,188000.0
853547,431000.0
853738,260000.0
853999,158000.0
854058,174000.0
854206,525000.0
854316,495000.0
854372,804000.0
854548,312000.0
854627,469000.0
854717,734000.0
854804,444000.0
854850,310000.0
855254,407000.0
855290,300000.0
855591,424000.0
855835,502000.0
856006,444000.0
856174,164000.0
856192,262000.0
856247,386000.0
856511,744000.0
856637,328000.0
856638,232000.0
856646,258000.0
856699,707000.0
856869,341000.0
856903,541000.0
857014,351000.0
857021,273000.0
857337,130000.0
857466,405000.0
857561,411000.0
857715,379000.0
857930,604000.0
857933,601000.0
857984,173000.0
858020,150000.0
858115,221000.0
858187,330000.0
858284,272000.0
858313,181000.0
858343,184000.0
858367,373000.0
858368,272000.0
858391,405000.0
858467,189000.0
858620,373000.0
858789,440000.0
858910,174000.0
858923,488000.0
858925,164000.0
859089,183000.0
859208,474000.0
859213,274000.0
859448,434000.0
859735,252000.0
859737,204000.0
859952,267000.0
860006,267000.0
860132,185000.0
860301,139000.0
860323,113000.0
860335,235000.0
860364,120000.0
860502,560000.0
860548,513000.0
860582,315000.0
860748,393000.0
860775,448000.0
860948,418000.0
861031,741000.0
861333,155000.0
861384,239000.0
861474,275000.0
861714,288000.0
861731,332000.0
861732,97000.0
861737,182000.0
861820,236000.0
861885,461000.0
862030,258000.0
862188,224000.0
862261,203000.0
862281,205000.0
862618,187000.0
862788,541000.0
862799,322000.0
862968,229000.0
862970,191000.0
862972,338000.0
863013,171000.0
863030,477000.0
863134,558000.0
863308,201000.0
863598,424000.0
863775,221000.0
863870,589000.0
863876,235000.0
863878,276000.0
863962,593000.0
864003,692000.0
864031,350000.0
864076,353000.0
864259,252000.0
864264,276000.0
864392,448000.0
864413,492000.0
864696,237000.0
864957,495000.0
864967,229000.0
865059,309000.0
865088,170000.0
865172,204000.0
865294,183000.0
865295,279000.0
865397,369000.0
865837,194000.0
865915,899000.0
865988,234000.0
866170,191000.0
866219,179000.0
866221,124000.0
866233,362000.0
866670,171000.0
866690,366000.0
866710,130000.0
866832,234000.0
866953,480000.0
867179,188000.0
867437,300000.0
867463,308000.0
867734,279000.0
867910,208000.0
868080,246000.0
868188,196000.0
868288,1253000.0
868374,318000.0
868833,266000.0
869107,180000.0
869128,165000.0
869129,196000.0
869138,298000.0
869231,383000.0
869299,727000.0
869366,366000.0
869499,235000.0
869632,244000.0
869658,176000.0
869693,418000.0
870083,260000.0
870420,302000.0
870666,163000.0
870737,321000.0
870738,281000.0
870742,325000.0
870773,158000.0
870921,315000.0
871140,283000.0
871143,252000.0
871239,455000.0
871264,144000.0
871783,500000.0
871887,269000.0
872186,166000.0
872351,360000.0
872453,617000.0
872615,350000.0
873114,242000.0
873126,234000.0
873173,305000.0
873306,162000.0
874035,368000.0
874087,221000.0
874106,1249000.0
874111,144000.0
874132,264000.0
874172,144000.0
874299,296000.0
874301,208000.0
874678,241000.0
875005,379000.0
875040,227000.0
875084,254000.0
875343,243000.0
875373,423000.0
875694,374000.0
875715,330000.0
875883,350000.0
875956,563000.0
876188,200000.0
876243,284000.0
876248,178000.0
876298,1022000.0
876348,240000.0
876525,445000.0
876573,226000.0
876658,186000.0
876802,154000.0
877045,251000.0
877057,202000.0
877061,174000.0
877082,215000.0
877159,585000.0
877356,311000.0
877405,331000.0
877586,254000.0
877678,198000.0
877695,804000.0
877858,129000.0
877986,359000.0
877992,413000.0
877993,296000.0
877999,198000.0
878136,221000.0
878160,311000.0
878162,249000.0
878163,158000.0
878164,451000.0
878185,284000.0
878259,112000.0
878329,245000.0
878421,710000.0
878447,299000.0
878983,290000.0
879011,378000.0
879025,307000.0
879202,703000.0
879262,371000.0
879410,165000.0
879445,211000.0
879490,459000.0
879704,239000.0
879837,147000.0
879874,316000.0
879899,265000.0
879907,402000.0
880010,195000.0
880022,494000.0
880054,157000.0
880204,304000.0
880277,192000.0
880443,226000.0
880473,223000.0
880481,555000.0
880488,555000.0
880535,497000.0
880552,471000.0
880554,471000.0
880659,197000.0
880698,279000.0
880710,498000.0
880760,249000.0
880910,542000.0
881195,396000.0
881204,695000.0
881269,176000.0
881271,302000.0
881536,286000.0
881648,208000.0
881673,701000.0
881944,467000.0
882063,545000.0
882221,216000.0
882324,232000.0
882337,480000.0
882438,256000.0
882778,245000.0
882904,237000.0
882962,282000.0
883438,124000.0
883576,279000.0
883600,227000.0
883704,169000.0
883831,257000.0
884093,211000.0
884099,189000.0
884231,127000.0
884499,404000.0
884561,557000.0
884563,557000.0
884654,112000.0
917473,238000.0
917675,435000.0
917724,947000.0
918021,553000.0
918033,266000.0
918035,520000.0
918495,482000.0
918508,667000.0
918559,162000.0
918632,460000.0
918906,470000.0
918909,211000.0
918921,375000.0
919282,773000.0
919294,641000.0
919346,285000.0
919348,613000.0
919349,478000.0
919389,566000.0
919475,217000.0
919477,234000.0
919478,158000.0
919577,342000.0
919708,295000.0
919726,135000.0
919736,287000.0
919757,207000.0
919778,411000.0
919891,165000.0
919997,272000.0
920012,372000.0
920013,176000.0
920137,402000.0
920258,451000.0
920314,395000.0
920322,569000.0
922004,271000.0
922014,145000.0
922214,205000.0
922244,313000.0
1024686,299000.0
1024698,480000.0
1024801,180000.0
1025018,303000.0
1025058,222000.0
1025061,225000.0
1025080,207000.0
1025173,167000.0
1025211,232000.0
1025298,340000.0
1025315,225000.0
1025346,208000.0
1025350,545000.0
1026050,398000.0
1026150,371000.0
1026439,160000.0
1026667,212000.0
1026670,323000.0
1026853,231000.0
1026857,380000.0
1027120,289000.0
1027152,180000.0
1027154,833000.0
1027285,335000.0
1027287,255000.0
1027289,262000.0
1027304,379000.0
1027312,260000.0
1027564,212000.0
1027908,225000.0
1028089,175000.0
1028529,288000.0
1028591,136000.0
1028658,191000.0
1028708,326000.0
1028749,591000.0
1028829,470000.0
1028874,298000.0
1029454,304000.0
1029472,738000.0
1029518,193000.0
1029744,208000.0
1029859,182000.0
1030059,305000.0
1030097,187000.0
1030101,147000.0
1030123,483000.0
1030203,335000.0
1030283,132000.0
1030444,584000.0
1030455,288000.0
1030459,155000.0
1030503,326000.0
1030736,121000.0
1030804,265000.0
1030937,503000.0
1031066,340000.0
1031181,280000.0
1031311,355000.0
1031478,226000.0
1031619,87000.0
1031690,357000.0
1031854,241000.0
1031858,326000.0
1031906,304000.0
1031920,195000.0
1031942,164000.0
1032259,356000.0
1032333,91000.0
1032385,177000.0
1032393,335000.0
1032599,147000.0
1032620,344000.0
1032637,331000.0
1032669,156000.0
1032731,328000.0
1032777,223000.0
1032887,156000.0
1032923,386000.0
1032932,524000.0
1033063,261000.0
1033091,232000.0
1033395,206000.0
1033445,156000.0
1033457,448000.0
1033533,185000.0
1033712,392000.0
1033894,241000.0
1033932,216000.0
1033937,582000.0
1033988,604000.0
1033989,604000.0
1034003,232000.0
1034012,125000.0
1034047,595000.0
1034062,100000.0
1034064,155000.0
1034065,173000.0
1034066,166000.0
1034068,264000.0
1034078,419000.0
1034088,231000.0
1034300,473000.0
1034363,242000.0
1034496,184000.0
1034605,271000.0
1034670,302000.0
1034716,340000.0
1034718,239000.0
1034778,902000.0
1034779,651000.0
1034803,241000.0
1034837,233000.0
1034944,271000.0
1035106,224000.0
1035111,248000.0
1035166,561000.0
1035490,420000.0
1035494,170000.0
1035524,201000.0
1035548,154000.0
1035564,188000.0
1035605,461000.0
1035785,263000.0
1035893,491000.0
1036037,384000.0
1036072,338000.0
1036103,358000.0
1036226,505000.0
1037508,329000.0
1037509,133000.0
1037613,916000.0
1037615,515000.0
1037616,1360000.0
1037617,753000.0
1037619,711000.0
1037699,246000.0
1037850,900000.0
1037908,337000.0
1038175,369000.0
1038180,249000.0
1038183,754000.0
1038322,629000.0
1038432,274000.0
1038447,141000.0
1038448,245000.0
1038494,196000.0
1038509,273000.0
1038512,215000.0
1038516,222000.0
1038517,255000.0
1038532,250000.0
1038541,322000.0
1038551,247000.0
1038600,185000.0
1038788,211000.0
1038956,383000.0
1038957,204000.0
1039041,145000.0
1039176,325000.0
1039208,167000.0
1039427,210000.0
1039430,292000.0
1039434,143000.0
1039449,242000.0
1039523,281000.0
1039795,279000.0
1039810,748000.0
1039879,334000.0
1040038,386000.0
1040077,777000.0
1040154,149000.0
1040155,179000.0
1040245,109000.0
1040616,173000.0
1040659,358000.0
1040829,166000.0
1040841,359000.0
1041077,180000.0
1041312,233000.0
1041324,163000.0
1041354,141000.0
1041377,119000.0
1041469,170000.0
1041480,289000.0
1041501,413000.0
1041515,316000.0
1041815,144000.0
1041945,344000.0
1041997,272000.0
1042010,500000.0
1042250,288000.0
1042254,328000.0
1042365,210000.0
1042421,350000.0
1042710,179000.0
1043106,255000.0
1043116,307000.0
1043117,198000.0
1043349,123000.0
1043369,325000.0
1043413,160000.0
1043475,261000.0
1043480,223000.0
1043482,388000.0
1043492,194000.0
1043501,217000.0
1043542,309000.0
1043603,186000.0
1043620,710000.0
1043688,232000.0
1043779,262000.0
1043799,307000.0
1043891,376000.0
1043892,373000.0
1043945,768000.0
1044186,204000.0
1044193,230000.0
1044204,256000.0
1044205,256000.0
1044215,512000.0
1044236,697000.0
1044277,503000.0
1044296,744000.0
1044297,915000.0
1044356,318000.0
1044456,149000.0
1044496,542000.0
1044569,276000.0
1044700,205000.0
1044742,240000.0
1044802,280000.0
1044803,270000.0
1044813,256000.0
1044832,176000.0
1044867,270000.0
1045016,288000.0
1045148,197000.0
1045209,303000.0
1045223,500000.0
1045320,239000.0
1045323,313000.0
1045414,230000.0
1045572,586000.0
1045573,475000.0
1045595,542000.0
1045679,235000.0
1045724,450000.0
1045725,450000.0
1045730,381000.0
1045799,270000.0
1045886,380000.0
1045930,947000.0
1045955,155000.0
1045981,269000.0
1046127,236000.0
1046209,210000.0
1046212,574000.0
1046225,387000.0
1046231,234000.0
1046257,380000.0
1046283,129000.0
1046328,201000.0
1046331,155000.0
1046356,165000.0
1046430,102000.0
1046462,218000.0
1046488,199000.0
1046498,283000.0
1046576,165000.0
1046593,580000.0
1046597,238000.0
1046633,309000.0
1046719,505000.0
1046832,161000.0
1046844,660000.0
1046861,175000.0
1046862,175000.0
1046875,206000.0
1046947,476000.0
1046952,334000.0
1046992,187000.0
1047083,175000.0
1047115,248000.0
1047118,446000.0
1047172,299000.0
1047190,250000.0
1047193,177000.0
1047257,169000.0
1047273,209000.0
1047480,275000.0
1047498,204000.0
1047543,724000.0
1047617,190000.0
1047712,193000.0
1047901,255000.0
1047986,297000.0
1048124,122000.0
1048181,200000.0
1048203,239000.0
1048241,146000.0
1048292,407000.0
1048310,247000.0
1048513,303000.0
1048631,159000.0
1049174,133000.0
1049242,745000.0
1049249,731000.0
1049252,191000.0
1049305,138000.0
1049306,168000.0
1049317,238000.0
1049322,549000.0
1049326,180000.0
1049334,500000.0
1049336,338000.0
1049377,191000.0
1049418,221000.0
1049447,157000.0
1049476,378000.0
1049480,451000.0
1049490,344000.0
1049498,171000.0
1049499,278000.0
1049504,326000.0
1049505,202000.0
1049521,156000.0
1049551,407000.0
1049557,224000.0
1049586,309000.0
1049673,255000.0
1049674,480000.0
1049684,315000.0
1049721,416000.0
1049728,289000.0
1049744,138000.0
1049769,349000.0
1049783,209000.0
1049881,478000.0
1049888,334000.0
1049902,719000.0
1049929,220000.0
1050083,442000.0
1050117,555000.0
1050132,359000.0
1050134,428000.0
1050140,167000.0
1050208,234000.0
1050240,240000.0
1050279,493000.0
1050338,145000.0
1050362,222000.0
1050433,455000.0
1050457,593000.0
1050501,598000.0
1050574,201000.0
1050594,444000.0
1050656,250000.0
1050862,396000.0
1050863,256000.0
1050909,404000.0
1050939,440000.0
1050946,220000.0
1050995,290000.0
1051015,124000.0
1051038,150000.0
1051097,422000.0
1051130,303000.0
1051148,638000.0
1051151,529000.0
1051239,396000.0
1051244,451000.0
1051288,222000.0
1051313,220000.0
1051314,213000.0
1051354,205000.0
1051440,155000.0
1051504,166000.0
1051585,147000.0
1051651,279000.0
1051887,238000.0
1051929,708000.0
1052048,225000.0
1052213,528000.0
1052363,151000.0
1052422,633000.0
1052438,265000.0
1052484,188000.0
1052505,443000.0
1052581,281000.0
1052622,159000.0
1052708,181000.0
1052827,308000.0
1052838,154000.0
1052871,877000.0
1052891,199000.0
1053088,182000.0
1053226,600000.0
1053352,604000.0
1053730,512000.0
1053935,190000.0
1054083,604000.0
1054093,253000.0
1054179,203000.0
1054262,170000.0
1054334,276000.0
1054358,130000.0
1054564,143000.0
1054624,266000.0
1054633,329000.0
1054796,266000.0
1054801,220000.0
1054937,695000.0
1054961,198000.0
1055035,207000.0
1055041,413000.0
1055092,332000.0
1055135,95000.0
1055232,555000.0
1055233,148000.0
1055361,572000.0
1055407,209000.0
1055408,257000.0
1055462,489000.0
1055471,302000.0
1055681,311000.0
1055727,588000.0
1055783,663000.0
1055884,352000.0
1055885,352000.0
1055936,146000.0
1055950,298000.0
1055976,281000.0
1056019,313000.0
1056287,227000.0
1056414,90000.0
1056599,347000.0
1056744,354000.0
1056825,193000.0
1056826,555000.0
1056908,326000.0
1056914,217000.0
1056944,373000.0
1057065,185000.0
1057090,328000.0
1057091,332000.0
1057148,225000.0
1057149,225000.0
1057150,225000.0
1057151,225000.0
1057152,225000.0
1057153,225000.0
1057234,311000.0
1057297,180000.0
1057375,220000.0
1057507,196000.0
1057887,323000.0
1057947,309000.0
1057950,165000.0
1057955,253000.0
1057965,284000.0
1058044,221000.0
1058078,242000.0
1058101,212000.0
1058176,461000.0
1058333,192000.0
1058334,236000.0
1058599,450000.0
1058796,326000.0
1058801,213000.0
1058802,515000.0
1058822,136000.0
1058928,168000.0
1058931,369000.0
1059002,219000.0
1059048,456000.0
1059114,907000.0
1059119,230000.0
1059129,274000.0
1059188,299000.0
1059376,182000.0
1059388,531000.0
1059539,316000.0
1059545,181000.0
1059547,159000.0
1059555,267000.0
1059586,265000.0
1059624,175000.0
1059665,232000.0
1059675,198000.0
1059677,181000.0
1059748,183000.0
1059846,744000.0
1059865,207000.0
1059892,197000.0
1059967,328000.0
1059984,344000.0
1059989,271000.0
1060018,198000.0
1060098,194000.0
1060175,232000.0
1060194,188000.0
1060278,648000.0
1060355,518000.0
1060363,449000.0
1060389,341000.0
1060551,245000.0
1060564,216000.0
1060584,183000.0
1060585,195000.0
1060754,291000.0
1060785,347000.0
1060795,395000.0
1060797,518000.0
1060800,220000.0
1060854,364000.0
1060907,137000.0
1060916,255000.0
1060943,193000.0
1060944,242000.0
1061025,289000.0
1061064,145000.0
1061103,545000.0
1061329,599000.0
1061352,400000.0
1061419,153000.0
1061472,308000.0
1061474,477000.0
1061489,280000.0
1061521,160000.0
1061613,197000.0
1061628,118000.0
1061716,494000.0
1061773,477000.0
1061906,239000.0
1061981,263000.0
1062059,263000.0
1062062,442000.0
1062154,223000.0
1062179,149000.0
1062215,118000.0
1062231,167000.0
1062234,356000.0
1062235,356000.0
1062237,131000.0
1150057,211000.0
1150061,290000.0
1150062,133000.0
1150302,338000.0
1150304,339000.0
1150307,237000.0
1150308,216000.0
1150312,252000.0
1150313,281000.0
1150315,374000.0
1150318,316000.0
1150709,497000.0
1150711,734000.0
1150714,417000.0
1150716,721000.0
1150721,430000.0
1150722,481000.0
1150723,617000.0
1150727,487000.0
1150729,817000.0
1150732,881000.0
1150733,530000.0
1150739,957000.0
1150741,794000.0
1150744,876000.0
1150751,705000.0
1158788,296000.0
1158790,579000.0
1158794,82000.0
1158798,577000.0
1158802,400000.0
1158803,400000.0
1158804,400000.0
1158972,213000.0
1158973,228000.0
1158979,342000.0
1158980,167000.0
1158982,209000.0
1159208,787000.0
1159224,315000.0
1159254,298000.0
1159717,164000.0
1159725,190000.0
1159755,353000.0
1159756,349000.0
1159757,186000.0
1159758,210000.0
1159760,154000.0
1159762,114000.0
1159764,143000.0
1160340,187000.0
1160342,227000.0
1160347,537000.0
1160348,174000.0
1160352,437000.0
1160353,299000.0
1160357,315000.0
1160368,900000.0
1160370,558000.0
1160372,661000.0
1160628,285000.0
1160633,354000.0
1160635,422000.0
1160642,706000.0
1160644,226000.0
1160646,275000.0
1160651,118000.0
1160652,167000.0
1160659,359000.0
1160663,342000.0
1160877,413000.0
1160879,408000.0
1160881,300000.0
1160884,551000.0
1160887,228000.0
1160891,561000.0
1160892,354000.0
1160893,382000.0
1160897,656000.0
1160900,538000.0
1160901,539000.0
1160903,497000.0
1160909,1534000.0
1160910,417000.0
1160913,518000.0
1160916,723000.0
1162333,240000.0
1162334,266000.0
1162374,598000.0
1162376,681000.0
1162380,444000.0
1162381,473000.0
1162382,220000.0
1162385,767000.0
1162386,601000.0
1162638,448000.0
1162639,343000.0
1162640,426000.0
1162641,500000.0
1162643,494000.0
1162707,426000.0
1162708,283000.0
1162764,350000.0
1162899,224000.0
1162918,298000.0
1162924,202000.0
1162925,300000.0
1162926,225000.0
1162927,257000.0
1163023,469000.0
1163027,212000.0
1163028,371000.0
1163039,264000.0
1163040,334000.0
1163042,340000.0
1163043,354000.0
1163044,288000.0
1163047,196000.0
1163050,305000.0
1163083,288000.0
1163086,385000.0
1163089,270000.0
1163090,475000.0
1163091,208000.0
1163092,239000.0
1163093,396000.0
1163095,509000.0
1163096,182000.0
1163264,356000.0
1163271,317000.0
1164020,302000.0
1164022,240000.0
1164028,219000.0
1164565,212000.0
1164567,418000.0
1164571,285000.0
1164576,284000.0
1164578,281000.0
1164580,260000.0
1164581,255000.0
1164582,424000.0
1164583,153000.0
1164617,549000.0
1164618,507000.0
1164622,166000.0
1164625,619000.0
1164627,615000.0
1164629,551000.0
1164911,543000.0
1164914,299000.0
1164916,272000.0
1164936,209000.0
1164938,299000.0
1164940,209000.0
1167361,476000.0
1167364,243000.0
1167369,412000.0
1167373,277000.0
1167374,338000.0
1167375,204000.0
1167383,670000.0
1167385,442000.0
1167387,239000.0
1167388,329000.0
1167392,146000.0
1167397,238000.0
1167398,143000.0
1167399,197000.0
1167401,272000.0
1167402,327000.0
1167403,166000.0
1167404,210000.0
1167405,238000.0
1167406,234000.0
1167407,211000.0
1167409,379000.0
1167410,212000.0
1167411,211000.0
1167412,195000.0
1167413,225000.0
1167414,216000.0
1167426,218000.0
1167429,255000.0
1167430,301000.0
1167431,188000.0
1167437,244000.0
1167439,458000.0
1171188,225000.0
1171191,160000.0
1171194,211000.0
1171195,272000.0
1171196,200000.0
1171200,232000.0
1171201,238000.0
1171203,176000.0
1171204,256000.0
1171205,234000.0
1171362,1157000.0
1171367,807000.0
1172945,202000.0
1172952,210000.0
1173341,421000.0
1173343,358000.0
1173347,221000.0
1173351,247000.0
1173353,247000.0
1173355,368000.0
1173356,215000.0
1173358,302000.0
1173362,230000.0
1173364,277000.0
1174252,699000.0
1174253,902000.0
1174258,731000.0
1174265,440000.0
1174280,928000.0
1174393,135000.0
1174395,219000.0
1174396,220000.0
1174397,189000.0
1174398,208000.0
1174400,343000.0
1174404,224000.0
1174405,172000.0
1174407,191000.0
1174456,160000.0
1174460,129000.0
1174462,272000.0
1174465,299000.0
1174466,209000.0
1174468,204000.0
1174469,249000.0
1174471,203000.0
1174472,250000.0
1174473,258000.0
1174475,223000.0
1174491,105000.0
1174496,221000.0
1174501,139000.0
1174592,186000.0
1174593,250000.0
1174595,166000.0
1174596,185000.0
1174598,185000.0
1174599,316000.0
1174602,353000.0
1174607,133000.0
1174608,151000.0
1174732,198000.0
1174738,200000.0
1174742,231000.0
1174743,185000.0
1174748,195000.0
1175538,120000.0
1175539,187000.0
1175543,257000.0
1175547,158000.0
1175548,144000.0
1175550,133000.0
1176289,751000.0
1176758,697000.0
1176759,441000.0
1176764,538000.0
1176772,373000.0
1177110,187000.0
1177116,146000.0
1177118,220000.0
1177121,248000.0
1177122,272000.0
1177125,168000.0
1177822,151000.0
1178019,232000.0
1178024,486000.0
1179391,703000.0
1179392,876000.0
1179393,867000.0
1179512,315000.0
1179513,171000.0
1179516,137000.0
1179517,133000.0
1179518,165000.0
1179526,286000.0
1179527,226000.0
1179540,272000.0
1179542,198000.0
1179543,312000.0
1179546,208000.0
1179548,440000.0
1179552,163000.0
1179554,156000.0
1179555,350000.0
1179557,356000.0
1179944,580000.0
1179948,419000.0
1179949,478000.0
1179952,428000.0
1179953,726000.0
1179955,422000.0
1180044,510000.0
1180046,208000.0
1180047,185000.0
1180048,157000.0
1180049,373000.0
1180050,301000.0
1180051,408000.0
1180053,443000.0
1180054,215000.0
1180056,293000.0
1180060,366000.0
1180070,634000.0
1180073,514000.0
1180078,300000.0
1180080,735000.0
1180241,163000.0
1180242,385000.0
1180243,180000.0
1180251,226000.0
1180253,253000.0
1180254,218000.0
1180255,262000.0
1180257,286000.0
1180452,248000.0
1180461,163000.0
1180464,284000.0
1180465,134000.0
1180466,93000.0
1180467,89000.0
1180469,133000.0
1180471,110000.0
1180472,192000.0
1180474,341000.0
1180479,201000.0
1180481,243000.0
1180482,256000.0
1180484,161000.0
1180485,250000.0
1180487,418000.0
1180619,164000.0
1180622,235000.0
1180628,297000.0
1180629,202000.0
1180630,237000.0
1180701,262000.0
1180702,270000.0
1180704,202000.0
1180707,293000.0
1180708,207000.0
1180711,211000.0
1180712,449000.0
1180716,253000.0
1180717,187000.0
1180732,316000.0
1180733,198000.0
1180734,304000.0
1180735,251000.0
1180738,228000.0
1180739,154000.0
1180741,202000.0
1180743,120000.0
1180744,264000.0
1180748,158000.0
1180749,201000.0
1180770,147000.0
1180771,232000.0
1180774,159000.0
1180777,158000.0
1180938,124000.0
1180945,583000.0
1180951,134000.0
1180954,101000.0
1180967,756000.0
1180976,792000.0
1180977,1010000.0
1181989,202000.0
1182023,203000.0
1182025,122000.0
1182026,521000.0
1182030,323000.0
1182033,579000.0
1182314,218000.0
1182315,365000.0
1182316,180000.0
1182317,261000.0
1182321,211000.0
1182322,208000.0
1182323,236000.0
1182628,254000.0
1182650,282000.0
1182652,299000.0
1182654,742000.0
1182655,676000.0
1182744,300000.0
1182745,299000.0
1182746,356000.0
1182748,181000.0
1182749,444000.0
1182754,509000.0
1182756,324000.0
1182757,219000.0
1183211,309000.0
1183213,289000.0
1183689,298000.0
1183690,325000.0
1183691,445000.0
1183692,533000.0
1184185,309000.0
1184271,145000.0
1184272,274000.0
1184678,240000.0
1184679,378000.0
1184680,391000.0
1184730,490000.0
1184731,642000.0
1184772,225000.0
1184775,338000.0
1184780,271000.0
1184783,365000.0
1184806,396000.0
1184809,326000.0
1184956,316000.0
1185123,349000.0
1185129,398000.0
1185141,516000.0
1185144,543000.0
1185145,583000.0
1185150,512000.0
1185316,400000.0
1185317,351000.0
1185326,165000.0
1185328,68000.0
1185330,149000.0
1185331,233000.0
1185722,98000.0
1185744,120000.0
1185746,249000.0
1185748,144000.0
1185818,91000.0
1185819,98000.0
1186256,288000.0
1186257,111000.0
1186258,110000.0
1186260,288000.0
1186261,292000.0
1186284,223000.0
1186288,446000.0
1186368,464000.0
1186370,320000.0
1186371,211000.0
1186373,381000.0
1186374,273000.0
1186376,294000.0
1186379,208000.0
1186380,177000.0
1186827,142000.0
1186830,463000.0
1186831,209000.0
1186832,197000.0
1186834,232000.0
1186835,166000.0
1186837,283000.0
1186840,267000.0
1187587,368000.0
1187625,183000.0
1187626,105000.0
1187628,369000.0
1187839,97000.0
1187840,168000.0
1187842,246000.0
1187843,229000.0
1187844,223000.0
1187851,310000.0
1187853,211000.0
1187854,280000.0
1188373,148000.0
1188428,670000.0
1188429,379000.0
1188430,355000.0
1188431,461000.0
1188439,382000.0
1188440,451000.0
1188442,465000.0
1188484,203000.0
1188485,189000.0
1188487,171000.0
1188488,171000.0
1188490,207000.0
1188493,190000.0
1188499,223000.0
1188519,255000.0
1188531,366000.0
1188535,169000.0
1188538,138000.0
1188539,209000.0
1188577,302000.0
1188578,748000.0
1188581,371000.0
1189583,188000.0
1189587,323000.0
1189590,382000.0
1189593,257000.0
1189594,293000.0
1189595,165000.0
1189596,311000.0
1189599,250000.0
1189600,261000.0
1189603,246000.0
1189605,313000.0
1189606,325000.0
1189610,279000.0
1189611,486000.0
1191966,187000.0
1191971,220000.0
1191972,279000.0
1192091,600000.0
1192096,766000.0
1192970,344000.0
1192973,498000.0
1193162,110000.0
1193163,802000.0
1193168,402000.0
1193169,249000.0
1193170,166000.0
1193171,204000.0
1193543,940000.0
1193676,421000.0
1193751,1041000.0
1193761,806000.0
1193775,1055000.0
1193777,792000.0
1193779,596000.0
1193782,571000.0
1193783,411000.0
1193836,203000.0
1193848,425000.0
1193849,358000.0
1193850,199000.0
1193855,338000.0
1193857,277000.0
1193859,241000.0
1193861,184000.0
1193862,241000.0
1193863,267000.0
1193864,211000.0
1193866,166000.0
1193915,154000.0
1193925,567000.0
1193927,400000.0
1193952,202000.0
1193953,260000.0
1193954,190000.0
1193955,268000.0
1193956,191000.0
1193957,222000.0
1194415,135000.0
1194922,900000.0
1194977,124000.0
1195222,435000.0
1195223,447000.0
1195224,445000.0
1195225,663000.0
1195425,458000.0
1195426,283000.0
1195432,475000.0
1195891,240000.0
1195892,171000.0
1195893,198000.0
1195900,83000.0
1195901,314000.0
1195903,165000.0
1196019,217000.0
1196842,207000.0
1196844,350000.0
1196847,283000.0
1196872,159000.0
1196892,419000.0
1196893,224000.0
1196894,267000.0
1196895,433000.0
1196904,360000.0
1196912,257000.0
1196913,331000.0
1196993,285000.0
1196994,307000.0
1196998,199000.0
1196999,301000.0
1197000,245000.0
1197002,228000.0
1197106,217000.0
1197107,284000.0
1197108,320000.0
1197166,479000.0
1197209,678000.0
1197214,323000.0
1197215,188000.0
1197216,259000.0
1197253,544000.0
1197256,255000.0
1197309,399000.0
1197311,674000.0
1197315,350000.0
1197316,246000.0
1197321,338000.0
1197322,253000.0
1197323,299000.0
1197324,183000.0
1197325,170000.0
1197326,179000.0
1197328,161000.0
1197329,543000.0
1197331,182000.0
1197345,264000.0
1197351,608000.0
1197462,182000.0
1197463,321000.0
1197465,140000.0
1197467,190000.0
1197469,133000.0
1197470,133000.0
1197502,316000.0
1197549,841000.0
1197570,340000.0
1197627,236000.0
1197672,582000.0
1197859,328000.0
1197860,328000.0
1197977,504000.0
1197978,150000.0
1198019,404000.0
1198021,564000.0
1198337,606000.0
1198358,683000.0
1198364,684000.0
1198365,356000.0
1198366,711000.0
1198367,374000.0
1198368,429000.0
1198369,212000.0
1198373,516000.0
1198446,344000.0
1198450,268000.0
1198451,344000.0
1198452,344000.0
1198453,224000.0
1198457,232000.0
1198621,322000.0
1198645,184000.0
1198649,480000.0
1198650,411000.0
1198664,262000.0
1198665,316000.0
1198669,264000.0
1198670,119000.0
1198671,145000.0
1198760,193000.0
1198766,394000.0
1198768,290000.0
1198771,335000.0
1198773,826000.0
715273,481000.0
717643,375000.0
720473,464000.0
722274,276000.0
722610,324000.0
722632,262000.0
724293,902000.0
724296,204000.0
724367,1051000.0
724383,299000.0
724402,1040000.0
724436,903000.0
724693,854000.0
725035,343000.0
726164,595000.0
728018,203000.0
728963,345000.0
730396,438000.0
730570,698000.0
732096,527000.0
732455,1415000.0
733749,510000.0
739805,695000.0
762985,301000.0
765024,506000.0
766318,232000.0
767291,250000.0
768075,911000.0
768187,913000.0
768450,310000.0
768818,728000.0
775095,733000.0
777984,401000.0
780334,516000.0
782037,1515000.0
783338,367000.0
788907,310000.0
791183,466000.0
791186,463000.0
800871,384000.0
805218,465000.0
808371,428000.0
810903,693000.0
813910,670000.0
814295,148000.0
816599,1449000.0
817980,329000.0
818854,771000.0
821034,465000.0
822425,143000.0
823206,678000.0
823722,736000.0
824962,172000.0
827620,1595000.0
829106,740000.0
829983,1435000.0
835034,234000.0
835905,537000.0
836853,532000.0
836965,1364000.0
837221,777000.0
837226,399000.0
837310,777000.0
837312,777000.0
837322,777000.0
837364,777000.0
837447,777000.0
837450,777000.0
837480,777000.0
837481,777000.0
837534,777000.0
837603,777000.0
837604,777000.0
837695,777000.0
837700,777000.0
838738,777000.0
838739,777000.0
838747,777000.0
839708,208000.0
839728,777000.0
839729,777000.0
839750,777000.0
839751,777000.0
839752,777000.0
839753,777000.0
839754,777000.0
839789,208000.0
839793,208000.0
839796,208000.0
840813,955000.0
843860,535000.0
844526,254000.0
844543,539000.0
844754,272000.0
846486,392000.0
847164,433000.0
848484,192000.0
936754,969000.0
937863,400000.0
937904,493000.0
938417,233000.0
938423,230000.0
938603,454000.0
938622,1192000.0
939544,152000.0
940696,129000.0
942465,149000.0
942737,1143000.0
943019,450000.0
943421,164000.0
945655,440000.0
947947,287000.0
949288,285000.0
952129,194000.0
952131,493000.0
952904,634000.0
953479,610000.0
954602,161000.0
954929,273000.0
955982,168000.0
958924,710000.0
959475,99000.0
960089,148000.0
960166,548000.0
961081,375000.0
961152,366000.0
961156,134000.0
963917,338000.0
963924,712000.0
963928,133000.0
964509,220000.0
965003,442000.0
967216,1065000.0
967710,413000.0
967711,574000.0
967715,1231000.0
968678,995000.0
969661,258000.0
970940,122000.0
971513,94000.0
972147,237000.0
972176,353000.0
972866,601000.0
974942,622000.0
974954,435000.0
976609,861000.0
978142,355000.0
978273,228000.0
978277,538000.0
978278,972000.0
978281,1272000.0
978860,220000.0
979110,246000.0
979112,271000.0
979516,200000.0
980337,925000.0
980476,246000.0
982006,977000.0
983877,305000.0
983878,403000.0
983879,403000.0
985387,750000.0
985462,951000.0
985808,308000.0
986398,510000.0
987620,193000.0
988304,820000.0
988676,1657000.0
989018,718000.0
995698,757000.0
995822,1304000.0
1002393,1286000.0
1003195,156000.0
1003292,571000.0
1003326,482000.0
1003655,544000.0
1003662,551000.0
1003847,493000.0
1006131,451000.0
1008419,845000.0
1008432,533000.0
1008509,1061000.0
1008929,139000.0
1009457,393000.0
1010167,112000.0
1010251,263000.0
1010311,287000.0
1011035,1359000.0
1011899,287000.0
1013203,610000.0
1013464,464000.0
1013942,620000.0
1014952,312000.0
1015519,668000.0
1018488,670000.0
1018565,191000.0
1018830,1353000.0
1019163,1353000.0
1019257,302000.0
1019258,337000.0
1022427,1698000.0
1023024,261000.0
1024198,1167000.0
1024386,195000.0
1024633,192000.0
1065813,635000.0
1066642,876000.0
1066903,197000.0
1068872,852000.0
1071707,624000.0
1072579,402000.0
1072606,357000.0
1073519,818000.0
1073733,394000.0
1074535,243000.0
1075895,602000.0
1076216,277000.0
1076517,182000.0
1076917,169000.0
1077573,592000.0
1078672,403000.0
1080081,210000.0
1080084,213000.0
1080177,248000.0
1080179,948000.0
1080180,503000.0
1080182,478000.0
1080646,126000.0
1081890,206000.0
1082838,244000.0
1082935,139000.0
1083177,121000.0
1083187,185000.0
1093683,568000.0
1094194,567000.0
1097426,203000.0
1098571,567000.0
1102741,557000.0
1102778,342000.0
1224860,1097000.0
1224861,438000.0
1224864,417000.0
1224865,176000.0
1224868,432000.0
1224877,881000.0
1229111,716000.0
1229116,831000.0
1229118,1495000.0
1235951,1295000.0
1235954,1210000.0
1236545,777000.0
1236554,132000.0
1236560,137000.0
1239168,357000.0
1239172,740000.0
1239175,1159000.0
1239178,1143000.0
1239179,593000.0
1239182,936000.0
1239184,1457000.0
1241221,240000.0
1241227,210000.0
1241228,129000.0
96029,123000.0
96056,449000.0
96065,569000.0
96072,102000.0
96079,213000.0
96099,200000.0
96100,200000.0
96136,72000.0
96137,72000.0
96138,72000.0
96140,132000.0
96142,218000.0
96143,100000.0
96193,164000.0
96202,224000.0
96206,324000.0
96207,201000.0
96224,126000.0
96225,126000.0
96227,132000.0
96302,916000.0
96318,349000.0
96339,122000.0
96369,244000.0
96417,128000.0
96432,80000.0
96464,78000.0
96467,203000.0
96471,175000.0
96476,152000.0
96477,289000.0
96481,87000.0
96486,105000.0
96487,132000.0
96515,355000.0
96547,188000.0
96571,343000.0
96574,115000.0
96593,273000.0
96606,148000.0
96648,121000.0
96654,116000.0
96656,408000.0
96661,691000.0
96662,412000.0
96664,112000.0
96668,408000.0
96669,412000.0
96672,408000.0
96678,353000.0
96679,416000.0
96683,547000.0
96713,611000.0
96715,108000.0
96735,82000.0
96742,114000.0
96750,108000.0
96751,103000.0
96758,104000.0
96760,134000.0
96762,102000.0
96765,77000.0
96771,103000.0
96772,77000.0
96782,106000.0
96790,133000.0
96791,342000.0
96816,173000.0
96819,320000.0
96821,99000.0
96838,211000.0
96862,412000.0
96863,424000.0
96869,88000.0
96875,451000.0
96876,871000.0
96896,184000.0
96897,390000.0
96937,245000.0
96946,96000.0
96952,152000.0
96957,151000.0
96986,192000.0
96988,328000.0
96990,586000.0
97005,893000.0
97065,1214000.0
97071,269000.0
97077,208000.0
97081,599000.0
97083,177000.0
97093,680000.0
97097,124000.0
97122,238000.0
97125,184000.0
97126,256000.0
97127,164000.0
97129,293000.0
97133,97000.0
97137,218000.0
97139,430000.0
97140,286000.0
97144,132000.0
97146,96000.0
97148,132000.0
97149,96000.0
97152,72000.0
97154,96000.0
97155,96000.0
97161,618000.0
97166,181000.0
97194,132000.0
97210,94000.0
97213,186000.0
97215,114000.0
97217,114000.0
97224,182000.0
97226,121000.0
97229,629000.0
97235,208000.0
97250,298000.0
97263,204000.0
97269,392000.0
97312,100000.0
97318,603000.0
97327,116000.0
97336,1200000.0
97447,254000.0
97449,103000.0
97467,194000.0
97482,135000.0
97495,182000.0
97527,593000.0
97531,163000.0
97533,97000.0
97545,153000.0
97550,866000.0
97555,647000.0
97562,123000.0
97564,119000.0
97565,119000.0
97566,182000.0
97573,83000.0
97575,120000.0
97578,331000.0
97579,342000.0
97580,331000.0
97582,217000.0
97583,344000.0
97584,219000.0
97585,249000.0
97586,249000.0
97589,199000.0
97590,130000.0
97677,128000.0
97680,194000.0
97681,162000.0
97686,194000.0
97687,149000.0
97690,186000.0
97692,181000.0
97696,162000.0
97698,186000.0
97699,181000.0
97701,356000.0
97704,115000.0
97707,116000.0
97729,149000.0
97807,202000.0
97808,166000.0
97858,100000.0
97859,196000.0
97861,198000.0
97879,224000.0
97881,202000.0
97885,116000.0
97888,202000.0
97897,204000.0
97907,230000.0
97911,840000.0
97914,116000.0
97927,150000.0
97943,146000.0
97949,115000.0
97967,120000.0
97988,142000.0
97989,118000.0
97990,134000.0
97991,118000.0
97993,134000.0
97996,102000.0
97997,104000.0
97998,146000.0
97999,108000.0
98001,127000.0
98014,391000.0
98016,343000.0
98036,301000.0
98054,417000.0
98063,105000.0
98082,615000.0
98083,243000.0
98085,326000.0
98086,204000.0
98087,786000.0
98090,125000.0
98095,470000.0
98103,148000.0
98108,293000.0
98119,296000.0
98149,271000.0
98164,1260000.0
98167,638000.0
98168,119000.0
98204,111000.0
98248,347000.0
98249,352000.0
98257,845000.0
98276,647000.0
98293,259000.0
98301,180000.0
98308,1026000.0
98357,441000.0
98358,155000.0
98366,141000.0
98394,254000.0
98400,114000.0
98403,878000.0
98412,248000.0
98413,616000.0
98433,481000.0
98450,202000.0
98451,186000.0
98452,131000.0
98455,161000.0
98462,212000.0
98475,212000.0
98499,220000.0
98525,854000.0
98526,172000.0
98528,168000.0
98531,251000.0
98544,106000.0
98553,155000.0
98573,286000.0
98582,219000.0
98584,217000.0
98585,219000.0
98589,111000.0
98593,219000.0
98596,174000.0
98648,186000.0
98652,186000.0
98653,366000.0
98654,108000.0
98656,150000.0
98710,147000.0
98754,170000.0
98770,223000.0
98780,282000.0
98781,147000.0
98782,148000.0
98789,208000.0
98804,371000.0
98822,170000.0
98823,85000.0
98828,182000.0
98842,199000.0
98843,139000.0
98846,93000.0
98862,90000.0
98863,86000.0
98869,130000.0
98870,246000.0
98874,241000.0
98876,136000.0
98878,120000.0
98883,290000.0
98895,289000.0
98899,305000.0
98900,305000.0
98901,305000.0
98902,305000.0
98905,152000.0
98929,174000.0
98948,391000.0
98979,83000.0
99010,255000.0
99022,143000.0
99035,187000.0
99043,72000.0
99044,72000.0
99048,72000.0
99051,167000.0
99087,603000.0
99098,248000.0
99102,317000.0
99104,294000.0
99105,103000.0
99114,70000.0
99148,147000.0
99163,122000.0
99168,288000.0
99198,162000.0
99200,86000.0
99205,312000.0
99273,148000.0
99277,419000.0
99292,153000.0
99293,148000.0
99298,154000.0
99300,223000.0
99304,110000.0
99305,163000.0
99316,111000.0
99319,140000.0
99341,121000.0
99344,275000.0
99356,518000.0
99360,164000.0
99361,98000.0
99389,261000.0
99399,1065000.0
99400,194000.0
99401,115000.0
99421,270000.0
99429,175000.0
99433,248000.0
99436,550000.0
99439,279000.0
99442,142000.0
99450,118000.0
99451,471000.0
99460,281000.0
99475,136000.0
99480,354000.0
99483,229000.0
99529,130000.0
99532,108000.0
99542,106000.0
99575,205000.0
99583,213000.0
99597,166000.0
99601,126000.0
99603,118000.0
99624,247000.0
99625,173000.0
99651,74000.0
99655,239000.0
99673,108000.0
99694,506000.0
99697,192000.0
99698,348000.0
99714,292000.0
99716,120000.0
99717,120000.0
99718,120000.0
99719,120000.0
99728,144000.0
99736,157000.0
99739,81000.0
99751,243000.0
99759,173000.0
99760,196000.0
99761,392000.0
99765,142000.0
99769,58000.0
99812,730000.0
99817,107000.0
99855,260000.0
99868,188000.0
99869,116000.0
99874,159000.0
99895,79000.0
99897,362000.0
99980,203000.0
99982,177000.0
99984,327000.0
99985,254000.0
99990,53000.0
99991,194000.0
100086,135000.0
100110,485000.0
100115,186000.0
100118,125000.0
100119,239000.0
100122,170000.0
100125,156000.0
100126,169000.0
100127,123000.0
100129,186000.0
100130,125000.0
100134,169000.0
100136,125000.0
100156,484000.0
100157,351000.0
100169,484000.0
100171,280000.0
100179,71000.0
100187,74000.0
100192,59000.0
100193,59000.0
100219,309000.0
100243,58000.0
100244,57000.0
100289,128000.0
100297,128000.0
100310,320000.0
100312,726000.0
100327,137000.0
100378,56000.0
100422,54000.0
100447,72000.0
100513,352000.0
100520,73000.0
100532,79000.0
100534,94000.0
100537,85000.0
100550,70000.0
100557,90000.0
100564,100000.0
100571,561000.0
100575,158000.0
100595,386000.0
100596,240000.0
100620,338000.0
100621,232000.0
100648,238000.0
100652,118000.0
100661,145000.0
100677,426000.0
100678,392000.0
100681,467000.0
100708,123000.0
100709,119000.0
100723,727000.0
100730,278000.0
100733,119000.0
100735,119000.0
100736,122000.0
100744,330000.0
100755,425000.0
100774,100000.0
100800,75000.0
100805,136000.0
100812,1107000.0
100813,1123000.0
100819,86000.0
100821,362000.0
100866,53000.0
100906,294000.0
100942,77000.0
100950,66000.0
101142,105000.0
101185,175000.0
101191,444000.0
101193,94000.0
101283,93000.0
101287,107000.0
101300,164000.0
101308,99000.0
101316,71000.0
101318,188000.0
101326,66000.0
101402,261000.0
101456,91000.0
101469,53000.0
101478,249000.0
101486,130000.0
101499,312000.0
101501,171000.0
101506,706000.0
101512,96000.0
101514,85000.0
101515,86000.0
101527,73000.0
101552,59000.0
101571,71000.0
101583,75000.0
101600,100000.0
101601,100000.0
101603,100000.0
101614,66000.0
101619,240000.0
101642,165000.0
101673,79000.0
101680,135000.0
101694,167000.0
101702,126000.0
101707,347000.0
101720,141000.0
101755,188000.0
101770,118000.0
101780,56000.0
101785,127000.0
101817,191000.0
101913,70000.0
101915,79000.0
101919,120000.0
101976,67000.0
101987,93000.0
102114,48000.0
102116,152000.0
102197,185000.0
102198,192000.0
102217,246000.0
102252,174000.0
102299,93000.0
102330,80000.0
102350,118000.0
102352,118000.0
102353,118000.0
102404,73000.0
102405,73000.0
102415,107000.0
102420,114000.0
102442,67000.0
102475,574000.0
102479,251000.0
102511,192000.0
102568,113000.0
102580,58000.0
102593,58000.0
102598,119000.0
102607,95000.0
102637,139000.0
102792,87000.0
102794,87000.0
102837,135000.0
102890,154000.0
102905,108000.0
102910,61000.0
102922,58000.0
102985,144000.0
103028,102000.0
103115,130000.0
103132,118000.0
103138,122000.0
103179,110000.0
103199,54000.0
103244,144000.0
103246,144000.0
103276,278000.0
103283,103000.0
103313,136000.0
103362,88000.0
103392,198000.0
103395,76000.0
103428,163000.0
103436,91000.0
103463,71000.0
103493,315000.0
103495,261000.0
103498,261000.0
103504,160000.0
103524,315000.0
103527,436000.0
103530,319000.0
103532,653000.0
103534,231000.0
103540,209000.0
103547,239000.0
103555,147000.0
103556,197000.0
103557,118000.0
103567,730000.0
103568,310000.0
103571,284000.0
103577,132000.0
103578,82000.0
103579,147000.0
103595,113000.0
103601,136000.0
103603,81000.0
103604,231000.0
103608,118000.0
103614,161000.0
103620,156000.0
103625,160000.0
103627,164000.0
103678,72000.0
103679,206000.0
103685,338000.0
103716,175000.0
103720,138000.0
103778,98000.0
103780,480000.0
103785,108000.0
103787,185000.0
103815,96000.0
103816,154000.0
103821,220000.0
103836,91000.0
103845,208000.0
103851,175000.0
103858,103000.0
103859,101000.0
103862,154000.0
103866,183000.0
103873,127000.0
103876,321000.0
103879,96000.0
103885,181000.0
103889,182000.0
103898,101000.0
103899,142000.0
103909,100000.0
103911,82000.0
103920,111000.0
103927,113000.0
103933,109000.0
103946,193000.0
103949,136000.0
103950,411000.0
103965,97000.0
103997,80000.0
104017,97000.0
104028,87000.0
104068,616000.0
104077,147000.0
104098,90000.0
104099,335000.0
104103,185000.0
104135,320000.0
104141,766000.0
104148,92000.0
104149,233000.0
104151,328000.0
104154,260000.0
104161,475000.0
104163,249000.0
104165,294000.0
104195,485000.0
104205,401000.0
104218,319000.0
104238,287000.0
104245,416000.0
104248,188000.0
104252,205000.0
104265,304000.0
104266,143000.0
104273,235000.0
104274,94000.0
104286,315000.0
104290,336000.0
104293,315000.0
104299,176000.0
104309,131000.0
104326,258000.0
104345,423000.0
104359,128000.0
104368,209000.0
104379,477000.0
104381,1455000.0
104403,111000.0
104414,184000.0
104417,530000.0
104419,107000.0
104431,260000.0
104439,210000.0
104445,268000.0
104447,94000.0
104451,113000.0
104454,208000.0
104456,154000.0
104465,159000.0
104473,152000.0
104489,114000.0
104492,142000.0
104513,949000.0
104517,270000.0
104519,75000.0
104523,107000.0
104524,106000.0
104526,77000.0
104533,102000.0
104538,199000.0
104539,196000.0
104545,162000.0
104561,197000.0
104598,279000.0
104599,279000.0
104611,117000.0
104613,105000.0
104623,85000.0
104627,328000.0
104628,234000.0
104629,332000.0
104630,331000.0
104640,400000.0
104641,337000.0
104642,280000.0
104665,148000.0
104804,294000.0
104847,401000.0
104861,164000.0
104862,147000.0
104863,171000.0
104896,90000.0
104899,118000.0
104901,161000.0
104906,132000.0
104922,241000.0
104924,206000.0
104925,334000.0
104930,100000.0
104935,90000.0
104936,97000.0
104964,125000.0
104965,104000.0
104970,110000.0
104973,111000.0
104975,67000.0
104979,155000.0
104995,152000.0
104996,111000.0
104998,92000.0
104999,92000.0
105000,92000.0
105024,105000.0
105029,184000.0
105037,160000.0
105038,657000.0
105039,385000.0
105049,238000.0
105057,132000.0
105061,65000.0
105065,71000.0
105076,77000.0
105091,100000.0
105116,149000.0
105136,125000.0
105143,260000.0
105151,436000.0
105160,178000.0
105162,268000.0
105170,157000.0
105172,151000.0
105179,493000.0
105184,286000.0
105185,759000.0
105197,201000.0
105202,1033000.0
105231,450000.0
105232,322000.0
105235,92000.0
105249,96000.0
105258,111000.0
105259,310000.0
105272,171000.0
105287,227000.0
105293,248000.0
105304,164000.0
105314,190000.0
105315,120000.0
105328,196000.0
105341,93000.0
105344,187000.0
105349,309000.0
105350,427000.0
105351,71000.0
105362,104000.0
105376,137000.0
105386,168000.0
105392,431000.0
105401,442000.0
105409,175000.0
105414,360000.0
105418,388000.0
105419,164000.0
105425,124000.0
105440,305000.0
105447,182000.0
105448,109000.0
105452,250000.0
105463,75000.0
105464,146000.0
105465,209000.0
105524,59000.0
105526,78000.0
105531,163000.0
105536,572000.0
105557,659000.0
105633,298000.0
105635,100000.0
105637,207000.0
105674,307000.0
105681,79000.0
105703,367000.0
105704,366000.0
105705,367000.0
105706,131000.0
105711,131000.0
105712,133000.0
105719,327000.0
105728,145000.0
105734,106000.0
105735,136000.0
105745,106000.0
105749,667000.0
105764,724000.0
105765,661000.0
105768,210000.0
105772,148000.0
105778,110000.0
105779,299000.0
105785,223000.0
105790,65000.0
105806,740000.0
105827,94000.0
105831,792000.0
105845,97000.0
105848,144000.0
105852,69000.0
105865,293000.0
105874,513000.0
105906,275000.0
105910,532000.0
105915,94000.0
105929,111000.0
105945,550000.0
105946,415000.0
105947,142000.0
105948,136000.0
105954,164000.0
105990,192000.0
106000,159000.0
106016,75000.0
106030,227000.0
106034,160000.0
106035,95000.0
106040,393000.0
106074,228000.0
106139,75000.0
106142,163000.0
106155,216000.0
106168,311000.0
106177,477000.0
106183,320000.0
106184,387000.0
106185,314000.0
106201,505000.0
106215,133000.0
106233,688000.0
106235,97000.0
106236,154000.0
106239,380000.0
106241,318000.0
106242,318000.0
106243,217000.0
106254,70000.0
106259,108000.0
106263,357000.0
106281,93000.0
106282,393000.0
106292,97000.0
106294,97000.0
106343,56000.0
106356,188000.0
106359,411000.0
106360,88000.0
106362,75000.0
106390,167000.0
106391,584000.0
106398,69000.0
106442,90000.0
106449,85000.0
106456,420000.0
106458,329000.0
106467,128000.0
106512,64000.0
106522,138000.0
106565,127000.0
106572,97000.0
106579,248000.0
106587,94000.0
106591,345000.0
106599,76000.0
106604,72000.0
106618,197000.0
106647,321000.0
106654,102000.0
106665,265000.0
106668,332000.0
106678,372000.0
106685,324000.0
106707,307000.0
106727,239000.0
106760,649000.0
106776,344000.0
106780,81000.0
106781,114000.0
106783,114000.0
106784,148000.0
106790,97000.0
106792,119000.0
106819,134000.0
106835,114000.0
106845,73000.0
106849,73000.0
106857,179000.0
106858,80000.0
106860,80000.0
106862,86000.0
106871,444000.0
106881,294000.0
106896,161000.0
106900,165000.0
106902,78000.0
106907,125000.0
106918,225000.0
106925,101000.0
106927,126000.0
106929,115000.0
106934,102000.0
106948,146000.0
106949,174000.0
106951,149000.0
106954,146000.0
106965,142000.0
106975,77000.0
106990,186000.0
106992,130000.0
107003,109000.0
107004,449000.0
107015,153000.0
107016,180000.0
107035,183000.0
107058,207000.0
107062,99000.0
107071,172000.0
107086,121000.0
107093,68000.0
107100,122000.0
107122,110000.0
107268,109000.0
107275,112000.0
107357,180000.0
107361,71000.0
107393,130000.0
107395,269000.0
107412,114000.0
107416,84000.0
107428,108000.0
107452,114000.0
107454,127000.0
107464,84000.0
107467,84000.0
107469,72000.0
107470,73000.0
107472,183000.0
107473,183000.0
107487,127000.0
107489,94000.0
107495,114000.0
107497,86000.0
107501,51000.0
107506,162000.0
107510,162000.0
107520,190000.0
107551,117000.0
107556,66000.0
107572,89000.0
107584,131000.0
107594,104000.0
107595,881000.0
107601,74000.0
107614,79000.0
107616,134000.0
107617,162000.0
107619,143000.0
107621,128000.0
107650,352000.0
107656,115000.0
107678,194000.0
107680,520000.0
107684,237000.0
107687,204000.0
107690,94000.0
107692,94000.0
107693,147000.0
107694,148000.0
107695,90000.0
107702,184000.0
107712,232000.0
107718,148000.0
107722,74000.0
107757,200000.0
107762,115000.0
107769,137000.0
107770,137000.0
107771,536000.0
107776,172000.0
107778,87000.0
107788,302000.0
107792,190000.0
107812,92000.0
107831,61000.0
107832,70000.0
107863,725000.0
107871,175000.0
107873,189000.0
107874,189000.0
107875,175000.0
107906,126000.0
107915,80000.0
107916,80000.0
107917,80000.0
107918,80000.0
107919,78000.0
107920,78000.0
107998,232000.0
108021,169000.0
108137,115000.0
108190,237000.0
108231,157000.0
108235,72000.0
108237,72000.0
108246,107000.0
108272,135000.0
108277,95000.0
108281,86000.0
108283,159000.0
108285,58000.0
108340,73000.0
108343,138000.0
108401,346000.0
108406,151000.0
108408,240000.0
108410,189000.0
108429,151000.0
108444,91000.0
108447,92000.0
108465,334000.0
108468,156000.0
108479,298000.0
108496,175000.0
108505,774000.0
108512,240000.0
108518,187000.0
108519,300000.0
108524,130000.0
108527,96000.0
108528,80000.0
108545,152000.0
108548,113000.0
108551,144000.0
108557,135000.0
108558,145000.0
108574,175000.0
108580,506000.0
108581,80000.0
108589,140000.0
108654,172000.0
108658,56000.0
108757,204000.0
108771,112000.0
108778,169000.0
108802,175000.0
108814,134000.0
108816,86000.0
108817,80000.0
108832,357000.0
108855,111000.0
108867,211000.0
108886,122000.0
108900,190000.0
108916,83000.0
108948,199000.0
108960,276000.0
108962,182000.0
108983,258000.0
108984,96000.0
108992,184000.0
108993,60000.0
109002,67000.0
109051,493000.0
109135,85000.0
109157,180000.0
109160,224000.0
109175,199000.0
109189,133000.0
109236,218000.0
109250,156000.0
109251,152000.0
109254,200000.0
109323,122000.0
109368,165000.0
109384,87000.0
109388,140000.0
109389,90000.0
109414,82000.0
109434,202000.0
109448,258000.0
109454,706000.0
109455,140000.0
109456,170000.0
109478,129000.0
109488,131000.0
109499,187000.0
109504,83000.0
109509,79000.0
109523,94000.0
109524,95000.0
109525,95000.0
109526,96000.0
109534,123000.0
109546,116000.0
109566,122000.0
109570,183000.0
109577,55000.0
109586,62000.0
109589,69000.0
109597,73000.0
109608,112000.0
109624,94000.0
109633,307000.0
109634,89000.0
109650,153000.0
109651,153000.0
109653,144000.0
109654,1062000.0
109656,120000.0
109658,97000.0
109659,326000.0
109661,345000.0
109667,282000.0
109672,79000.0
109673,212000.0
109674,282000.0
109675,282000.0
109690,282000.0
109698,85000.0
109703,170000.0
109710,123000.0
109711,132000.0
109724,123000.0
109729,125000.0
109736,122000.0
109777,172000.0
109778,103000.0
109779,242000.0
109780,114000.0
109781,138000.0
109794,116000.0
109860,127000.0
109861,91000.0
109867,251000.0
109868,256000.0
109876,115000.0
109891,182000.0
109896,129000.0
109903,126000.0
109905,224000.0
109915,223000.0
109925,103000.0
109959,263000.0
109962,116000.0
109985,113000.0
109986,130000.0
110001,133000.0
110013,185000.0
110024,89000.0
110041,106000.0
110055,203000.0
110056,203000.0
110060,708000.0
110065,157000.0
110079,145000.0
110092,124000.0
110099,162000.0
110108,178000.0
110121,754000.0
110130,133000.0
110132,280000.0
110135,191000.0
110136,346000.0
110137,191000.0
110138,301000.0
110139,122000.0
110148,136000.0
110150,98000.0
110158,172000.0
110160,232000.0
110161,219000.0
110180,134000.0
110223,326000.0
110226,103000.0
110236,258000.0
110248,282000.0
110295,118000.0
110319,148000.0
110327,89000.0
110330,111000.0
110335,310000.0
110345,179000.0
110348,237000.0
110349,237000.0
110351,95000.0
110355,178000.0
110365,171000.0
110380,146000.0
110387,154000.0
110392,156000.0
110393,152000.0
110403,141000.0
110452,260000.0
110462,129000.0
110538,151000.0
110626,244000.0
110628,157000.0
110631,154000.0
110642,193000.0
110672,140000.0
110695,115000.0
110698,81000.0
110716,115000.0
110725,100000.0
110733,202000.0
110742,163000.0
110743,208000.0
110747,129000.0
110758,173000.0
110769,213000.0
110780,247000.0
110790,96000.0
110791,96000.0
110792,338000.0
110795,95000.0
110796,107000.0
110797,76000.0
110798,88000.0
110803,146000.0
110807,140000.0
110817,94000.0
110824,87000.0
110854,781000.0
110872,404000.0
110875,136000.0
110883,137000.0
110902,136000.0
110903,139000.0
110912,89000.0
110914,266000.0
110923,106000.0
110934,581000.0
110938,100000.0
110939,92000.0
110945,133000.0
110948,172000.0
110949,164000.0
110964,123000.0
110980,103000.0
110983,68000.0
110992,254000.0
110993,691000.0
110999,280000.0
111000,264000.0
111001,264000.0
111003,264000.0
111005,346000.0
111008,280000.0
111009,122000.0
111014,123000.0
111018,98000.0
111023,107000.0
111031,146000.0
111035,105000.0
111054,97000.0
111059,186000.0
111079,114000.0
111113,587000.0
111114,674000.0
111117,219000.0
111118,219000.0
111119,219000.0
111120,282000.0
111122,282000.0
111123,212000.0
111124,282000.0
111125,282000.0
111127,212000.0
111129,213000.0
111143,232000.0
111147,282000.0
111148,282000.0
111166,184000.0
111167,113000.0
111168,120000.0
111191,130000.0
111196,107000.0
111197,82000.0
111199,98000.0
111208,943000.0
111216,117000.0
111252,216000.0
111255,101000.0
111319,144000.0
111384,255000.0
111386,213000.0
111388,225000.0
111389,221000.0
111394,203000.0
111395,241000.0
111435,173000.0
111446,75000.0
111457,115000.0
111459,100000.0
111463,90000.0
111477,395000.0
111496,99000.0
111506,105000.0
111507,133000.0
111510,95000.0
111512,177000.0
111523,146000.0
111530,151000.0
111531,185000.0
111534,333000.0
111538,94000.0
111554,345000.0
111573,201000.0
111590,347000.0
111598,138000.0
111608,747000.0
111611,131000.0
111621,200000.0
111628,219000.0
111629,109000.0
111633,191000.0
111636,196000.0
111637,122000.0
111658,105000.0
111665,162000.0
111697,231000.0
111703,133000.0
111774,109000.0
111775,119000.0
111820,153000.0
111839,77000.0
111846,140000.0
111850,213000.0
111856,234000.0
111860,112000.0
111865,61000.0
111883,112000.0
111884,226000.0
111885,112000.0
111894,95000.0
111915,300000.0
111924,657000.0
111939,174000.0
111954,98000.0
111965,134000.0
111970,187000.0
111976,118000.0
111987,144000.0
111988,123000.0
112051,182000.0
112063,113000.0
112068,399000.0
112075,192000.0
112157,283000.0
112162,99000.0
112163,99000.0
112227,100000.0
112230,204000.0
112247,513000.0
112271,145000.0
112297,77000.0
112315,90000.0
112335,233000.0
112353,374000.0
112355,679000.0
112367,111000.0
112375,184000.0
112378,184000.0
112388,178000.0
112412,291000.0
112424,159000.0
112431,128000.0
112465,374000.0
112466,335000.0
112474,151000.0
112486,113000.0
112510,119000.0
112511,123000.0
112512,149000.0
112657,87000.0
112663,119000.0
112673,126000.0
112680,137000.0
112681,141000.0
112694,244000.0
112696,121000.0
112713,136000.0
112716,217000.0
112718,217000.0
112720,193000.0
112726,113000.0
112744,277000.0
112748,167000.0
112755,171000.0
112757,333000.0
112780,130000.0
112793,227000.0
112796,109000.0
112816,121000.0
112822,148000.0
112823,156000.0
112825,156000.0
112828,205000.0
112851,580000.0
112872,149000.0
112874,137000.0
112921,120000.0
112925,172000.0
112926,294000.0
112928,172000.0
112929,172000.0
112930,172000.0
112933,152000.0
112938,119000.0
112960,291000.0
112963,291000.0
112970,178000.0
112974,197000.0
112986,227000.0
112987,227000.0
113022,207000.0
113037,114000.0
113109,205000.0
113113,146000.0
113114,146000.0
113163,212000.0
113169,121000.0
113181,250000.0
113206,215000.0
113207,137000.0
113230,213000.0
113231,522000.0
113246,195000.0
113248,218000.0
113313,145000.0
113314,310000.0
113315,309000.0
113320,147000.0
113322,180000.0
113323,268000.0
113326,180000.0
113329,160000.0
113465,109000.0
113468,287000.0
113478,128000.0
113488,344000.0
113491,388000.0
113503,204000.0
113552,155000.0
113568,118000.0
113608,277000.0
113613,154000.0
113616,157000.0
113617,157000.0
113630,127000.0
113644,127000.0
113645,95000.0
113657,126000.0
113662,115000.0
113668,226000.0
113703,272000.0
113704,174000.0
113706,117000.0
113711,240000.0
113750,122000.0
113752,161000.0
113762,128000.0
113804,156000.0
113809,535000.0
113813,176000.0
113831,139000.0
113871,221000.0
113884,178000.0
113888,130000.0
113890,359000.0
113909,214000.0
113922,148000.0
113950,146000.0
113957,179000.0
113995,142000.0
114001,198000.0
114002,289000.0
114007,100000.0
114030,123000.0
114031,180000.0
114139,226000.0
114172,217000.0
114187,344000.0
114200,86000.0
114204,127000.0
114217,209000.0
114242,138000.0
114253,256000.0
114266,93000.0
114276,156000.0
114334,265000.0
114335,267000.0
114336,265000.0
114337,254000.0
114377,235000.0
114379,122000.0
114396,156000.0
114401,232000.0
114405,108000.0
114407,120000.0
114431,172000.0
114432,172000.0
114440,379000.0
114449,158000.0
114454,291000.0
114458,137000.0
114461,145000.0
114468,580000.0
114560,188000.0
114619,132000.0
114634,207000.0
114649,86000.0
114650,219000.0
114658,190000.0
114661,975000.0
114676,183000.0
114684,189000.0
114688,204000.0
114690,73000.0
114698,379000.0
114702,151000.0
114711,255000.0
114717,140000.0
114721,292000.0
114728,157000.0
114732,70000.0
114736,405000.0
114748,164000.0
114764,203000.0
114780,265000.0
114781,253000.0
114790,190000.0
114804,140000.0
114809,522000.0
114812,85000.0
114816,227000.0
114839,190000.0
114847,131000.0
114884,240000.0
114886,147000.0
114887,138000.0
114893,85000.0
114904,217000.0
114941,97000.0
114950,242000.0
114969,106000.0
114993,271000.0
114997,94000.0
115004,554000.0
115020,97000.0
115025,465000.0
115027,384000.0
115078,196000.0
115080,196000.0
115081,196000.0
115082,196000.0
115085,196000.0
115086,196000.0
115087,196000.0
115088,196000.0
115093,96000.0
115098,346000.0
115099,248000.0
115100,373000.0
115178,82000.0
115179,81000.0
115181,71000.0
115243,102000.0
115261,63000.0
115279,149000.0
115316,97000.0
115318,92000.0
115360,108000.0
115394,55000.0
115403,144000.0
115408,178000.0
115412,65000.0
115417,108000.0
115418,121000.0
115422,108000.0
115479,419000.0
115480,554000.0
115481,419000.0
115482,419000.0
115483,419000.0
115485,595000.0
115488,419000.0
115505,137000.0
115506,192000.0
115507,89000.0
115508,168000.0
115509,192000.0
115510,89000.0
115511,89000.0
115512,89000.0
115514,89000.0
115515,135000.0
115516,135000.0
115517,135000.0
115528,256000.0
115536,145000.0
115537,166000.0
115538,166000.0
115539,166000.0
115541,135000.0
115542,194000.0
115543,99000.0
115544,135000.0
115545,194000.0
115548,88000.0
115551,95000.0
115552,99000.0
115553,67000.0
115554,79000.0
115555,60000.0
115559,516000.0
115597,254000.0
115598,360000.0
115642,69000.0
115652,214000.0
115780,290000.0
115818,105000.0
115896,149000.0
115898,148000.0
115900,148000.0
115902,148000.0
115910,119000.0
115927,50000.0
115980,313000.0
115983,61000.0
116008,80000.0
116056,243000.0
116064,85000.0
116065,85000.0
116066,102000.0
116067,92000.0
116068,85000.0
116069,85000.0
116071,99000.0
116072,99000.0
116094,222000.0
116099,79000.0
116105,102000.0
116152,419000.0
116154,419000.0
116173,101000.0
116174,192000.0
116175,137000.0
116176,192000.0
116178,101000.0
116179,89000.0
116189,135000.0
116190,135000.0
116196,217000.0
116197,216000.0
116198,143000.0
116199,228000.0
116205,547000.0
116269,141000.0
116350,289000.0
116434,107000.0
116435,50000.0
116446,73000.0
116471,135000.0
116501,84000.0
116506,102000.0
116507,85000.0
116508,97000.0
116509,102000.0
116547,78000.0
116562,280000.0
116581,346000.0
116634,73000.0
116635,73000.0
116661,86000.0
116675,158000.0
116690,149000.0
116706,50000.0
116787,52000.0
116890,52000.0
116909,53000.0
116920,146000.0
116926,145000.0
116932,121000.0
116934,110000.0
116937,170000.0
116940,117000.0
116941,170000.0
116942,117000.0
116944,170000.0
116945,204000.0
116947,90000.0
116948,90000.0
116950,100000.0
116957,176000.0
116958,175000.0
116959,176000.0
116960,160000.0
116981,202000.0
116988,162000.0
116992,116000.0
117046,162000.0
117055,121000.0
117076,82000.0
117077,82000.0
117078,82000.0
117093,129000.0
117127,121000.0
117128,121000.0
117137,119000.0
117140,152000.0
117145,184000.0
117174,106000.0
117188,100000.0
117201,157000.0
117212,141000.0
117216,201000.0
117220,121000.0
117222,121000.0
117224,121000.0
117225,121000.0
117226,121000.0
117227,128000.0
117232,121000.0
117236,109000.0
117238,143000.0
117239,73000.0
117245,323000.0
117246,159000.0
117247,145000.0
117253,145000.0
117263,90000.0
117265,187000.0
117272,94000.0
117275,76000.0
117278,223000.0
117288,145000.0
117290,184000.0
117313,131000.0
117317,196000.0
117318,314000.0
117325,103000.0
117326,103000.0
117328,285000.0
117331,182000.0
117333,111000.0
117335,111000.0
117345,273000.0
117346,273000.0
117349,141000.0
117359,132000.0
117365,121000.0
117374,138000.0
117416,80000.0
117511,99000.0
117513,121000.0
117514,98000.0
117589,98000.0
117619,121000.0
117632,122000.0
117680,121000.0
117682,121000.0
117688,94000.0
117714,131000.0
117716,132000.0
117718,121000.0
117719,132000.0
117746,131000.0
117750,80000.0
117752,106000.0
117759,89000.0
117772,168000.0
117777,141000.0
117785,137000.0
117788,152000.0
117796,86000.0
117797,74000.0
117803,89000.0
117808,117000.0
117810,118000.0
117821,279000.0
117846,193000.0
117847,145000.0
117848,187000.0
117849,145000.0
117850,145000.0
117851,145000.0
117853,52000.0
117875,104000.0
117888,136000.0
117900,98000.0
117903,296000.0
117906,140000.0
117917,86000.0
117918,170000.0
117919,170000.0
117925,182000.0
117927,119000.0
117931,120000.0
117935,262000.0
117945,175000.0
117953,106000.0
117956,122000.0
117964,103000.0
117965,103000.0
117966,103000.0
117967,103000.0
117968,103000.0
117969,103000.0
117970,103000.0
117974,103000.0
117984,165000.0
117999,489000.0
118001,149000.0
118006,79000.0
118010,421000.0
118020,138000.0
118023,154000.0
118027,106000.0
118030,69000.0
118048,88000.0
118049,65000.0
118056,100000.0
118060,141000.0
118061,121000.0
118062,63000.0
118067,99000.0
118091,121000.0
118094,121000.0
118095,128000.0
118096,121000.0
118097,121000.0
118098,121000.0
118099,128000.0
118100,121000.0
118101,121000.0
118104,109000.0
118109,164000.0
118116,86000.0
118118,124000.0
118125,163000.0
118126,145000.0
118130,143000.0
118132,175000.0
118133,206000.0
118141,209000.0
118148,90000.0
118149,90000.0
118151,128000.0
118157,138000.0
118163,105000.0
118165,199000.0
118168,178000.0
118169,202000.0
118170,175000.0
118178,131000.0
118180,140000.0
118182,126000.0
118186,73000.0
118192,254000.0
118196,128000.0
118198,120000.0
118209,118000.0
118218,95000.0
118229,110000.0
118230,105000.0
118244,151000.0
118250,131000.0
118255,175000.0
118316,78000.0
118319,86000.0
118320,65000.0
118323,430000.0
118437,78000.0
118449,220000.0
118461,84000.0
118491,82000.0
118511,80000.0
118533,124000.0
118555,100000.0
118562,121000.0
118575,163000.0
118578,88000.0
118589,103000.0
118590,140000.0
118612,103000.0
118617,128000.0
118627,421000.0
118637,102000.0
118646,156000.0
118647,141000.0
118650,308000.0
118659,101000.0
118668,164000.0
118669,98000.0
118701,133000.0
118704,193000.0
118826,82000.0
118866,108000.0
118867,88000.0
118869,86000.0
118870,74000.0
118871,74000.0
118872,74000.0
118881,66000.0
118893,177000.0
118894,131000.0
118897,176000.0
118899,131000.0
118908,98000.0
118923,183000.0
118944,125000.0
118965,183000.0
118987,133000.0
119087,77000.0
119092,134000.0
119098,162000.0
119099,269000.0
119143,203000.0
119180,213000.0
119190,204000.0
119207,190000.0
119217,202000.0
119236,114000.0
119246,146000.0
119247,139000.0
119248,129000.0
119251,131000.0
119252,131000.0
119255,234000.0
119259,274000.0
119262,180000.0
119264,392000.0
119275,144000.0
119284,468000.0
119285,468000.0
119291,151000.0
119294,88000.0
119305,143000.0
119306,247000.0
119311,123000.0
119326,220000.0
119328,447000.0
119334,103000.0
119338,95000.0
119341,457000.0
119343,107000.0
119345,88000.0
119346,88000.0
119348,113000.0
119351,125000.0
119374,288000.0
119389,230000.0
119397,378000.0
119398,488000.0
119401,270000.0
119402,153000.0
119403,268000.0
119406,160000.0
119446,145000.0
119505,389000.0
119514,195000.0
119515,318000.0
119516,126000.0
119529,186000.0
119549,481000.0
119561,128000.0
119562,386000.0
119567,172000.0
119572,237000.0
119573,87000.0
119574,88000.0
119575,114000.0
119590,88000.0
119591,127000.0
119605,145000.0
119606,145000.0
119608,399000.0
119609,193000.0
119611,399000.0
119613,877000.0
119621,99000.0
119637,232000.0
119641,137000.0
119647,144000.0
119648,137000.0
119649,310000.0
119650,136000.0
119656,228000.0
119657,246000.0
119658,467000.0
119673,300000.0
119676,88000.0
119680,115000.0
119683,95000.0
119685,149000.0
119703,100000.0
119709,392000.0
119712,100000.0
119724,139000.0
119731,197000.0
119733,197000.0
119735,197000.0
119748,247000.0
119750,201000.0
119754,224000.0
119759,100000.0
119765,310000.0
119768,112000.0
119770,122000.0
119771,122000.0
119792,102000.0
119794,102000.0
119796,102000.0
119798,417000.0
119804,102000.0
119809,101000.0
119811,267000.0
119813,288000.0
119821,223000.0
119824,191000.0
119825,188000.0
119826,188000.0
119830,191000.0
119831,188000.0
119832,312000.0
119833,101000.0
119834,94000.0
119835,97000.0
119842,125000.0
119847,145000.0
119848,119000.0
119857,188000.0
119871,80000.0
119872,80000.0
119873,77000.0
119876,112000.0
119884,261000.0
119931,160000.0
119932,153000.0
119933,250000.0
119934,160000.0
119937,248000.0
119938,153000.0
119939,137000.0
119944,152000.0
120014,74000.0
120072,97000.0
120077,160000.0
120105,192000.0
120107,154000.0
120111,163000.0
120124,132000.0
120132,81000.0
120133,306000.0
120141,135000.0
120165,101000.0
120166,102000.0
120169,153000.0
120176,188000.0
120177,196000.0
120180,393000.0
120181,392000.0
120193,122000.0
120194,233000.0
120196,155000.0
120205,142000.0
120206,321000.0
120207,127000.0
120208,125000.0
120218,140000.0
120223,541000.0
120231,124000.0
120261,424000.0
120262,260000.0
120263,160000.0
120269,74000.0
120273,166000.0
120279,184000.0
120295,107000.0
120298,127000.0
120302,247000.0
120304,212000.0
120305,237000.0
120306,208000.0
120311,219000.0
120312,219000.0
120314,127000.0
120320,132000.0
120326,196000.0
120327,166000.0
120337,115000.0
120338,115000.0
120339,115000.0
120348,195000.0
120349,195000.0
120350,205000.0
120363,79000.0
120365,112000.0
120371,132000.0
120372,125000.0
120378,131000.0
120381,137000.0
120383,85000.0
120385,69000.0
120414,328000.0
120415,308000.0
120417,87000.0
120419,161000.0
120421,87000.0
120499,104000.0
120500,82000.0
120501,198000.0
120515,149000.0
120516,137000.0
120545,237000.0
120548,61000.0
120561,192000.0
120562,120000.0
120564,109000.0
120569,80000.0
120590,545000.0
120591,387000.0
120592,234000.0
120593,79000.0
120596,287000.0
120597,94000.0
120608,135000.0
120609,127000.0
120614,244000.0
120615,138000.0
120616,136000.0
120629,956000.0
120642,240000.0
120643,87000.0
120646,291000.0
120672,498000.0
120675,182000.0
120676,75000.0
120678,80000.0
120687,443000.0
120688,449000.0
120689,443000.0
120691,423000.0
120692,423000.0
120702,70000.0
120715,222000.0
120720,219000.0
120735,125000.0
120743,148000.0
120744,79000.0
120745,88000.0
120749,222000.0
120756,80000.0
120769,87000.0
120803,93000.0
120810,76000.0
120822,88000.0
120832,192000.0
120833,192000.0
120844,137000.0
120851,74000.0
120886,90000.0
120887,89000.0
120895,183000.0
120903,131000.0
120905,170000.0
120906,170000.0
120910,87000.0
120916,269000.0
120918,443000.0
120920,443000.0
120922,423000.0
120924,423000.0
120925,423000.0
120926,423000.0
120960,95000.0
120970,75000.0
120976,155000.0
121014,130000.0
121019,347000.0
121021,112000.0
121025,146000.0
121030,526000.0
121038,154000.0
121041,136000.0
121042,151000.0
121043,284000.0
121045,151000.0
121046,160000.0
121047,284000.0
121048,230000.0
121049,417000.0
121050,153000.0
121051,153000.0
121061,272000.0
121062,100000.0
121064,100000.0
121068,525000.0
121070,525000.0
121085,100000.0
121097,124000.0
121150,135000.0
121158,143000.0
121159,330000.0
121169,127000.0
121172,92000.0
121187,270000.0
121189,170000.0
121192,1128000.0
121193,1129000.0
121195,121000.0
121204,114000.0
121208,253000.0
121210,183000.0
121219,242000.0
121224,180000.0
121235,251000.0
121236,251000.0
121238,153000.0
121239,251000.0
121240,230000.0
121241,151000.0
121242,251000.0
121243,160000.0
121244,116000.0
121246,121000.0
121249,141000.0
121251,221000.0
121256,169000.0
121257,171000.0
121258,171000.0
121264,245000.0
121265,180000.0
121270,130000.0
121274,140000.0
121280,204000.0
121282,96000.0
121283,123000.0
121286,123000.0
121295,131000.0
121296,127000.0
121299,116000.0
121300,136000.0
121301,260000.0
121307,106000.0
121308,92000.0
121311,131000.0
121315,198000.0
121320,138000.0
121321,187000.0
121323,141000.0
121324,141000.0
121331,177000.0
121333,141000.0
121335,141000.0
121337,270000.0
121338,103000.0
121339,270000.0
121343,142000.0
121346,199000.0
121347,236000.0
121348,236000.0
121350,236000.0
121351,303000.0
121352,238000.0
121364,525000.0
121365,525000.0
121373,262000.0
121375,150000.0
121376,122000.0
121377,250000.0
121385,198000.0
121397,114000.0
121400,141000.0
121402,100000.0
121408,100000.0
121444,109000.0
121452,91000.0
121455,220000.0
121538,277000.0
121544,114000.0
121597,134000.0
121647,117000.0
121688,179000.0
121697,133000.0
121707,272000.0
121708,272000.0
121710,198000.0
121716,251000.0
121723,553000.0
121739,106000.0
121742,217000.0
121746,230000.0
121751,113000.0
121756,121000.0
121757,87000.0
121765,122000.0
121766,122000.0
121767,112000.0
121771,104000.0
121777,141000.0
121781,249000.0
121787,92000.0
121788,124000.0
121793,274000.0
121802,172000.0
121807,193000.0
121822,151000.0
121824,266000.0
121825,147000.0
121826,85000.0
121829,373000.0
121843,99000.0
121847,117000.0
121848,116000.0
121849,140000.0
121850,110000.0
121854,166000.0
121857,118000.0
121868,118000.0
121878,134000.0
121884,302000.0
121892,96000.0
121899,207000.0
121900,130000.0
121901,83000.0
121909,83000.0
121923,102000.0
121927,114000.0
121930,108000.0
121932,123000.0
121935,108000.0
121941,120000.0
121944,180000.0
121948,227000.0
121954,294000.0
121964,89000.0
121966,201000.0
121970,240000.0
121984,272000.0
121993,129000.0
122033,97000.0
122036,191000.0
122044,134000.0
122165,228000.0
122166,137000.0
122167,208000.0
122168,147000.0
122169,147000.0
122195,146000.0
122197,156000.0
122214,123000.0
122219,236000.0
122225,113000.0
122241,207000.0
122249,133000.0
122262,177000.0
122277,146000.0
122282,122000.0
122294,158000.0
122299,191000.0
122302,137000.0
122311,177000.0
122313,156000.0
122315,301000.0
122318,131000.0
122321,114000.0
122322,98000.0
122323,211000.0
122330,1202000.0
122331,1134000.0
122332,754000.0
122333,754000.0
122337,127000.0
122340,122000.0
122347,88000.0
122350,190000.0
122351,86000.0
122362,199000.0
122370,171000.0
122371,167000.0
122373,115000.0
122377,99000.0
122382,141000.0
122398,181000.0
122404,111000.0
122405,264000.0
122410,114000.0
122411,165000.0
122412,127000.0
122434,128000.0
122442,228000.0
122454,251000.0
122458,251000.0
122459,251000.0
122467,194000.0
122472,260000.0
122474,242000.0
122475,123000.0
122500,123000.0
122559,114000.0
122560,218000.0
122561,152000.0
122586,90000.0
122599,213000.0
122602,93000.0
122614,82000.0
122616,138000.0
122622,178000.0
122637,121000.0
122644,112000.0
122647,228000.0
122665,123000.0
122667,137000.0
122669,166000.0
122687,292000.0
122695,166000.0
122699,299000.0
122701,233000.0
122703,125000.0
122744,515000.0
122752,142000.0
122762,387000.0
122768,170000.0
122783,204000.0
122784,124000.0
122787,197000.0
122788,207000.0
122792,91000.0
122881,251000.0
122882,77000.0
122900,89000.0
122901,80000.0
122902,89000.0
122903,82000.0
122904,84000.0
122909,136000.0
122927,107000.0
122928,107000.0
122929,107000.0
122932,138000.0
122934,231000.0
122935,133000.0
122947,110000.0
122969,70000.0
122987,314000.0
123070,266000.0
123079,307000.0
123083,291000.0
123092,82000.0
123093,70000.0
123094,71000.0
123095,72000.0
123129,70000.0
123153,241000.0
123165,464000.0
123176,136000.0
123196,89000.0
123248,109000.0
123310,107000.0
123311,110000.0
123312,110000.0
123323,207000.0
123325,207000.0
123326,206000.0
123327,211000.0
123328,207000.0
123331,178000.0
123335,110000.0
123338,127000.0
123400,82000.0
123480,107000.0
123558,73000.0
123572,142000.0
123576,73000.0
123579,196000.0
123580,196000.0
123588,91000.0
123592,91000.0
123595,192000.0
123605,104000.0
123612,250000.0
123620,80000.0
123623,88000.0
123624,92000.0
123657,139000.0
123658,139000.0
123686,72000.0
123734,179000.0
123749,422000.0
123759,193000.0
123760,86000.0
123767,107000.0
123768,107000.0
123808,296000.0
123815,125000.0
123825,172000.0
123835,334000.0
123868,110000.0
123869,110000.0
123870,110000.0
123874,211000.0
123877,110000.0
123892,107000.0
123898,82000.0
123900,74000.0
123903,92000.0
123905,91000.0
124032,309000.0
124034,73000.0
124036,79000.0
124038,192000.0
124039,192000.0
124044,196000.0
124059,106000.0
124070,85000.0
124071,84000.0
124072,71000.0
124073,71000.0
124074,72000.0
124094,139000.0
124096,136000.0
124109,142000.0
124118,105000.0
124125,104000.0
124138,256000.0
124178,66000.0
124187,124000.0
124197,254000.0
124213,190000.0
124214,110000.0
124228,122000.0
124263,115000.0
124339,252000.0
124357,110000.0
124364,107000.0
124380,496000.0
124392,262000.0
124494,90000.0
124500,108000.0
124536,128000.0
124537,66000.0
124540,501000.0
124548,91000.0
124597,498000.0
124642,501000.0
124646,215000.0
124648,214000.0
124662,110000.0
124688,100000.0
124693,224000.0
124707,115000.0
124714,184000.0
124716,176000.0
124731,127000.0
124737,361000.0
124747,780000.0
124759,743000.0
124777,396000.0
124787,304000.0
124796,194000.0
124799,173000.0
124813,306000.0
124819,91000.0
124894,248000.0
124915,138000.0
124962,104000.0
124978,132000.0
124993,164000.0
125005,151000.0
125014,119000.0
125016,121000.0
125020,817000.0
125023,300000.0
125027,183000.0
125044,179000.0
125045,168000.0
125046,1108000.0
125050,211000.0
125072,804000.0
125073,119000.0
125086,1137000.0
125100,228000.0
125117,437000.0
125118,480000.0
125120,256000.0
125125,166000.0
125130,186000.0
125134,850000.0
125136,171000.0
125141,122000.0
125188,209000.0
125200,146000.0
125203,170000.0
125204,89000.0
125275,299000.0
125291,210000.0
125317,133000.0
125332,118000.0
125345,204000.0
125351,229000.0
125357,185000.0
125359,130000.0
125375,182000.0
125380,147000.0
125404,101000.0
125406,122000.0
125422,229000.0
125431,116000.0
125433,134000.0
125434,215000.0
125435,306000.0
125444,89000.0
125466,214000.0
125506,150000.0
125546,166000.0
125554,234000.0
125568,176000.0
125569,387000.0
125573,158000.0
125579,102000.0
125581,248000.0
125583,147000.0
125587,117000.0
125596,299000.0
125618,230000.0
125621,190000.0
125632,241000.0
125639,154000.0
125642,568000.0
125645,306000.0
125694,153000.0
125695,139000.0
125696,109000.0
125714,176000.0
125716,128000.0
125727,202000.0
125734,256000.0
125736,137000.0
125739,162000.0
125744,132000.0
125756,152000.0
125764,231000.0
125766,247000.0
125776,146000.0
125777,146000.0
125783,118000.0
125784,118000.0
125791,146000.0
125822,227000.0
125824,188000.0
125828,164000.0
125829,175000.0
125841,192000.0
309591,252000.0
309611,235000.0
309613,179000.0
309658,86000.0
309661,253000.0
309667,228000.0
309669,139000.0
309678,391000.0
309692,149000.0
309700,331000.0
309707,140000.0
309714,142000.0
309731,391000.0
309734,135000.0
309735,168000.0
309770,282000.0
309817,70000.0
309819,120000.0
320845,129000.0
320872,213000.0
320929,177000.0
320931,176000.0
320932,72000.0
320937,72000.0
320938,72000.0
320940,115000.0
320948,122000.0
320950,269000.0
320954,176000.0
320969,213000.0
320974,188000.0
320998,134000.0
321002,107000.0
321004,108000.0
321023,92000.0
321055,171000.0
321067,122000.0
321080,96000.0
321083,159000.0
321122,195000.0
321127,139000.0
321128,124000.0
321229,115000.0
321231,122000.0
321249,278000.0
321250,275000.0
321258,176000.0
321259,245000.0
321260,72000.0
321262,123000.0
321270,176000.0
321272,93000.0
321278,314000.0
321286,176000.0
321288,125000.0
321289,105000.0
321307,148000.0
321311,153000.0
321316,153000.0
321317,107000.0
321318,107000.0
321319,107000.0
321321,107000.0
321322,130000.0
321323,107000.0
321324,107000.0
321340,213000.0
321346,191000.0
321352,107000.0
321392,157000.0
321393,157000.0
321399,172000.0
321407,182000.0
321428,229000.0
321429,75000.0
321431,75000.0
321455,163000.0
321463,122000.0
321480,1196000.0
321540,154000.0
321551,124000.0
321559,209000.0
321561,107000.0
321567,148000.0
321568,125000.0
321570,153000.0
321573,148000.0
321574,107000.0
321575,104000.0
321577,107000.0
321581,99000.0
321582,107000.0
321583,99000.0
321595,84000.0
321616,265000.0
321656,205000.0
321674,230000.0
321677,114000.0
321730,120000.0
321734,107000.0
321736,107000.0
321737,107000.0
321739,168000.0
321747,138000.0
321749,188000.0
321757,198000.0
321758,232000.0
321762,79000.0
321817,398000.0
321831,353000.0
321834,127000.0
321874,378000.0
321877,346000.0
321883,130000.0
321903,117000.0
321918,205000.0
321940,153000.0
321942,135000.0
321949,143000.0
321950,100000.0
321960,131000.0
321961,131000.0
321965,151000.0
321975,233000.0
321980,540000.0
321989,144000.0
321990,107000.0
322003,128000.0
322025,233000.0
322027,90000.0
322029,102000.0
322038,162000.0
322041,93000.0
322042,81000.0
322045,111000.0
322046,111000.0
322092,268000.0
322107,152000.0
322110,589000.0
322111,324000.0
322112,314000.0
322114,154000.0
322115,178000.0
322116,183000.0
322119,324000.0
322121,308000.0
322132,78000.0
322133,78000.0
322144,165000.0
322156,107000.0
322181,203000.0
322197,198000.0
322220,695000.0
322244,103000.0
322256,380000.0
322271,127000.0
322281,171000.0
322300,93000.0
322304,168000.0
322310,313000.0
322330,102000.0
322332,157000.0
322335,130000.0
322339,199000.0
322360,268000.0
322362,139000.0
322436,229000.0
322445,166000.0
322476,171000.0
322494,99000.0
322500,107000.0
322501,107000.0
322505,114000.0
322517,284000.0
322518,128000.0
322526,419000.0
322527,176000.0
322531,146000.0
322533,71000.0
322534,107000.0
322536,107000.0
322548,187000.0
322553,81000.0
322579,340000.0
322583,329000.0
322591,105000.0
322610,341000.0
322620,149000.0
322630,154000.0
322645,488000.0
322651,160000.0
322653,240000.0
322671,714000.0
322695,68000.0
322712,143000.0
322715,163000.0
322732,332000.0
322741,138000.0
322744,312000.0
322757,145000.0
322769,115000.0
322786,195000.0
322789,90000.0
322800,121000.0
322807,104000.0
322808,212000.0
322810,92000.0
322816,167000.0
322833,111000.0
322871,268000.0
322980,193000.0
322981,181000.0
322983,178000.0
322984,178000.0
322985,324000.0
322986,362000.0
322987,178000.0
322990,154000.0
323000,92000.0
323002,115000.0
323011,151000.0
323013,420000.0
323017,107000.0
323032,101000.0
323066,71000.0
323069,322000.0
323077,68000.0
323085,98000.0
323088,264000.0
323101,683000.0
323102,343000.0
323122,165000.0
323169,97000.0
323189,99000.0
323192,120000.0
323194,134000.0
323197,1730000.0
323198,352000.0
323233,209000.0
323254,127000.0
323308,295000.0
323310,327000.0
323318,157000.0
323325,241000.0
323330,100000.0
323339,151000.0
323342,91000.0
323349,396000.0
323382,136000.0
323396,175000.0
323403,290000.0
323412,187000.0
323413,171000.0
323421,157000.0
323425,222000.0
323433,358000.0
323434,178000.0
323446,150000.0
323459,103000.0
323487,219000.0
323518,98000.0
323536,158000.0
323549,146000.0
323552,148000.0
323608,161000.0
323617,93000.0
323622,391000.0
323629,196000.0
323656,225000.0
323664,289000.0
323668,142000.0
323678,353000.0
323703,158000.0
323710,168000.0
323722,197000.0
323723,83000.0
323780,98000.0
323792,145000.0
323831,273000.0
323894,144000.0
323911,113000.0
323917,104000.0
323926,156000.0
323944,165000.0
324001,200000.0
324006,155000.0
324023,154000.0
324032,227000.0
324058,162000.0
324078,192000.0
324079,195000.0
324118,212000.0
324146,212000.0
324152,115000.0
324158,646000.0
324160,1127000.0
324236,113000.0
324287,1220000.0
324306,253000.0
324371,812000.0
324381,87000.0
324395,188000.0
324415,236000.0
324417,529000.0
324418,529000.0
324454,144000.0
324455,75000.0
324497,93000.0
324557,107000.0
324596,351000.0
324605,387000.0
324608,548000.0
324616,337000.0
324628,170000.0
324634,203000.0
324666,350000.0
324716,420000.0
324721,188000.0
324723,470000.0
324784,253000.0
324797,367000.0
324814,448000.0
324819,1142000.0
324846,97000.0
324904,162000.0
324941,332000.0
325010,653000.0
325044,359000.0
325045,345000.0
695288,125000.0
695340,188000.0
695354,138000.0
695495,200000.0
695510,99000.0
695519,1430000.0
695520,1430000.0
695565,117000.0
695596,289000.0
695610,200000.0
695611,124000.0
695614,96000.0
695615,284000.0
695631,114000.0
695794,168000.0
695813,469000.0
695828,243000.0
695877,362000.0
696061,195000.0
696119,167000.0
696129,136000.0
696183,139000.0
696223,481000.0
696268,312000.0
696269,468000.0
696272,456000.0
696273,458000.0
696329,392000.0
696334,392000.0
696336,466000.0
696337,468000.0
696338,466000.0
696339,468000.0
696340,446000.0
696352,118000.0
696357,143000.0
696508,327000.0
696512,115000.0
696609,199000.0
696610,370000.0
696645,153000.0
712644,165000.0
712653,302000.0
712676,129000.0
712685,231000.0
712690,217000.0
712692,280000.0
712748,229000.0
712750,133000.0
712751,240000.0
712768,170000.0
712776,199000.0
712780,209000.0
712788,160000.0
712794,134000.0
712816,171000.0
712817,110000.0
712818,315000.0
712823,331000.0
712835,402000.0
712852,140000.0
712858,255000.0
712871,253000.0
712880,161000.0
712881,92000.0
712890,106000.0
712901,195000.0
712917,292000.0
712999,150000.0
713027,73000.0
713050,147000.0
713084,121000.0
713098,175000.0
713109,90000.0
713127,102000.0
713151,110000.0
713157,368000.0
713159,141000.0
713160,123000.0
713169,117000.0
713182,206000.0
713190,106000.0
713192,111000.0
713197,223000.0
713213,169000.0
713216,142000.0
713247,209000.0
713251,321000.0
713264,134000.0
713309,148000.0
713319,283000.0
713341,200000.0
713350,846000.0
713375,303000.0
713391,194000.0
713394,102000.0
713420,81000.0
713421,298000.0
713429,100000.0
713432,193000.0
713434,194000.0
713437,185000.0
713469,330000.0
713476,301000.0
713477,169000.0
713501,195000.0
713507,109000.0
713536,248000.0
713544,238000.0
713560,209000.0
713580,118000.0
713651,134000.0
713656,153000.0
713740,216000.0
713800,398000.0
713801,138000.0
713806,292000.0
713820,121000.0
713823,114000.0
713847,236000.0
713864,170000.0
713866,182000.0
713868,206000.0
713878,87000.0
713881,172000.0
713897,144000.0
713934,191000.0
713939,109000.0
713950,311000.0
713991,138000.0
713993,80000.0
714003,162000.0
714017,195000.0
714021,137000.0
714026,541000.0
714064,106000.0
714174,92000.0
714196,258000.0
714262,406000.0
714353,125000.0
714369,126000.0
714374,235000.0
714385,193000.0
714393,716000.0
714398,418000.0
714412,222000.0
714415,143000.0
714417,303000.0
714430,195000.0
714507,190000.0
714555,113000.0
714586,283000.0
714587,206000.0
714609,106000.0
714636,303000.0
714676,61000.0
714689,124000.0
714713,423000.0
714721,103000.0
714725,142000.0
714774,114000.0
714784,160000.0
714821,124000.0
714833,385000.0
714858,175000.0
714864,189000.0
714871,126000.0
714874,388000.0
714890,223000.0
714911,139000.0
714930,317000.0
714957,169000.0
714970,125000.0
715017,216000.0
715034,279000.0
715036,501000.0
715051,167000.0
715078,120000.0
715080,124000.0
715127,255000.0
715142,123000.0
715176,246000.0
715189,129000.0
715195,149000.0
715196,131000.0
715264,123000.0
715291,158000.0
715295,214000.0
715297,260000.0
715305,66000.0
715309,127000.0
715319,174000.0
715321,96000.0
715381,93000.0
715383,221000.0
715402,311000.0
715413,371000.0
715440,200000.0
715490,119000.0
715496,233000.0
715529,76000.0
715546,137000.0
715580,70000.0
715584,160000.0
715594,282000.0
715611,170000.0
715628,263000.0
715643,110000.0
715645,205000.0
715666,250000.0
715669,80000.0
715756,111000.0
715761,187000.0
715771,159000.0
715775,138000.0
715779,151000.0
715783,93000.0
715789,90000.0
715799,170000.0
715801,262000.0
715802,173000.0
715816,195000.0
715819,124000.0
715854,108000.0
715885,204000.0
715904,198000.0
715909,207000.0
715926,197000.0
715960,162000.0
715975,127000.0
715987,402000.0
715991,88000.0
716004,117000.0
716016,97000.0
716034,406000.0
716036,111000.0
716062,100000.0
716088,58000.0
716090,103000.0
716098,219000.0
716112,102000.0
716122,117000.0
716135,142000.0
716165,117000.0
716198,133000.0
716225,242000.0
716229,458000.0
716230,107000.0
716233,142000.0
716243,123000.0
716251,272000.0
716252,93000.0
716270,90000.0
716289,257000.0
716355,191000.0
716367,161000.0
716371,297000.0
716379,96000.0
716381,129000.0
716388,178000.0
716430,127000.0
716437,125000.0
716439,142000.0
716453,75000.0
716459,201000.0
716475,329000.0
716495,211000.0
716516,298000.0
716564,158000.0
716566,333000.0
716646,173000.0
716652,119000.0
716677,134000.0
716680,123000.0
716696,209000.0
716716,145000.0
716750,291000.0
716759,207000.0
716761,209000.0
716822,218000.0
716839,93000.0
716905,289000.0
716942,159000.0
716964,160000.0
717008,426000.0
717022,151000.0
717046,91000.0
717110,88000.0
717123,450000.0
717146,81000.0
717179,156000.0
717184,236000.0
717187,113000.0
717188,89000.0
717189,338000.0
717195,151000.0
717197,150000.0
717227,103000.0
717270,155000.0
717303,200000.0
717333,134000.0
717335,126000.0
717342,599000.0
717358,154000.0
717374,115000.0
717386,305000.0
717417,125000.0
717491,73000.0
717502,71000.0
717549,176000.0
717570,229000.0
717574,59000.0
717602,172000.0
717626,252000.0
717630,74000.0
717635,246000.0
717641,113000.0
717648,102000.0
717652,84000.0
717689,149000.0
717727,91000.0
717783,205000.0
717808,215000.0
717824,230000.0
717869,143000.0
717986,115000.0
717995,59000.0
717997,230000.0
717999,93000.0
718069,126000.0
718109,178000.0
718113,251000.0
718134,195000.0
718135,188000.0
718144,89000.0
718171,376000.0
718212,132000.0
718229,96000.0
718242,86000.0
718310,173000.0
718329,151000.0
718331,86000.0
718349,305000.0
718436,101000.0
718506,114000.0
718581,217000.0
718620,108000.0
718648,178000.0
718653,103000.0
718675,91000.0
718683,138000.0
718696,126000.0
718697,154000.0
718773,586000.0
718786,175000.0
718806,150000.0
718811,201000.0
718812,289000.0
718841,146000.0
718869,308000.0
718891,720000.0
718902,148000.0
718919,203000.0
718930,177000.0
718970,287000.0
719018,215000.0
719060,187000.0
719062,108000.0
719065,212000.0
719076,349000.0
719091,142000.0
719120,85000.0
719146,157000.0
719186,98000.0
719188,314000.0
719197,131000.0
719201,122000.0
719203,123000.0
719208,123000.0
719210,176000.0
719216,123000.0
719224,136000.0
719246,123000.0
719258,91000.0
719300,261000.0
719334,89000.0
719360,345000.0
719377,163000.0
719415,117000.0
719424,197000.0
719429,263000.0
719445,349000.0
719446,350000.0
719469,239000.0
719503,173000.0
719537,271000.0
719593,114000.0
719616,115000.0
719642,77000.0
719655,311000.0
719693,86000.0
719720,149000.0
719747,120000.0
719748,103000.0
719754,99000.0
719784,105000.0
719794,103000.0
719802,110000.0
719806,80000.0
719810,120000.0
719812,100000.0
719828,170000.0
719833,110000.0
719882,74000.0
719895,145000.0
719909,154000.0
719971,85000.0
720043,201000.0
720108,337000.0
720119,104000.0
720163,88000.0
720166,155000.0
720188,99000.0
720194,265000.0
720274,114000.0
720292,124000.0
720296,118000.0
720304,92000.0
720323,162000.0
720342,521000.0
720348,210000.0
720379,109000.0
720386,217000.0
720388,183000.0
720393,112000.0
720398,160000.0
720403,115000.0
720409,261000.0
720440,135000.0
720450,105000.0
720481,84000.0
720530,179000.0
720534,105000.0
720549,93000.0
720550,122000.0
720609,120000.0
720629,199000.0
720646,145000.0
720649,267000.0
720659,82000.0
720745,226000.0
720753,102000.0
720789,84000.0
720879,254000.0
720899,200000.0
720909,115000.0
720925,177000.0
720932,93000.0
720950,249000.0
720956,117000.0
720964,240000.0
720970,125000.0
720997,200000.0
721019,480000.0
721074,183000.0
721104,113000.0
721128,66000.0
721132,87000.0
721135,67000.0
721138,94000.0
721169,342000.0
721241,197000.0
721303,97000.0
721327,93000.0
721355,167000.0
721380,96000.0
721384,175000.0
721403,123000.0
721426,156000.0
721462,157000.0
721473,98000.0
721548,188000.0
721568,110000.0
721574,136000.0
721579,312000.0
721598,146000.0
721634,187000.0
721647,336000.0
721701,81000.0
721727,150000.0
721746,131000.0
721751,320000.0
721773,107000.0
721806,65000.0
721859,232000.0
721869,379000.0
721922,174000.0
722035,800000.0
722036,800000.0
722125,73000.0
722131,122000.0
722173,96000.0
722181,337000.0
722212,126000.0
722250,94000.0
722257,115000.0
722262,198000.0
722278,322000.0
722288,86000.0
722289,80000.0
722312,162000.0
722332,84000.0
722333,147000.0
722344,82000.0
722356,927000.0
722360,117000.0
722388,146000.0
722430,88000.0
722458,114000.0
722486,129000.0
722515,127000.0
722557,173000.0
722582,366000.0
722592,115000.0
722603,264000.0
722611,157000.0
722612,194000.0
722613,146000.0
722617,112000.0
722639,274000.0
722669,124000.0
722794,198000.0
722805,436000.0
722979,155000.0
722991,866000.0
722996,320000.0
723017,242000.0
723054,158000.0
723133,447000.0
723238,271000.0
723261,187000.0
723269,259000.0
723341,92000.0
723364,368000.0
723370,127000.0
723418,245000.0
723439,155000.0
723497,80000.0
723503,98000.0
723527,97000.0
723559,112000.0
723569,59000.0
723575,87000.0
723590,242000.0
723636,136000.0
723646,153000.0
723662,84000.0
723694,708000.0
723703,774000.0
723705,115000.0
723726,191000.0
723746,69000.0
723756,103000.0
723769,162000.0
723775,279000.0
723789,192000.0
723793,113000.0
723826,193000.0
723846,141000.0
723856,77000.0
723936,544000.0
723944,183000.0
723996,97000.0
724017,171000.0
724019,172000.0
724048,156000.0
724049,84000.0
724059,534000.0
724070,493000.0
724209,162000.0
724225,661000.0
724230,200000.0
724234,232000.0
724247,311000.0
724249,373000.0
724273,143000.0
724294,55000.0
724309,72000.0
724315,383000.0
724343,679000.0
724348,372000.0
724352,287000.0
724357,204000.0
724385,85000.0
724424,158000.0
724532,180000.0
724560,184000.0
724606,161000.0
724640,205000.0
724671,146000.0
724797,93000.0
724820,66000.0
724847,97000.0
724947,68000.0
724960,168000.0
724977,162000.0
724987,647000.0
725073,110000.0
725121,415000.0
725177,185000.0
725180,120000.0
725186,121000.0
725367,167000.0
725435,81000.0
725481,154000.0
725560,170000.0
725581,79000.0
725620,171000.0
725646,68000.0
725648,189000.0
725681,218000.0
725683,73000.0
725741,68000.0
725753,127000.0
725778,108000.0
725811,96000.0
725875,291000.0
725997,131000.0
726011,486000.0
726050,180000.0
726064,213000.0
726121,72000.0
726144,112000.0
726145,112000.0
726174,93000.0
726332,283000.0
726351,59000.0
726359,212000.0
726443,130000.0
726459,118000.0
726460,77000.0
726461,178000.0
726470,365000.0
726488,85000.0
726491,172000.0
726518,67000.0
726642,464000.0
726643,89000.0
726678,112000.0
726698,79000.0
726797,47000.0
726850,88000.0
726887,92000.0
726898,236000.0
726904,666000.0
726915,383000.0
726976,259000.0
727014,124000.0
727021,116000.0
727064,101000.0
727101,325000.0
727114,78000.0
727129,89000.0
727142,139000.0
727160,70000.0
727168,268000.0
727178,82000.0
727188,53000.0
727198,76000.0
727202,195000.0
727275,97000.0
727322,111000.0
727334,172000.0
727345,165000.0
727359,147000.0
727364,80000.0
727433,103000.0
727438,73000.0
727490,81000.0
727503,136000.0
727540,322000.0
727542,102000.0
727585,91000.0
727593,68000.0
727615,109000.0
727627,121000.0
727655,169000.0
727691,145000.0
727694,180000.0
727811,156000.0
727895,159000.0
728058,187000.0
728078,318000.0
728243,367000.0
728309,169000.0
728352,116000.0
728363,256000.0
728364,101000.0
728431,464000.0
728500,88000.0
728503,151000.0
728529,928000.0
728582,118000.0
728586,127000.0
728694,185000.0
728709,146000.0
728713,210000.0
728796,146000.0
728798,193000.0
728926,126000.0
728950,119000.0
728966,151000.0
728985,104000.0
729017,110000.0
729075,401000.0
729111,256000.0
729119,202000.0
729136,175000.0
729148,234000.0
729174,140000.0
729177,115000.0
729181,140000.0
729203,96000.0
729210,226000.0
729226,115000.0
729265,155000.0
729341,68000.0
729380,190000.0
729400,125000.0
729445,163000.0
729455,186000.0
729464,125000.0
729510,344000.0
729514,122000.0
729528,317000.0
729536,113000.0
729540,189000.0
729554,112000.0
729607,121000.0
729608,74000.0
729625,239000.0
729641,210000.0
729644,91000.0
729663,574000.0
729721,681000.0
729768,349000.0
729773,99000.0
729782,228000.0
729789,161000.0
729812,193000.0
729831,121000.0
729845,120000.0
729990,86000.0
730059,119000.0
730106,185000.0
730114,61000.0
730131,71000.0
730151,98000.0
730265,88000.0
730294,136000.0
730332,89000.0
730363,230000.0
730414,113000.0
730524,108000.0
730596,114000.0
730640,153000.0
730686,94000.0
730881,163000.0
730894,141000.0
730939,174000.0
731035,130000.0
731059,104000.0
731100,56000.0
731187,113000.0
731206,177000.0
731217,157000.0
731226,165000.0
731245,345000.0
731327,261000.0
731364,76000.0
731419,99000.0
731420,91000.0
731429,137000.0
731450,119000.0
731474,143000.0
731507,128000.0
731508,122000.0
731588,115000.0
731696,67000.0
731757,521000.0
731801,521000.0
731833,71000.0
731851,68000.0
731874,769000.0
732027,145000.0
732100,68000.0
732211,103000.0
732262,116000.0
732403,131000.0
732408,182000.0
732440,131000.0
732456,284000.0
732495,126000.0
732512,116000.0
732513,140000.0
732518,76000.0
732657,155000.0
732818,101000.0
732911,148000.0
732929,110000.0
732954,114000.0
732965,185000.0
732970,130000.0
732998,113000.0
733071,88000.0
733086,168000.0
733135,175000.0
733209,130000.0
733485,525000.0
733560,138000.0
733655,106000.0
733708,118000.0
733722,63000.0
733753,69000.0
733774,97000.0
733855,153000.0
733856,89000.0
733903,116000.0
733907,86000.0
733919,105000.0
734011,99000.0
734023,141000.0
734094,168000.0
734149,214000.0
734159,90000.0
734160,167000.0
734181,107000.0
734275,178000.0
734658,448000.0
734708,220000.0
734725,236000.0
734836,240000.0
735000,320000.0
735007,119000.0
735055,231000.0
735124,102000.0
735158,66000.0
735189,94000.0
735216,168000.0
735230,190000.0
735232,120000.0
735250,240000.0
735298,120000.0
735355,198000.0
735484,121000.0
735490,190000.0
735491,118000.0
735493,143000.0
735505,157000.0
735533,128000.0
735555,157000.0
735561,77000.0
735562,103000.0
735614,122000.0
735627,122000.0
735634,204000.0
735698,64000.0
735797,288000.0
735802,264000.0
735891,75000.0
735983,95000.0
736002,171000.0
736030,112000.0
736051,98000.0
736089,73000.0
736143,278000.0
736169,86000.0
736175,182000.0
736225,213000.0
736311,101000.0
736320,225000.0
736337,95000.0
736397,211000.0
736443,116000.0
736489,89000.0
736635,48000.0
736651,280000.0
736721,186000.0
736740,63000.0
736799,182000.0
736983,161000.0
737015,249000.0
737075,156000.0
737150,130000.0
737209,199000.0
737263,255000.0
737285,96000.0
737397,116000.0
737458,449000.0
737514,170000.0
737665,330000.0
737976,390000.0
738028,179000.0
738143,168000.0
738160,170000.0
738192,104000.0
738314,396000.0
738320,101000.0
738381,243000.0
738406,71000.0
738433,119000.0
738489,101000.0
738491,103000.0
738574,131000.0
738723,170000.0
738880,112000.0
738920,115000.0
739033,478000.0
739042,72000.0
739182,61000.0
739254,85000.0
739359,183000.0
739360,183000.0
739364,158000.0
739430,95000.0
739497,101000.0
739563,134000.0
739581,260000.0
739670,98000.0
739702,66000.0
739717,120000.0
739824,230000.0
740070,208000.0
740158,163000.0
740377,87000.0
740499,217000.0
740572,195000.0
740609,93000.0
740798,366000.0
740914,291000.0
740915,241000.0
740917,148000.0
740932,95000.0
740974,160000.0
740993,95000.0
740998,95000.0
741000,95000.0
741002,95000.0
741008,95000.0
741036,250000.0
741047,210000.0
741111,989000.0
741171,146000.0
741174,246000.0
741203,129000.0
741205,177000.0
741232,85000.0
741270,169000.0
741294,148000.0
741312,155000.0
741313,676000.0
741329,109000.0
741401,141000.0
741416,212000.0
741433,96000.0
741457,360000.0
741533,173000.0
741591,143000.0
741682,217000.0
741699,50000.0
741808,204000.0
741810,154000.0
741811,170000.0
741813,147000.0
741824,167000.0
741842,95000.0
741844,97000.0
741999,174000.0
742049,105000.0
742278,94000.0
742444,132000.0
742500,89000.0
742512,109000.0
742534,61000.0
742552,135000.0
742592,114000.0
742595,230000.0
742813,171000.0
742839,101000.0
743024,101000.0
743072,138000.0
743084,199000.0
743131,90000.0
743197,308000.0
743226,141000.0
743233,194000.0
743243,123000.0
743310,140000.0
743424,155000.0
743645,117000.0
743678,93000.0
743689,256000.0
743736,136000.0
743938,98000.0
744009,97000.0
744134,120000.0
744142,157000.0
744196,206000.0
744806,78000.0
744824,196000.0
744870,333000.0
744879,113000.0
744924,106000.0
745039,102000.0
745099,663000.0
745109,243000.0
745286,173000.0
745287,148000.0
745364,121000.0
745581,147000.0
745614,116000.0
745630,193000.0
745696,1003000.0
745726,78000.0
745763,189000.0
745819,128000.0
745898,319000.0
745924,122000.0
745960,62000.0
746269,79000.0
746297,176000.0
746353,151000.0
746361,233000.0
746390,132000.0
746450,106000.0
746513,375000.0
746565,112000.0
746720,241000.0
746732,121000.0
746769,512000.0
746790,227000.0
746846,125000.0
746847,125000.0
746901,272000.0
747013,150000.0
747015,275000.0
747085,65000.0
747090,209000.0
747139,81000.0
747310,129000.0
747474,235000.0
747521,135000.0
747537,102000.0
747736,148000.0
747743,153000.0
747759,116000.0
747810,160000.0
747995,132000.0
748013,109000.0
748040,278000.0
748058,212000.0
748060,212000.0
748073,196000.0
748106,133000.0
748145,150000.0
748150,464000.0
748172,194000.0
748287,137000.0
748308,101000.0
748311,153000.0
748429,66000.0
748523,142000.0
748544,182000.0
748713,158000.0
748836,213000.0
748845,175000.0
748856,165000.0
748895,155000.0
748962,314000.0
749165,128000.0
749218,165000.0
749232,86000.0
749255,151000.0
749452,138000.0
749483,143000.0
749497,130000.0
749502,169000.0
749504,160000.0
749521,212000.0
749571,204000.0
749671,382000.0
749821,282000.0
749975,77000.0
750049,240000.0
750155,160000.0
750174,101000.0
750408,53000.0
750418,128000.0
750441,123000.0
750475,545000.0
750559,105000.0
750579,99000.0
750669,144000.0
750683,145000.0
750740,151000.0
750956,119000.0
751319,60000.0
751352,174000.0
751396,433000.0
751416,117000.0
751421,299000.0
751442,95000.0
751459,76000.0
751587,79000.0
751714,122000.0
751886,137000.0
751971,130000.0
752242,181000.0
752254,111000.0
752310,58000.0
752576,231000.0
752705,51000.0
752895,94000.0
752914,372000.0
752994,74000.0
753036,212000.0
753099,144000.0
753188,102000.0
753196,138000.0
753234,126000.0
753289,212000.0
753295,212000.0
753297,212000.0
753387,212000.0
753393,212000.0
753395,212000.0
753397,212000.0
753399,212000.0
753402,212000.0
753404,212000.0
753405,212000.0
753406,123000.0
753602,104000.0
753948,206000.0
754108,90000.0
754112,68000.0
754292,446000.0
754384,118000.0
754763,128000.0
754978,119000.0
754995,69000.0
755014,174000.0
755055,180000.0
755065,201000.0
755138,301000.0
755226,205000.0
755447,112000.0
755448,112000.0
755575,85000.0
755674,84000.0
755809,441000.0
755892,97000.0
756308,110000.0
756620,78000.0
756836,551000.0
757366,250000.0
757425,91000.0
757539,149000.0
757668,116000.0
757758,179000.0
757792,104000.0
757925,80000.0
757991,118000.0
758122,92000.0
758135,152000.0
758325,190000.0
758344,187000.0
758410,82000.0
758601,73000.0
758674,191000.0
758911,95000.0
759246,95000.0
759339,220000.0
759621,250000.0
759656,218000.0
759823,179000.0
759982,90000.0
760071,267000.0
760135,95000.0
760172,104000.0
760262,257000.0
760514,130000.0
760522,91000.0
760523,91000.0
760607,80000.0
760760,102000.0
760878,189000.0
761015,134000.0
761078,78000.0
761137,127000.0
761182,113000.0
761221,168000.0
761226,227000.0
761245,163000.0
761273,199000.0
761281,110000.0
761297,248000.0
761298,120000.0
761312,77000.0
761418,320000.0
761437,74000.0
761449,97000.0
761451,260000.0
761462,122000.0
761597,108000.0
761616,94000.0
761631,63000.0
761638,264000.0
761660,357000.0
761662,97000.0
761734,128000.0
761737,88000.0
761773,163000.0
761775,163000.0
761781,163000.0
761783,163000.0
761870,114000.0
761928,118000.0
762020,100000.0
762104,106000.0
762106,108000.0
762135,112000.0
762140,191000.0
762146,122000.0
762260,293000.0
762277,118000.0
762395,74000.0
762467,94000.0
762485,192000.0
762509,101000.0
762528,192000.0
762572,149000.0
762642,105000.0
762673,164000.0
762782,188000.0
762792,252000.0
762828,62000.0
762848,146000.0
762862,71000.0
762894,109000.0
762903,178000.0
762924,74000.0
762929,177000.0
762937,62000.0
762941,274000.0
762951,172000.0
762959,180000.0
762965,143000.0
762986,73000.0
763016,387000.0
763021,315000.0
763034,170000.0
763065,87000.0
763068,737000.0
763073,235000.0
763090,385000.0
763152,110000.0
763153,110000.0
763212,201000.0
763270,120000.0
763279,287000.0
763299,168000.0
763300,168000.0
763314,104000.0
763332,120000.0
763333,120000.0
763334,120000.0
763337,122000.0
763338,118000.0
763348,119000.0
763349,86000.0
763351,107000.0
763389,107000.0
763421,118000.0
763424,116000.0
763429,121000.0
763431,81000.0
763433,81000.0
763435,118000.0
763438,113000.0
763439,81000.0
763446,110000.0
763447,76000.0
763448,109000.0
763449,118000.0
763450,117000.0
763452,113000.0
763453,76000.0
763454,107000.0
763457,116000.0
763458,113000.0
763460,76000.0
763464,107000.0
763466,124000.0
763528,94000.0
763572,118000.0
763575,82000.0
763576,94000.0
763591,359000.0
763627,82000.0
763628,228000.0
763629,228000.0
763631,82000.0
763633,82000.0
763634,82000.0
763653,121000.0
763684,83000.0
763733,88000.0
763744,86000.0
763764,165000.0
763781,93000.0
763788,100000.0
763797,86000.0
763842,126000.0
763856,54000.0
763925,93000.0
763942,197000.0
764037,81000.0
764042,110000.0
764044,110000.0
764047,110000.0
764052,110000.0
764103,83000.0
764132,227000.0
764192,48000.0
764215,90000.0
764263,508000.0
764332,130000.0
764347,142000.0
764361,200000.0
764368,964000.0
764413,287000.0
764414,175000.0
764496,103000.0
764544,327000.0
764737,75000.0
764777,88000.0
764797,70000.0
764822,196000.0
764827,157000.0
764828,66000.0
764836,72000.0
764862,90000.0
764907,252000.0
764910,93000.0
764922,106000.0
764946,196000.0
764999,470000.0
765049,124000.0
765056,89000.0
765097,153000.0
765112,196000.0
765115,210000.0
765282,98000.0
765294,106000.0
765352,117000.0
765358,83000.0
765365,99000.0
765396,125000.0
765440,163000.0
765475,99000.0
765494,191000.0
765496,191000.0
765520,139000.0
765527,319000.0
765571,673000.0
765572,626000.0
765599,108000.0
765625,173000.0
765669,206000.0
765676,236000.0
765686,82000.0
765756,191000.0
765760,191000.0
765768,256000.0
765786,85000.0
765832,138000.0
765840,79000.0
765853,191000.0
765854,191000.0
765869,109000.0
765883,135000.0
765884,86000.0
765913,1088000.0
765938,86000.0
766020,83000.0
766039,102000.0
766052,234000.0
766076,224000.0
766102,88000.0
766103,155000.0
766106,88000.0
766110,85000.0
766114,122000.0
766137,61000.0
766140,131000.0
766142,314000.0
766151,100000.0
766163,279000.0
766185,71000.0
766212,148000.0
766222,211000.0
766225,154000.0
766250,111000.0
766251,183000.0
766253,111000.0
766259,58000.0
766272,183000.0
766300,214000.0
766328,77000.0
766392,132000.0
766404,104000.0
766416,130000.0
766459,97000.0
766463,70000.0
766464,206000.0
766479,79000.0
766501,236000.0
766550,94000.0
766648,97000.0
766782,105000.0
766785,523000.0
766808,91000.0
766824,73000.0
766883,105000.0
766891,97000.0
766923,48000.0
766951,59000.0
766977,96000.0
766984,558000.0
766998,218000.0
767008,249000.0
767009,102000.0
767047,88000.0
767056,211000.0
767092,335000.0
767132,175000.0
767229,344000.0
767253,122000.0
767260,123000.0
767290,133000.0
767319,251000.0
767321,87000.0
767366,187000.0
767405,81000.0
767407,95000.0
767409,95000.0
767414,73000.0
767465,183000.0
767487,110000.0
767512,141000.0
767558,238000.0
767705,260000.0
767856,112000.0
768002,137000.0
768343,137000.0
768717,84000.0
768790,138000.0
768981,215000.0
769002,84000.0
769155,101000.0
769216,157000.0
769226,119000.0
769575,119000.0
769599,123000.0
769768,79000.0
769812,120000.0
769898,226000.0
769957,47000.0
770294,89000.0
770295,79000.0
770484,180000.0
770520,169000.0
770523,66000.0
770558,75000.0
770682,110000.0
770744,86000.0
770751,111000.0
770765,234000.0
770777,321000.0
770786,82000.0
770972,141000.0
771112,90000.0
771113,134000.0
771117,126000.0
771118,151000.0
771333,181000.0
771397,236000.0
771816,259000.0
771858,169000.0
772028,108000.0
772107,151000.0
772213,75000.0
772214,74000.0
774481,192000.0
774546,130000.0
774699,73000.0
774950,261000.0
775137,259000.0
775139,134000.0
775393,123000.0
775537,109000.0
775560,135000.0
775652,98000.0
775907,104000.0
776742,132000.0
776780,309000.0
776781,176000.0
776783,135000.0
776981,468000.0
777103,68000.0
777106,465000.0
777107,99000.0
777108,57000.0
777110,616000.0
777117,251000.0
777118,420000.0
777121,369000.0
777123,320000.0
777125,579000.0
777210,205000.0
777453,175000.0
777462,115000.0
777464,115000.0
777489,67000.0
777572,218000.0
778274,169000.0
778564,199000.0
778634,192000.0
778678,62000.0
778689,201000.0
778791,102000.0
778830,137000.0
778851,95000.0
778906,180000.0
778948,232000.0
778949,74000.0
778952,88000.0
778953,84000.0
778956,156000.0
778970,104000.0
778976,210000.0
779003,290000.0
779077,99000.0
779114,84000.0
779141,66000.0
779149,326000.0
779215,59000.0
779288,89000.0
779384,93000.0
779391,100000.0
779392,76000.0
779393,187000.0
779705,80000.0
779738,145000.0
779782,183000.0
779867,381000.0
779904,199000.0
779938,163000.0
779977,127000.0
779984,63000.0
780002,640000.0
780020,367000.0
780073,72000.0
780093,81000.0
780095,148000.0
780214,137000.0
780253,83000.0
780353,202000.0
780376,86000.0
780395,95000.0
780419,83000.0
780420,96000.0
780421,96000.0
780564,100000.0
780596,160000.0
780669,122000.0
780694,80000.0
780702,76000.0
780715,144000.0
780724,83000.0
780846,203000.0
780856,187000.0
780863,87000.0
780900,190000.0
780951,126000.0
781145,94000.0
781275,252000.0
781371,86000.0
781416,65000.0
781559,89000.0
781563,130000.0
781572,106000.0
781698,80000.0
781700,97000.0
781825,102000.0
781843,145000.0
781844,145000.0
781845,145000.0
781846,145000.0
781854,72000.0
781859,320000.0
781860,304000.0
781866,92000.0
781946,231000.0
781982,385000.0
782181,162000.0
782201,140000.0
782394,151000.0
782416,160000.0
782443,163000.0
782452,107000.0
782561,80000.0
782627,167000.0
782642,267000.0
782665,83000.0
782671,93000.0
782675,173000.0
782693,72000.0
782705,153000.0
782706,208000.0
782708,105000.0
782717,684000.0
782722,95000.0
782761,64000.0
782782,99000.0
782785,65000.0
782849,67000.0
782946,70000.0
783038,102000.0
783051,156000.0
783056,156000.0
783125,146000.0
783130,152000.0
783231,97000.0
783260,644000.0
783421,274000.0
783512,120000.0
783559,123000.0
783604,245000.0
783607,795000.0
783636,116000.0
783654,71000.0
783811,126000.0
783914,157000.0
783951,135000.0
783978,219000.0
783979,219000.0
784000,294000.0
784012,122000.0
784167,89000.0
784275,84000.0
784431,109000.0
784568,113000.0
784570,126000.0
784737,83000.0
784762,142000.0
784768,87000.0
784842,147000.0
785009,218000.0
785082,97000.0
785261,98000.0
785408,87000.0
785455,53000.0
785514,185000.0
785588,210000.0
785808,134000.0
785820,123000.0
785970,194000.0
785973,194000.0
786182,106000.0
786183,92000.0
786346,187000.0
786447,144000.0
786450,144000.0
786451,144000.0
786452,144000.0
786456,144000.0
786457,144000.0
786484,144000.0
786521,192000.0
786587,121000.0
786628,911000.0
786831,226000.0
786859,84000.0
787068,82000.0
787151,99000.0
787208,169000.0
787215,198000.0
787216,198000.0
787276,198000.0
787281,238000.0
787289,108000.0
787291,273000.0
787331,99000.0
787343,55000.0
787361,157000.0
787369,156000.0
787382,70000.0
787385,115000.0
787401,214000.0
787405,146000.0
787411,79000.0
787454,73000.0
787485,54000.0
787486,54000.0
787489,54000.0
787490,54000.0
787528,181000.0
787529,215000.0
787533,180000.0
787535,140000.0
787538,114000.0
787555,137000.0
787614,79000.0
787634,102000.0
787684,151000.0
787868,1266000.0
788008,197000.0
788356,66000.0
788577,320000.0
788645,120000.0
788730,196000.0
788820,100000.0
788990,93000.0
788994,119000.0
789179,596000.0
789327,88000.0
789333,95000.0
789339,370000.0
789374,106000.0
789389,102000.0
789555,129000.0
789568,90000.0
789619,118000.0
789638,90000.0
789709,107000.0
789843,280000.0
789881,430000.0
789964,323000.0
789966,90000.0
790026,195000.0
790038,238000.0
790115,119000.0
790170,72000.0
790184,84000.0
790414,96000.0
790625,187000.0
790725,199000.0
790798,109000.0
790912,112000.0
790918,141000.0
790939,78000.0
791067,110000.0
791077,115000.0
791182,223000.0
791219,201000.0
791221,115000.0
791296,89000.0
791314,333000.0
791379,92000.0
791445,154000.0
791581,296000.0
791589,132000.0
791600,132000.0
791608,296000.0
791617,132000.0
791813,132000.0
791869,197000.0
791870,132000.0
792315,106000.0
792695,143000.0
793171,112000.0
793172,109000.0
793391,312000.0
793620,83000.0
793722,124000.0
793967,118000.0
794344,157000.0
794498,134000.0
794573,72000.0
794576,99000.0
794897,343000.0
794968,83000.0
796060,149000.0
796252,225000.0
796300,81000.0
796537,251000.0
796582,473000.0
797433,157000.0
797488,119000.0
797489,74000.0
797540,162000.0
797866,59000.0
798010,312000.0
798026,97000.0
799178,95000.0
799179,95000.0
799190,95000.0
799234,89000.0
799315,697000.0
799472,172000.0
799498,102000.0
799561,93000.0
799652,92000.0
799732,245000.0
800022,98000.0
800237,91000.0
800456,178000.0
800963,207000.0
801193,49000.0
801250,76000.0
801281,67000.0
801487,139000.0
801497,71000.0
801503,91000.0
801504,104000.0
801727,121000.0
801954,131000.0
802096,118000.0
802163,109000.0
802196,198000.0
802200,134000.0
802270,99000.0
802271,74000.0
802331,113000.0
802349,108000.0
802375,85000.0
802688,76000.0
803023,172000.0
803138,50000.0
803310,87000.0
803839,87000.0
803941,94000.0
804236,113000.0
804237,139000.0
804318,80000.0
804335,70000.0
804516,112000.0
804572,75000.0
804611,203000.0
804663,141000.0
804859,98000.0
805515,307000.0
805577,136000.0
806450,125000.0
806493,969000.0
806508,146000.0
806655,79000.0
806775,161000.0
806865,75000.0
806936,124000.0
806937,197000.0
807537,131000.0
807824,94000.0
807826,94000.0
808024,74000.0
808123,93000.0
808180,81000.0
808340,100000.0
808644,119000.0
808647,88000.0
809443,178000.0
809444,200000.0
809711,242000.0
810556,86000.0
810560,177000.0
810574,86000.0
810705,85000.0
811018,68000.0
811028,139000.0
811104,87000.0
811659,210000.0
811817,112000.0
811944,143000.0
812472,154000.0
812587,150000.0
812588,132000.0
812762,109000.0
812914,151000.0
813322,81000.0
813323,81000.0
813324,81000.0
813361,382000.0
813430,153000.0
813750,697000.0
813797,86000.0
813800,80000.0
814059,146000.0
814159,259000.0
814247,146000.0
814306,516000.0
814308,86000.0
814310,87000.0
814313,97000.0
814338,95000.0
814378,113000.0
814381,99000.0
814390,262000.0
814448,87000.0
814449,87000.0
815043,163000.0
815287,87000.0
815582,149000.0
815585,198000.0
815640,480000.0
816479,67000.0
816525,81000.0
816552,103000.0
816589,156000.0
816592,82000.0
816594,157000.0
816608,68000.0
816611,187000.0
816676,122000.0
816679,122000.0
816850,90000.0
816967,166000.0
816968,201000.0
816969,197000.0
816972,268000.0
816974,144000.0
817091,235000.0
817550,276000.0
817647,124000.0
817658,122000.0
817662,126000.0
817752,120000.0
817883,264000.0
817978,218000.0
818057,140000.0
818059,427000.0
818170,154000.0
818217,138000.0
818229,121000.0
818316,480000.0
818405,115000.0
818412,91000.0
818488,223000.0
818498,222000.0
818519,223000.0
818520,230000.0
818601,297000.0
818620,197000.0
818629,388000.0
818668,101000.0
818906,155000.0
818951,93000.0
818981,89000.0
819022,93000.0
819052,158000.0
819088,111000.0
819090,181000.0
819154,86000.0
819224,181000.0
819477,178000.0
819505,162000.0
819532,78000.0
819599,97000.0
819624,191000.0
819689,128000.0
819690,128000.0
819694,128000.0
819729,144000.0
819737,88000.0
819839,157000.0
819946,226000.0
820010,112000.0
820047,176000.0
820221,146000.0
820343,106000.0
820369,169000.0
820444,384000.0
820485,72000.0
820520,97000.0
820534,109000.0
820549,74000.0
820550,138000.0
820560,135000.0
820576,93000.0
820608,395000.0
820640,72000.0
820668,164000.0
820672,77000.0
820758,89000.0
820763,129000.0
820797,151000.0
820936,141000.0
821001,71000.0
821049,86000.0
821050,83000.0
821087,133000.0
821251,145000.0
821372,77000.0
821381,77000.0
821423,105000.0
821616,88000.0
821664,104000.0
821715,91000.0
821753,148000.0
821791,71000.0
821800,168000.0
821820,112000.0
821825,120000.0
821826,1042000.0
821876,105000.0
821888,96000.0
821895,90000.0
822024,107000.0
822169,67000.0
822190,211000.0
822347,145000.0
822354,156000.0
822421,127000.0
822422,201000.0
822432,225000.0
822445,97000.0
822453,89000.0
822456,473000.0
822457,93000.0
822552,268000.0
822622,179000.0
822624,179000.0
822635,59000.0
822656,140000.0
822684,152000.0
822688,67000.0
822777,111000.0
822785,202000.0
822858,90000.0
822880,85000.0
822882,188000.0
822883,184000.0
822930,155000.0
823118,126000.0
823126,110000.0
823190,125000.0
823243,179000.0
823305,104000.0
823338,250000.0
823411,197000.0
823441,99000.0
823596,60000.0
823639,161000.0
823761,165000.0
823773,145000.0
823798,113000.0
823815,176000.0
823830,191000.0
823846,156000.0
823949,176000.0
823958,188000.0
824041,99000.0
824138,118000.0
824141,95000.0
824236,162000.0
824250,69000.0
824261,144000.0
824528,104000.0
824533,104000.0
824564,85000.0
824568,85000.0
824571,161000.0
824575,156000.0
824602,104000.0
824686,105000.0
824788,352000.0
824810,177000.0
824857,104000.0
824886,62000.0
824906,158000.0
825094,107000.0
825107,255000.0
825186,155000.0
825386,122000.0
825462,79000.0
825470,124000.0
825472,124000.0
825473,125000.0
825700,146000.0
825862,135000.0
825950,203000.0
826171,121000.0
826173,121000.0
826309,183000.0
826322,183000.0
826408,720000.0
826453,78000.0
826522,112000.0
826555,201000.0
826607,144000.0
826650,133000.0
826863,93000.0
826864,89000.0
826881,117000.0
826893,320000.0
826896,76000.0
826968,103000.0
826977,103000.0
827191,77000.0
827214,175000.0
827230,100000.0
827234,106000.0
827325,379000.0
827359,111000.0
827399,130000.0
827481,269000.0
827619,108000.0
827688,147000.0
827711,484000.0
827954,279000.0
828025,75000.0
828031,168000.0
828082,105000.0
828144,160000.0
828174,160000.0
828265,120000.0
828273,127000.0
828285,164000.0
828351,539000.0
828477,117000.0
828604,119000.0
828623,95000.0
828718,203000.0
828750,116000.0
828793,139000.0
828812,134000.0
828827,113000.0
828862,244000.0
828965,205000.0
829067,91000.0
829087,171000.0
829171,772000.0
829240,336000.0
829278,80000.0
829282,215000.0
829293,97000.0
829295,124000.0
829318,115000.0
829322,134000.0
829336,130000.0
829344,188000.0
829351,272000.0
829359,198000.0
829367,198000.0
829372,198000.0
829378,198000.0
829383,89000.0
829389,198000.0
829390,88000.0
829395,117000.0
829413,129000.0
829417,188000.0
829419,188000.0
829599,220000.0
829600,171000.0
829612,200000.0
829673,133000.0
829767,234000.0
829883,76000.0
829947,113000.0
830002,119000.0
830122,57000.0
830143,87000.0
830151,90000.0
830160,139000.0
830199,91000.0
830245,209000.0
830262,235000.0
830265,209000.0
830279,358000.0
830280,110000.0
830333,86000.0
830384,73000.0
830410,85000.0
830446,92000.0
830448,62000.0
830535,139000.0
830581,87000.0
830587,160000.0
830702,90000.0
830731,171000.0
830739,103000.0
830764,406000.0
830772,94000.0
830774,94000.0
830971,218000.0
831037,83000.0
831091,243000.0
831105,161000.0
831106,220000.0
831112,93000.0
831247,216000.0
831261,145000.0
831269,165000.0
831321,111000.0
831459,150000.0
831529,63000.0
831628,346000.0
831792,66000.0
831881,185000.0
831882,186000.0
831883,186000.0
831884,186000.0
831910,183000.0
831944,198000.0
831946,232000.0
831947,231000.0
831949,231000.0
831950,231000.0
831960,221000.0
831961,178000.0
831974,229000.0
832022,116000.0
832156,630000.0
832213,209000.0
832254,236000.0
832261,234000.0
832343,72000.0
832367,202000.0
832436,137000.0
832439,144000.0
832460,320000.0
832470,91000.0
832511,105000.0
832513,109000.0
832624,96000.0
832707,123000.0
832726,142000.0
832780,392000.0
832924,144000.0
832953,165000.0
833013,173000.0
833045,194000.0
833051,185000.0
833052,303000.0
833055,185000.0
833056,185000.0
833057,185000.0
833058,185000.0
833091,101000.0
833216,187000.0
833233,107000.0
833350,111000.0
833459,95000.0
833510,152000.0
833525,215000.0
833527,104000.0
833554,819000.0
833634,156000.0
833668,83000.0
833688,242000.0
833789,262000.0
833827,130000.0
833846,160000.0
833858,100000.0
833886,282000.0
833925,95000.0
833968,94000.0
834026,216000.0
834042,200000.0
834049,189000.0
834113,414000.0
834265,79000.0
834280,185000.0
834315,103000.0
834335,155000.0
834341,113000.0
834343,78000.0
834348,81000.0
834350,169000.0
834391,187000.0
834443,132000.0
834451,105000.0
834514,164000.0
834613,350000.0
834616,349000.0
834623,382000.0
834662,89000.0
834702,177000.0
834746,256000.0
834751,251000.0
834764,130000.0
834785,203000.0
834788,112000.0
834836,155000.0
834858,146000.0
834903,192000.0
834917,160000.0
834959,164000.0
835037,99000.0
835090,127000.0
835122,93000.0
835129,179000.0
835137,201000.0
835262,212000.0
835290,140000.0
835307,209000.0
835336,101000.0
835361,77000.0
835388,223000.0
835459,98000.0
835465,127000.0
835522,235000.0
835523,108000.0
835635,115000.0
835651,161000.0
835661,161000.0
835673,110000.0
835692,145000.0
835759,89000.0
835813,357000.0
835814,357000.0
835816,357000.0
835884,556000.0
835965,164000.0
836013,209000.0
836041,99000.0
836103,111000.0
836173,203000.0
836254,323000.0
836316,239000.0
836341,204000.0
836417,76000.0
836550,89000.0
836555,135000.0
836556,124000.0
836559,124000.0
836561,124000.0
836562,87000.0
836563,139000.0
836564,124000.0
836566,84000.0
836735,115000.0
836782,131000.0
836821,154000.0
837005,449000.0
837092,155000.0
837095,155000.0
837197,284000.0
837467,108000.0
837506,239000.0
837521,131000.0
837550,95000.0
837592,85000.0
837618,135000.0
837632,77000.0
837642,138000.0
837658,87000.0
837769,130000.0
837779,130000.0
837784,185000.0
837831,181000.0
837832,88000.0
837836,161000.0
837961,116000.0
838054,68000.0
838186,70000.0
838254,104000.0
838257,165000.0
838287,255000.0
838374,100000.0
838443,271000.0
838471,125000.0
838609,101000.0
838636,99000.0
838681,129000.0
838696,49000.0
838729,172000.0
838745,180000.0
838778,105000.0
838834,90000.0
838840,242000.0
839042,284000.0
839134,185000.0
839179,117000.0
839299,188000.0
839328,191000.0
839358,127000.0
839379,159000.0
839481,121000.0
839688,216000.0
839804,129000.0
839807,129000.0
839857,363000.0
839875,113000.0
839896,107000.0
839906,106000.0
839907,106000.0
839912,95000.0
839923,105000.0
839964,82000.0
840015,134000.0
840075,91000.0
840137,86000.0
840187,76000.0
840267,88000.0
840277,88000.0
840279,88000.0
840282,88000.0
840284,88000.0
840287,88000.0
840313,75000.0
840333,73000.0
840334,139000.0
840337,134000.0
840425,915000.0
840558,404000.0
840569,161000.0
840632,119000.0
840829,117000.0
840859,249000.0
840895,105000.0
840951,92000.0
841008,74000.0
841041,112000.0
841075,144000.0
841077,296000.0
841273,126000.0
841289,182000.0
841313,99000.0
841337,163000.0
841354,277000.0
841376,167000.0
841400,203000.0
841446,114000.0
841484,462000.0
841515,159000.0
841521,121000.0
841536,169000.0
841557,192000.0
841585,104000.0
841696,231000.0
841763,187000.0
841803,81000.0
841851,733000.0
841869,148000.0
841984,153000.0
842034,199000.0
842041,75000.0
842044,92000.0
842056,155000.0
842219,155000.0
842222,97000.0
842243,197000.0
842245,169000.0
842350,169000.0
842357,136000.0
842459,95000.0
842460,250000.0
842623,93000.0
842624,574000.0
842791,104000.0
842797,150000.0
842808,130000.0
842868,305000.0
842953,544000.0
842960,96000.0
843026,61000.0
843041,94000.0
843066,72000.0
843070,80000.0
843072,224000.0
843183,159000.0
843192,98000.0
843194,98000.0
843197,94000.0
843201,98000.0
843205,149000.0
843339,100000.0
843353,115000.0
843397,56000.0
843417,100000.0
843468,117000.0
843471,129000.0
843505,100000.0
843512,113000.0
843536,231000.0
843564,102000.0
843575,125000.0
843622,112000.0
843737,114000.0
843742,81000.0
843767,84000.0
843770,130000.0
843784,90000.0
843794,153000.0
843797,105000.0
843906,82000.0
843914,57000.0
843942,180000.0
843943,70000.0
843979,145000.0
843980,112000.0
843993,71000.0
844008,82000.0
844035,62000.0
844085,141000.0
844097,141000.0
844104,141000.0
844109,154000.0
844110,116000.0
844126,172000.0
844162,113000.0
844165,141000.0
844198,89000.0
844211,97000.0
844233,134000.0
844310,91000.0
844316,97000.0
844329,75000.0
844338,75000.0
844468,248000.0
844503,153000.0
844536,102000.0
844539,101000.0
844564,154000.0
844590,265000.0
844617,184000.0
844640,219000.0
844716,88000.0
844747,81000.0
844748,80000.0
844755,80000.0
844762,80000.0
844789,80000.0
844804,102000.0
844846,210000.0
844847,150000.0
844849,204000.0
844855,210000.0
844856,75000.0
844857,153000.0
844862,157000.0
844886,94000.0
844915,186000.0
844925,111000.0
844991,173000.0
844993,75000.0
845024,135000.0
845033,85000.0
845082,241000.0
845083,283000.0
845096,141000.0
845106,199000.0
845107,111000.0
845121,94000.0
845124,96000.0
845155,153000.0
845166,80000.0
845183,240000.0
845217,174000.0
845244,165000.0
845251,106000.0
845344,99000.0
845370,226000.0
845397,93000.0
845405,181000.0
845471,108000.0
845486,121000.0
845528,94000.0
845534,106000.0
845545,111000.0
845594,119000.0
845685,83000.0
845705,125000.0
845720,118000.0
845802,84000.0
845879,93000.0
845943,76000.0
845962,150000.0
846140,451000.0
846147,976000.0
846152,113000.0
846284,185000.0
846499,107000.0
846556,145000.0
846559,116000.0
846573,83000.0
846575,191000.0
846768,88000.0
846871,241000.0
846968,72000.0
847095,74000.0
847100,53000.0
847161,72000.0
847191,490000.0
847227,86000.0
847230,74000.0
847306,307000.0
847476,137000.0
847537,42000.0
847657,165000.0
847727,138000.0
847766,172000.0
847773,89000.0
847809,216000.0
847861,113000.0
847892,130000.0
847917,137000.0
847950,216000.0
848039,96000.0
848093,100000.0
848095,445000.0
848112,321000.0
848157,174000.0
848164,116000.0
848302,135000.0
848330,187000.0
848365,393000.0
848375,156000.0
848386,112000.0
848437,113000.0
848493,149000.0
848543,115000.0
848549,173000.0
848623,117000.0
848661,142000.0
848707,77000.0
848775,162000.0
848843,286000.0
848978,102000.0
848989,184000.0
849002,118000.0
849024,116000.0
849047,124000.0
849062,138000.0
849064,126000.0
936612,77000.0
936685,129000.0
936696,421000.0
936725,190000.0
936735,54000.0
936772,88000.0
936806,103000.0
936808,194000.0
936854,96000.0
936871,162000.0
936899,145000.0
936915,96000.0
936923,104000.0
936950,177000.0
936973,111000.0
937001,121000.0
937003,188000.0
937056,245000.0
937090,300000.0
937110,156000.0
937130,108000.0
937183,740000.0
937255,111000.0
937276,546000.0
937318,151000.0
937335,121000.0
937337,357000.0
937358,105000.0
937360,105000.0
937362,105000.0
937390,279000.0
937462,164000.0
937472,164000.0
937477,164000.0
937493,142000.0
937518,63000.0
937519,63000.0
937555,110000.0
937658,221000.0
937662,122000.0
937663,93000.0
937665,93000.0
937676,121000.0
937694,132000.0
937735,124000.0
937740,480000.0
937751,200000.0
937776,168000.0
937780,88000.0
937812,83000.0
937813,83000.0
937943,77000.0
938043,125000.0
938056,195000.0
938064,71000.0
938068,89000.0
938080,128000.0
938114,209000.0
938187,91000.0
938204,477000.0
938206,133000.0
938209,102000.0
938212,147000.0
938232,72000.0
938233,85000.0
938349,535000.0
938350,611000.0
938351,1106000.0
938354,771000.0
938361,647000.0
938362,762000.0
938363,1096000.0
938433,625000.0
938579,390000.0
938635,109000.0
938636,114000.0
938637,109000.0
938639,126000.0
938651,353000.0
938670,104000.0
938703,119000.0
938705,119000.0
938715,115000.0
938733,106000.0
938812,109000.0
938814,100000.0
938894,415000.0
938913,72000.0
938938,185000.0
938957,207000.0
938990,60000.0
939010,202000.0
939028,237000.0
939075,90000.0
939121,116000.0
939133,76000.0
939146,305000.0
939224,103000.0
939227,158000.0
939256,126000.0
939297,524000.0
939305,94000.0
939310,228000.0
939349,148000.0
939360,148000.0
939392,106000.0
939400,177000.0
939409,137000.0
939411,150000.0
939414,148000.0
939420,138000.0
939421,149000.0
939438,586000.0
939494,235000.0
939496,149000.0
939497,137000.0
939501,96000.0
939587,92000.0
939589,89000.0
939629,544000.0
939636,97000.0
939645,126000.0
939650,457000.0
939666,77000.0
939669,253000.0
939711,83000.0
939877,138000.0
939886,112000.0
939890,102000.0
939892,129000.0
939905,92000.0
939930,154000.0
939935,520000.0
939960,264000.0
939964,203000.0
939970,71000.0
940066,68000.0
940094,131000.0
940095,149000.0
940096,293000.0
940118,100000.0
940138,106000.0
940168,144000.0
940172,144000.0
940240,97000.0
940262,81000.0
940282,203000.0
940283,203000.0
940336,127000.0
940389,277000.0
940487,332000.0
940552,233000.0
940571,181000.0
940579,77000.0
940602,277000.0
940627,356000.0
940735,99000.0
940740,148000.0
940742,250000.0
940767,291000.0
940788,188000.0
940807,92000.0
940855,97000.0
940868,119000.0
940875,119000.0
940876,190000.0
940890,931000.0
940950,85000.0
941026,217000.0
941059,224000.0
941089,154000.0
941112,138000.0
941121,491000.0
941123,64000.0
941146,105000.0
941344,119000.0
941346,842000.0
941369,167000.0
941370,149000.0
941373,130000.0
941384,71000.0
941500,109000.0
941524,104000.0
941554,69000.0
941713,105000.0
941780,95000.0
941782,233000.0
941786,119000.0
941790,111000.0
941791,87000.0
941792,109000.0
941793,193000.0
941797,95000.0
941798,92000.0
941801,80000.0
941810,103000.0
941826,182000.0
941843,101000.0
941862,108000.0
941864,118000.0
941867,108000.0
941875,100000.0
941876,108000.0
941881,159000.0
941883,87000.0
941884,115000.0
941891,115000.0
941919,125000.0
941959,129000.0
942057,262000.0
942070,322000.0
942098,210000.0
942103,210000.0
942105,210000.0
942106,98000.0
942109,96000.0
942111,210000.0
942113,113000.0
942115,210000.0
942116,117000.0
942130,120000.0
942139,79000.0
942145,225000.0
942168,174000.0
942177,127000.0
942181,115000.0
942196,181000.0
942210,88000.0
942217,123000.0
942275,148000.0
942370,175000.0
942375,175000.0
942383,236000.0
942415,237000.0
942422,76000.0
942463,74000.0
942469,107000.0
942480,96000.0
942488,88000.0
942583,115000.0
942628,169000.0
942635,83000.0
942636,83000.0
942651,89000.0
942653,470000.0
942655,105000.0
942657,102000.0
942741,894000.0
942753,281000.0
942779,125000.0
942802,91000.0
942843,76000.0
942844,209000.0
942890,348000.0
942964,76000.0
942968,125000.0
942969,125000.0
942985,135000.0
942989,228000.0
942990,123000.0
943022,76000.0
943032,101000.0
943039,988000.0
943044,134000.0
943112,153000.0
943140,113000.0
943141,152000.0
943143,113000.0
943145,86000.0
943149,113000.0
943167,226000.0
943193,184000.0
943238,171000.0
943352,99000.0
943368,88000.0
943373,123000.0
943397,412000.0
943398,188000.0
943402,158000.0
943412,203000.0
943473,236000.0
943478,105000.0
943482,288000.0
943484,176000.0
943489,89000.0
943497,762000.0
943503,182000.0
943504,209000.0
943505,209000.0
943592,80000.0
943684,80000.0
943693,127000.0
943696,552000.0
943698,88000.0
943699,81000.0
943750,312000.0
943756,766000.0
943782,94000.0
943783,79000.0
943810,202000.0
943821,618000.0
943822,200000.0
943872,89000.0
943889,207000.0
943928,79000.0
943939,170000.0
943944,64000.0
943953,177000.0
943954,158000.0
943955,139000.0
943960,162000.0
943964,121000.0
943968,153000.0
943969,153000.0
943985,125000.0
944000,153000.0
944002,125000.0
944018,465000.0
944025,98000.0
944030,91000.0
944101,79000.0
944105,74000.0
944256,344000.0
944265,112000.0
944289,103000.0
944295,138000.0
944305,76000.0
944306,76000.0
944312,76000.0
944341,167000.0
944342,167000.0
944347,112000.0
944360,181000.0
944384,93000.0
944425,200000.0
944434,98000.0
944435,88000.0
944436,88000.0
944442,1206000.0
944552,197000.0
944568,255000.0
944662,94000.0
944671,190000.0
944683,110000.0
944887,186000.0
944902,231000.0
944906,153000.0
944913,120000.0
944921,100000.0
944935,89000.0
944942,107000.0
944943,107000.0
944955,426000.0
944967,481000.0
945015,172000.0
945046,187000.0
945082,79000.0
945116,87000.0
945151,184000.0
945180,62000.0
945181,62000.0
945182,168000.0
945273,82000.0
945283,123000.0
945305,69000.0
945332,99000.0
945388,60000.0
945444,201000.0
945448,647000.0
945453,147000.0
945454,228000.0
945470,134000.0
945495,245000.0
945498,245000.0
945505,248000.0
945513,123000.0
945554,183000.0
945590,117000.0
945627,166000.0
945628,185000.0
945629,165000.0
945630,165000.0
945749,124000.0
945790,333000.0
945801,494000.0
945838,120000.0
945839,145000.0
945840,145000.0
945843,89000.0
945880,76000.0
945900,135000.0
945901,135000.0
945902,135000.0
945903,135000.0
945940,87000.0
945942,89000.0
945945,110000.0
945946,110000.0
945952,178000.0
945965,1151000.0
945967,800000.0
945997,88000.0
945998,196000.0
946016,126000.0
946307,93000.0
946318,260000.0
946327,182000.0
946351,81000.0
946358,157000.0
946373,100000.0
946376,172000.0
946385,134000.0
946386,126000.0
946397,83000.0
946398,76000.0
946401,92000.0
946403,180000.0
946433,85000.0
946446,67000.0
946447,86000.0
946448,148000.0
946462,77000.0
946463,77000.0
946492,179000.0
946496,88000.0
946540,282000.0
946541,194000.0
946591,112000.0
946601,109000.0
946638,286000.0
946640,79000.0
946653,79000.0
946678,487000.0
946687,125000.0
946688,125000.0
946689,116000.0
946716,143000.0
946732,204000.0
946738,146000.0
946746,203000.0
946779,86000.0
946784,106000.0
946788,128000.0
946820,203000.0
946836,119000.0
946870,66000.0
946873,66000.0
946896,94000.0
946944,86000.0
946972,122000.0
946973,103000.0
947007,81000.0
947031,139000.0
947057,133000.0
947141,140000.0
947176,241000.0
947187,181000.0
947206,522000.0
947216,598000.0
947274,638000.0
947300,380000.0
947332,863000.0
947383,119000.0
947395,212000.0
947405,498000.0
947436,88000.0
947473,100000.0
947495,116000.0
947530,126000.0
947537,356000.0
947552,170000.0
947564,172000.0
947584,209000.0
947625,83000.0
947677,613000.0
947689,119000.0
947698,163000.0
947699,232000.0
947700,233000.0
947701,77000.0
947702,77000.0
947725,102000.0
947743,175000.0
947833,225000.0
947872,169000.0
947881,130000.0
947930,144000.0
947977,387000.0
948034,93000.0
948036,93000.0
948039,93000.0
948066,136000.0
948107,300000.0
948115,117000.0
948121,93000.0
948137,172000.0
948148,232000.0
948306,209000.0
948339,425000.0
948361,228000.0
948386,140000.0
948387,140000.0
948388,105000.0
948423,197000.0
948470,153000.0
948479,133000.0
948484,104000.0
948486,123000.0
948598,113000.0
948607,96000.0
948629,134000.0
948630,135000.0
948631,134000.0
948632,134000.0
948633,134000.0
948641,134000.0
948643,134000.0
948651,140000.0
948652,143000.0
948675,92000.0
948740,105000.0
948743,81000.0
948744,96000.0
948745,97000.0
948774,214000.0
948789,365000.0
948807,126000.0
948808,126000.0
948809,128000.0
948813,112000.0
948816,210000.0
948819,210000.0
948830,84000.0
948870,153000.0
948912,83000.0
948941,82000.0
949105,129000.0
949143,212000.0
949144,109000.0
949147,109000.0
949248,334000.0
949250,133000.0
949278,119000.0
949283,276000.0
949293,89000.0
949340,97000.0
949379,75000.0
949426,104000.0
949427,298000.0
949428,120000.0
949431,79000.0
949443,124000.0
949474,167000.0
949492,595000.0
949501,102000.0
949517,100000.0
949518,169000.0
949519,100000.0
949529,86000.0
949544,134000.0
949545,135000.0
949584,112000.0
949592,201000.0
949593,155000.0
949627,82000.0
949651,131000.0
949661,168000.0
949762,143000.0
949815,111000.0
949827,164000.0
949858,108000.0
949933,75000.0
949934,120000.0
949943,130000.0
949960,200000.0
950036,80000.0
950037,73000.0
950038,231000.0
950039,244000.0
950044,106000.0
950060,107000.0
950088,169000.0
950194,141000.0
950227,124000.0
950234,271000.0
950303,163000.0
950339,92000.0
950374,142000.0
950378,53000.0
950382,169000.0
950385,110000.0
950489,246000.0
950576,126000.0
950581,148000.0
950583,138000.0
950584,138000.0
950585,138000.0
950607,104000.0
950630,607000.0
950634,164000.0
950664,87000.0
950671,407000.0
950686,237000.0
950746,77000.0
950751,68000.0
950916,189000.0
951001,86000.0
951065,274000.0
951129,81000.0
951162,285000.0
951195,116000.0
951200,172000.0
951201,174000.0
951405,86000.0
951412,151000.0
951454,86000.0
951460,145000.0
951463,145000.0
951471,131000.0
951553,108000.0
951564,132000.0
951646,214000.0
951663,205000.0
951687,753000.0
951692,77000.0
951704,174000.0
951780,200000.0
951782,139000.0
951915,62000.0
951963,133000.0
951975,142000.0
951988,102000.0
952013,182000.0
952025,900000.0
952036,261000.0
952096,261000.0
952268,144000.0
952271,124000.0
952273,112000.0
952448,411000.0
952466,105000.0
952537,68000.0
952541,161000.0
952545,599000.0
952546,583000.0
952566,75000.0
952651,166000.0
952689,194000.0
952699,336000.0
952773,95000.0
952778,355000.0
952818,402000.0
952900,100000.0
952916,84000.0
953005,207000.0
953024,303000.0
953047,113000.0
953057,127000.0
953161,325000.0
953163,314000.0
953176,65000.0
953177,65000.0
953181,65000.0
953182,65000.0
953227,95000.0
953228,123000.0
953237,193000.0
953293,132000.0
953325,86000.0
953326,89000.0
953330,76000.0
953375,142000.0
953481,160000.0
953486,455000.0
953512,179000.0
953552,195000.0
953564,142000.0
953626,159000.0
953702,243000.0
953744,86000.0
953778,85000.0
953795,244000.0
953797,295000.0
953857,102000.0
953894,411000.0
953920,266000.0
953922,267000.0
953931,103000.0
953965,121000.0
954066,98000.0
954138,247000.0
954190,147000.0
954216,143000.0
954292,154000.0
954302,236000.0
954319,98000.0
954351,728000.0
954413,82000.0
954419,400000.0
954452,472000.0
954503,149000.0
954505,115000.0
954535,79000.0
954548,128000.0
954563,90000.0
954578,173000.0
954584,184000.0
954608,216000.0
954615,78000.0
954627,136000.0
954649,290000.0
954700,311000.0
954717,144000.0
954721,73000.0
954735,125000.0
954747,199000.0
954762,482000.0
954787,225000.0
954809,82000.0
954828,123000.0
954831,88000.0
954867,156000.0
954868,161000.0
954880,92000.0
954892,548000.0
954911,82000.0
954926,396000.0
954928,732000.0
954955,83000.0
954963,286000.0
954972,1065000.0
954992,199000.0
955082,172000.0
955110,181000.0
955132,132000.0
955142,291000.0
955152,190000.0
955153,457000.0
955160,231000.0
955162,67000.0
955164,307000.0
955189,127000.0
955190,176000.0
955207,181000.0
955287,146000.0
955308,162000.0
955309,162000.0
955361,98000.0
955376,181000.0
955429,108000.0
955444,87000.0
955445,175000.0
955456,81000.0
955502,613000.0
955525,247000.0
955528,77000.0
955541,129000.0
955557,250000.0
955562,454000.0
955575,214000.0
955601,260000.0
955609,126000.0
955639,135000.0
955664,158000.0
955682,152000.0
955700,177000.0
955727,175000.0
955782,106000.0
955786,77000.0
955801,218000.0
955815,178000.0
955864,120000.0
955926,182000.0
955932,159000.0
955939,373000.0
955961,117000.0
955974,83000.0
955994,88000.0
956001,93000.0
956005,218000.0
956031,566000.0
956035,90000.0
956036,90000.0
956038,295000.0
956042,90000.0
956044,90000.0
956046,90000.0
956050,90000.0
956051,90000.0
956130,146000.0
956137,66000.0
956144,222000.0
956156,142000.0
956187,127000.0
956223,128000.0
956246,63000.0
956263,179000.0
956304,146000.0
956308,615000.0
956488,112000.0
956523,199000.0
956535,223000.0
956556,108000.0
956558,230000.0
956600,323000.0
956627,418000.0
956631,82000.0
956661,260000.0
956687,87000.0
956694,166000.0
956767,241000.0
956774,74000.0
956907,225000.0
956962,128000.0
956966,81000.0
957053,183000.0
957065,73000.0
957149,242000.0
957192,194000.0
957242,187000.0
957408,78000.0
957420,77000.0
957421,190000.0
957444,157000.0
957446,113000.0
957539,355000.0
957550,80000.0
957566,112000.0
957573,161000.0
957608,117000.0
957648,114000.0
957674,80000.0
957675,80000.0
957676,80000.0
957679,191000.0
957684,85000.0
957685,56000.0
957687,121000.0
957699,151000.0
957708,199000.0
957709,199000.0
957720,92000.0
957724,102000.0
957725,77000.0
957749,112000.0
957758,110000.0
957793,86000.0
957840,134000.0
957852,216000.0
957875,150000.0
957955,147000.0
957967,163000.0
957971,214000.0
957987,92000.0
958016,157000.0
958019,101000.0
958038,184000.0
958045,66000.0
958063,419000.0
958116,137000.0
958119,89000.0
958190,111000.0
958198,143000.0
958259,155000.0
958270,169000.0
958285,87000.0
958288,200000.0
958345,129000.0
958383,87000.0
958422,105000.0
958425,220000.0
958428,180000.0
958430,164000.0
958447,85000.0
958454,81000.0
958455,68000.0
958456,83000.0
958493,82000.0
958512,211000.0
958516,82000.0
958517,140000.0
958519,99000.0
958526,113000.0
958527,165000.0
958533,236000.0
958535,70000.0
958538,94000.0
958565,78000.0
958569,146000.0
958570,85000.0
958572,127000.0
958601,72000.0
958657,133000.0
958666,221000.0
958667,106000.0
958671,102000.0
958675,156000.0
958676,168000.0
958679,100000.0
958693,54000.0
958694,54000.0
958697,54000.0
958698,54000.0
958705,127000.0
958707,216000.0
958770,127000.0
958783,162000.0
958791,202000.0
958792,197000.0
958793,144000.0
958797,116000.0
958799,162000.0
958831,307000.0
958839,201000.0
958896,124000.0
958898,204000.0
958985,122000.0
959021,453000.0
959030,95000.0
959031,132000.0
959060,315000.0
959112,117000.0
959114,189000.0
959117,82000.0
959118,125000.0
959121,103000.0
959122,85000.0
959123,117000.0
959124,189000.0
959125,82000.0
959126,85000.0
959128,82000.0
959129,85000.0
959130,97000.0
959131,125000.0
959133,96000.0
959134,259000.0
959142,152000.0
959153,636000.0
959154,636000.0
959166,129000.0
959224,108000.0
959227,122000.0
959265,74000.0
959323,140000.0
959324,89000.0
959357,187000.0
959362,687000.0
959394,278000.0
959419,188000.0
959433,148000.0
959451,147000.0
959466,207000.0
959468,77000.0
959469,92000.0
959476,94000.0
959683,197000.0
959723,91000.0
959725,129000.0
959726,129000.0
959728,129000.0
959741,179000.0
959742,165000.0
959743,170000.0
959744,156000.0
959757,275000.0
959759,113000.0
959940,93000.0
959967,368000.0
960018,312000.0
960029,266000.0
960058,87000.0
960091,202000.0
960118,85000.0
960163,98000.0
960165,130000.0
960169,146000.0
960226,201000.0
960235,134000.0
960241,90000.0
960274,126000.0
960275,181000.0
960284,90000.0
960286,88000.0
960287,68000.0
960289,88000.0
960290,74000.0
960310,408000.0
960340,123000.0
960362,90000.0
960393,105000.0
960410,92000.0
960431,214000.0
960451,123000.0
960478,355000.0
960529,168000.0
960530,129000.0
960581,88000.0
960597,74000.0
960598,312000.0
960634,145000.0
960687,157000.0
960863,162000.0
960913,92000.0
960931,94000.0
960946,124000.0
960947,96000.0
960983,215000.0
961006,62000.0
961035,382000.0
961042,222000.0
961048,134000.0
961123,154000.0
961141,246000.0
961143,367000.0
961183,153000.0
961216,177000.0
961226,78000.0
961246,173000.0
961256,74000.0
961289,106000.0
961337,92000.0
961387,246000.0
961389,196000.0
961395,95000.0
961408,250000.0
961419,92000.0
961420,92000.0
961421,92000.0
961452,208000.0
961461,210000.0
961478,168000.0
961488,101000.0
961489,142000.0
961522,119000.0
961530,219000.0
961548,107000.0
961574,248000.0
961601,191000.0
961605,72000.0
961608,445000.0
961609,162000.0
961699,219000.0
961715,199000.0
961768,188000.0
961788,190000.0
961789,202000.0
961790,138000.0
961791,200000.0
961792,142000.0
961817,88000.0
961822,387000.0
961854,211000.0
961872,120000.0
961877,192000.0
961882,170000.0
962051,82000.0
962065,553000.0
962066,186000.0
962080,689000.0
962082,97000.0
962083,221000.0
962090,320000.0
962109,164000.0
962116,110000.0
962141,271000.0
962144,271000.0
962159,225000.0
962160,190000.0
962165,50000.0
962176,161000.0
962178,121000.0
962179,109000.0
962180,134000.0
962181,125000.0
962182,82000.0
962184,80000.0
962186,141000.0
962217,105000.0
962219,114000.0
962225,114000.0
962235,536000.0
962236,536000.0
962263,166000.0
962287,357000.0
962316,149000.0
962319,565000.0
962336,157000.0
962412,99000.0
962416,137000.0
962419,134000.0
962438,152000.0
962448,106000.0
962501,93000.0
962520,132000.0
962546,125000.0
962551,102000.0
962559,100000.0
962567,167000.0
962572,147000.0
962579,133000.0
962585,208000.0
962586,205000.0
962591,122000.0
962592,122000.0
962630,131000.0
962635,146000.0
962677,95000.0
962728,84000.0
962755,179000.0
962778,161000.0
962796,227000.0
962835,312000.0
962839,312000.0
962845,122000.0
962907,191000.0
962922,579000.0
963001,143000.0
963003,79000.0
963019,87000.0
963020,192000.0
963022,87000.0
963023,192000.0
963041,94000.0
963049,312000.0
963118,249000.0
963122,247000.0
963130,177000.0
963165,61000.0
963199,139000.0
963205,69000.0
963229,199000.0
963313,465000.0
963314,196000.0
963319,92000.0
963325,82000.0
963327,73000.0
963340,145000.0
963362,116000.0
963366,118000.0
963375,502000.0
963378,184000.0
963381,157000.0
963447,205000.0
963472,174000.0
963488,196000.0
963490,118000.0
963539,562000.0
963651,100000.0
963676,110000.0
963682,76000.0
963837,79000.0
963857,288000.0
963905,233000.0
963929,138000.0
963960,116000.0
963971,1186000.0
963973,165000.0
963986,123000.0
964018,109000.0
964048,245000.0
964049,245000.0
964055,209000.0
964098,61000.0
964135,66000.0
964156,151000.0
964157,93000.0
964171,289000.0
964207,102000.0
964208,100000.0
964209,102000.0
964271,160000.0
964304,119000.0
964312,103000.0
964314,319000.0
964333,161000.0
964369,138000.0
964488,177000.0
964527,75000.0
964570,191000.0
964580,1024000.0
964591,158000.0
964592,160000.0
964593,158000.0
964595,195000.0
964622,229000.0
964625,133000.0
964642,1307000.0
964705,219000.0
964813,75000.0
964839,221000.0
964849,65000.0
964911,64000.0
964984,119000.0
964997,181000.0
965033,175000.0
965053,80000.0
965089,145000.0
965099,124000.0
965116,132000.0
965131,62000.0
965145,112000.0
965153,222000.0
965176,994000.0
965182,705000.0
965184,128000.0
965201,169000.0
965216,96000.0
965242,82000.0
965260,97000.0
965262,192000.0
965305,82000.0
965315,104000.0
965320,141000.0
965321,201000.0
965322,94000.0
965324,194000.0
965325,130000.0
965326,121000.0
965341,273000.0
965342,670000.0
965346,88000.0
965349,150000.0
965438,79000.0
965466,86000.0
965474,216000.0
965499,135000.0
965515,643000.0
965560,487000.0
965648,228000.0
965688,386000.0
965717,128000.0
965754,711000.0
965792,226000.0
965794,565000.0
965821,681000.0
965856,126000.0
965860,126000.0
965954,167000.0
965967,61000.0
965968,482000.0
965975,168000.0
965981,90000.0
965989,406000.0
965993,189000.0
966015,270000.0
966059,223000.0
966070,100000.0
966074,192000.0
966123,79000.0
966139,142000.0
966205,139000.0
966220,175000.0
966221,154000.0
966238,85000.0
966269,85000.0
966276,144000.0
966385,147000.0
966397,79000.0
966400,92000.0
966406,94000.0
966407,203000.0
966413,118000.0
966548,136000.0
966549,118000.0
966562,240000.0
966579,131000.0
966639,142000.0
966650,73000.0
966654,133000.0
966664,87000.0
966674,85000.0
966692,200000.0
966729,151000.0
966732,477000.0
966736,69000.0
966737,90000.0
966740,84000.0
966773,68000.0
966776,449000.0
966777,92000.0
966785,131000.0
966863,260000.0
966867,137000.0
966884,58000.0
967014,187000.0
967027,98000.0
967032,42000.0
967048,118000.0
967051,185000.0
967073,56000.0
967078,84000.0
967082,86000.0
967103,267000.0
967105,336000.0
967112,146000.0
967117,76000.0
967166,177000.0
967193,105000.0
967213,94000.0
967243,351000.0
967255,220000.0
967256,159000.0
967274,68000.0
967362,486000.0
967411,410000.0
967424,102000.0
967430,148000.0
967440,271000.0
967447,65000.0
967477,124000.0
967478,167000.0
967479,124000.0
967480,167000.0
967481,124000.0
967482,124000.0
967517,226000.0
967546,100000.0
967589,491000.0
967639,143000.0
967656,626000.0
967666,121000.0
967726,169000.0
967727,83000.0
967768,216000.0
967803,244000.0
967816,120000.0
967891,105000.0
967966,122000.0
967985,86000.0
967996,121000.0
968019,184000.0
968035,445000.0
968063,221000.0
968149,381000.0
968159,207000.0
968186,185000.0
968187,233000.0
968188,128000.0
968215,208000.0
968217,219000.0
968228,64000.0
968232,82000.0
968238,100000.0
968240,100000.0
968277,241000.0
968292,147000.0
968333,101000.0
968353,196000.0
968365,85000.0
968442,132000.0
968487,87000.0
968527,317000.0
968535,359000.0
968598,65000.0
968605,536000.0
968628,164000.0
968631,84000.0
968633,73000.0
968723,357000.0
968786,88000.0
968788,79000.0
968812,141000.0
968839,164000.0
968898,242000.0
968899,226000.0
968907,271000.0
968908,138000.0
968942,108000.0
968974,109000.0
968981,231000.0
968986,212000.0
968991,125000.0
969006,181000.0
969040,137000.0
969050,143000.0
969082,259000.0
969083,381000.0
969126,124000.0
969168,138000.0
969211,182000.0
969215,168000.0
969216,112000.0
969312,73000.0
969313,171000.0
969332,82000.0
969338,82000.0
969382,86000.0
969384,124000.0
969386,185000.0
969420,142000.0
969432,233000.0
969434,222000.0
969465,191000.0
969484,106000.0
969486,290000.0
969510,322000.0
969529,114000.0
969551,173000.0
969572,121000.0
969592,82000.0
969597,229000.0
969753,147000.0
969763,83000.0
969791,360000.0
969793,60000.0
969821,86000.0
969838,124000.0
969862,143000.0
969873,316000.0
969882,169000.0
969889,585000.0
969891,85000.0
969926,121000.0
969928,75000.0
969929,75000.0
969933,106000.0
969954,159000.0
970078,119000.0
970079,316000.0
970210,91000.0
970216,91000.0
970312,193000.0
970329,82000.0
970398,213000.0
970400,90000.0
970401,90000.0
970404,90000.0
970405,90000.0
970412,90000.0
970427,187000.0
970442,442000.0
970459,135000.0
970491,232000.0
970585,91000.0
970587,258000.0
970654,587000.0
970657,257000.0
970705,108000.0
970711,121000.0
970714,225000.0
970728,304000.0
970764,170000.0
970771,266000.0
970786,80000.0
970817,177000.0
970868,64000.0
970888,109000.0
970947,105000.0
970961,138000.0
970980,89000.0
970988,441000.0
971011,176000.0
971020,170000.0
971029,76000.0
971033,72000.0
971083,164000.0
971088,61000.0
971102,307000.0
971111,81000.0
971160,204000.0
971222,77000.0
971235,217000.0
971238,141000.0
971248,105000.0
971264,94000.0
971332,219000.0
971401,114000.0
971433,173000.0
971445,162000.0
971483,320000.0
971505,122000.0
971510,98000.0
971557,125000.0
971558,465000.0
971561,152000.0
971563,68000.0
971591,345000.0
971615,471000.0
971627,113000.0
971633,124000.0
971661,267000.0
971666,122000.0
971673,244000.0
971685,170000.0
971688,95000.0
971731,1025000.0
971733,204000.0
971748,227000.0
971779,124000.0
971780,69000.0
971794,497000.0
971800,405000.0
971828,80000.0
971852,371000.0
971853,105000.0
971869,163000.0
971893,81000.0
971896,510000.0
971941,107000.0
971953,149000.0
971973,113000.0
971981,735000.0
972061,286000.0
972062,286000.0
972118,80000.0
972189,200000.0
972259,139000.0
972279,78000.0
972291,108000.0
972303,136000.0
972341,72000.0
972396,148000.0
972409,95000.0
972423,147000.0
972428,147000.0
972438,141000.0
972457,133000.0
972463,102000.0
972466,109000.0
972471,221000.0
972475,121000.0
972507,139000.0
972521,917000.0
972525,374000.0
972565,80000.0
972580,133000.0
972715,226000.0
972769,121000.0
972838,109000.0
972842,204000.0
972867,81000.0
972923,136000.0
973030,108000.0
973244,69000.0
973273,139000.0
973296,58000.0
973300,143000.0
973304,105000.0
973322,104000.0
973360,91000.0
973361,145000.0
973392,97000.0
973393,163000.0
973399,86000.0
973409,57000.0
973625,94000.0
973626,98000.0
973674,76000.0
973790,184000.0
973799,540000.0
973800,190000.0
973808,329000.0
973816,219000.0
973848,106000.0
973849,106000.0
973850,125000.0
973852,68000.0
973913,115000.0
973914,115000.0
973919,99000.0
973923,464000.0
973931,106000.0
973933,125000.0
973936,102000.0
973937,102000.0
973938,102000.0
973939,116000.0
973974,109000.0
973997,315000.0
973998,427000.0
974004,76000.0
974009,94000.0
974010,89000.0
974011,130000.0
974029,85000.0
974044,341000.0
974062,229000.0
974122,124000.0
974123,123000.0
974125,102000.0
974128,201000.0
974129,201000.0
974130,201000.0
974132,106000.0
974138,82000.0
974182,144000.0
974209,136000.0
974288,98000.0
974291,535000.0
974321,82000.0
974325,251000.0
974329,93000.0
974335,138000.0
974337,115000.0
974363,193000.0
974365,88000.0
974370,169000.0
974406,150000.0
974407,150000.0
974432,84000.0
974460,86000.0
974472,88000.0
974498,349000.0
974527,182000.0
974566,69000.0
974570,112000.0
974571,56000.0
974605,187000.0
974625,125000.0
974627,103000.0
974737,109000.0
974748,163000.0
974756,286000.0
974802,459000.0
974803,179000.0
974848,93000.0
974863,135000.0
974957,161000.0
974995,105000.0
975004,172000.0
975034,106000.0
975045,89000.0
975064,274000.0
975094,107000.0
975113,440000.0
975121,67000.0
975142,552000.0
975189,253000.0
975204,260000.0
975684,608000.0
975738,553000.0
975893,69000.0
975960,175000.0
975965,117000.0
975971,240000.0
975973,129000.0
976102,164000.0
976136,79000.0
976176,67000.0
976194,91000.0
976223,123000.0
976790,91000.0
976796,100000.0
976831,124000.0
976844,199000.0
976846,147000.0
976869,210000.0
976876,90000.0
976942,134000.0
976948,232000.0
977106,89000.0
977126,109000.0
977160,265000.0
977222,90000.0
977224,90000.0
977232,293000.0
977312,469000.0
977316,92000.0
977321,194000.0
977324,123000.0
977326,150000.0
977344,116000.0
977374,65000.0
977376,340000.0
977377,113000.0
977379,146000.0
977412,126000.0
977458,130000.0
977460,127000.0
977464,96000.0
977488,220000.0
977506,1602000.0
977613,193000.0
977650,97000.0
977652,276000.0
977653,78000.0
977658,456000.0
977661,119000.0
977687,88000.0
977726,87000.0
977754,264000.0
977778,74000.0
977783,74000.0
977790,69000.0
977815,156000.0
977816,163000.0
977850,164000.0
977854,65000.0
977860,226000.0
977892,150000.0
977893,156000.0
977908,162000.0
977923,244000.0
977960,81000.0
977971,91000.0
978147,157000.0
978197,55000.0
978202,120000.0
978203,40000.0
978279,106000.0
978321,128000.0
978322,94000.0
978325,94000.0
978329,138000.0
978331,94000.0
978334,126000.0
978348,132000.0
978375,86000.0
978425,115000.0
978427,129000.0
978429,112000.0
978432,127000.0
978444,320000.0
978449,187000.0
978673,419000.0
978695,185000.0
978730,140000.0
978731,83000.0
978753,82000.0
978765,112000.0
978789,68000.0
978795,207000.0
978858,359000.0
978906,101000.0
978909,358000.0
978910,223000.0
978912,358000.0
978935,99000.0
978958,275000.0
978959,275000.0
978999,696000.0
979014,174000.0
979050,181000.0
979051,181000.0
979084,143000.0
979101,83000.0
979108,105000.0
979121,123000.0
979131,99000.0
979175,76000.0
979191,358000.0
979243,57000.0
979248,104000.0
979249,120000.0
979256,74000.0
979279,70000.0
979282,70000.0
979283,93000.0
979319,143000.0
979358,342000.0
979369,143000.0
979393,111000.0
979403,73000.0
979443,115000.0
979445,90000.0
979447,90000.0
979449,90000.0
979453,90000.0
979457,127000.0
979458,412000.0
979468,139000.0
979551,216000.0
979584,66000.0
979587,313000.0
979595,86000.0
979642,135000.0
979659,90000.0
979665,64000.0
979679,134000.0
979743,79000.0
979750,81000.0
979751,78000.0
979812,92000.0
979832,248000.0
979837,70000.0
979853,276000.0
979854,212000.0
979931,154000.0
980083,204000.0
980197,105000.0
980233,140000.0
980239,82000.0
980240,129000.0
980273,154000.0
980329,251000.0
980330,324000.0
980349,104000.0
980411,490000.0
980460,77000.0
980526,340000.0
980552,152000.0
980564,96000.0
980566,100000.0
980601,134000.0
980692,102000.0
980751,101000.0
980849,95000.0
980863,101000.0
980864,178000.0
980867,94000.0
980942,855000.0
980981,187000.0
981136,173000.0
981167,108000.0
981169,186000.0
981268,105000.0
981269,105000.0
981270,105000.0
981332,86000.0
981380,73000.0
981464,127000.0
981671,113000.0
981683,684000.0
981684,935000.0
981685,423000.0
981689,405000.0
981696,222000.0
981697,249000.0
981698,140000.0
981699,139000.0
981714,77000.0
981742,119000.0
981894,153000.0
981947,161000.0
982012,97000.0
982055,91000.0
982274,199000.0
982285,100000.0
983029,333000.0
983030,382000.0
983126,207000.0
983170,94000.0
983293,188000.0
983294,236000.0
983298,75000.0
983374,93000.0
983378,159000.0
983651,164000.0
983752,107000.0
984096,82000.0
984122,66000.0
984320,81000.0
984322,249000.0
984733,80000.0
984734,101000.0
984768,238000.0
984892,96000.0
985039,112000.0
985041,330000.0
985042,330000.0
985043,330000.0
985119,272000.0
985151,118000.0
985154,117000.0
985156,173000.0
985159,426000.0
985161,188000.0
985165,671000.0
985166,844000.0
985167,399000.0
985313,131000.0
985320,163000.0
985337,177000.0
985364,88000.0
985407,123000.0
985520,105000.0
985545,63000.0
985670,90000.0
985683,134000.0
985684,120000.0
985767,129000.0
985811,99000.0
985813,89000.0
985814,102000.0
985815,89000.0
985818,81000.0
985840,199000.0
985841,116000.0
985981,190000.0
986056,151000.0
986103,116000.0
986115,92000.0
986139,104000.0
986207,89000.0
986208,90000.0
986212,133000.0
986213,135000.0
986214,138000.0
986274,210000.0
986275,228000.0
986390,116000.0
986417,122000.0
986512,181000.0
986616,88000.0
986618,87000.0
987237,118000.0
987240,134000.0
987247,90000.0
987346,205000.0
987563,158000.0
987614,291000.0
987631,356000.0
987671,215000.0
987844,308000.0
987916,90000.0
987959,187000.0
988030,85000.0
988085,199000.0
988120,80000.0
988128,114000.0
988131,76000.0
988330,223000.0
988404,183000.0
988522,107000.0
988664,111000.0
988763,76000.0
988798,124000.0
988844,135000.0
988874,180000.0
988876,78000.0
988929,159000.0
988942,113000.0
988993,394000.0
989061,75000.0
989298,115000.0
989301,72000.0
989302,224000.0
989305,72000.0
989372,98000.0
989373,98000.0
989378,194000.0
989379,194000.0
989380,72000.0
989419,89000.0
989524,117000.0
989588,119000.0
989589,130000.0
989592,185000.0
989593,95000.0
989666,109000.0
989733,177000.0
989814,96000.0
989873,138000.0
989876,115000.0
989903,49000.0
989933,84000.0
989942,266000.0
989988,87000.0
989990,87000.0
989996,152000.0
990011,129000.0
990133,144000.0
990149,161000.0
990150,110000.0
990151,110000.0
990152,110000.0
990166,133000.0
990272,458000.0
990286,109000.0
990330,240000.0
991069,177000.0
991073,87000.0
991157,102000.0
991199,110000.0
991266,259000.0
991272,623000.0
991278,104000.0
991349,152000.0
991352,221000.0
991425,203000.0
991464,687000.0
991467,114000.0
991468,127000.0
991469,124000.0
991475,93000.0
991477,139000.0
991480,153000.0
991487,206000.0
991490,89000.0
991616,458000.0
991701,142000.0
991703,114000.0
991720,102000.0
991738,172000.0
991812,141000.0
991825,162000.0
991826,184000.0
991832,537000.0
991836,290000.0
991895,74000.0
991908,73000.0
991913,84000.0
991940,130000.0
992565,176000.0
992574,182000.0
992717,230000.0
992721,161000.0
992722,161000.0
992724,95000.0
992726,93000.0
992727,150000.0
992728,67000.0
992745,152000.0
992746,122000.0
992775,132000.0
992783,107000.0
992832,578000.0
992874,135000.0
992899,83000.0
992904,78000.0
992948,127000.0
992977,57000.0
992988,93000.0
993216,85000.0
993459,210000.0
993468,262000.0
993509,130000.0
993527,78000.0
994032,119000.0
994088,360000.0
994215,126000.0
994299,69000.0
994506,129000.0
994507,68000.0
994530,138000.0
994764,163000.0
994812,116000.0
994814,116000.0
994834,116000.0
994906,175000.0
994936,148000.0
994956,158000.0
994960,134000.0
994983,172000.0
994991,130000.0
994995,94000.0
995000,282000.0
995001,134000.0
995007,122000.0
995008,122000.0
995021,102000.0
995031,100000.0
995035,100000.0
995036,100000.0
995042,110000.0
995044,82000.0
995055,156000.0
995057,159000.0
995076,124000.0
995118,135000.0
995133,62000.0
995142,90000.0
995260,103000.0
995313,267000.0
995352,90000.0
995366,84000.0
995437,156000.0
995479,206000.0
995619,149000.0
995646,137000.0
995669,117000.0
995780,75000.0
995874,227000.0
995916,123000.0
995946,100000.0
995947,60000.0
995948,325000.0
996053,97000.0
996103,274000.0
996178,88000.0
996180,164000.0
996184,167000.0
996364,97000.0
996473,404000.0
996581,158000.0
996796,162000.0
996804,122000.0
997041,189000.0
997166,291000.0
997167,295000.0
997168,256000.0
997186,99000.0
997196,121000.0
997244,104000.0
997245,184000.0
997392,109000.0
997403,206000.0
997443,187000.0
997541,508000.0
997542,475000.0
997691,288000.0
997755,90000.0
997773,98000.0
997774,98000.0
997795,159000.0
997808,241000.0
997935,86000.0
998092,185000.0
998095,957000.0
998098,161000.0
998275,125000.0
998276,69000.0
998376,225000.0
998498,555000.0
998564,88000.0
998567,449000.0
998574,88000.0
998575,166000.0
998577,71000.0
998615,122000.0
998616,92000.0
998620,92000.0
998621,92000.0
998622,95000.0
998624,97000.0
998645,97000.0
998646,78000.0
998649,159000.0
998650,71000.0
998651,82000.0
998862,223000.0
998925,207000.0
999025,331000.0
999050,115000.0
999543,86000.0
999625,98000.0
999712,204000.0
999754,242000.0
999960,126000.0
1000541,103000.0
1000644,756000.0
1000692,274000.0
1000727,285000.0
1001116,123000.0
1001294,233000.0
1001409,211000.0
1001421,227000.0
1001616,131000.0
1001945,124000.0
1001991,299000.0
1002183,83000.0
1002319,303000.0
1002326,129000.0
1002411,98000.0
1002412,76000.0
1002571,388000.0
1002606,764000.0
1002607,764000.0
1002626,265000.0
1002643,134000.0
1002658,86000.0
1002678,829000.0
1002694,120000.0
1002727,97000.0
1002742,196000.0
1002822,103000.0
1002827,109000.0
1002861,112000.0
1002863,112000.0
1002864,112000.0
1002865,112000.0
1003030,278000.0
1003043,119000.0
1003047,155000.0
1003089,108000.0
1003171,484000.0
1003257,118000.0
1003435,846000.0
1003611,99000.0
1003612,139000.0
1003619,92000.0
1003639,219000.0
1003692,87000.0
1003816,120000.0
1003817,657000.0
1003836,140000.0
1003840,208000.0
1003859,208000.0
1003902,89000.0
1003907,157000.0
1003940,84000.0
1003956,289000.0
1003974,122000.0
1003976,122000.0
1003980,122000.0
1003985,273000.0
1003988,185000.0
1004037,320000.0
1004051,95000.0
1004069,89000.0
1004074,81000.0
1004075,112000.0
1004084,171000.0
1004189,194000.0
1004217,122000.0
1004262,149000.0
1004284,73000.0
1004331,711000.0
1004336,124000.0
1004413,772000.0
1004421,203000.0
1004490,985000.0
1004566,98000.0
1004579,77000.0
1004675,97000.0
1004832,83000.0
1004935,75000.0
1005039,81000.0
1005060,95000.0
1005124,115000.0
1005127,92000.0
1005128,88000.0
1005129,92000.0
1005130,136000.0
1005132,141000.0
1005134,160000.0
1005138,157000.0
1005236,150000.0
1005238,150000.0
1005262,152000.0
1005413,71000.0
1005464,100000.0
1005466,276000.0
1005467,114000.0
1005547,111000.0
1005674,156000.0
1005675,156000.0
1005710,617000.0
1005732,266000.0
1005936,106000.0
1005980,105000.0
1005986,270000.0
1005987,117000.0
1006073,612000.0
1006141,301000.0
1006421,293000.0
1006494,101000.0
1006532,81000.0
1006557,193000.0
1006674,148000.0
1006675,88000.0
1006761,184000.0
1006797,119000.0
1006798,229000.0
1006876,217000.0
1006880,181000.0
1006988,122000.0
1007061,586000.0
1007082,275000.0
1007101,94000.0
1007108,241000.0
1007109,89000.0
1007172,536000.0
1007233,78000.0
1007235,80000.0
1007239,98000.0
1007271,90000.0
1007352,452000.0
1007401,81000.0
1007430,132000.0
1007571,57000.0
1007600,316000.0
1007789,85000.0
1007797,106000.0
1007830,108000.0
1007849,108000.0
1007856,134000.0
1007857,130000.0
1007917,151000.0
1007967,264000.0
1007994,76000.0
1008148,62000.0
1008157,213000.0
1008169,163000.0
1008170,188000.0
1008173,177000.0
1008307,335000.0
1008308,146000.0
1008352,80000.0
1008357,77000.0
1008358,170000.0
1008361,76000.0
1008386,144000.0
1008418,220000.0
1008428,78000.0
1008433,78000.0
1008501,186000.0
1008510,119000.0
1008550,81000.0
1008563,88000.0
1008564,88000.0
1008595,71000.0
1008641,107000.0
1008677,105000.0
1008707,159000.0
1008732,131000.0
1008734,132000.0
1008741,101000.0
1008744,108000.0
1008749,274000.0
1008759,147000.0
1008760,147000.0
1008803,191000.0
1008804,191000.0
1008805,191000.0
1008829,150000.0
1008833,98000.0
1008838,105000.0
1008855,161000.0
1008862,83000.0
1008878,170000.0
1008892,216000.0
1008914,342000.0
1008927,199000.0
1008932,228000.0
1009016,108000.0
1009077,89000.0
1009084,87000.0
1009088,102000.0
1009218,86000.0
1009229,67000.0
1009308,227000.0
1009310,94000.0
1009337,236000.0
1009366,129000.0
1009424,229000.0
1009487,119000.0
1009509,98000.0
1009510,93000.0
1009517,315000.0
1009520,135000.0
1009528,113000.0
1009530,107000.0
1009531,104000.0
1009532,104000.0
1009533,113000.0
1009534,117000.0
1009535,107000.0
1009590,71000.0
1009596,71000.0
1009672,77000.0
1009736,120000.0
1009859,142000.0
1009864,275000.0
1009866,105000.0
1009891,94000.0
1009942,219000.0
1009948,109000.0
1009965,145000.0
1009970,145000.0
1010054,102000.0
1010066,101000.0
1010068,164000.0
1010069,164000.0
1010104,783000.0
1010110,105000.0
1010185,427000.0
1010186,93000.0
1010276,158000.0
1010411,135000.0
1010542,160000.0
1010544,92000.0
1010584,280000.0
1010592,150000.0
1010667,165000.0
1010678,160000.0
1010679,194000.0
1010680,194000.0
1010686,242000.0
1010704,350000.0
1010740,180000.0
1010833,105000.0
1010913,108000.0
1010950,89000.0
1010951,88000.0
1010980,77000.0
1010999,154000.0
1011028,93000.0
1011032,147000.0
1011122,87000.0
1011132,79000.0
1011134,79000.0
1011135,80000.0
1011148,110000.0
1011150,110000.0
1011203,346000.0
1011204,346000.0
1011275,155000.0
1011335,117000.0
1011414,126000.0
1011429,100000.0
1011430,100000.0
1011489,84000.0
1011573,84000.0
1011574,84000.0
1011701,126000.0
1011778,74000.0
1011854,360000.0
1011914,94000.0
1012038,184000.0
1012128,108000.0
1012273,119000.0
1012311,126000.0
1012320,100000.0
1012331,358000.0
1012332,235000.0
1012339,69000.0
1012507,111000.0
1012542,119000.0
1012574,255000.0
1012587,86000.0
1012712,783000.0
1012714,94000.0
1012716,77000.0
1012752,598000.0
1012830,127000.0
1012898,412000.0
1012945,106000.0
1013031,130000.0
1013155,191000.0
1013161,127000.0
1013177,122000.0
1013187,168000.0
1013234,191000.0
1013244,460000.0
1013288,206000.0
1013290,112000.0
1013352,224000.0
1013443,161000.0
1013494,113000.0
1013507,77000.0
1013544,331000.0
1013547,118000.0
1013630,87000.0
1013704,272000.0
1013740,150000.0
1013742,106000.0
1013743,103000.0
1013786,188000.0
1013962,300000.0
1014083,153000.0
1014108,103000.0
1014164,149000.0
1014237,103000.0
1014240,154000.0
1014368,235000.0
1014476,110000.0
1014483,201000.0
1014498,109000.0
1014551,111000.0
1014571,123000.0
1014624,155000.0
1014635,75000.0
1014637,117000.0
1014638,108000.0
1014641,378000.0
1014665,237000.0
1014669,99000.0
1014738,61000.0
1014928,764000.0
1014999,173000.0
1015031,94000.0
1015103,103000.0
1015125,192000.0
1015134,187000.0
1015243,119000.0
1015347,111000.0
1015350,125000.0
1015360,144000.0
1015361,144000.0
1015366,144000.0
1015403,152000.0
1015482,107000.0
1015484,186000.0
1015485,82000.0
1015486,82000.0
1015502,95000.0
1015524,274000.0
1015534,357000.0
1015540,144000.0
1015557,76000.0
1015579,91000.0
1015597,166000.0
1015681,83000.0
1015697,185000.0
1015714,188000.0
1015804,75000.0
1015824,105000.0
1015843,156000.0
1015872,86000.0
1015908,97000.0
1015909,113000.0
1015911,133000.0
1015919,145000.0
1015920,119000.0
1016040,94000.0
1016042,131000.0
1016098,89000.0
1016117,247000.0
1016413,339000.0
1016734,125000.0
1016888,116000.0
1016927,155000.0
1017116,148000.0
1017118,102000.0
1017166,109000.0
1017176,153000.0
1017264,117000.0
1017383,76000.0
1017418,103000.0
1017424,89000.0
1017427,92000.0
1017428,133000.0
1017503,82000.0
1017563,52000.0
1017579,102000.0
1017600,164000.0
1017626,76000.0
1017637,294000.0
1017693,133000.0
1017750,330000.0
1017763,227000.0
1017782,119000.0
1017792,529000.0
1017846,82000.0
1017992,352000.0
1017998,97000.0
1018079,93000.0
1018135,127000.0
1018136,193000.0
1018166,803000.0
1018229,780000.0
1018248,177000.0
1018257,154000.0
1018417,170000.0
1018421,259000.0
1018428,133000.0
1018486,229000.0
1018523,154000.0
1018598,90000.0
1018621,83000.0
1018671,83000.0
1018822,244000.0
1018943,209000.0
1019039,61000.0
1019057,50000.0
1019062,615000.0
1019149,94000.0
1019151,65000.0
1019206,101000.0
1019298,98000.0
1019309,98000.0
1019343,347000.0
1019366,152000.0
1019367,167000.0
1019432,340000.0
1019561,130000.0
1019575,157000.0
1019659,228000.0
1019668,83000.0
1019672,87000.0
1019681,105000.0
1019683,135000.0
1019686,106000.0
1019696,115000.0
1019720,202000.0
1019763,68000.0
1019835,629000.0
1019872,98000.0
1019903,231000.0
1019908,178000.0
1019958,553000.0
1020047,334000.0
1020124,703000.0
1020278,90000.0
1020508,118000.0
1020554,89000.0
1020672,133000.0
1020673,198000.0
1020745,128000.0
1020844,97000.0
1021039,223000.0
1021263,82000.0
1021316,233000.0
1021412,151000.0
1021444,106000.0
1021447,123000.0
1021453,130000.0
1021485,156000.0
1021500,71000.0
1021509,78000.0
1021520,82000.0
1021560,156000.0
1021605,88000.0
1021606,158000.0
1021607,143000.0
1021749,220000.0
1021765,168000.0
1021768,130000.0
1021770,156000.0
1021833,147000.0
1021834,148000.0
1021855,55000.0
1021973,120000.0
1022085,105000.0
1022163,127000.0
1022166,342000.0
1022273,127000.0
1022312,97000.0
1022388,85000.0
1022399,93000.0
1022582,123000.0
1022587,218000.0
1022588,240000.0
1022596,124000.0
1022614,118000.0
1022695,186000.0
1022704,79000.0
1022715,130000.0
1022716,130000.0
1022717,114000.0
1022718,110000.0
1022719,114000.0
1022721,126000.0
1022750,112000.0
1022753,131000.0
1022755,112000.0
1022756,112000.0
1022760,95000.0
1022781,105000.0
1022782,110000.0
1022787,105000.0
1022790,110000.0
1022794,114000.0
1022795,110000.0
1022796,117000.0
1022798,110000.0
1022800,110000.0
1022801,114000.0
1022802,130000.0
1022844,101000.0
1022848,163000.0
1022960,107000.0
1023168,205000.0
1023169,206000.0
1023172,112000.0
1023173,112000.0
1023209,72000.0
1023230,148000.0
1023304,91000.0
1023340,228000.0
1023351,340000.0
1023393,99000.0
1023450,236000.0
1023458,86000.0
1023465,92000.0
1023468,206000.0
1023501,171000.0
1023505,144000.0
1023508,121000.0
1023511,121000.0
1023512,144000.0
1023513,144000.0
1023514,144000.0
1023518,127000.0
1023520,121000.0
1023521,144000.0
1023552,139000.0
1023559,706000.0
1023590,193000.0
1023664,124000.0
1023676,198000.0
1023677,201000.0
1023744,142000.0
1023764,119000.0
1023774,514000.0
1024012,162000.0
1024071,78000.0
1024126,98000.0
1024133,101000.0
1024324,160000.0
1024371,180000.0
1024444,81000.0
1024449,72000.0
1024456,531000.0
1024463,203000.0
1024474,264000.0
1024477,153000.0
1024508,82000.0
1024529,107000.0
1024536,180000.0
1024590,187000.0
1024625,214000.0
1024628,187000.0
1024636,91000.0
1062270,202000.0
1062278,485000.0
1062287,141000.0
1062389,303000.0
1062404,61000.0
1062442,96000.0
1062482,410000.0
1062512,142000.0
1062516,179000.0
1062537,189000.0
1062557,244000.0
1062572,69000.0
1062643,167000.0
1062645,112000.0
1062676,121000.0
1062691,199000.0
1062714,79000.0
1062737,440000.0
1062839,139000.0
1062840,179000.0
1062844,163000.0
1062946,114000.0
1062972,107000.0
1062991,102000.0
1063009,114000.0
1063010,173000.0
1063011,129000.0
1063045,121000.0
1063050,514000.0
1063051,144000.0
1063070,75000.0
1063106,267000.0
1063130,121000.0
1063217,172000.0
1063317,386000.0
1063480,99000.0
1063535,94000.0
1063601,253000.0
1063668,125000.0
1063704,79000.0
1063829,145000.0
1063862,148000.0
1063906,165000.0
1063923,224000.0
1064029,68000.0
1064042,233000.0
1064047,89000.0
1064050,62000.0
1064059,142000.0
1064061,105000.0
1064082,164000.0
1064093,169000.0
1064155,61000.0
1064165,72000.0
1064170,195000.0
1064189,139000.0
1064253,70000.0
1064260,52000.0
1064263,182000.0
1064289,69000.0
1064327,178000.0
1064340,90000.0
1064342,173000.0
1064347,393000.0
1064358,104000.0
1064389,271000.0
1064391,507000.0
1064393,232000.0
1064415,128000.0
1064420,87000.0
1064421,73000.0
1064424,86000.0
1064425,120000.0
1064433,98000.0
1064438,285000.0
1064469,162000.0
1064535,142000.0
1064536,121000.0
1064538,121000.0
1064539,409000.0
1064552,480000.0
1064556,71000.0
1064605,91000.0
1064632,189000.0
1064660,546000.0
1064707,100000.0
1064708,97000.0
1064709,204000.0
1064715,133000.0
1064718,182000.0
1064724,130000.0
1064774,85000.0
1064782,129000.0
1064786,105000.0
1064791,92000.0
1064836,722000.0
1064856,135000.0
1064863,184000.0
1064870,118000.0
1064872,120000.0
1064873,79000.0
1064904,166000.0
1064906,115000.0
1064997,229000.0
1064998,315000.0
1065033,100000.0
1065055,177000.0
1065146,154000.0
1065162,183000.0
1065164,127000.0
1065198,390000.0
1065199,390000.0
1065201,160000.0
1065202,101000.0
1065203,102000.0
1065246,110000.0
1065262,206000.0
1065274,131000.0
1065275,158000.0
1065297,90000.0
1065304,210000.0
1065320,180000.0
1065322,158000.0
1065328,113000.0
1065359,120000.0
1065372,157000.0
1065374,83000.0
1065377,183000.0
1065396,129000.0
1065406,227000.0
1065413,88000.0
1065448,81000.0
1065477,145000.0
1065483,166000.0
1065488,96000.0
1065529,144000.0
1065572,218000.0
1065607,104000.0
1065613,121000.0
1065615,121000.0
1065617,185000.0
1065619,82000.0
1065621,121000.0
1065641,124000.0
1065658,130000.0
1065662,113000.0
1065702,134000.0
1065761,147000.0
1065771,121000.0
1065835,165000.0
1065838,257000.0
1065848,99000.0
1065852,94000.0
1065855,122000.0
1065857,86000.0
1065859,90000.0
1065883,151000.0
1065901,248000.0
1065927,202000.0
1065939,192000.0
1065940,202000.0
1065970,209000.0
1065973,147000.0
1066009,144000.0
1066029,124000.0
1066035,116000.0
1066052,177000.0
1066060,107000.0
1066082,112000.0
1066109,85000.0
1066119,79000.0
1066134,92000.0
1066159,85000.0
1066160,88000.0
1066161,95000.0
1066162,88000.0
1066163,96000.0
1066170,88000.0
1066171,96000.0
1066172,95000.0
1066174,149000.0
1066191,131000.0
1066194,513000.0
1066245,119000.0
1066361,78000.0
1066365,303000.0
1066375,75000.0
1066378,84000.0
1066379,170000.0
1066409,144000.0
1066413,394000.0
1066448,102000.0
1066476,281000.0
1066524,116000.0
1066548,121000.0
1066602,202000.0
1066603,102000.0
1066605,169000.0
1066643,122000.0
1066644,189000.0
1066664,77000.0
1066730,153000.0
1066734,123000.0
1066736,153000.0
1066759,166000.0
1066761,74000.0
1066772,149000.0
1066792,228000.0
1066795,95000.0
1066832,86000.0
1066845,79000.0
1066847,184000.0
1066938,350000.0
1066944,257000.0
1066988,106000.0
1066996,180000.0
1067005,73000.0
1067009,155000.0
1067011,196000.0
1067037,89000.0
1067063,114000.0
1067064,86000.0
1067088,79000.0
1067115,183000.0
1067119,173000.0
1067291,145000.0
1067363,112000.0
1067374,207000.0
1067395,165000.0
1067402,112000.0
1067412,207000.0
1067425,115000.0
1067428,242000.0
1067430,190000.0
1067435,169000.0
1067478,700000.0
1067512,145000.0
1067533,204000.0
1067536,108000.0
1067549,148000.0
1067555,142000.0
1067557,153000.0
1067570,185000.0
1067575,281000.0
1067577,105000.0
1067578,105000.0
1067584,199000.0
1067596,94000.0
1067598,121000.0
1067614,170000.0
1067631,502000.0
1067649,77000.0
1067652,56000.0
1067687,299000.0
1067688,79000.0
1067704,94000.0
1067705,135000.0
1067731,125000.0
1067746,128000.0
1067756,146000.0
1067777,96000.0
1067793,266000.0
1067808,152000.0
1067821,102000.0
1067834,169000.0
1067846,77000.0
1067850,235000.0
1067853,334000.0
1067863,463000.0
1067913,132000.0
1067914,115000.0
1067962,85000.0
1067999,105000.0
1068022,74000.0
1068055,144000.0
1068076,122000.0
1068078,182000.0
1068136,111000.0
1068137,152000.0
1068155,253000.0
1068157,136000.0
1068158,141000.0
1068173,103000.0
1068240,168000.0
1068266,225000.0
1068324,92000.0
1068360,370000.0
1068386,176000.0
1068396,127000.0
1068406,82000.0
1068409,109000.0
1068414,160000.0
1068466,147000.0
1068489,135000.0
1068501,190000.0
1068520,443000.0
1068533,369000.0
1068611,152000.0
1068645,131000.0
1068683,503000.0
1068685,203000.0
1068698,77000.0
1068703,170000.0
1068737,101000.0
1068751,114000.0
1068752,74000.0
1068797,107000.0
1068824,185000.0
1068840,96000.0
1068894,82000.0
1068949,125000.0
1068954,524000.0
1068960,133000.0
1069002,85000.0
1069029,97000.0
1069034,110000.0
1069058,97000.0
1069115,180000.0
1069117,59000.0
1069137,66000.0
1069138,82000.0
1069204,182000.0
1069246,167000.0
1069293,439000.0
1069308,85000.0
1069388,229000.0
1069416,114000.0
1069429,87000.0
1069430,167000.0
1069489,295000.0
1069539,187000.0
1069541,96000.0
1069543,135000.0
1069544,108000.0
1069545,104000.0
1069602,222000.0
1069619,95000.0
1069633,102000.0
1069662,91000.0
1069672,149000.0
1069673,122000.0
1069712,190000.0
1069750,98000.0
1069782,93000.0
1069813,77000.0
1069835,101000.0
1069857,188000.0
1069881,110000.0
1069973,139000.0
1069981,96000.0
1069982,139000.0
1070002,141000.0
1070067,108000.0
1070070,101000.0
1070084,100000.0
1070089,200000.0
1070103,106000.0
1070165,174000.0
1070183,103000.0
1070185,139000.0
1070208,157000.0
1070245,99000.0
1070308,135000.0
1070362,115000.0
1070374,202000.0
1070378,113000.0
1070388,124000.0
1070394,186000.0
1070438,233000.0
1070454,116000.0
1070455,114000.0
1070456,97000.0
1070463,96000.0
1070467,134000.0
1070469,99000.0
1070498,141000.0
1070501,133000.0
1070516,178000.0
1070554,316000.0
1070570,153000.0
1070573,259000.0
1070643,159000.0
1070656,173000.0
1070675,101000.0
1070677,81000.0
1070707,74000.0
1070760,109000.0
1070770,202000.0
1070862,107000.0
1070866,196000.0
1070907,234000.0
1070916,114000.0
1071031,145000.0
1071038,212000.0
1071042,94000.0
1071045,443000.0
1071046,172000.0
1071118,124000.0
1071145,136000.0
1071161,118000.0
1071166,135000.0
1071202,145000.0
1071335,81000.0
1071349,144000.0
1071350,137000.0
1071356,197000.0
1071357,75000.0
1071360,133000.0
1071370,116000.0
1071376,741000.0
1071378,146000.0
1071390,365000.0
1071413,150000.0
1071414,95000.0
1071415,159000.0
1071419,69000.0
1071427,126000.0
1071430,172000.0
1071434,152000.0
1071481,204000.0
1071503,108000.0
1071504,108000.0
1071532,222000.0
1071537,124000.0
1071551,89000.0
1071574,125000.0
1071613,222000.0
1071621,82000.0
1071651,113000.0
1071653,111000.0
1071669,111000.0
1071704,300000.0
1071722,400000.0
1071727,160000.0
1071737,154000.0
1071740,207000.0
1071782,182000.0
1071889,238000.0
1071899,438000.0
1071920,96000.0
1071948,132000.0
1071950,146000.0
1071983,171000.0
1071997,245000.0
1072066,167000.0
1072080,144000.0
1072081,233000.0
1072086,131000.0
1072176,91000.0
1072178,70000.0
1072201,175000.0
1072204,138000.0
1072219,188000.0
1072229,257000.0
1072242,117000.0
1072245,77000.0
1072249,86000.0
1072259,312000.0
1072306,116000.0
1072320,91000.0
1072326,169000.0
1072334,182000.0
1072345,98000.0
1072353,169000.0
1072382,181000.0
1072387,194000.0
1072403,126000.0
1072484,111000.0
1072487,180000.0
1072490,235000.0
1072493,167000.0
1072503,86000.0
1072536,102000.0
1072548,203000.0
1072599,383000.0
1072627,174000.0
1072632,160000.0
1072681,71000.0
1072729,165000.0
1072752,180000.0
1072775,342000.0
1072776,166000.0
1072779,338000.0
1072780,197000.0
1072784,187000.0
1072800,87000.0
1072809,1052000.0
1072819,99000.0
1072842,146000.0
1072873,230000.0
1072880,127000.0
1072894,95000.0
1072901,96000.0
1072913,182000.0
1072929,144000.0
1072973,83000.0
1073092,233000.0
1073108,121000.0
1073195,117000.0
1073200,81000.0
1073209,55000.0
1073215,182000.0
1073216,182000.0
1073217,182000.0
1073218,182000.0
1073219,125000.0
1073220,182000.0
1073221,125000.0
1073222,182000.0
1073223,182000.0
1073224,182000.0
1073225,125000.0
1073226,86000.0
1073228,86000.0
1073229,86000.0
1073234,58000.0
1073238,103000.0
1073240,123000.0
1073251,291000.0
1073388,81000.0
1073391,124000.0
1073420,116000.0
1073428,263000.0
1073465,155000.0
1073471,193000.0
1073484,182000.0
1073529,97000.0
1073563,97000.0
1073604,90000.0
1073621,286000.0
1073622,114000.0
1073626,541000.0
1073663,101000.0
1073675,544000.0
1073681,90000.0
1073695,113000.0
1073753,156000.0
1073779,111000.0
1073844,119000.0
1073846,125000.0
1074053,230000.0
1074196,214000.0
1074279,86000.0
1074340,175000.0
1074532,185000.0
1074540,430000.0
1074548,118000.0
1074550,150000.0
1074554,279000.0
1074575,104000.0
1074579,121000.0
1074603,105000.0
1074607,107000.0
1074608,148000.0
1074643,88000.0
1074677,406000.0
1074682,159000.0
1074697,110000.0
1074710,241000.0
1074741,588000.0
1074816,316000.0
1074821,122000.0
1074882,193000.0
1074943,109000.0
1074946,178000.0
1074968,66000.0
1074991,65000.0
1075071,289000.0
1075075,164000.0
1075078,155000.0
1075192,118000.0
1075221,164000.0
1075262,123000.0
1075320,63000.0
1075321,63000.0
1075527,366000.0
1075555,110000.0
1075566,207000.0
1075576,112000.0
1075621,580000.0
1075623,219000.0
1075669,91000.0
1075694,553000.0
1075794,143000.0
1075855,136000.0
1075875,100000.0
1075876,100000.0
1075878,124000.0
1075902,121000.0
1075981,108000.0
1076017,148000.0
1076028,152000.0
1076116,157000.0
1076133,79000.0
1076153,154000.0
1076223,78000.0
1076232,283000.0
1076237,146000.0
1076242,140000.0
1076246,189000.0
1076250,87000.0
1076256,120000.0
1076265,126000.0
1076270,110000.0
1076275,155000.0
1076282,217000.0
1076297,510000.0
1076314,344000.0
1076342,85000.0
1076353,88000.0
1076399,119000.0
1076400,92000.0
1076410,87000.0
1076411,74000.0
1076419,141000.0
1076451,189000.0
1076453,277000.0
1076479,105000.0
1076502,76000.0
1076505,175000.0
1076512,129000.0
1076516,91000.0
1076615,130000.0
1076618,166000.0
1076619,375000.0
1076637,91000.0
1076655,212000.0
1076670,122000.0
1076672,175000.0
1076751,198000.0
1076780,111000.0
1076822,99000.0
1076837,505000.0
1076848,187000.0
1076851,142000.0
1076867,142000.0
1076870,268000.0
1076873,106000.0
1076877,226000.0
1076899,442000.0
1076928,249000.0
1076931,333000.0
1077002,89000.0
1077007,823000.0
1077008,902000.0
1077013,90000.0
1077024,98000.0
1077043,94000.0
1077056,94000.0
1077067,134000.0
1077162,475000.0
1077187,606000.0
1077265,317000.0
1077596,496000.0
1077624,219000.0
1077752,102000.0
1077787,203000.0
1077884,106000.0
1078098,156000.0
1078219,149000.0
1078257,83000.0
1078341,251000.0
1078355,153000.0
1078360,159000.0
1078409,119000.0
1078431,90000.0
1078454,148000.0
1078476,70000.0
1078477,211000.0
1078497,274000.0
1078545,218000.0
1078556,211000.0
1078564,238000.0
1078585,226000.0
1078640,117000.0
1078648,90000.0
1078660,666000.0
1078685,235000.0
1078699,97000.0
1078723,220000.0
1078725,96000.0
1078736,481000.0
1078773,89000.0
1078806,89000.0
1078814,215000.0
1078885,261000.0
1078899,68000.0
1078908,173000.0
1078969,150000.0
1079020,161000.0
1079036,154000.0
1079059,378000.0
1079068,82000.0
1079153,300000.0
1079183,134000.0
1079230,95000.0
1079254,81000.0
1079277,147000.0
1079282,153000.0
1079294,128000.0
1079320,328000.0
1079334,109000.0
1079343,251000.0
1079356,152000.0
1079382,74000.0
1079459,217000.0
1079463,136000.0
1079464,232000.0
1079479,148000.0
1079483,125000.0
1079497,314000.0
1079498,314000.0
1079503,133000.0
1079504,143000.0
1079528,133000.0
1079568,183000.0
1079600,159000.0
1079607,120000.0
1079608,151000.0
1079612,151000.0
1079618,87000.0
1079705,151000.0
1079766,90000.0
1079842,86000.0
1079850,123000.0
1079853,143000.0
1079868,82000.0
1079892,116000.0
1079895,96000.0
1079928,290000.0
1079992,124000.0
1079994,121000.0
1079995,124000.0
1080005,161000.0
1080008,166000.0
1080010,93000.0
1080011,166000.0
1080015,156000.0
1080025,161000.0
1080028,66000.0
1080030,71000.0
1080032,116000.0
1080034,119000.0
1080037,547000.0
1080063,72000.0
1080064,74000.0
1080065,72000.0
1080066,86000.0
1080069,185000.0
1080072,207000.0
1080077,107000.0
1080111,107000.0
1080133,92000.0
1080147,114000.0
1080162,195000.0
1080187,298000.0
1080200,148000.0
1080279,204000.0
1080290,103000.0
1080292,103000.0
1080299,62000.0
1080327,85000.0
1080328,113000.0
1080332,87000.0
1080334,89000.0
1080342,127000.0
1080343,172000.0
1080364,287000.0
1080379,118000.0
1080382,62000.0
1080383,68000.0
1080399,79000.0
1080401,655000.0
1080426,134000.0
1080440,92000.0
1080450,112000.0
1080465,118000.0
1080482,193000.0
1080485,169000.0
1080507,347000.0
1080562,79000.0
1080606,370000.0
1080621,111000.0
1080633,116000.0
1080663,201000.0
1080670,80000.0
1080752,145000.0
1080755,93000.0
1080757,345000.0
1080776,83000.0
1080802,82000.0
1080807,191000.0
1080836,247000.0
1080849,130000.0
1080858,130000.0
1080859,181000.0
1080914,197000.0
1080921,57000.0
1080937,204000.0
1080977,85000.0
1080980,86000.0
1080983,104000.0
1081011,80000.0
1081038,246000.0
1081055,219000.0
1081112,120000.0
1081125,101000.0
1081153,144000.0
1081170,347000.0
1081201,323000.0
1081232,188000.0
1081267,398000.0
1081351,98000.0
1081356,112000.0
1081395,158000.0
1081435,87000.0
1081436,113000.0
1081442,229000.0
1081472,145000.0
1081487,101000.0
1081508,770000.0
1081512,121000.0
1081528,89000.0
1081552,123000.0
1081575,87000.0
1081706,145000.0
1081782,165000.0
1081785,122000.0
1081787,156000.0
1081832,90000.0
1081833,114000.0
1081838,71000.0
1081841,480000.0
1081843,71000.0
1081844,71000.0
1081848,105000.0
1081869,181000.0
1081902,110000.0
1081903,110000.0
1081908,109000.0
1081924,80000.0
1081936,339000.0
1081949,206000.0
1081970,148000.0
1082039,133000.0
1082045,131000.0
1082046,125000.0
1082048,193000.0
1082118,126000.0
1082145,76000.0
1082147,101000.0
1082163,106000.0
1082251,188000.0
1082254,385000.0
1082255,187000.0
1082327,87000.0
1082342,110000.0
1082343,184000.0
1082360,189000.0
1082376,363000.0
1082382,166000.0
1082390,163000.0
1082417,115000.0
1082420,118000.0
1082432,371000.0
1082441,176000.0
1082442,169000.0
1082461,262000.0
1082482,145000.0
1082483,73000.0
1082488,550000.0
1082504,152000.0
1082508,163000.0
1082533,101000.0
1082548,227000.0
1082549,153000.0
1082586,103000.0
1082640,225000.0
1082677,201000.0
1082833,111000.0
1082840,182000.0
1082846,261000.0
1082857,331000.0
1082863,170000.0
1082867,190000.0
1082927,125000.0
1082928,100000.0
1082958,432000.0
1083026,170000.0
1083029,593000.0
1083052,426000.0
1083095,104000.0
1083118,144000.0
1083122,334000.0
1083137,206000.0
1083208,256000.0
1083251,132000.0
1083264,174000.0
1083284,197000.0
1083291,94000.0
1083296,94000.0
1083300,94000.0
1083303,94000.0
1083345,105000.0
1083382,127000.0
1083388,61000.0
1083392,139000.0
1083402,146000.0
1083405,170000.0
1083495,114000.0
1083545,134000.0
1086147,230000.0
1086216,241000.0
1086243,175000.0
1086254,59000.0
1086282,145000.0
1086309,192000.0
1086312,121000.0
1086333,79000.0
1086344,97000.0
1086616,96000.0
1086670,196000.0
1086770,119000.0
1086802,168000.0
1086813,107000.0
1086818,158000.0
1086819,241000.0
1086820,93000.0
1086826,130000.0
1086827,77000.0
1086842,77000.0
1086844,93000.0
1086846,77000.0
1086847,77000.0
1086848,130000.0
1086864,499000.0
1086917,191000.0
1086918,104000.0
1086963,199000.0
1086991,119000.0
1086999,97000.0
1087035,113000.0
1087054,174000.0
1087111,170000.0
1087112,146000.0
1087115,418000.0
1087116,156000.0
1087132,216000.0
1087135,64000.0
1087193,135000.0
1087235,138000.0
1087237,142000.0
1087238,139000.0
1087241,131000.0
1087288,562000.0
1087329,80000.0
1087340,373000.0
1087346,252000.0
1087349,196000.0
1087375,245000.0
1087389,261000.0
1087406,102000.0
1087423,442000.0
1087432,314000.0
1093650,73000.0
1093654,177000.0
1093657,202000.0
1093659,113000.0
1093661,113000.0
1093675,127000.0
1093684,140000.0
1093703,167000.0
1093710,95000.0
1093711,119000.0
1093718,71000.0
1093725,96000.0
1093808,576000.0
1093813,225000.0
1093816,215000.0
1093817,101000.0
1093845,481000.0
1093848,104000.0
1093904,131000.0
1093906,126000.0
1093909,301000.0
1093920,131000.0
1093958,122000.0
1093960,299000.0
1094005,598000.0
1094008,165000.0
1094012,81000.0
1094018,106000.0
1094108,125000.0
1094111,192000.0
1094126,107000.0
1094128,397000.0
1094133,95000.0
1094136,292000.0
1094142,297000.0
1094151,49000.0
1094174,126000.0
1094196,185000.0
1094198,81000.0
1094232,106000.0
1094299,173000.0
1094334,263000.0
1094348,126000.0
1094353,109000.0
1094362,132000.0
1094412,1040000.0
1094416,107000.0
1094419,423000.0
1094463,159000.0
1094464,147000.0
1094519,180000.0
1094530,88000.0
1094531,88000.0
1094538,120000.0
1094590,133000.0
1094633,132000.0
1094660,88000.0
1094668,113000.0
1094694,106000.0
1094714,153000.0
1094717,186000.0
1094747,157000.0
1094771,603000.0
1094773,341000.0
1094779,105000.0
1094810,155000.0
1094817,313000.0
1094818,117000.0
1094822,73000.0
1094855,150000.0
1094858,145000.0
1094864,378000.0
1094895,189000.0
1094910,117000.0
1094939,96000.0
1094960,87000.0
1095019,1224000.0
1095021,845000.0
1095025,162000.0
1095029,169000.0
1095031,185000.0
1095067,90000.0
1095105,226000.0
1095126,207000.0
1095135,194000.0
1095139,55000.0
1095146,132000.0
1095292,191000.0
1095313,69000.0
1095326,137000.0
1095334,83000.0
1095343,85000.0
1095383,74000.0
1095399,138000.0
1095416,237000.0
1095448,216000.0
1095478,100000.0
1095480,153000.0
1095496,132000.0
1095500,110000.0
1095529,62000.0
1095536,325000.0
1095552,320000.0
1095588,92000.0
1095624,348000.0
1095650,93000.0
1095691,1040000.0
1095735,145000.0
1095799,210000.0
1095804,194000.0
1095810,151000.0
1095827,221000.0
1095841,279000.0
1095853,155000.0
1095860,158000.0
1095866,108000.0
1095906,140000.0
1095907,451000.0
1095926,247000.0
1095949,130000.0
1096078,130000.0
1096079,122000.0
1096090,105000.0
1096148,204000.0
1096213,209000.0
1096235,147000.0
1096271,143000.0
1096279,70000.0
1096316,201000.0
1096318,605000.0
1096335,341000.0
1096339,134000.0
1096405,256000.0
1096417,133000.0
1096464,96000.0
1096480,116000.0
1096484,151000.0
1096513,218000.0
1096539,192000.0
1096546,90000.0
1096550,256000.0
1096556,116000.0
1096573,269000.0
1096583,269000.0
1096585,168000.0
1096590,210000.0
1096593,129000.0
1096600,176000.0
1096627,112000.0
1096631,125000.0
1096691,162000.0
1096700,98000.0
1096716,217000.0
1096723,310000.0
1096749,158000.0
1096777,217000.0
1096784,129000.0
1096858,372000.0
1096873,195000.0
1096921,140000.0
1096936,233000.0
1096968,105000.0
1096972,182000.0
1097023,133000.0
1097024,817000.0
1097040,251000.0
1097041,304000.0
1097045,232000.0
1097078,566000.0
1097079,566000.0
1097082,87000.0
1097084,93000.0
1097102,148000.0
1097259,159000.0
1097283,127000.0
1097365,147000.0
1097366,126000.0
1097476,942000.0
1097499,91000.0
1097500,123000.0
1097511,267000.0
1097514,381000.0
1097544,119000.0
1097562,130000.0
1097569,95000.0
1097597,137000.0
1097609,124000.0
1097635,115000.0
1097650,84000.0
1097655,137000.0
1097659,117000.0
1097664,101000.0
1097673,212000.0
1097675,109000.0
1097698,143000.0
1097718,109000.0
1097755,205000.0
1097767,142000.0
1097777,218000.0
1097778,105000.0
1097795,732000.0
1097861,106000.0
1097886,119000.0
1097887,159000.0
1097888,143000.0
1097928,197000.0
1097949,189000.0
1097975,305000.0
1097993,250000.0
1097994,251000.0
1098066,135000.0
1098122,126000.0
1098125,169000.0
1098140,88000.0
1098199,344000.0
1098213,97000.0
1098215,135000.0
1098219,200000.0
1098228,119000.0
1098252,367000.0
1098268,121000.0
1098275,152000.0
1098362,92000.0
1098365,834000.0
1098396,86000.0
1098468,116000.0
1098495,97000.0
1098569,94000.0
1098588,405000.0
1098633,99000.0
1098693,338000.0
1098698,135000.0
1098706,160000.0
1098771,78000.0
1098971,47000.0
1098987,145000.0
1098991,189000.0
1098994,195000.0
1099004,134000.0
1099021,97000.0
1099030,125000.0
1099038,98000.0
1099039,180000.0
1099045,307000.0
1099133,278000.0
1099137,103000.0
1099153,174000.0
1099180,183000.0
1099183,312000.0
1099184,85000.0
1099199,126000.0
1099315,212000.0
1099316,148000.0
1099320,166000.0
1099323,238000.0
1099326,194000.0
1099329,82000.0
1099335,189000.0
1099338,115000.0
1099342,127000.0
1099350,159000.0
1099351,87000.0
1099359,115000.0
1099364,115000.0
1099366,155000.0
1099382,174000.0
1099383,549000.0
1099407,143000.0
1099414,97000.0
1099441,136000.0
1099447,124000.0
1099465,99000.0
1099469,148000.0
1099488,119000.0
1099520,138000.0
1099562,196000.0
1099567,133000.0
1099623,231000.0
1099651,99000.0
1099664,124000.0
1099665,124000.0
1099671,139000.0
1099702,103000.0
1099722,84000.0
1099725,58000.0
1099726,49000.0
1099728,45000.0
1099729,45000.0
1099734,86000.0
1099740,93000.0
1099743,206000.0
1099768,155000.0
1099774,1203000.0
1099796,138000.0
1099815,160000.0
1099837,273000.0
1099916,287000.0
1099928,84000.0
1099941,87000.0
1099946,84000.0
1099948,51000.0
1099950,57000.0
1099972,102000.0
1099995,117000.0
1099996,124000.0
1100056,198000.0
1100076,203000.0
1100169,453000.0
1100171,82000.0
1100178,218000.0
1100189,88000.0
1100191,65000.0
1100192,67000.0
1100194,114000.0
1100205,87000.0
1100224,113000.0
1100257,196000.0
1100317,109000.0
1100329,82000.0
1100345,101000.0
1100388,227000.0
1100391,96000.0
1100460,216000.0
1100509,136000.0
1100516,210000.0
1100532,215000.0
1100537,64000.0
1100548,380000.0
1100583,218000.0
1100596,210000.0
1100601,369000.0
1100611,104000.0
1100619,197000.0
1100658,297000.0
1100660,300000.0
1100674,100000.0
1100682,128000.0
1100692,116000.0
1100719,99000.0
1100743,306000.0
1100780,93000.0
1100810,186000.0
1100829,215000.0
1100840,133000.0
1100852,195000.0
1100865,101000.0
1100897,98000.0
1100931,100000.0
1100932,100000.0
1100938,340000.0
1100944,289000.0
1100945,294000.0
1100946,294000.0
1100947,294000.0
1100948,221000.0
1100953,223000.0
1100955,223000.0
1100957,242000.0
1100960,243000.0
1100962,118000.0
1100984,152000.0
1100985,167000.0
1101003,93000.0
1101004,93000.0
1101005,93000.0
1101006,189000.0
1101007,125000.0
1101012,85000.0
1101064,361000.0
1101073,310000.0
1101084,124000.0
1101086,118000.0
1101094,99000.0
1101102,94000.0
1101127,74000.0
1101173,153000.0
1101180,123000.0
1101202,122000.0
1101203,142000.0
1101207,188000.0
1101208,322000.0
1101232,98000.0
1101240,89000.0
1101252,168000.0
1101258,169000.0
1101263,76000.0
1101276,150000.0
1101292,158000.0
1101294,127000.0
1101303,287000.0
1101319,658000.0
1101326,119000.0
1101330,157000.0
1101331,125000.0
1101333,174000.0
1101335,178000.0
1101351,138000.0
1101378,110000.0
1101418,562000.0
1101423,361000.0
1101428,138000.0
1101517,135000.0
1101591,75000.0
1101616,380000.0
1101739,123000.0
1101759,94000.0
1101799,111000.0
1101800,116000.0
1101801,435000.0
1101814,178000.0
1101859,74000.0
1101869,86000.0
1101901,95000.0
1101931,159000.0
1101932,149000.0
1101976,352000.0
1102031,75000.0
1102046,144000.0
1102066,147000.0
1102090,276000.0
1102112,253000.0
1102117,144000.0
1102119,123000.0
1102123,112000.0
1102135,146000.0
1102169,171000.0
1102170,268000.0
1102240,238000.0
1102248,66000.0
1102273,106000.0
1102307,262000.0
1102332,170000.0
1102413,100000.0
1102414,95000.0
1102415,97000.0
1102416,112000.0
1102417,166000.0
1102422,199000.0
1102423,95000.0
1102430,95000.0
1102431,95000.0
1102434,140000.0
1102452,95000.0
1102470,155000.0
1102505,229000.0
1102509,118000.0
1102527,164000.0
1102537,187000.0
1102564,153000.0
1102603,139000.0
1102608,96000.0
1102646,92000.0
1102647,128000.0
1102650,222000.0
1102655,184000.0
1102657,166000.0
1102660,240000.0
1102685,90000.0
1102688,136000.0
1102699,72000.0
1102704,133000.0
1102705,209000.0
1102728,426000.0
1102735,79000.0
1102750,112000.0
1102770,244000.0
1102790,397000.0
1102797,591000.0
1102800,154000.0
1102806,88000.0
1102844,196000.0
1102862,103000.0
1102908,97000.0
1102909,159000.0
1102959,102000.0
1102970,88000.0
1102986,189000.0
1103044,102000.0
1103076,251000.0
1103095,344000.0
1103226,298000.0
1103227,269000.0
1103228,184000.0
1103229,255000.0
1103249,211000.0
1103253,200000.0
1103258,198000.0
1103264,389000.0
1103265,154000.0
1103278,87000.0
1103279,526000.0
1103282,64000.0
1103361,95000.0
1103386,306000.0
1103396,197000.0
1103402,116000.0
1103403,130000.0
1103404,120000.0
1103418,125000.0
1103419,87000.0
1103431,212000.0
1103481,375000.0
1103489,222000.0
1103584,103000.0
1103598,194000.0
1103600,109000.0
1103604,146000.0
1103606,171000.0
1103614,70000.0
1103646,88000.0
1103668,250000.0
1103669,115000.0
1103678,143000.0
1103711,103000.0
1103726,169000.0
1103731,130000.0
1103735,153000.0
1103741,495000.0
1103838,137000.0
1103903,216000.0
1103914,129000.0
1103991,77000.0
1103997,112000.0
1104005,184000.0
1104027,56000.0
1104035,95000.0
1104045,107000.0
1104073,432000.0
1104122,292000.0
1104123,295000.0
1104132,127000.0
1104247,120000.0
1104252,103000.0
1104265,174000.0
1104276,70000.0
1104292,118000.0
1104347,592000.0
1104357,161000.0
1104358,101000.0
1104369,191000.0
1104944,206000.0
1104946,95000.0
1104949,95000.0
1104951,95000.0
1104953,95000.0
1104955,95000.0
1104972,163000.0
1105018,77000.0
1105021,112000.0
1105024,191000.0
1105025,122000.0
1105044,181000.0
1105046,115000.0
1105047,115000.0
1105050,330000.0
1105051,330000.0
1105052,330000.0
1105053,330000.0
1105071,95000.0
1105081,145000.0
1105207,330000.0
1105210,170000.0
1105265,330000.0
1105266,147000.0
1105267,147000.0
1105268,330000.0
1105280,86000.0
1105281,120000.0
1105282,119000.0
1105376,291000.0
1105429,127000.0
1105465,129000.0
1105493,110000.0
1105496,118000.0
1105557,110000.0
1105558,110000.0
1105575,112000.0
1105576,112000.0
1105581,90000.0
1105621,150000.0
1105622,132000.0
1105698,191000.0
1105699,191000.0
1105700,191000.0
1105702,191000.0
1105705,191000.0
1105706,191000.0
1105711,172000.0
1105799,110000.0
1105802,110000.0
1105803,110000.0
1105805,110000.0
1105806,110000.0
1105807,127000.0
1105828,140000.0
1105830,275000.0
1105831,150000.0
1105832,272000.0
1105849,77000.0
1105855,116000.0
1105898,116000.0
1105899,116000.0
1105935,192000.0
1105989,128000.0
1106068,153000.0
1106069,153000.0
1106073,153000.0
1106085,142000.0
1106086,136000.0
1106135,117000.0
1106164,77000.0
1106193,190000.0
1106196,97000.0
1106244,172000.0
1106253,68000.0
1106256,118000.0
1106586,278000.0
1106587,132000.0
1106588,148000.0
1106589,153000.0
1106600,84000.0
1106608,135000.0
1106715,77000.0
1106789,163000.0
1106790,212000.0
1106791,209000.0
1106792,212000.0
1106793,209000.0
1106794,209000.0
1106869,123000.0
1106954,226000.0
1107205,191000.0
1107331,74000.0
1107333,74000.0
1107389,163000.0
1107390,163000.0
1107392,163000.0
1107394,163000.0
1107395,163000.0
1107469,181000.0
1107483,104000.0
1107491,93000.0
1107667,237000.0
1107772,95000.0
1107775,95000.0
1107785,293000.0
1107786,149000.0
1107787,131000.0
1202392,102000.0
1202393,83000.0
1202395,191000.0
1202440,87000.0
1202550,76000.0
1202552,87000.0
1202577,144000.0
1202580,107000.0
1202842,130000.0
1202844,135000.0
1202860,97000.0
1202861,99000.0
1202869,181000.0
1202876,153000.0
1202892,161000.0
1202903,78000.0
1214273,154000.0
1214280,127000.0
1214445,310000.0
1214448,69000.0
1214449,77000.0
1214464,110000.0
1214572,131000.0
1214574,195000.0
1214584,129000.0
1214608,96000.0
1214640,78000.0
1214643,156000.0
1214651,327000.0
1214652,186000.0
1214657,430000.0
1214661,188000.0
1214673,135000.0
1214675,113000.0
1214679,173000.0
1214703,134000.0
1215040,122000.0
1215050,61000.0
1215134,112000.0
1215138,110000.0
1215362,81000.0
1215366,92000.0
1215368,94000.0
1215369,152000.0
1215374,83000.0
1215388,533000.0
1215448,77000.0
1215451,68000.0
1215486,150000.0
1215488,177000.0
1215496,129000.0
1215498,155000.0
1215555,138000.0
1215556,190000.0
1215560,330000.0
1215573,120000.0
1215591,69000.0
1215596,149000.0
1215746,237000.0
1215748,134000.0
1215754,66000.0
1215756,307000.0
1215758,127000.0
1215761,94000.0
1215762,90000.0
1215766,112000.0
1215767,608000.0
1215776,330000.0
1215784,291000.0
1215791,80000.0
1215796,94000.0
1215797,129000.0
1215798,83000.0
1215806,148000.0
1215810,81000.0
1216439,67000.0
1217024,102000.0
1217029,139000.0
1217034,79000.0
1217036,94000.0
1217037,71000.0
1217038,132000.0
1217233,139000.0
1217234,83000.0
1217247,107000.0
1217248,86000.0
1217250,95000.0
1217540,217000.0
1217556,150000.0
1217557,100000.0
1217559,72000.0
1217578,222000.0
1217875,62000.0
1217881,54000.0
1219303,99000.0
1219356,410000.0
1219361,232000.0
1219426,100000.0
1219482,279000.0
1219492,88000.0
1219515,218000.0
1219518,447000.0
1219520,189000.0
1219620,137000.0
1219653,93000.0
1219665,185000.0
1219668,105000.0
1219670,62000.0
1219706,201000.0
1219714,155000.0
1219756,116000.0
1220007,94000.0
1220137,457000.0
1220139,413000.0
1220671,84000.0
1220690,71000.0
1220731,150000.0
1220732,90000.0
1220739,143000.0
1222082,245000.0
1222084,72000.0
1222087,353000.0
1222182,161000.0
1222183,127000.0
1222194,214000.0
1222252,152000.0
1223720,127000.0
1223812,141000.0
1223816,324000.0
1223827,196000.0
1223836,268000.0
1223838,99000.0
1223841,91000.0
1223860,270000.0
1223861,183000.0
1223863,137000.0
1223867,204000.0
1223875,128000.0
1223892,220000.0
1223897,191000.0
1224003,90000.0
1224006,131000.0
1224010,168000.0
1224014,73000.0
1224033,168000.0
1224068,168000.0
1224071,84000.0
1224121,162000.0
1224146,134000.0
1224153,103000.0
1224653,166000.0
1224668,108000.0
1224776,149000.0
1224788,222000.0
1225148,481000.0
1225155,170000.0
1225157,278000.0
1225159,347000.0
1225238,204000.0
1225323,181000.0
1225362,113000.0
1225363,135000.0
1225376,250000.0
1225378,115000.0
1225818,74000.0
1226392,109000.0
1226394,106000.0
1226516,158000.0
1226517,158000.0
1226741,153000.0
1226743,103000.0
1226745,94000.0
1226748,142000.0
1226749,136000.0
1226782,129000.0
1226789,86000.0
1226799,97000.0
1226860,90000.0
1226867,195000.0
1226963,145000.0
1227068,240000.0
1227072,319000.0
1227075,97000.0
1227080,193000.0
1227083,193000.0
1227087,144000.0
1227113,101000.0
1227115,151000.0
1227127,77000.0
1227165,134000.0
1227292,93000.0
1227294,200000.0
1227296,188000.0
1227675,548000.0
1227679,220000.0
1227680,191000.0
1227687,286000.0
1227690,203000.0
1227707,148000.0
1227708,131000.0
1227709,208000.0
1227720,252000.0
1227815,176000.0
1227857,403000.0
1227859,379000.0
1227865,224000.0
1227902,125000.0
1227904,95000.0
1227921,463000.0
1227928,131000.0
1227948,229000.0
1227951,530000.0
1228096,153000.0
1228098,120000.0
1228597,334000.0
1228622,202000.0
1228630,165000.0
1228639,181000.0
1228640,133000.0
1228821,136000.0
1228828,249000.0
1228829,318000.0
1228966,364000.0
1228972,428000.0
1228973,1023000.0
1228974,1043000.0
1228985,492000.0
1229013,214000.0
1229016,111000.0
1229018,170000.0
1229020,307000.0
1229022,174000.0
1229028,123000.0
1229030,128000.0
1229031,183000.0
1229038,186000.0
1229176,691000.0
1229188,343000.0
1229190,867000.0
1229201,193000.0
1229212,128000.0
1229218,125000.0
1229220,153000.0
1229224,157000.0
1229225,129000.0
1229462,450000.0
1229540,161000.0
1229541,139000.0
1229591,158000.0
1229597,176000.0
1229598,176000.0
1230015,99000.0
1230020,98000.0
1230030,98000.0
1230031,70000.0
1230037,87000.0
1230038,190000.0
1230039,70000.0
1230040,118000.0
1230045,63000.0
1230070,74000.0
1231407,225000.0
1231410,216000.0
1231549,306000.0
1231551,221000.0
1231558,77000.0
1231661,111000.0
1231688,188000.0
1231696,290000.0
1231704,110000.0
1231710,165000.0
1231711,69000.0
1231719,163000.0
1231753,102000.0
1231846,618000.0
1231908,95000.0
1231938,119000.0
1231982,215000.0
1232000,123000.0
1232001,123000.0
1232002,123000.0
1232475,296000.0
1232477,174000.0
1232484,71000.0
1232490,104000.0
1232637,83000.0
1232646,92000.0
1232662,102000.0
1233033,109000.0
1233038,95000.0
1233250,451000.0
1233263,136000.0
1233265,244000.0
1233268,187000.0
1233307,135000.0
1233314,119000.0
1233329,345000.0
1233345,266000.0
1233349,118000.0
1233447,86000.0
1233450,73000.0
1233453,85000.0
1233462,88000.0
1233465,111000.0
1233471,44000.0
1233474,112000.0
1233479,110000.0
1233487,112000.0
1233488,153000.0
1233490,111000.0
1233493,92000.0
1233495,95000.0
1233497,96000.0
1233542,73000.0
1233552,77000.0
1233557,166000.0
1233567,93000.0
1233568,110000.0
1233569,114000.0
1233683,239000.0
1233764,814000.0
1233861,118000.0
1233877,81000.0
1233987,330000.0
1233989,147000.0
1234069,147000.0
1234103,187000.0
1234104,209000.0
1234343,749000.0
1234348,97000.0
1234349,97000.0
1234495,430000.0
1234496,176000.0
1234497,174000.0
1234499,167000.0
1234515,145000.0
1234516,227000.0
1234528,200000.0
1234612,256000.0
1234760,74000.0
1234763,94000.0
1234766,164000.0
1234772,187000.0
1234818,115000.0
1235137,503000.0
1235157,121000.0
1235163,426000.0
1235168,250000.0
1235169,250000.0
1235170,250000.0
1235228,457000.0
1235244,389000.0
1235266,485000.0
1235290,986000.0
1235294,938000.0
1235303,143000.0
1235312,112000.0
1235314,438000.0
1235337,472000.0
1235354,299000.0
1235360,554000.0
1235386,775000.0
1235538,318000.0
1235542,418000.0
1235546,279000.0
1235552,652000.0
1235662,1243000.0
1235678,60000.0
1235679,151000.0
1235688,131000.0
1235689,130000.0
1235741,212000.0
1235742,163000.0
1235744,209000.0
1235745,209000.0
1235746,212000.0
1235747,209000.0
1235786,629000.0
1235796,372000.0
1235824,668000.0
1235825,955000.0
1235874,380000.0
1235885,639000.0
1235886,640000.0
1235887,294000.0
1235916,907000.0
1235996,192000.0
1235997,154000.0
1236001,650000.0
1236007,728000.0
1236009,841000.0
1236010,884000.0
1236082,88000.0
1236126,123000.0
1236137,138000.0
1236150,130000.0
1236152,153000.0
1236160,276000.0
1236162,1053000.0
1236183,173000.0
1236186,108000.0
1236189,125000.0
1236201,108000.0
1236353,155000.0
1236355,160000.0
1236463,94000.0
1236479,107000.0
1236480,105000.0
1236822,104000.0
1236911,456000.0
1236986,169000.0
1236991,219000.0
1236993,169000.0
1237029,154000.0
1237033,92000.0
1237049,105000.0
1237051,207000.0
1237164,102000.0
1237170,273000.0
1237492,53000.0
1237495,93000.0
1237545,86000.0
1237979,231000.0
1237998,190000.0
1238015,143000.0
1238100,127000.0
1238115,154000.0
1238129,391000.0
1238182,96000.0
1238190,114000.0
1238195,385000.0
1238198,183000.0
1238207,130000.0
1238213,155000.0
1238216,222000.0
1238226,133000.0
1238229,330000.0
1238231,277000.0
1238232,289000.0
1238237,174000.0
1238241,160000.0
1238242,207000.0
1238244,151000.0
1238245,175000.0
1238258,77000.0
1238259,267000.0
1238261,144000.0
1238263,312000.0
1238264,190000.0
1238384,110000.0
1238386,203000.0
1238419,207000.0
1238422,199000.0
1238435,168000.0
1238439,641000.0
1238572,317000.0
1238582,252000.0
1238589,154000.0
1238614,97000.0
1238793,200000.0
1238800,523000.0
1238802,372000.0
1238807,247000.0
1238812,112000.0
1238813,177000.0
1238814,83000.0
1238827,141000.0
1238834,207000.0
1238964,198000.0
1238965,207000.0
1239003,213000.0
1239006,384000.0
1239029,237000.0
1239054,243000.0
1239062,215000.0
1239067,237000.0
1239078,193000.0
1239100,220000.0
1239106,163000.0
1239112,177000.0
1239158,218000.0
1239160,168000.0
1239161,134000.0
1239162,116000.0
1239239,207000.0
1239260,227000.0
1239261,323000.0
1239271,177000.0
1239276,365000.0
1239278,201000.0
1239294,152000.0
1239313,220000.0
1239402,327000.0
1239482,132000.0
1239483,132000.0
1239484,132000.0
1239485,132000.0
1239490,170000.0
1239519,217000.0
1239527,128000.0
1239532,186000.0
1239533,207000.0
1239534,159000.0
1239535,235000.0
1239537,220000.0
1239558,116000.0
1239566,94000.0
1239568,285000.0
1239577,123000.0
1239578,82000.0
1239585,126000.0
1239589,147000.0
1239598,129000.0
1239601,1098000.0
1239963,191000.0
1239978,1052000.0
1239994,474000.0
1240122,975000.0
1240137,1040000.0
1240202,114000.0
1240229,152000.0
1240235,708000.0
1240281,201000.0
1240283,535000.0
1240338,77000.0
1240418,75000.0
1240441,483000.0
1240442,165000.0
1240444,323000.0
1240448,490000.0
1240464,636000.0
1240465,110000.0
1240498,167000.0
1240504,71000.0
1240505,136000.0
1240516,116000.0
1240535,86000.0
1240539,91000.0
1240540,77000.0
1240617,120000.0
1240649,115000.0
1240720,92000.0
1240728,73000.0
1240735,65000.0
1240736,75000.0
1240977,87000.0
1240979,76000.0
1241045,64000.0
1241069,70000.0
1241079,400000.0
1241087,74000.0
1241091,118000.0
1241093,82000.0
1241095,236000.0
1241101,131000.0
1241103,76000.0
1241115,90000.0
1241117,114000.0
1241128,98000.0
1241130,1047000.0
1241139,192000.0
1241151,91000.0
1241289,66000.0
1241295,82000.0
1241453,127000.0
1241454,110000.0
1241459,111000.0
1241460,92000.0
1241478,120000.0
1241488,81000.0
1241744,117000.0
1241746,90000.0
1241753,115000.0
1241756,106000.0
1241757,112000.0
1241760,84000.0
1241761,113000.0
1241764,101000.0
1241795,161000.0
1241796,113000.0
1241798,80000.0
1241803,79000.0
1241804,84000.0
1241807,80000.0
1241810,67000.0
1241813,79000.0
1241826,106000.0
1241833,87000.0
1241834,98000.0
1241837,90000.0
1241842,102000.0
1241843,127000.0
1241897,98000.0
1241913,72000.0
1241975,93000.0
1241978,146000.0
1241980,77000.0
1241981,87000.0
1241983,64000.0
1242077,106000.0
1242080,85000.0
1242082,267000.0
1242090,90000.0
1242092,64000.0
1242118,126000.0
1242119,203000.0
1242131,79000.0
1242132,57000.0
1242135,73000.0
1242139,85000.0
70723,16000.0
71009,157000.0
71030,18000.0
71670,23000.0
71671,15000.0
71694,24000.0
71697,28000.0
71717,21000.0
71727,19000.0
71785,20000.0
72264,64000.0
72276,19000.0
72325,19000.0
72326,49000.0
72327,18000.0
72548,124000.0
72571,40000.0
72713,25000.0
696861,66000.0
696875,10000.0
696882,214000.0
