id,price
264893,770000.0
264899,158000.0
264910,259000.0
264915,139000.0
264919,64000.0
264928,154000.0
264932,249000.0
264935,216000.0
264939,298000.0
264944,128000.0
264954,141000.0
264955,144000.0
264969,840000.0
264978,169000.0
264983,146000.0
264984,75000.0
264985,196000.0
265031,138000.0
265032,168000.0
265058,251000.0
265066,193000.0
265068,119000.0
265069,535000.0
265070,192000.0
265077,173000.0
265090,862000.0
265094,381000.0
265101,154000.0
265102,145000.0
265105,212000.0
265106,139000.0
265108,162000.0
265115,142000.0
265147,64000.0
265152,167000.0
265153,151000.0
265170,684000.0
265176,126000.0
265187,396000.0
265189,150000.0
265198,468000.0
265225,81000.0
265233,253000.0
265237,532000.0
265253,357000.0
265280,292000.0
265287,241000.0
265293,137000.0
265296,183000.0
265307,270000.0
265308,250000.0
265312,238000.0
265313,127000.0
265314,237000.0
265315,215000.0
265320,178000.0
265333,182000.0
265346,175000.0
265351,635000.0
265356,155000.0
265357,141000.0
265358,141000.0
265363,272000.0
265369,112000.0
265372,262000.0
265402,273000.0
265406,165000.0
265420,554000.0
265436,153000.0
265438,163000.0
265442,157000.0
265449,232000.0
265452,346000.0
265455,153000.0
265461,513000.0
265465,164000.0
265481,250000.0
265488,114000.0
265501,95000.0
265514,273000.0
265515,130000.0
265516,142000.0
265517,459000.0
265526,191000.0
265533,223000.0
265539,179000.0
265543,87000.0
265544,156000.0
265556,153000.0
265559,299000.0
265561,341000.0
265584,353000.0
265586,148000.0
265587,159000.0
265588,177000.0
265593,336000.0
265596,526000.0
265607,185000.0
265608,208000.0
265610,402000.0
265613,808000.0
265653,190000.0
265663,186000.0
265669,519000.0
265675,149000.0
265699,844000.0
265701,185000.0
265703,193000.0
265704,188000.0
265743,188000.0
265748,135000.0
265759,106000.0
265795,312000.0
265797,332000.0
265805,299000.0
265806,169000.0
265810,140000.0
265819,184000.0
265820,290000.0
265833,229000.0
265834,74000.0
265843,631000.0
265851,458000.0
265862,645000.0
265864,579000.0
265869,322000.0
265887,516000.0
265907,422000.0
265913,906000.0
265921,91000.0
265923,380000.0
265925,657000.0
265957,229000.0
265958,1160000.0
265960,315000.0
265963,92000.0
265969,885000.0
266004,434000.0
266028,165000.0
266029,396000.0
266032,688000.0
266034,401000.0
266055,825000.0
266075,1002000.0
266077,1002000.0
266080,229000.0
266093,887000.0
266094,834000.0
266100,468000.0
266116,443000.0
266129,641000.0
266144,450000.0
266160,585000.0
266165,988000.0
266196,277000.0
266199,394000.0
266202,243000.0
266210,308000.0
266211,459000.0
266213,349000.0
266218,296000.0
266219,309000.0
266220,396000.0
266234,330000.0
266241,202000.0
266248,261000.0
266251,574000.0
266256,372000.0
266259,350000.0
266274,257000.0
266275,609000.0
266276,678000.0
266279,327000.0
266280,331000.0
266281,406000.0
266299,381000.0
266300,308000.0
266305,87000.0
266314,530000.0
266315,614000.0
266329,79000.0
266332,190000.0
266350,180000.0
266368,445000.0
266375,360000.0
266381,181000.0
266382,157000.0
266393,134000.0
266394,237000.0
266402,146000.0
266406,376000.0
266423,159000.0
266424,164000.0
266438,157000.0
266454,159000.0
266463,169000.0
266465,220000.0
266479,143000.0
266480,534000.0
266485,232000.0
266486,178000.0
266496,374000.0
266508,359000.0
266510,134000.0
266511,233000.0
266512,182000.0
266514,151000.0
266517,218000.0
266539,147000.0
266542,141000.0
266545,101000.0
266548,330000.0
266550,242000.0
266556,235000.0
266559,221000.0
266565,142000.0
266568,413000.0
266569,166000.0
266575,235000.0
266580,172000.0
266581,140000.0
266582,182000.0
266583,184000.0
266602,618000.0
266606,201000.0
266618,228000.0
266619,315000.0
266620,211000.0
266624,226000.0
266626,254000.0
266662,141000.0
266667,323000.0
266668,260000.0
266677,501000.0
266681,281000.0
266682,398000.0
266690,223000.0
266694,304000.0
266695,304000.0
266698,887000.0
266699,256000.0
266727,626000.0
266729,582000.0
266731,426000.0
266732,592000.0
266740,777000.0
266744,293000.0
266748,248000.0
266768,148000.0
266770,534000.0
266771,585000.0
266778,316000.0
266779,936000.0
266781,198000.0
266785,691000.0
266809,404000.0
266819,241000.0
266821,411000.0
266824,193000.0
266830,510000.0
266831,474000.0
266845,446000.0
266846,268000.0
266847,335000.0
266851,340000.0
266858,151000.0
266859,857000.0
266862,678000.0
266863,367000.0
266864,457000.0
266872,137000.0
266875,522000.0
266877,588000.0
266882,349000.0
266883,239000.0
266886,336000.0
266918,127000.0
266919,520000.0
266920,601000.0
266953,382000.0
266954,315000.0
266955,651000.0
266957,401000.0
266965,580000.0
266966,267000.0
266969,305000.0
266984,530000.0
266989,571000.0
266990,291000.0
267015,169000.0
267016,169000.0
267017,169000.0
267018,131000.0
267019,314000.0
267020,306000.0
267025,650000.0
267028,517000.0
267041,313000.0
267054,169000.0
267082,123000.0
267084,487000.0
267085,280000.0
267103,641000.0
267104,116000.0
267106,333000.0
267113,194000.0
267126,155000.0
267128,195000.0
267131,325000.0
267138,142000.0
267147,161000.0
267153,243000.0
267154,157000.0
267171,157000.0
267173,128000.0
267188,151000.0
267198,148000.0
267199,154000.0
267218,229000.0
267220,228000.0
267221,166000.0
267245,298000.0
267247,174000.0
267248,233000.0
267249,222000.0
267253,203000.0
267269,465000.0
267271,247000.0
267274,587000.0
267281,197000.0
267303,269000.0
267305,309000.0
267306,233000.0
267307,152000.0
267309,251000.0
267311,261000.0
267312,256000.0
267315,333000.0
267331,184000.0
267338,233000.0
267342,145000.0
267344,175000.0
267346,510000.0
267366,353000.0
267369,197000.0
267371,136000.0
267375,163000.0
267376,181000.0
267379,160000.0
267381,211000.0
267382,323000.0
267407,159000.0
267422,180000.0
267424,203000.0
267428,188000.0
267431,204000.0
267434,144000.0
267437,222000.0
267438,175000.0
267439,174000.0
267440,178000.0
267441,224000.0
267443,194000.0
267460,417000.0
267463,783000.0
267494,1100000.0
267510,249000.0
267515,418000.0
267520,303000.0
267522,1019000.0
267523,521000.0
267524,462000.0
267544,261000.0
267546,313000.0
267551,567000.0
267553,386000.0
267563,285000.0
267584,564000.0
267585,450000.0
267587,395000.0
267598,561000.0
267602,250000.0
267614,673000.0
267617,651000.0
267619,775000.0
267620,328000.0
267623,231000.0
267627,195000.0
267633,132000.0
267644,390000.0
267667,137000.0
267738,145000.0
267740,144000.0
267743,148000.0
267778,215000.0
267779,216000.0
267799,215000.0
267800,249000.0
267814,434000.0
267816,411000.0
267833,231000.0
267834,142000.0
267836,70000.0
267847,141000.0
267858,306000.0
267891,263000.0
267896,893000.0
267899,121000.0
267900,146000.0
267902,379000.0
267908,545000.0
267924,370000.0
267933,128000.0
267936,745000.0
267939,262000.0
267941,435000.0
267942,252000.0
267967,142000.0
267970,147000.0
267980,152000.0
267990,129000.0
267992,474000.0
267994,289000.0
267995,72000.0
267999,213000.0
268003,435000.0
268020,206000.0
268033,225000.0
268041,199000.0
268056,176000.0
268067,379000.0
268070,82000.0
268071,848000.0
268121,286000.0
268144,260000.0
268145,508000.0
268147,136000.0
268149,138000.0
268150,136000.0
268157,174000.0
268159,381000.0
268161,533000.0
268175,253000.0
268189,238000.0
268208,217000.0
308905,177000.0
312310,627000.0
312331,746000.0
695165,452000.0
695166,230000.0
695170,279000.0
695176,309000.0
695178,136000.0
695181,295000.0
695183,263000.0
695185,173000.0
695196,246000.0
695203,342000.0
695205,210000.0
695207,231000.0
695236,259000.0
695238,327000.0
695252,308000.0
695257,275000.0
713635,296000.0
714108,165000.0
714284,195000.0
714645,532000.0
714753,479000.0
714863,822000.0
714924,530000.0
715132,204000.0
715405,174000.0
715433,565000.0
715694,323000.0
715746,182000.0
715898,178000.0
715902,237000.0
715996,296000.0
716065,269000.0
716097,663000.0
716329,198000.0
716360,328000.0
716377,549000.0
716484,178000.0
716541,252000.0
716634,380000.0
716888,461000.0
717017,361000.0
717109,400000.0
717307,464000.0
717459,262000.0
717524,291000.0
717568,292000.0
717688,448000.0
717690,688000.0
717797,337000.0
717829,237000.0
717945,718000.0
717983,662000.0
718276,578000.0
718584,505000.0
718617,146000.0
718717,313000.0
718867,323000.0
718943,413000.0
718997,414000.0
719116,189000.0
719132,430000.0
719287,180000.0
719579,543000.0
719846,249000.0
719893,286000.0
720041,420000.0
720088,368000.0
720180,410000.0
720249,149000.0
720261,338000.0
720293,275000.0
720364,185000.0
720455,307000.0
720564,187000.0
720679,245000.0
720725,119000.0
720817,270000.0
720854,325000.0
720920,163000.0
721130,215000.0
721266,176000.0
721531,172000.0
721844,138000.0
721882,555000.0
722050,166000.0
722151,188000.0
722225,940000.0
722264,318000.0
722516,325000.0
722520,201000.0
722594,547000.0
722649,119000.0
722769,154000.0
724397,419000.0
724457,339000.0
724486,374000.0
724488,662000.0
724574,372000.0
724620,623000.0
724674,223000.0
724767,563000.0
724786,321000.0
724908,373000.0
725124,223000.0
725211,264000.0
725280,161000.0
725364,301000.0
725393,344000.0
725425,165000.0
725455,331000.0
725547,386000.0
725814,308000.0
725829,201000.0
725999,517000.0
726088,276000.0
726214,302000.0
726348,152000.0
726542,347000.0
726620,281000.0
726910,384000.0
727068,376000.0
727229,135000.0
727458,372000.0
727699,331000.0
728077,123000.0
728089,295000.0
728272,316000.0
728553,374000.0
728592,111000.0
728640,260000.0
728663,230000.0
729105,201000.0
729267,192000.0
729622,257000.0
730128,175000.0
730298,147000.0
730619,271000.0
730712,298000.0
731061,375000.0
731131,194000.0
731142,499000.0
731240,184000.0
731527,175000.0
731655,183000.0
731841,279000.0
731925,174000.0
732382,146000.0
732568,365000.0
732810,368000.0
732969,204000.0
733029,386000.0
733077,511000.0
733091,471000.0
733208,237000.0
733226,223000.0
733230,153000.0
733238,219000.0
733347,243000.0
733542,286000.0
734153,169000.0
734154,322000.0
734176,290000.0
734212,396000.0
734217,478000.0
734258,280000.0
734334,363000.0
734397,1042000.0
734666,154000.0
734674,234000.0
734675,226000.0
734724,790000.0
734919,279000.0
735058,440000.0
735319,336000.0
735691,298000.0
735730,699000.0
735875,221000.0
736019,137000.0
736274,181000.0
736752,611000.0
736842,207000.0
736845,402000.0
736880,402000.0
737208,304000.0
737501,360000.0
737652,493000.0
737722,813000.0
738039,224000.0
738057,322000.0
738082,358000.0
738665,364000.0
738841,214000.0
739007,167000.0
739075,144000.0
739255,631000.0
739492,258000.0
740378,689000.0
740535,120000.0
741340,372000.0
741408,208000.0
741684,242000.0
742269,350000.0
742430,387000.0
742608,784000.0
742744,388000.0
742791,182000.0
742826,222000.0
742881,159000.0
742899,163000.0
743231,287000.0
743527,1230000.0
743534,224000.0
743562,173000.0
743664,390000.0
743926,652000.0
744027,343000.0
744337,342000.0
744508,286000.0
744690,214000.0
745006,180000.0
745047,173000.0
745193,353000.0
745245,173000.0
745515,166000.0
746017,320000.0
746053,187000.0
746265,600000.0
746355,663000.0
746375,202000.0
746382,281000.0
746483,193000.0
746772,170000.0
746949,203000.0
746954,156000.0
746984,134000.0
748310,512000.0
748476,247000.0
748712,592000.0
748736,179000.0
748773,155000.0
748803,930000.0
749336,245000.0
749657,224000.0
749755,245000.0
749845,205000.0
750054,435000.0
750136,205000.0
750580,345000.0
750771,759000.0
751301,146000.0
751365,289000.0
751450,533000.0
751496,491000.0
751560,688000.0
751799,405000.0
751846,167000.0
751847,182000.0
751897,217000.0
751958,292000.0
751960,248000.0
752204,172000.0
752309,685000.0
752365,193000.0
752608,296000.0
752648,194000.0
752691,366000.0
752814,226000.0
752877,265000.0
753069,218000.0
753118,152000.0
753224,460000.0
753227,169000.0
753248,203000.0
753391,246000.0
753482,202000.0
753516,356000.0
753532,285000.0
753563,190000.0
753651,750000.0
753842,250000.0
754089,196000.0
754090,176000.0
754125,333000.0
754506,329000.0
754620,191000.0
754630,203000.0
754802,143000.0
754861,296000.0
754927,168000.0
754936,461000.0
755034,258000.0
755072,175000.0
755075,164000.0
755879,191000.0
756141,257000.0
757137,389000.0
757268,426000.0
757525,265000.0
757552,447000.0
757671,145000.0
757699,237000.0
757723,269000.0
757778,193000.0
757807,346000.0
757810,238000.0
758073,229000.0
758157,141000.0
758385,615000.0
758409,161000.0
758503,206000.0
758531,222000.0
758589,161000.0
758722,150000.0
758785,252000.0
758793,175000.0
758855,387000.0
758943,338000.0
758961,379000.0
759020,336000.0
759066,207000.0
759073,188000.0
759076,368000.0
759330,196000.0
760184,328000.0
760381,417000.0
760382,419000.0
760545,579000.0
760920,213000.0
767749,212000.0
767766,302000.0
767960,259000.0
768051,208000.0
771578,183000.0
771667,399000.0
771785,111000.0
771860,194000.0
772094,194000.0
772238,214000.0
772563,353000.0
772956,225000.0
773061,348000.0
773111,219000.0
773288,372000.0
773498,590000.0
773599,605000.0
773705,165000.0
773905,158000.0
773965,419000.0
773973,259000.0
774075,682000.0
774236,151000.0
774296,517000.0
774423,464000.0
774558,332000.0
774559,343000.0
774858,224000.0
774859,244000.0
774860,194000.0
774861,230000.0
774863,296000.0
774864,191000.0
774865,528000.0
774866,225000.0
774870,441000.0
774874,199000.0
774908,491000.0
774914,367000.0
775168,287000.0
775205,274000.0
775210,480000.0
775320,244000.0
775438,246000.0
775442,331000.0
775443,263000.0
775444,178000.0
775445,217000.0
775447,194000.0
775448,213000.0
775554,233000.0
775555,206000.0
775586,215000.0
775612,239000.0
775729,151000.0
775785,170000.0
775911,210000.0
776126,185000.0
776220,650000.0
776281,294000.0
776537,543000.0
776718,220000.0
776786,196000.0
777092,301000.0
777265,220000.0
777365,582000.0
777442,173000.0
777610,515000.0
777612,175000.0
777763,356000.0
777818,266000.0
778020,246000.0
792324,536000.0
792630,158000.0
792713,171000.0
792725,259000.0
792887,425000.0
792939,678000.0
793005,163000.0
793008,320000.0
793066,271000.0
793127,321000.0
793161,154000.0
793409,314000.0
793475,183000.0
793537,335000.0
793642,198000.0
793661,386000.0
793768,495000.0
793977,728000.0
793978,238000.0
794009,489000.0
794521,123000.0
794522,198000.0
794646,185000.0
794657,161000.0
794681,375000.0
794957,272000.0
795043,152000.0
795214,216000.0
795458,173000.0
795504,373000.0
795614,233000.0
795689,229000.0
795690,284000.0
795749,209000.0
795780,274000.0
796046,299000.0
796093,181000.0
796230,421000.0
796239,434000.0
796407,581000.0
796414,243000.0
796526,170000.0
796611,169000.0
796612,167000.0
796693,269000.0
796941,272000.0
797000,272000.0
797301,465000.0
797320,239000.0
797501,207000.0
797556,358000.0
797602,230000.0
797607,230000.0
797650,220000.0
797759,650000.0
797840,258000.0
797920,174000.0
797955,204000.0
797986,127000.0
798122,359000.0
798154,560000.0
799016,175000.0
799634,203000.0
799788,592000.0
800114,239000.0
800138,357000.0
800424,135000.0
800449,373000.0
800510,538000.0
800532,334000.0
800541,224000.0
800609,273000.0
800668,245000.0
800744,446000.0
800866,268000.0
800903,518000.0
800916,479000.0
801752,189000.0
801804,179000.0
801847,503000.0
801858,167000.0
802128,467000.0
802258,225000.0
802295,204000.0
802341,328000.0
802386,460000.0
802424,222000.0
802445,212000.0
802668,189000.0
802700,243000.0
802704,267000.0
802728,335000.0
802910,198000.0
803292,593000.0
803311,75000.0
803329,180000.0
803374,334000.0
803536,477000.0
803639,529000.0
804024,158000.0
804212,456000.0
804231,237000.0
804291,664000.0
804531,218000.0
804598,230000.0
804627,175000.0
804631,143000.0
804637,519000.0
804655,172000.0
804744,180000.0
804766,173000.0
804807,130000.0
805014,755000.0
805098,616000.0
805194,596000.0
805373,386000.0
805394,263000.0
805486,229000.0
805500,352000.0
805630,373000.0
805757,567000.0
806068,495000.0
806144,194000.0
806361,161000.0
806422,368000.0
806448,240000.0
806622,218000.0
806748,225000.0
806977,402000.0
806994,580000.0
807158,121000.0
807182,241000.0
807185,206000.0
807247,127000.0
807280,428000.0
807366,240000.0
807797,175000.0
808029,285000.0
808116,324000.0
808193,884000.0
808317,292000.0
808398,312000.0
808402,540000.0
808665,230000.0
808694,116000.0
809040,405000.0
809598,359000.0
809658,215000.0
810178,235000.0
810217,314000.0
810247,244000.0
810250,239000.0
810315,392000.0
810593,710000.0
810694,318000.0
810750,196000.0
810752,549000.0
810823,519000.0
811013,670000.0
811014,707000.0
811029,641000.0
811033,449000.0
811079,172000.0
811149,413000.0
811154,179000.0
811318,228000.0
811572,348000.0
811752,265000.0
811825,178000.0
811863,550000.0
811890,185000.0
812013,181000.0
812020,182000.0
812190,229000.0
812277,299000.0
812281,479000.0
812496,608000.0
813366,257000.0
813513,249000.0
813541,155000.0
813723,793000.0
813854,295000.0
813900,602000.0
813905,583000.0
813991,167000.0
814439,362000.0
814562,504000.0
814741,198000.0
814748,276000.0
814792,240000.0
814808,168000.0
814955,218000.0
815240,292000.0
815395,451000.0
815501,261000.0
815512,203000.0
815573,504000.0
815588,540000.0
815670,479000.0
815688,325000.0
815690,265000.0
815696,406000.0
815763,155000.0
815988,285000.0
816064,442000.0
816242,483000.0
816290,1164000.0
816334,343000.0
816744,433000.0
816890,169000.0
816995,176000.0
816999,370000.0
817070,432000.0
817184,610000.0
817220,358000.0
817222,386000.0
817335,379000.0
817398,188000.0
817401,485000.0
817469,569000.0
817478,579000.0
817485,362000.0
849254,402000.0
849335,405000.0
849583,407000.0
849628,269000.0
849715,393000.0
849938,626000.0
850070,595000.0
850071,279000.0
850074,529000.0
850143,169000.0
850650,498000.0
850688,202000.0
850706,160000.0
851200,270000.0
851362,330000.0
851404,830000.0
851791,398000.0
851810,236000.0
851844,257000.0
851885,373000.0
851929,373000.0
852009,246000.0
852060,398000.0
852108,436000.0
852166,174000.0
852210,680000.0
852356,217000.0
852727,571000.0
852786,253000.0
852794,183000.0
852798,235000.0
852811,253000.0
852983,199000.0
853152,363000.0
853212,249000.0
853308,297000.0
853360,261000.0
853400,217000.0
853448,136000.0
853547,454000.0
853738,483000.0
853999,166000.0
854058,143000.0
854206,323000.0
854316,493000.0
854372,950000.0
854548,196000.0
854627,378000.0
854717,695000.0
854804,559000.0
854850,222000.0
855254,353000.0
855290,211000.0
855591,437000.0
855835,632000.0
856006,498000.0
856174,157000.0
856192,399000.0
856247,323000.0
856511,812000.0
856637,418000.0
856638,188000.0
856646,396000.0
856699,719000.0
856869,249000.0
856903,314000.0
857014,340000.0
857021,303000.0
857337,95000.0
857466,292000.0
857561,546000.0
857715,410000.0
857930,568000.0
857933,573000.0
857984,143000.0
858020,160000.0
858115,210000.0
858187,377000.0
858284,314000.0
858313,247000.0
858343,267000.0
858367,368000.0
858368,296000.0
858391,332000.0
858467,201000.0
858620,347000.0
858789,392000.0
858910,252000.0
858923,429000.0
858925,172000.0
859089,153000.0
859208,275000.0
859213,252000.0
859448,347000.0
859735,245000.0
859737,191000.0
859952,309000.0
860006,309000.0
860132,187000.0
860301,326000.0
860323,137000.0
860335,173000.0
860364,119000.0
860502,496000.0
860548,698000.0
860582,398000.0
860748,529000.0
860775,359000.0
860948,476000.0
861031,703000.0
861333,210000.0
861384,243000.0
861474,302000.0
861714,260000.0
861731,266000.0
861732,131000.0
861737,155000.0
861820,232000.0
861885,351000.0
862030,393000.0
862188,167000.0
862261,271000.0
862281,239000.0
862618,347000.0
862788,451000.0
862799,233000.0
862968,252000.0
862970,178000.0
862972,436000.0
863013,164000.0
863030,424000.0
863134,400000.0
863308,205000.0
863598,426000.0
863775,170000.0
863870,500000.0
863876,242000.0
863878,180000.0
863962,502000.0
864003,771000.0
864031,333000.0
864076,264000.0
864259,300000.0
864264,233000.0
864392,465000.0
864413,373000.0
864696,160000.0
864957,330000.0
864967,208000.0
865059,384000.0
865088,165000.0
865172,252000.0
865294,182000.0
865295,250000.0
865397,388000.0
865837,247000.0
865915,383000.0
865988,202000.0
866170,227000.0
866219,260000.0
866221,130000.0
866233,429000.0
866670,267000.0
866690,398000.0
866710,130000.0
866832,182000.0
866953,648000.0
867179,200000.0
867437,305000.0
867463,202000.0
867734,396000.0
867910,237000.0
868080,188000.0
868188,187000.0
868288,917000.0
868374,312000.0
868833,229000.0
869107,271000.0
869128,156000.0
869129,227000.0
869138,419000.0
869231,287000.0
869299,502000.0
869366,391000.0
869499,223000.0
869632,175000.0
869658,322000.0
869693,206000.0
870083,177000.0
870420,278000.0
870666,184000.0
870737,279000.0
870738,257000.0
870742,393000.0
870773,169000.0
870921,334000.0
871140,236000.0
871143,300000.0
871239,358000.0
871264,137000.0
871783,393000.0
871887,305000.0
872186,238000.0
872351,315000.0
872453,461000.0
872615,350000.0
873114,256000.0
873126,221000.0
873173,185000.0
873306,135000.0
874035,276000.0
874087,246000.0
874106,888000.0
874111,303000.0
874132,592000.0
874172,303000.0
874299,264000.0
874301,219000.0
874678,201000.0
875005,305000.0
875040,195000.0
875084,236000.0
875343,184000.0
875373,386000.0
875694,341000.0
875715,622000.0
875883,350000.0
875956,534000.0
876188,200000.0
876243,232000.0
876248,186000.0
876298,729000.0
876348,213000.0
876525,403000.0
876573,363000.0
876658,176000.0
876802,167000.0
877045,279000.0
877057,169000.0
877061,245000.0
877082,247000.0
877159,677000.0
877356,262000.0
877405,273000.0
877586,218000.0
877678,174000.0
877695,678000.0
877858,135000.0
877986,373000.0
877992,395000.0
877993,340000.0
877999,241000.0
878136,206000.0
878160,260000.0
878162,177000.0
878163,141000.0
878164,240000.0
878185,441000.0
878259,171000.0
878329,176000.0
878421,717000.0
878447,320000.0
878983,429000.0
879011,300000.0
879025,345000.0
879202,600000.0
879262,313000.0
879410,154000.0
879445,173000.0
879490,526000.0
879704,241000.0
879837,167000.0
879874,328000.0
879899,317000.0
879907,761000.0
880010,188000.0
880022,377000.0
880054,126000.0
880204,300000.0
880277,223000.0
880443,199000.0
880473,221000.0
880481,451000.0
880488,451000.0
880535,516000.0
880552,362000.0
880554,362000.0
880659,191000.0
880698,486000.0
880710,449000.0
880760,393000.0
880910,477000.0
881195,319000.0
881204,455000.0
881269,196000.0
881271,397000.0
881536,308000.0
881648,239000.0
881673,408000.0
881944,860000.0
882063,402000.0
882221,204000.0
882324,201000.0
882337,363000.0
882438,213000.0
882778,199000.0
882904,193000.0
882962,382000.0
883438,162000.0
883576,285000.0
883600,188000.0
883704,182000.0
883831,272000.0
884093,157000.0
884099,192000.0
884231,157000.0
884499,361000.0
884561,706000.0
884563,706000.0
884654,136000.0
917473,233000.0
917675,375000.0
917724,849000.0
918021,440000.0
918033,239000.0
918035,403000.0
918495,389000.0
918508,670000.0
918559,171000.0
918632,549000.0
918906,357000.0
918909,194000.0
918921,691000.0
919282,547000.0
919294,544000.0
919346,534000.0
919348,456000.0
919349,445000.0
919389,594000.0
919475,209000.0
919477,303000.0
919478,149000.0
919577,276000.0
919708,276000.0
919726,169000.0
919736,246000.0
919757,204000.0
919778,385000.0
919891,292000.0
919997,703000.0
920012,305000.0
920013,144000.0
920137,286000.0
920258,414000.0
920314,732000.0
920322,481000.0
922004,210000.0
922014,194000.0
922214,176000.0
922244,253000.0
1024686,969000.0
1024698,520000.0
1024801,180000.0
1025018,230000.0
1025058,295000.0
1025061,172000.0
1025080,277000.0
1025173,159000.0
1025211,207000.0
1025298,423000.0
1025315,233000.0
1025346,251000.0
1025350,418000.0
1026050,526000.0
1026150,340000.0
1026439,117000.0
1026667,191000.0
1026670,394000.0
1026853,187000.0
1026857,489000.0
1027120,261000.0
1027152,197000.0
1027154,482000.0
1027285,288000.0
1027287,197000.0
1027289,301000.0
1027304,311000.0
1027312,260000.0
1027564,173000.0
1027908,222000.0
1028089,163000.0
1028529,244000.0
1028591,181000.0
1028658,219000.0
1028708,313000.0
1028749,616000.0
1028829,576000.0
1028874,229000.0
1029454,420000.0
1029472,770000.0
1029518,181000.0
1029744,273000.0
1029859,129000.0
1030059,159000.0
1030097,153000.0
1030101,153000.0
1030123,554000.0
1030203,292000.0
1030283,159000.0
1030444,819000.0
1030455,326000.0
1030459,240000.0
1030503,229000.0
1030736,198000.0
1030804,264000.0
1030937,450000.0
1031066,370000.0
1031181,413000.0
1031311,364000.0
1031478,199000.0
1031619,54000.0
1031690,392000.0
1031854,403000.0
1031858,564000.0
1031906,397000.0
1031920,271000.0
1031942,157000.0
1032259,328000.0
1032333,128000.0
1032385,241000.0
1032393,451000.0
1032599,174000.0
1032620,457000.0
1032637,270000.0
1032669,165000.0
1032731,284000.0
1032777,150000.0
1032887,231000.0
1032923,541000.0
1032932,341000.0
1033063,395000.0
1033091,216000.0
1033395,217000.0
1033445,199000.0
1033457,378000.0
1033533,159000.0
1033712,719000.0
1033894,198000.0
1033932,229000.0
1033937,623000.0
1033988,671000.0
1033989,693000.0
1034003,273000.0
1034012,150000.0
1034047,500000.0
1034062,140000.0
1034064,149000.0
1034065,144000.0
1034066,168000.0
1034068,179000.0
1034078,493000.0
1034088,232000.0
1034300,636000.0
1034363,177000.0
1034496,187000.0
1034605,286000.0
1034670,311000.0
1034716,228000.0
1034718,272000.0
1034778,435000.0
1034779,427000.0
1034803,234000.0
1034837,220000.0
1034944,293000.0
1035106,236000.0
1035111,228000.0
1035166,516000.0
1035490,406000.0
1035494,227000.0
1035524,210000.0
1035548,311000.0
1035564,180000.0
1035605,727000.0
1035785,197000.0
1035893,279000.0
1036037,409000.0
1036072,325000.0
1036103,503000.0
1036226,510000.0
1037508,256000.0
1037509,161000.0
1037613,521000.0
1037615,517000.0
1037616,550000.0
1037617,638000.0
1037619,702000.0
1037699,172000.0
1037850,900000.0
1037908,293000.0
1038175,349000.0
1038180,187000.0
1038183,675000.0
1038322,370000.0
1038432,291000.0
1038447,157000.0
1038448,372000.0
1038494,307000.0
1038509,1128000.0
1038512,220000.0
1038516,222000.0
1038517,206000.0
1038532,307000.0
1038541,261000.0
1038551,278000.0
1038600,203000.0
1038788,288000.0
1038956,706000.0
1038957,159000.0
1039041,156000.0
1039176,264000.0
1039208,193000.0
1039427,259000.0
1039430,331000.0
1039434,155000.0
1039449,155000.0
1039523,339000.0
1039795,278000.0
1039810,755000.0
1039879,423000.0
1040038,298000.0
1040077,631000.0
1040154,136000.0
1040155,196000.0
1040245,165000.0
1040616,354000.0
1040659,265000.0
1040829,181000.0
1040841,907000.0
1041077,136000.0
1041312,248000.0
1041324,192000.0
1041354,197000.0
1041377,103000.0
1041469,168000.0
1041480,282000.0
1041501,536000.0
1041515,298000.0
1041815,196000.0
1041945,331000.0
1041997,186000.0
1042010,461000.0
1042250,212000.0
1042254,505000.0
1042365,199000.0
1042421,565000.0
1042710,210000.0
1043106,192000.0
1043116,284000.0
1043117,161000.0
1043349,154000.0
1043369,351000.0
1043413,170000.0
1043475,251000.0
1043480,233000.0
1043482,321000.0
1043492,301000.0
1043501,302000.0
1043542,326000.0
1043603,208000.0
1043620,696000.0
1043688,239000.0
1043779,209000.0
1043799,222000.0
1043891,378000.0
1043892,375000.0
1043945,600000.0
1044186,191000.0
1044193,205000.0
1044204,321000.0
1044205,321000.0
1044215,434000.0
1044236,763000.0
1044277,443000.0
1044296,754000.0
1044297,760000.0
1044356,401000.0
1044456,163000.0
1044496,502000.0
1044569,216000.0
1044700,166000.0
1044742,215000.0
1044802,253000.0
1044803,275000.0
1044813,309000.0
1044832,170000.0
1044867,456000.0
1045016,293000.0
1045148,174000.0
1045209,203000.0
1045223,636000.0
1045320,239000.0
1045323,312000.0
1045414,285000.0
1045572,567000.0
1045573,688000.0
1045595,491000.0
1045679,269000.0
1045724,544000.0
1045725,544000.0
1045730,543000.0
1045799,250000.0
1045886,368000.0
1045930,849000.0
1045955,200000.0
1045981,232000.0
1046127,160000.0
1046209,203000.0
1046212,519000.0
1046225,107000.0
1046231,227000.0
1046257,226000.0
1046283,109000.0
1046328,207000.0
1046331,147000.0
1046356,161000.0
1046430,112000.0
1046462,241000.0
1046488,165000.0
1046498,303000.0
1046576,283000.0
1046593,635000.0
1046597,255000.0
1046633,569000.0
1046719,510000.0
1046832,151000.0
1046844,521000.0
1046861,293000.0
1046862,293000.0
1046875,149000.0
1046947,355000.0
1046952,384000.0
1046992,148000.0
1047083,165000.0
1047115,317000.0
1047118,278000.0
1047172,528000.0
1047190,247000.0
1047193,234000.0
1047257,200000.0
1047273,219000.0
1047480,369000.0
1047498,147000.0
1047543,624000.0
1047617,200000.0
1047712,278000.0
1047901,255000.0
1047986,396000.0
1048124,119000.0
1048181,266000.0
1048203,377000.0
1048241,176000.0
1048292,452000.0
1048310,288000.0
1048513,468000.0
1048631,143000.0
1049174,153000.0
1049242,780000.0
1049249,812000.0
1049252,219000.0
1049305,140000.0
1049306,154000.0
1049317,295000.0
1049322,444000.0
1049326,177000.0
1049334,619000.0
1049336,276000.0
1049377,221000.0
1049418,413000.0
1049447,147000.0
1049476,435000.0
1049480,416000.0
1049490,989000.0
1049498,192000.0
1049499,302000.0
1049504,613000.0
1049505,332000.0
1049521,384000.0
1049551,440000.0
1049557,221000.0
1049586,440000.0
1049673,175000.0
1049674,587000.0
1049684,462000.0
1049721,962000.0
1049728,263000.0
1049744,154000.0
1049769,551000.0
1049783,550000.0
1049881,326000.0
1049888,581000.0
1049902,530000.0
1049929,313000.0
1050083,953000.0
1050117,361000.0
1050132,806000.0
1050134,600000.0
1050140,250000.0
1050208,305000.0
1050240,511000.0
1050279,384000.0
1050338,119000.0
1050362,237000.0
1050433,867000.0
1050457,457000.0
1050501,457000.0
1050574,376000.0
1050594,380000.0
1050656,213000.0
1050862,355000.0
1050863,308000.0
1050909,356000.0
1050939,312000.0
1050946,512000.0
1050995,494000.0
1051015,123000.0
1051038,138000.0
1051097,538000.0
1051130,519000.0
1051148,481000.0
1051151,836000.0
1051239,318000.0
1051244,447000.0
1051288,207000.0
1051313,207000.0
1051314,206000.0
1051354,233000.0
1051440,170000.0
1051504,164000.0
1051585,190000.0
1051651,270000.0
1051887,205000.0
1051929,629000.0
1052048,312000.0
1052213,493000.0
1052363,164000.0
1052422,938000.0
1052438,353000.0
1052484,191000.0
1052505,448000.0
1052581,328000.0
1052622,188000.0
1052708,318000.0
1052827,368000.0
1052838,173000.0
1052871,755000.0
1052891,220000.0
1053088,202000.0
1053226,504000.0
1053352,671000.0
1053730,330000.0
1053935,160000.0
1054083,693000.0
1054093,274000.0
1054179,231000.0
1054262,186000.0
1054334,632000.0
1054358,126000.0
1054564,207000.0
1054624,176000.0
1054633,259000.0
1054796,173000.0
1054801,201000.0
1054937,672000.0
1054961,165000.0
1055035,164000.0
1055041,453000.0
1055092,569000.0
1055135,78000.0
1055232,434000.0
1055233,169000.0
1055361,663000.0
1055407,210000.0
1055408,209000.0
1055462,226000.0
1055471,370000.0
1055681,272000.0
1055727,407000.0
1055783,642000.0
1055884,459000.0
1055885,459000.0
1055936,160000.0
1055950,357000.0
1055976,176000.0
1056019,409000.0
1056287,248000.0
1056414,80000.0
1056599,321000.0
1056744,299000.0
1056825,194000.0
1056826,403000.0
1056908,270000.0
1056914,262000.0
1056944,516000.0
1057065,292000.0
1057090,300000.0
1057091,569000.0
1057148,225000.0
1057149,225000.0
1057150,225000.0
1057151,225000.0
1057152,225000.0
1057153,225000.0
1057234,253000.0
1057297,302000.0
1057375,184000.0
1057507,237000.0
1057887,343000.0
1057947,159000.0
1057950,147000.0
1057955,169000.0
1057965,353000.0
1058044,287000.0
1058078,196000.0
1058101,229000.0
1058176,355000.0
1058333,181000.0
1058334,258000.0
1058599,392000.0
1058796,571000.0
1058801,271000.0
1058802,575000.0
1058822,118000.0
1058928,168000.0
1058931,406000.0
1059002,155000.0
1059048,472000.0
1059114,777000.0
1059119,253000.0
1059129,243000.0
1059188,232000.0
1059376,237000.0
1059388,545000.0
1059539,268000.0
1059545,373000.0
1059547,145000.0
1059555,325000.0
1059586,205000.0
1059624,142000.0
1059665,258000.0
1059675,167000.0
1059677,373000.0
1059748,252000.0
1059846,454000.0
1059865,214000.0
1059892,227000.0
1059967,597000.0
1059984,395000.0
1059989,544000.0
1060018,222000.0
1060098,198000.0
1060175,204000.0
1060194,154000.0
1060278,807000.0
1060355,553000.0
1060363,398000.0
1060389,397000.0
1060551,205000.0
1060564,182000.0
1060584,178000.0
1060585,179000.0
1060754,193000.0
1060785,392000.0
1060795,378000.0
1060797,426000.0
1060800,220000.0
1060854,981000.0
1060907,154000.0
1060916,188000.0
1060943,331000.0
1060944,180000.0
1061025,375000.0
1061064,170000.0
1061103,782000.0
1061329,510000.0
1061352,400000.0
1061419,208000.0
1061472,265000.0
1061474,479000.0
1061489,325000.0
1061521,163000.0
1061613,158000.0
1061628,155000.0
1061716,345000.0
1061773,367000.0
1061906,245000.0
1061981,265000.0
1062059,195000.0
1062062,577000.0
1062154,217000.0
1062179,167000.0
1062215,155000.0
1062231,276000.0
1062234,309000.0
1062235,309000.0
1062237,153000.0
1150057,268000.0
1150061,1440000.0
1150062,187000.0
1150302,268000.0
1150304,211000.0
1150307,185000.0
1150308,362000.0
1150312,155000.0
1150313,201000.0
1150315,384000.0
1150318,437000.0
1150709,373000.0
1150711,424000.0
1150714,333000.0
1150716,538000.0
1150721,405000.0
1150722,379000.0
1150723,799000.0
1150727,361000.0
1150729,819000.0
1150732,595000.0
1150733,576000.0
1150739,496000.0
1150741,548000.0
1150744,387000.0
1150751,400000.0
1158788,480000.0
1158790,462000.0
1158794,82000.0
1158798,464000.0
1158802,400000.0
1158803,400000.0
1158804,400000.0
1158972,259000.0
1158973,270000.0
1158979,300000.0
1158980,216000.0
1158982,274000.0
1159208,710000.0
1159224,271000.0
1159254,261000.0
1159717,280000.0
1159725,167000.0
1159755,278000.0
1159756,499000.0
1159757,270000.0
1159758,173000.0
1159760,174000.0
1159762,144000.0
1159764,197000.0
1160340,171000.0
1160342,187000.0
1160347,361000.0
1160348,203000.0
1160352,606000.0
1160353,326000.0
1160357,261000.0
1160368,900000.0
1160370,552000.0
1160372,540000.0
1160628,213000.0
1160633,420000.0
1160635,290000.0
1160642,605000.0
1160644,241000.0
1160646,196000.0
1160651,141000.0
1160652,139000.0
1160659,361000.0
1160663,213000.0
1160877,612000.0
1160879,400000.0
1160881,278000.0
1160884,441000.0
1160887,221000.0
1160891,736000.0
1160892,325000.0
1160893,344000.0
1160897,608000.0
1160900,641000.0
1160901,415000.0
1160903,510000.0
1160909,569000.0
1160910,385000.0
1160913,717000.0
1160916,708000.0
1162333,188000.0
1162334,260000.0
1162374,470000.0
1162376,444000.0
1162380,419000.0
1162381,388000.0
1162382,201000.0
1162385,450000.0
1162386,444000.0
1162638,346000.0
1162639,254000.0
1162640,328000.0
1162641,250000.0
1162643,485000.0
1162707,388000.0
1162708,307000.0
1162764,350000.0
1162899,214000.0
1162918,284000.0
1162924,178000.0
1162925,268000.0
1162926,225000.0
1162927,236000.0
1163023,468000.0
1163027,247000.0
1163028,310000.0
1163039,216000.0
1163040,274000.0
1163042,460000.0
1163043,280000.0
1163044,313000.0
1163047,178000.0
1163050,316000.0
1163083,318000.0
1163086,284000.0
1163089,271000.0
1163090,637000.0
1163091,246000.0
1163092,239000.0
1163093,537000.0
1163095,337000.0
1163096,103000.0
1163264,244000.0
1163271,339000.0
1164020,252000.0
1164022,240000.0
1164028,206000.0
1164565,244000.0
1164567,433000.0
1164571,231000.0
1164576,229000.0
1164578,229000.0
1164580,205000.0
1164581,202000.0
1164582,309000.0
1164583,161000.0
1164617,429000.0
1164618,456000.0
1164622,126000.0
1164625,378000.0
1164627,692000.0
1164629,513000.0
1164911,476000.0
1164914,481000.0
1164916,338000.0
1164936,218000.0
1164938,342000.0
1164940,203000.0
1167361,644000.0
1167364,234000.0
1167369,485000.0
1167373,387000.0
1167374,404000.0
1167375,217000.0
1167383,670000.0
1167385,712000.0
1167387,239000.0
1167388,436000.0
1167392,162000.0
1167397,282000.0
1167398,193000.0
1167399,201000.0
1167401,346000.0
1167402,304000.0
1167403,158000.0
1167404,211000.0
1167405,204000.0
1167406,240000.0
1167407,198000.0
1167409,310000.0
1167410,161000.0
1167411,243000.0
1167412,193000.0
1167413,218000.0
1167414,263000.0
1167426,210000.0
1167429,296000.0
1167430,208000.0
1167431,169000.0
1167437,213000.0
1167439,361000.0
1171188,243000.0
1171191,179000.0
1171194,353000.0
1171195,231000.0
1171196,190000.0
1171200,174000.0
1171201,175000.0
1171203,165000.0
1171204,187000.0
1171205,241000.0
1171362,790000.0
1171367,466000.0
1172945,186000.0
1172952,183000.0
1173341,435000.0
1173343,327000.0
1173347,210000.0
1173351,260000.0
1173353,261000.0
1173355,411000.0
1173356,247000.0
1173358,286000.0
1173362,288000.0
1173364,308000.0
1174252,716000.0
1174253,1260000.0
1174258,436000.0
1174265,329000.0
1174280,642000.0
1174393,126000.0
1174395,293000.0
1174396,326000.0
1174397,189000.0
1174398,172000.0
1174400,551000.0
1174404,189000.0
1174405,201000.0
1174407,162000.0
1174456,247000.0
1174460,132000.0
1174462,241000.0
1174465,359000.0
1174466,260000.0
1174468,212000.0
1174469,221000.0
1174471,168000.0
1174472,210000.0
1174473,367000.0
1174475,199000.0
1174491,85000.0
1174496,282000.0
1174501,154000.0
1174592,158000.0
1174593,346000.0
1174595,162000.0
1174596,153000.0
1174598,165000.0
1174599,441000.0
1174602,263000.0
1174607,159000.0
1174608,141000.0
1174732,187000.0
1174738,158000.0
1174742,317000.0
1174743,169000.0
1174748,177000.0
1175538,205000.0
1175539,165000.0
1175543,282000.0
1175547,146000.0
1175548,186000.0
1175550,143000.0
1176289,655000.0
1176758,642000.0
1176759,496000.0
1176764,449000.0
1176772,396000.0
1177110,185000.0
1177116,133000.0
1177118,223000.0
1177121,295000.0
1177122,337000.0
1177125,181000.0
1177822,211000.0
1178019,225000.0
1178024,379000.0
1179391,1250000.0
1179392,448000.0
1179393,436000.0
1179512,313000.0
1179513,166000.0
1179516,121000.0
1179517,148000.0
1179518,208000.0
1179526,260000.0
1179527,223000.0
1179540,319000.0
1179542,227000.0
1179543,338000.0
1179546,249000.0
1179548,343000.0
1179552,227000.0
1179554,156000.0
1179555,393000.0
1179557,400000.0
1179944,373000.0
1179948,380000.0
1179949,378000.0
1179952,290000.0
1179953,482000.0
1179955,330000.0
1180044,560000.0
1180046,130000.0
1180047,247000.0
1180048,163000.0
1180049,423000.0
1180050,261000.0
1180051,350000.0
1180053,330000.0
1180054,199000.0
1180056,267000.0
1180060,357000.0
1180070,718000.0
1180073,450000.0
1180078,269000.0
1180080,713000.0
1180241,171000.0
1180242,449000.0
1180243,154000.0
1180251,176000.0
1180253,369000.0
1180254,305000.0
1180255,193000.0
1180257,192000.0
1180452,157000.0
1180461,217000.0
1180464,309000.0
1180465,212000.0
1180466,108000.0
1180467,169000.0
1180469,193000.0
1180471,110000.0
1180472,179000.0
1180474,225000.0
1180479,188000.0
1180481,1000000.0
1180482,307000.0
1180484,200000.0
1180485,174000.0
1180487,630000.0
1180619,166000.0
1180622,193000.0
1180628,307000.0
1180629,178000.0
1180630,208000.0
1180701,208000.0
1180702,421000.0
1180704,205000.0
1180707,284000.0
1180708,155000.0
1180711,138000.0
1180712,376000.0
1180716,610000.0
1180717,148000.0
1180732,685000.0
1180733,252000.0
1180734,473000.0
1180735,437000.0
1180738,273000.0
1180739,264000.0
1180741,204000.0
1180743,120000.0
1180744,663000.0
1180748,171000.0
1180749,344000.0
1180770,182000.0
1180771,565000.0
1180774,172000.0
1180777,255000.0
1180938,211000.0
1180945,494000.0
1180951,154000.0
1180954,134000.0
1180967,627000.0
1180976,671000.0
1180977,652000.0
1181989,272000.0
1182023,247000.0
1182025,116000.0
1182026,447000.0
1182030,323000.0
1182033,436000.0
1182314,915000.0
1182315,328000.0
1182316,147000.0
1182317,361000.0
1182321,263000.0
1182322,187000.0
1182323,257000.0
1182628,325000.0
1182650,388000.0
1182652,323000.0
1182654,1045000.0
1182655,716000.0
1182744,470000.0
1182745,316000.0
1182746,315000.0
1182748,167000.0
1182749,361000.0
1182754,415000.0
1182756,347000.0
1182757,193000.0
1183211,363000.0
1183213,293000.0
1183689,290000.0
1183690,256000.0
1183691,409000.0
1183692,572000.0
1184185,216000.0
1184271,162000.0
1184272,376000.0
1184678,329000.0
1184679,484000.0
1184680,446000.0
1184730,436000.0
1184731,714000.0
1184772,380000.0
1184775,429000.0
1184780,390000.0
1184783,411000.0
1184806,285000.0
1184809,360000.0
1184956,419000.0
1185123,518000.0
1185129,583000.0
1185141,513000.0
1185144,571000.0
1185145,414000.0
1185150,320000.0
1185316,400000.0
1185317,273000.0
1185326,155000.0
1185328,71000.0
1185330,174000.0
1185331,307000.0
1185722,99000.0
1185744,120000.0
1185746,190000.0
1185748,110000.0
1185818,158000.0
1185819,75000.0
1186256,292000.0
1186257,128000.0
1186258,142000.0
1186260,266000.0
1186261,261000.0
1186284,262000.0
1186288,291000.0
1186368,315000.0
1186370,236000.0
1186371,236000.0
1186373,709000.0
1186374,322000.0
1186376,296000.0
1186379,233000.0
1186380,176000.0
1186827,282000.0
1186830,421000.0
1186831,175000.0
1186832,278000.0
1186834,437000.0
1186835,200000.0
1186837,216000.0
1186840,195000.0
1187587,318000.0
1187625,359000.0
1187626,128000.0
1187628,667000.0
1187839,117000.0
1187840,168000.0
1187842,207000.0
1187843,228000.0
1187844,202000.0
1187851,399000.0
1187853,182000.0
1187854,317000.0
1188373,190000.0
1188428,818000.0
1188429,712000.0
1188430,338000.0
1188431,432000.0
1188439,380000.0
1188440,290000.0
1188442,343000.0
1188484,164000.0
1188485,192000.0
1188487,150000.0
1188488,150000.0
1188490,178000.0
1188493,144000.0
1188499,245000.0
1188519,218000.0
1188531,664000.0
1188535,235000.0
1188538,150000.0
1188539,248000.0
1188577,242000.0
1188578,639000.0
1188581,288000.0
1189583,266000.0
1189587,589000.0
1189590,386000.0
1189593,309000.0
1189594,433000.0
1189595,255000.0
1189596,432000.0
1189599,266000.0
1189600,202000.0
1189603,358000.0
1189605,375000.0
1189606,398000.0
1189610,382000.0
1189611,372000.0
1191966,229000.0
1191971,273000.0
1191972,339000.0
1192091,591000.0
1192096,622000.0
1192970,300000.0
1192973,524000.0
1193162,157000.0
1193163,456000.0
1193168,370000.0
1193169,236000.0
1193170,316000.0
1193171,330000.0
1193543,846000.0
1193676,327000.0
1193751,611000.0
1193761,809000.0
1193775,707000.0
1193777,528000.0
1193779,446000.0
1193782,529000.0
1193783,327000.0
1193836,281000.0
1193848,544000.0
1193849,629000.0
1193850,208000.0
1193855,196000.0
1193857,438000.0
1193859,217000.0
1193861,223000.0
1193862,242000.0
1193863,269000.0
1193864,286000.0
1193866,277000.0
1193915,174000.0
1193925,475000.0
1193927,400000.0
1193952,215000.0
1193953,226000.0
1193954,178000.0
1193955,226000.0
1193956,172000.0
1193957,212000.0
1194415,123000.0
1194922,900000.0
1194977,96000.0
1195222,319000.0
1195223,447000.0
1195224,498000.0
1195225,639000.0
1195425,384000.0
1195426,322000.0
1195432,845000.0
1195891,227000.0
1195892,151000.0
1195893,361000.0
1195900,83000.0
1195901,347000.0
1195903,210000.0
1196019,266000.0
1196842,162000.0
1196844,560000.0
1196847,365000.0
1196872,173000.0
1196892,343000.0
1196893,198000.0
1196894,520000.0
1196895,639000.0
1196904,353000.0
1196912,269000.0
1196913,335000.0
1196993,404000.0
1196994,345000.0
1196998,331000.0
1196999,270000.0
1197000,236000.0
1197002,266000.0
1197106,235000.0
1197107,326000.0
1197108,363000.0
1197166,364000.0
1197209,585000.0
1197214,231000.0
1197215,177000.0
1197216,368000.0
1197253,667000.0
1197256,204000.0
1197309,337000.0
1197311,456000.0
1197315,529000.0
1197316,187000.0
1197321,374000.0
1197322,233000.0
1197323,241000.0
1197324,224000.0
1197325,178000.0
1197326,254000.0
1197328,448000.0
1197329,384000.0
1197331,176000.0
1197345,398000.0
1197351,589000.0
1197462,258000.0
1197463,405000.0
1197465,168000.0
1197467,185000.0
1197469,205000.0
1197470,205000.0
1197502,353000.0
1197549,697000.0
1197570,319000.0
1197627,191000.0
1197672,375000.0
1197859,159000.0
1197860,159000.0
1197977,536000.0
1197978,150000.0
1198019,458000.0
1198021,920000.0
1198337,528000.0
1198358,557000.0
1198364,398000.0
1198365,405000.0
1198366,599000.0
1198367,341000.0
1198368,367000.0
1198369,204000.0
1198373,419000.0
1198446,386000.0
1198450,217000.0
1198451,395000.0
1198452,395000.0
1198453,273000.0
1198457,148000.0
1198621,424000.0
1198645,221000.0
1198649,425000.0
1198650,484000.0
1198664,482000.0
1198665,235000.0
1198669,292000.0
1198670,174000.0
1198671,242000.0
1198760,198000.0
1198766,311000.0
1198768,290000.0
1198771,335000.0
1198773,408000.0
715273,457000.0
717643,270000.0
720473,238000.0
722274,256000.0
722610,351000.0
722632,329000.0
724293,983000.0
724296,477000.0
724367,782000.0
724383,391000.0
724402,728000.0
724436,657000.0
724693,997000.0
725035,275000.0
726164,636000.0
728018,110000.0
728963,270000.0
730396,420000.0
730570,820000.0
732096,453000.0
732455,1104000.0
733749,201000.0
739805,413000.0
762985,253000.0
765024,330000.0
766318,279000.0
767291,249000.0
768075,669000.0
768187,680000.0
768450,207000.0
768818,729000.0
775095,820000.0
777984,197000.0
780334,679000.0
782037,1709000.0
783338,255000.0
788907,310000.0
791183,278000.0
791186,495000.0
800871,184000.0
805218,499000.0
808371,471000.0
810903,861000.0
813910,531000.0
814295,186000.0
816599,640000.0
817980,335000.0
818854,767000.0
821034,439000.0
822425,158000.0
823206,879000.0
823722,386000.0
824962,108000.0
827620,1645000.0
829106,721000.0
829983,1683000.0
835034,239000.0
835905,372000.0
836853,412000.0
836965,1501000.0
837221,777000.0
837226,342000.0
837310,777000.0
837312,777000.0
837322,777000.0
837364,777000.0
837447,777000.0
837450,777000.0
837480,777000.0
837481,777000.0
837534,777000.0
837603,777000.0
837604,777000.0
837695,777000.0
837700,777000.0
838738,777000.0
838739,777000.0
838747,777000.0
839708,208000.0
839728,777000.0
839729,777000.0
839750,777000.0
839751,777000.0
839752,777000.0
839753,777000.0
839754,777000.0
839789,208000.0
839793,208000.0
839796,208000.0
840813,929000.0
843860,502000.0
844526,358000.0
844543,552000.0
844754,369000.0
846486,390000.0
847164,1095000.0
848484,192000.0
936754,677000.0
937863,337000.0
937904,480000.0
938417,226000.0
938423,281000.0
938603,344000.0
938622,535000.0
939544,137000.0
940696,176000.0
942465,165000.0
942737,841000.0
943019,369000.0
943421,139000.0
945655,267000.0
947947,162000.0
949288,145000.0
952129,104000.0
952131,439000.0
952904,545000.0
953479,529000.0
954602,214000.0
954929,131000.0
955982,189000.0
958924,827000.0
959475,132000.0
960089,443000.0
960166,553000.0
961081,289000.0
961152,324000.0
961156,79000.0
963917,309000.0
963924,805000.0
963928,144000.0
964509,237000.0
965003,350000.0
967216,830000.0
967710,352000.0
967711,454000.0
967715,867000.0
968678,985000.0
969661,474000.0
970940,298000.0
971513,108000.0
972147,208000.0
972176,410000.0
972866,593000.0
974942,607000.0
974954,493000.0
976609,978000.0
978142,319000.0
978273,156000.0
978277,379000.0
978278,485000.0
978281,624000.0
978860,328000.0
979110,280000.0
979112,242000.0
979516,252000.0
980337,573000.0
980476,223000.0
982006,1109000.0
983877,243000.0
983878,263000.0
983879,263000.0
985387,874000.0
985462,571000.0
985808,308000.0
986398,349000.0
987620,193000.0
988304,912000.0
988676,932000.0
989018,308000.0
995698,532000.0
995822,1545000.0
1002393,909000.0
1003195,145000.0
1003292,548000.0
1003326,400000.0
1003655,404000.0
1003662,519000.0
1003847,393000.0
1006131,467000.0
1008419,805000.0
1008432,376000.0
1008509,938000.0
1008929,143000.0
1009457,353000.0
1010167,147000.0
1010251,263000.0
1010311,162000.0
1011035,1276000.0
1011899,162000.0
1013203,542000.0
1013464,288000.0
1013942,1180000.0
1014952,301000.0
1015519,656000.0
1018488,534000.0
1018565,183000.0
1018830,1548000.0
1019163,1229000.0
1019257,247000.0
1019258,285000.0
1022427,1146000.0
1023024,254000.0
1024198,1338000.0
1024386,276000.0
1024633,93000.0
1065813,514000.0
1066642,590000.0
1066903,240000.0
1068872,481000.0
1071707,483000.0
1072579,326000.0
1072606,461000.0
1073519,809000.0
1073733,315000.0
1074535,159000.0
1075895,400000.0
1076216,155000.0
1076517,93000.0
1076917,136000.0
1077573,773000.0
1078672,228000.0
1080081,228000.0
1080084,238000.0
1080177,124000.0
1080179,726000.0
1080180,500000.0
1080182,392000.0
1080646,212000.0
1081890,187000.0
1082838,246000.0
1082935,336000.0
1083177,380000.0
1083187,137000.0
1093683,476000.0
1094194,482000.0
1097426,252000.0
1098571,436000.0
1102741,457000.0
1102778,357000.0
1224860,1275000.0
1224861,442000.0
1224864,547000.0
1224865,283000.0
1224868,500000.0
1224877,1335000.0
1229111,774000.0
1229116,624000.0
1229118,757000.0
1235951,1350000.0
1235954,1478000.0
1236545,653000.0
1236554,153000.0
1236560,167000.0
1239168,337000.0
1239172,676000.0
1239175,876000.0
1239178,420000.0
1239179,244000.0
1239182,641000.0
1239184,1236000.0
1241221,226000.0
1241227,108000.0
1241228,158000.0
96029,116000.0
96056,613000.0
96065,686000.0
96072,99000.0
96079,225000.0
96099,229000.0
96100,229000.0
96136,72000.0
96137,72000.0
96138,72000.0
96140,138000.0
96142,212000.0
96143,96000.0
96193,167000.0
96202,200000.0
96206,395000.0
96207,190000.0
96224,126000.0
96225,126000.0
96227,142000.0
96302,1094000.0
96318,352000.0
96339,142000.0
96369,294000.0
96417,145000.0
96432,79000.0
96464,84000.0
96467,198000.0
96471,174000.0
96476,152000.0
96477,289000.0
96481,91000.0
96486,100000.0
96487,134000.0
96515,311000.0
96547,186000.0
96571,386000.0
96574,98000.0
96593,259000.0
96606,120000.0
96648,125000.0
96654,121000.0
96656,433000.0
96661,714000.0
96662,438000.0
96664,110000.0
96668,433000.0
96669,438000.0
96672,433000.0
96678,540000.0
96679,345000.0
96683,787000.0
96713,871000.0
96715,97000.0
96735,85000.0
96742,121000.0
96750,108000.0
96751,116000.0
96758,109000.0
96760,129000.0
96762,108000.0
96765,90000.0
96771,116000.0
96772,90000.0
96782,116000.0
96790,134000.0
96791,309000.0
96816,177000.0
96819,326000.0
96821,105000.0
96838,203000.0
96862,410000.0
96863,502000.0
96869,104000.0
96875,427000.0
96876,1322000.0
96896,149000.0
96897,397000.0
96937,287000.0
96946,108000.0
96952,125000.0
96957,148000.0
96986,182000.0
96988,245000.0
96990,726000.0
97005,1297000.0
97065,792000.0
97071,273000.0
97077,208000.0
97081,638000.0
97083,198000.0
97093,927000.0
97097,117000.0
97122,263000.0
97125,157000.0
97126,251000.0
97127,148000.0
97129,316000.0
97133,109000.0
97137,202000.0
97139,443000.0
97140,331000.0
97144,138000.0
97146,96000.0
97148,138000.0
97149,96000.0
97152,72000.0
97154,96000.0
97155,96000.0
97161,640000.0
97166,160000.0
97194,123000.0
97210,102000.0
97213,197000.0
97215,114000.0
97217,114000.0
97224,182000.0
97226,116000.0
97229,653000.0
97235,183000.0
97250,281000.0
97263,232000.0
97269,445000.0
97312,111000.0
97318,689000.0
97327,103000.0
97336,1026000.0
97447,250000.0
97449,103000.0
97467,194000.0
97482,140000.0
97495,151000.0
97527,749000.0
97531,119000.0
97533,103000.0
97545,125000.0
97550,621000.0
97555,778000.0
97562,138000.0
97564,119000.0
97565,119000.0
97566,193000.0
97573,82000.0
97575,122000.0
97578,331000.0
97579,376000.0
97580,331000.0
97582,217000.0
97583,375000.0
97584,234000.0
97585,249000.0
97586,249000.0
97589,180000.0
97590,121000.0
97677,127000.0
97680,194000.0
97681,162000.0
97686,194000.0
97687,149000.0
97690,186000.0
97692,181000.0
97696,162000.0
97698,186000.0
97699,181000.0
97701,345000.0
97704,124000.0
97707,124000.0
97729,131000.0
97807,222000.0
97808,182000.0
97858,105000.0
97859,219000.0
97861,139000.0
97879,224000.0
97881,222000.0
97885,124000.0
97888,222000.0
97897,207000.0
97907,281000.0
97911,583000.0
97914,104000.0
97927,178000.0
97943,167000.0
97949,105000.0
97967,142000.0
97988,129000.0
97989,111000.0
97990,129000.0
97991,111000.0
97993,129000.0
97996,108000.0
97997,109000.0
97998,146000.0
97999,108000.0
98001,134000.0
98014,444000.0
98016,387000.0
98036,383000.0
98054,330000.0
98063,107000.0
98082,948000.0
98083,227000.0
98085,399000.0
98086,185000.0
98087,1272000.0
98090,155000.0
98095,501000.0
98103,149000.0
98108,314000.0
98119,385000.0
98149,232000.0
98164,728000.0
98167,509000.0
98168,110000.0
98204,116000.0
98248,278000.0
98249,294000.0
98257,1590000.0
98276,803000.0
98293,251000.0
98301,170000.0
98308,621000.0
98357,441000.0
98358,134000.0
98366,166000.0
98394,240000.0
98400,114000.0
98403,670000.0
98412,404000.0
98413,1106000.0
98433,497000.0
98450,189000.0
98451,175000.0
98452,120000.0
98455,145000.0
98462,239000.0
98475,236000.0
98499,215000.0
98525,1058000.0
98526,178000.0
98528,167000.0
98531,264000.0
98544,151000.0
98553,175000.0
98573,307000.0
98582,234000.0
98584,217000.0
98585,234000.0
98589,133000.0
98593,223000.0
98596,186000.0
98648,186000.0
98652,228000.0
98653,436000.0
98654,96000.0
98656,178000.0
98710,137000.0
98754,170000.0
98770,233000.0
98780,294000.0
98781,137000.0
98782,157000.0
98789,215000.0
98804,640000.0
98822,170000.0
98823,97000.0
98828,209000.0
98842,217000.0
98843,171000.0
98846,100000.0
98862,87000.0
98863,89000.0
98869,114000.0
98870,232000.0
98874,253000.0
98876,147000.0
98878,118000.0
98883,244000.0
98895,300000.0
98899,242000.0
98900,242000.0
98901,242000.0
98902,242000.0
98905,144000.0
98929,206000.0
98948,540000.0
98979,74000.0
99010,290000.0
99022,135000.0
99035,171000.0
99043,72000.0
99044,72000.0
99048,72000.0
99051,179000.0
99087,641000.0
99098,191000.0
99102,276000.0
99104,250000.0
99105,104000.0
99114,81000.0
99148,143000.0
99163,139000.0
99168,267000.0
99198,162000.0
99200,94000.0
99205,322000.0
99273,145000.0
99277,666000.0
99292,178000.0
99293,150000.0
99298,176000.0
99300,243000.0
99304,95000.0
99305,178000.0
99316,91000.0
99319,147000.0
99341,112000.0
99344,224000.0
99356,559000.0
99360,187000.0
99361,88000.0
99389,208000.0
99399,1343000.0
99400,194000.0
99401,118000.0
99421,280000.0
99429,185000.0
99433,292000.0
99436,538000.0
99439,344000.0
99442,140000.0
99450,113000.0
99451,437000.0
99460,264000.0
99475,120000.0
99480,333000.0
99483,243000.0
99529,127000.0
99532,114000.0
99542,111000.0
99575,189000.0
99583,199000.0
99597,177000.0
99601,113000.0
99603,118000.0
99624,241000.0
99625,168000.0
99651,81000.0
99655,244000.0
99673,59000.0
99694,690000.0
99697,178000.0
99698,382000.0
99714,201000.0
99716,109000.0
99717,109000.0
99718,109000.0
99719,109000.0
99728,146000.0
99736,197000.0
99739,84000.0
99751,237000.0
99759,111000.0
99760,193000.0
99761,330000.0
99765,154000.0
99769,99000.0
99812,730000.0
99817,87000.0
99855,260000.0
99868,185000.0
99869,107000.0
99874,179000.0
99895,79000.0
99897,515000.0
99980,203000.0
99982,177000.0
99984,433000.0
99985,270000.0
99990,60000.0
99991,212000.0
100086,123000.0
100110,639000.0
100115,184000.0
100118,124000.0
100119,275000.0
100122,188000.0
100125,156000.0
100126,170000.0
100127,124000.0
100129,184000.0
100130,125000.0
100134,170000.0
100136,125000.0
100156,625000.0
100157,419000.0
100169,460000.0
100171,374000.0
100179,81000.0
100187,78000.0
100192,63000.0
100193,63000.0
100219,337000.0
100243,59000.0
100244,58000.0
100289,117000.0
100297,119000.0
100310,301000.0
100312,645000.0
100327,136000.0
100378,56000.0
100422,67000.0
100447,87000.0
100513,258000.0
100520,74000.0
100532,79000.0
100534,93000.0
100537,91000.0
100550,70000.0
100557,98000.0
100564,100000.0
100571,632000.0
100575,154000.0
100595,726000.0
100596,197000.0
100620,365000.0
100621,189000.0
100648,231000.0
100652,104000.0
100661,203000.0
100677,418000.0
100678,300000.0
100681,709000.0
100708,140000.0
100709,136000.0
100723,833000.0
100730,272000.0
100733,119000.0
100735,119000.0
100736,115000.0
100744,391000.0
100755,425000.0
100774,100000.0
100800,90000.0
100805,169000.0
100812,873000.0
100813,874000.0
100819,88000.0
100821,515000.0
100866,60000.0
100906,365000.0
100942,75000.0
100950,67000.0
101142,95000.0
101185,262000.0
101191,419000.0
101193,91000.0
101283,100000.0
101287,129000.0
101300,164000.0
101308,111000.0
101316,75000.0
101318,231000.0
101326,78000.0
101402,295000.0
101456,68000.0
101469,56000.0
101478,199000.0
101486,131000.0
101499,307000.0
101501,264000.0
101506,816000.0
101512,119000.0
101514,104000.0
101515,110000.0
101527,103000.0
101552,66000.0
101571,79000.0
101583,73000.0
101600,100000.0
101601,100000.0
101603,100000.0
101614,84000.0
101619,240000.0
101642,289000.0
101673,77000.0
101680,113000.0
101694,192000.0
101702,141000.0
101707,348000.0
101720,152000.0
101755,185000.0
101770,114000.0
101780,58000.0
101785,176000.0
101817,170000.0
101913,78000.0
101915,81000.0
101919,120000.0
101976,71000.0
101987,117000.0
102114,49000.0
102116,284000.0
102197,179000.0
102198,190000.0
102217,153000.0
102252,161000.0
102299,97000.0
102330,85000.0
102350,99000.0
102352,99000.0
102353,97000.0
102404,79000.0
102405,79000.0
102415,112000.0
102420,116000.0
102442,87000.0
102475,776000.0
102479,238000.0
102511,174000.0
102568,100000.0
102580,59000.0
102593,59000.0
102598,119000.0
102607,135000.0
102637,270000.0
102792,96000.0
102794,100000.0
102837,120000.0
102890,142000.0
102905,113000.0
102910,61000.0
102922,60000.0
102985,151000.0
103028,67000.0
103115,127000.0
103132,99000.0
103138,119000.0
103179,137000.0
103199,56000.0
103244,144000.0
103246,144000.0
103276,249000.0
103283,98000.0
103313,131000.0
103362,102000.0
103392,152000.0
103395,76000.0
103428,165000.0
103436,99000.0
103463,61000.0
103493,355000.0
103495,278000.0
103498,275000.0
103504,145000.0
103524,350000.0
103527,570000.0
103530,346000.0
103532,653000.0
103534,204000.0
103540,172000.0
103547,489000.0
103555,178000.0
103556,172000.0
103557,121000.0
103567,531000.0
103568,273000.0
103571,296000.0
103577,181000.0
103578,95000.0
103579,189000.0
103595,98000.0
103601,180000.0
103603,73000.0
103604,209000.0
103608,121000.0
103614,185000.0
103620,168000.0
103625,160000.0
103627,147000.0
103678,70000.0
103679,265000.0
103685,267000.0
103716,148000.0
103720,115000.0
103778,103000.0
103780,469000.0
103785,90000.0
103787,164000.0
103815,113000.0
103816,213000.0
103821,192000.0
103836,92000.0
103845,247000.0
103851,147000.0
103858,92000.0
103859,87000.0
103862,137000.0
103866,237000.0
103873,116000.0
103876,248000.0
103879,108000.0
103885,228000.0
103889,226000.0
103898,104000.0
103899,152000.0
103909,101000.0
103911,87000.0
103920,120000.0
103927,87000.0
103933,84000.0
103946,213000.0
103949,149000.0
103950,431000.0
103965,122000.0
103997,89000.0
104017,98000.0
104028,87000.0
104068,559000.0
104077,141000.0
104098,106000.0
104099,407000.0
104103,260000.0
104135,320000.0
104141,733000.0
104148,85000.0
104149,205000.0
104151,294000.0
104154,280000.0
104161,475000.0
104163,162000.0
104165,292000.0
104195,485000.0
104205,383000.0
104218,301000.0
104238,344000.0
104245,459000.0
104248,194000.0
104252,199000.0
104265,350000.0
104266,188000.0
104273,194000.0
104274,102000.0
104286,232000.0
104290,325000.0
104293,232000.0
104299,167000.0
104309,111000.0
104326,338000.0
104345,398000.0
104359,140000.0
104368,148000.0
104379,476000.0
104381,873000.0
104403,109000.0
104414,138000.0
104417,535000.0
104419,119000.0
104431,260000.0
104439,249000.0
104445,241000.0
104447,90000.0
104451,97000.0
104454,292000.0
104456,154000.0
104465,170000.0
104473,133000.0
104489,94000.0
104492,181000.0
104513,1114000.0
104517,244000.0
104519,63000.0
104523,103000.0
104524,93000.0
104526,63000.0
104533,106000.0
104538,187000.0
104539,186000.0
104545,183000.0
104561,177000.0
104598,345000.0
104599,345000.0
104611,90000.0
104613,196000.0
104623,82000.0
104627,391000.0
104628,390000.0
104629,398000.0
104630,415000.0
104640,642000.0
104641,399000.0
104642,367000.0
104665,148000.0
104804,192000.0
104847,311000.0
104861,215000.0
104862,221000.0
104863,216000.0
104896,82000.0
104899,151000.0
104901,147000.0
104906,130000.0
104922,198000.0
104924,195000.0
104925,299000.0
104930,107000.0
104935,102000.0
104936,102000.0
104964,143000.0
104965,98000.0
104970,97000.0
104973,97000.0
104975,82000.0
104979,186000.0
104995,154000.0
104996,105000.0
104998,92000.0
104999,92000.0
105000,92000.0
105024,107000.0
105029,135000.0
105037,131000.0
105038,590000.0
105039,341000.0
105049,192000.0
105057,152000.0
105061,66000.0
105065,70000.0
105076,80000.0
105091,84000.0
105116,167000.0
105136,125000.0
105143,274000.0
105151,470000.0
105160,216000.0
105162,324000.0
105170,111000.0
105172,178000.0
105179,378000.0
105184,255000.0
105185,917000.0
105197,195000.0
105202,933000.0
105231,361000.0
105232,214000.0
105235,85000.0
105249,91000.0
105258,111000.0
105259,234000.0
105272,167000.0
105287,245000.0
105293,200000.0
105304,195000.0
105314,171000.0
105315,116000.0
105328,171000.0
105341,96000.0
105344,174000.0
105349,279000.0
105350,532000.0
105351,64000.0
105362,103000.0
105376,126000.0
105386,158000.0
105392,438000.0
105401,550000.0
105409,250000.0
105414,332000.0
105418,291000.0
105419,140000.0
105425,124000.0
105440,340000.0
105447,181000.0
105448,171000.0
105452,186000.0
105463,71000.0
105464,147000.0
105465,197000.0
105524,53000.0
105526,86000.0
105531,141000.0
105536,572000.0
105557,627000.0
105633,388000.0
105635,96000.0
105637,225000.0
105674,380000.0
105681,79000.0
105703,399000.0
105704,402000.0
105705,401000.0
105706,213000.0
105711,182000.0
105712,204000.0
105719,321000.0
105728,132000.0
105734,96000.0
105735,131000.0
105745,103000.0
105749,658000.0
105764,697000.0
105765,619000.0
105768,200000.0
105772,127000.0
105778,97000.0
105779,379000.0
105785,225000.0
105790,89000.0
105806,625000.0
105827,101000.0
105831,1217000.0
105845,99000.0
105848,125000.0
105852,66000.0
105865,243000.0
105874,635000.0
105906,390000.0
105910,503000.0
105915,96000.0
105929,89000.0
105945,550000.0
105946,480000.0
105947,122000.0
105948,106000.0
105954,195000.0
105990,192000.0
106000,159000.0
106016,68000.0
106030,226000.0
106034,121000.0
106035,117000.0
106040,354000.0
106074,280000.0
106139,66000.0
106142,189000.0
106155,208000.0
106168,324000.0
106177,837000.0
106183,362000.0
106184,346000.0
106185,385000.0
106201,578000.0
106215,111000.0
106233,810000.0
106235,87000.0
106236,127000.0
106239,492000.0
106241,305000.0
106242,305000.0
106243,143000.0
106254,67000.0
106259,108000.0
106263,276000.0
106281,102000.0
106282,354000.0
106292,110000.0
106294,87000.0
106343,65000.0
106356,219000.0
106359,335000.0
106360,105000.0
106362,75000.0
106390,167000.0
106391,471000.0
106398,65000.0
106442,97000.0
106449,85000.0
106456,536000.0
106458,296000.0
106467,121000.0
106512,63000.0
106522,137000.0
106565,101000.0
106572,99000.0
106579,271000.0
106587,95000.0
106591,347000.0
106599,76000.0
106604,81000.0
106618,213000.0
106647,311000.0
106654,112000.0
106665,282000.0
106668,354000.0
106678,282000.0
106685,238000.0
106707,381000.0
106727,244000.0
106760,644000.0
106776,377000.0
106780,85000.0
106781,115000.0
106783,116000.0
106784,166000.0
106790,154000.0
106792,119000.0
106819,167000.0
106835,141000.0
106845,87000.0
106849,93000.0
106857,185000.0
106858,79000.0
106860,77000.0
106862,85000.0
106871,415000.0
106881,442000.0
106896,155000.0
106900,165000.0
106902,92000.0
106907,147000.0
106918,249000.0
106925,117000.0
106927,120000.0
106929,125000.0
106934,113000.0
106948,140000.0
106949,210000.0
106951,149000.0
106954,202000.0
106965,145000.0
106975,87000.0
106990,203000.0
106992,155000.0
107003,101000.0
107004,578000.0
107015,155000.0
107016,180000.0
107035,172000.0
107058,178000.0
107062,99000.0
107071,172000.0
107086,140000.0
107093,77000.0
107100,122000.0
107122,99000.0
107268,97000.0
107275,166000.0
107357,216000.0
107361,92000.0
107393,147000.0
107395,391000.0
107412,145000.0
107416,89000.0
107428,100000.0
107452,144000.0
107454,114000.0
107464,86000.0
107467,88000.0
107469,80000.0
107470,81000.0
107472,200000.0
107473,195000.0
107487,119000.0
107489,96000.0
107495,95000.0
107497,78000.0
107501,57000.0
107506,162000.0
107510,162000.0
107520,202000.0
107551,107000.0
107556,65000.0
107572,90000.0
107584,167000.0
107594,125000.0
107595,811000.0
107601,79000.0
107614,84000.0
107616,171000.0
107617,234000.0
107619,142000.0
107621,133000.0
107650,391000.0
107656,125000.0
107678,181000.0
107680,475000.0
107684,308000.0
107687,252000.0
107690,89000.0
107692,94000.0
107693,133000.0
107694,135000.0
107695,88000.0
107702,198000.0
107712,249000.0
107718,154000.0
107722,70000.0
107757,178000.0
107762,123000.0
107769,140000.0
107770,140000.0
107771,553000.0
107776,189000.0
107778,102000.0
107788,307000.0
107792,177000.0
107812,98000.0
107831,59000.0
107832,76000.0
107863,790000.0
107871,176000.0
107873,189000.0
107874,189000.0
107875,176000.0
107906,144000.0
107915,82000.0
107916,82000.0
107917,82000.0
107918,82000.0
107919,78000.0
107920,81000.0
107998,215000.0
108021,161000.0
108137,112000.0
108190,218000.0
108231,151000.0
108235,80000.0
108237,79000.0
108246,117000.0
108272,119000.0
108277,103000.0
108281,79000.0
108283,152000.0
108285,62000.0
108340,84000.0
108343,150000.0
108401,568000.0
108406,151000.0
108408,350000.0
108410,178000.0
108429,133000.0
108444,93000.0
108447,92000.0
108465,405000.0
108468,158000.0
108479,194000.0
108496,189000.0
108505,968000.0
108512,224000.0
108518,181000.0
108519,320000.0
108524,129000.0
108527,139000.0
108528,99000.0
108545,189000.0
108548,183000.0
108551,143000.0
108557,148000.0
108558,172000.0
108574,229000.0
108580,479000.0
108581,82000.0
108589,152000.0
108654,167000.0
108658,51000.0
108757,196000.0
108771,154000.0
108778,204000.0
108802,166000.0
108814,153000.0
108816,78000.0
108817,78000.0
108832,336000.0
108855,111000.0
108867,177000.0
108886,113000.0
108900,188000.0
108916,76000.0
108948,199000.0
108960,280000.0
108962,215000.0
108983,269000.0
108984,105000.0
108992,216000.0
108993,64000.0
109002,69000.0
109051,627000.0
109135,94000.0
109157,213000.0
109160,247000.0
109175,199000.0
109189,123000.0
109236,194000.0
109250,156000.0
109251,155000.0
109254,200000.0
109323,122000.0
109368,194000.0
109384,82000.0
109388,125000.0
109389,86000.0
109414,93000.0
109434,199000.0
109448,258000.0
109454,1190000.0
109455,125000.0
109456,195000.0
109478,129000.0
109488,143000.0
109499,194000.0
109504,78000.0
109509,101000.0
109523,100000.0
109524,100000.0
109525,99000.0
109526,99000.0
109534,131000.0
109546,122000.0
109566,122000.0
109570,197000.0
109577,70000.0
109586,63000.0
109589,74000.0
109597,76000.0
109608,117000.0
109624,119000.0
109633,345000.0
109634,98000.0
109650,331000.0
109651,331000.0
109653,171000.0
109654,405000.0
109656,122000.0
109658,97000.0
109659,337000.0
109661,338000.0
109667,282000.0
109672,72000.0
109673,232000.0
109674,282000.0
109675,282000.0
109690,282000.0
109698,92000.0
109703,190000.0
109710,121000.0
109711,105000.0
109724,121000.0
109729,120000.0
109736,150000.0
109777,164000.0
109778,101000.0
109779,304000.0
109780,145000.0
109781,104000.0
109794,145000.0
109860,143000.0
109861,98000.0
109867,251000.0
109868,256000.0
109876,106000.0
109891,166000.0
109896,151000.0
109903,128000.0
109905,264000.0
109915,182000.0
109925,116000.0
109959,265000.0
109962,102000.0
109985,128000.0
109986,134000.0
110001,142000.0
110013,215000.0
110024,107000.0
110041,110000.0
110055,203000.0
110056,203000.0
110060,865000.0
110065,173000.0
110079,146000.0
110092,130000.0
110099,149000.0
110108,156000.0
110121,810000.0
110130,157000.0
110132,280000.0
110135,191000.0
110136,346000.0
110137,191000.0
110138,301000.0
110139,122000.0
110148,147000.0
110150,104000.0
110158,173000.0
110160,231000.0
110161,219000.0
110180,159000.0
110223,337000.0
110226,101000.0
110236,193000.0
110248,282000.0
110295,132000.0
110319,197000.0
110327,106000.0
110330,119000.0
110335,214000.0
110345,191000.0
110348,246000.0
110349,246000.0
110351,85000.0
110355,187000.0
110365,186000.0
110380,215000.0
110387,149000.0
110392,209000.0
110393,207000.0
110403,142000.0
110452,406000.0
110462,128000.0
110538,161000.0
110626,291000.0
110628,189000.0
110631,164000.0
110642,239000.0
110672,158000.0
110695,124000.0
110698,90000.0
110716,108000.0
110725,98000.0
110733,226000.0
110742,159000.0
110743,213000.0
110747,142000.0
110758,168000.0
110769,264000.0
110780,231000.0
110790,101000.0
110791,101000.0
110792,543000.0
110795,101000.0
110796,108000.0
110797,75000.0
110798,88000.0
110803,108000.0
110807,183000.0
110817,101000.0
110824,99000.0
110854,882000.0
110872,621000.0
110875,141000.0
110883,112000.0
110902,150000.0
110903,153000.0
110912,106000.0
110914,276000.0
110923,108000.0
110934,854000.0
110938,94000.0
110939,90000.0
110945,135000.0
110948,163000.0
110949,157000.0
110964,149000.0
110980,92000.0
110983,80000.0
110992,235000.0
110993,778000.0
110999,280000.0
111000,303000.0
111001,303000.0
111003,303000.0
111005,346000.0
111008,280000.0
111009,122000.0
111014,125000.0
111018,104000.0
111023,105000.0
111031,141000.0
111035,105000.0
111054,102000.0
111059,224000.0
111079,139000.0
111113,733000.0
111114,768000.0
111117,233000.0
111118,233000.0
111119,233000.0
111120,282000.0
111122,282000.0
111123,232000.0
111124,282000.0
111125,282000.0
111127,232000.0
111129,184000.0
111143,232000.0
111147,282000.0
111148,282000.0
111166,211000.0
111167,101000.0
111168,107000.0
111191,126000.0
111196,107000.0
111197,88000.0
111199,102000.0
111208,867000.0
111216,125000.0
111252,249000.0
111255,85000.0
111319,142000.0
111384,247000.0
111386,250000.0
111388,225000.0
111389,257000.0
111394,174000.0
111395,292000.0
111435,196000.0
111446,82000.0
111457,128000.0
111459,98000.0
111463,88000.0
111477,417000.0
111496,112000.0
111506,99000.0
111507,151000.0
111510,100000.0
111512,168000.0
111523,163000.0
111530,202000.0
111531,156000.0
111534,375000.0
111538,104000.0
111554,356000.0
111573,210000.0
111590,492000.0
111598,143000.0
111608,758000.0
111611,146000.0
111621,246000.0
111628,228000.0
111629,101000.0
111633,251000.0
111636,196000.0
111637,122000.0
111658,98000.0
111665,201000.0
111697,211000.0
111703,127000.0
111774,170000.0
111775,122000.0
111820,166000.0
111839,93000.0
111846,134000.0
111850,252000.0
111856,214000.0
111860,106000.0
111865,73000.0
111883,119000.0
111884,218000.0
111885,119000.0
111894,99000.0
111915,235000.0
111924,950000.0
111939,192000.0
111954,103000.0
111965,134000.0
111970,179000.0
111976,135000.0
111987,111000.0
111988,137000.0
112051,185000.0
112063,109000.0
112068,546000.0
112075,193000.0
112157,240000.0
112162,109000.0
112163,97000.0
112227,99000.0
112230,199000.0
112247,508000.0
112271,161000.0
112297,80000.0
112315,81000.0
112335,219000.0
112353,315000.0
112355,696000.0
112367,120000.0
112375,182000.0
112378,182000.0
112388,178000.0
112412,385000.0
112424,154000.0
112431,133000.0
112465,367000.0
112466,335000.0
112474,166000.0
112486,117000.0
112510,108000.0
112511,121000.0
112512,152000.0
112657,87000.0
112663,110000.0
112673,128000.0
112680,117000.0
112681,140000.0
112694,283000.0
112696,113000.0
112713,121000.0
112716,217000.0
112718,217000.0
112720,197000.0
112726,114000.0
112744,266000.0
112748,140000.0
112755,280000.0
112757,379000.0
112780,130000.0
112793,223000.0
112796,120000.0
112816,114000.0
112822,142000.0
112823,156000.0
112825,156000.0
112828,183000.0
112851,450000.0
112872,155000.0
112874,154000.0
112921,125000.0
112925,172000.0
112926,339000.0
112928,172000.0
112929,172000.0
112930,172000.0
112933,155000.0
112938,107000.0
112960,291000.0
112963,291000.0
112970,178000.0
112974,228000.0
112986,227000.0
112987,227000.0
113022,258000.0
113037,91000.0
113109,205000.0
113113,146000.0
113114,146000.0
113163,201000.0
113169,90000.0
113181,250000.0
113206,247000.0
113207,175000.0
113230,264000.0
113231,527000.0
113246,223000.0
113248,257000.0
113313,143000.0
113314,286000.0
113315,263000.0
113320,147000.0
113322,180000.0
113323,206000.0
113326,180000.0
113329,176000.0
113465,120000.0
113468,308000.0
113478,137000.0
113488,369000.0
113491,412000.0
113503,217000.0
113552,143000.0
113568,118000.0
113608,266000.0
113613,185000.0
113616,240000.0
113617,240000.0
113630,116000.0
113644,129000.0
113645,110000.0
113657,131000.0
113662,124000.0
113668,276000.0
113703,265000.0
113704,148000.0
113706,113000.0
113711,216000.0
113750,123000.0
113752,159000.0
113762,131000.0
113804,156000.0
113809,546000.0
113813,179000.0
113831,150000.0
113871,229000.0
113884,178000.0
113888,151000.0
113890,387000.0
113909,214000.0
113922,167000.0
113950,146000.0
113957,172000.0
113995,141000.0
114001,200000.0
114002,307000.0
114007,93000.0
114030,141000.0
114031,180000.0
114139,222000.0
114172,226000.0
114187,369000.0
114200,74000.0
114204,143000.0
114217,208000.0
114242,143000.0
114253,227000.0
114266,93000.0
114276,151000.0
114334,268000.0
114335,265000.0
114336,268000.0
114337,231000.0
114377,207000.0
114379,109000.0
114396,156000.0
114401,230000.0
114405,110000.0
114407,114000.0
114431,172000.0
114432,172000.0
114440,407000.0
114449,187000.0
114454,291000.0
114458,164000.0
114461,165000.0
114468,450000.0
114560,187000.0
114619,132000.0
114634,216000.0
114649,97000.0
114650,237000.0
114658,272000.0
114661,950000.0
114676,202000.0
114684,155000.0
114688,212000.0
114690,76000.0
114698,412000.0
114702,147000.0
114711,308000.0
114717,140000.0
114721,311000.0
114728,137000.0
114732,73000.0
114736,405000.0
114748,164000.0
114764,187000.0
114780,268000.0
114781,230000.0
114790,265000.0
114804,140000.0
114809,547000.0
114812,85000.0
114816,215000.0
114839,272000.0
114847,124000.0
114884,254000.0
114886,200000.0
114887,138000.0
114893,85000.0
114904,266000.0
114941,88000.0
114950,254000.0
114969,92000.0
114993,352000.0
114997,95000.0
115004,554000.0
115020,124000.0
115025,463000.0
115027,307000.0
115078,196000.0
115080,196000.0
115081,196000.0
115082,196000.0
115085,196000.0
115086,196000.0
115087,196000.0
115088,196000.0
115093,96000.0
115098,548000.0
115099,546000.0
115100,611000.0
115178,93000.0
115179,93000.0
115181,72000.0
115243,85000.0
115261,59000.0
115279,127000.0
115316,97000.0
115318,95000.0
115360,103000.0
115394,61000.0
115403,151000.0
115408,256000.0
115412,66000.0
115417,111000.0
115418,165000.0
115422,111000.0
115479,549000.0
115480,554000.0
115481,549000.0
115482,549000.0
115483,549000.0
115485,715000.0
115488,549000.0
115505,144000.0
115506,192000.0
115507,101000.0
115508,177000.0
115509,192000.0
115510,101000.0
115511,101000.0
115512,98000.0
115514,101000.0
115515,135000.0
115516,135000.0
115517,135000.0
115528,375000.0
115536,321000.0
115537,166000.0
115538,191000.0
115539,166000.0
115541,135000.0
115542,207000.0
115543,100000.0
115544,146000.0
115545,191000.0
115548,88000.0
115551,105000.0
115552,152000.0
115553,92000.0
115554,101000.0
115555,88000.0
115559,632000.0
115597,585000.0
115598,567000.0
115642,83000.0
115652,242000.0
115780,245000.0
115818,100000.0
115896,153000.0
115898,153000.0
115900,154000.0
115902,153000.0
115910,129000.0
115927,54000.0
115980,407000.0
115983,64000.0
116008,79000.0
116056,303000.0
116064,90000.0
116065,90000.0
116066,102000.0
116067,95000.0
116068,90000.0
116069,90000.0
116071,99000.0
116072,99000.0
116094,403000.0
116099,97000.0
116105,96000.0
116152,549000.0
116154,549000.0
116173,102000.0
116174,192000.0
116175,144000.0
116176,192000.0
116178,102000.0
116179,101000.0
116189,135000.0
116190,135000.0
116196,149000.0
116197,149000.0
116198,176000.0
116199,152000.0
116205,622000.0
116269,141000.0
116350,238000.0
116434,107000.0
116435,54000.0
116446,75000.0
116471,115000.0
116501,85000.0
116506,102000.0
116507,90000.0
116508,97000.0
116509,102000.0
116547,88000.0
116562,242000.0
116581,550000.0
116634,73000.0
116635,77000.0
116661,96000.0
116675,159000.0
116690,142000.0
116706,51000.0
116787,61000.0
116890,51000.0
116909,53000.0
116920,183000.0
116926,175000.0
116932,121000.0
116934,110000.0
116937,170000.0
116940,117000.0
116941,170000.0
116942,117000.0
116944,170000.0
116945,258000.0
116947,90000.0
116948,90000.0
116950,108000.0
116957,151000.0
116958,127000.0
116959,151000.0
116960,157000.0
116981,220000.0
116988,227000.0
116992,137000.0
117046,109000.0
117055,121000.0
117076,89000.0
117077,88000.0
117078,91000.0
117093,101000.0
117127,121000.0
117128,121000.0
117137,111000.0
117140,176000.0
117145,200000.0
117174,106000.0
117188,107000.0
117201,152000.0
117212,245000.0
117216,259000.0
117220,121000.0
117222,121000.0
117224,121000.0
117225,121000.0
117226,121000.0
117227,128000.0
117232,121000.0
117236,109000.0
117238,114000.0
117239,81000.0
117245,369000.0
117246,189000.0
117247,113000.0
117253,113000.0
117263,90000.0
117265,183000.0
117272,89000.0
117275,91000.0
117278,224000.0
117288,114000.0
117290,186000.0
117313,160000.0
117317,196000.0
117318,262000.0
117325,103000.0
117326,103000.0
117328,313000.0
117331,182000.0
117333,111000.0
117335,111000.0
117345,287000.0
117346,287000.0
117349,192000.0
117359,132000.0
117365,121000.0
117374,137000.0
117416,81000.0
117511,103000.0
117513,146000.0
117514,101000.0
117589,137000.0
117619,121000.0
117632,118000.0
117680,133000.0
117682,135000.0
117688,107000.0
117714,132000.0
117716,156000.0
117718,134000.0
117719,156000.0
117746,132000.0
117750,79000.0
117752,116000.0
117759,76000.0
117772,154000.0
117777,129000.0
117785,122000.0
117788,169000.0
117796,85000.0
117797,79000.0
117803,101000.0
117808,145000.0
117810,116000.0
117821,190000.0
117846,184000.0
117847,157000.0
117848,178000.0
117849,157000.0
117850,157000.0
117851,157000.0
117853,54000.0
117875,101000.0
117888,135000.0
117900,107000.0
117903,295000.0
117906,143000.0
117917,107000.0
117918,170000.0
117919,170000.0
117925,182000.0
117927,119000.0
117931,111000.0
117935,276000.0
117945,190000.0
117953,106000.0
117956,105000.0
117964,103000.0
117965,103000.0
117966,103000.0
117967,103000.0
117968,103000.0
117969,103000.0
117970,103000.0
117974,103000.0
117984,202000.0
117999,538000.0
118001,162000.0
118006,78000.0
118010,350000.0
118020,146000.0
118023,183000.0
118027,119000.0
118030,74000.0
118048,74000.0
118049,61000.0
118056,109000.0
118060,245000.0
118061,120000.0
118062,66000.0
118067,103000.0
118091,121000.0
118094,121000.0
118095,128000.0
118096,121000.0
118097,121000.0
118098,121000.0
118099,128000.0
118100,121000.0
118101,121000.0
118104,109000.0
118109,304000.0
118116,103000.0
118118,150000.0
118125,125000.0
118126,113000.0
118130,113000.0
118132,134000.0
118133,174000.0
118141,204000.0
118148,90000.0
118149,90000.0
118151,128000.0
118157,153000.0
118163,113000.0
118165,199000.0
118168,149000.0
118169,156000.0
118170,127000.0
118178,119000.0
118180,118000.0
118182,115000.0
118186,78000.0
118192,403000.0
118196,128000.0
118198,109000.0
118209,164000.0
118218,95000.0
118229,106000.0
118230,101000.0
118244,149000.0
118250,131000.0
118255,197000.0
118316,74000.0
118319,84000.0
118320,65000.0
118323,831000.0
118437,83000.0
118449,185000.0
118461,99000.0
118491,86000.0
118511,79000.0
118533,151000.0
118555,95000.0
118562,121000.0
118575,163000.0
118578,99000.0
118589,103000.0
118590,140000.0
118612,103000.0
118617,117000.0
118627,345000.0
118637,146000.0
118646,156000.0
118647,141000.0
118650,311000.0
118659,110000.0
118668,114000.0
118669,98000.0
118701,134000.0
118704,177000.0
118826,77000.0
118866,124000.0
118867,101000.0
118869,98000.0
118870,76000.0
118871,76000.0
118872,76000.0
118881,63000.0
118893,191000.0
118894,138000.0
118897,190000.0
118899,136000.0
118908,106000.0
118923,199000.0
118944,139000.0
118965,176000.0
118987,151000.0
119087,89000.0
119092,155000.0
119098,179000.0
119099,202000.0
119143,183000.0
119180,176000.0
119190,183000.0
119207,173000.0
119217,156000.0
119236,108000.0
119246,172000.0
119247,146000.0
119248,141000.0
119251,134000.0
119252,130000.0
119255,345000.0
119259,169000.0
119262,214000.0
119264,444000.0
119275,190000.0
119284,473000.0
119285,473000.0
119291,134000.0
119294,97000.0
119305,153000.0
119306,280000.0
119311,108000.0
119326,254000.0
119328,447000.0
119334,127000.0
119338,123000.0
119341,423000.0
119343,84000.0
119345,138000.0
119346,138000.0
119348,164000.0
119351,125000.0
119374,375000.0
119389,233000.0
119397,425000.0
119398,492000.0
119401,304000.0
119402,168000.0
119403,293000.0
119406,160000.0
119446,125000.0
119505,509000.0
119514,296000.0
119515,312000.0
119516,132000.0
119529,172000.0
119549,571000.0
119561,159000.0
119562,340000.0
119567,234000.0
119572,222000.0
119573,96000.0
119574,97000.0
119575,142000.0
119590,97000.0
119591,147000.0
119605,145000.0
119606,145000.0
119608,399000.0
119609,179000.0
119611,399000.0
119613,985000.0
119621,114000.0
119637,222000.0
119641,101000.0
119647,149000.0
119648,129000.0
119649,315000.0
119650,196000.0
119656,280000.0
119657,234000.0
119658,432000.0
119673,300000.0
119676,115000.0
119680,142000.0
119683,96000.0
119685,135000.0
119703,115000.0
119709,444000.0
119712,124000.0
119724,146000.0
119731,197000.0
119733,197000.0
119735,197000.0
119748,279000.0
119750,196000.0
119754,182000.0
119759,100000.0
119765,459000.0
119768,150000.0
119770,205000.0
119771,186000.0
119792,102000.0
119794,102000.0
119796,102000.0
119798,523000.0
119804,102000.0
119809,101000.0
119811,316000.0
119813,264000.0
119821,358000.0
119824,191000.0
119825,188000.0
119826,188000.0
119830,191000.0
119831,188000.0
119832,312000.0
119833,106000.0
119834,89000.0
119835,103000.0
119842,125000.0
119847,132000.0
119848,187000.0
119857,209000.0
119871,89000.0
119872,89000.0
119873,89000.0
119876,181000.0
119884,267000.0
119931,160000.0
119932,163000.0
119933,269000.0
119934,160000.0
119937,248000.0
119938,160000.0
119939,141000.0
119944,138000.0
120014,83000.0
120072,97000.0
120077,160000.0
120105,198000.0
120107,141000.0
120111,127000.0
120124,143000.0
120132,73000.0
120133,350000.0
120141,141000.0
120165,130000.0
120166,131000.0
120169,238000.0
120176,186000.0
120177,196000.0
120180,392000.0
120181,392000.0
120193,115000.0
120194,260000.0
120196,155000.0
120205,146000.0
120206,341000.0
120207,113000.0
120208,110000.0
120218,145000.0
120223,814000.0
120231,127000.0
120261,479000.0
120262,312000.0
120263,160000.0
120269,78000.0
120273,209000.0
120279,201000.0
120295,95000.0
120298,179000.0
120302,279000.0
120304,238000.0
120305,255000.0
120306,211000.0
120311,228000.0
120312,228000.0
120314,96000.0
120320,144000.0
120326,361000.0
120327,159000.0
120337,120000.0
120338,120000.0
120339,120000.0
120348,254000.0
120349,254000.0
120350,278000.0
120363,92000.0
120365,179000.0
120371,180000.0
120372,176000.0
120378,146000.0
120381,156000.0
120383,90000.0
120385,68000.0
120414,217000.0
120415,215000.0
120417,76000.0
120419,148000.0
120421,87000.0
120499,108000.0
120500,83000.0
120501,208000.0
120515,132000.0
120516,135000.0
120545,275000.0
120548,72000.0
120561,198000.0
120562,126000.0
120564,123000.0
120569,85000.0
120590,851000.0
120591,435000.0
120592,276000.0
120593,80000.0
120596,261000.0
120597,115000.0
120608,140000.0
120609,147000.0
120614,277000.0
120615,142000.0
120616,143000.0
120629,737000.0
120642,279000.0
120643,92000.0
120646,265000.0
120672,815000.0
120675,178000.0
120676,75000.0
120678,119000.0
120687,466000.0
120688,532000.0
120689,466000.0
120691,475000.0
120692,475000.0
120702,70000.0
120715,230000.0
120720,228000.0
120735,125000.0
120743,114000.0
120744,88000.0
120745,89000.0
120749,279000.0
120756,78000.0
120769,92000.0
120803,93000.0
120810,79000.0
120822,96000.0
120832,192000.0
120833,192000.0
120844,149000.0
120851,78000.0
120886,98000.0
120887,94000.0
120895,209000.0
120903,130000.0
120905,167000.0
120906,170000.0
120910,92000.0
120916,379000.0
120918,466000.0
120920,466000.0
120922,475000.0
120924,475000.0
120925,475000.0
120926,477000.0
120960,89000.0
120970,78000.0
120976,153000.0
121014,145000.0
121019,370000.0
121021,110000.0
121025,180000.0
121030,632000.0
121038,199000.0
121041,133000.0
121042,164000.0
121043,272000.0
121045,164000.0
121046,168000.0
121047,272000.0
121048,233000.0
121049,372000.0
121050,162000.0
121051,162000.0
121061,272000.0
121062,100000.0
121064,100000.0
121068,525000.0
121070,525000.0
121085,100000.0
121097,120000.0
121150,135000.0
121158,143000.0
121159,363000.0
121169,103000.0
121172,96000.0
121187,270000.0
121189,174000.0
121192,872000.0
121193,877000.0
121195,114000.0
121204,132000.0
121208,237000.0
121210,165000.0
121219,234000.0
121224,165000.0
121235,259000.0
121236,260000.0
121238,162000.0
121239,260000.0
121240,234000.0
121241,164000.0
121242,260000.0
121243,168000.0
121244,130000.0
121246,108000.0
121249,139000.0
121251,237000.0
121256,181000.0
121257,181000.0
121258,181000.0
121264,253000.0
121265,180000.0
121270,172000.0
121274,162000.0
121280,220000.0
121282,117000.0
121283,123000.0
121286,123000.0
121295,126000.0
121296,115000.0
121299,124000.0
121300,146000.0
121301,270000.0
121307,129000.0
121308,92000.0
121311,153000.0
121315,203000.0
121320,157000.0
121321,193000.0
121323,141000.0
121324,141000.0
121331,177000.0
121333,141000.0
121335,141000.0
121337,270000.0
121338,103000.0
121339,270000.0
121343,199000.0
121346,189000.0
121347,244000.0
121348,245000.0
121350,244000.0
121351,385000.0
121352,245000.0
121364,525000.0
121365,525000.0
121373,253000.0
121375,143000.0
121376,130000.0
121377,252000.0
121385,196000.0
121397,119000.0
121400,131000.0
121402,100000.0
121408,100000.0
121444,120000.0
121452,112000.0
121455,228000.0
121538,270000.0
121544,108000.0
121597,126000.0
121647,115000.0
121688,240000.0
121697,150000.0
121707,272000.0
121708,272000.0
121710,165000.0
121716,257000.0
121723,293000.0
121739,93000.0
121742,226000.0
121746,292000.0
121751,159000.0
121756,112000.0
121757,105000.0
121765,112000.0
121766,112000.0
121767,110000.0
121771,96000.0
121777,123000.0
121781,296000.0
121787,102000.0
121788,136000.0
121793,318000.0
121802,179000.0
121807,235000.0
121822,164000.0
121824,237000.0
121825,146000.0
121826,97000.0
121829,347000.0
121843,105000.0
121847,108000.0
121848,107000.0
121849,139000.0
121850,123000.0
121854,166000.0
121857,118000.0
121868,118000.0
121878,135000.0
121884,291000.0
121892,96000.0
121899,250000.0
121900,156000.0
121901,99000.0
121909,92000.0
121923,118000.0
121927,111000.0
121930,108000.0
121932,123000.0
121935,114000.0
121941,143000.0
121944,194000.0
121948,233000.0
121954,401000.0
121964,93000.0
121966,209000.0
121970,253000.0
121984,287000.0
121993,119000.0
122033,109000.0
122036,217000.0
122044,144000.0
122165,224000.0
122166,135000.0
122167,244000.0
122168,136000.0
122169,136000.0
122195,183000.0
122197,165000.0
122214,139000.0
122219,223000.0
122225,129000.0
122241,191000.0
122249,128000.0
122262,225000.0
122277,141000.0
122282,153000.0
122294,164000.0
122299,165000.0
122302,141000.0
122311,162000.0
122313,177000.0
122315,314000.0
122318,133000.0
122321,138000.0
122322,109000.0
122323,183000.0
122330,1003000.0
122331,996000.0
122332,1005000.0
122333,1005000.0
122337,109000.0
122340,122000.0
122347,88000.0
122350,252000.0
122351,98000.0
122362,205000.0
122370,181000.0
122371,180000.0
122373,106000.0
122377,99000.0
122382,156000.0
122398,179000.0
122404,111000.0
122405,263000.0
122410,112000.0
122411,215000.0
122412,116000.0
122434,143000.0
122442,281000.0
122454,264000.0
122458,264000.0
122459,278000.0
122467,212000.0
122472,260000.0
122474,210000.0
122475,109000.0
122500,107000.0
122559,121000.0
122560,231000.0
122561,182000.0
122586,65000.0
122599,283000.0
122602,92000.0
122614,82000.0
122616,138000.0
122622,192000.0
122637,112000.0
122644,110000.0
122647,218000.0
122665,107000.0
122667,161000.0
122669,166000.0
122687,267000.0
122695,166000.0
122699,344000.0
122701,170000.0
122703,125000.0
122744,522000.0
122752,141000.0
122762,366000.0
122768,181000.0
122783,193000.0
122784,102000.0
122787,208000.0
122788,180000.0
122792,97000.0
122881,264000.0
122882,97000.0
122900,79000.0
122901,79000.0
122902,77000.0
122903,79000.0
122904,77000.0
122909,126000.0
122927,107000.0
122928,107000.0
122929,107000.0
122932,138000.0
122934,224000.0
122935,133000.0
122947,110000.0
122969,71000.0
122987,471000.0
123070,366000.0
123079,556000.0
123083,346000.0
123092,79000.0
123093,75000.0
123094,72000.0
123095,74000.0
123129,70000.0
123153,236000.0
123165,937000.0
123176,126000.0
123196,92000.0
123248,169000.0
123310,107000.0
123311,110000.0
123312,110000.0
123323,208000.0
123325,210000.0
123326,208000.0
123327,209000.0
123328,203000.0
123331,178000.0
123335,110000.0
123338,119000.0
123400,69000.0
123480,107000.0
123558,73000.0
123572,138000.0
123576,73000.0
123579,188000.0
123580,188000.0
123588,87000.0
123592,91000.0
123595,185000.0
123605,149000.0
123612,250000.0
123620,80000.0
123623,79000.0
123624,82000.0
123657,139000.0
123658,139000.0
123686,93000.0
123734,261000.0
123749,406000.0
123759,194000.0
123760,87000.0
123767,107000.0
123768,107000.0
123808,405000.0
123815,146000.0
123825,253000.0
123835,362000.0
123868,110000.0
123869,110000.0
123870,110000.0
123874,205000.0
123877,110000.0
123892,107000.0
123898,104000.0
123900,72000.0
123903,92000.0
123905,86000.0
124032,346000.0
124034,73000.0
124036,74000.0
124038,186000.0
124039,185000.0
124044,188000.0
124059,94000.0
124070,81000.0
124071,81000.0
124072,72000.0
124073,74000.0
124074,75000.0
124094,139000.0
124096,188000.0
124109,169000.0
124118,105000.0
124125,133000.0
124138,325000.0
124178,86000.0
124187,116000.0
124197,347000.0
124213,221000.0
124214,110000.0
124228,127000.0
124263,163000.0
124339,332000.0
124357,127000.0
124364,133000.0
124380,677000.0
124392,299000.0
124494,119000.0
124500,105000.0
124536,126000.0
124537,82000.0
124540,501000.0
124548,111000.0
124597,683000.0
124642,501000.0
124646,230000.0
124648,248000.0
124662,110000.0
124688,107000.0
124693,252000.0
124707,104000.0
124714,180000.0
124716,256000.0
124731,139000.0
124737,361000.0
124747,974000.0
124759,627000.0
124777,332000.0
124787,247000.0
124796,185000.0
124799,173000.0
124813,306000.0
124819,107000.0
124894,299000.0
124915,184000.0
124962,84000.0
124978,169000.0
124993,164000.0
125005,198000.0
125014,133000.0
125016,158000.0
125020,846000.0
125023,300000.0
125027,130000.0
125044,182000.0
125045,150000.0
125046,1231000.0
125050,219000.0
125072,942000.0
125073,123000.0
125086,810000.0
125100,252000.0
125117,449000.0
125118,470000.0
125120,268000.0
125125,181000.0
125130,160000.0
125134,892000.0
125136,165000.0
125141,96000.0
125188,206000.0
125200,146000.0
125203,159000.0
125204,80000.0
125275,278000.0
125291,206000.0
125317,132000.0
125332,118000.0
125345,186000.0
125351,231000.0
125357,175000.0
125359,128000.0
125375,174000.0
125380,138000.0
125404,115000.0
125406,136000.0
125422,204000.0
125431,99000.0
125433,161000.0
125434,207000.0
125435,306000.0
125444,73000.0
125466,214000.0
125506,167000.0
125546,149000.0
125554,270000.0
125568,208000.0
125569,387000.0
125573,145000.0
125579,95000.0
125581,192000.0
125583,139000.0
125587,114000.0
125596,496000.0
125618,270000.0
125621,179000.0
125632,244000.0
125639,166000.0
125642,835000.0
125645,306000.0
125694,138000.0
125695,137000.0
125696,110000.0
125714,205000.0
125716,122000.0
125727,254000.0
125734,272000.0
125736,143000.0
125739,142000.0
125744,140000.0
125756,152000.0
125764,236000.0
125766,247000.0
125776,138000.0
125777,138000.0
125783,157000.0
125784,157000.0
125791,146000.0
125822,229000.0
125824,184000.0
125828,168000.0
125829,232000.0
125841,175000.0
309591,298000.0
309611,215000.0
309613,194000.0
309658,81000.0
309661,224000.0
309667,211000.0
309669,145000.0
309678,647000.0
309692,177000.0
309700,321000.0
309707,132000.0
309714,129000.0
309731,540000.0
309734,128000.0
309735,169000.0
309770,267000.0
309817,81000.0
309819,101000.0
320845,125000.0
320872,224000.0
320929,167000.0
320931,167000.0
320932,72000.0
320937,72000.0
320938,72000.0
320940,115000.0
320948,122000.0
320950,335000.0
320954,167000.0
320969,196000.0
320974,225000.0
320998,135000.0
321002,107000.0
321004,116000.0
321023,92000.0
321055,168000.0
321067,134000.0
321080,96000.0
321083,160000.0
321122,208000.0
321127,140000.0
321128,116000.0
321229,115000.0
321231,122000.0
321249,331000.0
321250,303000.0
321258,176000.0
321259,269000.0
321260,72000.0
321262,122000.0
321270,176000.0
321272,88000.0
321278,373000.0
321286,158000.0
321288,112000.0
321289,105000.0
321307,148000.0
321311,153000.0
321316,153000.0
321317,107000.0
321318,107000.0
321319,107000.0
321321,107000.0
321322,130000.0
321323,107000.0
321324,107000.0
321340,198000.0
321346,178000.0
321352,111000.0
321392,152000.0
321393,197000.0
321399,170000.0
321407,182000.0
321428,230000.0
321429,82000.0
321431,81000.0
321455,210000.0
321463,160000.0
321480,1187000.0
321540,159000.0
321551,133000.0
321559,215000.0
321561,107000.0
321567,119000.0
321568,112000.0
321570,153000.0
321573,148000.0
321574,107000.0
321575,127000.0
321577,107000.0
321581,99000.0
321582,107000.0
321583,99000.0
321595,82000.0
321616,484000.0
321656,223000.0
321674,244000.0
321677,127000.0
321730,105000.0
321734,107000.0
321736,107000.0
321737,107000.0
321739,176000.0
321747,126000.0
321749,162000.0
321757,219000.0
321758,225000.0
321762,72000.0
321817,262000.0
321831,409000.0
321834,129000.0
321874,362000.0
321877,249000.0
321883,130000.0
321903,110000.0
321918,226000.0
321940,153000.0
321942,163000.0
321949,140000.0
321950,105000.0
321960,194000.0
321961,194000.0
321965,191000.0
321975,251000.0
321980,952000.0
321989,145000.0
321990,105000.0
322003,128000.0
322025,244000.0
322027,92000.0
322029,114000.0
322038,151000.0
322041,90000.0
322042,87000.0
322045,111000.0
322046,111000.0
322092,276000.0
322107,144000.0
322110,821000.0
322111,346000.0
322112,333000.0
322114,192000.0
322115,190000.0
322116,180000.0
322119,346000.0
322121,302000.0
322132,79000.0
322133,79000.0
322144,149000.0
322156,111000.0
322181,142000.0
322197,189000.0
322220,863000.0
322244,102000.0
322256,345000.0
322271,99000.0
322281,170000.0
322300,93000.0
322304,153000.0
322310,331000.0
322330,118000.0
322332,140000.0
322335,135000.0
322339,198000.0
322360,240000.0
322362,128000.0
322436,285000.0
322445,173000.0
322476,152000.0
322494,87000.0
322500,105000.0
322501,103000.0
322505,123000.0
322517,281000.0
322518,123000.0
322526,399000.0
322527,202000.0
322531,155000.0
322533,83000.0
322534,98000.0
322536,96000.0
322548,197000.0
322553,97000.0
322579,304000.0
322583,418000.0
322591,91000.0
322610,681000.0
322620,143000.0
322630,175000.0
322645,631000.0
322651,172000.0
322653,245000.0
322671,605000.0
322695,66000.0
322712,155000.0
322715,155000.0
322732,338000.0
322741,148000.0
322744,231000.0
322757,130000.0
322769,102000.0
322786,198000.0
322789,80000.0
322800,114000.0
322807,109000.0
322808,192000.0
322810,94000.0
322816,123000.0
322833,111000.0
322871,276000.0
322980,196000.0
322981,189000.0
322983,195000.0
322984,195000.0
322985,346000.0
322986,371000.0
322987,195000.0
322990,196000.0
323000,106000.0
323002,118000.0
323011,192000.0
323013,418000.0
323017,97000.0
323032,108000.0
323066,70000.0
323069,260000.0
323077,65000.0
323085,103000.0
323088,278000.0
323101,723000.0
323102,340000.0
323122,150000.0
323169,89000.0
323189,95000.0
323192,104000.0
323194,126000.0
323197,929000.0
323198,432000.0
323233,188000.0
323254,136000.0
323308,281000.0
323310,318000.0
323318,158000.0
323325,281000.0
323330,95000.0
323339,145000.0
323342,99000.0
323349,305000.0
323382,167000.0
323396,181000.0
323403,212000.0
323412,176000.0
323413,162000.0
323421,162000.0
323425,351000.0
323433,352000.0
323434,194000.0
323446,138000.0
323459,86000.0
323487,253000.0
323518,77000.0
323536,148000.0
323549,147000.0
323552,138000.0
323608,160000.0
323617,106000.0
323622,461000.0
323629,189000.0
323656,221000.0
323664,360000.0
323668,142000.0
323678,436000.0
323703,163000.0
323710,174000.0
323722,254000.0
323723,80000.0
323780,101000.0
323792,128000.0
323831,295000.0
323894,129000.0
323911,113000.0
323917,92000.0
323926,175000.0
323944,154000.0
324001,244000.0
324006,169000.0
324023,175000.0
324032,241000.0
324058,165000.0
324078,161000.0
324079,188000.0
324118,212000.0
324146,212000.0
324152,111000.0
324158,762000.0
324160,691000.0
324236,91000.0
324287,1011000.0
324306,298000.0
324371,553000.0
324381,92000.0
324395,135000.0
324415,198000.0
324417,404000.0
324418,404000.0
324454,133000.0
324455,81000.0
324497,104000.0
324557,93000.0
324596,307000.0
324605,335000.0
324608,453000.0
324616,389000.0
324628,115000.0
324634,135000.0
324666,401000.0
324716,420000.0
324721,150000.0
324723,470000.0
324784,185000.0
324797,446000.0
324814,525000.0
324819,887000.0
324846,86000.0
324904,157000.0
324941,280000.0
325010,633000.0
325044,388000.0
325045,345000.0
695288,150000.0
695340,170000.0
695354,102000.0
695495,177000.0
695510,91000.0
695519,369000.0
695520,369000.0
695565,91000.0
695596,310000.0
695610,122000.0
695611,407000.0
695614,85000.0
695615,320000.0
695631,113000.0
695794,163000.0
695813,502000.0
695828,249000.0
695877,346000.0
696061,229000.0
696119,182000.0
696129,106000.0
696183,141000.0
696223,408000.0
696268,233000.0
696269,259000.0
696272,457000.0
696273,458000.0
696329,392000.0
696334,392000.0
696336,458000.0
696337,459000.0
696338,458000.0
696339,459000.0
696340,433000.0
696352,152000.0
696357,121000.0
696508,263000.0
696512,115000.0
696609,151000.0
696610,258000.0
696645,181000.0
712644,138000.0
712653,284000.0
712676,166000.0
712685,214000.0
712690,192000.0
712692,176000.0
712748,210000.0
712750,109000.0
712751,223000.0
712768,283000.0
712776,172000.0
712780,175000.0
712788,177000.0
712794,231000.0
712816,159000.0
712817,92000.0
712818,258000.0
712823,287000.0
712835,325000.0
712852,145000.0
712858,203000.0
712871,212000.0
712880,159000.0
712881,162000.0
712890,122000.0
712901,167000.0
712917,278000.0
712999,108000.0
713027,83000.0
713050,152000.0
713084,108000.0
713098,145000.0
713109,114000.0
713127,116000.0
713151,86000.0
713157,304000.0
713159,125000.0
713160,173000.0
713169,118000.0
713182,231000.0
713190,112000.0
713192,97000.0
713197,215000.0
713213,131000.0
713216,133000.0
713247,166000.0
713251,226000.0
713264,119000.0
713309,146000.0
713319,211000.0
713341,215000.0
713350,746000.0
713375,304000.0
713391,135000.0
713394,112000.0
713420,114000.0
713421,279000.0
713429,82000.0
713432,169000.0
713434,169000.0
713437,136000.0
713469,217000.0
713476,276000.0
713477,112000.0
713501,109000.0
713507,104000.0
713536,220000.0
713544,244000.0
713560,192000.0
713580,141000.0
713651,101000.0
713656,182000.0
713740,203000.0
713800,388000.0
713801,140000.0
713806,229000.0
713820,101000.0
713823,164000.0
713847,221000.0
713864,180000.0
713866,145000.0
713868,216000.0
713878,108000.0
713881,159000.0
713897,128000.0
713934,209000.0
713939,112000.0
713950,277000.0
713991,109000.0
713993,79000.0
714003,182000.0
714017,157000.0
714021,166000.0
714026,656000.0
714064,79000.0
714174,89000.0
714196,206000.0
714262,391000.0
714353,165000.0
714369,116000.0
714374,259000.0
714385,169000.0
714393,771000.0
714398,333000.0
714412,190000.0
714415,117000.0
714417,427000.0
714430,143000.0
714507,120000.0
714555,89000.0
714586,280000.0
714587,181000.0
714609,150000.0
714636,200000.0
714676,55000.0
714689,124000.0
714713,283000.0
714721,164000.0
714725,176000.0
714774,102000.0
714784,163000.0
714821,144000.0
714833,269000.0
714858,174000.0
714864,202000.0
714871,105000.0
714874,427000.0
714890,188000.0
714911,114000.0
714930,271000.0
714957,160000.0
714970,102000.0
715017,195000.0
715034,203000.0
715036,452000.0
715051,166000.0
715078,106000.0
715080,123000.0
715127,229000.0
715142,107000.0
715176,188000.0
715189,129000.0
715195,155000.0
715196,97000.0
715264,104000.0
715291,138000.0
715295,223000.0
715297,303000.0
715305,67000.0
715309,116000.0
715319,177000.0
715321,118000.0
715381,105000.0
715383,187000.0
715402,262000.0
715413,373000.0
715440,196000.0
715490,99000.0
715496,197000.0
715529,60000.0
715546,165000.0
715580,97000.0
715584,180000.0
715594,177000.0
715611,216000.0
715628,289000.0
715643,128000.0
715645,221000.0
715666,207000.0
715669,84000.0
715756,155000.0
715761,196000.0
715771,150000.0
715775,150000.0
715779,129000.0
715783,81000.0
715789,99000.0
715799,148000.0
715801,248000.0
715802,150000.0
715816,157000.0
715819,89000.0
715854,100000.0
715885,202000.0
715904,166000.0
715909,166000.0
715926,163000.0
715960,176000.0
715975,138000.0
715987,314000.0
715991,94000.0
716004,131000.0
716016,104000.0
716034,350000.0
716036,120000.0
716062,88000.0
716088,74000.0
716090,103000.0
716098,215000.0
716112,121000.0
716122,141000.0
716135,191000.0
716165,102000.0
716198,113000.0
716225,222000.0
716229,170000.0
716230,93000.0
716233,129000.0
716243,178000.0
716251,167000.0
716252,102000.0
716270,99000.0
716289,219000.0
716355,174000.0
716367,195000.0
716371,189000.0
716379,109000.0
716381,174000.0
716388,153000.0
716430,102000.0
716437,131000.0
716439,129000.0
716453,71000.0
716459,178000.0
716475,300000.0
716495,202000.0
716516,258000.0
716564,130000.0
716566,393000.0
716646,165000.0
716652,164000.0
716677,154000.0
716680,140000.0
716696,345000.0
716716,194000.0
716750,337000.0
716759,177000.0
716761,345000.0
716822,147000.0
716839,112000.0
716905,283000.0
716942,149000.0
716964,146000.0
717008,391000.0
717022,136000.0
717046,97000.0
717110,79000.0
717123,379000.0
717146,70000.0
717179,124000.0
717184,191000.0
717187,101000.0
717188,96000.0
717189,188000.0
717195,194000.0
717197,135000.0
717227,107000.0
717270,127000.0
717303,197000.0
717333,125000.0
717335,131000.0
717342,699000.0
717358,121000.0
717374,133000.0
717386,412000.0
717417,142000.0
717491,94000.0
717502,70000.0
717549,229000.0
717570,259000.0
717574,92000.0
717602,226000.0
717626,203000.0
717630,80000.0
717635,230000.0
717641,139000.0
717648,105000.0
717652,84000.0
717689,125000.0
717727,69000.0
717783,187000.0
717808,224000.0
717824,274000.0
717869,155000.0
717986,97000.0
717995,77000.0
717997,247000.0
717999,103000.0
718069,128000.0
718109,200000.0
718113,157000.0
718134,177000.0
718135,159000.0
718144,123000.0
718171,379000.0
718212,151000.0
718229,90000.0
718242,159000.0
718310,160000.0
718329,242000.0
718331,87000.0
718349,425000.0
718436,163000.0
718506,107000.0
718581,192000.0
718620,139000.0
718648,177000.0
718653,143000.0
718675,100000.0
718683,107000.0
718696,93000.0
718697,127000.0
718773,596000.0
718786,143000.0
718806,131000.0
718811,288000.0
718812,218000.0
718841,146000.0
718869,360000.0
718891,522000.0
718902,116000.0
718919,188000.0
718930,251000.0
718970,473000.0
719018,176000.0
719060,208000.0
719062,116000.0
719065,201000.0
719076,333000.0
719091,132000.0
719120,93000.0
719146,206000.0
719186,137000.0
719188,233000.0
719197,127000.0
719201,116000.0
719203,123000.0
719208,123000.0
719210,164000.0
719216,123000.0
719224,112000.0
719246,123000.0
719258,102000.0
719300,215000.0
719334,85000.0
719360,397000.0
719377,275000.0
719415,134000.0
719424,173000.0
719429,271000.0
719445,321000.0
719446,334000.0
719469,440000.0
719503,123000.0
719537,192000.0
719593,102000.0
719616,109000.0
719642,66000.0
719655,453000.0
719693,70000.0
719720,154000.0
719747,154000.0
719748,102000.0
719754,82000.0
719784,105000.0
719794,98000.0
719802,130000.0
719806,97000.0
719810,119000.0
719812,113000.0
719828,151000.0
719833,103000.0
719882,79000.0
719895,137000.0
719909,165000.0
719971,65000.0
720043,164000.0
720108,274000.0
720119,157000.0
720163,84000.0
720166,155000.0
720188,99000.0
720194,156000.0
720274,107000.0
720292,130000.0
720296,135000.0
720304,114000.0
720323,136000.0
720342,296000.0
720348,190000.0
720379,166000.0
720386,192000.0
720388,179000.0
720393,124000.0
720398,195000.0
720403,99000.0
720409,310000.0
720440,126000.0
720450,133000.0
720481,76000.0
720530,156000.0
720534,94000.0
720549,85000.0
720550,100000.0
720609,118000.0
720629,164000.0
720646,143000.0
720649,230000.0
720659,95000.0
720745,224000.0
720753,162000.0
720789,112000.0
720879,216000.0
720899,133000.0
720909,113000.0
720925,364000.0
720932,85000.0
720950,246000.0
720956,95000.0
720964,224000.0
720970,133000.0
720997,162000.0
721019,509000.0
721074,197000.0
721104,151000.0
721128,74000.0
721132,81000.0
721135,80000.0
721138,87000.0
721169,271000.0
721241,118000.0
721303,88000.0
721327,125000.0
721355,160000.0
721380,97000.0
721384,143000.0
721403,152000.0
721426,135000.0
721462,145000.0
721473,92000.0
721548,188000.0
721568,107000.0
721574,146000.0
721579,433000.0
721598,142000.0
721634,156000.0
721647,664000.0
721701,77000.0
721727,123000.0
721746,100000.0
721751,277000.0
721773,127000.0
721806,68000.0
721859,202000.0
721869,377000.0
721922,163000.0
722035,440000.0
722036,440000.0
722125,122000.0
722131,111000.0
722173,93000.0
722181,308000.0
722212,113000.0
722250,93000.0
722257,96000.0
722262,177000.0
722278,306000.0
722288,117000.0
722289,77000.0
722312,168000.0
722332,83000.0
722333,112000.0
722344,99000.0
722356,692000.0
722360,151000.0
722388,142000.0
722430,91000.0
722458,115000.0
722486,126000.0
722515,98000.0
722557,175000.0
722582,290000.0
722592,105000.0
722603,241000.0
722611,225000.0
722612,297000.0
722613,161000.0
722617,92000.0
722639,347000.0
722669,118000.0
722794,191000.0
722805,621000.0
722979,143000.0
722991,390000.0
722996,213000.0
723017,202000.0
723054,163000.0
723133,329000.0
723238,357000.0
723261,200000.0
723269,278000.0
723341,90000.0
723364,283000.0
723370,106000.0
723418,213000.0
723439,129000.0
723497,86000.0
723503,99000.0
723527,112000.0
723559,102000.0
723569,70000.0
723575,78000.0
723590,175000.0
723636,118000.0
723646,200000.0
723662,73000.0
723694,832000.0
723703,681000.0
723705,107000.0
723726,465000.0
723746,83000.0
723756,95000.0
723769,179000.0
723775,246000.0
723789,264000.0
723793,125000.0
723826,179000.0
723846,131000.0
723856,85000.0
723936,517000.0
723944,145000.0
723996,77000.0
724017,146000.0
724019,179000.0
724048,122000.0
724049,85000.0
724059,637000.0
724070,652000.0
724209,237000.0
724225,570000.0
724230,154000.0
724234,146000.0
724247,209000.0
724249,184000.0
724273,110000.0
724294,57000.0
724309,68000.0
724315,442000.0
724343,586000.0
724348,339000.0
724352,428000.0
724357,447000.0
724385,123000.0
724424,127000.0
724532,174000.0
724560,150000.0
724606,165000.0
724640,245000.0
724671,127000.0
724797,85000.0
724820,79000.0
724847,110000.0
724947,71000.0
724960,223000.0
724977,121000.0
724987,649000.0
725073,111000.0
725121,337000.0
725177,152000.0
725180,124000.0
725186,116000.0
725367,145000.0
725435,89000.0
725481,143000.0
725560,154000.0
725581,87000.0
725620,192000.0
725646,89000.0
725648,228000.0
725681,228000.0
725683,77000.0
725741,134000.0
725753,140000.0
725778,93000.0
725811,79000.0
725875,361000.0
725997,104000.0
726011,225000.0
726050,130000.0
726064,214000.0
726121,64000.0
726144,161000.0
726145,161000.0
726174,129000.0
726332,133000.0
726351,61000.0
726359,168000.0
726443,149000.0
726459,182000.0
726460,109000.0
726461,203000.0
726470,268000.0
726488,80000.0
726491,133000.0
726518,71000.0
726642,441000.0
726643,94000.0
726678,91000.0
726698,69000.0
726797,49000.0
726850,75000.0
726887,114000.0
726898,164000.0
726904,528000.0
726915,206000.0
726976,237000.0
727014,120000.0
727021,135000.0
727064,123000.0
727101,288000.0
727114,63000.0
727129,72000.0
727142,114000.0
727160,86000.0
727168,291000.0
727178,77000.0
727188,76000.0
727198,83000.0
727202,163000.0
727275,75000.0
727322,120000.0
727334,226000.0
727345,228000.0
727359,107000.0
727364,81000.0
727433,105000.0
727438,47000.0
727490,100000.0
727503,157000.0
727540,277000.0
727542,88000.0
727585,86000.0
727593,77000.0
727615,110000.0
727627,136000.0
727655,182000.0
727691,140000.0
727694,184000.0
727811,125000.0
727895,181000.0
728058,238000.0
728078,217000.0
728243,251000.0
728309,134000.0
728352,100000.0
728363,497000.0
728364,89000.0
728431,462000.0
728500,96000.0
728503,149000.0
728529,746000.0
728582,155000.0
728586,123000.0
728694,322000.0
728709,133000.0
728713,157000.0
728796,121000.0
728798,192000.0
728926,117000.0
728950,105000.0
728966,119000.0
728985,111000.0
729017,110000.0
729075,381000.0
729111,265000.0
729119,98000.0
729136,120000.0
729148,348000.0
729174,157000.0
729177,92000.0
729181,152000.0
729203,111000.0
729210,359000.0
729226,118000.0
729265,106000.0
729341,69000.0
729380,206000.0
729400,126000.0
729445,148000.0
729455,219000.0
729464,112000.0
729510,301000.0
729514,116000.0
729528,219000.0
729536,115000.0
729540,224000.0
729554,149000.0
729607,175000.0
729608,74000.0
729625,173000.0
729641,270000.0
729644,86000.0
729663,330000.0
729721,727000.0
729768,190000.0
729773,98000.0
729782,222000.0
729789,214000.0
729812,148000.0
729831,151000.0
729845,112000.0
729990,99000.0
730059,112000.0
730106,168000.0
730114,57000.0
730131,83000.0
730151,95000.0
730265,75000.0
730294,116000.0
730332,152000.0
730363,286000.0
730414,113000.0
730524,98000.0
730596,138000.0
730640,136000.0
730686,94000.0
730881,155000.0
730894,144000.0
730939,155000.0
731035,130000.0
731059,90000.0
731100,58000.0
731187,109000.0
731206,214000.0
731217,186000.0
731226,186000.0
731245,328000.0
731327,345000.0
731364,69000.0
731419,105000.0
731420,97000.0
731429,164000.0
731450,97000.0
731474,122000.0
731507,117000.0
731508,127000.0
731588,84000.0
731696,80000.0
731757,322000.0
731801,696000.0
731833,74000.0
731851,75000.0
731874,504000.0
732027,158000.0
732100,87000.0
732211,130000.0
732262,107000.0
732403,104000.0
732408,211000.0
732440,151000.0
732456,263000.0
732495,163000.0
732512,190000.0
732513,147000.0
732518,70000.0
732657,137000.0
732818,88000.0
732911,141000.0
732929,107000.0
732954,92000.0
732965,112000.0
732970,123000.0
732998,115000.0
733071,148000.0
733086,137000.0
733135,301000.0
733209,85000.0
733485,331000.0
733560,145000.0
733655,88000.0
733708,115000.0
733722,77000.0
733753,76000.0
733774,122000.0
733855,96000.0
733856,119000.0
733903,139000.0
733907,87000.0
733919,96000.0
734011,80000.0
734023,143000.0
734094,153000.0
734149,294000.0
734159,69000.0
734160,145000.0
734181,110000.0
734275,160000.0
734658,263000.0
734708,201000.0
734725,201000.0
734836,200000.0
735000,213000.0
735007,144000.0
735055,231000.0
735124,100000.0
735158,77000.0
735189,102000.0
735216,147000.0
735230,171000.0
735232,120000.0
735250,262000.0
735298,120000.0
735355,175000.0
735484,109000.0
735490,270000.0
735491,106000.0
735493,101000.0
735505,108000.0
735533,125000.0
735555,155000.0
735561,72000.0
735562,101000.0
735614,125000.0
735627,96000.0
735634,260000.0
735698,76000.0
735797,247000.0
735802,189000.0
735891,73000.0
735983,97000.0
736002,170000.0
736030,109000.0
736051,68000.0
736089,79000.0
736143,380000.0
736169,87000.0
736175,226000.0
736225,231000.0
736311,73000.0
736320,178000.0
736337,112000.0
736397,206000.0
736443,101000.0
736489,96000.0
736635,51000.0
736651,541000.0
736721,170000.0
736740,88000.0
736799,202000.0
736983,160000.0
737015,158000.0
737075,126000.0
737150,136000.0
737209,137000.0
737263,208000.0
737285,83000.0
737397,155000.0
737458,235000.0
737514,188000.0
737665,330000.0
737976,236000.0
738028,163000.0
738143,129000.0
738160,138000.0
738192,75000.0
738314,394000.0
738320,96000.0
738381,179000.0
738406,69000.0
738433,116000.0
738489,87000.0
738491,90000.0
738574,142000.0
738723,209000.0
738880,118000.0
738920,122000.0
739033,219000.0
739042,71000.0
739182,71000.0
739254,97000.0
739359,183000.0
739360,183000.0
739364,161000.0
739430,96000.0
739497,105000.0
739563,146000.0
739581,265000.0
739670,147000.0
739702,63000.0
739717,98000.0
739824,201000.0
740070,255000.0
740158,104000.0
740377,78000.0
740499,129000.0
740572,162000.0
740609,164000.0
740798,287000.0
740914,453000.0
740915,241000.0
740917,168000.0
740932,95000.0
740974,161000.0
740993,95000.0
740998,95000.0
741000,95000.0
741002,95000.0
741008,95000.0
741036,325000.0
741047,305000.0
741111,788000.0
741171,133000.0
741174,240000.0
741203,156000.0
741205,158000.0
741232,141000.0
741270,151000.0
741294,119000.0
741312,177000.0
741313,543000.0
741329,94000.0
741401,208000.0
741416,212000.0
741433,90000.0
741457,222000.0
741533,171000.0
741591,134000.0
741682,176000.0
741699,45000.0
741808,213000.0
741810,214000.0
741811,235000.0
741813,235000.0
741824,145000.0
741842,132000.0
741844,130000.0
741999,205000.0
742049,150000.0
742278,131000.0
742444,95000.0
742500,96000.0
742512,180000.0
742534,57000.0
742552,266000.0
742592,142000.0
742595,365000.0
742813,189000.0
742839,73000.0
743024,107000.0
743072,115000.0
743084,99000.0
743131,75000.0
743197,186000.0
743226,159000.0
743233,176000.0
743243,105000.0
743310,153000.0
743424,138000.0
743645,106000.0
743678,86000.0
743689,226000.0
743736,104000.0
743938,59000.0
744009,69000.0
744134,179000.0
744142,144000.0
744196,148000.0
744806,112000.0
744824,189000.0
744870,297000.0
744879,114000.0
744924,89000.0
745039,104000.0
745099,734000.0
745109,230000.0
745286,292000.0
745287,292000.0
745364,102000.0
745581,152000.0
745614,97000.0
745630,198000.0
745696,426000.0
745726,82000.0
745763,139000.0
745819,129000.0
745898,254000.0
745924,172000.0
745960,65000.0
746269,72000.0
746297,331000.0
746353,126000.0
746361,149000.0
746390,154000.0
746450,84000.0
746513,440000.0
746565,146000.0
746720,351000.0
746732,141000.0
746769,860000.0
746790,264000.0
746846,125000.0
746847,125000.0
746901,298000.0
747013,173000.0
747015,254000.0
747085,65000.0
747090,250000.0
747139,81000.0
747310,145000.0
747474,179000.0
747521,132000.0
747537,122000.0
747736,151000.0
747743,158000.0
747759,102000.0
747810,157000.0
747995,104000.0
748013,85000.0
748040,334000.0
748058,212000.0
748060,212000.0
748073,188000.0
748106,163000.0
748145,199000.0
748150,431000.0
748172,165000.0
748287,128000.0
748308,112000.0
748311,183000.0
748429,68000.0
748523,101000.0
748544,186000.0
748713,150000.0
748836,187000.0
748845,159000.0
748856,129000.0
748895,177000.0
748962,293000.0
749165,123000.0
749218,168000.0
749232,103000.0
749255,195000.0
749452,102000.0
749483,140000.0
749497,109000.0
749502,190000.0
749504,171000.0
749521,212000.0
749571,215000.0
749671,283000.0
749821,248000.0
749975,75000.0
750049,200000.0
750155,114000.0
750174,135000.0
750408,66000.0
750418,165000.0
750441,119000.0
750475,500000.0
750559,129000.0
750579,103000.0
750669,129000.0
750683,112000.0
750740,189000.0
750956,198000.0
751319,57000.0
751352,212000.0
751396,251000.0
751416,87000.0
751421,246000.0
751442,117000.0
751459,71000.0
751587,74000.0
751714,114000.0
751886,119000.0
751971,177000.0
752242,203000.0
752254,101000.0
752310,51000.0
752576,231000.0
752705,58000.0
752895,72000.0
752914,432000.0
752994,82000.0
753036,212000.0
753099,144000.0
753188,93000.0
753196,153000.0
753234,126000.0
753289,212000.0
753295,212000.0
753297,212000.0
753387,212000.0
753393,212000.0
753395,212000.0
753397,212000.0
753399,212000.0
753402,212000.0
753404,212000.0
753405,212000.0
753406,115000.0
753602,105000.0
753948,148000.0
754108,88000.0
754112,66000.0
754292,439000.0
754384,108000.0
754763,107000.0
754978,122000.0
754995,45000.0
755014,227000.0
755055,110000.0
755065,157000.0
755138,204000.0
755226,175000.0
755447,112000.0
755448,112000.0
755575,77000.0
755674,112000.0
755809,263000.0
755892,95000.0
756308,112000.0
756620,86000.0
756836,500000.0
757366,191000.0
757425,73000.0
757539,132000.0
757668,121000.0
757758,178000.0
757792,106000.0
757925,73000.0
757991,126000.0
758122,88000.0
758135,129000.0
758325,178000.0
758344,184000.0
758410,71000.0
758601,76000.0
758674,191000.0
758911,95000.0
759246,95000.0
759339,129000.0
759621,214000.0
759656,286000.0
759823,169000.0
759982,101000.0
760071,191000.0
760135,91000.0
760172,82000.0
760262,173000.0
760514,151000.0
760522,79000.0
760523,79000.0
760607,110000.0
760760,88000.0
760878,127000.0
761015,124000.0
761078,85000.0
761137,140000.0
761182,118000.0
761221,223000.0
761226,124000.0
761245,163000.0
761273,175000.0
761281,110000.0
761297,287000.0
761298,92000.0
761312,77000.0
761418,313000.0
761437,74000.0
761449,105000.0
761451,141000.0
761462,107000.0
761597,105000.0
761616,93000.0
761631,65000.0
761638,246000.0
761660,187000.0
761662,93000.0
761734,107000.0
761737,107000.0
761773,163000.0
761775,163000.0
761781,163000.0
761783,163000.0
761870,119000.0
761928,107000.0
762020,97000.0
762104,101000.0
762106,108000.0
762135,112000.0
762140,191000.0
762146,122000.0
762260,283000.0
762277,89000.0
762395,73000.0
762467,96000.0
762485,135000.0
762509,106000.0
762528,183000.0
762572,116000.0
762642,102000.0
762673,166000.0
762782,151000.0
762792,98000.0
762828,152000.0
762848,131000.0
762862,96000.0
762894,105000.0
762903,234000.0
762924,71000.0
762929,148000.0
762937,63000.0
762941,172000.0
762951,146000.0
762959,154000.0
762965,123000.0
762986,63000.0
763016,277000.0
763021,239000.0
763034,174000.0
763065,81000.0
763068,614000.0
763073,175000.0
763090,213000.0
763152,110000.0
763153,110000.0
763212,194000.0
763270,111000.0
763279,192000.0
763299,252000.0
763300,252000.0
763314,89000.0
763332,112000.0
763333,112000.0
763334,113000.0
763337,112000.0
763338,115000.0
763348,111000.0
763349,87000.0
763351,103000.0
763389,128000.0
763421,109000.0
763424,105000.0
763429,109000.0
763431,96000.0
763433,70000.0
763435,108000.0
763438,107000.0
763439,71000.0
763446,103000.0
763447,67000.0
763448,103000.0
763449,106000.0
763450,105000.0
763452,104000.0
763453,67000.0
763454,103000.0
763457,108000.0
763458,111000.0
763460,66000.0
763464,103000.0
763466,110000.0
763528,98000.0
763572,124000.0
763575,84000.0
763576,173000.0
763591,413000.0
763627,87000.0
763628,223000.0
763629,222000.0
763631,86000.0
763633,86000.0
763634,86000.0
763653,121000.0
763684,85000.0
763733,98000.0
763744,86000.0
763764,209000.0
763781,95000.0
763788,100000.0
763797,86000.0
763842,198000.0
763856,54000.0
763925,115000.0
763942,184000.0
764037,98000.0
764042,110000.0
764044,110000.0
764047,110000.0
764052,110000.0
764103,90000.0
764132,201000.0
764192,47000.0
764215,85000.0
764263,607000.0
764332,129000.0
764347,127000.0
764361,254000.0
764368,729000.0
764413,231000.0
764414,197000.0
764496,166000.0
764544,214000.0
764737,63000.0
764777,88000.0
764797,70000.0
764822,170000.0
764827,157000.0
764828,68000.0
764836,76000.0
764862,86000.0
764907,248000.0
764910,122000.0
764922,102000.0
764946,136000.0
764999,559000.0
765049,132000.0
765056,87000.0
765097,160000.0
765112,140000.0
765115,139000.0
765282,83000.0
765294,107000.0
765352,206000.0
765358,74000.0
765365,84000.0
765396,121000.0
765440,194000.0
765475,87000.0
765494,191000.0
765496,191000.0
765520,126000.0
765527,336000.0
765571,634000.0
765572,628000.0
765599,94000.0
765625,179000.0
765669,170000.0
765676,203000.0
765686,73000.0
765756,191000.0
765760,191000.0
765768,337000.0
765786,85000.0
765832,135000.0
765840,81000.0
765853,191000.0
765854,191000.0
765869,83000.0
765883,116000.0
765884,74000.0
765913,459000.0
765938,71000.0
766020,74000.0
766039,105000.0
766052,226000.0
766076,288000.0
766102,88000.0
766103,165000.0
766106,91000.0
766110,85000.0
766114,122000.0
766137,74000.0
766140,132000.0
766142,324000.0
766151,95000.0
766163,260000.0
766185,79000.0
766212,96000.0
766222,195000.0
766225,151000.0
766250,92000.0
766251,155000.0
766253,92000.0
766259,67000.0
766272,155000.0
766300,172000.0
766328,77000.0
766392,115000.0
766404,86000.0
766416,130000.0
766459,151000.0
766463,70000.0
766464,188000.0
766479,129000.0
766501,156000.0
766550,83000.0
766648,83000.0
766782,99000.0
766785,355000.0
766808,89000.0
766824,71000.0
766883,100000.0
766891,88000.0
766923,61000.0
766951,65000.0
766977,88000.0
766984,406000.0
766998,110000.0
767008,380000.0
767009,73000.0
767047,96000.0
767056,112000.0
767092,359000.0
767132,216000.0
767229,251000.0
767253,136000.0
767260,136000.0
767290,96000.0
767319,227000.0
767321,88000.0
767366,190000.0
767405,85000.0
767407,88000.0
767409,86000.0
767414,73000.0
767465,157000.0
767487,102000.0
767512,114000.0
767558,249000.0
767705,260000.0
767856,120000.0
768002,153000.0
768343,137000.0
768717,97000.0
768790,78000.0
768981,182000.0
769002,67000.0
769155,108000.0
769216,119000.0
769226,103000.0
769575,105000.0
769599,119000.0
769768,76000.0
769812,119000.0
769898,223000.0
769957,59000.0
770294,97000.0
770295,82000.0
770484,211000.0
770520,161000.0
770523,83000.0
770558,111000.0
770682,129000.0
770744,101000.0
770751,109000.0
770765,157000.0
770777,281000.0
770786,124000.0
770972,190000.0
771112,90000.0
771113,132000.0
771117,98000.0
771118,99000.0
771333,226000.0
771397,286000.0
771816,226000.0
771858,138000.0
772028,94000.0
772107,150000.0
772213,98000.0
772214,72000.0
774481,152000.0
774546,88000.0
774699,91000.0
774950,214000.0
775137,229000.0
775139,153000.0
775393,106000.0
775537,153000.0
775560,129000.0
775652,100000.0
775907,74000.0
776742,157000.0
776780,258000.0
776781,167000.0
776783,129000.0
776981,634000.0
777103,109000.0
777106,668000.0
777107,124000.0
777108,87000.0
777110,623000.0
777117,579000.0
777118,516000.0
777121,551000.0
777123,669000.0
777125,621000.0
777210,270000.0
777453,204000.0
777462,113000.0
777464,113000.0
777489,79000.0
777572,236000.0
778274,168000.0
778564,188000.0
778634,149000.0
778678,64000.0
778689,201000.0
778791,86000.0
778830,112000.0
778851,107000.0
778906,146000.0
778948,133000.0
778949,80000.0
778952,96000.0
778953,94000.0
778956,155000.0
778970,100000.0
778976,209000.0
779003,271000.0
779077,157000.0
779114,74000.0
779141,87000.0
779149,292000.0
779215,60000.0
779288,102000.0
779384,101000.0
779391,95000.0
779392,75000.0
779393,205000.0
779705,93000.0
779738,177000.0
779782,164000.0
779867,387000.0
779904,192000.0
779938,163000.0
779977,107000.0
779984,74000.0
780002,650000.0
780020,333000.0
780073,82000.0
780093,86000.0
780095,133000.0
780214,115000.0
780253,87000.0
780353,181000.0
780376,70000.0
780395,83000.0
780419,79000.0
780420,109000.0
780421,109000.0
780564,134000.0
780596,178000.0
780669,114000.0
780694,122000.0
780702,119000.0
780715,117000.0
780724,86000.0
780846,231000.0
780856,177000.0
780863,90000.0
780900,175000.0
780951,134000.0
781145,82000.0
781275,177000.0
781371,93000.0
781416,62000.0
781559,96000.0
781563,129000.0
781572,103000.0
781698,82000.0
781700,74000.0
781825,87000.0
781843,145000.0
781844,145000.0
781845,145000.0
781846,145000.0
781854,116000.0
781859,466000.0
781860,444000.0
781866,85000.0
781946,187000.0
781982,152000.0
782181,180000.0
782201,130000.0
782394,101000.0
782416,151000.0
782443,162000.0
782452,118000.0
782561,94000.0
782627,167000.0
782642,198000.0
782665,96000.0
782671,81000.0
782675,182000.0
782693,69000.0
782705,98000.0
782706,175000.0
782708,141000.0
782717,944000.0
782722,117000.0
782761,66000.0
782782,99000.0
782785,95000.0
782849,87000.0
782946,74000.0
783038,81000.0
783051,135000.0
783056,137000.0
783125,159000.0
783130,171000.0
783231,74000.0
783260,550000.0
783421,291000.0
783512,120000.0
783559,90000.0
783604,297000.0
783607,600000.0
783636,116000.0
783654,94000.0
783811,85000.0
783914,172000.0
783951,120000.0
783978,178000.0
783979,178000.0
784000,329000.0
784012,103000.0
784167,116000.0
784275,87000.0
784431,98000.0
784568,103000.0
784570,133000.0
784737,86000.0
784762,126000.0
784768,80000.0
784842,118000.0
785009,225000.0
785082,85000.0
785261,158000.0
785408,91000.0
785455,61000.0
785514,157000.0
785588,284000.0
785808,115000.0
785820,112000.0
785970,194000.0
785973,194000.0
786182,119000.0
786183,93000.0
786346,201000.0
786447,144000.0
786450,144000.0
786451,144000.0
786452,144000.0
786456,144000.0
786457,144000.0
786484,144000.0
786521,264000.0
786587,121000.0
786628,699000.0
786831,189000.0
786859,80000.0
787068,79000.0
787151,88000.0
787208,178000.0
787215,277000.0
787216,265000.0
787276,320000.0
787281,342000.0
787289,95000.0
787291,554000.0
787331,106000.0
787343,60000.0
787361,162000.0
787369,161000.0
787382,70000.0
787385,177000.0
787401,214000.0
787405,146000.0
787411,83000.0
787454,61000.0
787485,54000.0
787486,54000.0
787489,54000.0
787490,54000.0
787528,207000.0
787529,211000.0
787533,152000.0
787535,140000.0
787538,117000.0
787555,112000.0
787614,82000.0
787634,113000.0
787684,149000.0
787868,1002000.0
788008,206000.0
788356,68000.0
788577,355000.0
788645,155000.0
788730,132000.0
788820,117000.0
788990,107000.0
788994,121000.0
789179,671000.0
789327,93000.0
789333,89000.0
789339,363000.0
789374,104000.0
789389,149000.0
789555,153000.0
789568,70000.0
789619,121000.0
789638,87000.0
789709,89000.0
789843,215000.0
789881,277000.0
789964,253000.0
789966,109000.0
790026,182000.0
790038,216000.0
790115,92000.0
790170,77000.0
790184,101000.0
790414,81000.0
790625,201000.0
790725,214000.0
790798,109000.0
790912,117000.0
790918,113000.0
790939,101000.0
791067,124000.0
791077,115000.0
791182,227000.0
791219,201000.0
791221,115000.0
791296,89000.0
791314,286000.0
791379,100000.0
791445,151000.0
791581,296000.0
791589,147000.0
791600,147000.0
791608,296000.0
791617,147000.0
791813,132000.0
791869,155000.0
791870,107000.0
792315,100000.0
792695,157000.0
793171,115000.0
793172,85000.0
793391,358000.0
793620,78000.0
793722,106000.0
793967,100000.0
794344,134000.0
794498,147000.0
794573,81000.0
794576,89000.0
794897,325000.0
794968,76000.0
796060,164000.0
796252,139000.0
796300,169000.0
796537,180000.0
796582,522000.0
797433,110000.0
797488,100000.0
797489,71000.0
797540,153000.0
797866,67000.0
798010,358000.0
798026,100000.0
799178,105000.0
799179,105000.0
799190,105000.0
799234,262000.0
799315,477000.0
799472,174000.0
799498,104000.0
799561,112000.0
799652,100000.0
799732,177000.0
800022,70000.0
800237,91000.0
800456,116000.0
800963,241000.0
801193,44000.0
801250,59000.0
801281,68000.0
801487,137000.0
801497,90000.0
801503,128000.0
801504,83000.0
801727,136000.0
801954,127000.0
802096,100000.0
802163,90000.0
802196,278000.0
802200,118000.0
802270,89000.0
802271,74000.0
802331,129000.0
802349,93000.0
802375,99000.0
802688,71000.0
803023,152000.0
803138,70000.0
803310,78000.0
803839,78000.0
803941,101000.0
804236,101000.0
804237,183000.0
804318,83000.0
804335,83000.0
804516,175000.0
804572,76000.0
804611,211000.0
804663,110000.0
804859,96000.0
805515,372000.0
805577,182000.0
806450,152000.0
806493,912000.0
806508,145000.0
806655,79000.0
806775,148000.0
806865,111000.0
806936,179000.0
806937,251000.0
807537,122000.0
807824,92000.0
807826,92000.0
808024,79000.0
808123,111000.0
808180,97000.0
808340,112000.0
808644,111000.0
808647,111000.0
809443,187000.0
809444,212000.0
809711,302000.0
810556,89000.0
810560,164000.0
810574,100000.0
810705,55000.0
811018,68000.0
811028,129000.0
811104,77000.0
811659,235000.0
811817,121000.0
811944,182000.0
812472,151000.0
812587,156000.0
812588,202000.0
812762,105000.0
812914,113000.0
813322,174000.0
813323,174000.0
813324,174000.0
813361,382000.0
813430,162000.0
813750,387000.0
813797,98000.0
813800,105000.0
814059,158000.0
814159,253000.0
814247,141000.0
814306,401000.0
814308,101000.0
814310,90000.0
814313,113000.0
814338,116000.0
814378,144000.0
814381,146000.0
814390,257000.0
814448,134000.0
814449,134000.0
815043,168000.0
815287,83000.0
815582,227000.0
815585,236000.0
815640,474000.0
816479,91000.0
816525,81000.0
816552,110000.0
816589,169000.0
816592,77000.0
816594,178000.0
816608,66000.0
816611,121000.0
816676,122000.0
816679,122000.0
816850,77000.0
816967,261000.0
816968,267000.0
816969,275000.0
816972,285000.0
816974,154000.0
817091,188000.0
817550,295000.0
817647,112000.0
817658,185000.0
817662,92000.0
817752,87000.0
817883,229000.0
817978,139000.0
818057,114000.0
818059,344000.0
818170,207000.0
818217,134000.0
818229,135000.0
818316,343000.0
818405,94000.0
818412,89000.0
818488,221000.0
818498,219000.0
818519,221000.0
818520,221000.0
818601,470000.0
818620,166000.0
818629,303000.0
818668,110000.0
818906,180000.0
818951,91000.0
818981,74000.0
819022,91000.0
819052,139000.0
819088,92000.0
819090,156000.0
819154,112000.0
819224,148000.0
819477,182000.0
819505,143000.0
819532,80000.0
819599,87000.0
819624,145000.0
819689,128000.0
819690,128000.0
819694,128000.0
819729,142000.0
819737,88000.0
819839,231000.0
819946,193000.0
820010,112000.0
820047,145000.0
820221,170000.0
820343,143000.0
820369,142000.0
820444,384000.0
820485,75000.0
820520,84000.0
820534,305000.0
820549,96000.0
820550,132000.0
820560,169000.0
820576,71000.0
820608,315000.0
820640,67000.0
820668,154000.0
820672,71000.0
820758,113000.0
820763,171000.0
820797,178000.0
820936,146000.0
821001,93000.0
821049,89000.0
821050,90000.0
821087,125000.0
821251,127000.0
821372,118000.0
821381,118000.0
821423,103000.0
821616,79000.0
821664,108000.0
821715,66000.0
821753,130000.0
821791,85000.0
821800,158000.0
821820,106000.0
821825,98000.0
821826,863000.0
821876,114000.0
821888,103000.0
821895,111000.0
822024,86000.0
822169,64000.0
822190,265000.0
822347,121000.0
822354,164000.0
822421,208000.0
822422,338000.0
822432,225000.0
822445,84000.0
822453,98000.0
822456,386000.0
822457,86000.0
822552,185000.0
822622,179000.0
822624,179000.0
822635,74000.0
822656,192000.0
822684,177000.0
822688,84000.0
822777,90000.0
822785,187000.0
822858,82000.0
822880,245000.0
822882,188000.0
822883,217000.0
822930,159000.0
823118,125000.0
823126,85000.0
823190,122000.0
823243,150000.0
823305,106000.0
823338,198000.0
823411,245000.0
823441,101000.0
823596,74000.0
823639,159000.0
823761,114000.0
823773,144000.0
823798,114000.0
823815,213000.0
823830,214000.0
823846,217000.0
823949,173000.0
823958,188000.0
824041,88000.0
824138,142000.0
824141,100000.0
824236,162000.0
824250,95000.0
824261,165000.0
824528,114000.0
824533,114000.0
824564,84000.0
824568,83000.0
824571,161000.0
824575,145000.0
824602,114000.0
824686,100000.0
824788,226000.0
824810,158000.0
824857,114000.0
824886,81000.0
824906,150000.0
825094,102000.0
825107,162000.0
825186,151000.0
825386,159000.0
825462,66000.0
825470,124000.0
825472,124000.0
825473,122000.0
825700,142000.0
825862,169000.0
825950,320000.0
826171,147000.0
826173,147000.0
826309,222000.0
826322,228000.0
826408,451000.0
826453,77000.0
826522,147000.0
826555,184000.0
826607,127000.0
826650,162000.0
826863,103000.0
826864,119000.0
826881,143000.0
826893,271000.0
826896,96000.0
826968,110000.0
826977,110000.0
827191,84000.0
827214,137000.0
827230,157000.0
827234,110000.0
827325,210000.0
827359,126000.0
827399,128000.0
827481,220000.0
827619,101000.0
827688,147000.0
827711,461000.0
827954,268000.0
828025,62000.0
828031,191000.0
828082,115000.0
828144,93000.0
828174,93000.0
828265,103000.0
828273,106000.0
828285,165000.0
828351,295000.0
828477,91000.0
828604,149000.0
828623,105000.0
828718,300000.0
828750,116000.0
828793,263000.0
828812,122000.0
828827,119000.0
828862,238000.0
828965,186000.0
829067,91000.0
829087,153000.0
829171,754000.0
829240,208000.0
829278,75000.0
829282,227000.0
829293,77000.0
829295,128000.0
829318,136000.0
829322,130000.0
829336,148000.0
829344,188000.0
829351,211000.0
829359,198000.0
829367,198000.0
829372,198000.0
829378,198000.0
829383,98000.0
829389,198000.0
829390,120000.0
829395,134000.0
829413,81000.0
829417,188000.0
829419,188000.0
829599,190000.0
829600,234000.0
829612,145000.0
829673,118000.0
829767,232000.0
829883,57000.0
829947,108000.0
830002,130000.0
830122,79000.0
830143,98000.0
830151,87000.0
830160,139000.0
830199,100000.0
830245,209000.0
830262,235000.0
830265,345000.0
830279,311000.0
830280,108000.0
830333,90000.0
830384,83000.0
830410,100000.0
830446,100000.0
830448,88000.0
830535,132000.0
830581,94000.0
830587,152000.0
830702,90000.0
830731,159000.0
830739,90000.0
830764,199000.0
830772,124000.0
830774,124000.0
830971,187000.0
831037,94000.0
831091,249000.0
831105,199000.0
831106,198000.0
831112,100000.0
831247,221000.0
831261,154000.0
831269,156000.0
831321,96000.0
831459,83000.0
831529,59000.0
831628,295000.0
831792,99000.0
831881,185000.0
831882,186000.0
831883,186000.0
831884,186000.0
831910,196000.0
831944,194000.0
831946,236000.0
831947,231000.0
831949,231000.0
831950,231000.0
831960,156000.0
831961,154000.0
831974,228000.0
832022,139000.0
832156,422000.0
832213,207000.0
832254,191000.0
832261,279000.0
832343,64000.0
832367,257000.0
832436,146000.0
832439,187000.0
832460,320000.0
832470,97000.0
832511,86000.0
832513,86000.0
832624,80000.0
832707,128000.0
832726,112000.0
832780,474000.0
832924,152000.0
832953,243000.0
833013,148000.0
833045,194000.0
833051,185000.0
833052,360000.0
833055,185000.0
833056,185000.0
833057,185000.0
833058,185000.0
833091,105000.0
833216,245000.0
833233,130000.0
833350,92000.0
833459,83000.0
833510,132000.0
833525,193000.0
833527,81000.0
833554,612000.0
833634,147000.0
833668,88000.0
833688,242000.0
833789,172000.0
833827,116000.0
833846,160000.0
833858,82000.0
833886,214000.0
833925,78000.0
833968,102000.0
834026,144000.0
834042,407000.0
834049,421000.0
834113,353000.0
834265,96000.0
834280,170000.0
834315,81000.0
834335,102000.0
834341,126000.0
834343,87000.0
834348,82000.0
834350,169000.0
834391,183000.0
834443,145000.0
834451,71000.0
834514,151000.0
834613,329000.0
834616,254000.0
834623,272000.0
834662,81000.0
834702,116000.0
834746,256000.0
834751,251000.0
834764,184000.0
834785,192000.0
834788,168000.0
834836,195000.0
834858,192000.0
834903,264000.0
834917,113000.0
834959,209000.0
835037,83000.0
835090,125000.0
835122,79000.0
835129,180000.0
835137,122000.0
835262,180000.0
835290,140000.0
835307,136000.0
835336,78000.0
835361,81000.0
835388,194000.0
835459,117000.0
835465,174000.0
835522,144000.0
835523,113000.0
835635,115000.0
835651,161000.0
835661,161000.0
835673,110000.0
835692,145000.0
835759,134000.0
835813,369000.0
835814,371000.0
835816,372000.0
835884,460000.0
835965,137000.0
836013,142000.0
836041,97000.0
836103,111000.0
836173,169000.0
836254,304000.0
836316,198000.0
836341,201000.0
836417,96000.0
836550,91000.0
836555,146000.0
836556,124000.0
836559,131000.0
836561,124000.0
836562,87000.0
836563,146000.0
836564,124000.0
836566,89000.0
836735,130000.0
836782,111000.0
836821,165000.0
837005,347000.0
837092,155000.0
837095,155000.0
837197,262000.0
837467,75000.0
837506,161000.0
837521,139000.0
837550,87000.0
837592,96000.0
837618,235000.0
837632,91000.0
837642,146000.0
837658,79000.0
837769,132000.0
837779,132000.0
837784,141000.0
837831,216000.0
837832,105000.0
837836,147000.0
837961,138000.0
838054,90000.0
838186,62000.0
838254,134000.0
838257,143000.0
838287,269000.0
838374,100000.0
838443,499000.0
838471,151000.0
838609,103000.0
838636,115000.0
838681,122000.0
838696,83000.0
838729,165000.0
838745,226000.0
838778,107000.0
838834,65000.0
838840,225000.0
839042,263000.0
839134,217000.0
839179,143000.0
839299,216000.0
839328,153000.0
839358,144000.0
839379,128000.0
839481,87000.0
839688,207000.0
839804,67000.0
839807,67000.0
839857,234000.0
839875,115000.0
839896,79000.0
839906,76000.0
839907,101000.0
839912,84000.0
839923,75000.0
839964,74000.0
840015,161000.0
840075,133000.0
840137,91000.0
840187,99000.0
840267,88000.0
840277,88000.0
840279,88000.0
840282,88000.0
840284,88000.0
840287,88000.0
840313,99000.0
840333,99000.0
840334,135000.0
840337,161000.0
840425,827000.0
840558,323000.0
840569,182000.0
840632,136000.0
840829,101000.0
840859,238000.0
840895,112000.0
840951,79000.0
841008,96000.0
841041,108000.0
841075,127000.0
841077,247000.0
841273,133000.0
841289,214000.0
841313,125000.0
841337,152000.0
841354,291000.0
841376,139000.0
841400,220000.0
841446,133000.0
841484,177000.0
841515,127000.0
841521,107000.0
841536,139000.0
841557,264000.0
841585,89000.0
841696,231000.0
841763,210000.0
841803,123000.0
841851,623000.0
841869,124000.0
841984,150000.0
842034,182000.0
842041,88000.0
842044,116000.0
842056,131000.0
842219,209000.0
842222,103000.0
842243,156000.0
842245,169000.0
842350,169000.0
842357,156000.0
842459,106000.0
842460,352000.0
842623,80000.0
842624,423000.0
842791,158000.0
842797,119000.0
842808,104000.0
842868,153000.0
842953,448000.0
842960,116000.0
843026,51000.0
843041,139000.0
843066,82000.0
843070,63000.0
843072,192000.0
843183,221000.0
843192,98000.0
843194,110000.0
843197,93000.0
843201,98000.0
843205,194000.0
843339,100000.0
843353,153000.0
843397,67000.0
843417,100000.0
843468,122000.0
843471,129000.0
843505,100000.0
843512,101000.0
843536,176000.0
843564,91000.0
843575,87000.0
843622,138000.0
843737,157000.0
843742,91000.0
843767,84000.0
843770,183000.0
843784,90000.0
843794,129000.0
843797,101000.0
843906,75000.0
843914,57000.0
843942,158000.0
843943,78000.0
843979,194000.0
843980,157000.0
843993,107000.0
844008,79000.0
844035,62000.0
844085,141000.0
844097,141000.0
844104,141000.0
844109,154000.0
844110,141000.0
844126,172000.0
844162,107000.0
844165,141000.0
844198,108000.0
844211,115000.0
844233,155000.0
844310,116000.0
844316,77000.0
844329,75000.0
844338,75000.0
844468,215000.0
844503,143000.0
844536,103000.0
844539,102000.0
844564,154000.0
844590,267000.0
844617,134000.0
844640,191000.0
844716,85000.0
844747,93000.0
844748,80000.0
844755,80000.0
844762,80000.0
844789,80000.0
844804,102000.0
844846,247000.0
844847,174000.0
844849,189000.0
844855,247000.0
844856,86000.0
844857,174000.0
844862,189000.0
844886,94000.0
844915,183000.0
844925,122000.0
844991,133000.0
844993,86000.0
845024,97000.0
845033,85000.0
845082,198000.0
845083,230000.0
845096,129000.0
845106,187000.0
845107,105000.0
845121,96000.0
845124,94000.0
845155,155000.0
845166,83000.0
845183,262000.0
845217,138000.0
845244,149000.0
845251,102000.0
845344,93000.0
845370,164000.0
845397,93000.0
845405,212000.0
845471,122000.0
845486,113000.0
845528,115000.0
845534,102000.0
845545,124000.0
845594,119000.0
845685,100000.0
845705,134000.0
845720,168000.0
845802,91000.0
845879,92000.0
845943,156000.0
845962,140000.0
846140,470000.0
846147,595000.0
846152,86000.0
846284,224000.0
846499,111000.0
846556,149000.0
846559,116000.0
846573,83000.0
846575,207000.0
846768,94000.0
846871,179000.0
846968,63000.0
847095,74000.0
847100,64000.0
847161,88000.0
847191,490000.0
847227,86000.0
847230,74000.0
847306,258000.0
847476,135000.0
847537,129000.0
847657,151000.0
847727,128000.0
847766,160000.0
847773,89000.0
847809,231000.0
847861,113000.0
847892,145000.0
847917,268000.0
847950,213000.0
848039,94000.0
848093,88000.0
848095,361000.0
848112,321000.0
848157,123000.0
848164,95000.0
848302,105000.0
848330,241000.0
848365,259000.0
848375,161000.0
848386,117000.0
848437,118000.0
848493,119000.0
848543,139000.0
848549,160000.0
848623,138000.0
848661,188000.0
848707,74000.0
848775,126000.0
848843,281000.0
848978,115000.0
848989,175000.0
849002,109000.0
849024,116000.0
849047,119000.0
849062,157000.0
849064,115000.0
936612,77000.0
936685,140000.0
936696,266000.0
936725,200000.0
936735,59000.0
936772,70000.0
936806,98000.0
936808,143000.0
936854,86000.0
936871,162000.0
936899,145000.0
936915,91000.0
936923,81000.0
936950,254000.0
936973,109000.0
937001,126000.0
937003,177000.0
937056,293000.0
937090,373000.0
937110,157000.0
937130,126000.0
937183,304000.0
937255,129000.0
937276,421000.0
937318,237000.0
937335,146000.0
937337,211000.0
937358,134000.0
937360,134000.0
937362,135000.0
937390,302000.0
937462,164000.0
937472,164000.0
937477,164000.0
937493,226000.0
937518,59000.0
937519,59000.0
937555,63000.0
937658,193000.0
937662,122000.0
937663,93000.0
937665,93000.0
937676,123000.0
937694,129000.0
937735,113000.0
937740,326000.0
937751,193000.0
937776,195000.0
937780,82000.0
937812,82000.0
937813,82000.0
937943,96000.0
938043,153000.0
938056,225000.0
938064,75000.0
938068,71000.0
938080,125000.0
938114,153000.0
938187,78000.0
938204,333000.0
938206,119000.0
938209,98000.0
938212,248000.0
938232,72000.0
938233,68000.0
938349,1228000.0
938350,1087000.0
938351,1656000.0
938354,954000.0
938361,1091000.0
938362,928000.0
938363,1645000.0
938433,1090000.0
938579,301000.0
938635,110000.0
938636,123000.0
938637,84000.0
938639,127000.0
938651,311000.0
938670,100000.0
938703,120000.0
938705,120000.0
938715,184000.0
938733,113000.0
938812,110000.0
938814,112000.0
938894,381000.0
938913,87000.0
938938,223000.0
938957,172000.0
938990,83000.0
939010,147000.0
939028,170000.0
939075,106000.0
939121,159000.0
939133,75000.0
939146,358000.0
939224,83000.0
939227,130000.0
939256,126000.0
939297,545000.0
939305,113000.0
939310,180000.0
939349,141000.0
939360,111000.0
939392,158000.0
939400,177000.0
939409,169000.0
939411,171000.0
939414,170000.0
939420,172000.0
939421,174000.0
939438,456000.0
939494,287000.0
939496,171000.0
939497,169000.0
939501,90000.0
939587,119000.0
939589,114000.0
939629,340000.0
939636,75000.0
939645,126000.0
939650,323000.0
939666,80000.0
939669,397000.0
939711,94000.0
939877,208000.0
939886,114000.0
939890,103000.0
939892,122000.0
939905,89000.0
939930,220000.0
939935,402000.0
939960,210000.0
939964,187000.0
939970,106000.0
940066,72000.0
940094,131000.0
940095,148000.0
940096,262000.0
940118,96000.0
940138,92000.0
940168,102000.0
940172,102000.0
940240,112000.0
940262,76000.0
940282,195000.0
940283,195000.0
940336,124000.0
940389,201000.0
940487,259000.0
940552,230000.0
940571,178000.0
940579,75000.0
940602,386000.0
940627,187000.0
940735,73000.0
940740,138000.0
940742,223000.0
940767,371000.0
940788,176000.0
940807,111000.0
940855,97000.0
940868,121000.0
940875,118000.0
940876,136000.0
940890,763000.0
940950,85000.0
941026,331000.0
941059,265000.0
941089,172000.0
941112,133000.0
941121,315000.0
941123,63000.0
941146,131000.0
941344,102000.0
941346,646000.0
941369,159000.0
941370,156000.0
941373,110000.0
941384,68000.0
941500,93000.0
941524,99000.0
941554,74000.0
941713,107000.0
941780,96000.0
941782,284000.0
941786,97000.0
941790,161000.0
941791,101000.0
941792,123000.0
941793,304000.0
941797,133000.0
941798,133000.0
941801,81000.0
941810,88000.0
941826,144000.0
941843,74000.0
941862,108000.0
941864,118000.0
941867,108000.0
941875,100000.0
941876,108000.0
941881,94000.0
941883,77000.0
941884,115000.0
941891,115000.0
941919,145000.0
941959,148000.0
942057,241000.0
942070,325000.0
942098,210000.0
942103,210000.0
942105,210000.0
942106,105000.0
942109,106000.0
942111,210000.0
942113,143000.0
942115,210000.0
942116,150000.0
942130,103000.0
942139,100000.0
942145,252000.0
942168,172000.0
942177,138000.0
942181,127000.0
942196,186000.0
942210,92000.0
942217,129000.0
942275,130000.0
942370,171000.0
942375,171000.0
942383,215000.0
942415,204000.0
942422,91000.0
942463,58000.0
942469,80000.0
942480,90000.0
942488,94000.0
942583,127000.0
942628,179000.0
942635,110000.0
942636,110000.0
942651,87000.0
942653,394000.0
942655,102000.0
942657,92000.0
942741,576000.0
942753,314000.0
942779,102000.0
942802,67000.0
942843,69000.0
942844,317000.0
942890,306000.0
942964,80000.0
942968,112000.0
942969,112000.0
942985,152000.0
942989,203000.0
942990,177000.0
943022,78000.0
943032,125000.0
943039,692000.0
943044,109000.0
943112,149000.0
943140,113000.0
943141,151000.0
943143,114000.0
943145,85000.0
943149,123000.0
943167,109000.0
943193,162000.0
943238,120000.0
943352,78000.0
943368,94000.0
943373,177000.0
943397,503000.0
943398,197000.0
943402,165000.0
943412,127000.0
943473,179000.0
943478,88000.0
943482,189000.0
943484,168000.0
943489,91000.0
943497,681000.0
943503,186000.0
943504,186000.0
943505,173000.0
943592,64000.0
943684,88000.0
943693,113000.0
943696,405000.0
943698,106000.0
943699,106000.0
943750,339000.0
943756,405000.0
943782,85000.0
943783,74000.0
943810,197000.0
943821,419000.0
943822,191000.0
943872,91000.0
943889,207000.0
943928,74000.0
943939,174000.0
943944,75000.0
943953,147000.0
943954,154000.0
943955,157000.0
943960,125000.0
943964,108000.0
943968,153000.0
943969,153000.0
943985,111000.0
944000,153000.0
944002,100000.0
944018,406000.0
944025,196000.0
944030,129000.0
944101,85000.0
944105,111000.0
944256,421000.0
944265,112000.0
944289,142000.0
944295,148000.0
944305,76000.0
944306,76000.0
944312,76000.0
944341,159000.0
944342,159000.0
944347,112000.0
944360,181000.0
944384,118000.0
944425,199000.0
944434,100000.0
944435,88000.0
944436,88000.0
944442,417000.0
944552,122000.0
944568,182000.0
944662,122000.0
944671,164000.0
944683,117000.0
944887,189000.0
944902,195000.0
944906,160000.0
944913,102000.0
944921,112000.0
944935,118000.0
944942,110000.0
944943,110000.0
944955,271000.0
944967,326000.0
945015,121000.0
945046,152000.0
945082,74000.0
945116,94000.0
945151,169000.0
945180,81000.0
945181,81000.0
945182,149000.0
945273,88000.0
945283,108000.0
945305,81000.0
945332,96000.0
945388,62000.0
945444,161000.0
945448,459000.0
945453,150000.0
945454,234000.0
945470,174000.0
945495,219000.0
945498,219000.0
945505,240000.0
945513,165000.0
945554,162000.0
945590,93000.0
945627,261000.0
945628,269000.0
945629,263000.0
945630,263000.0
945749,123000.0
945790,213000.0
945801,393000.0
945838,132000.0
945839,211000.0
945840,212000.0
945843,92000.0
945880,111000.0
945900,144000.0
945901,147000.0
945902,144000.0
945903,142000.0
945940,90000.0
945942,91000.0
945945,112000.0
945946,111000.0
945952,234000.0
945965,1527000.0
945967,1267000.0
945997,100000.0
945998,309000.0
946016,100000.0
946307,125000.0
946318,295000.0
946327,211000.0
946351,110000.0
946358,128000.0
946373,150000.0
946376,210000.0
946385,168000.0
946386,169000.0
946397,87000.0
946398,104000.0
946401,90000.0
946403,276000.0
946433,73000.0
946446,77000.0
946447,70000.0
946448,134000.0
946462,82000.0
946463,82000.0
946492,106000.0
946496,88000.0
946540,250000.0
946541,184000.0
946591,110000.0
946601,110000.0
946638,335000.0
946640,81000.0
946653,88000.0
946678,567000.0
946687,125000.0
946688,125000.0
946689,118000.0
946716,104000.0
946732,134000.0
946738,122000.0
946746,127000.0
946779,111000.0
946784,107000.0
946788,158000.0
946820,154000.0
946836,111000.0
946870,68000.0
946873,68000.0
946896,132000.0
946944,117000.0
946972,157000.0
946973,150000.0
947007,82000.0
947031,122000.0
947057,163000.0
947141,145000.0
947176,185000.0
947187,198000.0
947206,543000.0
947216,426000.0
947274,593000.0
947300,387000.0
947332,992000.0
947383,91000.0
947395,225000.0
947405,515000.0
947436,79000.0
947473,76000.0
947495,88000.0
947530,138000.0
947537,265000.0
947552,158000.0
947564,195000.0
947584,196000.0
947625,91000.0
947677,549000.0
947689,185000.0
947698,149000.0
947699,218000.0
947700,208000.0
947701,119000.0
947702,109000.0
947725,80000.0
947743,164000.0
947833,223000.0
947872,183000.0
947881,138000.0
947930,111000.0
947977,307000.0
948034,93000.0
948036,93000.0
948039,93000.0
948066,162000.0
948107,300000.0
948115,117000.0
948121,93000.0
948137,198000.0
948148,231000.0
948306,213000.0
948339,400000.0
948361,226000.0
948386,140000.0
948387,140000.0
948388,110000.0
948423,226000.0
948470,121000.0
948479,133000.0
948484,114000.0
948486,160000.0
948598,119000.0
948607,96000.0
948629,134000.0
948630,134000.0
948631,134000.0
948632,134000.0
948633,134000.0
948641,134000.0
948643,134000.0
948651,140000.0
948652,147000.0
948675,74000.0
948740,107000.0
948743,173000.0
948744,123000.0
948745,135000.0
948774,175000.0
948789,372000.0
948807,125000.0
948808,125000.0
948809,101000.0
948813,115000.0
948816,210000.0
948819,210000.0
948830,98000.0
948870,147000.0
948912,85000.0
948941,71000.0
949105,129000.0
949143,243000.0
949144,109000.0
949147,109000.0
949248,175000.0
949250,143000.0
949278,94000.0
949283,195000.0
949293,80000.0
949340,92000.0
949379,73000.0
949426,146000.0
949427,298000.0
949428,188000.0
949431,96000.0
949443,116000.0
949474,187000.0
949492,556000.0
949501,81000.0
949517,112000.0
949518,165000.0
949519,112000.0
949529,92000.0
949544,144000.0
949545,138000.0
949584,127000.0
949592,203000.0
949593,225000.0
949627,123000.0
949651,175000.0
949661,141000.0
949762,154000.0
949815,137000.0
949827,159000.0
949858,163000.0
949933,71000.0
949934,102000.0
949943,162000.0
949960,259000.0
950036,116000.0
950037,115000.0
950038,209000.0
950039,154000.0
950044,83000.0
950060,103000.0
950088,333000.0
950194,121000.0
950227,118000.0
950234,273000.0
950303,210000.0
950339,95000.0
950374,158000.0
950378,56000.0
950382,185000.0
950385,107000.0
950489,257000.0
950576,85000.0
950581,164000.0
950583,154000.0
950584,154000.0
950585,154000.0
950607,117000.0
950630,366000.0
950634,137000.0
950664,80000.0
950671,337000.0
950686,161000.0
950746,76000.0
950751,65000.0
950916,136000.0
951001,98000.0
951065,176000.0
951129,91000.0
951162,228000.0
951195,115000.0
951200,160000.0
951201,185000.0
951405,67000.0
951412,174000.0
951454,136000.0
951460,145000.0
951463,145000.0
951471,169000.0
951553,104000.0
951564,94000.0
951646,145000.0
951663,199000.0
951687,489000.0
951692,73000.0
951704,215000.0
951780,164000.0
951782,156000.0
951915,59000.0
951963,170000.0
951975,131000.0
951988,111000.0
952013,144000.0
952025,705000.0
952036,251000.0
952096,251000.0
952268,142000.0
952271,131000.0
952273,112000.0
952448,245000.0
952466,99000.0
952537,60000.0
952541,156000.0
952545,808000.0
952546,806000.0
952566,79000.0
952651,224000.0
952689,422000.0
952699,273000.0
952773,119000.0
952778,260000.0
952818,393000.0
952900,105000.0
952916,85000.0
953005,146000.0
953024,334000.0
953047,112000.0
953057,127000.0
953161,278000.0
953163,267000.0
953176,65000.0
953177,65000.0
953181,65000.0
953182,65000.0
953227,109000.0
953228,86000.0
953237,426000.0
953293,140000.0
953325,76000.0
953326,75000.0
953330,78000.0
953375,127000.0
953481,124000.0
953486,393000.0
953512,166000.0
953552,252000.0
953564,111000.0
953626,171000.0
953702,267000.0
953744,61000.0
953778,70000.0
953795,151000.0
953797,227000.0
953857,108000.0
953894,356000.0
953920,215000.0
953922,180000.0
953931,86000.0
953965,150000.0
954066,105000.0
954138,224000.0
954190,186000.0
954216,173000.0
954292,173000.0
954302,228000.0
954319,85000.0
954351,459000.0
954413,82000.0
954419,400000.0
954452,493000.0
954503,226000.0
954505,117000.0
954535,72000.0
954548,106000.0
954563,95000.0
954578,169000.0
954584,156000.0
954608,203000.0
954615,83000.0
954627,100000.0
954649,182000.0
954700,330000.0
954717,113000.0
954721,64000.0
954735,160000.0
954747,132000.0
954762,275000.0
954787,187000.0
954809,87000.0
954828,120000.0
954831,80000.0
954867,124000.0
954868,131000.0
954880,126000.0
954892,653000.0
954911,73000.0
954926,368000.0
954928,431000.0
954955,86000.0
954963,276000.0
954972,1330000.0
954992,189000.0
955082,172000.0
955110,149000.0
955132,125000.0
955142,249000.0
955152,160000.0
955153,372000.0
955160,212000.0
955162,63000.0
955164,360000.0
955189,127000.0
955190,130000.0
955207,228000.0
955287,133000.0
955308,223000.0
955309,223000.0
955361,96000.0
955376,107000.0
955429,74000.0
955444,90000.0
955445,204000.0
955456,196000.0
955502,549000.0
955525,242000.0
955528,113000.0
955541,157000.0
955557,197000.0
955562,174000.0
955575,215000.0
955601,238000.0
955609,116000.0
955639,129000.0
955664,184000.0
955682,138000.0
955700,134000.0
955727,187000.0
955782,103000.0
955786,86000.0
955801,220000.0
955815,188000.0
955864,141000.0
955926,333000.0
955932,200000.0
955939,397000.0
955961,185000.0
955974,89000.0
955994,85000.0
956001,91000.0
956005,150000.0
956031,564000.0
956035,90000.0
956036,90000.0
956038,250000.0
956042,90000.0
956044,90000.0
956046,90000.0
956050,90000.0
956051,90000.0
956130,250000.0
956137,78000.0
956144,210000.0
956156,116000.0
956187,117000.0
956223,137000.0
956246,56000.0
956263,196000.0
956304,125000.0
956308,434000.0
956488,96000.0
956523,120000.0
956535,233000.0
956556,108000.0
956558,230000.0
956600,209000.0
956627,431000.0
956631,96000.0
956661,253000.0
956687,70000.0
956694,121000.0
956767,219000.0
956774,67000.0
956907,192000.0
956962,137000.0
956966,70000.0
957053,134000.0
957065,84000.0
957149,239000.0
957192,177000.0
957242,171000.0
957408,87000.0
957420,108000.0
957421,190000.0
957444,111000.0
957446,111000.0
957539,430000.0
957550,80000.0
957566,105000.0
957573,177000.0
957608,118000.0
957648,114000.0
957674,80000.0
957675,80000.0
957676,80000.0
957679,197000.0
957684,83000.0
957685,60000.0
957687,170000.0
957699,147000.0
957708,262000.0
957709,262000.0
957720,92000.0
957724,93000.0
957725,73000.0
957749,82000.0
957758,91000.0
957793,100000.0
957840,119000.0
957852,207000.0
957875,171000.0
957955,121000.0
957967,115000.0
957971,163000.0
957987,90000.0
958016,144000.0
958019,116000.0
958038,162000.0
958045,73000.0
958063,387000.0
958116,112000.0
958119,152000.0
958190,114000.0
958198,171000.0
958259,148000.0
958270,209000.0
958285,69000.0
958288,180000.0
958345,138000.0
958383,108000.0
958422,105000.0
958425,220000.0
958428,256000.0
958430,151000.0
958447,85000.0
958454,81000.0
958455,78000.0
958456,79000.0
958493,94000.0
958512,172000.0
958516,82000.0
958517,151000.0
958519,99000.0
958526,112000.0
958527,165000.0
958533,212000.0
958535,70000.0
958538,100000.0
958565,83000.0
958569,146000.0
958570,85000.0
958572,161000.0
958601,78000.0
958657,150000.0
958666,252000.0
958667,107000.0
958671,138000.0
958675,163000.0
958676,226000.0
958679,173000.0
958693,54000.0
958694,54000.0
958697,54000.0
958698,54000.0
958705,125000.0
958707,216000.0
958770,112000.0
958783,150000.0
958791,211000.0
958792,207000.0
958793,235000.0
958797,116000.0
958799,168000.0
958831,336000.0
958839,287000.0
958896,108000.0
958898,200000.0
958985,132000.0
959021,285000.0
959030,82000.0
959031,143000.0
959060,344000.0
959112,87000.0
959114,165000.0
959117,76000.0
959118,136000.0
959121,100000.0
959122,80000.0
959123,98000.0
959124,171000.0
959125,82000.0
959126,92000.0
959128,82000.0
959129,92000.0
959130,100000.0
959131,136000.0
959133,99000.0
959134,187000.0
959142,98000.0
959153,487000.0
959154,487000.0
959166,111000.0
959224,110000.0
959227,121000.0
959265,74000.0
959323,145000.0
959324,97000.0
959357,197000.0
959362,708000.0
959394,341000.0
959419,165000.0
959433,129000.0
959451,155000.0
959466,193000.0
959468,102000.0
959469,103000.0
959476,186000.0
959683,224000.0
959723,95000.0
959725,96000.0
959726,96000.0
959728,96000.0
959741,192000.0
959742,191000.0
959743,193000.0
959744,191000.0
959757,176000.0
959759,117000.0
959940,122000.0
959967,290000.0
960018,182000.0
960029,315000.0
960058,83000.0
960091,202000.0
960118,105000.0
960163,87000.0
960165,123000.0
960169,95000.0
960226,244000.0
960235,122000.0
960241,73000.0
960274,165000.0
960275,126000.0
960284,90000.0
960286,92000.0
960287,68000.0
960289,92000.0
960290,80000.0
960310,417000.0
960340,111000.0
960362,90000.0
960393,138000.0
960410,84000.0
960431,168000.0
960451,83000.0
960478,320000.0
960529,104000.0
960530,117000.0
960581,82000.0
960597,92000.0
960598,460000.0
960634,138000.0
960687,145000.0
960863,151000.0
960913,101000.0
960931,93000.0
960946,74000.0
960947,103000.0
960983,244000.0
961006,73000.0
961035,335000.0
961042,233000.0
961048,135000.0
961123,149000.0
961141,195000.0
961143,371000.0
961183,138000.0
961216,145000.0
961226,81000.0
961246,152000.0
961256,80000.0
961289,178000.0
961337,92000.0
961387,354000.0
961389,196000.0
961395,88000.0
961408,272000.0
961419,92000.0
961420,92000.0
961421,92000.0
961452,193000.0
961461,192000.0
961478,208000.0
961488,111000.0
961489,130000.0
961522,92000.0
961530,201000.0
961548,114000.0
961574,175000.0
961601,144000.0
961605,118000.0
961608,594000.0
961609,176000.0
961699,273000.0
961715,169000.0
961768,156000.0
961788,188000.0
961789,164000.0
961790,160000.0
961791,104000.0
961792,109000.0
961817,124000.0
961822,265000.0
961854,226000.0
961872,169000.0
961877,207000.0
961882,155000.0
962051,72000.0
962065,459000.0
962066,181000.0
962080,516000.0
962082,169000.0
962083,292000.0
962090,269000.0
962109,164000.0
962116,124000.0
962141,296000.0
962144,296000.0
962159,211000.0
962160,186000.0
962165,58000.0
962176,149000.0
962178,164000.0
962179,143000.0
962180,142000.0
962181,143000.0
962182,94000.0
962184,109000.0
962186,159000.0
962217,108000.0
962219,133000.0
962225,133000.0
962235,372000.0
962236,372000.0
962263,148000.0
962287,402000.0
962316,174000.0
962319,468000.0
962336,147000.0
962412,118000.0
962416,118000.0
962419,122000.0
962438,197000.0
962448,116000.0
962501,202000.0
962520,130000.0
962546,137000.0
962551,111000.0
962559,73000.0
962567,143000.0
962572,123000.0
962579,109000.0
962585,154000.0
962586,157000.0
962591,122000.0
962592,122000.0
962630,87000.0
962635,126000.0
962677,82000.0
962728,115000.0
962755,169000.0
962778,131000.0
962796,195000.0
962835,312000.0
962839,312000.0
962845,122000.0
962907,296000.0
962922,438000.0
963001,146000.0
963003,79000.0
963019,114000.0
963020,142000.0
963022,114000.0
963023,142000.0
963041,78000.0
963049,300000.0
963118,244000.0
963122,280000.0
963130,197000.0
963165,74000.0
963199,192000.0
963205,75000.0
963229,188000.0
963313,407000.0
963314,178000.0
963319,103000.0
963325,88000.0
963327,103000.0
963340,145000.0
963362,114000.0
963366,118000.0
963375,352000.0
963378,155000.0
963381,147000.0
963447,174000.0
963472,199000.0
963488,177000.0
963490,121000.0
963539,354000.0
963651,97000.0
963676,153000.0
963682,80000.0
963837,73000.0
963857,251000.0
963905,245000.0
963929,151000.0
963960,149000.0
963971,904000.0
963973,159000.0
963986,117000.0
964018,133000.0
964048,245000.0
964049,245000.0
964055,166000.0
964098,75000.0
964135,91000.0
964156,113000.0
964157,83000.0
964171,247000.0
964207,102000.0
964208,105000.0
964209,102000.0
964271,208000.0
964304,106000.0
964312,127000.0
964314,351000.0
964333,164000.0
964369,148000.0
964488,257000.0
964527,127000.0
964570,122000.0
964580,556000.0
964591,146000.0
964592,145000.0
964593,150000.0
964595,284000.0
964622,216000.0
964625,144000.0
964642,1000000.0
964705,263000.0
964813,136000.0
964839,347000.0
964849,71000.0
964911,100000.0
964984,115000.0
964997,132000.0
965033,152000.0
965053,84000.0
965089,166000.0
965099,150000.0
965116,132000.0
965131,73000.0
965145,154000.0
965153,145000.0
965176,500000.0
965182,738000.0
965184,144000.0
965201,171000.0
965216,82000.0
965242,83000.0
965260,90000.0
965262,106000.0
965305,189000.0
965315,83000.0
965320,186000.0
965321,247000.0
965322,97000.0
965324,297000.0
965325,138000.0
965326,126000.0
965341,247000.0
965342,489000.0
965346,86000.0
965349,138000.0
965438,94000.0
965466,99000.0
965474,228000.0
965499,140000.0
965515,689000.0
965560,457000.0
965648,155000.0
965688,311000.0
965717,100000.0
965754,441000.0
965792,173000.0
965794,326000.0
965821,584000.0
965856,145000.0
965860,142000.0
965954,201000.0
965967,71000.0
965968,479000.0
965975,155000.0
965981,103000.0
965989,260000.0
965993,165000.0
966015,257000.0
966059,230000.0
966070,113000.0
966074,160000.0
966123,96000.0
966139,121000.0
966205,109000.0
966220,160000.0
966221,184000.0
966238,95000.0
966269,100000.0
966276,144000.0
966385,160000.0
966397,86000.0
966400,124000.0
966406,92000.0
966407,149000.0
966413,134000.0
966548,124000.0
966549,125000.0
966562,181000.0
966579,118000.0
966639,91000.0
966650,79000.0
966654,100000.0
966664,89000.0
966674,88000.0
966692,101000.0
966729,161000.0
966732,410000.0
966736,81000.0
966737,103000.0
966740,90000.0
966773,62000.0
966776,400000.0
966777,99000.0
966785,140000.0
966863,316000.0
966867,179000.0
966884,52000.0
967014,154000.0
967027,128000.0
967032,44000.0
967048,92000.0
967051,169000.0
967073,59000.0
967078,102000.0
967082,75000.0
967103,218000.0
967105,249000.0
967112,123000.0
967117,76000.0
967166,136000.0
967193,98000.0
967213,122000.0
967243,288000.0
967255,175000.0
967256,174000.0
967274,79000.0
967362,303000.0
967411,468000.0
967424,116000.0
967430,179000.0
967440,231000.0
967447,75000.0
967477,124000.0
967478,152000.0
967479,124000.0
967480,152000.0
967481,124000.0
967482,124000.0
967517,219000.0
967546,110000.0
967589,292000.0
967639,143000.0
967656,674000.0
967666,116000.0
967726,116000.0
967727,73000.0
967768,192000.0
967803,207000.0
967816,126000.0
967891,99000.0
967966,159000.0
967985,74000.0
967996,138000.0
968019,216000.0
968035,551000.0
968063,139000.0
968149,379000.0
968159,191000.0
968186,182000.0
968187,186000.0
968188,86000.0
968215,211000.0
968217,122000.0
968228,99000.0
968232,73000.0
968238,133000.0
968240,133000.0
968277,190000.0
968292,132000.0
968333,139000.0
968353,143000.0
968365,80000.0
968442,120000.0
968487,90000.0
968527,295000.0
968535,224000.0
968598,62000.0
968605,372000.0
968628,179000.0
968631,88000.0
968633,89000.0
968723,367000.0
968786,100000.0
968788,69000.0
968812,112000.0
968839,151000.0
968898,199000.0
968899,203000.0
968907,247000.0
968908,140000.0
968942,120000.0
968974,93000.0
968981,179000.0
968986,87000.0
968991,101000.0
969006,115000.0
969040,89000.0
969050,187000.0
969082,298000.0
969083,315000.0
969126,102000.0
969168,138000.0
969211,122000.0
969215,150000.0
969216,123000.0
969312,66000.0
969313,170000.0
969332,103000.0
969338,101000.0
969382,142000.0
969384,163000.0
969386,148000.0
969420,162000.0
969432,221000.0
969434,210000.0
969465,173000.0
969484,162000.0
969486,350000.0
969510,353000.0
969529,116000.0
969551,137000.0
969572,87000.0
969592,100000.0
969597,275000.0
969753,111000.0
969763,118000.0
969791,299000.0
969793,56000.0
969821,73000.0
969838,126000.0
969862,145000.0
969873,281000.0
969882,197000.0
969889,611000.0
969891,117000.0
969926,109000.0
969928,78000.0
969929,78000.0
969933,123000.0
969954,151000.0
970078,108000.0
970079,171000.0
970210,73000.0
970216,75000.0
970312,223000.0
970329,88000.0
970398,240000.0
970400,90000.0
970401,90000.0
970404,90000.0
970405,90000.0
970412,90000.0
970427,145000.0
970442,497000.0
970459,137000.0
970491,228000.0
970585,102000.0
970587,220000.0
970654,322000.0
970657,335000.0
970705,112000.0
970711,118000.0
970714,311000.0
970728,193000.0
970764,222000.0
970771,285000.0
970786,100000.0
970817,129000.0
970868,76000.0
970888,123000.0
970947,105000.0
970961,92000.0
970980,99000.0
970988,271000.0
971011,139000.0
971020,221000.0
971029,94000.0
971033,118000.0
971083,146000.0
971088,97000.0
971102,254000.0
971111,110000.0
971160,224000.0
971222,66000.0
971235,247000.0
971238,132000.0
971248,101000.0
971264,80000.0
971332,213000.0
971401,127000.0
971433,136000.0
971445,198000.0
971483,399000.0
971505,120000.0
971510,95000.0
971557,91000.0
971558,406000.0
971561,167000.0
971563,93000.0
971591,426000.0
971615,423000.0
971627,119000.0
971633,88000.0
971661,325000.0
971666,83000.0
971673,283000.0
971685,168000.0
971688,89000.0
971731,900000.0
971733,298000.0
971748,181000.0
971779,192000.0
971780,78000.0
971794,324000.0
971800,474000.0
971828,68000.0
971852,341000.0
971853,110000.0
971869,154000.0
971893,72000.0
971896,794000.0
971941,107000.0
971953,109000.0
971973,100000.0
971981,756000.0
972061,184000.0
972062,184000.0
972118,76000.0
972189,133000.0
972259,211000.0
972279,142000.0
972291,108000.0
972303,148000.0
972341,110000.0
972396,96000.0
972409,110000.0
972423,116000.0
972428,145000.0
972438,139000.0
972457,96000.0
972463,117000.0
972466,120000.0
972471,186000.0
972475,110000.0
972507,141000.0
972521,798000.0
972525,312000.0
972565,80000.0
972580,128000.0
972715,187000.0
972769,135000.0
972838,104000.0
972842,171000.0
972867,91000.0
972923,145000.0
973030,109000.0
973244,70000.0
973273,193000.0
973296,50000.0
973300,136000.0
973304,130000.0
973322,100000.0
973360,91000.0
973361,206000.0
973392,221000.0
973393,163000.0
973399,87000.0
973409,67000.0
973625,84000.0
973626,89000.0
973674,99000.0
973790,178000.0
973799,545000.0
973800,184000.0
973808,380000.0
973816,170000.0
973848,122000.0
973849,123000.0
973850,110000.0
973852,84000.0
973913,115000.0
973914,115000.0
973919,99000.0
973923,296000.0
973931,123000.0
973933,147000.0
973936,101000.0
973937,101000.0
973938,101000.0
973939,126000.0
973974,98000.0
973997,288000.0
973998,291000.0
974004,78000.0
974009,84000.0
974010,101000.0
974011,109000.0
974029,96000.0
974044,268000.0
974062,252000.0
974122,110000.0
974123,143000.0
974125,105000.0
974128,245000.0
974129,245000.0
974130,245000.0
974132,123000.0
974138,87000.0
974182,117000.0
974209,159000.0
974288,105000.0
974291,321000.0
974321,101000.0
974325,250000.0
974329,104000.0
974335,125000.0
974337,126000.0
974363,183000.0
974365,96000.0
974370,151000.0
974406,150000.0
974407,150000.0
974432,93000.0
974460,172000.0
974472,112000.0
974498,283000.0
974527,182000.0
974566,77000.0
974570,111000.0
974571,81000.0
974605,153000.0
974625,178000.0
974627,104000.0
974737,89000.0
974748,145000.0
974756,203000.0
974802,364000.0
974803,190000.0
974848,93000.0
974863,105000.0
974957,107000.0
974995,125000.0
975004,179000.0
975034,85000.0
975045,102000.0
975064,223000.0
975094,96000.0
975113,399000.0
975121,62000.0
975142,382000.0
975189,343000.0
975204,200000.0
975684,552000.0
975738,602000.0
975893,70000.0
975960,134000.0
975965,120000.0
975971,214000.0
975973,129000.0
976102,133000.0
976136,86000.0
976176,65000.0
976194,98000.0
976223,108000.0
976790,75000.0
976796,95000.0
976831,102000.0
976844,168000.0
976846,109000.0
976869,119000.0
976876,83000.0
976942,108000.0
976948,195000.0
977106,106000.0
977126,104000.0
977160,327000.0
977222,90000.0
977224,90000.0
977232,322000.0
977312,217000.0
977316,86000.0
977321,152000.0
977324,200000.0
977326,185000.0
977344,120000.0
977374,75000.0
977376,301000.0
977377,97000.0
977379,113000.0
977412,118000.0
977458,152000.0
977460,144000.0
977464,107000.0
977488,193000.0
977506,1232000.0
977613,153000.0
977650,80000.0
977652,173000.0
977653,69000.0
977658,548000.0
977661,93000.0
977687,121000.0
977726,103000.0
977754,254000.0
977778,70000.0
977783,67000.0
977790,71000.0
977815,146000.0
977816,149000.0
977850,278000.0
977854,81000.0
977860,324000.0
977892,147000.0
977893,165000.0
977908,192000.0
977923,190000.0
977960,110000.0
977971,82000.0
978147,100000.0
978197,56000.0
978202,153000.0
978203,40000.0
978279,176000.0
978321,125000.0
978322,94000.0
978325,94000.0
978329,111000.0
978331,94000.0
978334,121000.0
978348,141000.0
978375,89000.0
978425,117000.0
978427,131000.0
978429,114000.0
978432,126000.0
978444,316000.0
978449,136000.0
978673,640000.0
978695,134000.0
978730,146000.0
978731,134000.0
978753,82000.0
978765,96000.0
978789,79000.0
978795,181000.0
978858,419000.0
978906,105000.0
978909,390000.0
978910,223000.0
978912,390000.0
978935,144000.0
978958,275000.0
978959,275000.0
978999,560000.0
979014,92000.0
979050,131000.0
979051,131000.0
979084,172000.0
979101,87000.0
979108,113000.0
979121,99000.0
979131,99000.0
979175,116000.0
979191,413000.0
979243,58000.0
979248,125000.0
979249,129000.0
979256,80000.0
979279,70000.0
979282,70000.0
979283,101000.0
979319,143000.0
979358,509000.0
979369,150000.0
979393,119000.0
979403,94000.0
979443,170000.0
979445,90000.0
979447,90000.0
979449,90000.0
979453,90000.0
979457,138000.0
979458,386000.0
979468,127000.0
979551,110000.0
979584,67000.0
979587,202000.0
979595,67000.0
979642,154000.0
979659,90000.0
979665,62000.0
979679,156000.0
979743,102000.0
979750,110000.0
979751,70000.0
979812,106000.0
979832,241000.0
979837,61000.0
979853,222000.0
979854,195000.0
979931,200000.0
980083,210000.0
980197,111000.0
980233,113000.0
980239,87000.0
980240,131000.0
980273,151000.0
980329,233000.0
980330,325000.0
980349,111000.0
980411,526000.0
980460,75000.0
980526,327000.0
980552,136000.0
980564,144000.0
980566,105000.0
980601,204000.0
980692,91000.0
980751,136000.0
980849,101000.0
980863,122000.0
980864,221000.0
980867,105000.0
980942,1013000.0
980981,208000.0
981136,142000.0
981167,108000.0
981169,186000.0
981268,102000.0
981269,102000.0
981270,102000.0
981332,93000.0
981380,82000.0
981464,172000.0
981671,114000.0
981683,968000.0
981684,721000.0
981685,411000.0
981689,399000.0
981696,185000.0
981697,193000.0
981698,144000.0
981699,144000.0
981714,100000.0
981742,92000.0
981894,151000.0
981947,217000.0
982012,86000.0
982055,111000.0
982274,241000.0
982285,130000.0
983029,272000.0
983030,320000.0
983126,146000.0
983170,96000.0
983293,154000.0
983294,158000.0
983298,87000.0
983374,97000.0
983378,171000.0
983651,160000.0
983752,124000.0
984096,78000.0
984122,79000.0
984320,75000.0
984322,171000.0
984733,82000.0
984734,89000.0
984768,317000.0
984892,77000.0
985039,127000.0
985041,330000.0
985042,330000.0
985043,330000.0
985119,202000.0
985151,138000.0
985154,137000.0
985156,191000.0
985159,416000.0
985161,183000.0
985165,969000.0
985166,728000.0
985167,399000.0
985313,182000.0
985320,220000.0
985337,194000.0
985364,110000.0
985407,103000.0
985520,207000.0
985545,94000.0
985670,99000.0
985683,131000.0
985684,125000.0
985767,129000.0
985811,99000.0
985813,93000.0
985814,100000.0
985815,91000.0
985818,94000.0
985840,199000.0
985841,116000.0
985981,226000.0
986056,145000.0
986103,116000.0
986115,96000.0
986139,106000.0
986207,73000.0
986208,72000.0
986212,121000.0
986213,153000.0
986214,150000.0
986274,231000.0
986275,227000.0
986390,118000.0
986417,90000.0
986512,149000.0
986616,95000.0
986618,99000.0
987237,118000.0
987240,143000.0
987247,93000.0
987346,202000.0
987563,203000.0
987614,296000.0
987631,338000.0
987671,183000.0
987844,227000.0
987916,94000.0
987959,149000.0
988030,73000.0
988085,301000.0
988120,79000.0
988128,102000.0
988131,74000.0
988330,277000.0
988404,167000.0
988522,161000.0
988664,111000.0
988763,85000.0
988798,111000.0
988844,135000.0
988874,227000.0
988876,78000.0
988929,129000.0
988942,113000.0
988993,230000.0
989061,79000.0
989298,128000.0
989301,72000.0
989302,236000.0
989305,72000.0
989372,101000.0
989373,101000.0
989378,194000.0
989379,194000.0
989380,75000.0
989419,98000.0
989524,119000.0
989588,142000.0
989589,165000.0
989592,182000.0
989593,181000.0
989666,121000.0
989733,165000.0
989814,103000.0
989873,187000.0
989876,109000.0
989903,64000.0
989933,128000.0
989942,361000.0
989988,87000.0
989990,87000.0
989996,141000.0
990011,132000.0
990133,148000.0
990149,182000.0
990150,108000.0
990151,108000.0
990152,108000.0
990166,176000.0
990272,234000.0
990286,101000.0
990330,96000.0
991069,194000.0
991073,100000.0
991157,105000.0
991199,110000.0
991266,471000.0
991272,553000.0
991278,85000.0
991349,147000.0
991352,186000.0
991425,177000.0
991464,597000.0
991467,105000.0
991468,114000.0
991469,125000.0
991475,92000.0
991477,363000.0
991480,150000.0
991487,385000.0
991490,90000.0
991616,626000.0
991701,150000.0
991703,105000.0
991720,102000.0
991738,172000.0
991812,141000.0
991825,148000.0
991826,177000.0
991832,498000.0
991836,305000.0
991895,97000.0
991908,84000.0
991913,102000.0
991940,97000.0
992565,186000.0
992574,194000.0
992717,195000.0
992721,181000.0
992722,181000.0
992724,94000.0
992726,87000.0
992727,117000.0
992728,89000.0
992745,138000.0
992746,125000.0
992775,164000.0
992783,104000.0
992832,587000.0
992874,119000.0
992899,101000.0
992904,76000.0
992948,101000.0
992977,51000.0
992988,83000.0
993216,91000.0
993459,125000.0
993468,209000.0
993509,137000.0
993527,58000.0
994032,124000.0
994088,360000.0
994215,82000.0
994299,67000.0
994506,132000.0
994507,66000.0
994530,115000.0
994764,136000.0
994812,116000.0
994814,116000.0
994834,116000.0
994906,192000.0
994936,148000.0
994956,128000.0
994960,131000.0
994983,115000.0
994991,130000.0
994995,106000.0
995000,285000.0
995001,131000.0
995007,116000.0
995008,92000.0
995021,85000.0
995031,100000.0
995035,100000.0
995036,100000.0
995042,110000.0
995044,82000.0
995055,149000.0
995057,150000.0
995076,89000.0
995118,178000.0
995133,64000.0
995142,94000.0
995260,128000.0
995313,180000.0
995352,90000.0
995366,70000.0
995437,133000.0
995479,230000.0
995619,161000.0
995646,228000.0
995669,107000.0
995780,87000.0
995874,233000.0
995916,228000.0
995946,116000.0
995947,59000.0
995948,305000.0
996053,146000.0
996103,239000.0
996178,115000.0
996180,183000.0
996184,108000.0
996364,94000.0
996473,624000.0
996581,223000.0
996796,114000.0
996804,167000.0
997041,187000.0
997166,347000.0
997167,295000.0
997168,337000.0
997186,133000.0
997196,111000.0
997244,139000.0
997245,176000.0
997392,143000.0
997403,260000.0
997443,130000.0
997541,544000.0
997542,470000.0
997691,498000.0
997755,97000.0
997773,95000.0
997774,95000.0
997795,140000.0
997808,394000.0
997935,101000.0
998092,179000.0
998095,1182000.0
998098,149000.0
998275,180000.0
998276,82000.0
998376,226000.0
998498,912000.0
998564,78000.0
998567,368000.0
998574,136000.0
998575,165000.0
998577,67000.0
998615,132000.0
998616,86000.0
998620,86000.0
998621,85000.0
998622,100000.0
998624,85000.0
998645,91000.0
998646,81000.0
998649,156000.0
998650,69000.0
998651,68000.0
998862,192000.0
998925,197000.0
999025,282000.0
999050,118000.0
999543,94000.0
999625,97000.0
999712,187000.0
999754,241000.0
999960,123000.0
1000541,115000.0
1000644,562000.0
1000692,256000.0
1000727,111000.0
1001116,174000.0
1001294,231000.0
1001409,224000.0
1001421,156000.0
1001616,125000.0
1001945,125000.0
1001991,188000.0
1002183,127000.0
1002319,272000.0
1002326,208000.0
1002411,105000.0
1002412,70000.0
1002571,401000.0
1002606,495000.0
1002607,495000.0
1002626,186000.0
1002643,134000.0
1002658,77000.0
1002678,554000.0
1002694,168000.0
1002727,101000.0
1002742,141000.0
1002822,142000.0
1002827,131000.0
1002861,112000.0
1002863,112000.0
1002864,112000.0
1002865,112000.0
1003030,408000.0
1003043,167000.0
1003047,195000.0
1003089,117000.0
1003171,410000.0
1003257,130000.0
1003435,516000.0
1003611,146000.0
1003612,127000.0
1003619,97000.0
1003639,212000.0
1003692,82000.0
1003816,149000.0
1003817,546000.0
1003836,129000.0
1003840,221000.0
1003859,220000.0
1003902,93000.0
1003907,190000.0
1003940,75000.0
1003956,320000.0
1003974,122000.0
1003976,122000.0
1003980,122000.0
1003985,290000.0
1003988,185000.0
1004037,331000.0
1004051,104000.0
1004069,95000.0
1004074,111000.0
1004075,86000.0
1004084,197000.0
1004189,218000.0
1004217,82000.0
1004262,179000.0
1004284,53000.0
1004331,740000.0
1004336,124000.0
1004413,660000.0
1004421,182000.0
1004490,629000.0
1004566,75000.0
1004579,79000.0
1004675,187000.0
1004832,80000.0
1004935,116000.0
1005039,81000.0
1005060,89000.0
1005124,149000.0
1005127,90000.0
1005128,88000.0
1005129,90000.0
1005130,136000.0
1005132,140000.0
1005134,187000.0
1005138,191000.0
1005236,186000.0
1005238,183000.0
1005262,151000.0
1005413,68000.0
1005464,124000.0
1005466,280000.0
1005467,169000.0
1005547,82000.0
1005674,140000.0
1005675,140000.0
1005710,764000.0
1005732,315000.0
1005936,102000.0
1005980,78000.0
1005986,395000.0
1005987,114000.0
1006073,730000.0
1006141,294000.0
1006421,234000.0
1006494,93000.0
1006532,81000.0
1006557,164000.0
1006674,107000.0
1006675,73000.0
1006761,222000.0
1006797,112000.0
1006798,119000.0
1006876,229000.0
1006880,221000.0
1006988,110000.0
1007061,329000.0
1007082,396000.0
1007101,96000.0
1007108,217000.0
1007109,81000.0
1007172,308000.0
1007233,124000.0
1007235,123000.0
1007239,146000.0
1007271,166000.0
1007352,349000.0
1007401,74000.0
1007430,160000.0
1007571,78000.0
1007600,202000.0
1007789,76000.0
1007797,101000.0
1007830,102000.0
1007849,117000.0
1007856,112000.0
1007857,121000.0
1007917,148000.0
1007967,374000.0
1007994,77000.0
1008148,79000.0
1008157,254000.0
1008169,148000.0
1008170,197000.0
1008173,115000.0
1008307,291000.0
1008308,154000.0
1008352,90000.0
1008357,83000.0
1008358,125000.0
1008361,85000.0
1008386,148000.0
1008418,168000.0
1008428,108000.0
1008433,108000.0
1008501,199000.0
1008510,109000.0
1008550,84000.0
1008563,88000.0
1008564,88000.0
1008595,69000.0
1008641,94000.0
1008677,121000.0
1008707,305000.0
1008732,159000.0
1008734,163000.0
1008741,101000.0
1008744,82000.0
1008749,188000.0
1008759,95000.0
1008760,95000.0
1008803,174000.0
1008804,174000.0
1008805,174000.0
1008829,150000.0
1008833,90000.0
1008838,92000.0
1008855,168000.0
1008862,107000.0
1008878,137000.0
1008892,221000.0
1008914,436000.0
1008927,217000.0
1008932,205000.0
1009016,96000.0
1009077,119000.0
1009084,73000.0
1009088,90000.0
1009218,86000.0
1009229,68000.0
1009308,228000.0
1009310,107000.0
1009337,193000.0
1009366,98000.0
1009424,210000.0
1009487,121000.0
1009509,109000.0
1009510,126000.0
1009517,337000.0
1009520,135000.0
1009528,113000.0
1009530,103000.0
1009531,107000.0
1009532,99000.0
1009533,113000.0
1009534,112000.0
1009535,103000.0
1009590,82000.0
1009596,77000.0
1009672,90000.0
1009736,123000.0
1009859,148000.0
1009864,181000.0
1009866,145000.0
1009891,91000.0
1009942,214000.0
1009948,123000.0
1009965,145000.0
1009970,145000.0
1010054,78000.0
1010066,121000.0
1010068,98000.0
1010069,98000.0
1010104,531000.0
1010110,117000.0
1010185,536000.0
1010186,97000.0
1010276,148000.0
1010411,186000.0
1010542,200000.0
1010544,92000.0
1010584,280000.0
1010592,171000.0
1010667,165000.0
1010678,200000.0
1010679,233000.0
1010680,233000.0
1010686,224000.0
1010704,365000.0
1010740,90000.0
1010833,137000.0
1010913,94000.0
1010950,152000.0
1010951,61000.0
1010980,84000.0
1010999,136000.0
1011028,91000.0
1011032,135000.0
1011122,87000.0
1011132,83000.0
1011134,83000.0
1011135,81000.0
1011148,110000.0
1011150,110000.0
1011203,346000.0
1011204,346000.0
1011275,145000.0
1011335,145000.0
1011414,100000.0
1011429,100000.0
1011430,100000.0
1011489,84000.0
1011573,84000.0
1011574,84000.0
1011701,166000.0
1011778,109000.0
1011854,317000.0
1011914,123000.0
1012038,162000.0
1012128,132000.0
1012273,115000.0
1012311,113000.0
1012320,98000.0
1012331,401000.0
1012332,215000.0
1012339,104000.0
1012507,127000.0
1012542,131000.0
1012574,163000.0
1012587,101000.0
1012712,531000.0
1012714,72000.0
1012716,139000.0
1012752,575000.0
1012830,128000.0
1012898,503000.0
1012945,105000.0
1013031,129000.0
1013155,174000.0
1013161,101000.0
1013177,145000.0
1013187,149000.0
1013234,174000.0
1013244,687000.0
1013288,275000.0
1013290,112000.0
1013352,220000.0
1013443,129000.0
1013494,158000.0
1013507,83000.0
1013544,272000.0
1013547,109000.0
1013630,111000.0
1013704,329000.0
1013740,159000.0
1013742,107000.0
1013743,139000.0
1013786,260000.0
1013962,173000.0
1014083,154000.0
1014108,94000.0
1014164,133000.0
1014237,94000.0
1014240,172000.0
1014368,168000.0
1014476,103000.0
1014483,206000.0
1014498,143000.0
1014551,107000.0
1014571,97000.0
1014624,169000.0
1014635,77000.0
1014637,111000.0
1014638,108000.0
1014641,287000.0
1014665,169000.0
1014669,164000.0
1014738,82000.0
1014928,511000.0
1014999,168000.0
1015031,98000.0
1015103,150000.0
1015125,248000.0
1015134,325000.0
1015243,170000.0
1015347,116000.0
1015350,185000.0
1015360,144000.0
1015361,144000.0
1015366,144000.0
1015403,115000.0
1015482,107000.0
1015484,186000.0
1015485,96000.0
1015486,96000.0
1015502,98000.0
1015524,230000.0
1015534,339000.0
1015540,183000.0
1015557,104000.0
1015579,109000.0
1015597,137000.0
1015681,102000.0
1015697,148000.0
1015714,146000.0
1015804,73000.0
1015824,78000.0
1015843,156000.0
1015872,95000.0
1015908,154000.0
1015909,210000.0
1015911,133000.0
1015919,205000.0
1015920,152000.0
1016040,86000.0
1016042,139000.0
1016098,84000.0
1016117,232000.0
1016413,271000.0
1016734,157000.0
1016888,101000.0
1016927,201000.0
1017116,177000.0
1017118,133000.0
1017166,122000.0
1017176,130000.0
1017264,110000.0
1017383,107000.0
1017418,101000.0
1017424,76000.0
1017427,76000.0
1017428,155000.0
1017503,98000.0
1017563,56000.0
1017579,89000.0
1017600,106000.0
1017626,82000.0
1017637,148000.0
1017693,119000.0
1017750,330000.0
1017763,362000.0
1017782,119000.0
1017792,653000.0
1017846,86000.0
1017992,273000.0
1017998,66000.0
1018079,135000.0
1018135,182000.0
1018136,213000.0
1018166,1006000.0
1018229,795000.0
1018248,122000.0
1018257,203000.0
1018417,367000.0
1018421,210000.0
1018428,117000.0
1018486,265000.0
1018523,131000.0
1018598,71000.0
1018621,79000.0
1018671,78000.0
1018822,216000.0
1018943,198000.0
1019039,107000.0
1019057,72000.0
1019062,664000.0
1019149,91000.0
1019151,72000.0
1019206,119000.0
1019298,132000.0
1019309,132000.0
1019343,388000.0
1019366,148000.0
1019367,146000.0
1019432,349000.0
1019561,208000.0
1019575,162000.0
1019659,241000.0
1019668,73000.0
1019672,76000.0
1019681,123000.0
1019683,159000.0
1019686,120000.0
1019696,111000.0
1019720,181000.0
1019763,74000.0
1019835,592000.0
1019872,90000.0
1019903,150000.0
1019908,118000.0
1019958,801000.0
1020047,338000.0
1020124,504000.0
1020278,139000.0
1020508,140000.0
1020554,117000.0
1020672,133000.0
1020673,194000.0
1020745,151000.0
1020844,89000.0
1021039,147000.0
1021263,86000.0
1021316,179000.0
1021412,159000.0
1021444,90000.0
1021447,142000.0
1021453,84000.0
1021485,154000.0
1021500,75000.0
1021509,80000.0
1021520,94000.0
1021560,147000.0
1021605,79000.0
1021606,153000.0
1021607,122000.0
1021749,192000.0
1021765,233000.0
1021768,103000.0
1021770,317000.0
1021833,150000.0
1021834,149000.0
1021855,110000.0
1021973,102000.0
1022085,108000.0
1022163,147000.0
1022166,284000.0
1022273,109000.0
1022312,115000.0
1022388,107000.0
1022399,111000.0
1022582,109000.0
1022587,218000.0
1022588,232000.0
1022596,130000.0
1022614,160000.0
1022695,173000.0
1022704,64000.0
1022715,128000.0
1022716,128000.0
1022717,128000.0
1022718,118000.0
1022719,127000.0
1022721,128000.0
1022750,114000.0
1022753,114000.0
1022755,113000.0
1022756,115000.0
1022760,96000.0
1022781,107000.0
1022782,115000.0
1022787,107000.0
1022790,117000.0
1022794,126000.0
1022795,118000.0
1022796,133000.0
1022798,116000.0
1022800,115000.0
1022801,131000.0
1022802,128000.0
1022844,104000.0
1022848,296000.0
1022960,86000.0
1023168,209000.0
1023169,209000.0
1023172,115000.0
1023173,117000.0
1023209,61000.0
1023230,139000.0
1023304,91000.0
1023340,228000.0
1023351,255000.0
1023393,101000.0
1023450,186000.0
1023458,101000.0
1023465,109000.0
1023468,178000.0
1023501,137000.0
1023505,153000.0
1023508,158000.0
1023511,157000.0
1023512,152000.0
1023513,150000.0
1023514,152000.0
1023518,175000.0
1023520,158000.0
1023521,152000.0
1023552,145000.0
1023559,383000.0
1023590,226000.0
1023664,122000.0
1023676,192000.0
1023677,193000.0
1023744,143000.0
1023764,100000.0
1023774,649000.0
1024012,235000.0
1024071,81000.0
1024126,85000.0
1024133,90000.0
1024324,264000.0
1024371,149000.0
1024444,97000.0
1024449,70000.0
1024456,650000.0
1024463,165000.0
1024474,246000.0
1024477,114000.0
1024508,143000.0
1024529,93000.0
1024536,124000.0
1024590,153000.0
1024625,202000.0
1024628,333000.0
1024636,81000.0
1062270,136000.0
1062278,332000.0
1062287,112000.0
1062389,409000.0
1062404,106000.0
1062442,86000.0
1062482,410000.0
1062512,133000.0
1062516,134000.0
1062537,189000.0
1062557,225000.0
1062572,54000.0
1062643,87000.0
1062645,95000.0
1062676,86000.0
1062691,213000.0
1062714,83000.0
1062737,236000.0
1062839,164000.0
1062840,175000.0
1062844,114000.0
1062946,115000.0
1062972,107000.0
1062991,88000.0
1063009,95000.0
1063010,152000.0
1063011,148000.0
1063045,143000.0
1063050,375000.0
1063051,163000.0
1063070,72000.0
1063106,197000.0
1063130,95000.0
1063217,173000.0
1063317,273000.0
1063480,77000.0
1063535,98000.0
1063601,124000.0
1063668,125000.0
1063704,94000.0
1063829,137000.0
1063862,100000.0
1063906,140000.0
1063923,97000.0
1064029,101000.0
1064042,181000.0
1064047,92000.0
1064050,81000.0
1064059,145000.0
1064061,116000.0
1064082,169000.0
1064093,137000.0
1064155,79000.0
1064165,87000.0
1064170,186000.0
1064189,140000.0
1064253,69000.0
1064260,80000.0
1064263,163000.0
1064289,72000.0
1064327,130000.0
1064340,112000.0
1064342,122000.0
1064347,356000.0
1064358,114000.0
1064389,441000.0
1064391,325000.0
1064393,153000.0
1064415,241000.0
1064420,119000.0
1064421,64000.0
1064424,114000.0
1064425,89000.0
1064433,101000.0
1064438,257000.0
1064469,127000.0
1064535,154000.0
1064536,113000.0
1064538,113000.0
1064539,401000.0
1064552,624000.0
1064556,80000.0
1064605,94000.0
1064632,202000.0
1064660,297000.0
1064707,138000.0
1064708,74000.0
1064709,227000.0
1064715,101000.0
1064718,119000.0
1064724,130000.0
1064774,76000.0
1064782,106000.0
1064786,113000.0
1064791,81000.0
1064836,700000.0
1064856,81000.0
1064863,85000.0
1064870,142000.0
1064872,123000.0
1064873,111000.0
1064904,109000.0
1064906,120000.0
1064997,201000.0
1064998,217000.0
1065033,156000.0
1065055,115000.0
1065146,139000.0
1065162,164000.0
1065164,189000.0
1065198,352000.0
1065199,352000.0
1065201,163000.0
1065202,110000.0
1065203,113000.0
1065246,142000.0
1065262,338000.0
1065274,172000.0
1065275,184000.0
1065297,134000.0
1065304,228000.0
1065320,152000.0
1065322,172000.0
1065328,122000.0
1065359,178000.0
1065372,188000.0
1065374,120000.0
1065377,124000.0
1065396,84000.0
1065406,208000.0
1065413,88000.0
1065448,83000.0
1065477,98000.0
1065483,158000.0
1065488,89000.0
1065529,126000.0
1065572,199000.0
1065607,86000.0
1065613,113000.0
1065615,113000.0
1065617,226000.0
1065619,86000.0
1065621,113000.0
1065641,128000.0
1065658,105000.0
1065662,91000.0
1065702,141000.0
1065761,106000.0
1065771,99000.0
1065835,125000.0
1065838,144000.0
1065848,98000.0
1065852,102000.0
1065855,123000.0
1065857,115000.0
1065859,107000.0
1065883,123000.0
1065901,265000.0
1065927,235000.0
1065939,164000.0
1065940,136000.0
1065970,271000.0
1065973,147000.0
1066009,133000.0
1066029,101000.0
1066035,76000.0
1066052,156000.0
1066060,111000.0
1066082,115000.0
1066109,79000.0
1066119,96000.0
1066134,92000.0
1066159,78000.0
1066160,85000.0
1066161,91000.0
1066162,85000.0
1066163,94000.0
1066170,96000.0
1066171,94000.0
1066172,98000.0
1066174,131000.0
1066191,74000.0
1066194,620000.0
1066245,110000.0
1066361,82000.0
1066365,281000.0
1066375,74000.0
1066378,87000.0
1066379,148000.0
1066409,162000.0
1066413,357000.0
1066448,97000.0
1066476,196000.0
1066524,88000.0
1066548,100000.0
1066602,171000.0
1066603,149000.0
1066605,138000.0
1066643,122000.0
1066644,181000.0
1066664,84000.0
1066730,157000.0
1066734,120000.0
1066736,108000.0
1066759,128000.0
1066761,129000.0
1066772,108000.0
1066792,189000.0
1066795,82000.0
1066832,71000.0
1066845,57000.0
1066847,172000.0
1066938,353000.0
1066944,216000.0
1066988,110000.0
1066996,162000.0
1067005,92000.0
1067009,182000.0
1067011,167000.0
1067037,195000.0
1067063,108000.0
1067064,97000.0
1067088,77000.0
1067115,138000.0
1067119,158000.0
1067291,145000.0
1067363,119000.0
1067374,145000.0
1067395,133000.0
1067402,107000.0
1067412,189000.0
1067425,121000.0
1067428,169000.0
1067430,225000.0
1067435,124000.0
1067478,580000.0
1067512,145000.0
1067533,339000.0
1067536,89000.0
1067549,141000.0
1067555,243000.0
1067557,130000.0
1067570,138000.0
1067575,303000.0
1067577,113000.0
1067578,113000.0
1067584,177000.0
1067596,106000.0
1067598,177000.0
1067614,166000.0
1067631,341000.0
1067649,78000.0
1067652,84000.0
1067687,265000.0
1067688,97000.0
1067704,110000.0
1067705,120000.0
1067731,113000.0
1067746,110000.0
1067756,156000.0
1067777,92000.0
1067793,179000.0
1067808,100000.0
1067821,118000.0
1067834,178000.0
1067846,103000.0
1067850,196000.0
1067853,522000.0
1067863,269000.0
1067913,128000.0
1067914,126000.0
1067962,90000.0
1067999,89000.0
1068022,80000.0
1068055,183000.0
1068076,125000.0
1068078,134000.0
1068136,142000.0
1068137,142000.0
1068155,235000.0
1068157,132000.0
1068158,167000.0
1068173,90000.0
1068240,114000.0
1068266,176000.0
1068324,97000.0
1068360,386000.0
1068386,135000.0
1068396,127000.0
1068406,89000.0
1068409,107000.0
1068414,112000.0
1068466,82000.0
1068489,136000.0
1068501,128000.0
1068520,371000.0
1068533,269000.0
1068611,100000.0
1068645,104000.0
1068683,330000.0
1068685,220000.0
1068698,103000.0
1068703,166000.0
1068737,108000.0
1068751,114000.0
1068752,90000.0
1068797,125000.0
1068824,143000.0
1068840,105000.0
1068894,117000.0
1068949,96000.0
1068954,447000.0
1068960,92000.0
1069002,91000.0
1069029,100000.0
1069034,228000.0
1069058,100000.0
1069115,162000.0
1069117,64000.0
1069137,74000.0
1069138,79000.0
1069204,145000.0
1069246,119000.0
1069293,427000.0
1069308,80000.0
1069388,139000.0
1069416,115000.0
1069429,86000.0
1069430,136000.0
1069489,300000.0
1069539,160000.0
1069541,130000.0
1069543,96000.0
1069544,123000.0
1069545,122000.0
1069602,177000.0
1069619,75000.0
1069633,113000.0
1069662,97000.0
1069672,138000.0
1069673,104000.0
1069712,164000.0
1069750,105000.0
1069782,88000.0
1069813,90000.0
1069835,116000.0
1069857,155000.0
1069881,138000.0
1069973,144000.0
1069981,79000.0
1069982,117000.0
1070002,144000.0
1070067,123000.0
1070070,100000.0
1070084,144000.0
1070089,171000.0
1070103,182000.0
1070165,95000.0
1070183,108000.0
1070185,137000.0
1070208,200000.0
1070245,87000.0
1070308,138000.0
1070362,114000.0
1070374,151000.0
1070378,170000.0
1070388,119000.0
1070394,180000.0
1070438,202000.0
1070454,134000.0
1070455,121000.0
1070456,120000.0
1070463,110000.0
1070467,132000.0
1070469,122000.0
1070498,126000.0
1070501,136000.0
1070516,101000.0
1070554,204000.0
1070570,181000.0
1070573,275000.0
1070643,212000.0
1070656,164000.0
1070675,83000.0
1070677,125000.0
1070707,87000.0
1070760,104000.0
1070770,302000.0
1070862,74000.0
1070866,226000.0
1070907,234000.0
1070916,93000.0
1071031,322000.0
1071038,192000.0
1071042,76000.0
1071045,385000.0
1071046,207000.0
1071118,148000.0
1071145,80000.0
1071161,95000.0
1071166,106000.0
1071202,107000.0
1071335,88000.0
1071349,128000.0
1071350,113000.0
1071356,128000.0
1071357,69000.0
1071360,110000.0
1071370,112000.0
1071376,429000.0
1071378,92000.0
1071390,322000.0
1071413,134000.0
1071414,72000.0
1071415,203000.0
1071419,66000.0
1071427,138000.0
1071430,183000.0
1071434,142000.0
1071481,217000.0
1071503,83000.0
1071504,84000.0
1071532,115000.0
1071537,118000.0
1071551,91000.0
1071574,119000.0
1071613,206000.0
1071621,94000.0
1071651,82000.0
1071653,92000.0
1071669,93000.0
1071704,207000.0
1071722,445000.0
1071727,207000.0
1071737,86000.0
1071740,166000.0
1071782,172000.0
1071889,186000.0
1071899,293000.0
1071920,86000.0
1071948,144000.0
1071950,116000.0
1071983,185000.0
1071997,238000.0
1072066,136000.0
1072080,141000.0
1072081,140000.0
1072086,137000.0
1072176,91000.0
1072178,90000.0
1072201,190000.0
1072204,234000.0
1072219,231000.0
1072229,303000.0
1072242,118000.0
1072245,77000.0
1072249,82000.0
1072259,172000.0
1072306,136000.0
1072320,118000.0
1072326,158000.0
1072334,196000.0
1072345,134000.0
1072353,247000.0
1072382,87000.0
1072387,127000.0
1072403,163000.0
1072484,118000.0
1072487,118000.0
1072490,238000.0
1072493,145000.0
1072503,78000.0
1072536,145000.0
1072548,282000.0
1072599,348000.0
1072627,130000.0
1072632,113000.0
1072681,102000.0
1072729,154000.0
1072752,152000.0
1072775,303000.0
1072776,130000.0
1072779,301000.0
1072780,139000.0
1072784,166000.0
1072800,64000.0
1072809,807000.0
1072819,62000.0
1072842,108000.0
1072873,194000.0
1072880,132000.0
1072894,154000.0
1072901,122000.0
1072913,191000.0
1072929,142000.0
1072973,119000.0
1073092,226000.0
1073108,129000.0
1073195,109000.0
1073200,95000.0
1073209,55000.0
1073215,354000.0
1073216,354000.0
1073217,354000.0
1073218,354000.0
1073219,125000.0
1073220,354000.0
1073221,125000.0
1073222,354000.0
1073223,354000.0
1073224,354000.0
1073225,125000.0
1073226,93000.0
1073228,93000.0
1073229,93000.0
1073234,80000.0
1073238,140000.0
1073240,111000.0
1073251,488000.0
1073388,104000.0
1073391,114000.0
1073420,123000.0
1073428,173000.0
1073465,152000.0
1073471,193000.0
1073484,356000.0
1073529,89000.0
1073563,97000.0
1073604,114000.0
1073621,149000.0
1073622,126000.0
1073626,337000.0
1073663,114000.0
1073675,550000.0
1073681,106000.0
1073695,113000.0
1073753,178000.0
1073779,90000.0
1073844,123000.0
1073846,137000.0
1074053,174000.0
1074196,208000.0
1074279,151000.0
1074340,152000.0
1074532,151000.0
1074540,324000.0
1074548,129000.0
1074550,123000.0
1074554,257000.0
1074575,82000.0
1074579,120000.0
1074603,131000.0
1074607,107000.0
1074608,148000.0
1074643,96000.0
1074677,546000.0
1074682,94000.0
1074697,117000.0
1074710,161000.0
1074741,632000.0
1074816,206000.0
1074821,82000.0
1074882,247000.0
1074943,111000.0
1074946,134000.0
1074968,55000.0
1074991,91000.0
1075071,368000.0
1075075,164000.0
1075078,156000.0
1075192,105000.0
1075221,154000.0
1075262,106000.0
1075320,59000.0
1075321,59000.0
1075527,390000.0
1075555,129000.0
1075566,155000.0
1075576,100000.0
1075621,389000.0
1075623,195000.0
1075669,91000.0
1075694,448000.0
1075794,106000.0
1075855,133000.0
1075875,105000.0
1075876,105000.0
1075878,112000.0
1075902,107000.0
1075981,78000.0
1076017,184000.0
1076028,119000.0
1076116,124000.0
1076133,83000.0
1076153,109000.0
1076223,74000.0
1076232,200000.0
1076237,139000.0
1076242,115000.0
1076246,146000.0
1076250,87000.0
1076256,103000.0
1076265,107000.0
1076270,104000.0
1076275,150000.0
1076282,191000.0
1076297,519000.0
1076314,361000.0
1076342,94000.0
1076353,107000.0
1076399,93000.0
1076400,96000.0
1076410,80000.0
1076411,70000.0
1076419,158000.0
1076451,244000.0
1076453,230000.0
1076479,105000.0
1076502,77000.0
1076505,145000.0
1076512,133000.0
1076516,137000.0
1076615,124000.0
1076618,185000.0
1076619,421000.0
1076637,91000.0
1076655,146000.0
1076670,155000.0
1076672,110000.0
1076751,162000.0
1076780,99000.0
1076822,98000.0
1076837,441000.0
1076848,215000.0
1076851,216000.0
1076867,147000.0
1076870,227000.0
1076873,159000.0
1076877,282000.0
1076899,261000.0
1076928,136000.0
1076931,261000.0
1077002,77000.0
1077007,681000.0
1077008,702000.0
1077013,77000.0
1077024,95000.0
1077043,83000.0
1077056,118000.0
1077067,110000.0
1077162,394000.0
1077187,831000.0
1077265,267000.0
1077596,369000.0
1077624,172000.0
1077752,102000.0
1077787,116000.0
1077884,128000.0
1078098,177000.0
1078219,117000.0
1078257,131000.0
1078341,209000.0
1078355,151000.0
1078360,127000.0
1078409,135000.0
1078431,102000.0
1078454,125000.0
1078476,88000.0
1078477,123000.0
1078497,275000.0
1078545,209000.0
1078556,220000.0
1078564,210000.0
1078585,214000.0
1078640,121000.0
1078648,93000.0
1078660,380000.0
1078685,263000.0
1078699,122000.0
1078723,217000.0
1078725,101000.0
1078736,334000.0
1078773,85000.0
1078806,93000.0
1078814,182000.0
1078885,238000.0
1078899,80000.0
1078908,181000.0
1078969,184000.0
1079020,153000.0
1079036,223000.0
1079059,415000.0
1079068,86000.0
1079153,223000.0
1079183,88000.0
1079230,51000.0
1079254,74000.0
1079277,182000.0
1079282,162000.0
1079294,112000.0
1079320,227000.0
1079334,109000.0
1079343,113000.0
1079356,139000.0
1079382,79000.0
1079459,166000.0
1079463,124000.0
1079464,193000.0
1079479,148000.0
1079483,125000.0
1079497,263000.0
1079498,263000.0
1079503,113000.0
1079504,123000.0
1079528,133000.0
1079568,229000.0
1079600,149000.0
1079607,104000.0
1079608,148000.0
1079612,148000.0
1079618,86000.0
1079705,148000.0
1079766,72000.0
1079842,107000.0
1079850,97000.0
1079853,138000.0
1079868,101000.0
1079892,103000.0
1079895,105000.0
1079928,288000.0
1079992,124000.0
1079994,121000.0
1079995,121000.0
1080005,154000.0
1080008,161000.0
1080010,122000.0
1080011,161000.0
1080015,132000.0
1080025,180000.0
1080028,97000.0
1080030,79000.0
1080032,116000.0
1080034,123000.0
1080037,599000.0
1080063,74000.0
1080064,80000.0
1080065,78000.0
1080066,82000.0
1080069,191000.0
1080072,205000.0
1080077,110000.0
1080111,124000.0
1080133,75000.0
1080147,91000.0
1080162,76000.0
1080187,273000.0
1080200,126000.0
1080279,228000.0
1080290,103000.0
1080292,103000.0
1080299,62000.0
1080327,96000.0
1080328,103000.0
1080332,92000.0
1080334,95000.0
1080342,148000.0
1080343,152000.0
1080364,233000.0
1080379,101000.0
1080382,62000.0
1080383,68000.0
1080399,78000.0
1080401,629000.0
1080426,140000.0
1080440,89000.0
1080450,95000.0
1080465,122000.0
1080482,283000.0
1080485,154000.0
1080507,499000.0
1080562,72000.0
1080606,243000.0
1080621,133000.0
1080633,145000.0
1080663,143000.0
1080670,81000.0
1080752,117000.0
1080755,117000.0
1080757,292000.0
1080776,99000.0
1080802,88000.0
1080807,190000.0
1080836,198000.0
1080849,148000.0
1080858,123000.0
1080859,102000.0
1080914,168000.0
1080921,63000.0
1080937,119000.0
1080977,85000.0
1080980,83000.0
1080983,95000.0
1081011,114000.0
1081038,135000.0
1081055,221000.0
1081112,120000.0
1081125,94000.0
1081153,114000.0
1081170,376000.0
1081201,422000.0
1081232,165000.0
1081267,288000.0
1081351,98000.0
1081356,119000.0
1081395,139000.0
1081435,120000.0
1081436,97000.0
1081442,124000.0
1081472,135000.0
1081487,95000.0
1081508,817000.0
1081512,140000.0
1081528,89000.0
1081552,120000.0
1081575,87000.0
1081706,132000.0
1081782,168000.0
1081785,142000.0
1081787,339000.0
1081832,93000.0
1081833,104000.0
1081838,75000.0
1081841,500000.0
1081843,75000.0
1081844,75000.0
1081848,105000.0
1081869,156000.0
1081902,108000.0
1081903,108000.0
1081908,118000.0
1081924,82000.0
1081936,261000.0
1081949,218000.0
1081970,153000.0
1082039,143000.0
1082045,98000.0
1082046,138000.0
1082048,211000.0
1082118,138000.0
1082145,75000.0
1082147,83000.0
1082163,74000.0
1082251,210000.0
1082254,355000.0
1082255,332000.0
1082327,87000.0
1082342,124000.0
1082343,164000.0
1082360,102000.0
1082376,213000.0
1082382,105000.0
1082390,164000.0
1082417,121000.0
1082420,118000.0
1082432,419000.0
1082441,162000.0
1082442,166000.0
1082461,212000.0
1082482,166000.0
1082483,53000.0
1082488,358000.0
1082504,147000.0
1082508,117000.0
1082533,89000.0
1082548,162000.0
1082549,86000.0
1082586,99000.0
1082640,191000.0
1082677,224000.0
1082833,115000.0
1082840,125000.0
1082846,182000.0
1082857,300000.0
1082863,170000.0
1082867,160000.0
1082927,101000.0
1082928,102000.0
1082958,586000.0
1083026,221000.0
1083029,260000.0
1083052,366000.0
1083095,109000.0
1083118,127000.0
1083122,248000.0
1083137,272000.0
1083208,212000.0
1083251,133000.0
1083264,171000.0
1083284,225000.0
1083291,94000.0
1083296,94000.0
1083300,94000.0
1083303,94000.0
1083345,113000.0
1083382,111000.0
1083388,64000.0
1083392,158000.0
1083402,107000.0
1083405,107000.0
1083495,113000.0
1083545,127000.0
1086147,200000.0
1086216,224000.0
1086243,202000.0
1086254,67000.0
1086282,148000.0
1086309,184000.0
1086312,145000.0
1086333,77000.0
1086344,87000.0
1086616,143000.0
1086670,167000.0
1086770,143000.0
1086802,97000.0
1086813,117000.0
1086818,123000.0
1086819,170000.0
1086820,129000.0
1086826,198000.0
1086827,95000.0
1086842,95000.0
1086844,129000.0
1086846,95000.0
1086847,95000.0
1086848,198000.0
1086864,306000.0
1086917,232000.0
1086918,69000.0
1086963,209000.0
1086991,104000.0
1086999,90000.0
1087035,136000.0
1087054,160000.0
1087111,195000.0
1087112,87000.0
1087115,259000.0
1087116,130000.0
1087132,189000.0
1087135,129000.0
1087193,150000.0
1087235,197000.0
1087237,146000.0
1087238,205000.0
1087241,104000.0
1087288,518000.0
1087329,78000.0
1087340,485000.0
1087346,214000.0
1087349,268000.0
1087375,335000.0
1087389,221000.0
1087406,93000.0
1087423,393000.0
1087432,401000.0
1093650,97000.0
1093654,122000.0
1093657,147000.0
1093659,108000.0
1093661,108000.0
1093675,122000.0
1093684,136000.0
1093703,92000.0
1093710,106000.0
1093711,70000.0
1093718,78000.0
1093725,112000.0
1093808,344000.0
1093813,122000.0
1093816,257000.0
1093817,88000.0
1093845,323000.0
1093848,72000.0
1093904,138000.0
1093906,122000.0
1093909,415000.0
1093920,113000.0
1093958,96000.0
1093960,276000.0
1094005,347000.0
1094008,143000.0
1094012,110000.0
1094018,88000.0
1094108,133000.0
1094111,126000.0
1094126,77000.0
1094128,297000.0
1094133,102000.0
1094136,104000.0
1094142,318000.0
1094151,46000.0
1094174,139000.0
1094196,183000.0
1094198,79000.0
1094232,73000.0
1094299,215000.0
1094334,271000.0
1094348,134000.0
1094353,115000.0
1094362,132000.0
1094412,772000.0
1094416,95000.0
1094419,275000.0
1094463,118000.0
1094464,204000.0
1094519,160000.0
1094530,100000.0
1094531,100000.0
1094538,107000.0
1094590,123000.0
1094633,183000.0
1094660,110000.0
1094668,93000.0
1094694,96000.0
1094714,135000.0
1094717,195000.0
1094747,120000.0
1094771,742000.0
1094773,234000.0
1094779,135000.0
1094810,111000.0
1094817,137000.0
1094818,122000.0
1094822,72000.0
1094855,139000.0
1094858,156000.0
1094864,639000.0
1094895,157000.0
1094910,117000.0
1094939,99000.0
1094960,73000.0
1095019,1036000.0
1095021,1014000.0
1095025,183000.0
1095029,143000.0
1095031,160000.0
1095067,78000.0
1095105,398000.0
1095126,200000.0
1095135,150000.0
1095139,55000.0
1095146,134000.0
1095292,158000.0
1095313,63000.0
1095326,124000.0
1095334,57000.0
1095343,74000.0
1095383,116000.0
1095399,71000.0
1095416,218000.0
1095448,141000.0
1095478,105000.0
1095480,125000.0
1095496,178000.0
1095500,115000.0
1095529,97000.0
1095536,167000.0
1095552,338000.0
1095588,81000.0
1095624,216000.0
1095650,91000.0
1095691,938000.0
1095735,198000.0
1095799,224000.0
1095804,130000.0
1095810,163000.0
1095827,172000.0
1095841,210000.0
1095853,86000.0
1095860,173000.0
1095866,106000.0
1095906,108000.0
1095907,329000.0
1095926,188000.0
1095949,211000.0
1096078,111000.0
1096079,103000.0
1096090,99000.0
1096148,169000.0
1096213,234000.0
1096235,118000.0
1096271,122000.0
1096279,71000.0
1096316,175000.0
1096318,552000.0
1096335,277000.0
1096339,149000.0
1096405,194000.0
1096417,129000.0
1096464,79000.0
1096480,82000.0
1096484,145000.0
1096513,273000.0
1096539,166000.0
1096546,86000.0
1096550,238000.0
1096556,73000.0
1096573,259000.0
1096583,248000.0
1096585,187000.0
1096590,294000.0
1096593,177000.0
1096600,101000.0
1096627,145000.0
1096631,89000.0
1096691,103000.0
1096700,132000.0
1096716,243000.0
1096723,277000.0
1096749,93000.0
1096777,190000.0
1096784,138000.0
1096858,434000.0
1096873,173000.0
1096921,104000.0
1096936,204000.0
1096968,98000.0
1096972,128000.0
1097023,102000.0
1097024,404000.0
1097040,241000.0
1097041,268000.0
1097045,188000.0
1097078,432000.0
1097079,432000.0
1097082,63000.0
1097084,92000.0
1097102,149000.0
1097259,129000.0
1097283,141000.0
1097365,123000.0
1097366,147000.0
1097476,1009000.0
1097499,130000.0
1097500,133000.0
1097511,213000.0
1097514,495000.0
1097544,88000.0
1097562,92000.0
1097569,127000.0
1097597,144000.0
1097609,139000.0
1097635,184000.0
1097650,85000.0
1097655,143000.0
1097659,105000.0
1097664,90000.0
1097673,174000.0
1097675,85000.0
1097698,119000.0
1097718,126000.0
1097755,218000.0
1097767,150000.0
1097777,180000.0
1097778,114000.0
1097795,807000.0
1097861,119000.0
1097886,116000.0
1097887,155000.0
1097888,131000.0
1097928,244000.0
1097949,139000.0
1097975,241000.0
1097993,235000.0
1097994,95000.0
1098066,94000.0
1098122,102000.0
1098125,157000.0
1098140,87000.0
1098199,353000.0
1098213,95000.0
1098215,102000.0
1098219,162000.0
1098228,119000.0
1098252,546000.0
1098268,158000.0
1098275,138000.0
1098362,92000.0
1098365,666000.0
1098396,74000.0
1098468,118000.0
1098495,61000.0
1098569,93000.0
1098588,527000.0
1098633,116000.0
1098693,202000.0
1098698,132000.0
1098706,139000.0
1098771,63000.0
1098971,59000.0
1098987,152000.0
1098991,166000.0
1098994,160000.0
1099004,93000.0
1099021,88000.0
1099030,151000.0
1099038,151000.0
1099039,135000.0
1099045,328000.0
1099133,246000.0
1099137,106000.0
1099153,230000.0
1099180,228000.0
1099183,275000.0
1099184,78000.0
1099199,95000.0
1099315,206000.0
1099316,149000.0
1099320,155000.0
1099323,179000.0
1099326,161000.0
1099329,109000.0
1099335,164000.0
1099338,110000.0
1099342,237000.0
1099350,125000.0
1099351,94000.0
1099359,119000.0
1099364,89000.0
1099366,132000.0
1099382,196000.0
1099383,342000.0
1099407,148000.0
1099414,101000.0
1099441,133000.0
1099447,127000.0
1099465,244000.0
1099469,168000.0
1099488,129000.0
1099520,148000.0
1099562,209000.0
1099567,84000.0
1099623,188000.0
1099651,93000.0
1099664,129000.0
1099665,129000.0
1099671,125000.0
1099702,94000.0
1099722,61000.0
1099725,60000.0
1099726,47000.0
1099728,47000.0
1099729,47000.0
1099734,72000.0
1099740,73000.0
1099743,188000.0
1099768,126000.0
1099774,821000.0
1099796,97000.0
1099815,151000.0
1099837,183000.0
1099916,299000.0
1099928,111000.0
1099941,61000.0
1099946,61000.0
1099948,54000.0
1099950,54000.0
1099972,99000.0
1099995,91000.0
1099996,119000.0
1100056,143000.0
1100076,259000.0
1100169,277000.0
1100171,99000.0
1100178,207000.0
1100189,96000.0
1100191,65000.0
1100192,65000.0
1100194,96000.0
1100205,82000.0
1100224,125000.0
1100257,239000.0
1100317,138000.0
1100329,106000.0
1100345,135000.0
1100388,248000.0
1100391,107000.0
1100460,194000.0
1100509,107000.0
1100516,210000.0
1100532,221000.0
1100537,74000.0
1100548,320000.0
1100583,271000.0
1100596,210000.0
1100601,469000.0
1100611,108000.0
1100619,177000.0
1100658,352000.0
1100660,223000.0
1100674,106000.0
1100682,97000.0
1100692,109000.0
1100719,113000.0
1100743,366000.0
1100780,64000.0
1100810,192000.0
1100829,169000.0
1100840,133000.0
1100852,97000.0
1100865,92000.0
1100897,99000.0
1100931,103000.0
1100932,100000.0
1100938,378000.0
1100944,285000.0
1100945,278000.0
1100946,278000.0
1100947,278000.0
1100948,294000.0
1100953,279000.0
1100955,279000.0
1100957,336000.0
1100960,337000.0
1100962,102000.0
1100984,94000.0
1100985,126000.0
1101003,100000.0
1101004,100000.0
1101005,100000.0
1101006,218000.0
1101007,126000.0
1101012,91000.0
1101064,396000.0
1101073,368000.0
1101084,120000.0
1101086,116000.0
1101094,133000.0
1101102,98000.0
1101127,102000.0
1101173,121000.0
1101180,139000.0
1101202,111000.0
1101203,166000.0
1101207,167000.0
1101208,272000.0
1101232,97000.0
1101240,76000.0
1101252,179000.0
1101258,182000.0
1101263,91000.0
1101276,96000.0
1101292,183000.0
1101294,123000.0
1101303,235000.0
1101319,607000.0
1101326,91000.0
1101330,156000.0
1101331,118000.0
1101333,178000.0
1101335,123000.0
1101351,138000.0
1101378,215000.0
1101418,644000.0
1101423,464000.0
1101428,138000.0
1101517,90000.0
1101591,113000.0
1101616,320000.0
1101739,124000.0
1101759,79000.0
1101799,104000.0
1101800,124000.0
1101801,328000.0
1101814,163000.0
1101859,80000.0
1101869,87000.0
1101901,157000.0
1101931,164000.0
1101932,121000.0
1101976,235000.0
1102031,76000.0
1102046,163000.0
1102066,119000.0
1102090,374000.0
1102112,201000.0
1102117,163000.0
1102119,161000.0
1102123,101000.0
1102135,97000.0
1102169,291000.0
1102170,238000.0
1102240,226000.0
1102248,61000.0
1102273,117000.0
1102307,276000.0
1102332,93000.0
1102413,105000.0
1102414,96000.0
1102415,95000.0
1102416,108000.0
1102417,135000.0
1102422,187000.0
1102423,95000.0
1102430,95000.0
1102431,96000.0
1102434,153000.0
1102452,88000.0
1102470,140000.0
1102505,183000.0
1102509,133000.0
1102527,171000.0
1102537,142000.0
1102564,193000.0
1102603,142000.0
1102608,89000.0
1102646,87000.0
1102647,118000.0
1102650,220000.0
1102655,97000.0
1102657,147000.0
1102660,159000.0
1102685,67000.0
1102688,145000.0
1102699,64000.0
1102704,97000.0
1102705,180000.0
1102728,293000.0
1102735,102000.0
1102750,110000.0
1102770,142000.0
1102790,337000.0
1102797,329000.0
1102800,94000.0
1102806,83000.0
1102844,168000.0
1102862,67000.0
1102908,126000.0
1102909,189000.0
1102959,105000.0
1102970,76000.0
1102986,144000.0
1103044,86000.0
1103076,175000.0
1103095,434000.0
1103226,227000.0
1103227,231000.0
1103228,202000.0
1103229,213000.0
1103249,179000.0
1103253,226000.0
1103258,204000.0
1103264,270000.0
1103265,115000.0
1103278,79000.0
1103279,319000.0
1103282,71000.0
1103361,99000.0
1103386,344000.0
1103396,119000.0
1103402,115000.0
1103403,132000.0
1103404,120000.0
1103418,134000.0
1103419,159000.0
1103431,108000.0
1103481,198000.0
1103489,224000.0
1103584,98000.0
1103598,163000.0
1103600,77000.0
1103604,177000.0
1103606,181000.0
1103614,95000.0
1103646,86000.0
1103668,199000.0
1103669,122000.0
1103678,107000.0
1103711,103000.0
1103726,158000.0
1103731,123000.0
1103735,91000.0
1103741,209000.0
1103838,102000.0
1103903,209000.0
1103914,114000.0
1103991,74000.0
1103997,88000.0
1104005,165000.0
1104027,58000.0
1104035,76000.0
1104045,105000.0
1104073,499000.0
1104122,245000.0
1104123,244000.0
1104132,89000.0
1104247,133000.0
1104252,84000.0
1104265,168000.0
1104276,60000.0
1104292,103000.0
1104347,522000.0
1104357,135000.0
1104358,109000.0
1104369,170000.0
1104944,230000.0
1104946,95000.0
1104949,95000.0
1104951,95000.0
1104953,95000.0
1104955,95000.0
1104972,168000.0
1105018,77000.0
1105021,112000.0
1105024,191000.0
1105025,122000.0
1105044,149000.0
1105046,113000.0
1105047,113000.0
1105050,330000.0
1105051,330000.0
1105052,330000.0
1105053,330000.0
1105071,95000.0
1105081,158000.0
1105207,330000.0
1105210,188000.0
1105265,330000.0
1105266,152000.0
1105267,152000.0
1105268,330000.0
1105280,106000.0
1105281,179000.0
1105282,198000.0
1105376,213000.0
1105429,110000.0
1105465,153000.0
1105493,110000.0
1105496,121000.0
1105557,110000.0
1105558,110000.0
1105575,161000.0
1105576,161000.0
1105581,86000.0
1105621,156000.0
1105622,202000.0
1105698,191000.0
1105699,191000.0
1105700,191000.0
1105702,191000.0
1105705,191000.0
1105706,191000.0
1105711,172000.0
1105799,110000.0
1105802,110000.0
1105803,110000.0
1105805,110000.0
1105806,110000.0
1105807,125000.0
1105828,153000.0
1105830,254000.0
1105831,173000.0
1105832,298000.0
1105849,77000.0
1105855,116000.0
1105898,116000.0
1105899,116000.0
1105935,183000.0
1105989,123000.0
1106068,153000.0
1106069,153000.0
1106073,153000.0
1106085,170000.0
1106086,136000.0
1106135,87000.0
1106164,77000.0
1106193,175000.0
1106196,97000.0
1106244,179000.0
1106253,134000.0
1106256,182000.0
1106586,334000.0
1106587,104000.0
1106588,151000.0
1106589,158000.0
1106600,101000.0
1106608,132000.0
1106715,77000.0
1106789,177000.0
1106790,198000.0
1106791,198000.0
1106792,198000.0
1106793,199000.0
1106794,198000.0
1106869,117000.0
1106954,219000.0
1107205,191000.0
1107331,74000.0
1107333,74000.0
1107389,163000.0
1107390,163000.0
1107392,163000.0
1107394,163000.0
1107395,163000.0
1107469,149000.0
1107483,97000.0
1107491,129000.0
1107667,200000.0
1107772,95000.0
1107775,95000.0
1107785,262000.0
1107786,148000.0
1107787,131000.0
1202392,99000.0
1202393,131000.0
1202395,169000.0
1202440,88000.0
1202550,91000.0
1202552,87000.0
1202577,144000.0
1202580,89000.0
1202842,149000.0
1202844,148000.0
1202860,114000.0
1202861,99000.0
1202869,185000.0
1202876,146000.0
1202892,109000.0
1202903,104000.0
1214273,184000.0
1214280,229000.0
1214445,667000.0
1214448,76000.0
1214449,77000.0
1214464,107000.0
1214572,123000.0
1214574,172000.0
1214584,112000.0
1214608,78000.0
1214640,79000.0
1214643,147000.0
1214651,253000.0
1214652,178000.0
1214657,362000.0
1214661,123000.0
1214673,122000.0
1214675,121000.0
1214679,147000.0
1214703,131000.0
1215040,145000.0
1215050,83000.0
1215134,96000.0
1215138,73000.0
1215362,99000.0
1215366,80000.0
1215368,104000.0
1215369,177000.0
1215374,143000.0
1215388,657000.0
1215448,80000.0
1215451,73000.0
1215486,130000.0
1215488,141000.0
1215496,135000.0
1215498,189000.0
1215555,100000.0
1215556,187000.0
1215560,371000.0
1215573,147000.0
1215591,80000.0
1215596,139000.0
1215746,195000.0
1215748,125000.0
1215754,72000.0
1215756,277000.0
1215758,125000.0
1215761,101000.0
1215762,89000.0
1215766,103000.0
1215767,762000.0
1215776,330000.0
1215784,213000.0
1215791,75000.0
1215796,94000.0
1215797,111000.0
1215798,105000.0
1215806,131000.0
1215810,77000.0
1216439,62000.0
1217024,93000.0
1217029,144000.0
1217034,82000.0
1217036,104000.0
1217037,98000.0
1217038,102000.0
1217233,137000.0
1217234,95000.0
1217247,115000.0
1217248,106000.0
1217250,114000.0
1217540,165000.0
1217556,111000.0
1217557,97000.0
1217559,56000.0
1217578,162000.0
1217875,47000.0
1217881,58000.0
1219303,100000.0
1219356,213000.0
1219361,213000.0
1219426,115000.0
1219482,208000.0
1219492,79000.0
1219515,298000.0
1219518,255000.0
1219520,153000.0
1219620,143000.0
1219653,100000.0
1219665,192000.0
1219668,105000.0
1219670,65000.0
1219706,155000.0
1219714,176000.0
1219756,113000.0
1220007,78000.0
1220137,289000.0
1220139,252000.0
1220671,134000.0
1220690,76000.0
1220731,187000.0
1220732,85000.0
1220739,153000.0
1222082,235000.0
1222084,80000.0
1222087,274000.0
1222182,182000.0
1222183,187000.0
1222194,218000.0
1222252,125000.0
1223720,110000.0
1223812,130000.0
1223816,225000.0
1223827,139000.0
1223836,189000.0
1223838,111000.0
1223841,78000.0
1223860,270000.0
1223861,130000.0
1223863,156000.0
1223867,160000.0
1223875,95000.0
1223892,174000.0
1223897,167000.0
1224003,120000.0
1224006,95000.0
1224010,134000.0
1224014,96000.0
1224033,149000.0
1224068,254000.0
1224071,100000.0
1224121,118000.0
1224146,121000.0
1224153,101000.0
1224653,131000.0
1224668,82000.0
1224776,104000.0
1224788,192000.0
1225148,339000.0
1225155,190000.0
1225157,229000.0
1225159,265000.0
1225238,159000.0
1225323,113000.0
1225362,76000.0
1225363,106000.0
1225376,185000.0
1225378,87000.0
1225818,85000.0
1226392,107000.0
1226394,131000.0
1226516,163000.0
1226517,173000.0
1226741,156000.0
1226743,96000.0
1226745,117000.0
1226748,170000.0
1226749,136000.0
1226782,143000.0
1226789,66000.0
1226799,132000.0
1226860,85000.0
1226867,116000.0
1226963,137000.0
1227068,125000.0
1227072,254000.0
1227075,85000.0
1227080,134000.0
1227083,134000.0
1227087,131000.0
1227113,97000.0
1227115,109000.0
1227127,82000.0
1227165,125000.0
1227292,101000.0
1227294,200000.0
1227296,164000.0
1227675,473000.0
1227679,212000.0
1227680,221000.0
1227687,237000.0
1227690,114000.0
1227707,173000.0
1227708,167000.0
1227709,209000.0
1227720,232000.0
1227815,304000.0
1227857,377000.0
1227859,277000.0
1227865,192000.0
1227902,147000.0
1227904,97000.0
1227921,472000.0
1227928,92000.0
1227948,271000.0
1227951,311000.0
1228096,114000.0
1228098,90000.0
1228597,274000.0
1228622,180000.0
1228630,135000.0
1228639,137000.0
1228640,169000.0
1228821,139000.0
1228828,218000.0
1228829,483000.0
1228966,306000.0
1228972,351000.0
1228973,754000.0
1228974,1112000.0
1228985,432000.0
1229013,196000.0
1229016,150000.0
1229018,167000.0
1229020,260000.0
1229022,179000.0
1229028,114000.0
1229030,133000.0
1229031,156000.0
1229038,212000.0
1229176,711000.0
1229188,428000.0
1229190,665000.0
1229201,167000.0
1229212,155000.0
1229218,174000.0
1229220,153000.0
1229224,117000.0
1229225,147000.0
1229462,350000.0
1229540,145000.0
1229541,128000.0
1229591,137000.0
1229597,166000.0
1229598,166000.0
1230015,116000.0
1230020,116000.0
1230030,111000.0
1230031,73000.0
1230037,94000.0
1230038,175000.0
1230039,104000.0
1230040,169000.0
1230045,91000.0
1230070,63000.0
1231407,208000.0
1231410,149000.0
1231549,428000.0
1231551,193000.0
1231558,76000.0
1231661,102000.0
1231688,188000.0
1231696,268000.0
1231704,92000.0
1231710,186000.0
1231711,87000.0
1231719,104000.0
1231753,106000.0
1231846,344000.0
1231908,95000.0
1231938,125000.0
1231982,163000.0
1232000,123000.0
1232001,123000.0
1232002,123000.0
1232475,429000.0
1232477,198000.0
1232484,71000.0
1232490,97000.0
1232637,97000.0
1232646,87000.0
1232662,121000.0
1233033,77000.0
1233038,97000.0
1233250,486000.0
1233263,122000.0
1233265,190000.0
1233268,172000.0
1233307,112000.0
1233314,108000.0
1233329,302000.0
1233345,227000.0
1233349,102000.0
1233447,106000.0
1233450,65000.0
1233453,66000.0
1233462,95000.0
1233465,132000.0
1233471,46000.0
1233474,112000.0
1233479,108000.0
1233487,134000.0
1233488,202000.0
1233490,88000.0
1233493,89000.0
1233495,77000.0
1233497,80000.0
1233542,72000.0
1233552,75000.0
1233557,189000.0
1233567,85000.0
1233568,108000.0
1233569,108000.0
1233683,326000.0
1233764,382000.0
1233861,94000.0
1233877,95000.0
1233987,330000.0
1233989,152000.0
1234069,137000.0
1234103,187000.0
1234104,179000.0
1234343,350000.0
1234348,110000.0
1234349,112000.0
1234495,270000.0
1234496,114000.0
1234497,184000.0
1234499,146000.0
1234515,157000.0
1234516,122000.0
1234528,232000.0
1234612,252000.0
1234760,58000.0
1234763,77000.0
1234766,137000.0
1234772,129000.0
1234818,116000.0
1235137,361000.0
1235157,125000.0
1235163,322000.0
1235168,264000.0
1235169,257000.0
1235170,265000.0
1235228,265000.0
1235244,273000.0
1235266,263000.0
1235290,549000.0
1235294,620000.0
1235303,112000.0
1235312,211000.0
1235314,436000.0
1235337,447000.0
1235354,242000.0
1235360,884000.0
1235386,943000.0
1235538,289000.0
1235542,392000.0
1235546,302000.0
1235552,690000.0
1235662,934000.0
1235678,71000.0
1235679,128000.0
1235688,162000.0
1235689,161000.0
1235741,198000.0
1235742,177000.0
1235744,198000.0
1235745,199000.0
1235746,198000.0
1235747,198000.0
1235786,390000.0
1235796,418000.0
1235824,571000.0
1235825,1101000.0
1235874,280000.0
1235885,649000.0
1235886,650000.0
1235887,365000.0
1235916,699000.0
1235996,183000.0
1235997,192000.0
1236001,574000.0
1236007,711000.0
1236009,673000.0
1236010,1374000.0
1236082,93000.0
1236126,222000.0
1236137,153000.0
1236150,133000.0
1236152,196000.0
1236160,276000.0
1236162,820000.0
1236183,254000.0
1236186,164000.0
1236189,192000.0
1236201,125000.0
1236353,135000.0
1236355,160000.0
1236463,115000.0
1236479,81000.0
1236480,80000.0
1236822,78000.0
1236911,682000.0
1236986,107000.0
1236991,200000.0
1236993,107000.0
1237029,129000.0
1237033,79000.0
1237049,97000.0
1237051,122000.0
1237164,123000.0
1237170,356000.0
1237492,64000.0
1237495,133000.0
1237545,72000.0
1237979,231000.0
1237998,179000.0
1238015,146000.0
1238100,112000.0
1238115,154000.0
1238129,290000.0
1238182,121000.0
1238190,157000.0
1238195,373000.0
1238198,181000.0
1238207,127000.0
1238213,207000.0
1238216,223000.0
1238226,135000.0
1238229,371000.0
1238231,279000.0
1238232,275000.0
1238237,143000.0
1238241,220000.0
1238242,201000.0
1238244,189000.0
1238245,150000.0
1238258,88000.0
1238259,226000.0
1238261,213000.0
1238263,346000.0
1238264,176000.0
1238384,74000.0
1238386,145000.0
1238419,205000.0
1238422,201000.0
1238435,108000.0
1238439,411000.0
1238572,428000.0
1238582,272000.0
1238589,181000.0
1238614,93000.0
1238793,178000.0
1238800,479000.0
1238802,280000.0
1238807,387000.0
1238812,117000.0
1238813,266000.0
1238814,96000.0
1238827,154000.0
1238834,181000.0
1238964,111000.0
1238965,143000.0
1239003,173000.0
1239006,309000.0
1239029,200000.0
1239054,241000.0
1239062,208000.0
1239067,245000.0
1239078,224000.0
1239100,173000.0
1239106,139000.0
1239112,212000.0
1239158,276000.0
1239160,103000.0
1239161,96000.0
1239162,99000.0
1239239,261000.0
1239260,323000.0
1239261,325000.0
1239271,171000.0
1239276,457000.0
1239278,273000.0
1239294,166000.0
1239313,205000.0
1239402,210000.0
1239482,132000.0
1239483,132000.0
1239484,132000.0
1239485,132000.0
1239490,227000.0
1239519,230000.0
1239527,171000.0
1239532,232000.0
1239533,196000.0
1239534,199000.0
1239535,201000.0
1239537,302000.0
1239558,127000.0
1239566,104000.0
1239568,220000.0
1239577,119000.0
1239578,87000.0
1239585,116000.0
1239589,183000.0
1239598,211000.0
1239601,966000.0
1239963,199000.0
1239978,778000.0
1239994,445000.0
1240122,413000.0
1240137,614000.0
1240202,105000.0
1240229,133000.0
1240235,450000.0
1240281,167000.0
1240283,533000.0
1240338,73000.0
1240418,80000.0
1240441,476000.0
1240442,173000.0
1240444,214000.0
1240448,321000.0
1240464,380000.0
1240465,112000.0
1240498,106000.0
1240504,68000.0
1240505,89000.0
1240516,95000.0
1240535,88000.0
1240539,90000.0
1240540,67000.0
1240617,100000.0
1240649,112000.0
1240720,90000.0
1240728,87000.0
1240735,71000.0
1240736,95000.0
1240977,99000.0
1240979,75000.0
1241045,55000.0
1241069,64000.0
1241079,322000.0
1241087,84000.0
1241091,108000.0
1241093,110000.0
1241095,318000.0
1241101,122000.0
1241103,79000.0
1241115,86000.0
1241117,106000.0
1241128,95000.0
1241130,737000.0
1241139,262000.0
1241151,130000.0
1241289,69000.0
1241295,80000.0
1241453,127000.0
1241454,103000.0
1241459,172000.0
1241460,76000.0
1241478,134000.0
1241488,89000.0
1241744,177000.0
1241746,86000.0
1241753,119000.0
1241756,114000.0
1241757,112000.0
1241760,88000.0
1241761,108000.0
1241764,110000.0
1241795,170000.0
1241796,116000.0
1241798,81000.0
1241803,81000.0
1241804,78000.0
1241807,81000.0
1241810,61000.0
1241813,81000.0
1241826,95000.0
1241833,69000.0
1241834,78000.0
1241837,108000.0
1241842,90000.0
1241843,145000.0
1241897,93000.0
1241913,73000.0
1241975,98000.0
1241978,172000.0
1241980,78000.0
1241981,79000.0
1241983,72000.0
1242077,89000.0
1242080,67000.0
1242082,146000.0
1242090,70000.0
1242092,54000.0
1242118,144000.0
1242119,192000.0
1242131,78000.0
1242132,56000.0
1242135,74000.0
1242139,85000.0
70723,17000.0
71009,294000.0
71030,19000.0
71670,21000.0
71671,16000.0
71694,21000.0
71697,113000.0
71717,24000.0
71727,27000.0
71785,26000.0
72264,311000.0
72276,19000.0
72325,17000.0
72326,144000.0
72327,23000.0
72548,201000.0
72571,23000.0
72713,22000.0
696861,57000.0
696875,44000.0
696882,99000.0
