id,price
264893,996000.0
264899,167000.0
264910,350000.0
264915,116000.0
264919,65000.0
264928,159000.0
264932,129000.0
264935,160000.0
264939,516000.0
264944,138000.0
264954,154000.0
264955,155000.0
264969,909000.0
264978,152000.0
264983,128000.0
264984,62000.0
264985,103000.0
265031,195000.0
265032,155000.0
265058,248000.0
265066,253000.0
265068,118000.0
265069,827000.0
265070,118000.0
265077,128000.0
265090,593000.0
265094,342000.0
265101,160000.0
265102,151000.0
265105,173000.0
265106,151000.0
265108,109000.0
265115,154000.0
265147,65000.0
265152,161000.0
265153,205000.0
265170,732000.0
265176,88000.0
265187,395000.0
265189,110000.0
265198,603000.0
265225,102000.0
265233,124000.0
265237,345000.0
265253,250000.0
265280,284000.0
265287,220000.0
265293,121000.0
265296,171000.0
265307,264000.0
265308,240000.0
265312,236000.0
265313,141000.0
265314,248000.0
265315,201000.0
265320,183000.0
265333,245000.0
265346,183000.0
265351,238000.0
265356,123000.0
265357,122000.0
265358,116000.0
265363,321000.0
265369,107000.0
265372,212000.0
265402,242000.0
265406,188000.0
265420,306000.0
265436,191000.0
265438,214000.0
265442,151000.0
265449,169000.0
265452,212000.0
265455,141000.0
265461,531000.0
265465,140000.0
265481,139000.0
265488,233000.0
265501,125000.0
265514,230000.0
265515,124000.0
265516,119000.0
265517,282000.0
265526,215000.0
265533,564000.0
265539,145000.0
265543,132000.0
265544,132000.0
265556,150000.0
265559,269000.0
265561,273000.0
265584,218000.0
265586,143000.0
265587,141000.0
265588,178000.0
265593,371000.0
265596,375000.0
265607,182000.0
265608,187000.0
265610,147000.0
265613,330000.0
265653,227000.0
265663,363000.0
265669,287000.0
265675,165000.0
265699,336000.0
265701,211000.0
265703,213000.0
265704,211000.0
265743,213000.0
265748,120000.0
265759,184000.0
265795,282000.0
265797,267000.0
265805,321000.0
265806,144000.0
265810,161000.0
265819,151000.0
265820,470000.0
265833,267000.0
265834,111000.0
265843,614000.0
265851,584000.0
265862,647000.0
265864,884000.0
265869,572000.0
265887,594000.0
265907,532000.0
265913,1210000.0
265921,102000.0
265923,380000.0
265925,951000.0
265957,329000.0
265958,1166000.0
265960,360000.0
265963,128000.0
265969,828000.0
266004,713000.0
266028,42000.0
266029,1012000.0
266032,762000.0
266034,710000.0
266055,908000.0
266075,1044000.0
266077,1044000.0
266080,329000.0
266093,1093000.0
266094,807000.0
266100,814000.0
266116,911000.0
266129,521000.0
266144,450000.0
266160,713000.0
266165,432000.0
266196,262000.0
266199,336000.0
266202,291000.0
266210,304000.0
266211,752000.0
266213,335000.0
266218,252000.0
266219,297000.0
266220,503000.0
266234,295000.0
266241,172000.0
266248,235000.0
266251,489000.0
266256,722000.0
266259,350000.0
266274,192000.0
266275,657000.0
266276,550000.0
266279,285000.0
266280,646000.0
266281,433000.0
266299,436000.0
266300,307000.0
266305,91000.0
266314,740000.0
266315,624000.0
266329,95000.0
266332,161000.0
266350,180000.0
266368,214000.0
266375,290000.0
266381,261000.0
266382,179000.0
266393,116000.0
266394,249000.0
266402,131000.0
266406,196000.0
266423,254000.0
266424,102000.0
266438,247000.0
266454,184000.0
266463,127000.0
266465,143000.0
266479,199000.0
266480,251000.0
266485,198000.0
266486,166000.0
266496,270000.0
266508,575000.0
266510,155000.0
266511,241000.0
266512,192000.0
266514,207000.0
266517,329000.0
266539,164000.0
266542,305000.0
266545,116000.0
266548,335000.0
266550,287000.0
266556,288000.0
266559,285000.0
266565,143000.0
266568,322000.0
266569,214000.0
266575,214000.0
266580,200000.0
266581,223000.0
266582,192000.0
266583,201000.0
266602,446000.0
266606,383000.0
266618,266000.0
266619,386000.0
266620,151000.0
266624,158000.0
266626,360000.0
266662,116000.0
266667,329000.0
266668,346000.0
266677,729000.0
266681,398000.0
266682,552000.0
266690,322000.0
266694,280000.0
266695,280000.0
266698,457000.0
266699,327000.0
266727,421000.0
266729,628000.0
266731,430000.0
266732,649000.0
266740,834000.0
266744,425000.0
266748,397000.0
266768,207000.0
266770,702000.0
266771,637000.0
266778,448000.0
266779,553000.0
266781,284000.0
266785,611000.0
266809,490000.0
266819,320000.0
266821,488000.0
266824,181000.0
266830,614000.0
266831,724000.0
266845,395000.0
266846,467000.0
266847,418000.0
266851,340000.0
266858,162000.0
266859,750000.0
266862,633000.0
266863,334000.0
266864,527000.0
266872,219000.0
266875,393000.0
266877,830000.0
266882,474000.0
266883,143000.0
266886,488000.0
266918,135000.0
266919,406000.0
266920,294000.0
266953,442000.0
266954,397000.0
266955,507000.0
266957,406000.0
266965,650000.0
266966,468000.0
266969,262000.0
266984,447000.0
266989,1450000.0
266990,320000.0
267015,248000.0
267016,249000.0
267017,249000.0
267018,103000.0
267019,319000.0
267020,314000.0
267025,505000.0
267028,780000.0
267041,320000.0
267054,249000.0
267082,169000.0
267084,358000.0
267085,341000.0
267103,273000.0
267104,110000.0
267106,193000.0
267113,180000.0
267126,139000.0
267128,131000.0
267131,201000.0
267138,117000.0
267147,158000.0
267153,189000.0
267154,129000.0
267171,145000.0
267173,124000.0
267188,129000.0
267198,145000.0
267199,145000.0
267218,242000.0
267220,217000.0
267221,155000.0
267245,298000.0
267247,144000.0
267248,201000.0
267249,193000.0
267253,215000.0
267269,269000.0
267271,236000.0
267274,367000.0
267281,234000.0
267303,225000.0
267305,250000.0
267306,203000.0
267307,148000.0
267309,228000.0
267311,230000.0
267312,240000.0
267315,386000.0
267331,162000.0
267338,221000.0
267342,143000.0
267344,148000.0
267346,242000.0
267366,192000.0
267369,179000.0
267371,133000.0
267375,153000.0
267376,161000.0
267379,130000.0
267381,247000.0
267382,234000.0
267407,161000.0
267422,181000.0
267424,210000.0
267428,239000.0
267431,161000.0
267434,142000.0
267437,173000.0
267438,170000.0
267439,163000.0
267440,210000.0
267441,228000.0
267443,200000.0
267460,540000.0
267463,1115000.0
267494,1100000.0
267510,380000.0
267515,405000.0
267520,363000.0
267522,680000.0
267523,722000.0
267524,467000.0
267544,270000.0
267546,289000.0
267551,456000.0
267553,546000.0
267563,437000.0
267584,680000.0
267585,504000.0
267587,395000.0
267598,378000.0
267602,280000.0
267614,506000.0
267617,826000.0
267619,927000.0
267620,436000.0
267623,612000.0
267627,202000.0
267633,158000.0
267644,384000.0
267667,121000.0
267738,135000.0
267740,133000.0
267743,208000.0
267778,165000.0
267779,191000.0
267799,180000.0
267800,195000.0
267814,1320000.0
267816,192000.0
267833,167000.0
267834,130000.0
267836,181000.0
267847,129000.0
267858,290000.0
267891,374000.0
267896,576000.0
267899,131000.0
267900,213000.0
267902,563000.0
267908,760000.0
267924,318000.0
267933,138000.0
267936,601000.0
267939,285000.0
267941,435000.0
267942,263000.0
267967,109000.0
267970,187000.0
267980,131000.0
267990,206000.0
267992,351000.0
267994,425000.0
267995,91000.0
267999,168000.0
268003,435000.0
268020,216000.0
268033,307000.0
268041,152000.0
268056,136000.0
268067,246000.0
268070,117000.0
268071,468000.0
268121,301000.0
268144,206000.0
268145,520000.0
268147,130000.0
268149,164000.0
268150,130000.0
268157,187000.0
268159,353000.0
268161,675000.0
268175,182000.0
268189,206000.0
268208,151000.0
308905,169000.0
312310,627000.0
312331,432000.0
695165,502000.0
695166,230000.0
695170,292000.0
695176,304000.0
695178,302000.0
695181,338000.0
695183,390000.0
695185,280000.0
695196,317000.0
695203,248000.0
695205,210000.0
695207,177000.0
695236,352000.0
695238,204000.0
695252,202000.0
695257,533000.0
713635,333000.0
714108,175000.0
714284,217000.0
714645,496000.0
714753,543000.0
714863,861000.0
714924,500000.0
715132,185000.0
715405,223000.0
715433,598000.0
715694,358000.0
715746,162000.0
715898,231000.0
715902,249000.0
715996,570000.0
716065,311000.0
716097,968000.0
716329,197000.0
716360,367000.0
716377,422000.0
716484,264000.0
716541,320000.0
716634,325000.0
716888,578000.0
717017,397000.0
717109,228000.0
717307,412000.0
717459,309000.0
717524,313000.0
717568,192000.0
717688,264000.0
717690,740000.0
717797,322000.0
717829,270000.0
717945,773000.0
717983,603000.0
718276,739000.0
718584,414000.0
718617,213000.0
718717,286000.0
718867,427000.0
718943,499000.0
718997,402000.0
719116,175000.0
719132,432000.0
719287,272000.0
719579,542000.0
719846,241000.0
719893,270000.0
720041,363000.0
720088,318000.0
720180,254000.0
720249,147000.0
720261,362000.0
720293,367000.0
720364,239000.0
720455,384000.0
720564,216000.0
720679,263000.0
720725,155000.0
720817,283000.0
720854,374000.0
720920,159000.0
721130,249000.0
721266,220000.0
721531,183000.0
721844,161000.0
721882,457000.0
722050,165000.0
722151,174000.0
722225,1090000.0
722264,284000.0
722516,485000.0
722520,196000.0
722594,324000.0
722649,109000.0
722769,153000.0
724397,277000.0
724457,252000.0
724486,316000.0
724488,692000.0
724574,437000.0
724620,568000.0
724674,284000.0
724767,745000.0
724786,448000.0
724908,488000.0
725124,244000.0
725211,310000.0
725280,242000.0
725364,366000.0
725393,312000.0
725425,273000.0
725455,302000.0
725547,380000.0
725814,259000.0
725829,223000.0
725999,763000.0
726088,283000.0
726214,305000.0
726348,254000.0
726542,336000.0
726620,257000.0
726910,320000.0
727068,480000.0
727229,136000.0
727458,390000.0
727699,392000.0
728077,120000.0
728089,412000.0
728272,294000.0
728553,559000.0
728592,150000.0
728640,308000.0
728663,225000.0
729105,210000.0
729267,188000.0
729622,250000.0
730128,157000.0
730298,152000.0
730619,165000.0
730712,348000.0
731061,186000.0
731131,214000.0
731142,524000.0
731240,213000.0
731527,157000.0
731655,280000.0
731841,310000.0
731925,168000.0
732382,210000.0
732568,235000.0
732810,314000.0
732969,204000.0
733029,365000.0
733077,837000.0
733091,535000.0
733208,178000.0
733226,213000.0
733230,152000.0
733238,276000.0
733347,418000.0
733542,292000.0
734153,136000.0
734154,254000.0
734176,562000.0
734212,346000.0
734217,387000.0
734258,380000.0
734334,415000.0
734397,296000.0
734666,164000.0
734674,269000.0
734675,298000.0
734724,767000.0
734919,310000.0
735058,407000.0
735319,388000.0
735691,354000.0
735730,632000.0
735875,250000.0
736019,197000.0
736274,178000.0
736752,303000.0
736842,162000.0
736845,810000.0
736880,362000.0
737208,281000.0
737501,360000.0
737652,412000.0
737722,871000.0
738039,358000.0
738057,332000.0
738082,403000.0
738665,277000.0
738841,295000.0
739007,179000.0
739075,195000.0
739255,496000.0
739492,278000.0
740378,621000.0
740535,101000.0
741340,369000.0
741408,175000.0
741684,220000.0
742269,347000.0
742430,351000.0
742608,660000.0
742744,278000.0
742791,246000.0
742826,239000.0
742881,205000.0
742899,203000.0
743231,314000.0
743527,538000.0
743534,284000.0
743562,169000.0
743664,351000.0
743926,563000.0
744027,344000.0
744337,333000.0
744508,209000.0
744690,181000.0
745006,262000.0
745047,190000.0
745193,342000.0
745245,182000.0
745515,238000.0
746017,560000.0
746053,145000.0
746265,799000.0
746355,747000.0
746375,166000.0
746382,296000.0
746483,163000.0
746772,148000.0
746949,224000.0
746954,214000.0
746984,146000.0
748310,342000.0
748476,294000.0
748712,324000.0
748736,172000.0
748773,185000.0
748803,403000.0
749336,245000.0
749657,194000.0
749755,366000.0
749845,138000.0
750054,411000.0
750136,232000.0
750580,271000.0
750771,506000.0
751301,184000.0
751365,379000.0
751450,604000.0
751496,907000.0
751560,783000.0
751799,361000.0
751846,127000.0
751847,182000.0
751897,342000.0
751958,249000.0
751960,267000.0
752204,165000.0
752309,667000.0
752365,175000.0
752608,250000.0
752648,192000.0
752691,319000.0
752814,204000.0
752877,215000.0
753069,228000.0
753118,152000.0
753224,450000.0
753227,237000.0
753248,147000.0
753391,303000.0
753482,192000.0
753516,399000.0
753532,302000.0
753563,127000.0
753651,970000.0
753842,184000.0
754089,240000.0
754090,233000.0
754125,329000.0
754506,297000.0
754620,166000.0
754630,320000.0
754802,203000.0
754861,242000.0
754927,262000.0
754936,632000.0
755034,196000.0
755072,160000.0
755075,145000.0
755879,207000.0
756141,334000.0
757137,506000.0
757268,299000.0
757525,291000.0
757552,227000.0
757671,205000.0
757699,160000.0
757723,294000.0
757778,243000.0
757807,351000.0
757810,407000.0
758073,220000.0
758157,149000.0
758385,556000.0
758409,144000.0
758503,188000.0
758531,175000.0
758589,174000.0
758722,118000.0
758785,304000.0
758793,223000.0
758855,338000.0
758943,306000.0
758961,266000.0
759020,239000.0
759066,211000.0
759073,214000.0
759076,328000.0
759330,232000.0
760184,239000.0
760381,527000.0
760382,525000.0
760545,511000.0
760920,237000.0
767749,219000.0
767766,266000.0
767960,313000.0
768051,227000.0
771578,212000.0
771667,453000.0
771785,147000.0
771860,159000.0
772094,173000.0
772238,200000.0
772563,328000.0
772956,222000.0
773061,254000.0
773111,250000.0
773288,196000.0
773498,611000.0
773599,315000.0
773705,201000.0
773905,96000.0
773965,410000.0
773973,173000.0
774075,330000.0
774236,121000.0
774296,399000.0
774423,242000.0
774558,392000.0
774559,446000.0
774858,186000.0
774859,208000.0
774860,202000.0
774861,253000.0
774863,224000.0
774864,208000.0
774865,330000.0
774866,219000.0
774870,305000.0
774874,157000.0
774908,398000.0
774914,253000.0
775168,298000.0
775205,258000.0
775210,447000.0
775320,384000.0
775438,224000.0
775442,217000.0
775443,209000.0
775444,192000.0
775445,219000.0
775447,214000.0
775448,179000.0
775554,266000.0
775555,151000.0
775586,294000.0
775612,307000.0
775729,143000.0
775785,153000.0
775911,210000.0
776126,156000.0
776220,538000.0
776281,280000.0
776537,571000.0
776718,217000.0
776786,219000.0
777092,479000.0
777265,220000.0
777365,454000.0
777442,207000.0
777610,599000.0
777612,175000.0
777763,246000.0
777818,349000.0
778020,229000.0
792324,496000.0
792630,174000.0
792713,112000.0
792725,257000.0
792887,284000.0
792939,607000.0
793005,231000.0
793008,307000.0
793066,235000.0
793127,312000.0
793161,177000.0
793409,217000.0
793475,270000.0
793537,447000.0
793642,217000.0
793661,250000.0
793768,311000.0
793977,853000.0
793978,248000.0
794009,530000.0
794521,170000.0
794522,206000.0
794646,185000.0
794657,236000.0
794681,336000.0
794957,309000.0
795043,165000.0
795214,163000.0
795458,185000.0
795504,362000.0
795614,208000.0
795689,315000.0
795690,350000.0
795749,366000.0
795780,315000.0
796046,456000.0
796093,151000.0
796230,390000.0
796239,439000.0
796407,736000.0
796414,301000.0
796526,236000.0
796611,228000.0
796612,223000.0
796693,172000.0
796941,266000.0
797000,331000.0
797301,341000.0
797320,308000.0
797501,270000.0
797556,348000.0
797602,229000.0
797607,229000.0
797650,228000.0
797759,688000.0
797840,297000.0
797920,151000.0
797955,132000.0
797986,169000.0
798122,408000.0
798154,534000.0
799016,201000.0
799634,250000.0
799788,551000.0
800114,246000.0
800138,348000.0
800424,114000.0
800449,675000.0
800510,537000.0
800532,253000.0
800541,266000.0
800609,294000.0
800668,245000.0
800744,402000.0
800866,306000.0
800903,485000.0
800916,360000.0
801752,284000.0
801804,216000.0
801847,622000.0
801858,195000.0
802128,498000.0
802258,199000.0
802295,254000.0
802341,284000.0
802386,859000.0
802424,188000.0
802445,179000.0
802668,265000.0
802700,196000.0
802704,292000.0
802728,416000.0
802910,202000.0
803292,407000.0
803311,97000.0
803329,196000.0
803374,281000.0
803536,468000.0
803639,451000.0
804024,252000.0
804212,653000.0
804231,258000.0
804291,644000.0
804531,135000.0
804598,229000.0
804627,156000.0
804631,165000.0
804637,424000.0
804655,191000.0
804744,231000.0
804766,180000.0
804807,130000.0
805014,643000.0
805098,690000.0
805194,420000.0
805373,555000.0
805394,267000.0
805486,192000.0
805500,406000.0
805630,180000.0
805757,257000.0
806068,519000.0
806144,145000.0
806361,199000.0
806422,337000.0
806448,292000.0
806622,229000.0
806748,180000.0
806977,452000.0
806994,461000.0
807158,100000.0
807182,211000.0
807185,229000.0
807247,95000.0
807280,345000.0
807366,199000.0
807797,214000.0
808029,302000.0
808116,357000.0
808193,673000.0
808317,265000.0
808398,197000.0
808402,306000.0
808665,230000.0
808694,144000.0
809040,280000.0
809598,298000.0
809658,179000.0
810178,138000.0
810217,332000.0
810247,184000.0
810250,164000.0
810315,352000.0
810593,645000.0
810694,198000.0
810750,177000.0
810752,441000.0
810823,551000.0
811013,797000.0
811014,911000.0
811029,830000.0
811033,333000.0
811079,184000.0
811149,547000.0
811154,167000.0
811318,272000.0
811572,485000.0
811752,210000.0
811825,170000.0
811863,594000.0
811890,199000.0
812013,172000.0
812020,205000.0
812190,196000.0
812277,299000.0
812281,387000.0
812496,553000.0
813366,222000.0
813513,213000.0
813541,175000.0
813723,715000.0
813854,372000.0
813900,965000.0
813905,485000.0
813991,203000.0
814439,123000.0
814562,757000.0
814741,204000.0
814748,171000.0
814792,202000.0
814808,160000.0
814955,340000.0
815240,351000.0
815395,591000.0
815501,170000.0
815512,225000.0
815573,448000.0
815588,215000.0
815670,476000.0
815688,314000.0
815690,276000.0
815696,521000.0
815763,233000.0
815988,316000.0
816064,334000.0
816242,489000.0
816290,397000.0
816334,439000.0
816744,261000.0
816890,200000.0
816995,137000.0
816999,268000.0
817070,264000.0
817184,1001000.0
817220,252000.0
817222,223000.0
817335,344000.0
817398,151000.0
817401,661000.0
817469,742000.0
817478,888000.0
817485,465000.0
849254,465000.0
849335,420000.0
849583,379000.0
849628,296000.0
849715,709000.0
849938,543000.0
850070,287000.0
850071,257000.0
850074,633000.0
850143,148000.0
850650,468000.0
850688,206000.0
850706,181000.0
851200,224000.0
851362,542000.0
851404,704000.0
851791,298000.0
851810,208000.0
851844,295000.0
851885,405000.0
851929,405000.0
852009,204000.0
852060,660000.0
852108,474000.0
852166,177000.0
852210,728000.0
852356,192000.0
852727,398000.0
852786,173000.0
852794,170000.0
852798,335000.0
852811,220000.0
852983,238000.0
853152,299000.0
853212,333000.0
853308,252000.0
853360,303000.0
853400,326000.0
853448,185000.0
853547,701000.0
853738,273000.0
853999,158000.0
854058,174000.0
854206,493000.0
854316,493000.0
854372,763000.0
854548,308000.0
854627,434000.0
854717,628000.0
854804,491000.0
854850,281000.0
855254,518000.0
855290,269000.0
855591,498000.0
855835,507000.0
856006,444000.0
856174,180000.0
856192,261000.0
856247,370000.0
856511,735000.0
856637,306000.0
856638,239000.0
856646,246000.0
856699,546000.0
856869,333000.0
856903,443000.0
857014,467000.0
857021,285000.0
857337,118000.0
857466,309000.0
857561,414000.0
857715,331000.0
857930,702000.0
857933,695000.0
857984,125000.0
858020,149000.0
858115,213000.0
858187,417000.0
858284,292000.0
858313,178000.0
858343,185000.0
858367,418000.0
858368,213000.0
858391,402000.0
858467,176000.0
858620,292000.0
858789,454000.0
858910,252000.0
858923,528000.0
858925,169000.0
859089,191000.0
859208,417000.0
859213,265000.0
859448,385000.0
859735,344000.0
859737,202000.0
859952,274000.0
860006,274000.0
860132,175000.0
860301,133000.0
860323,158000.0
860335,218000.0
860364,131000.0
860502,520000.0
860548,705000.0
860582,431000.0
860748,454000.0
860775,469000.0
860948,388000.0
861031,621000.0
861333,162000.0
861384,248000.0
861474,295000.0
861714,283000.0
861731,310000.0
861732,104000.0
861737,205000.0
861820,334000.0
861885,464000.0
862030,319000.0
862188,205000.0
862261,179000.0
862281,215000.0
862618,188000.0
862788,519000.0
862799,262000.0
862968,211000.0
862970,197000.0
862972,337000.0
863013,170000.0
863030,443000.0
863134,534000.0
863308,230000.0
863598,489000.0
863775,212000.0
863870,623000.0
863876,241000.0
863878,246000.0
863962,572000.0
864003,640000.0
864031,424000.0
864076,371000.0
864259,265000.0
864264,273000.0
864392,484000.0
864413,491000.0
864696,277000.0
864957,482000.0
864967,224000.0
865059,320000.0
865088,158000.0
865172,203000.0
865294,214000.0
865295,214000.0
865397,386000.0
865837,175000.0
865915,794000.0
865988,235000.0
866170,186000.0
866219,171000.0
866221,108000.0
866233,338000.0
866670,143000.0
866690,495000.0
866710,130000.0
866832,250000.0
866953,437000.0
867179,176000.0
867437,307000.0
867463,358000.0
867734,277000.0
867910,203000.0
868080,218000.0
868188,188000.0
868288,974000.0
868374,314000.0
868833,262000.0
869107,169000.0
869128,162000.0
869129,177000.0
869138,300000.0
869231,353000.0
869299,665000.0
869366,344000.0
869499,216000.0
869632,243000.0
869658,159000.0
869693,394000.0
870083,277000.0
870420,335000.0
870666,147000.0
870737,342000.0
870738,246000.0
870742,277000.0
870773,165000.0
870921,289000.0
871140,284000.0
871143,265000.0
871239,325000.0
871264,136000.0
871783,468000.0
871887,352000.0
872186,150000.0
872351,369000.0
872453,592000.0
872615,350000.0
873114,246000.0
873126,240000.0
873173,275000.0
873306,167000.0
874035,367000.0
874087,237000.0
874106,932000.0
874111,132000.0
874132,269000.0
874172,132000.0
874299,305000.0
874301,137000.0
874678,330000.0
875005,293000.0
875040,220000.0
875084,265000.0
875343,270000.0
875373,639000.0
875694,441000.0
875715,349000.0
875883,350000.0
875956,564000.0
876188,200000.0
876243,213000.0
876248,201000.0
876298,1095000.0
876348,256000.0
876525,458000.0
876573,240000.0
876658,182000.0
876802,132000.0
877045,241000.0
877057,202000.0
877061,192000.0
877082,270000.0
877159,699000.0
877356,252000.0
877405,298000.0
877586,272000.0
877678,201000.0
877695,821000.0
877858,135000.0
877986,410000.0
877992,464000.0
877993,445000.0
877999,175000.0
878136,237000.0
878160,312000.0
878162,261000.0
878163,164000.0
878164,394000.0
878185,266000.0
878259,125000.0
878329,249000.0
878421,721000.0
878447,270000.0
878983,271000.0
879011,421000.0
879025,305000.0
879202,561000.0
879262,339000.0
879410,185000.0
879445,191000.0
879490,460000.0
879704,254000.0
879837,140000.0
879874,276000.0
879899,254000.0
879907,264000.0
880010,206000.0
880022,476000.0
880054,161000.0
880204,395000.0
880277,195000.0
880443,226000.0
880473,219000.0
880481,583000.0
880488,583000.0
880535,523000.0
880552,473000.0
880554,473000.0
880659,229000.0
880698,344000.0
880710,375000.0
880760,232000.0
880910,594000.0
881195,276000.0
881204,477000.0
881269,182000.0
881271,306000.0
881536,300000.0
881648,226000.0
881673,508000.0
881944,406000.0
882063,588000.0
882221,227000.0
882324,233000.0
882337,489000.0
882438,256000.0
882778,198000.0
882904,229000.0
882962,308000.0
883438,153000.0
883576,231000.0
883600,225000.0
883704,157000.0
883831,266000.0
884093,240000.0
884099,196000.0
884231,174000.0
884499,436000.0
884561,571000.0
884563,571000.0
884654,137000.0
917473,227000.0
917675,385000.0
917724,946000.0
918021,543000.0
918033,307000.0
918035,356000.0
918495,481000.0
918508,787000.0
918559,175000.0
918632,492000.0
918906,435000.0
918909,237000.0
918921,424000.0
919282,795000.0
919294,615000.0
919346,364000.0
919348,650000.0
919349,482000.0
919389,517000.0
919475,221000.0
919477,264000.0
919478,156000.0
919577,335000.0
919708,352000.0
919726,140000.0
919736,333000.0
919757,201000.0
919778,346000.0
919891,168000.0
919997,267000.0
920012,385000.0
920013,194000.0
920137,457000.0
920258,546000.0
920314,408000.0
920322,496000.0
922004,270000.0
922014,136000.0
922214,194000.0
922244,305000.0
1024686,364000.0
1024698,474000.0
1024801,180000.0
1025018,293000.0
1025058,228000.0
1025061,232000.0
1025080,230000.0
1025173,149000.0
1025211,254000.0
1025298,324000.0
1025315,233000.0
1025346,197000.0
1025350,467000.0
1026050,419000.0
1026150,361000.0
1026439,130000.0
1026667,193000.0
1026670,325000.0
1026853,222000.0
1026857,442000.0
1027120,277000.0
1027152,177000.0
1027154,866000.0
1027285,307000.0
1027287,250000.0
1027289,228000.0
1027304,313000.0
1027312,260000.0
1027564,236000.0
1027908,231000.0
1028089,175000.0
1028529,294000.0
1028591,126000.0
1028658,191000.0
1028708,340000.0
1028749,439000.0
1028829,491000.0
1028874,315000.0
1029454,427000.0
1029472,857000.0
1029518,187000.0
1029744,222000.0
1029859,161000.0
1030059,398000.0
1030097,217000.0
1030101,156000.0
1030123,483000.0
1030203,333000.0
1030283,157000.0
1030444,643000.0
1030455,299000.0
1030459,157000.0
1030503,302000.0
1030736,133000.0
1030804,254000.0
1030937,501000.0
1031066,315000.0
1031181,234000.0
1031311,316000.0
1031478,202000.0
1031619,94000.0
1031690,446000.0
1031854,239000.0
1031858,410000.0
1031906,283000.0
1031920,180000.0
1031942,153000.0
1032259,334000.0
1032333,104000.0
1032385,200000.0
1032393,364000.0
1032599,165000.0
1032620,334000.0
1032637,307000.0
1032669,169000.0
1032731,361000.0
1032777,253000.0
1032887,159000.0
1032923,292000.0
1032932,670000.0
1033063,230000.0
1033091,230000.0
1033395,214000.0
1033445,149000.0
1033457,466000.0
1033533,186000.0
1033712,449000.0
1033894,219000.0
1033932,206000.0
1033937,565000.0
1033988,541000.0
1033989,541000.0
1034003,239000.0
1034012,140000.0
1034047,558000.0
1034062,105000.0
1034064,151000.0
1034065,179000.0
1034066,164000.0
1034068,258000.0
1034078,411000.0
1034088,236000.0
1034300,524000.0
1034363,228000.0
1034496,166000.0
1034605,308000.0
1034670,291000.0
1034716,349000.0
1034718,277000.0
1034778,808000.0
1034779,626000.0
1034803,243000.0
1034837,197000.0
1034944,283000.0
1035106,219000.0
1035111,263000.0
1035166,460000.0
1035490,433000.0
1035494,169000.0
1035524,221000.0
1035548,164000.0
1035564,210000.0
1035605,435000.0
1035785,247000.0
1035893,445000.0
1036037,400000.0
1036072,478000.0
1036103,438000.0
1036226,476000.0
1037508,329000.0
1037509,128000.0
1037613,720000.0
1037615,503000.0
1037616,1128000.0
1037617,683000.0
1037619,624000.0
1037699,236000.0
1037850,900000.0
1037908,320000.0
1038175,390000.0
1038180,236000.0
1038183,801000.0
1038322,584000.0
1038432,281000.0
1038447,149000.0
1038448,237000.0
1038494,231000.0
1038509,275000.0
1038512,221000.0
1038516,218000.0
1038517,210000.0
1038532,242000.0
1038541,314000.0
1038551,248000.0
1038600,163000.0
1038788,225000.0
1038956,431000.0
1038957,207000.0
1039041,146000.0
1039176,340000.0
1039208,138000.0
1039427,205000.0
1039430,317000.0
1039434,129000.0
1039449,214000.0
1039523,307000.0
1039795,290000.0
1039810,692000.0
1039879,386000.0
1040038,403000.0
1040077,815000.0
1040154,166000.0
1040155,185000.0
1040245,104000.0
1040616,171000.0
1040659,380000.0
1040829,161000.0
1040841,395000.0
1041077,237000.0
1041312,220000.0
1041324,88000.0
1041354,131000.0
1041377,78000.0
1041469,180000.0
1041480,264000.0
1041501,381000.0
1041515,315000.0
1041815,160000.0
1041945,475000.0
1041997,237000.0
1042010,476000.0
1042250,225000.0
1042254,279000.0
1042365,253000.0
1042421,337000.0
1042710,137000.0
1043106,252000.0
1043116,320000.0
1043117,199000.0
1043349,175000.0
1043369,317000.0
1043413,124000.0
1043475,259000.0
1043480,179000.0
1043482,361000.0
1043492,193000.0
1043501,204000.0
1043542,307000.0
1043603,213000.0
1043620,679000.0
1043688,260000.0
1043779,304000.0
1043799,325000.0
1043891,402000.0
1043892,379000.0
1043945,959000.0
1044186,176000.0
1044193,212000.0
1044204,306000.0
1044205,306000.0
1044215,547000.0
1044236,645000.0
1044277,483000.0
1044296,592000.0
1044297,997000.0
1044356,270000.0
1044456,184000.0
1044496,529000.0
1044569,269000.0
1044700,232000.0
1044742,225000.0
1044802,277000.0
1044803,259000.0
1044813,356000.0
1044832,178000.0
1044867,271000.0
1045016,285000.0
1045148,173000.0
1045209,276000.0
1045223,514000.0
1045320,239000.0
1045323,304000.0
1045414,209000.0
1045572,606000.0
1045573,496000.0
1045595,594000.0
1045679,213000.0
1045724,533000.0
1045725,533000.0
1045730,381000.0
1045799,294000.0
1045886,390000.0
1045930,946000.0
1045955,166000.0
1045981,334000.0
1046127,198000.0
1046209,214000.0
1046212,515000.0
1046225,188000.0
1046231,299000.0
1046257,383000.0
1046283,138000.0
1046328,202000.0
1046331,156000.0
1046356,173000.0
1046430,101000.0
1046462,232000.0
1046488,223000.0
1046498,268000.0
1046576,159000.0
1046593,570000.0
1046597,246000.0
1046633,322000.0
1046719,476000.0
1046832,151000.0
1046844,702000.0
1046861,178000.0
1046862,178000.0
1046875,226000.0
1046947,403000.0
1046952,345000.0
1046992,192000.0
1047083,168000.0
1047115,237000.0
1047118,495000.0
1047172,316000.0
1047190,244000.0
1047193,208000.0
1047257,186000.0
1047273,211000.0
1047480,298000.0
1047498,227000.0
1047543,782000.0
1047617,190000.0
1047712,196000.0
1047901,255000.0
1047986,287000.0
1048124,139000.0
1048181,207000.0
1048203,270000.0
1048241,167000.0
1048292,362000.0
1048310,231000.0
1048513,277000.0
1048631,143000.0
1049174,144000.0
1049242,857000.0
1049249,743000.0
1049252,194000.0
1049305,163000.0
1049306,167000.0
1049317,226000.0
1049322,578000.0
1049326,189000.0
1049334,521000.0
1049336,317000.0
1049377,182000.0
1049418,224000.0
1049447,171000.0
1049476,379000.0
1049480,421000.0
1049490,390000.0
1049498,178000.0
1049499,280000.0
1049504,368000.0
1049505,182000.0
1049521,158000.0
1049551,422000.0
1049557,227000.0
1049586,311000.0
1049673,265000.0
1049674,489000.0
1049684,433000.0
1049721,388000.0
1049728,194000.0
1049744,122000.0
1049769,350000.0
1049783,235000.0
1049881,373000.0
1049888,364000.0
1049902,715000.0
1049929,214000.0
1050083,421000.0
1050117,472000.0
1050132,434000.0
1050134,482000.0
1050140,311000.0
1050208,180000.0
1050240,241000.0
1050279,489000.0
1050338,152000.0
1050362,224000.0
1050433,537000.0
1050457,548000.0
1050501,583000.0
1050574,224000.0
1050594,471000.0
1050656,218000.0
1050862,372000.0
1050863,352000.0
1050909,381000.0
1050939,439000.0
1050946,206000.0
1050995,338000.0
1051015,131000.0
1051038,159000.0
1051097,364000.0
1051130,278000.0
1051148,664000.0
1051151,610000.0
1051239,356000.0
1051244,466000.0
1051288,231000.0
1051313,228000.0
1051314,229000.0
1051354,206000.0
1051440,148000.0
1051504,162000.0
1051585,144000.0
1051651,316000.0
1051887,225000.0
1051929,751000.0
1052048,241000.0
1052213,503000.0
1052363,160000.0
1052422,590000.0
1052438,327000.0
1052484,208000.0
1052505,441000.0
1052581,259000.0
1052622,163000.0
1052708,209000.0
1052827,422000.0
1052838,139000.0
1052871,740000.0
1052891,186000.0
1053088,171000.0
1053226,581000.0
1053352,541000.0
1053730,531000.0
1053935,185000.0
1054083,541000.0
1054093,249000.0
1054179,196000.0
1054262,154000.0
1054334,295000.0
1054358,142000.0
1054564,348000.0
1054624,301000.0
1054633,325000.0
1054796,290000.0
1054801,204000.0
1054937,663000.0
1054961,189000.0
1055035,206000.0
1055041,395000.0
1055092,315000.0
1055135,86000.0
1055232,600000.0
1055233,129000.0
1055361,533000.0
1055407,224000.0
1055408,256000.0
1055462,1016000.0
1055471,349000.0
1055681,251000.0
1055727,496000.0
1055783,736000.0
1055884,405000.0
1055885,405000.0
1055936,131000.0
1055950,324000.0
1055976,256000.0
1056019,372000.0
1056287,220000.0
1056414,85000.0
1056599,492000.0
1056744,321000.0
1056825,198000.0
1056826,512000.0
1056908,357000.0
1056914,195000.0
1056944,432000.0
1057065,200000.0
1057090,332000.0
1057091,315000.0
1057148,225000.0
1057149,225000.0
1057150,225000.0
1057151,225000.0
1057152,225000.0
1057153,225000.0
1057234,313000.0
1057297,242000.0
1057375,210000.0
1057507,190000.0
1057887,343000.0
1057947,321000.0
1057950,166000.0
1057955,267000.0
1057965,280000.0
1058044,263000.0
1058078,264000.0
1058101,249000.0
1058176,455000.0
1058333,194000.0
1058334,233000.0
1058599,504000.0
1058796,306000.0
1058801,228000.0
1058802,523000.0
1058822,171000.0
1058928,169000.0
1058931,581000.0
1059002,213000.0
1059048,658000.0
1059114,951000.0
1059119,186000.0
1059129,287000.0
1059188,293000.0
1059376,200000.0
1059388,649000.0
1059539,313000.0
1059545,206000.0
1059547,154000.0
1059555,249000.0
1059586,305000.0
1059624,167000.0
1059665,241000.0
1059675,192000.0
1059677,206000.0
1059748,181000.0
1059846,687000.0
1059865,208000.0
1059892,191000.0
1059967,338000.0
1059984,311000.0
1059989,277000.0
1060018,181000.0
1060098,186000.0
1060175,362000.0
1060194,192000.0
1060278,698000.0
1060355,471000.0
1060363,503000.0
1060389,356000.0
1060551,257000.0
1060564,257000.0
1060584,227000.0
1060585,255000.0
1060754,268000.0
1060785,343000.0
1060795,395000.0
1060797,487000.0
1060800,220000.0
1060854,339000.0
1060907,160000.0
1060916,246000.0
1060943,149000.0
1060944,272000.0
1061025,356000.0
1061064,123000.0
1061103,658000.0
1061329,582000.0
1061352,400000.0
1061419,145000.0
1061472,276000.0
1061474,476000.0
1061489,314000.0
1061521,150000.0
1061613,185000.0
1061628,160000.0
1061716,436000.0
1061773,649000.0
1061906,230000.0
1061981,266000.0
1062059,253000.0
1062062,389000.0
1062154,216000.0
1062179,153000.0
1062215,160000.0
1062231,163000.0
1062234,364000.0
1062235,364000.0
1062237,120000.0
1150057,225000.0
1150061,325000.0
1150062,171000.0
1150302,313000.0
1150304,342000.0
1150307,263000.0
1150308,208000.0
1150312,205000.0
1150313,265000.0
1150315,388000.0
1150318,303000.0
1150709,502000.0
1150711,695000.0
1150714,425000.0
1150716,613000.0
1150721,454000.0
1150722,437000.0
1150723,623000.0
1150727,443000.0
1150729,751000.0
1150732,706000.0
1150733,479000.0
1150739,850000.0
1150741,740000.0
1150744,771000.0
1150751,660000.0
1158788,366000.0
1158790,517000.0
1158794,87000.0
1158798,515000.0
1158802,400000.0
1158803,400000.0
1158804,400000.0
1158972,210000.0
1158973,232000.0
1158979,353000.0
1158980,165000.0
1158982,211000.0
1159208,860000.0
1159224,319000.0
1159254,322000.0
1159717,172000.0
1159725,207000.0
1159755,334000.0
1159756,364000.0
1159757,185000.0
1159758,205000.0
1159760,161000.0
1159762,139000.0
1159764,147000.0
1160340,185000.0
1160342,222000.0
1160347,553000.0
1160348,165000.0
1160352,437000.0
1160353,313000.0
1160357,337000.0
1160368,900000.0
1160370,419000.0
1160372,466000.0
1160628,264000.0
1160633,335000.0
1160635,386000.0
1160642,679000.0
1160644,206000.0
1160646,283000.0
1160651,122000.0
1160652,180000.0
1160659,363000.0
1160663,331000.0
1160877,553000.0
1160879,463000.0
1160881,365000.0
1160884,653000.0
1160887,318000.0
1160891,872000.0
1160892,428000.0
1160893,559000.0
1160897,1024000.0
1160900,830000.0
1160901,647000.0
1160903,769000.0
1160909,1533000.0
1160910,615000.0
1160913,692000.0
1160916,947000.0
1162333,240000.0
1162334,297000.0
1162374,560000.0
1162376,501000.0
1162380,445000.0
1162381,399000.0
1162382,152000.0
1162385,671000.0
1162386,513000.0
1162638,421000.0
1162639,357000.0
1162640,372000.0
1162641,427000.0
1162643,362000.0
1162707,436000.0
1162708,265000.0
1162764,350000.0
1162899,232000.0
1162918,309000.0
1162924,191000.0
1162925,303000.0
1162926,211000.0
1162927,227000.0
1163023,480000.0
1163027,223000.0
1163028,360000.0
1163039,215000.0
1163040,326000.0
1163042,343000.0
1163043,344000.0
1163044,297000.0
1163047,198000.0
1163050,293000.0
1163083,362000.0
1163086,480000.0
1163089,304000.0
1163090,652000.0
1163091,310000.0
1163092,239000.0
1163093,421000.0
1163095,575000.0
1163096,201000.0
1163264,309000.0
1163271,303000.0
1164020,267000.0
1164022,240000.0
1164028,218000.0
1164565,220000.0
1164567,364000.0
1164571,324000.0
1164576,326000.0
1164578,361000.0
1164580,274000.0
1164581,255000.0
1164582,395000.0
1164583,198000.0
1164617,583000.0
1164618,484000.0
1164622,213000.0
1164625,460000.0
1164627,655000.0
1164629,593000.0
1164911,637000.0
1164914,283000.0
1164916,289000.0
1164936,194000.0
1164938,276000.0
1164940,218000.0
1167361,566000.0
1167364,247000.0
1167369,462000.0
1167373,326000.0
1167374,415000.0
1167375,204000.0
1167383,670000.0
1167385,431000.0
1167387,239000.0
1167388,301000.0
1167392,161000.0
1167397,213000.0
1167398,149000.0
1167399,210000.0
1167401,261000.0
1167402,329000.0
1167403,183000.0
1167404,206000.0
1167405,248000.0
1167406,244000.0
1167407,225000.0
1167409,339000.0
1167410,227000.0
1167411,198000.0
1167412,178000.0
1167413,207000.0
1167414,209000.0
1167426,225000.0
1167429,226000.0
1167430,281000.0
1167431,212000.0
1167437,238000.0
1167439,452000.0
1171188,208000.0
1171191,165000.0
1171194,235000.0
1171195,266000.0
1171196,191000.0
1171200,231000.0
1171201,229000.0
1171203,164000.0
1171204,241000.0
1171205,220000.0
1171362,1043000.0
1171367,722000.0
1172945,195000.0
1172952,223000.0
1173341,396000.0
1173343,340000.0
1173347,292000.0
1173351,311000.0
1173353,314000.0
1173355,433000.0
1173356,261000.0
1173358,376000.0
1173362,286000.0
1173364,362000.0
1174252,654000.0
1174253,773000.0
1174258,632000.0
1174265,377000.0
1174280,867000.0
1174393,141000.0
1174395,227000.0
1174396,203000.0
1174397,189000.0
1174398,229000.0
1174400,385000.0
1174404,226000.0
1174405,178000.0
1174407,185000.0
1174456,159000.0
1174460,153000.0
1174462,210000.0
1174465,266000.0
1174466,221000.0
1174468,213000.0
1174469,246000.0
1174471,199000.0
1174472,248000.0
1174473,273000.0
1174475,209000.0
1174491,113000.0
1174496,235000.0
1174501,155000.0
1174592,180000.0
1174593,262000.0
1174595,175000.0
1174596,201000.0
1174598,192000.0
1174599,330000.0
1174602,346000.0
1174607,131000.0
1174608,149000.0
1174732,200000.0
1174738,191000.0
1174742,221000.0
1174743,191000.0
1174748,204000.0
1175538,108000.0
1175539,179000.0
1175543,189000.0
1175547,151000.0
1175548,152000.0
1175550,121000.0
1176289,645000.0
1176758,674000.0
1176759,431000.0
1176764,461000.0
1176772,370000.0
1177110,187000.0
1177116,149000.0
1177118,208000.0
1177121,250000.0
1177122,280000.0
1177125,160000.0
1177822,89000.0
1178019,246000.0
1178024,505000.0
1179391,764000.0
1179392,796000.0
1179393,798000.0
1179512,305000.0
1179513,178000.0
1179516,145000.0
1179517,126000.0
1179518,186000.0
1179526,257000.0
1179527,244000.0
1179540,278000.0
1179542,222000.0
1179543,319000.0
1179546,289000.0
1179548,243000.0
1179552,222000.0
1179554,168000.0
1179555,247000.0
1179557,334000.0
1179944,460000.0
1179948,397000.0
1179949,386000.0
1179952,464000.0
1179953,564000.0
1179955,433000.0
1180044,499000.0
1180046,136000.0
1180047,219000.0
1180048,194000.0
1180049,400000.0
1180050,303000.0
1180051,409000.0
1180053,439000.0
1180054,231000.0
1180056,319000.0
1180060,339000.0
1180070,745000.0
1180073,593000.0
1180078,307000.0
1180080,700000.0
1180241,161000.0
1180242,389000.0
1180243,173000.0
1180251,247000.0
1180253,294000.0
1180254,299000.0
1180255,302000.0
1180257,299000.0
1180452,193000.0
1180461,166000.0
1180464,279000.0
1180465,143000.0
1180466,95000.0
1180467,98000.0
1180469,149000.0
1180471,110000.0
1180472,190000.0
1180474,319000.0
1180479,245000.0
1180481,222000.0
1180482,214000.0
1180484,159000.0
1180485,246000.0
1180487,445000.0
1180619,180000.0
1180622,252000.0
1180628,283000.0
1180629,206000.0
1180630,246000.0
1180701,281000.0
1180702,264000.0
1180704,204000.0
1180707,308000.0
1180708,209000.0
1180711,229000.0
1180712,451000.0
1180716,253000.0
1180717,234000.0
1180732,317000.0
1180733,208000.0
1180734,298000.0
1180735,260000.0
1180738,224000.0
1180739,143000.0
1180741,185000.0
1180743,126000.0
1180744,277000.0
1180748,145000.0
1180749,188000.0
1180770,143000.0
1180771,210000.0
1180774,156000.0
1180777,172000.0
1180938,117000.0
1180945,507000.0
1180951,144000.0
1180954,102000.0
1180967,713000.0
1180976,710000.0
1180977,802000.0
1181989,187000.0
1182023,208000.0
1182025,122000.0
1182026,529000.0
1182030,411000.0
1182033,1025000.0
1182314,227000.0
1182315,330000.0
1182316,181000.0
1182317,275000.0
1182321,209000.0
1182322,190000.0
1182323,237000.0
1182628,280000.0
1182650,294000.0
1182652,299000.0
1182654,777000.0
1182655,613000.0
1182744,325000.0
1182745,277000.0
1182746,304000.0
1182748,187000.0
1182749,433000.0
1182754,504000.0
1182756,346000.0
1182757,225000.0
1183211,317000.0
1183213,309000.0
1183689,279000.0
1183690,315000.0
1183691,473000.0
1183692,509000.0
1184185,221000.0
1184271,142000.0
1184272,249000.0
1184678,263000.0
1184679,372000.0
1184680,276000.0
1184730,440000.0
1184731,588000.0
1184772,218000.0
1184775,339000.0
1184780,291000.0
1184783,375000.0
1184806,363000.0
1184809,356000.0
1184956,385000.0
1185123,359000.0
1185129,488000.0
1185141,619000.0
1185144,573000.0
1185145,496000.0
1185150,407000.0
1185316,400000.0
1185317,305000.0
1185326,165000.0
1185328,87000.0
1185330,199000.0
1185331,223000.0
1185722,96000.0
1185744,120000.0
1185746,247000.0
1185748,163000.0
1185818,92000.0
1185819,107000.0
1186256,295000.0
1186257,116000.0
1186258,122000.0
1186260,295000.0
1186261,302000.0
1186284,212000.0
1186288,497000.0
1186368,399000.0
1186370,373000.0
1186371,209000.0
1186373,351000.0
1186374,323000.0
1186376,298000.0
1186379,197000.0
1186380,164000.0
1186827,170000.0
1186830,463000.0
1186831,253000.0
1186832,209000.0
1186834,216000.0
1186835,174000.0
1186837,250000.0
1186840,232000.0
1187587,445000.0
1187625,252000.0
1187626,149000.0
1187628,426000.0
1187839,111000.0
1187840,166000.0
1187842,238000.0
1187843,209000.0
1187844,212000.0
1187851,336000.0
1187853,186000.0
1187854,279000.0
1188373,140000.0
1188428,641000.0
1188429,362000.0
1188430,339000.0
1188431,436000.0
1188439,406000.0
1188440,450000.0
1188442,437000.0
1188484,186000.0
1188485,199000.0
1188487,163000.0
1188488,163000.0
1188490,224000.0
1188493,240000.0
1188499,217000.0
1188519,266000.0
1188531,353000.0
1188535,179000.0
1188538,126000.0
1188539,208000.0
1188577,300000.0
1188578,686000.0
1188581,327000.0
1189583,197000.0
1189587,336000.0
1189590,471000.0
1189593,331000.0
1189594,343000.0
1189595,156000.0
1189596,358000.0
1189599,259000.0
1189600,238000.0
1189603,254000.0
1189605,317000.0
1189606,348000.0
1189610,326000.0
1189611,453000.0
1191966,199000.0
1191971,198000.0
1191972,256000.0
1192091,637000.0
1192096,736000.0
1192970,339000.0
1192973,657000.0
1193162,252000.0
1193163,1106000.0
1193168,443000.0
1193169,291000.0
1193170,276000.0
1193171,295000.0
1193543,1011000.0
1193676,469000.0
1193751,1100000.0
1193761,672000.0
1193775,1088000.0
1193777,776000.0
1193779,680000.0
1193782,598000.0
1193783,370000.0
1193836,204000.0
1193848,288000.0
1193849,311000.0
1193850,217000.0
1193855,317000.0
1193857,253000.0
1193859,251000.0
1193861,171000.0
1193862,225000.0
1193863,284000.0
1193864,211000.0
1193866,198000.0
1193915,148000.0
1193925,777000.0
1193927,400000.0
1193952,218000.0
1193953,281000.0
1193954,194000.0
1193955,266000.0
1193956,190000.0
1193957,175000.0
1194415,143000.0
1194922,900000.0
1194977,119000.0
1195222,403000.0
1195223,424000.0
1195224,442000.0
1195225,673000.0
1195425,435000.0
1195426,295000.0
1195432,487000.0
1195891,234000.0
1195892,167000.0
1195893,177000.0
1195900,69000.0
1195901,436000.0
1195903,127000.0
1196019,212000.0
1196842,211000.0
1196844,326000.0
1196847,310000.0
1196872,175000.0
1196892,424000.0
1196893,259000.0
1196894,266000.0
1196895,437000.0
1196904,360000.0
1196912,252000.0
1196913,258000.0
1196993,281000.0
1196994,351000.0
1196998,205000.0
1196999,285000.0
1197000,242000.0
1197002,216000.0
1197106,227000.0
1197107,275000.0
1197108,336000.0
1197166,477000.0
1197209,646000.0
1197214,324000.0
1197215,193000.0
1197216,261000.0
1197253,491000.0
1197256,248000.0
1197309,378000.0
1197311,692000.0
1197315,371000.0
1197316,273000.0
1197321,351000.0
1197322,249000.0
1197323,279000.0
1197324,154000.0
1197325,164000.0
1197326,191000.0
1197328,171000.0
1197329,513000.0
1197331,182000.0
1197345,275000.0
1197351,535000.0
1197462,184000.0
1197463,316000.0
1197465,138000.0
1197467,147000.0
1197469,132000.0
1197470,132000.0
1197502,342000.0
1197549,824000.0
1197570,520000.0
1197627,221000.0
1197672,364000.0
1197859,291000.0
1197860,291000.0
1197977,485000.0
1197978,150000.0
1198019,273000.0
1198021,301000.0
1198337,510000.0
1198358,569000.0
1198364,559000.0
1198365,332000.0
1198366,517000.0
1198367,441000.0
1198368,422000.0
1198369,227000.0
1198373,532000.0
1198446,338000.0
1198450,283000.0
1198451,311000.0
1198452,311000.0
1198453,244000.0
1198457,204000.0
1198621,374000.0
1198645,190000.0
1198649,502000.0
1198650,546000.0
1198664,264000.0
1198665,330000.0
1198669,246000.0
1198670,119000.0
1198671,132000.0
1198760,201000.0
1198766,378000.0
1198768,290000.0
1198771,335000.0
1198773,551000.0
715273,446000.0
717643,353000.0
720473,461000.0
722274,277000.0
722610,295000.0
722632,308000.0
724293,938000.0
724296,311000.0
724367,929000.0
724383,384000.0
724402,987000.0
724436,810000.0
724693,894000.0
725035,441000.0
726164,579000.0
728018,212000.0
728963,390000.0
730396,424000.0
730570,710000.0
732096,516000.0
732455,1510000.0
733749,501000.0
739805,690000.0
762985,286000.0
765024,506000.0
766318,223000.0
767291,286000.0
768075,853000.0
768187,843000.0
768450,317000.0
768818,721000.0
775095,760000.0
777984,422000.0
780334,482000.0
782037,1672000.0
783338,352000.0
788907,310000.0
791183,455000.0
791186,346000.0
800871,381000.0
805218,446000.0
808371,538000.0
810903,758000.0
813910,673000.0
814295,122000.0
816599,1591000.0
817980,336000.0
818854,837000.0
821034,411000.0
822425,127000.0
823206,739000.0
823722,711000.0
824962,179000.0
827620,1705000.0
829106,673000.0
829983,1809000.0
835034,231000.0
835905,530000.0
836853,559000.0
836965,1345000.0
837221,777000.0
837226,435000.0
837310,777000.0
837312,777000.0
837322,777000.0
837364,777000.0
837447,777000.0
837450,777000.0
837480,777000.0
837481,777000.0
837534,777000.0
837603,777000.0
837604,777000.0
837695,777000.0
837700,777000.0
838738,777000.0
838739,777000.0
838747,777000.0
839708,208000.0
839728,777000.0
839729,777000.0
839750,777000.0
839751,777000.0
839752,777000.0
839753,777000.0
839754,777000.0
839789,208000.0
839793,208000.0
839796,208000.0
840813,991000.0
843860,530000.0
844526,253000.0
844543,537000.0
844754,289000.0
846486,426000.0
847164,934000.0
848484,192000.0
936754,989000.0
937863,453000.0
937904,502000.0
938417,224000.0
938423,259000.0
938603,463000.0
938622,1389000.0
939544,175000.0
940696,125000.0
942465,153000.0
942737,1182000.0
943019,494000.0
943421,134000.0
945655,427000.0
947947,282000.0
949288,259000.0
952129,202000.0
952131,476000.0
952904,634000.0
953479,620000.0
954602,162000.0
954929,263000.0
955982,177000.0
958924,728000.0
959475,103000.0
960089,116000.0
960166,597000.0
961081,407000.0
961152,383000.0
961156,97000.0
963917,359000.0
963924,709000.0
963928,146000.0
964509,228000.0
965003,448000.0
967216,1031000.0
967710,407000.0
967711,587000.0
967715,1221000.0
968678,963000.0
969661,257000.0
970940,122000.0
971513,102000.0
972147,243000.0
972176,463000.0
972866,603000.0
974942,614000.0
974954,412000.0
976609,853000.0
978142,431000.0
978273,227000.0
978277,567000.0
978278,962000.0
978281,1269000.0
978860,244000.0
979110,243000.0
979112,262000.0
979516,256000.0
980337,1000000.0
980476,246000.0
982006,968000.0
983877,293000.0
983878,409000.0
983879,409000.0
985387,795000.0
985462,881000.0
985808,308000.0
986398,471000.0
987620,193000.0
988304,822000.0
988676,1684000.0
989018,700000.0
995698,693000.0
995822,1402000.0
1002393,1292000.0
1003195,173000.0
1003292,568000.0
1003326,517000.0
1003655,536000.0
1003662,552000.0
1003847,524000.0
1006131,443000.0
1008419,796000.0
1008432,539000.0
1008509,1033000.0
1008929,166000.0
1009457,387000.0
1010167,141000.0
1010251,263000.0
1010311,282000.0
1011035,1302000.0
1011899,282000.0
1013203,576000.0
1013464,452000.0
1013942,1547000.0
1014952,301000.0
1015519,709000.0
1018488,653000.0
1018565,216000.0
1018830,1497000.0
1019163,1182000.0
1019257,250000.0
1019258,332000.0
1022427,1695000.0
1023024,268000.0
1024198,1529000.0
1024386,217000.0
1024633,214000.0
1065813,640000.0
1066642,870000.0
1066903,254000.0
1068872,706000.0
1071707,598000.0
1072579,412000.0
1072606,393000.0
1073519,773000.0
1073733,387000.0
1074535,241000.0
1075895,601000.0
1076216,305000.0
1076517,166000.0
1076917,152000.0
1077573,587000.0
1078672,371000.0
1080081,218000.0
1080084,222000.0
1080177,294000.0
1080179,968000.0
1080180,455000.0
1080182,502000.0
1080646,157000.0
1081890,222000.0
1082838,243000.0
1082935,136000.0
1083177,126000.0
1083187,196000.0
1093683,574000.0
1094194,511000.0
1097426,347000.0
1098571,495000.0
1102741,437000.0
1102778,360000.0
1224860,1216000.0
1224861,433000.0
1224864,313000.0
1224865,254000.0
1224868,417000.0
1224877,964000.0
1229111,684000.0
1229116,641000.0
1229118,1526000.0
1235951,1283000.0
1235954,1556000.0
1236545,733000.0
1236554,143000.0
1236560,127000.0
1239168,349000.0
1239172,693000.0
1239175,1084000.0
1239178,944000.0
1239179,592000.0
1239182,929000.0
1239184,1427000.0
1241221,238000.0
1241227,253000.0
1241228,152000.0
96029,121000.0
96056,365000.0
96065,559000.0
96072,92000.0
96079,215000.0
96099,214000.0
96100,214000.0
96136,72000.0
96137,72000.0
96138,72000.0
96140,132000.0
96142,213000.0
96143,102000.0
96193,149000.0
96202,235000.0
96206,383000.0
96207,216000.0
96224,126000.0
96225,126000.0
96227,132000.0
96302,911000.0
96318,339000.0
96339,120000.0
96369,248000.0
96417,129000.0
96432,71000.0
96464,73000.0
96467,205000.0
96471,207000.0
96476,152000.0
96477,289000.0
96481,82000.0
96486,104000.0
96487,128000.0
96515,366000.0
96547,197000.0
96571,338000.0
96574,108000.0
96593,241000.0
96606,126000.0
96648,120000.0
96654,117000.0
96656,406000.0
96661,716000.0
96662,410000.0
96664,99000.0
96668,406000.0
96669,410000.0
96672,406000.0
96678,335000.0
96679,392000.0
96683,601000.0
96713,798000.0
96715,102000.0
96735,85000.0
96742,118000.0
96750,108000.0
96751,104000.0
96758,104000.0
96760,136000.0
96762,102000.0
96765,77000.0
96771,104000.0
96772,77000.0
96782,97000.0
96790,141000.0
96791,337000.0
96816,155000.0
96819,305000.0
96821,94000.0
96838,205000.0
96862,394000.0
96863,457000.0
96869,105000.0
96875,469000.0
96876,839000.0
96896,188000.0
96897,378000.0
96937,237000.0
96946,101000.0
96952,153000.0
96957,147000.0
96986,209000.0
96988,276000.0
96990,547000.0
97005,812000.0
97065,727000.0
97071,249000.0
97077,192000.0
97081,598000.0
97083,185000.0
97093,584000.0
97097,120000.0
97122,245000.0
97125,193000.0
97126,245000.0
97127,162000.0
97129,292000.0
97133,106000.0
97137,213000.0
97139,399000.0
97140,286000.0
97144,132000.0
97146,96000.0
97148,132000.0
97149,96000.0
97152,72000.0
97154,96000.0
97155,96000.0
97161,609000.0
97166,146000.0
97194,127000.0
97210,101000.0
97213,187000.0
97215,114000.0
97217,114000.0
97224,182000.0
97226,117000.0
97229,735000.0
97235,198000.0
97250,305000.0
97263,265000.0
97269,411000.0
97312,111000.0
97318,605000.0
97327,105000.0
97336,1093000.0
97447,245000.0
97449,103000.0
97467,194000.0
97482,133000.0
97495,176000.0
97527,567000.0
97531,157000.0
97533,98000.0
97545,204000.0
97550,896000.0
97555,730000.0
97562,123000.0
97564,119000.0
97565,119000.0
97566,166000.0
97573,86000.0
97575,121000.0
97578,331000.0
97579,335000.0
97580,331000.0
97582,217000.0
97583,336000.0
97584,221000.0
97585,249000.0
97586,249000.0
97589,206000.0
97590,119000.0
97677,142000.0
97680,194000.0
97681,162000.0
97686,194000.0
97687,149000.0
97690,186000.0
97692,181000.0
97696,162000.0
97698,186000.0
97699,181000.0
97701,399000.0
97704,116000.0
97707,117000.0
97729,108000.0
97807,203000.0
97808,172000.0
97858,98000.0
97859,192000.0
97861,188000.0
97879,219000.0
97881,203000.0
97885,117000.0
97888,203000.0
97897,218000.0
97907,227000.0
97911,851000.0
97914,130000.0
97927,153000.0
97943,158000.0
97949,113000.0
97967,128000.0
97988,165000.0
97989,117000.0
97990,136000.0
97991,117000.0
97993,136000.0
97996,102000.0
97997,104000.0
97998,146000.0
97999,108000.0
98001,126000.0
98014,440000.0
98016,318000.0
98036,313000.0
98054,388000.0
98063,103000.0
98082,658000.0
98083,263000.0
98085,367000.0
98086,210000.0
98087,878000.0
98090,120000.0
98095,455000.0
98103,154000.0
98108,291000.0
98119,302000.0
98149,277000.0
98164,1162000.0
98167,626000.0
98168,111000.0
98204,103000.0
98248,285000.0
98249,364000.0
98257,872000.0
98276,661000.0
98293,256000.0
98301,187000.0
98308,677000.0
98357,441000.0
98358,163000.0
98366,169000.0
98394,256000.0
98400,114000.0
98403,895000.0
98412,274000.0
98413,628000.0
98433,483000.0
98450,179000.0
98451,168000.0
98452,126000.0
98455,180000.0
98462,226000.0
98475,217000.0
98499,235000.0
98525,854000.0
98526,171000.0
98528,174000.0
98531,248000.0
98544,106000.0
98553,164000.0
98573,274000.0
98582,221000.0
98584,217000.0
98585,221000.0
98589,107000.0
98593,225000.0
98596,150000.0
98648,186000.0
98652,171000.0
98653,365000.0
98654,111000.0
98656,153000.0
98710,164000.0
98754,170000.0
98770,217000.0
98780,300000.0
98781,164000.0
98782,165000.0
98789,226000.0
98804,391000.0
98822,130000.0
98823,92000.0
98828,189000.0
98842,191000.0
98843,178000.0
98846,104000.0
98862,91000.0
98863,85000.0
98869,128000.0
98870,208000.0
98874,248000.0
98876,129000.0
98878,118000.0
98883,286000.0
98895,251000.0
98899,291000.0
98900,291000.0
98901,291000.0
98902,291000.0
98905,179000.0
98929,162000.0
98948,445000.0
98979,77000.0
99010,286000.0
99022,143000.0
99035,221000.0
99043,72000.0
99044,72000.0
99048,72000.0
99051,186000.0
99087,604000.0
99098,258000.0
99102,358000.0
99104,299000.0
99105,110000.0
99114,76000.0
99148,138000.0
99163,134000.0
99168,257000.0
99198,162000.0
99200,93000.0
99205,273000.0
99273,141000.0
99277,426000.0
99292,143000.0
99293,153000.0
99298,146000.0
99300,223000.0
99304,104000.0
99305,152000.0
99316,78000.0
99319,145000.0
99341,121000.0
99344,169000.0
99356,499000.0
99360,159000.0
99361,97000.0
99389,267000.0
99399,1005000.0
99400,199000.0
99401,120000.0
99421,235000.0
99429,178000.0
99433,271000.0
99436,558000.0
99439,322000.0
99442,272000.0
99450,113000.0
99451,457000.0
99460,328000.0
99475,121000.0
99480,338000.0
99483,220000.0
99529,120000.0
99532,112000.0
99542,107000.0
99575,206000.0
99583,209000.0
99597,159000.0
99601,115000.0
99603,116000.0
99624,237000.0
99625,163000.0
99651,75000.0
99655,244000.0
99673,63000.0
99694,562000.0
99697,195000.0
99698,327000.0
99714,173000.0
99716,121000.0
99717,121000.0
99718,121000.0
99719,121000.0
99728,163000.0
99736,153000.0
99739,86000.0
99751,251000.0
99759,151000.0
99760,201000.0
99761,401000.0
99765,142000.0
99769,81000.0
99812,730000.0
99817,139000.0
99855,260000.0
99868,148000.0
99869,105000.0
99874,154000.0
99895,94000.0
99897,373000.0
99980,203000.0
99982,177000.0
99984,296000.0
99985,227000.0
99990,64000.0
99991,196000.0
100086,104000.0
100110,511000.0
100115,183000.0
100118,124000.0
100119,240000.0
100122,170000.0
100125,151000.0
100126,169000.0
100127,123000.0
100129,184000.0
100130,124000.0
100134,169000.0
100136,124000.0
100156,469000.0
100157,363000.0
100169,493000.0
100171,271000.0
100179,74000.0
100187,73000.0
100192,65000.0
100193,65000.0
100219,324000.0
100243,68000.0
100244,67000.0
100289,128000.0
100297,128000.0
100310,343000.0
100312,682000.0
100327,149000.0
100378,57000.0
100422,59000.0
100447,62000.0
100513,260000.0
100520,79000.0
100532,79000.0
100534,90000.0
100537,99000.0
100550,83000.0
100557,83000.0
100564,100000.0
100571,642000.0
100575,163000.0
100595,371000.0
100596,211000.0
100620,319000.0
100621,201000.0
100648,268000.0
100652,118000.0
100661,182000.0
100677,461000.0
100678,404000.0
100681,462000.0
100708,118000.0
100709,116000.0
100723,645000.0
100730,283000.0
100733,119000.0
100735,119000.0
100736,120000.0
100744,342000.0
100755,425000.0
100774,100000.0
100800,77000.0
100805,161000.0
100812,786000.0
100813,785000.0
100819,82000.0
100821,373000.0
100866,60000.0
100906,268000.0
100942,72000.0
100950,71000.0
101142,134000.0
101185,154000.0
101191,487000.0
101193,95000.0
101283,87000.0
101287,111000.0
101300,164000.0
101308,93000.0
101316,81000.0
101318,198000.0
101326,62000.0
101402,276000.0
101456,71000.0
101469,56000.0
101478,382000.0
101486,141000.0
101499,335000.0
101501,161000.0
101506,678000.0
101512,99000.0
101514,82000.0
101515,82000.0
101527,78000.0
101552,54000.0
101571,65000.0
101583,82000.0
101600,100000.0
101601,100000.0
101603,100000.0
101614,61000.0
101619,240000.0
101642,209000.0
101673,89000.0
101680,121000.0
101694,195000.0
101702,120000.0
101707,271000.0
101720,158000.0
101755,148000.0
101770,114000.0
101780,57000.0
101785,143000.0
101817,179000.0
101913,71000.0
101915,89000.0
101919,120000.0
101976,62000.0
101987,95000.0
102114,49000.0
102116,176000.0
102197,184000.0
102198,169000.0
102217,228000.0
102252,197000.0
102299,108000.0
102330,84000.0
102350,115000.0
102352,115000.0
102353,114000.0
102404,73000.0
102405,73000.0
102415,100000.0
102420,147000.0
102442,61000.0
102475,651000.0
102479,288000.0
102511,219000.0
102568,95000.0
102580,58000.0
102593,62000.0
102598,119000.0
102607,104000.0
102637,158000.0
102792,83000.0
102794,83000.0
102837,132000.0
102890,155000.0
102905,101000.0
102910,54000.0
102922,54000.0
102985,146000.0
103028,43000.0
103115,115000.0
103132,115000.0
103138,139000.0
103179,144000.0
103199,52000.0
103244,144000.0
103246,144000.0
103276,295000.0
103283,101000.0
103313,139000.0
103362,84000.0
103392,213000.0
103395,76000.0
103428,182000.0
103436,85000.0
103463,49000.0
103493,320000.0
103495,354000.0
103498,354000.0
103504,135000.0
103524,301000.0
103527,428000.0
103530,314000.0
103532,653000.0
103534,222000.0
103540,202000.0
103547,257000.0
103555,157000.0
103556,282000.0
103557,130000.0
103567,704000.0
103568,308000.0
103571,284000.0
103577,126000.0
103578,82000.0
103579,143000.0
103595,109000.0
103601,136000.0
103603,86000.0
103604,230000.0
103608,116000.0
103614,172000.0
103620,162000.0
103625,160000.0
103627,224000.0
103678,68000.0
103679,214000.0
103685,329000.0
103716,205000.0
103720,123000.0
103778,101000.0
103780,523000.0
103785,92000.0
103787,174000.0
103815,86000.0
103816,204000.0
103821,207000.0
103836,92000.0
103845,201000.0
103851,172000.0
103858,106000.0
103859,105000.0
103862,116000.0
103866,206000.0
103873,153000.0
103876,328000.0
103879,98000.0
103885,204000.0
103889,205000.0
103898,104000.0
103899,124000.0
103909,107000.0
103911,86000.0
103920,109000.0
103927,112000.0
103933,106000.0
103946,197000.0
103949,139000.0
103950,395000.0
103965,98000.0
103997,77000.0
104017,82000.0
104028,81000.0
104068,621000.0
104077,164000.0
104098,93000.0
104099,387000.0
104103,183000.0
104135,320000.0
104141,791000.0
104148,98000.0
104149,222000.0
104151,351000.0
104154,248000.0
104161,475000.0
104163,208000.0
104165,325000.0
104195,485000.0
104205,346000.0
104218,308000.0
104238,241000.0
104245,352000.0
104248,168000.0
104252,223000.0
104265,293000.0
104266,143000.0
104273,224000.0
104274,96000.0
104286,284000.0
104290,425000.0
104293,284000.0
104299,172000.0
104309,132000.0
104326,244000.0
104345,510000.0
104359,154000.0
104368,209000.0
104379,564000.0
104381,1330000.0
104403,108000.0
104414,183000.0
104417,422000.0
104419,103000.0
104431,260000.0
104439,215000.0
104445,249000.0
104447,96000.0
104451,111000.0
104454,219000.0
104456,154000.0
104465,157000.0
104473,148000.0
104489,118000.0
104492,137000.0
104513,973000.0
104517,297000.0
104519,59000.0
104523,111000.0
104524,104000.0
104526,63000.0
104533,101000.0
104538,189000.0
104539,189000.0
104545,188000.0
104561,180000.0
104598,293000.0
104599,293000.0
104611,121000.0
104613,98000.0
104623,89000.0
104627,338000.0
104628,266000.0
104629,335000.0
104630,334000.0
104640,445000.0
104641,346000.0
104642,277000.0
104665,148000.0
104804,292000.0
104847,464000.0
104861,171000.0
104862,193000.0
104863,173000.0
104896,94000.0
104899,125000.0
104901,164000.0
104906,132000.0
104922,228000.0
104924,220000.0
104925,320000.0
104930,100000.0
104935,91000.0
104936,105000.0
104964,126000.0
104965,106000.0
104970,107000.0
104973,107000.0
104975,73000.0
104979,176000.0
104995,155000.0
104996,111000.0
104998,99000.0
104999,99000.0
105000,99000.0
105024,104000.0
105029,192000.0
105037,161000.0
105038,655000.0
105039,354000.0
105049,383000.0
105057,120000.0
105061,64000.0
105065,74000.0
105076,79000.0
105091,92000.0
105116,199000.0
105136,125000.0
105143,302000.0
105151,447000.0
105160,185000.0
105162,254000.0
105170,142000.0
105172,151000.0
105179,503000.0
105184,246000.0
105185,777000.0
105197,207000.0
105202,1365000.0
105231,449000.0
105232,300000.0
105235,98000.0
105249,90000.0
105258,119000.0
105259,255000.0
105272,173000.0
105287,233000.0
105293,266000.0
105304,173000.0
105314,177000.0
105315,128000.0
105328,201000.0
105341,102000.0
105344,194000.0
105349,326000.0
105350,379000.0
105351,63000.0
105362,102000.0
105376,132000.0
105386,146000.0
105392,398000.0
105401,416000.0
105409,193000.0
105414,398000.0
105418,379000.0
105419,157000.0
105425,124000.0
105440,317000.0
105447,167000.0
105448,130000.0
105452,262000.0
105463,73000.0
105464,127000.0
105465,215000.0
105524,64000.0
105526,79000.0
105531,165000.0
105536,497000.0
105557,581000.0
105633,281000.0
105635,107000.0
105637,219000.0
105674,314000.0
105681,79000.0
105703,418000.0
105704,418000.0
105705,418000.0
105706,209000.0
105711,157000.0
105712,159000.0
105719,336000.0
105728,155000.0
105734,96000.0
105735,133000.0
105745,112000.0
105749,581000.0
105764,736000.0
105765,718000.0
105768,205000.0
105772,149000.0
105778,101000.0
105779,248000.0
105785,220000.0
105790,69000.0
105806,707000.0
105827,92000.0
105831,716000.0
105845,107000.0
105848,124000.0
105852,66000.0
105865,322000.0
105874,471000.0
105906,266000.0
105910,538000.0
105915,88000.0
105929,97000.0
105945,550000.0
105946,350000.0
105947,110000.0
105948,141000.0
105954,173000.0
105990,192000.0
106000,164000.0
106016,72000.0
106030,237000.0
106034,160000.0
106035,87000.0
106040,399000.0
106074,234000.0
106139,77000.0
106142,204000.0
106155,210000.0
106168,290000.0
106177,469000.0
106183,331000.0
106184,368000.0
106185,321000.0
106201,480000.0
106215,135000.0
106233,750000.0
106235,91000.0
106236,149000.0
106239,383000.0
106241,308000.0
106242,308000.0
106243,191000.0
106254,71000.0
106259,108000.0
106263,361000.0
106281,103000.0
106282,399000.0
106292,102000.0
106294,102000.0
106343,61000.0
106356,198000.0
106359,323000.0
106360,98000.0
106362,71000.0
106390,167000.0
106391,643000.0
106398,67000.0
106442,85000.0
106449,85000.0
106456,434000.0
106458,310000.0
106467,154000.0
106512,59000.0
106522,154000.0
106565,115000.0
106572,104000.0
106579,237000.0
106587,90000.0
106591,361000.0
106599,72000.0
106604,71000.0
106618,224000.0
106647,287000.0
106654,107000.0
106665,274000.0
106668,332000.0
106678,408000.0
106685,246000.0
106707,317000.0
106727,229000.0
106760,535000.0
106776,364000.0
106780,74000.0
106781,118000.0
106783,113000.0
106784,151000.0
106790,99000.0
106792,120000.0
106819,139000.0
106835,127000.0
106845,74000.0
106849,74000.0
106857,183000.0
106858,74000.0
106860,81000.0
106862,95000.0
106871,465000.0
106881,313000.0
106896,164000.0
106900,165000.0
106902,86000.0
106907,150000.0
106918,239000.0
106925,94000.0
106927,130000.0
106929,112000.0
106934,95000.0
106948,145000.0
106949,183000.0
106951,158000.0
106954,147000.0
106965,138000.0
106975,80000.0
106990,193000.0
106992,166000.0
107003,101000.0
107004,412000.0
107015,160000.0
107016,180000.0
107035,183000.0
107058,211000.0
107062,98000.0
107071,172000.0
107086,111000.0
107093,67000.0
107100,122000.0
107122,105000.0
107268,114000.0
107275,111000.0
107357,179000.0
107361,76000.0
107393,139000.0
107395,285000.0
107412,127000.0
107416,86000.0
107428,98000.0
107452,127000.0
107454,126000.0
107464,86000.0
107467,86000.0
107469,72000.0
107470,72000.0
107472,197000.0
107473,197000.0
107487,126000.0
107489,97000.0
107495,109000.0
107497,73000.0
107501,49000.0
107506,162000.0
107510,162000.0
107520,184000.0
107551,109000.0
107556,63000.0
107572,90000.0
107584,147000.0
107594,90000.0
107595,719000.0
107601,78000.0
107614,77000.0
107616,139000.0
107617,167000.0
107619,134000.0
107621,134000.0
107650,348000.0
107656,112000.0
107678,194000.0
107680,445000.0
107684,241000.0
107687,204000.0
107690,93000.0
107692,92000.0
107693,143000.0
107694,148000.0
107695,90000.0
107702,172000.0
107712,237000.0
107718,186000.0
107722,73000.0
107757,201000.0
107762,119000.0
107769,144000.0
107770,144000.0
107771,536000.0
107776,155000.0
107778,96000.0
107788,284000.0
107792,191000.0
107812,104000.0
107831,58000.0
107832,67000.0
107863,775000.0
107871,171000.0
107873,189000.0
107874,189000.0
107875,171000.0
107906,128000.0
107915,80000.0
107916,80000.0
107917,80000.0
107918,80000.0
107919,78000.0
107920,78000.0
107998,227000.0
108021,172000.0
108137,114000.0
108190,178000.0
108231,156000.0
108235,72000.0
108237,72000.0
108246,100000.0
108272,125000.0
108277,103000.0
108281,73000.0
108283,150000.0
108285,50000.0
108340,76000.0
108343,142000.0
108401,380000.0
108406,168000.0
108408,247000.0
108410,179000.0
108429,160000.0
108444,91000.0
108447,91000.0
108465,353000.0
108468,146000.0
108479,277000.0
108496,168000.0
108505,798000.0
108512,232000.0
108518,198000.0
108519,276000.0
108524,127000.0
108527,105000.0
108528,80000.0
108545,176000.0
108548,120000.0
108551,207000.0
108557,147000.0
108558,161000.0
108574,186000.0
108580,438000.0
108581,80000.0
108589,142000.0
108654,176000.0
108658,53000.0
108757,206000.0
108771,130000.0
108778,165000.0
108802,188000.0
108814,132000.0
108816,73000.0
108817,78000.0
108832,315000.0
108855,105000.0
108867,193000.0
108886,143000.0
108900,199000.0
108916,78000.0
108948,199000.0
108960,301000.0
108962,195000.0
108983,235000.0
108984,101000.0
108992,192000.0
108993,58000.0
109002,63000.0
109051,443000.0
109135,81000.0
109157,181000.0
109160,212000.0
109175,199000.0
109189,122000.0
109236,234000.0
109250,153000.0
109251,153000.0
109254,200000.0
109323,122000.0
109368,172000.0
109384,67000.0
109388,150000.0
109389,95000.0
109414,87000.0
109434,199000.0
109448,258000.0
109454,776000.0
109455,139000.0
109456,182000.0
109478,132000.0
109488,142000.0
109499,173000.0
109504,81000.0
109509,84000.0
109523,95000.0
109524,95000.0
109525,96000.0
109526,96000.0
109534,128000.0
109546,119000.0
109566,122000.0
109570,197000.0
109577,52000.0
109586,55000.0
109589,72000.0
109597,69000.0
109608,110000.0
109624,86000.0
109633,312000.0
109634,83000.0
109650,148000.0
109651,148000.0
109653,152000.0
109654,150000.0
109656,118000.0
109658,105000.0
109659,327000.0
109661,346000.0
109667,282000.0
109672,73000.0
109673,201000.0
109674,282000.0
109675,282000.0
109690,282000.0
109698,80000.0
109703,158000.0
109710,125000.0
109711,101000.0
109724,113000.0
109729,122000.0
109736,159000.0
109777,175000.0
109778,108000.0
109779,260000.0
109780,120000.0
109781,101000.0
109794,137000.0
109860,123000.0
109861,85000.0
109867,251000.0
109868,256000.0
109876,114000.0
109891,195000.0
109896,158000.0
109903,124000.0
109905,245000.0
109915,204000.0
109925,96000.0
109959,241000.0
109962,118000.0
109985,131000.0
109986,132000.0
110001,155000.0
110013,199000.0
110024,98000.0
110041,102000.0
110055,203000.0
110056,203000.0
110060,667000.0
110065,177000.0
110079,157000.0
110092,129000.0
110099,160000.0
110108,184000.0
110121,676000.0
110130,128000.0
110132,280000.0
110135,191000.0
110136,346000.0
110137,191000.0
110138,301000.0
110139,122000.0
110148,151000.0
110150,92000.0
110158,202000.0
110160,209000.0
110161,219000.0
110180,132000.0
110223,327000.0
110226,109000.0
110236,243000.0
110248,282000.0
110295,122000.0
110319,163000.0
110327,90000.0
110330,101000.0
110335,298000.0
110345,180000.0
110348,236000.0
110349,236000.0
110351,87000.0
110355,181000.0
110365,227000.0
110380,154000.0
110387,156000.0
110392,156000.0
110393,157000.0
110403,146000.0
110452,260000.0
110462,123000.0
110538,146000.0
110626,260000.0
110628,137000.0
110631,140000.0
110642,176000.0
110672,143000.0
110695,110000.0
110698,74000.0
110716,115000.0
110725,111000.0
110733,203000.0
110742,181000.0
110743,195000.0
110747,157000.0
110758,188000.0
110769,231000.0
110780,242000.0
110790,93000.0
110791,93000.0
110792,287000.0
110795,92000.0
110796,98000.0
110797,73000.0
110798,80000.0
110803,111000.0
110807,136000.0
110817,101000.0
110824,93000.0
110854,705000.0
110872,415000.0
110875,137000.0
110883,144000.0
110902,145000.0
110903,142000.0
110912,98000.0
110914,255000.0
110923,103000.0
110934,585000.0
110938,91000.0
110939,90000.0
110945,135000.0
110948,169000.0
110949,157000.0
110964,132000.0
110980,97000.0
110983,66000.0
110992,225000.0
110993,661000.0
110999,280000.0
111000,261000.0
111001,261000.0
111003,261000.0
111005,346000.0
111008,280000.0
111009,122000.0
111014,114000.0
111018,92000.0
111023,99000.0
111031,172000.0
111035,105000.0
111054,90000.0
111059,208000.0
111079,123000.0
111113,564000.0
111114,631000.0
111117,204000.0
111118,204000.0
111119,204000.0
111120,282000.0
111122,282000.0
111123,201000.0
111124,282000.0
111125,282000.0
111127,201000.0
111129,211000.0
111143,220000.0
111147,282000.0
111148,282000.0
111166,197000.0
111167,116000.0
111168,127000.0
111191,117000.0
111196,107000.0
111197,81000.0
111199,97000.0
111208,681000.0
111216,126000.0
111252,202000.0
111255,101000.0
111319,153000.0
111384,210000.0
111386,203000.0
111388,225000.0
111389,226000.0
111394,219000.0
111395,229000.0
111435,174000.0
111446,79000.0
111457,110000.0
111459,111000.0
111463,80000.0
111477,402000.0
111496,90000.0
111506,55000.0
111507,128000.0
111510,91000.0
111512,138000.0
111523,171000.0
111530,164000.0
111531,139000.0
111534,376000.0
111538,89000.0
111554,378000.0
111573,215000.0
111590,341000.0
111598,129000.0
111608,629000.0
111611,184000.0
111621,208000.0
111628,205000.0
111629,105000.0
111633,212000.0
111636,196000.0
111637,122000.0
111658,109000.0
111665,160000.0
111697,252000.0
111703,132000.0
111774,122000.0
111775,101000.0
111820,161000.0
111839,90000.0
111846,154000.0
111850,214000.0
111856,215000.0
111860,118000.0
111865,57000.0
111883,109000.0
111884,201000.0
111885,109000.0
111894,97000.0
111915,287000.0
111924,778000.0
111939,194000.0
111954,95000.0
111965,134000.0
111970,190000.0
111976,120000.0
111987,147000.0
111988,128000.0
112051,148000.0
112063,109000.0
112068,380000.0
112075,204000.0
112157,292000.0
112162,107000.0
112163,108000.0
112227,90000.0
112230,205000.0
112247,497000.0
112271,169000.0
112297,77000.0
112315,81000.0
112335,223000.0
112353,357000.0
112355,736000.0
112367,116000.0
112375,182000.0
112378,182000.0
112388,178000.0
112412,290000.0
112424,177000.0
112431,137000.0
112465,380000.0
112466,335000.0
112474,158000.0
112486,112000.0
112510,127000.0
112511,121000.0
112512,148000.0
112657,95000.0
112663,105000.0
112673,130000.0
112680,151000.0
112681,177000.0
112694,229000.0
112696,118000.0
112713,113000.0
112716,217000.0
112718,217000.0
112720,191000.0
112726,113000.0
112744,267000.0
112748,155000.0
112755,222000.0
112757,326000.0
112780,135000.0
112793,265000.0
112796,109000.0
112816,116000.0
112822,148000.0
112823,156000.0
112825,156000.0
112828,217000.0
112851,561000.0
112872,140000.0
112874,138000.0
112921,123000.0
112925,172000.0
112926,288000.0
112928,172000.0
112929,172000.0
112930,172000.0
112933,151000.0
112938,113000.0
112960,291000.0
112963,291000.0
112970,178000.0
112974,195000.0
112986,227000.0
112987,227000.0
113022,207000.0
113037,116000.0
113109,205000.0
113113,146000.0
113114,146000.0
113163,189000.0
113169,113000.0
113181,250000.0
113206,254000.0
113207,153000.0
113230,247000.0
113231,553000.0
113246,205000.0
113248,245000.0
113313,155000.0
113314,309000.0
113315,308000.0
113320,147000.0
113322,180000.0
113323,258000.0
113326,180000.0
113329,156000.0
113465,111000.0
113468,319000.0
113478,122000.0
113488,381000.0
113491,395000.0
113503,223000.0
113552,146000.0
113568,118000.0
113608,268000.0
113613,172000.0
113616,161000.0
113617,161000.0
113630,129000.0
113644,130000.0
113645,106000.0
113657,138000.0
113662,116000.0
113668,216000.0
113703,265000.0
113704,156000.0
113706,113000.0
113711,260000.0
113750,136000.0
113752,165000.0
113762,121000.0
113804,156000.0
113809,449000.0
113813,184000.0
113831,155000.0
113871,192000.0
113884,178000.0
113888,154000.0
113890,300000.0
113909,214000.0
113922,158000.0
113950,146000.0
113957,199000.0
113995,135000.0
114001,202000.0
114002,291000.0
114007,92000.0
114030,118000.0
114031,180000.0
114139,236000.0
114172,200000.0
114187,381000.0
114200,71000.0
114204,140000.0
114217,181000.0
114242,129000.0
114253,215000.0
114266,101000.0
114276,152000.0
114334,264000.0
114335,263000.0
114336,264000.0
114337,255000.0
114377,218000.0
114379,126000.0
114396,156000.0
114401,214000.0
114405,102000.0
114407,111000.0
114431,172000.0
114432,172000.0
114440,379000.0
114449,155000.0
114454,291000.0
114458,137000.0
114461,140000.0
114468,561000.0
114560,173000.0
114619,155000.0
114634,229000.0
114649,85000.0
114650,215000.0
114658,251000.0
114661,971000.0
114676,218000.0
114684,203000.0
114688,212000.0
114690,72000.0
114698,477000.0
114702,148000.0
114711,234000.0
114717,140000.0
114721,273000.0
114728,147000.0
114732,67000.0
114736,405000.0
114748,164000.0
114764,227000.0
114780,264000.0
114781,279000.0
114790,251000.0
114804,140000.0
114809,450000.0
114812,85000.0
114816,238000.0
114839,251000.0
114847,139000.0
114884,275000.0
114886,159000.0
114887,150000.0
114893,99000.0
114904,204000.0
114941,93000.0
114950,240000.0
114969,83000.0
114993,279000.0
114997,91000.0
115004,554000.0
115020,100000.0
115025,486000.0
115027,359000.0
115078,196000.0
115080,196000.0
115081,196000.0
115082,196000.0
115085,196000.0
115086,196000.0
115087,196000.0
115088,196000.0
115093,69000.0
115098,300000.0
115099,223000.0
115100,341000.0
115178,88000.0
115179,88000.0
115181,79000.0
115243,74000.0
115261,63000.0
115279,146000.0
115316,97000.0
115318,95000.0
115360,120000.0
115394,56000.0
115403,152000.0
115408,188000.0
115412,66000.0
115417,101000.0
115418,111000.0
115422,101000.0
115479,437000.0
115480,554000.0
115481,437000.0
115482,437000.0
115483,437000.0
115485,669000.0
115488,437000.0
115505,135000.0
115506,192000.0
115507,95000.0
115508,171000.0
115509,192000.0
115510,95000.0
115511,95000.0
115512,95000.0
115514,95000.0
115515,135000.0
115516,135000.0
115517,135000.0
115528,269000.0
115536,142000.0
115537,166000.0
115538,164000.0
115539,166000.0
115541,135000.0
115542,172000.0
115543,102000.0
115544,137000.0
115545,172000.0
115548,94000.0
115551,82000.0
115552,88000.0
115553,66000.0
115554,74000.0
115555,58000.0
115559,478000.0
115597,243000.0
115598,339000.0
115642,73000.0
115652,203000.0
115780,286000.0
115818,94000.0
115896,141000.0
115898,140000.0
115900,141000.0
115902,141000.0
115910,140000.0
115927,54000.0
115980,342000.0
115983,64000.0
116008,87000.0
116056,196000.0
116064,87000.0
116065,87000.0
116066,102000.0
116067,95000.0
116068,87000.0
116069,87000.0
116071,99000.0
116072,99000.0
116094,209000.0
116099,82000.0
116105,101000.0
116152,437000.0
116154,437000.0
116173,104000.0
116174,192000.0
116175,135000.0
116176,192000.0
116178,104000.0
116179,95000.0
116189,135000.0
116190,135000.0
116196,130000.0
116197,129000.0
116198,106000.0
116199,142000.0
116205,530000.0
116269,149000.0
116350,286000.0
116434,107000.0
116435,54000.0
116446,74000.0
116471,121000.0
116501,87000.0
116506,102000.0
116507,87000.0
116508,97000.0
116509,102000.0
116547,82000.0
116562,280000.0
116581,298000.0
116634,74000.0
116635,74000.0
116661,69000.0
116675,84000.0
116690,146000.0
116706,50000.0
116787,56000.0
116890,53000.0
116909,55000.0
116920,144000.0
116926,135000.0
116932,121000.0
116934,110000.0
116937,170000.0
116940,117000.0
116941,170000.0
116942,117000.0
116944,170000.0
116945,184000.0
116947,90000.0
116948,90000.0
116950,102000.0
116957,185000.0
116958,181000.0
116959,185000.0
116960,221000.0
116981,214000.0
116988,195000.0
116992,114000.0
117046,136000.0
117055,121000.0
117076,91000.0
117077,91000.0
117078,91000.0
117093,114000.0
117127,121000.0
117128,121000.0
117137,117000.0
117140,155000.0
117145,186000.0
117174,106000.0
117188,106000.0
117201,138000.0
117212,157000.0
117216,190000.0
117220,121000.0
117222,121000.0
117224,121000.0
117225,121000.0
117226,121000.0
117227,128000.0
117232,121000.0
117236,109000.0
117238,111000.0
117239,72000.0
117245,304000.0
117246,155000.0
117247,160000.0
117253,162000.0
117263,90000.0
117265,186000.0
117272,91000.0
117275,72000.0
117278,222000.0
117288,161000.0
117290,181000.0
117313,127000.0
117317,196000.0
117318,240000.0
117325,103000.0
117326,103000.0
117328,268000.0
117331,182000.0
117333,111000.0
117335,111000.0
117345,278000.0
117346,278000.0
117349,147000.0
117359,125000.0
117365,121000.0
117374,142000.0
117416,87000.0
117511,117000.0
117513,116000.0
117514,101000.0
117589,120000.0
117619,121000.0
117632,119000.0
117680,132000.0
117682,132000.0
117688,99000.0
117714,130000.0
117716,146000.0
117718,132000.0
117719,146000.0
117746,131000.0
117750,79000.0
117752,112000.0
117759,82000.0
117772,168000.0
117777,137000.0
117785,116000.0
117788,149000.0
117796,90000.0
117797,70000.0
117803,96000.0
117808,123000.0
117810,105000.0
117821,195000.0
117846,198000.0
117847,145000.0
117848,189000.0
117849,145000.0
117850,145000.0
117851,145000.0
117853,52000.0
117875,96000.0
117888,127000.0
117900,104000.0
117903,284000.0
117906,139000.0
117917,93000.0
117918,170000.0
117919,170000.0
117925,182000.0
117927,119000.0
117931,135000.0
117935,262000.0
117945,175000.0
117953,106000.0
117956,121000.0
117964,103000.0
117965,103000.0
117966,103000.0
117967,103000.0
117968,103000.0
117969,103000.0
117970,103000.0
117974,103000.0
117984,159000.0
117999,468000.0
118001,144000.0
118006,72000.0
118010,435000.0
118020,141000.0
118023,149000.0
118027,116000.0
118030,68000.0
118048,88000.0
118049,72000.0
118056,97000.0
118060,157000.0
118061,182000.0
118062,65000.0
118067,108000.0
118091,121000.0
118094,121000.0
118095,128000.0
118096,121000.0
118097,121000.0
118098,121000.0
118099,128000.0
118100,121000.0
118101,121000.0
118104,109000.0
118109,168000.0
118116,103000.0
118118,129000.0
118125,173000.0
118126,160000.0
118130,159000.0
118132,175000.0
118133,205000.0
118141,191000.0
118148,90000.0
118149,90000.0
118151,128000.0
118157,154000.0
118163,105000.0
118165,199000.0
118168,186000.0
118169,191000.0
118170,181000.0
118178,129000.0
118180,132000.0
118182,114000.0
118186,69000.0
118192,244000.0
118196,128000.0
118198,134000.0
118209,121000.0
118218,95000.0
118229,102000.0
118230,106000.0
118244,147000.0
118250,131000.0
118255,182000.0
118316,75000.0
118319,86000.0
118320,65000.0
118323,402000.0
118437,79000.0
118449,216000.0
118461,88000.0
118491,91000.0
118511,79000.0
118533,123000.0
118555,102000.0
118562,121000.0
118575,163000.0
118578,98000.0
118589,103000.0
118590,140000.0
118612,103000.0
118617,133000.0
118627,438000.0
118637,102000.0
118646,156000.0
118647,134000.0
118650,303000.0
118659,105000.0
118668,174000.0
118669,98000.0
118701,173000.0
118704,163000.0
118826,92000.0
118866,110000.0
118867,94000.0
118869,90000.0
118870,73000.0
118871,73000.0
118872,73000.0
118881,79000.0
118893,174000.0
118894,130000.0
118897,175000.0
118899,131000.0
118908,111000.0
118923,192000.0
118944,121000.0
118965,190000.0
118987,141000.0
119087,71000.0
119092,126000.0
119098,143000.0
119099,192000.0
119143,214000.0
119180,225000.0
119190,214000.0
119207,187000.0
119217,191000.0
119236,92000.0
119246,159000.0
119247,138000.0
119248,127000.0
119251,138000.0
119252,139000.0
119255,197000.0
119259,204000.0
119262,186000.0
119264,390000.0
119275,145000.0
119284,469000.0
119285,469000.0
119291,151000.0
119294,94000.0
119305,145000.0
119306,263000.0
119311,129000.0
119326,214000.0
119328,447000.0
119334,100000.0
119338,85000.0
119341,418000.0
119343,70000.0
119345,88000.0
119346,88000.0
119348,108000.0
119351,125000.0
119374,252000.0
119389,235000.0
119397,377000.0
119398,494000.0
119401,278000.0
119402,153000.0
119403,271000.0
119406,160000.0
119446,140000.0
119505,396000.0
119514,214000.0
119515,309000.0
119516,127000.0
119529,166000.0
119549,477000.0
119561,120000.0
119562,379000.0
119567,162000.0
119572,229000.0
119573,91000.0
119574,92000.0
119575,116000.0
119590,92000.0
119591,122000.0
119605,145000.0
119606,145000.0
119608,399000.0
119609,186000.0
119611,399000.0
119613,766000.0
119621,94000.0
119637,224000.0
119641,132000.0
119647,143000.0
119648,143000.0
119649,224000.0
119650,140000.0
119656,222000.0
119657,264000.0
119658,473000.0
119673,300000.0
119676,98000.0
119680,110000.0
119683,88000.0
119685,151000.0
119703,104000.0
119709,390000.0
119712,108000.0
119724,146000.0
119731,197000.0
119733,197000.0
119735,197000.0
119748,263000.0
119750,201000.0
119754,215000.0
119759,100000.0
119765,328000.0
119768,98000.0
119770,139000.0
119771,141000.0
119792,102000.0
119794,102000.0
119796,102000.0
119798,436000.0
119804,102000.0
119809,101000.0
119811,268000.0
119813,240000.0
119821,228000.0
119824,191000.0
119825,188000.0
119826,188000.0
119830,191000.0
119831,188000.0
119832,312000.0
119833,100000.0
119834,59000.0
119835,96000.0
119842,125000.0
119847,139000.0
119848,130000.0
119857,190000.0
119871,79000.0
119872,79000.0
119873,82000.0
119876,115000.0
119884,244000.0
119931,160000.0
119932,153000.0
119933,205000.0
119934,160000.0
119937,227000.0
119938,142000.0
119939,132000.0
119944,154000.0
120014,69000.0
120072,97000.0
120077,160000.0
120105,200000.0
120107,149000.0
120111,238000.0
120124,133000.0
120132,91000.0
120133,297000.0
120141,139000.0
120165,101000.0
120166,101000.0
120169,211000.0
120176,190000.0
120177,196000.0
120180,396000.0
120181,394000.0
120193,113000.0
120194,238000.0
120196,155000.0
120205,144000.0
120206,318000.0
120207,137000.0
120208,134000.0
120218,140000.0
120223,505000.0
120231,118000.0
120261,427000.0
120262,249000.0
120263,160000.0
120269,80000.0
120273,163000.0
120279,169000.0
120295,106000.0
120298,132000.0
120302,263000.0
120304,209000.0
120305,269000.0
120306,203000.0
120311,207000.0
120312,207000.0
120314,113000.0
120320,130000.0
120326,209000.0
120327,122000.0
120337,144000.0
120338,144000.0
120339,144000.0
120348,174000.0
120349,174000.0
120350,202000.0
120363,64000.0
120365,114000.0
120371,141000.0
120372,133000.0
120378,141000.0
120381,140000.0
120383,80000.0
120385,68000.0
120414,156000.0
120415,158000.0
120417,89000.0
120419,147000.0
120421,79000.0
120499,98000.0
120500,84000.0
120501,163000.0
120515,142000.0
120516,126000.0
120545,265000.0
120548,63000.0
120561,200000.0
120562,127000.0
120564,119000.0
120569,84000.0
120590,479000.0
120591,362000.0
120592,233000.0
120593,88000.0
120596,312000.0
120597,94000.0
120608,139000.0
120609,122000.0
120614,270000.0
120615,140000.0
120616,140000.0
120629,773000.0
120642,263000.0
120643,91000.0
120646,225000.0
120672,497000.0
120675,174000.0
120676,75000.0
120678,85000.0
120687,433000.0
120688,425000.0
120689,433000.0
120691,428000.0
120692,428000.0
120702,70000.0
120715,210000.0
120720,207000.0
120735,122000.0
120743,156000.0
120744,79000.0
120745,77000.0
120749,224000.0
120756,88000.0
120769,82000.0
120803,93000.0
120810,80000.0
120822,92000.0
120832,193000.0
120833,193000.0
120844,151000.0
120851,80000.0
120886,112000.0
120887,112000.0
120895,206000.0
120903,140000.0
120905,165000.0
120906,167000.0
120910,88000.0
120916,220000.0
120918,433000.0
120920,433000.0
120922,428000.0
120924,428000.0
120925,428000.0
120926,428000.0
120960,92000.0
120970,66000.0
120976,158000.0
121014,133000.0
121019,309000.0
121021,112000.0
121025,171000.0
121030,593000.0
121038,158000.0
121041,135000.0
121042,148000.0
121043,281000.0
121045,148000.0
121046,158000.0
121047,281000.0
121048,215000.0
121049,374000.0
121050,147000.0
121051,147000.0
121061,272000.0
121062,100000.0
121064,100000.0
121068,525000.0
121070,525000.0
121085,100000.0
121097,120000.0
121150,104000.0
121158,127000.0
121159,348000.0
121169,131000.0
121172,93000.0
121187,270000.0
121189,192000.0
121192,1101000.0
121193,1063000.0
121195,121000.0
121204,113000.0
121208,248000.0
121210,175000.0
121219,256000.0
121224,180000.0
121235,246000.0
121236,246000.0
121238,147000.0
121239,246000.0
121240,215000.0
121241,148000.0
121242,246000.0
121243,158000.0
121244,117000.0
121246,128000.0
121249,137000.0
121251,233000.0
121256,147000.0
121257,147000.0
121258,147000.0
121264,270000.0
121265,180000.0
121270,132000.0
121274,146000.0
121280,203000.0
121282,98000.0
121283,123000.0
121286,123000.0
121295,129000.0
121296,127000.0
121299,119000.0
121300,151000.0
121301,232000.0
121307,108000.0
121308,92000.0
121311,128000.0
121315,203000.0
121320,99000.0
121321,182000.0
121323,141000.0
121324,141000.0
121331,177000.0
121333,141000.0
121335,141000.0
121337,270000.0
121338,103000.0
121339,270000.0
121343,141000.0
121346,194000.0
121347,237000.0
121348,237000.0
121350,236000.0
121351,302000.0
121352,239000.0
121364,525000.0
121365,525000.0
121373,266000.0
121375,158000.0
121376,117000.0
121377,227000.0
121385,201000.0
121397,99000.0
121400,136000.0
121402,100000.0
121408,100000.0
121444,108000.0
121452,94000.0
121455,186000.0
121538,270000.0
121544,107000.0
121597,148000.0
121647,98000.0
121688,192000.0
121697,122000.0
121707,272000.0
121708,272000.0
121710,172000.0
121716,253000.0
121723,434000.0
121739,103000.0
121742,220000.0
121746,242000.0
121751,114000.0
121756,125000.0
121757,96000.0
121765,111000.0
121766,111000.0
121767,104000.0
121771,101000.0
121777,132000.0
121781,275000.0
121787,92000.0
121788,121000.0
121793,322000.0
121802,159000.0
121807,166000.0
121822,148000.0
121824,269000.0
121825,163000.0
121826,90000.0
121829,345000.0
121843,108000.0
121847,114000.0
121848,112000.0
121849,136000.0
121850,112000.0
121854,166000.0
121857,118000.0
121868,118000.0
121878,128000.0
121884,287000.0
121892,96000.0
121899,213000.0
121900,127000.0
121901,87000.0
121909,82000.0
121923,111000.0
121927,104000.0
121930,108000.0
121932,123000.0
121935,104000.0
121941,114000.0
121944,160000.0
121948,207000.0
121954,320000.0
121964,92000.0
121966,198000.0
121970,247000.0
121984,270000.0
121993,131000.0
122033,89000.0
122036,214000.0
122044,138000.0
122165,227000.0
122166,138000.0
122167,196000.0
122168,141000.0
122169,141000.0
122195,142000.0
122197,165000.0
122214,107000.0
122219,242000.0
122225,109000.0
122241,241000.0
122249,119000.0
122262,170000.0
122277,139000.0
122282,118000.0
122294,152000.0
122299,205000.0
122302,157000.0
122311,171000.0
122313,151000.0
122315,299000.0
122318,125000.0
122321,116000.0
122322,114000.0
122323,231000.0
122330,1091000.0
122331,1074000.0
122332,733000.0
122333,733000.0
122337,120000.0
122340,122000.0
122347,86000.0
122350,191000.0
122351,93000.0
122362,206000.0
122370,145000.0
122371,146000.0
122373,111000.0
122377,99000.0
122382,137000.0
122398,226000.0
122404,111000.0
122405,269000.0
122410,109000.0
122411,184000.0
122412,128000.0
122434,132000.0
122442,268000.0
122454,244000.0
122458,244000.0
122459,244000.0
122467,193000.0
122472,260000.0
122474,246000.0
122475,144000.0
122500,119000.0
122559,114000.0
122560,202000.0
122561,159000.0
122586,79000.0
122599,219000.0
122602,74000.0
122614,69000.0
122616,128000.0
122622,168000.0
122637,121000.0
122644,104000.0
122647,204000.0
122665,122000.0
122667,133000.0
122669,166000.0
122687,235000.0
122695,166000.0
122699,303000.0
122701,215000.0
122703,126000.0
122744,496000.0
122752,243000.0
122762,351000.0
122768,180000.0
122783,205000.0
122784,66000.0
122787,202000.0
122788,168000.0
122792,88000.0
122881,244000.0
122882,85000.0
122900,76000.0
122901,76000.0
122902,75000.0
122903,75000.0
122904,75000.0
122909,141000.0
122927,107000.0
122928,107000.0
122929,107000.0
122932,138000.0
122934,229000.0
122935,133000.0
122947,110000.0
122969,71000.0
122987,271000.0
123070,257000.0
123079,289000.0
123083,296000.0
123092,81000.0
123093,70000.0
123094,71000.0
123095,70000.0
123129,70000.0
123153,232000.0
123165,465000.0
123176,141000.0
123196,84000.0
123248,112000.0
123310,107000.0
123311,110000.0
123312,110000.0
123323,215000.0
123325,215000.0
123326,214000.0
123327,212000.0
123328,215000.0
123331,178000.0
123335,110000.0
123338,136000.0
123400,73000.0
123480,107000.0
123558,72000.0
123572,123000.0
123576,72000.0
123579,191000.0
123580,191000.0
123588,80000.0
123592,81000.0
123595,195000.0
123605,100000.0
123612,250000.0
123620,75000.0
123623,75000.0
123624,79000.0
123657,139000.0
123658,139000.0
123686,67000.0
123734,174000.0
123749,353000.0
123759,187000.0
123760,84000.0
123767,107000.0
123768,107000.0
123808,294000.0
123815,134000.0
123825,186000.0
123835,338000.0
123868,110000.0
123869,110000.0
123870,110000.0
123874,212000.0
123877,110000.0
123892,107000.0
123898,80000.0
123900,85000.0
123903,92000.0
123905,103000.0
124032,372000.0
124034,72000.0
124036,79000.0
124038,195000.0
124039,195000.0
124044,191000.0
124059,99000.0
124070,81000.0
124071,83000.0
124072,70000.0
124073,72000.0
124074,72000.0
124094,139000.0
124096,134000.0
124109,143000.0
124118,111000.0
124125,110000.0
124138,263000.0
124178,69000.0
124187,130000.0
124197,260000.0
124213,184000.0
124214,110000.0
124228,112000.0
124263,115000.0
124339,246000.0
124357,117000.0
124364,115000.0
124380,484000.0
124392,259000.0
124494,85000.0
124500,108000.0
124536,123000.0
124537,69000.0
124540,501000.0
124548,89000.0
124597,544000.0
124642,501000.0
124646,233000.0
124648,234000.0
124662,110000.0
124688,91000.0
124693,215000.0
124707,123000.0
124714,182000.0
124716,227000.0
124731,113000.0
124737,371000.0
124747,684000.0
124759,661000.0
124777,366000.0
124787,294000.0
124796,197000.0
124799,145000.0
124813,306000.0
124819,101000.0
124894,238000.0
124915,138000.0
124962,101000.0
124978,140000.0
124993,164000.0
125005,168000.0
125014,114000.0
125016,162000.0
125020,740000.0
125023,300000.0
125027,204000.0
125044,176000.0
125045,158000.0
125046,1201000.0
125050,206000.0
125072,615000.0
125073,133000.0
125086,1238000.0
125100,246000.0
125117,454000.0
125118,516000.0
125120,227000.0
125125,196000.0
125130,197000.0
125134,633000.0
125136,167000.0
125141,96000.0
125188,220000.0
125200,146000.0
125203,168000.0
125204,95000.0
125275,291000.0
125291,219000.0
125317,129000.0
125332,118000.0
125345,197000.0
125351,243000.0
125357,181000.0
125359,128000.0
125375,174000.0
125380,143000.0
125404,106000.0
125406,115000.0
125422,206000.0
125431,125000.0
125433,141000.0
125434,194000.0
125435,306000.0
125444,84000.0
125466,214000.0
125506,166000.0
125546,173000.0
125554,276000.0
125568,189000.0
125569,387000.0
125573,132000.0
125579,108000.0
125581,222000.0
125583,174000.0
125587,117000.0
125596,295000.0
125618,262000.0
125621,166000.0
125632,245000.0
125639,159000.0
125642,640000.0
125645,306000.0
125694,143000.0
125695,151000.0
125696,101000.0
125714,197000.0
125716,110000.0
125727,189000.0
125734,259000.0
125736,137000.0
125739,152000.0
125744,134000.0
125756,152000.0
125764,235000.0
125766,246000.0
125776,162000.0
125777,162000.0
125783,119000.0
125784,119000.0
125791,146000.0
125822,291000.0
125824,157000.0
125828,159000.0
125829,214000.0
125841,182000.0
309591,250000.0
309611,223000.0
309613,180000.0
309658,84000.0
309661,255000.0
309667,208000.0
309669,162000.0
309678,409000.0
309692,156000.0
309700,293000.0
309707,161000.0
309714,165000.0
309731,445000.0
309734,115000.0
309735,165000.0
309770,280000.0
309817,93000.0
309819,138000.0
320845,116000.0
320872,208000.0
320929,177000.0
320931,177000.0
320932,72000.0
320937,72000.0
320938,72000.0
320940,115000.0
320948,122000.0
320950,263000.0
320954,177000.0
320969,204000.0
320974,158000.0
320998,144000.0
321002,107000.0
321004,109000.0
321023,92000.0
321055,152000.0
321067,136000.0
321080,97000.0
321083,144000.0
321122,188000.0
321127,139000.0
321128,113000.0
321229,115000.0
321231,122000.0
321249,275000.0
321250,263000.0
321258,176000.0
321259,243000.0
321260,72000.0
321262,120000.0
321270,176000.0
321272,74000.0
321278,358000.0
321286,188000.0
321288,123000.0
321289,105000.0
321307,148000.0
321311,153000.0
321316,153000.0
321317,107000.0
321318,107000.0
321319,107000.0
321321,107000.0
321322,130000.0
321323,107000.0
321324,107000.0
321340,225000.0
321346,191000.0
321352,104000.0
321392,143000.0
321393,177000.0
321399,182000.0
321407,185000.0
321428,244000.0
321429,83000.0
321431,83000.0
321455,168000.0
321463,132000.0
321480,1289000.0
321540,129000.0
321551,133000.0
321559,229000.0
321561,107000.0
321567,130000.0
321568,123000.0
321570,153000.0
321573,148000.0
321574,107000.0
321575,90000.0
321577,107000.0
321581,99000.0
321582,107000.0
321583,99000.0
321595,78000.0
321616,288000.0
321656,216000.0
321674,230000.0
321677,122000.0
321730,119000.0
321734,107000.0
321736,107000.0
321737,107000.0
321739,173000.0
321747,153000.0
321749,174000.0
321757,199000.0
321758,223000.0
321762,76000.0
321817,348000.0
321831,364000.0
321834,122000.0
321874,432000.0
321877,367000.0
321883,120000.0
321903,115000.0
321918,212000.0
321940,153000.0
321942,143000.0
321949,153000.0
321950,104000.0
321960,148000.0
321961,148000.0
321965,157000.0
321975,242000.0
321980,488000.0
321989,135000.0
321990,107000.0
322003,128000.0
322025,248000.0
322027,112000.0
322029,91000.0
322038,148000.0
322041,87000.0
322042,80000.0
322045,111000.0
322046,111000.0
322092,267000.0
322107,159000.0
322110,590000.0
322111,327000.0
322112,317000.0
322114,148000.0
322115,178000.0
322116,191000.0
322119,327000.0
322121,328000.0
322132,71000.0
322133,71000.0
322144,171000.0
322156,105000.0
322181,190000.0
322197,192000.0
322220,794000.0
322244,110000.0
322256,380000.0
322271,110000.0
322281,175000.0
322300,93000.0
322304,157000.0
322310,311000.0
322330,91000.0
322332,155000.0
322335,133000.0
322339,188000.0
322360,296000.0
322362,143000.0
322436,235000.0
322445,179000.0
322476,243000.0
322494,90000.0
322500,121000.0
322501,121000.0
322505,112000.0
322517,283000.0
322518,124000.0
322526,480000.0
322527,179000.0
322531,142000.0
322533,84000.0
322534,108000.0
322536,108000.0
322548,178000.0
322553,76000.0
322579,331000.0
322583,343000.0
322591,116000.0
322610,348000.0
322620,157000.0
322630,153000.0
322645,454000.0
322651,171000.0
322653,251000.0
322671,729000.0
322695,62000.0
322712,189000.0
322715,177000.0
322732,309000.0
322741,150000.0
322744,319000.0
322757,137000.0
322769,111000.0
322786,188000.0
322789,79000.0
322800,106000.0
322807,112000.0
322808,215000.0
322810,97000.0
322816,157000.0
322833,111000.0
322871,267000.0
322980,187000.0
322981,178000.0
322983,178000.0
322984,178000.0
322985,327000.0
322986,352000.0
322987,178000.0
322990,148000.0
323000,105000.0
323002,130000.0
323011,181000.0
323013,480000.0
323017,107000.0
323032,105000.0
323066,73000.0
323069,306000.0
323077,76000.0
323085,92000.0
323088,296000.0
323101,623000.0
323102,257000.0
323122,168000.0
323169,92000.0
323189,103000.0
323192,117000.0
323194,131000.0
323197,1415000.0
323198,344000.0
323233,196000.0
323254,124000.0
323308,316000.0
323310,378000.0
323318,148000.0
323325,223000.0
323330,98000.0
323339,153000.0
323342,100000.0
323349,392000.0
323382,148000.0
323396,177000.0
323403,258000.0
323412,180000.0
323413,171000.0
323421,168000.0
323425,214000.0
323433,359000.0
323434,179000.0
323446,128000.0
323459,95000.0
323487,206000.0
323518,78000.0
323536,151000.0
323549,157000.0
323552,144000.0
323608,158000.0
323617,94000.0
323622,388000.0
323629,203000.0
323656,211000.0
323664,292000.0
323668,142000.0
323678,338000.0
323703,176000.0
323710,174000.0
323722,220000.0
323723,84000.0
323780,94000.0
323792,140000.0
323831,270000.0
323894,122000.0
323911,113000.0
323917,97000.0
323926,188000.0
323944,151000.0
324001,199000.0
324006,163000.0
324023,159000.0
324032,233000.0
324058,173000.0
324078,158000.0
324079,196000.0
324118,212000.0
324146,212000.0
324152,121000.0
324158,562000.0
324160,854000.0
324236,125000.0
324287,1144000.0
324306,313000.0
324371,783000.0
324381,88000.0
324395,144000.0
324415,251000.0
324417,506000.0
324418,506000.0
324454,150000.0
324455,75000.0
324497,100000.0
324557,108000.0
324596,331000.0
324605,428000.0
324608,498000.0
324616,327000.0
324628,363000.0
324634,354000.0
324666,354000.0
324716,420000.0
324721,194000.0
324723,470000.0
324784,227000.0
324797,266000.0
324814,588000.0
324819,1094000.0
324846,93000.0
324904,148000.0
324941,324000.0
325010,661000.0
325044,396000.0
325045,345000.0
695288,156000.0
695340,292000.0
695354,156000.0
695495,177000.0
695510,138000.0
695519,742000.0
695520,743000.0
695565,153000.0
695596,239000.0
695610,250000.0
695611,258000.0
695614,102000.0
695615,238000.0
695631,134000.0
695794,206000.0
695813,292000.0
695828,226000.0
695877,350000.0
696061,209000.0
696119,210000.0
696129,173000.0
696183,146000.0
696223,410000.0
696268,197000.0
696269,456000.0
696272,502000.0
696273,501000.0
696329,393000.0
696334,393000.0
696336,478000.0
696337,479000.0
696338,474000.0
696339,475000.0
696340,479000.0
696352,158000.0
696357,164000.0
696508,141000.0
696512,115000.0
696609,216000.0
696610,199000.0
696645,153000.0
712644,175000.0
712653,323000.0
712676,136000.0
712685,267000.0
712690,217000.0
712692,280000.0
712748,234000.0
712750,126000.0
712751,205000.0
712768,176000.0
712776,223000.0
712780,232000.0
712788,149000.0
712794,141000.0
712816,167000.0
712817,109000.0
712818,302000.0
712823,332000.0
712835,438000.0
712852,144000.0
712858,245000.0
712871,270000.0
712880,157000.0
712881,93000.0
712890,95000.0
712901,202000.0
712917,293000.0
712999,158000.0
713027,66000.0
713050,148000.0
713084,110000.0
713098,173000.0
713109,86000.0
713127,98000.0
713151,111000.0
713157,374000.0
713159,141000.0
713160,152000.0
713169,116000.0
713182,211000.0
713190,98000.0
713192,113000.0
713197,199000.0
713213,168000.0
713216,141000.0
713247,173000.0
713251,296000.0
713264,137000.0
713309,141000.0
713319,287000.0
713341,202000.0
713350,896000.0
713375,307000.0
713391,200000.0
713394,94000.0
713420,81000.0
713421,303000.0
713429,90000.0
713432,190000.0
713434,216000.0
713437,182000.0
713469,331000.0
713476,269000.0
713477,165000.0
713501,197000.0
713507,101000.0
713536,218000.0
713544,206000.0
713560,199000.0
713580,133000.0
713651,128000.0
713656,159000.0
713740,197000.0
713800,389000.0
713801,127000.0
713806,287000.0
713820,101000.0
713823,106000.0
713847,220000.0
713864,170000.0
713866,158000.0
713868,212000.0
713878,77000.0
713881,169000.0
713897,142000.0
713934,190000.0
713939,117000.0
713950,349000.0
713991,142000.0
713993,88000.0
714003,154000.0
714017,201000.0
714021,159000.0
714026,502000.0
714064,108000.0
714174,90000.0
714196,277000.0
714262,352000.0
714353,120000.0
714369,126000.0
714374,242000.0
714385,190000.0
714393,522000.0
714398,461000.0
714412,226000.0
714415,135000.0
714417,321000.0
714430,194000.0
714507,192000.0
714555,107000.0
714586,330000.0
714587,190000.0
714609,109000.0
714636,294000.0
714676,67000.0
714689,124000.0
714713,411000.0
714721,91000.0
714725,141000.0
714774,114000.0
714784,177000.0
714821,124000.0
714833,413000.0
714858,183000.0
714864,186000.0
714871,127000.0
714874,594000.0
714890,227000.0
714911,152000.0
714930,337000.0
714957,174000.0
714970,129000.0
715017,185000.0
715034,269000.0
715036,541000.0
715051,167000.0
715078,139000.0
715080,129000.0
715127,267000.0
715142,133000.0
715176,188000.0
715189,129000.0
715195,150000.0
715196,128000.0
715264,122000.0
715291,164000.0
715295,209000.0
715297,307000.0
715305,67000.0
715309,145000.0
715319,178000.0
715321,101000.0
715381,92000.0
715383,233000.0
715402,291000.0
715413,373000.0
715440,198000.0
715490,123000.0
715496,230000.0
715529,75000.0
715546,143000.0
715580,68000.0
715584,161000.0
715594,337000.0
715611,163000.0
715628,287000.0
715643,111000.0
715645,210000.0
715666,249000.0
715669,84000.0
715756,112000.0
715761,195000.0
715771,161000.0
715775,157000.0
715779,157000.0
715783,90000.0
715789,94000.0
715799,177000.0
715801,260000.0
715802,219000.0
715816,185000.0
715819,124000.0
715854,107000.0
715885,203000.0
715904,197000.0
715909,218000.0
715926,208000.0
715960,167000.0
715975,133000.0
715987,419000.0
715991,88000.0
716004,112000.0
716016,90000.0
716034,422000.0
716036,111000.0
716062,104000.0
716088,59000.0
716090,99000.0
716098,210000.0
716112,90000.0
716122,122000.0
716135,154000.0
716165,108000.0
716198,150000.0
716225,241000.0
716229,474000.0
716230,99000.0
716233,147000.0
716243,125000.0
716251,257000.0
716252,97000.0
716270,85000.0
716289,237000.0
716355,179000.0
716367,151000.0
716371,300000.0
716379,97000.0
716381,134000.0
716388,170000.0
716430,131000.0
716437,127000.0
716439,147000.0
716453,83000.0
716459,204000.0
716475,360000.0
716495,207000.0
716516,312000.0
716564,181000.0
716566,327000.0
716646,172000.0
716652,146000.0
716677,148000.0
716680,131000.0
716696,231000.0
716716,146000.0
716750,317000.0
716759,205000.0
716761,231000.0
716822,198000.0
716839,96000.0
716905,300000.0
716942,160000.0
716964,164000.0
717008,398000.0
717022,149000.0
717046,91000.0
717110,78000.0
717123,416000.0
717146,87000.0
717179,166000.0
717184,237000.0
717187,114000.0
717188,92000.0
717189,294000.0
717195,146000.0
717197,147000.0
717227,103000.0
717270,161000.0
717303,174000.0
717333,125000.0
717335,127000.0
717342,854000.0
717358,154000.0
717374,122000.0
717386,299000.0
717417,120000.0
717491,74000.0
717502,71000.0
717549,179000.0
717570,227000.0
717574,59000.0
717602,205000.0
717626,243000.0
717630,75000.0
717635,298000.0
717641,115000.0
717648,106000.0
717652,86000.0
717689,160000.0
717727,101000.0
717783,201000.0
717808,184000.0
717824,212000.0
717869,149000.0
717986,118000.0
717995,60000.0
717997,235000.0
717999,97000.0
718069,119000.0
718109,194000.0
718113,232000.0
718134,194000.0
718135,218000.0
718144,91000.0
718171,360000.0
718212,128000.0
718229,94000.0
718242,97000.0
718310,185000.0
718329,190000.0
718331,90000.0
718349,297000.0
718436,99000.0
718506,114000.0
718581,226000.0
718620,99000.0
718648,189000.0
718653,100000.0
718675,90000.0
718683,169000.0
718696,125000.0
718697,164000.0
718773,590000.0
718786,169000.0
718806,152000.0
718811,217000.0
718812,302000.0
718841,145000.0
718869,385000.0
718891,497000.0
718902,148000.0
718919,207000.0
718930,201000.0
718970,254000.0
719018,213000.0
719060,202000.0
719062,111000.0
719065,220000.0
719076,340000.0
719091,146000.0
719120,89000.0
719146,175000.0
719186,102000.0
719188,314000.0
719197,133000.0
719201,139000.0
719203,123000.0
719208,123000.0
719210,193000.0
719216,123000.0
719224,151000.0
719246,123000.0
719258,95000.0
719300,222000.0
719334,94000.0
719360,399000.0
719377,170000.0
719415,112000.0
719424,183000.0
719429,232000.0
719445,363000.0
719446,364000.0
719469,234000.0
719503,136000.0
719537,260000.0
719593,112000.0
719616,100000.0
719642,80000.0
719655,314000.0
719693,88000.0
719720,148000.0
719747,125000.0
719748,86000.0
719754,101000.0
719784,96000.0
719794,103000.0
719802,114000.0
719806,78000.0
719810,121000.0
719812,104000.0
719828,179000.0
719833,123000.0
719882,84000.0
719895,145000.0
719909,143000.0
719971,90000.0
720043,195000.0
720108,282000.0
720119,107000.0
720163,83000.0
720166,148000.0
720188,99000.0
720194,225000.0
720274,115000.0
720292,116000.0
720296,119000.0
720304,98000.0
720323,169000.0
720342,515000.0
720348,191000.0
720379,105000.0
720386,226000.0
720388,171000.0
720393,119000.0
720398,164000.0
720403,115000.0
720409,277000.0
720440,132000.0
720450,102000.0
720481,84000.0
720530,200000.0
720534,108000.0
720549,91000.0
720550,109000.0
720609,115000.0
720629,216000.0
720646,153000.0
720649,255000.0
720659,79000.0
720745,212000.0
720753,96000.0
720789,85000.0
720879,219000.0
720899,182000.0
720909,127000.0
720925,178000.0
720932,94000.0
720950,263000.0
720956,125000.0
720964,197000.0
720970,133000.0
720997,200000.0
721019,523000.0
721074,191000.0
721104,115000.0
721128,67000.0
721132,80000.0
721135,67000.0
721138,84000.0
721169,300000.0
721241,148000.0
721303,99000.0
721327,92000.0
721355,182000.0
721380,91000.0
721384,169000.0
721403,126000.0
721426,158000.0
721462,152000.0
721473,100000.0
721548,168000.0
721568,131000.0
721574,130000.0
721579,331000.0
721598,146000.0
721634,186000.0
721647,363000.0
721701,82000.0
721727,161000.0
721746,125000.0
721751,332000.0
721773,108000.0
721806,71000.0
721859,225000.0
721869,359000.0
721922,180000.0
722035,745000.0
722036,745000.0
722125,70000.0
722131,124000.0
722173,97000.0
722181,348000.0
722212,121000.0
722250,90000.0
722257,111000.0
722262,187000.0
722278,307000.0
722288,90000.0
722289,83000.0
722312,159000.0
722332,78000.0
722333,138000.0
722344,82000.0
722356,722000.0
722360,114000.0
722388,139000.0
722430,87000.0
722458,106000.0
722486,157000.0
722515,126000.0
722557,186000.0
722582,371000.0
722592,108000.0
722603,258000.0
722611,141000.0
722612,200000.0
722613,149000.0
722617,118000.0
722639,280000.0
722669,116000.0
722794,203000.0
722805,485000.0
722979,157000.0
722991,828000.0
722996,349000.0
723017,232000.0
723054,151000.0
723133,409000.0
723238,283000.0
723261,186000.0
723269,262000.0
723341,96000.0
723364,367000.0
723370,131000.0
723418,317000.0
723439,153000.0
723497,77000.0
723503,106000.0
723527,89000.0
723559,100000.0
723569,73000.0
723575,83000.0
723590,250000.0
723636,133000.0
723646,161000.0
723662,79000.0
723694,702000.0
723703,356000.0
723705,112000.0
723726,189000.0
723746,67000.0
723756,107000.0
723769,152000.0
723775,228000.0
723789,177000.0
723793,115000.0
723826,146000.0
723846,149000.0
723856,74000.0
723936,325000.0
723944,183000.0
723996,94000.0
724017,157000.0
724019,174000.0
724048,155000.0
724049,81000.0
724059,488000.0
724070,461000.0
724209,152000.0
724225,625000.0
724230,201000.0
724234,215000.0
724247,298000.0
724249,349000.0
724273,125000.0
724294,54000.0
724309,73000.0
724315,387000.0
724343,639000.0
724348,194000.0
724352,260000.0
724357,205000.0
724385,81000.0
724424,165000.0
724532,170000.0
724560,175000.0
724606,157000.0
724640,214000.0
724671,155000.0
724797,85000.0
724820,64000.0
724847,98000.0
724947,65000.0
724960,144000.0
724977,173000.0
724987,819000.0
725073,110000.0
725121,476000.0
725177,177000.0
725180,109000.0
725186,129000.0
725367,162000.0
725435,87000.0
725481,143000.0
725560,171000.0
725581,80000.0
725620,189000.0
725646,72000.0
725648,190000.0
725681,230000.0
725683,75000.0
725741,71000.0
725753,120000.0
725778,119000.0
725811,101000.0
725875,274000.0
725997,133000.0
726011,457000.0
726050,187000.0
726064,218000.0
726121,75000.0
726144,114000.0
726145,114000.0
726174,92000.0
726332,297000.0
726351,58000.0
726359,188000.0
726443,126000.0
726459,122000.0
726460,70000.0
726461,168000.0
726470,346000.0
726488,80000.0
726491,165000.0
726518,65000.0
726642,393000.0
726643,96000.0
726678,126000.0
726698,79000.0
726797,49000.0
726850,92000.0
726887,87000.0
726898,226000.0
726904,715000.0
726915,421000.0
726976,245000.0
727014,127000.0
727021,135000.0
727064,108000.0
727101,399000.0
727114,76000.0
727129,86000.0
727142,141000.0
727160,72000.0
727168,258000.0
727178,84000.0
727188,53000.0
727198,74000.0
727202,187000.0
727275,97000.0
727322,97000.0
727334,169000.0
727345,157000.0
727359,146000.0
727364,78000.0
727433,102000.0
727438,78000.0
727490,81000.0
727503,139000.0
727540,347000.0
727542,106000.0
727585,81000.0
727593,68000.0
727615,113000.0
727627,123000.0
727655,189000.0
727691,147000.0
727694,176000.0
727811,173000.0
727895,165000.0
728058,207000.0
728078,324000.0
728243,336000.0
728309,196000.0
728352,113000.0
728363,275000.0
728364,96000.0
728431,509000.0
728500,87000.0
728503,151000.0
728529,856000.0
728582,113000.0
728586,130000.0
728694,172000.0
728709,148000.0
728713,179000.0
728796,165000.0
728798,205000.0
728926,128000.0
728950,116000.0
728966,150000.0
728985,98000.0
729017,110000.0
729075,435000.0
729111,263000.0
729119,221000.0
729136,178000.0
729148,232000.0
729174,137000.0
729177,116000.0
729181,141000.0
729203,94000.0
729210,229000.0
729226,134000.0
729265,154000.0
729341,68000.0
729380,216000.0
729400,119000.0
729445,163000.0
729455,182000.0
729464,117000.0
729510,354000.0
729514,115000.0
729528,295000.0
729536,98000.0
729540,197000.0
729554,107000.0
729607,130000.0
729608,76000.0
729625,206000.0
729641,199000.0
729644,89000.0
729663,461000.0
729721,566000.0
729768,353000.0
729773,90000.0
729782,226000.0
729789,170000.0
729812,200000.0
729831,119000.0
729845,118000.0
729990,97000.0
730059,90000.0
730106,179000.0
730114,65000.0
730131,68000.0
730151,84000.0
730265,87000.0
730294,140000.0
730332,89000.0
730363,248000.0
730414,98000.0
730524,109000.0
730596,123000.0
730640,147000.0
730686,90000.0
730881,155000.0
730894,139000.0
730939,158000.0
731035,130000.0
731059,103000.0
731100,60000.0
731187,116000.0
731206,167000.0
731217,154000.0
731226,160000.0
731245,361000.0
731327,233000.0
731364,75000.0
731419,99000.0
731420,98000.0
731429,132000.0
731450,118000.0
731474,157000.0
731507,126000.0
731508,122000.0
731588,111000.0
731696,67000.0
731757,462000.0
731801,531000.0
731833,68000.0
731851,64000.0
731874,689000.0
732027,133000.0
732100,72000.0
732211,102000.0
732262,113000.0
732403,125000.0
732408,191000.0
732440,123000.0
732456,282000.0
732495,127000.0
732512,125000.0
732513,146000.0
732518,76000.0
732657,186000.0
732818,103000.0
732911,152000.0
732929,117000.0
732954,114000.0
732965,184000.0
732970,130000.0
732998,98000.0
733071,91000.0
733086,161000.0
733135,199000.0
733209,136000.0
733485,621000.0
733560,139000.0
733655,94000.0
733708,117000.0
733722,63000.0
733753,71000.0
733774,106000.0
733855,138000.0
733856,87000.0
733903,119000.0
733907,91000.0
733919,101000.0
734011,105000.0
734023,147000.0
734094,162000.0
734149,227000.0
734159,91000.0
734160,162000.0
734181,108000.0
734275,179000.0
734658,512000.0
734708,214000.0
734725,239000.0
734836,251000.0
735000,349000.0
735007,128000.0
735055,231000.0
735124,98000.0
735158,72000.0
735189,96000.0
735216,141000.0
735230,180000.0
735232,120000.0
735250,234000.0
735298,120000.0
735355,181000.0
735484,126000.0
735490,169000.0
735491,118000.0
735493,148000.0
735505,151000.0
735533,132000.0
735555,151000.0
735561,78000.0
735562,102000.0
735614,135000.0
735627,121000.0
735634,211000.0
735698,60000.0
735797,256000.0
735802,256000.0
735891,77000.0
735983,96000.0
736002,211000.0
736030,112000.0
736051,112000.0
736089,79000.0
736143,255000.0
736169,91000.0
736175,194000.0
736225,197000.0
736311,101000.0
736320,338000.0
736337,95000.0
736397,201000.0
736443,117000.0
736489,96000.0
736635,47000.0
736651,393000.0
736721,169000.0
736740,65000.0
736799,186000.0
736983,143000.0
737015,248000.0
737075,166000.0
737150,132000.0
737209,189000.0
737263,243000.0
737285,93000.0
737397,117000.0
737458,441000.0
737514,154000.0
737665,330000.0
737976,426000.0
738028,174000.0
738143,135000.0
738160,166000.0
738192,107000.0
738314,485000.0
738320,109000.0
738381,226000.0
738406,71000.0
738433,136000.0
738489,99000.0
738491,105000.0
738574,123000.0
738723,216000.0
738880,115000.0
738920,121000.0
739033,468000.0
739042,92000.0
739182,63000.0
739254,87000.0
739359,183000.0
739360,183000.0
739364,144000.0
739430,96000.0
739497,102000.0
739563,125000.0
739581,280000.0
739670,96000.0
739702,69000.0
739717,122000.0
739824,221000.0
740070,224000.0
740158,150000.0
740377,90000.0
740499,224000.0
740572,192000.0
740609,134000.0
740798,373000.0
740914,381000.0
740915,230000.0
740917,151000.0
740932,95000.0
740974,175000.0
740993,95000.0
740998,95000.0
741000,95000.0
741002,95000.0
741008,95000.0
741036,245000.0
741047,285000.0
741111,912000.0
741171,148000.0
741174,263000.0
741203,123000.0
741205,170000.0
741232,90000.0
741270,149000.0
741294,137000.0
741312,152000.0
741313,628000.0
741329,101000.0
741401,159000.0
741416,212000.0
741433,89000.0
741457,382000.0
741533,193000.0
741591,130000.0
741682,191000.0
741699,51000.0
741808,183000.0
741810,149000.0
741811,195000.0
741813,152000.0
741824,191000.0
741842,87000.0
741844,90000.0
741999,152000.0
742049,88000.0
742278,97000.0
742444,132000.0
742500,88000.0
742512,136000.0
742534,59000.0
742552,129000.0
742592,118000.0
742595,225000.0
742813,162000.0
742839,101000.0
743024,99000.0
743072,133000.0
743084,185000.0
743131,89000.0
743197,319000.0
743226,146000.0
743233,203000.0
743243,128000.0
743310,156000.0
743424,154000.0
743645,128000.0
743678,96000.0
743689,274000.0
743736,116000.0
743938,61000.0
744009,90000.0
744134,138000.0
744142,167000.0
744196,190000.0
744806,71000.0
744824,198000.0
744870,426000.0
744879,114000.0
744924,105000.0
745039,105000.0
745099,720000.0
745109,253000.0
745286,183000.0
745287,148000.0
745364,120000.0
745581,141000.0
745614,143000.0
745630,170000.0
745696,1005000.0
745726,77000.0
745763,182000.0
745819,124000.0
745898,339000.0
745924,126000.0
745960,61000.0
746269,84000.0
746297,166000.0
746353,170000.0
746361,226000.0
746390,128000.0
746450,109000.0
746513,390000.0
746565,111000.0
746720,243000.0
746732,128000.0
746769,498000.0
746790,247000.0
746846,125000.0
746847,125000.0
746901,284000.0
747013,142000.0
747015,275000.0
747085,65000.0
747090,174000.0
747139,76000.0
747310,134000.0
747474,245000.0
747521,139000.0
747537,87000.0
747736,146000.0
747743,157000.0
747759,111000.0
747810,128000.0
747995,130000.0
748013,66000.0
748040,273000.0
748058,212000.0
748060,212000.0
748073,196000.0
748106,129000.0
748145,168000.0
748150,388000.0
748172,220000.0
748287,143000.0
748308,100000.0
748311,142000.0
748429,70000.0
748523,148000.0
748544,184000.0
748713,159000.0
748836,213000.0
748845,137000.0
748856,153000.0
748895,152000.0
748962,299000.0
749165,129000.0
749218,166000.0
749232,90000.0
749255,156000.0
749452,154000.0
749483,141000.0
749497,121000.0
749502,189000.0
749504,169000.0
749521,212000.0
749571,199000.0
749671,334000.0
749821,302000.0
749975,78000.0
750049,251000.0
750155,100000.0
750174,92000.0
750408,54000.0
750418,101000.0
750441,115000.0
750475,591000.0
750559,107000.0
750579,91000.0
750669,142000.0
750683,201000.0
750740,137000.0
750956,135000.0
751319,56000.0
751352,182000.0
751396,415000.0
751416,115000.0
751421,312000.0
751442,95000.0
751459,77000.0
751587,82000.0
751714,121000.0
751886,142000.0
751971,124000.0
752242,188000.0
752254,115000.0
752310,55000.0
752576,231000.0
752705,53000.0
752895,97000.0
752914,435000.0
752994,68000.0
753036,212000.0
753099,144000.0
753188,103000.0
753196,125000.0
753234,126000.0
753289,212000.0
753295,212000.0
753297,212000.0
753387,212000.0
753393,212000.0
753395,212000.0
753397,212000.0
753399,212000.0
753402,212000.0
753404,212000.0
753405,212000.0
753406,130000.0
753602,108000.0
753948,190000.0
754108,87000.0
754112,65000.0
754292,453000.0
754384,123000.0
754763,128000.0
754978,117000.0
754995,67000.0
755014,174000.0
755055,170000.0
755065,252000.0
755138,345000.0
755226,204000.0
755447,112000.0
755448,112000.0
755575,82000.0
755674,88000.0
755809,444000.0
755892,97000.0
756308,105000.0
756620,82000.0
756836,514000.0
757366,258000.0
757425,97000.0
757539,182000.0
757668,117000.0
757758,196000.0
757792,105000.0
757925,78000.0
757991,122000.0
758122,92000.0
758135,144000.0
758325,199000.0
758344,211000.0
758410,82000.0
758601,78000.0
758674,191000.0
758911,95000.0
759246,95000.0
759339,226000.0
759621,224000.0
759656,228000.0
759823,188000.0
759982,96000.0
760071,251000.0
760135,91000.0
760172,101000.0
760262,281000.0
760514,128000.0
760522,88000.0
760523,88000.0
760607,71000.0
760760,103000.0
760878,183000.0
761015,140000.0
761078,77000.0
761137,120000.0
761182,104000.0
761221,179000.0
761226,228000.0
761245,163000.0
761273,189000.0
761281,110000.0
761297,246000.0
761298,122000.0
761312,77000.0
761418,310000.0
761437,78000.0
761449,93000.0
761451,260000.0
761462,135000.0
761597,101000.0
761616,94000.0
761631,64000.0
761638,293000.0
761660,340000.0
761662,98000.0
761734,120000.0
761737,89000.0
761773,163000.0
761775,163000.0
761781,163000.0
761783,163000.0
761870,119000.0
761928,117000.0
762020,100000.0
762104,110000.0
762106,108000.0
762135,112000.0
762140,191000.0
762146,122000.0
762260,321000.0
762277,110000.0
762395,79000.0
762467,95000.0
762485,189000.0
762509,106000.0
762528,185000.0
762572,157000.0
762642,110000.0
762673,188000.0
762782,161000.0
762792,106000.0
762828,61000.0
762848,149000.0
762862,78000.0
762894,105000.0
762903,203000.0
762924,77000.0
762929,187000.0
762937,58000.0
762941,275000.0
762951,176000.0
762959,174000.0
762965,148000.0
762986,65000.0
763016,460000.0
763021,299000.0
763034,160000.0
763065,85000.0
763068,810000.0
763073,267000.0
763090,391000.0
763152,110000.0
763153,110000.0
763212,215000.0
763270,116000.0
763279,293000.0
763299,160000.0
763300,160000.0
763314,106000.0
763332,120000.0
763333,120000.0
763334,123000.0
763337,125000.0
763338,117000.0
763348,117000.0
763349,85000.0
763351,107000.0
763389,94000.0
763421,114000.0
763424,104000.0
763429,121000.0
763431,94000.0
763433,82000.0
763435,114000.0
763438,105000.0
763439,82000.0
763446,103000.0
763447,78000.0
763448,110000.0
763449,116000.0
763450,117000.0
763452,105000.0
763453,78000.0
763454,107000.0
763457,115000.0
763458,112000.0
763460,78000.0
763464,107000.0
763466,109000.0
763528,93000.0
763572,119000.0
763575,86000.0
763576,99000.0
763591,333000.0
763627,91000.0
763628,226000.0
763629,226000.0
763631,90000.0
763633,90000.0
763634,90000.0
763653,121000.0
763684,84000.0
763733,90000.0
763744,86000.0
763764,171000.0
763781,90000.0
763788,100000.0
763797,86000.0
763842,128000.0
763856,50000.0
763925,95000.0
763942,199000.0
764037,81000.0
764042,110000.0
764044,110000.0
764047,110000.0
764052,110000.0
764103,84000.0
764132,232000.0
764192,45000.0
764215,89000.0
764263,506000.0
764332,127000.0
764347,138000.0
764361,213000.0
764368,580000.0
764413,341000.0
764414,175000.0
764496,102000.0
764544,352000.0
764737,74000.0
764777,88000.0
764797,70000.0
764822,190000.0
764827,157000.0
764828,69000.0
764836,73000.0
764862,92000.0
764907,243000.0
764910,93000.0
764922,103000.0
764946,200000.0
764999,424000.0
765049,146000.0
765056,91000.0
765097,161000.0
765112,125000.0
765115,130000.0
765282,96000.0
765294,110000.0
765352,108000.0
765358,80000.0
765365,104000.0
765396,123000.0
765440,195000.0
765475,98000.0
765494,191000.0
765496,191000.0
765520,140000.0
765527,301000.0
765571,671000.0
765572,541000.0
765599,108000.0
765625,200000.0
765669,215000.0
765676,225000.0
765686,79000.0
765756,191000.0
765760,191000.0
765768,268000.0
765786,85000.0
765832,129000.0
765840,89000.0
765853,191000.0
765854,191000.0
765869,101000.0
765883,122000.0
765884,82000.0
765913,1099000.0
765938,88000.0
766020,79000.0
766039,103000.0
766052,197000.0
766076,317000.0
766102,88000.0
766103,144000.0
766106,87000.0
766110,85000.0
766114,122000.0
766137,62000.0
766140,131000.0
766142,385000.0
766151,101000.0
766163,246000.0
766185,76000.0
766212,142000.0
766222,191000.0
766225,147000.0
766250,118000.0
766251,179000.0
766253,118000.0
766259,57000.0
766272,179000.0
766300,212000.0
766328,77000.0
766392,127000.0
766404,106000.0
766416,130000.0
766459,97000.0
766463,67000.0
766464,204000.0
766479,85000.0
766501,199000.0
766550,96000.0
766648,98000.0
766782,106000.0
766785,627000.0
766808,92000.0
766824,77000.0
766883,101000.0
766891,100000.0
766923,41000.0
766951,59000.0
766977,98000.0
766984,532000.0
766998,211000.0
767008,245000.0
767009,98000.0
767047,91000.0
767056,206000.0
767092,370000.0
767132,181000.0
767229,355000.0
767253,125000.0
767260,125000.0
767290,134000.0
767319,296000.0
767321,88000.0
767366,195000.0
767405,81000.0
767407,92000.0
767409,91000.0
767414,71000.0
767465,184000.0
767487,109000.0
767512,141000.0
767558,250000.0
767705,287000.0
767856,159000.0
768002,140000.0
768343,137000.0
768717,85000.0
768790,139000.0
768981,216000.0
769002,78000.0
769155,103000.0
769216,152000.0
769226,142000.0
769575,108000.0
769599,123000.0
769768,80000.0
769812,143000.0
769898,240000.0
769957,45000.0
770294,87000.0
770295,84000.0
770484,174000.0
770520,150000.0
770523,67000.0
770558,72000.0
770682,103000.0
770744,84000.0
770751,112000.0
770765,286000.0
770777,302000.0
770786,85000.0
770972,140000.0
771112,90000.0
771113,126000.0
771117,126000.0
771118,106000.0
771333,178000.0
771397,257000.0
771816,244000.0
771858,173000.0
772028,109000.0
772107,154000.0
772213,81000.0
772214,74000.0
774481,212000.0
774546,124000.0
774699,78000.0
774950,261000.0
775137,281000.0
775139,138000.0
775393,157000.0
775537,112000.0
775560,119000.0
775652,97000.0
775907,94000.0
776742,127000.0
776780,325000.0
776781,177000.0
776783,119000.0
776981,438000.0
777103,66000.0
777106,464000.0
777107,98000.0
777108,58000.0
777110,561000.0
777117,220000.0
777118,376000.0
777121,332000.0
777123,416000.0
777125,548000.0
777210,208000.0
777453,204000.0
777462,114000.0
777464,114000.0
777489,59000.0
777572,221000.0
778274,165000.0
778564,249000.0
778634,181000.0
778678,62000.0
778689,201000.0
778791,110000.0
778830,135000.0
778851,91000.0
778906,183000.0
778948,219000.0
778949,70000.0
778952,84000.0
778953,80000.0
778956,160000.0
778970,127000.0
778976,225000.0
779003,271000.0
779077,118000.0
779114,83000.0
779141,65000.0
779149,333000.0
779215,60000.0
779288,91000.0
779384,102000.0
779391,106000.0
779392,75000.0
779393,189000.0
779705,83000.0
779738,123000.0
779782,180000.0
779867,375000.0
779904,206000.0
779938,160000.0
779977,124000.0
779984,66000.0
780002,688000.0
780020,362000.0
780073,54000.0
780093,80000.0
780095,148000.0
780214,152000.0
780253,78000.0
780353,201000.0
780376,81000.0
780395,96000.0
780419,83000.0
780420,93000.0
780421,93000.0
780564,88000.0
780596,161000.0
780669,131000.0
780694,97000.0
780702,84000.0
780715,140000.0
780724,93000.0
780846,233000.0
780856,201000.0
780863,88000.0
780900,207000.0
780951,125000.0
781145,101000.0
781275,270000.0
781371,88000.0
781416,68000.0
781559,91000.0
781563,123000.0
781572,108000.0
781698,83000.0
781700,108000.0
781825,102000.0
781843,145000.0
781844,145000.0
781845,145000.0
781846,145000.0
781854,77000.0
781859,348000.0
781860,327000.0
781866,100000.0
781946,225000.0
781982,275000.0
782181,171000.0
782201,153000.0
782394,153000.0
782416,162000.0
782443,181000.0
782452,112000.0
782561,84000.0
782627,167000.0
782642,336000.0
782665,82000.0
782671,96000.0
782675,197000.0
782693,76000.0
782705,140000.0
782706,203000.0
782708,100000.0
782717,538000.0
782722,99000.0
782761,62000.0
782782,99000.0
782785,68000.0
782849,65000.0
782946,70000.0
783038,107000.0
783051,154000.0
783056,154000.0
783125,159000.0
783130,147000.0
783231,108000.0
783260,603000.0
783421,279000.0
783512,120000.0
783559,119000.0
783604,256000.0
783607,837000.0
783636,116000.0
783654,75000.0
783811,118000.0
783914,152000.0
783951,154000.0
783978,193000.0
783979,193000.0
784000,292000.0
784012,127000.0
784167,79000.0
784275,76000.0
784431,109000.0
784568,94000.0
784570,132000.0
784737,85000.0
784762,171000.0
784768,87000.0
784842,144000.0
785009,229000.0
785082,91000.0
785261,99000.0
785408,92000.0
785455,53000.0
785514,172000.0
785588,188000.0
785808,131000.0
785820,129000.0
785970,194000.0
785973,194000.0
786182,103000.0
786183,95000.0
786346,181000.0
786447,144000.0
786450,144000.0
786451,144000.0
786452,144000.0
786456,144000.0
786457,144000.0
786484,144000.0
786521,183000.0
786587,121000.0
786628,713000.0
786831,226000.0
786859,89000.0
787068,82000.0
787151,98000.0
787208,171000.0
787215,273000.0
787216,273000.0
787276,200000.0
787281,242000.0
787289,103000.0
787291,263000.0
787331,101000.0
787343,48000.0
787361,157000.0
787369,154000.0
787382,70000.0
787385,125000.0
787401,214000.0
787405,146000.0
787411,78000.0
787454,74000.0
787485,54000.0
787486,54000.0
787489,54000.0
787490,54000.0
787528,185000.0
787529,213000.0
787533,175000.0
787535,140000.0
787538,120000.0
787555,144000.0
787614,79000.0
787634,104000.0
787684,154000.0
787868,987000.0
788008,197000.0
788356,64000.0
788577,344000.0
788645,123000.0
788730,214000.0
788820,122000.0
788990,83000.0
788994,116000.0
789179,665000.0
789327,90000.0
789333,102000.0
789339,342000.0
789374,114000.0
789389,107000.0
789555,119000.0
789568,89000.0
789619,120000.0
789638,92000.0
789709,103000.0
789843,277000.0
789881,425000.0
789964,348000.0
789966,98000.0
790026,205000.0
790038,253000.0
790115,123000.0
790170,73000.0
790184,84000.0
790414,89000.0
790625,181000.0
790725,203000.0
790798,108000.0
790912,112000.0
790918,191000.0
790939,77000.0
791067,114000.0
791077,115000.0
791182,218000.0
791219,201000.0
791221,115000.0
791296,89000.0
791314,352000.0
791379,95000.0
791445,152000.0
791581,296000.0
791589,132000.0
791600,132000.0
791608,296000.0
791617,132000.0
791813,132000.0
791869,183000.0
791870,113000.0
792315,104000.0
792695,153000.0
793171,107000.0
793172,80000.0
793391,322000.0
793620,90000.0
793722,128000.0
793967,119000.0
794344,182000.0
794498,138000.0
794573,67000.0
794576,97000.0
794897,352000.0
794968,77000.0
796060,150000.0
796252,152000.0
796300,78000.0
796537,196000.0
796582,401000.0
797433,157000.0
797488,125000.0
797489,71000.0
797540,156000.0
797866,58000.0
798010,322000.0
798026,101000.0
799178,88000.0
799179,88000.0
799190,88000.0
799234,102000.0
799315,344000.0
799472,188000.0
799498,98000.0
799561,97000.0
799652,88000.0
799732,239000.0
800022,96000.0
800237,92000.0
800456,182000.0
800963,232000.0
801193,47000.0
801250,80000.0
801281,71000.0
801487,134000.0
801497,87000.0
801503,144000.0
801504,92000.0
801727,125000.0
801954,125000.0
802096,106000.0
802163,114000.0
802196,243000.0
802200,132000.0
802270,128000.0
802271,76000.0
802331,106000.0
802349,107000.0
802375,84000.0
802688,78000.0
803023,122000.0
803138,47000.0
803310,89000.0
803839,100000.0
803941,95000.0
804236,115000.0
804237,138000.0
804318,79000.0
804335,74000.0
804516,111000.0
804572,69000.0
804611,191000.0
804663,147000.0
804859,101000.0
805515,317000.0
805577,147000.0
806450,129000.0
806493,924000.0
806508,145000.0
806655,79000.0
806775,146000.0
806865,80000.0
806936,124000.0
806937,206000.0
807537,133000.0
807824,94000.0
807826,94000.0
808024,73000.0
808123,83000.0
808180,80000.0
808340,107000.0
808644,89000.0
808647,87000.0
809443,197000.0
809444,206000.0
809711,227000.0
810556,85000.0
810560,182000.0
810574,81000.0
810705,86000.0
811018,65000.0
811028,142000.0
811104,85000.0
811659,202000.0
811817,128000.0
811944,155000.0
812472,150000.0
812587,159000.0
812588,121000.0
812762,109000.0
812914,167000.0
813322,78000.0
813323,78000.0
813324,78000.0
813361,382000.0
813430,148000.0
813750,545000.0
813797,89000.0
813800,84000.0
814059,158000.0
814159,251000.0
814247,149000.0
814306,507000.0
814308,79000.0
814310,87000.0
814313,100000.0
814338,96000.0
814378,113000.0
814381,98000.0
814390,241000.0
814448,93000.0
814449,93000.0
815043,151000.0
815287,86000.0
815582,147000.0
815585,219000.0
815640,620000.0
816479,68000.0
816525,81000.0
816552,104000.0
816589,143000.0
816592,80000.0
816594,141000.0
816608,78000.0
816611,193000.0
816676,122000.0
816679,122000.0
816850,97000.0
816967,156000.0
816968,189000.0
816969,192000.0
816972,239000.0
816974,138000.0
817091,230000.0
817550,280000.0
817647,128000.0
817658,112000.0
817662,127000.0
817752,125000.0
817883,244000.0
817978,219000.0
818057,141000.0
818059,402000.0
818170,164000.0
818217,150000.0
818229,129000.0
818316,476000.0
818405,121000.0
818412,76000.0
818488,224000.0
818498,223000.0
818519,224000.0
818520,231000.0
818601,316000.0
818620,212000.0
818629,386000.0
818668,100000.0
818906,153000.0
818951,108000.0
818981,104000.0
819022,95000.0
819052,167000.0
819088,118000.0
819090,180000.0
819154,80000.0
819224,186000.0
819477,181000.0
819505,176000.0
819532,79000.0
819599,98000.0
819624,199000.0
819689,128000.0
819690,128000.0
819694,128000.0
819729,143000.0
819737,88000.0
819839,159000.0
819946,209000.0
820010,112000.0
820047,165000.0
820221,140000.0
820343,103000.0
820369,202000.0
820444,384000.0
820485,77000.0
820520,96000.0
820534,113000.0
820549,72000.0
820550,162000.0
820560,128000.0
820576,82000.0
820608,406000.0
820640,77000.0
820668,162000.0
820672,78000.0
820758,80000.0
820763,125000.0
820797,144000.0
820936,142000.0
821001,67000.0
821049,85000.0
821050,85000.0
821087,128000.0
821251,145000.0
821372,79000.0
821381,79000.0
821423,100000.0
821616,93000.0
821664,109000.0
821715,91000.0
821753,170000.0
821791,69000.0
821800,170000.0
821820,109000.0
821825,115000.0
821826,1104000.0
821876,100000.0
821888,99000.0
821895,87000.0
822024,119000.0
822169,65000.0
822190,214000.0
822347,140000.0
822354,155000.0
822421,141000.0
822422,216000.0
822432,225000.0
822445,102000.0
822453,93000.0
822456,593000.0
822457,71000.0
822552,243000.0
822622,179000.0
822624,179000.0
822635,58000.0
822656,135000.0
822684,150000.0
822688,66000.0
822777,137000.0
822785,231000.0
822858,93000.0
822880,93000.0
822882,188000.0
822883,190000.0
822930,163000.0
823118,118000.0
823126,104000.0
823190,123000.0
823243,187000.0
823305,97000.0
823338,246000.0
823411,210000.0
823441,97000.0
823596,57000.0
823639,162000.0
823761,159000.0
823773,155000.0
823798,114000.0
823815,154000.0
823830,193000.0
823846,151000.0
823949,183000.0
823958,188000.0
824041,97000.0
824138,124000.0
824141,87000.0
824236,162000.0
824250,72000.0
824261,147000.0
824528,105000.0
824533,105000.0
824564,83000.0
824568,92000.0
824571,161000.0
824575,160000.0
824602,105000.0
824686,109000.0
824788,272000.0
824810,170000.0
824857,105000.0
824886,51000.0
824906,178000.0
825094,106000.0
825107,254000.0
825186,147000.0
825386,123000.0
825462,85000.0
825470,124000.0
825472,124000.0
825473,123000.0
825700,144000.0
825862,128000.0
825950,196000.0
826171,123000.0
826173,123000.0
826309,182000.0
826322,183000.0
826408,629000.0
826453,79000.0
826522,111000.0
826555,215000.0
826607,144000.0
826650,135000.0
826863,95000.0
826864,91000.0
826881,95000.0
826893,275000.0
826896,74000.0
826968,103000.0
826977,103000.0
827191,83000.0
827214,177000.0
827230,112000.0
827234,116000.0
827325,455000.0
827359,118000.0
827399,150000.0
827481,298000.0
827619,112000.0
827688,147000.0
827711,645000.0
827954,328000.0
828025,67000.0
828031,185000.0
828082,117000.0
828144,163000.0
828174,163000.0
828265,125000.0
828273,113000.0
828285,156000.0
828351,501000.0
828477,121000.0
828604,121000.0
828623,95000.0
828718,228000.0
828750,116000.0
828793,131000.0
828812,136000.0
828827,116000.0
828862,192000.0
828965,211000.0
829067,87000.0
829087,173000.0
829171,759000.0
829240,349000.0
829278,79000.0
829282,208000.0
829293,94000.0
829295,130000.0
829318,110000.0
829322,136000.0
829336,128000.0
829344,188000.0
829351,256000.0
829359,198000.0
829367,198000.0
829372,198000.0
829378,198000.0
829383,87000.0
829389,198000.0
829390,88000.0
829395,112000.0
829413,116000.0
829417,188000.0
829419,188000.0
829599,203000.0
829600,156000.0
829612,203000.0
829673,130000.0
829767,281000.0
829883,74000.0
829947,105000.0
830002,121000.0
830122,60000.0
830143,91000.0
830151,83000.0
830160,139000.0
830199,91000.0
830245,194000.0
830262,235000.0
830265,231000.0
830279,372000.0
830280,120000.0
830333,80000.0
830384,71000.0
830410,91000.0
830446,94000.0
830448,62000.0
830535,147000.0
830581,86000.0
830587,164000.0
830702,93000.0
830731,167000.0
830739,104000.0
830764,400000.0
830772,76000.0
830774,76000.0
830971,208000.0
831037,84000.0
831091,223000.0
831105,157000.0
831106,260000.0
831112,98000.0
831247,221000.0
831261,139000.0
831269,164000.0
831321,113000.0
831459,105000.0
831529,67000.0
831628,387000.0
831792,69000.0
831881,185000.0
831882,186000.0
831883,186000.0
831884,186000.0
831910,190000.0
831944,202000.0
831946,231000.0
831947,231000.0
831949,231000.0
831950,231000.0
831960,193000.0
831961,170000.0
831974,239000.0
832022,113000.0
832156,492000.0
832213,193000.0
832254,246000.0
832261,269000.0
832343,77000.0
832367,191000.0
832436,142000.0
832439,142000.0
832460,320000.0
832470,88000.0
832511,101000.0
832513,108000.0
832624,110000.0
832707,119000.0
832726,122000.0
832780,376000.0
832924,200000.0
832953,183000.0
833013,176000.0
833045,194000.0
833051,185000.0
833052,337000.0
833055,185000.0
833056,185000.0
833057,185000.0
833058,185000.0
833091,101000.0
833216,207000.0
833233,99000.0
833350,117000.0
833459,89000.0
833510,158000.0
833525,204000.0
833527,104000.0
833554,751000.0
833634,138000.0
833668,85000.0
833688,242000.0
833789,258000.0
833827,168000.0
833846,160000.0
833858,89000.0
833886,260000.0
833925,97000.0
833968,75000.0
834026,216000.0
834042,197000.0
834049,179000.0
834113,383000.0
834265,78000.0
834280,171000.0
834315,110000.0
834335,147000.0
834341,121000.0
834343,80000.0
834348,80000.0
834350,169000.0
834391,188000.0
834443,142000.0
834451,103000.0
834514,165000.0
834613,374000.0
834616,364000.0
834623,394000.0
834662,88000.0
834702,169000.0
834746,256000.0
834751,251000.0
834764,128000.0
834785,193000.0
834788,110000.0
834836,168000.0
834858,157000.0
834903,183000.0
834917,155000.0
834959,182000.0
835037,97000.0
835090,111000.0
835122,93000.0
835129,170000.0
835137,198000.0
835262,216000.0
835290,140000.0
835307,215000.0
835336,87000.0
835361,85000.0
835388,198000.0
835459,92000.0
835465,131000.0
835522,230000.0
835523,99000.0
835635,115000.0
835651,161000.0
835661,161000.0
835673,110000.0
835692,145000.0
835759,96000.0
835813,360000.0
835814,360000.0
835816,360000.0
835884,534000.0
835965,165000.0
836013,182000.0
836041,101000.0
836103,117000.0
836173,205000.0
836254,335000.0
836316,235000.0
836341,193000.0
836417,81000.0
836550,89000.0
836555,135000.0
836556,124000.0
836559,122000.0
836561,124000.0
836562,87000.0
836563,115000.0
836564,124000.0
836566,80000.0
836735,125000.0
836782,121000.0
836821,158000.0
837005,469000.0
837092,155000.0
837095,155000.0
837197,312000.0
837467,128000.0
837506,233000.0
837521,137000.0
837550,99000.0
837592,91000.0
837618,132000.0
837632,75000.0
837642,138000.0
837658,90000.0
837769,121000.0
837779,121000.0
837784,161000.0
837831,201000.0
837832,91000.0
837836,180000.0
837961,112000.0
838054,72000.0
838186,76000.0
838254,110000.0
838257,163000.0
838287,234000.0
838374,100000.0
838443,278000.0
838471,128000.0
838609,89000.0
838636,95000.0
838681,124000.0
838696,52000.0
838729,183000.0
838745,178000.0
838778,84000.0
838834,89000.0
838840,202000.0
839042,258000.0
839134,197000.0
839179,108000.0
839299,193000.0
839328,193000.0
839358,127000.0
839379,162000.0
839481,120000.0
839688,213000.0
839804,139000.0
839807,139000.0
839857,314000.0
839875,113000.0
839896,106000.0
839906,107000.0
839907,112000.0
839912,102000.0
839923,107000.0
839964,81000.0
840015,133000.0
840075,89000.0
840137,91000.0
840187,74000.0
840267,88000.0
840277,88000.0
840279,88000.0
840282,88000.0
840284,88000.0
840287,88000.0
840313,73000.0
840333,71000.0
840334,141000.0
840337,133000.0
840425,910000.0
840558,417000.0
840569,167000.0
840632,118000.0
840829,113000.0
840859,242000.0
840895,107000.0
840951,88000.0
841008,84000.0
841041,123000.0
841075,129000.0
841077,281000.0
841273,147000.0
841289,166000.0
841313,94000.0
841337,161000.0
841354,295000.0
841376,176000.0
841400,176000.0
841446,109000.0
841484,272000.0
841515,158000.0
841521,121000.0
841536,179000.0
841557,183000.0
841585,104000.0
841696,231000.0
841763,187000.0
841803,82000.0
841851,761000.0
841869,140000.0
841984,155000.0
842034,240000.0
842041,78000.0
842044,102000.0
842056,162000.0
842219,165000.0
842222,101000.0
842243,202000.0
842245,169000.0
842350,169000.0
842357,136000.0
842459,94000.0
842460,233000.0
842623,93000.0
842624,568000.0
842791,123000.0
842797,148000.0
842808,128000.0
842868,308000.0
842953,549000.0
842960,102000.0
843026,61000.0
843041,96000.0
843066,77000.0
843070,81000.0
843072,227000.0
843183,143000.0
843192,98000.0
843194,99000.0
843197,94000.0
843201,98000.0
843205,126000.0
843339,100000.0
843353,128000.0
843397,55000.0
843417,100000.0
843468,118000.0
843471,129000.0
843505,100000.0
843512,110000.0
843536,213000.0
843564,94000.0
843575,122000.0
843622,112000.0
843737,111000.0
843742,78000.0
843767,84000.0
843770,128000.0
843784,90000.0
843794,162000.0
843797,101000.0
843906,79000.0
843914,57000.0
843942,165000.0
843943,70000.0
843979,138000.0
843980,94000.0
843993,68000.0
844008,87000.0
844035,62000.0
844085,141000.0
844097,141000.0
844104,141000.0
844109,154000.0
844110,130000.0
844126,172000.0
844162,110000.0
844165,141000.0
844198,85000.0
844211,92000.0
844233,136000.0
844310,69000.0
844316,89000.0
844329,75000.0
844338,75000.0
844468,238000.0
844503,160000.0
844536,102000.0
844539,101000.0
844564,154000.0
844590,261000.0
844617,174000.0
844640,224000.0
844716,86000.0
844747,80000.0
844748,80000.0
844755,80000.0
844762,80000.0
844789,80000.0
844804,102000.0
844846,214000.0
844847,144000.0
844849,213000.0
844855,214000.0
844856,65000.0
844857,148000.0
844862,159000.0
844886,93000.0
844915,203000.0
844925,108000.0
844991,150000.0
844993,65000.0
845024,135000.0
845033,87000.0
845082,264000.0
845083,259000.0
845096,113000.0
845106,207000.0
845107,105000.0
845121,92000.0
845124,95000.0
845155,148000.0
845166,72000.0
845183,218000.0
845217,177000.0
845244,157000.0
845251,107000.0
845344,104000.0
845370,198000.0
845397,93000.0
845405,190000.0
845471,103000.0
845486,112000.0
845528,96000.0
845534,105000.0
845545,111000.0
845594,119000.0
845685,76000.0
845705,120000.0
845720,117000.0
845802,86000.0
845879,93000.0
845943,79000.0
845962,155000.0
846140,448000.0
846147,887000.0
846152,99000.0
846284,173000.0
846499,109000.0
846556,139000.0
846559,116000.0
846573,83000.0
846575,200000.0
846768,98000.0
846871,242000.0
846968,66000.0
847095,74000.0
847100,49000.0
847161,70000.0
847191,490000.0
847227,86000.0
847230,74000.0
847306,319000.0
847476,142000.0
847537,39000.0
847657,177000.0
847727,177000.0
847766,225000.0
847773,89000.0
847809,216000.0
847861,113000.0
847892,124000.0
847917,136000.0
847950,238000.0
848039,89000.0
848093,92000.0
848095,450000.0
848112,321000.0
848157,155000.0
848164,107000.0
848302,122000.0
848330,206000.0
848365,415000.0
848375,148000.0
848386,111000.0
848437,90000.0
848493,158000.0
848543,102000.0
848549,185000.0
848623,117000.0
848661,139000.0
848707,77000.0
848775,161000.0
848843,253000.0
848978,118000.0
848989,181000.0
849002,105000.0
849024,116000.0
849047,121000.0
849062,140000.0
849064,122000.0
936612,77000.0
936685,130000.0
936696,383000.0
936725,181000.0
936735,54000.0
936772,83000.0
936806,102000.0
936808,187000.0
936854,91000.0
936871,162000.0
936899,145000.0
936915,96000.0
936923,94000.0
936950,194000.0
936973,114000.0
937001,111000.0
937003,175000.0
937056,229000.0
937090,272000.0
937110,161000.0
937130,109000.0
937183,626000.0
937255,129000.0
937276,558000.0
937318,152000.0
937335,110000.0
937337,382000.0
937358,101000.0
937360,102000.0
937362,102000.0
937390,265000.0
937462,164000.0
937472,164000.0
937477,164000.0
937493,146000.0
937518,63000.0
937519,63000.0
937555,66000.0
937658,221000.0
937662,122000.0
937663,93000.0
937665,93000.0
937676,156000.0
937694,136000.0
937735,127000.0
937740,532000.0
937751,186000.0
937776,180000.0
937780,91000.0
937812,84000.0
937813,84000.0
937943,76000.0
938043,132000.0
938056,200000.0
938064,67000.0
938068,90000.0
938080,119000.0
938114,204000.0
938187,87000.0
938204,482000.0
938206,136000.0
938209,103000.0
938212,154000.0
938232,72000.0
938233,86000.0
938349,538000.0
938350,679000.0
938351,866000.0
938354,693000.0
938361,626000.0
938362,677000.0
938363,889000.0
938433,689000.0
938579,352000.0
938635,109000.0
938636,116000.0
938637,106000.0
938639,127000.0
938651,316000.0
938670,103000.0
938703,120000.0
938705,120000.0
938715,119000.0
938733,121000.0
938812,109000.0
938814,109000.0
938894,410000.0
938913,75000.0
938938,192000.0
938957,212000.0
938990,55000.0
939010,187000.0
939028,233000.0
939075,89000.0
939121,99000.0
939133,82000.0
939146,342000.0
939224,105000.0
939227,141000.0
939256,126000.0
939297,535000.0
939305,106000.0
939310,318000.0
939349,126000.0
939360,147000.0
939392,113000.0
939400,177000.0
939409,137000.0
939411,145000.0
939414,141000.0
939420,138000.0
939421,142000.0
939438,503000.0
939494,236000.0
939496,145000.0
939497,137000.0
939501,99000.0
939587,97000.0
939589,91000.0
939629,543000.0
939636,82000.0
939645,126000.0
939650,453000.0
939666,77000.0
939669,277000.0
939711,89000.0
939877,139000.0
939886,111000.0
939890,103000.0
939892,133000.0
939905,105000.0
939930,168000.0
939935,448000.0
939960,264000.0
939964,194000.0
939970,73000.0
940066,73000.0
940094,131000.0
940095,157000.0
940096,291000.0
940118,94000.0
940138,111000.0
940168,136000.0
940172,136000.0
940240,97000.0
940262,82000.0
940282,189000.0
940283,189000.0
940336,139000.0
940389,278000.0
940487,309000.0
940552,228000.0
940571,175000.0
940579,78000.0
940602,263000.0
940627,338000.0
940735,83000.0
940740,145000.0
940742,208000.0
940767,294000.0
940788,180000.0
940807,100000.0
940855,96000.0
940868,119000.0
940875,119000.0
940876,185000.0
940890,808000.0
940950,85000.0
941026,210000.0
941059,245000.0
941089,151000.0
941112,154000.0
941121,413000.0
941123,64000.0
941146,103000.0
941344,122000.0
941346,864000.0
941369,173000.0
941370,166000.0
941373,149000.0
941384,74000.0
941500,103000.0
941524,97000.0
941554,68000.0
941713,113000.0
941780,103000.0
941782,242000.0
941786,136000.0
941790,108000.0
941791,86000.0
941792,111000.0
941793,215000.0
941797,87000.0
941798,92000.0
941801,80000.0
941810,100000.0
941826,186000.0
941843,93000.0
941862,108000.0
941864,118000.0
941867,108000.0
941875,100000.0
941876,108000.0
941881,155000.0
941883,88000.0
941884,115000.0
941891,115000.0
941919,121000.0
941959,133000.0
942057,276000.0
942070,309000.0
942098,210000.0
942103,210000.0
942105,210000.0
942106,98000.0
942109,95000.0
942111,210000.0
942113,114000.0
942115,210000.0
942116,112000.0
942130,143000.0
942139,77000.0
942145,207000.0
942168,173000.0
942177,131000.0
942181,125000.0
942196,168000.0
942210,88000.0
942217,114000.0
942275,149000.0
942370,178000.0
942375,178000.0
942383,233000.0
942415,221000.0
942422,69000.0
942463,72000.0
942469,110000.0
942480,99000.0
942488,92000.0
942583,125000.0
942628,165000.0
942635,81000.0
942636,81000.0
942651,88000.0
942653,480000.0
942655,87000.0
942657,97000.0
942741,845000.0
942753,268000.0
942779,140000.0
942802,87000.0
942843,81000.0
942844,249000.0
942890,371000.0
942964,74000.0
942968,119000.0
942969,119000.0
942985,126000.0
942989,239000.0
942990,135000.0
943022,62000.0
943032,108000.0
943039,571000.0
943044,134000.0
943112,147000.0
943140,119000.0
943141,148000.0
943143,119000.0
943145,86000.0
943149,113000.0
943167,225000.0
943193,169000.0
943238,162000.0
943352,105000.0
943368,92000.0
943373,135000.0
943397,469000.0
943398,190000.0
943402,156000.0
943412,204000.0
943473,224000.0
943478,128000.0
943482,267000.0
943484,183000.0
943489,95000.0
943497,501000.0
943503,179000.0
943504,206000.0
943505,211000.0
943592,79000.0
943684,68000.0
943693,124000.0
943696,491000.0
943698,89000.0
943699,93000.0
943750,273000.0
943756,724000.0
943782,97000.0
943783,82000.0
943810,201000.0
943821,583000.0
943822,209000.0
943872,95000.0
943889,228000.0
943928,78000.0
943939,169000.0
943944,68000.0
943953,191000.0
943954,165000.0
943955,145000.0
943960,165000.0
943964,131000.0
943968,153000.0
943969,153000.0
943985,125000.0
944000,153000.0
944002,123000.0
944018,512000.0
944025,100000.0
944030,90000.0
944101,81000.0
944105,77000.0
944256,352000.0
944265,112000.0
944289,118000.0
944295,127000.0
944305,76000.0
944306,76000.0
944312,76000.0
944341,161000.0
944342,161000.0
944347,112000.0
944360,181000.0
944384,81000.0
944425,195000.0
944434,95000.0
944435,88000.0
944436,88000.0
944442,645000.0
944552,200000.0
944568,251000.0
944662,86000.0
944671,183000.0
944683,95000.0
944887,191000.0
944902,232000.0
944906,131000.0
944913,131000.0
944921,112000.0
944935,90000.0
944942,107000.0
944943,107000.0
944955,427000.0
944967,495000.0
945015,181000.0
945046,181000.0
945082,84000.0
945116,91000.0
945151,200000.0
945180,59000.0
945181,60000.0
945182,182000.0
945273,75000.0
945283,126000.0
945305,65000.0
945332,96000.0
945388,61000.0
945444,206000.0
945448,654000.0
945453,148000.0
945454,263000.0
945470,131000.0
945495,235000.0
945498,215000.0
945505,230000.0
945513,134000.0
945554,182000.0
945590,103000.0
945627,149000.0
945628,152000.0
945629,148000.0
945630,148000.0
945749,125000.0
945790,330000.0
945801,504000.0
945838,121000.0
945839,132000.0
945840,132000.0
945843,89000.0
945880,72000.0
945900,144000.0
945901,144000.0
945902,144000.0
945903,144000.0
945940,88000.0
945942,89000.0
945945,104000.0
945946,104000.0
945952,176000.0
945965,1148000.0
945967,824000.0
945997,88000.0
945998,205000.0
946016,131000.0
946307,91000.0
946318,260000.0
946327,191000.0
946351,83000.0
946358,156000.0
946373,114000.0
946376,173000.0
946385,145000.0
946386,137000.0
946397,82000.0
946398,74000.0
946401,89000.0
946403,180000.0
946433,80000.0
946446,64000.0
946447,85000.0
946448,141000.0
946462,80000.0
946463,79000.0
946492,188000.0
946496,88000.0
946540,265000.0
946541,225000.0
946591,120000.0
946601,112000.0
946638,259000.0
946640,78000.0
946653,84000.0
946678,490000.0
946687,125000.0
946688,125000.0
946689,105000.0
946716,145000.0
946732,202000.0
946738,169000.0
946746,204000.0
946779,88000.0
946784,110000.0
946788,125000.0
946820,206000.0
946836,123000.0
946870,64000.0
946873,64000.0
946896,92000.0
946944,82000.0
946972,119000.0
946973,104000.0
947007,79000.0
947031,129000.0
947057,136000.0
947141,147000.0
947176,171000.0
947187,172000.0
947206,580000.0
947216,561000.0
947274,711000.0
947300,418000.0
947332,827000.0
947383,121000.0
947395,197000.0
947405,493000.0
947436,100000.0
947473,101000.0
947495,115000.0
947530,126000.0
947537,323000.0
947552,182000.0
947564,177000.0
947584,227000.0
947625,73000.0
947677,586000.0
947689,106000.0
947698,164000.0
947699,241000.0
947700,233000.0
947701,76000.0
947702,76000.0
947725,101000.0
947743,140000.0
947833,293000.0
947872,169000.0
947881,131000.0
947930,145000.0
947977,396000.0
948034,93000.0
948036,93000.0
948039,93000.0
948066,136000.0
948107,300000.0
948115,150000.0
948121,93000.0
948137,179000.0
948148,226000.0
948306,222000.0
948339,436000.0
948361,243000.0
948386,140000.0
948387,140000.0
948388,95000.0
948423,198000.0
948470,157000.0
948479,133000.0
948484,105000.0
948486,110000.0
948598,131000.0
948607,96000.0
948629,134000.0
948630,136000.0
948631,134000.0
948632,134000.0
948633,134000.0
948641,134000.0
948643,134000.0
948651,140000.0
948652,144000.0
948675,93000.0
948740,111000.0
948743,76000.0
948744,95000.0
948745,95000.0
948774,201000.0
948789,616000.0
948807,124000.0
948808,124000.0
948809,127000.0
948813,121000.0
948816,210000.0
948819,210000.0
948830,85000.0
948870,150000.0
948912,81000.0
948941,79000.0
949105,177000.0
949143,213000.0
949144,109000.0
949147,109000.0
949248,311000.0
949250,132000.0
949278,113000.0
949283,322000.0
949293,87000.0
949340,98000.0
949379,76000.0
949426,96000.0
949427,298000.0
949428,111000.0
949431,81000.0
949443,115000.0
949474,177000.0
949492,617000.0
949501,109000.0
949517,139000.0
949518,168000.0
949519,139000.0
949529,89000.0
949544,133000.0
949545,135000.0
949584,115000.0
949592,177000.0
949593,158000.0
949627,83000.0
949651,137000.0
949661,170000.0
949762,150000.0
949815,109000.0
949827,168000.0
949858,104000.0
949933,74000.0
949934,131000.0
949943,130000.0
949960,211000.0
950036,71000.0
950037,71000.0
950038,232000.0
950039,269000.0
950044,109000.0
950060,99000.0
950088,174000.0
950194,148000.0
950227,123000.0
950234,256000.0
950303,176000.0
950339,97000.0
950374,131000.0
950378,57000.0
950382,177000.0
950385,113000.0
950489,212000.0
950576,129000.0
950581,115000.0
950583,132000.0
950584,132000.0
950585,132000.0
950607,101000.0
950630,618000.0
950634,171000.0
950664,89000.0
950671,371000.0
950686,203000.0
950746,72000.0
950751,66000.0
950916,178000.0
951001,94000.0
951065,276000.0
951129,86000.0
951162,287000.0
951195,115000.0
951200,176000.0
951201,175000.0
951405,74000.0
951412,160000.0
951454,93000.0
951460,145000.0
951463,145000.0
951471,149000.0
951553,105000.0
951564,125000.0
951646,217000.0
951663,194000.0
951687,635000.0
951692,74000.0
951704,173000.0
951780,187000.0
951782,135000.0
951915,60000.0
951963,133000.0
951975,147000.0
951988,103000.0
952013,185000.0
952025,796000.0
952036,279000.0
952096,279000.0
952268,129000.0
952271,124000.0
952273,111000.0
952448,301000.0
952466,107000.0
952537,65000.0
952541,155000.0
952545,565000.0
952546,507000.0
952566,74000.0
952651,156000.0
952689,184000.0
952699,321000.0
952773,103000.0
952778,413000.0
952818,398000.0
952900,113000.0
952916,92000.0
953005,209000.0
953024,313000.0
953047,113000.0
953057,127000.0
953161,310000.0
953163,305000.0
953176,65000.0
953177,65000.0
953181,65000.0
953182,65000.0
953227,98000.0
953228,100000.0
953237,183000.0
953293,119000.0
953325,82000.0
953326,92000.0
953330,81000.0
953375,150000.0
953481,126000.0
953486,400000.0
953512,180000.0
953552,213000.0
953564,130000.0
953626,153000.0
953702,229000.0
953744,91000.0
953778,92000.0
953795,241000.0
953797,324000.0
953857,125000.0
953894,388000.0
953920,259000.0
953922,303000.0
953931,106000.0
953965,125000.0
954066,97000.0
954138,255000.0
954190,131000.0
954216,135000.0
954292,152000.0
954302,252000.0
954319,101000.0
954351,760000.0
954413,82000.0
954419,485000.0
954452,427000.0
954503,146000.0
954505,126000.0
954535,73000.0
954548,128000.0
954563,89000.0
954578,194000.0
954584,183000.0
954608,228000.0
954615,82000.0
954627,130000.0
954649,288000.0
954700,346000.0
954717,142000.0
954721,77000.0
954735,114000.0
954747,168000.0
954762,480000.0
954787,191000.0
954809,79000.0
954828,120000.0
954831,89000.0
954867,139000.0
954868,151000.0
954880,92000.0
954892,648000.0
954911,79000.0
954926,387000.0
954928,791000.0
954955,79000.0
954963,263000.0
954972,1087000.0
954992,262000.0
955082,172000.0
955110,173000.0
955132,124000.0
955142,295000.0
955152,207000.0
955153,389000.0
955160,224000.0
955162,65000.0
955164,309000.0
955189,127000.0
955190,167000.0
955207,166000.0
955287,147000.0
955308,156000.0
955309,157000.0
955361,92000.0
955376,178000.0
955429,109000.0
955444,91000.0
955445,168000.0
955456,85000.0
955502,586000.0
955525,216000.0
955528,76000.0
955541,138000.0
955557,276000.0
955562,448000.0
955575,216000.0
955601,251000.0
955609,102000.0
955639,132000.0
955664,164000.0
955682,197000.0
955700,186000.0
955727,167000.0
955782,106000.0
955786,77000.0
955801,207000.0
955815,184000.0
955864,115000.0
955926,184000.0
955932,160000.0
955939,366000.0
955961,123000.0
955974,80000.0
955994,95000.0
956001,86000.0
956005,194000.0
956031,555000.0
956035,90000.0
956036,90000.0
956038,291000.0
956042,90000.0
956044,90000.0
956046,90000.0
956050,90000.0
956051,90000.0
956130,139000.0
956137,67000.0
956144,235000.0
956156,151000.0
956187,124000.0
956223,134000.0
956246,81000.0
956263,188000.0
956304,126000.0
956308,583000.0
956488,117000.0
956523,185000.0
956535,224000.0
956556,108000.0
956558,230000.0
956600,347000.0
956627,395000.0
956631,79000.0
956661,244000.0
956687,94000.0
956694,159000.0
956767,232000.0
956774,73000.0
956907,219000.0
956962,122000.0
956966,83000.0
957053,190000.0
957065,71000.0
957149,249000.0
957192,177000.0
957242,185000.0
957408,82000.0
957420,77000.0
957421,190000.0
957444,161000.0
957446,113000.0
957539,387000.0
957550,80000.0
957566,110000.0
957573,178000.0
957608,119000.0
957648,114000.0
957674,80000.0
957675,80000.0
957676,80000.0
957679,190000.0
957684,91000.0
957685,48000.0
957687,104000.0
957699,153000.0
957708,268000.0
957709,268000.0
957720,92000.0
957724,105000.0
957725,73000.0
957749,121000.0
957758,104000.0
957793,85000.0
957840,132000.0
957852,231000.0
957875,149000.0
957955,145000.0
957967,144000.0
957971,207000.0
957987,95000.0
958016,148000.0
958019,98000.0
958038,169000.0
958045,71000.0
958063,403000.0
958116,141000.0
958119,92000.0
958190,111000.0
958198,125000.0
958259,154000.0
958270,148000.0
958285,91000.0
958288,189000.0
958345,128000.0
958383,83000.0
958422,102000.0
958425,220000.0
958428,130000.0
958430,153000.0
958447,83000.0
958454,81000.0
958455,74000.0
958456,83000.0
958493,91000.0
958512,214000.0
958516,83000.0
958517,141000.0
958519,99000.0
958526,111000.0
958527,165000.0
958533,213000.0
958535,70000.0
958538,87000.0
958565,78000.0
958569,146000.0
958570,83000.0
958572,128000.0
958601,74000.0
958657,137000.0
958666,212000.0
958667,97000.0
958671,96000.0
958675,151000.0
958676,172000.0
958679,103000.0
958693,54000.0
958694,54000.0
958697,54000.0
958698,54000.0
958705,110000.0
958707,216000.0
958770,145000.0
958783,151000.0
958791,198000.0
958792,195000.0
958793,155000.0
958797,116000.0
958799,167000.0
958831,396000.0
958839,193000.0
958896,120000.0
958898,207000.0
958985,118000.0
959021,492000.0
959030,92000.0
959031,133000.0
959060,288000.0
959112,129000.0
959114,182000.0
959117,89000.0
959118,130000.0
959121,98000.0
959122,97000.0
959123,126000.0
959124,181000.0
959125,90000.0
959126,97000.0
959128,90000.0
959129,97000.0
959130,93000.0
959131,130000.0
959133,93000.0
959134,259000.0
959142,151000.0
959153,617000.0
959154,617000.0
959166,132000.0
959224,103000.0
959227,106000.0
959265,74000.0
959323,134000.0
959324,94000.0
959357,208000.0
959362,600000.0
959394,263000.0
959419,196000.0
959433,154000.0
959451,138000.0
959466,204000.0
959468,78000.0
959469,90000.0
959476,102000.0
959683,193000.0
959723,93000.0
959725,128000.0
959726,128000.0
959728,128000.0
959741,156000.0
959742,175000.0
959743,171000.0
959744,135000.0
959757,260000.0
959759,118000.0
959940,88000.0
959967,353000.0
960018,267000.0
960029,244000.0
960058,89000.0
960091,257000.0
960118,81000.0
960163,97000.0
960165,134000.0
960169,135000.0
960226,193000.0
960235,146000.0
960241,95000.0
960274,131000.0
960275,189000.0
960284,90000.0
960286,89000.0
960287,68000.0
960289,89000.0
960290,73000.0
960310,366000.0
960340,131000.0
960362,90000.0
960393,106000.0
960410,86000.0
960431,199000.0
960451,94000.0
960478,351000.0
960529,136000.0
960530,120000.0
960581,95000.0
960597,75000.0
960598,297000.0
960634,162000.0
960687,153000.0
960863,161000.0
960913,89000.0
960931,100000.0
960946,122000.0
960947,98000.0
960983,233000.0
961006,60000.0
961035,438000.0
961042,208000.0
961048,99000.0
961123,158000.0
961141,207000.0
961143,489000.0
961183,159000.0
961216,184000.0
961226,85000.0
961246,170000.0
961256,71000.0
961289,100000.0
961337,92000.0
961387,227000.0
961389,196000.0
961395,96000.0
961408,232000.0
961419,92000.0
961420,92000.0
961421,92000.0
961452,217000.0
961461,214000.0
961478,149000.0
961488,86000.0
961489,142000.0
961522,118000.0
961530,249000.0
961548,114000.0
961574,242000.0
961601,187000.0
961605,71000.0
961608,560000.0
961609,149000.0
961699,203000.0
961715,205000.0
961768,218000.0
961788,187000.0
961789,169000.0
961790,125000.0
961791,197000.0
961792,142000.0
961817,79000.0
961822,398000.0
961854,215000.0
961872,122000.0
961877,220000.0
961882,173000.0
962051,78000.0
962065,562000.0
962066,177000.0
962080,513000.0
962082,100000.0
962083,258000.0
962090,324000.0
962109,196000.0
962116,114000.0
962141,322000.0
962144,322000.0
962159,218000.0
962160,184000.0
962165,48000.0
962176,147000.0
962178,137000.0
962179,111000.0
962180,127000.0
962181,125000.0
962182,85000.0
962184,84000.0
962186,136000.0
962217,94000.0
962219,109000.0
962225,109000.0
962235,482000.0
962236,482000.0
962263,159000.0
962287,356000.0
962316,158000.0
962319,471000.0
962336,140000.0
962412,103000.0
962416,103000.0
962419,126000.0
962438,152000.0
962448,108000.0
962501,97000.0
962520,130000.0
962546,126000.0
962551,114000.0
962559,101000.0
962567,165000.0
962572,149000.0
962579,121000.0
962585,206000.0
962586,184000.0
962591,122000.0
962592,122000.0
962630,123000.0
962635,154000.0
962677,104000.0
962728,81000.0
962755,203000.0
962778,172000.0
962796,203000.0
962835,312000.0
962839,312000.0
962845,122000.0
962907,193000.0
962922,634000.0
963001,148000.0
963003,79000.0
963019,88000.0
963020,168000.0
963022,88000.0
963023,168000.0
963041,98000.0
963049,346000.0
963118,259000.0
963122,241000.0
963130,178000.0
963165,63000.0
963199,159000.0
963205,68000.0
963229,191000.0
963313,428000.0
963314,205000.0
963319,92000.0
963325,95000.0
963327,70000.0
963340,145000.0
963362,112000.0
963366,118000.0
963375,510000.0
963378,168000.0
963381,140000.0
963447,196000.0
963472,185000.0
963488,200000.0
963490,116000.0
963539,559000.0
963651,101000.0
963676,111000.0
963682,76000.0
963837,78000.0
963857,236000.0
963905,235000.0
963929,140000.0
963960,110000.0
963971,1168000.0
963973,163000.0
963986,120000.0
964018,117000.0
964048,245000.0
964049,245000.0
964055,200000.0
964098,72000.0
964135,73000.0
964156,139000.0
964157,96000.0
964171,305000.0
964207,102000.0
964208,100000.0
964209,102000.0
964271,187000.0
964304,117000.0
964312,117000.0
964314,352000.0
964333,153000.0
964369,149000.0
964488,182000.0
964527,77000.0
964570,196000.0
964580,1203000.0
964591,159000.0
964592,161000.0
964593,158000.0
964595,196000.0
964622,229000.0
964625,134000.0
964642,1411000.0
964705,180000.0
964813,77000.0
964839,251000.0
964849,62000.0
964911,65000.0
964984,134000.0
964997,177000.0
965033,190000.0
965053,82000.0
965089,138000.0
965099,107000.0
965116,132000.0
965131,60000.0
965145,110000.0
965153,198000.0
965176,985000.0
965182,1118000.0
965184,146000.0
965201,166000.0
965216,98000.0
965242,80000.0
965260,103000.0
965262,188000.0
965305,89000.0
965315,110000.0
965320,149000.0
965321,199000.0
965322,91000.0
965324,182000.0
965325,134000.0
965326,120000.0
965341,246000.0
965342,514000.0
965346,88000.0
965349,142000.0
965438,74000.0
965466,92000.0
965474,220000.0
965499,136000.0
965515,767000.0
965560,428000.0
965648,236000.0
965688,336000.0
965717,131000.0
965754,740000.0
965792,239000.0
965794,562000.0
965821,622000.0
965856,120000.0
965860,120000.0
965954,163000.0
965967,58000.0
965968,457000.0
965975,156000.0
965981,83000.0
965989,466000.0
965993,175000.0
966015,305000.0
966059,199000.0
966070,95000.0
966074,170000.0
966123,82000.0
966139,130000.0
966205,127000.0
966220,183000.0
966221,172000.0
966238,84000.0
966269,85000.0
966276,149000.0
966385,154000.0
966397,87000.0
966400,92000.0
966406,84000.0
966407,211000.0
966413,119000.0
966548,128000.0
966549,120000.0
966562,241000.0
966579,128000.0
966639,129000.0
966650,73000.0
966654,131000.0
966664,82000.0
966674,82000.0
966692,195000.0
966729,149000.0
966732,399000.0
966736,86000.0
966737,83000.0
966740,82000.0
966773,72000.0
966776,443000.0
966777,88000.0
966785,130000.0
966863,259000.0
966867,136000.0
966884,60000.0
967014,181000.0
967027,98000.0
967032,43000.0
967048,116000.0
967051,203000.0
967073,52000.0
967078,111000.0
967082,92000.0
967103,274000.0
967105,330000.0
967112,144000.0
967117,76000.0
967166,177000.0
967193,109000.0
967213,89000.0
967243,351000.0
967255,217000.0
967256,166000.0
967274,68000.0
967362,501000.0
967411,386000.0
967424,103000.0
967430,141000.0
967440,270000.0
967447,61000.0
967477,124000.0
967478,168000.0
967479,124000.0
967480,168000.0
967481,124000.0
967482,124000.0
967517,246000.0
967546,99000.0
967589,518000.0
967639,143000.0
967656,609000.0
967666,126000.0
967726,145000.0
967727,68000.0
967768,222000.0
967803,223000.0
967816,117000.0
967891,105000.0
967966,145000.0
967985,87000.0
967996,112000.0
968019,211000.0
968035,348000.0
968063,228000.0
968149,379000.0
968159,210000.0
968186,179000.0
968187,254000.0
968188,122000.0
968215,212000.0
968217,210000.0
968228,62000.0
968232,80000.0
968238,105000.0
968240,105000.0
968277,249000.0
968292,149000.0
968333,102000.0
968353,184000.0
968365,85000.0
968442,136000.0
968487,90000.0
968527,310000.0
968535,421000.0
968598,63000.0
968605,482000.0
968628,164000.0
968631,90000.0
968633,74000.0
968723,317000.0
968786,88000.0
968788,78000.0
968812,135000.0
968839,166000.0
968898,219000.0
968899,200000.0
968907,260000.0
968908,135000.0
968942,109000.0
968974,109000.0
968981,249000.0
968986,195000.0
968991,119000.0
969006,182000.0
969040,150000.0
969050,151000.0
969082,276000.0
969083,366000.0
969126,121000.0
969168,138000.0
969211,183000.0
969215,176000.0
969216,119000.0
969312,74000.0
969313,167000.0
969332,79000.0
969338,84000.0
969382,115000.0
969384,126000.0
969386,192000.0
969420,150000.0
969432,226000.0
969434,239000.0
969465,181000.0
969484,98000.0
969486,301000.0
969510,300000.0
969529,115000.0
969551,176000.0
969572,114000.0
969592,82000.0
969597,235000.0
969753,152000.0
969763,82000.0
969791,385000.0
969793,61000.0
969821,74000.0
969838,132000.0
969862,122000.0
969873,287000.0
969882,177000.0
969889,526000.0
969891,78000.0
969926,117000.0
969928,72000.0
969929,72000.0
969933,106000.0
969954,144000.0
970078,119000.0
970079,313000.0
970210,90000.0
970216,92000.0
970312,225000.0
970329,83000.0
970398,337000.0
970400,90000.0
970401,90000.0
970404,90000.0
970405,90000.0
970412,90000.0
970427,187000.0
970442,522000.0
970459,132000.0
970491,255000.0
970585,92000.0
970587,253000.0
970654,574000.0
970657,263000.0
970705,100000.0
970711,122000.0
970714,246000.0
970728,383000.0
970764,180000.0
970771,260000.0
970786,84000.0
970817,168000.0
970868,73000.0
970888,137000.0
970947,111000.0
970961,140000.0
970980,87000.0
970988,457000.0
971011,166000.0
971020,174000.0
971029,77000.0
971033,66000.0
971083,168000.0
971088,52000.0
971102,279000.0
971111,83000.0
971160,213000.0
971222,90000.0
971235,236000.0
971238,141000.0
971248,87000.0
971264,98000.0
971332,210000.0
971401,111000.0
971433,180000.0
971445,193000.0
971483,421000.0
971505,128000.0
971510,98000.0
971557,138000.0
971558,512000.0
971561,152000.0
971563,68000.0
971591,309000.0
971615,461000.0
971627,116000.0
971633,120000.0
971661,261000.0
971666,114000.0
971673,217000.0
971685,175000.0
971688,99000.0
971731,1295000.0
971733,220000.0
971748,236000.0
971779,131000.0
971780,77000.0
971794,448000.0
971800,471000.0
971828,84000.0
971852,366000.0
971853,107000.0
971869,161000.0
971893,85000.0
971896,725000.0
971941,107000.0
971953,156000.0
971973,150000.0
971981,1175000.0
972061,280000.0
972062,280000.0
972118,85000.0
972189,205000.0
972259,151000.0
972279,83000.0
972291,114000.0
972303,130000.0
972341,78000.0
972396,152000.0
972409,107000.0
972423,146000.0
972428,165000.0
972438,158000.0
972457,137000.0
972463,103000.0
972466,110000.0
972471,211000.0
972475,132000.0
972507,148000.0
972521,641000.0
972525,329000.0
972565,80000.0
972580,165000.0
972715,238000.0
972769,130000.0
972838,109000.0
972842,200000.0
972867,85000.0
972923,146000.0
973030,104000.0
973244,67000.0
973273,136000.0
973296,56000.0
973300,129000.0
973304,101000.0
973322,109000.0
973360,91000.0
973361,145000.0
973392,96000.0
973393,162000.0
973399,92000.0
973409,54000.0
973625,97000.0
973626,93000.0
973674,65000.0
973790,189000.0
973799,571000.0
973800,186000.0
973808,352000.0
973816,233000.0
973848,98000.0
973849,98000.0
973850,112000.0
973852,78000.0
973913,115000.0
973914,115000.0
973919,99000.0
973923,426000.0
973931,98000.0
973933,125000.0
973936,103000.0
973937,103000.0
973938,103000.0
973939,115000.0
973974,105000.0
973997,291000.0
973998,485000.0
974004,81000.0
974009,94000.0
974010,95000.0
974011,132000.0
974029,85000.0
974044,351000.0
974062,228000.0
974122,113000.0
974123,120000.0
974125,98000.0
974128,201000.0
974129,201000.0
974130,201000.0
974132,98000.0
974138,82000.0
974182,130000.0
974209,160000.0
974288,110000.0
974291,533000.0
974321,82000.0
974325,260000.0
974329,101000.0
974335,152000.0
974337,122000.0
974363,206000.0
974365,86000.0
974370,174000.0
974406,150000.0
974407,150000.0
974432,83000.0
974460,92000.0
974472,89000.0
974498,308000.0
974527,179000.0
974566,70000.0
974570,113000.0
974571,56000.0
974605,187000.0
974625,124000.0
974627,103000.0
974737,113000.0
974748,151000.0
974756,347000.0
974802,442000.0
974803,163000.0
974848,98000.0
974863,132000.0
974957,140000.0
974995,100000.0
975004,153000.0
975034,117000.0
975045,81000.0
975064,246000.0
975094,106000.0
975113,720000.0
975121,66000.0
975142,404000.0
975189,255000.0
975204,229000.0
975684,741000.0
975738,539000.0
975893,80000.0
975960,175000.0
975965,123000.0
975971,248000.0
975973,129000.0
976102,163000.0
976136,79000.0
976176,66000.0
976194,98000.0
976223,125000.0
976790,84000.0
976796,97000.0
976831,135000.0
976844,233000.0
976846,149000.0
976869,257000.0
976876,93000.0
976942,137000.0
976948,238000.0
977106,84000.0
977126,124000.0
977160,272000.0
977222,90000.0
977224,90000.0
977232,271000.0
977312,446000.0
977316,92000.0
977321,196000.0
977324,112000.0
977326,113000.0
977344,121000.0
977374,68000.0
977376,337000.0
977377,111000.0
977379,144000.0
977412,114000.0
977458,176000.0
977460,148000.0
977464,98000.0
977488,238000.0
977506,1694000.0
977613,207000.0
977650,83000.0
977652,267000.0
977653,81000.0
977658,628000.0
977661,131000.0
977687,88000.0
977726,85000.0
977754,270000.0
977778,74000.0
977783,72000.0
977790,69000.0
977815,175000.0
977816,177000.0
977850,149000.0
977854,66000.0
977860,236000.0
977892,145000.0
977893,175000.0
977908,171000.0
977923,243000.0
977960,84000.0
977971,95000.0
978147,222000.0
978197,58000.0
978202,127000.0
978203,40000.0
978279,105000.0
978321,130000.0
978322,94000.0
978325,94000.0
978329,131000.0
978331,94000.0
978334,124000.0
978348,124000.0
978375,87000.0
978425,117000.0
978427,132000.0
978429,117000.0
978432,136000.0
978444,323000.0
978449,199000.0
978673,406000.0
978695,183000.0
978730,140000.0
978731,89000.0
978753,84000.0
978765,115000.0
978789,67000.0
978795,207000.0
978858,410000.0
978906,98000.0
978909,317000.0
978910,223000.0
978912,317000.0
978935,94000.0
978958,275000.0
978959,275000.0
978999,644000.0
979014,181000.0
979050,157000.0
979051,157000.0
979084,167000.0
979101,82000.0
979108,114000.0
979121,114000.0
979131,97000.0
979175,69000.0
979191,349000.0
979243,57000.0
979248,101000.0
979249,115000.0
979256,77000.0
979279,70000.0
979282,70000.0
979283,94000.0
979319,144000.0
979358,355000.0
979369,146000.0
979393,113000.0
979403,79000.0
979443,109000.0
979445,90000.0
979447,90000.0
979449,90000.0
979453,90000.0
979457,131000.0
979458,421000.0
979468,135000.0
979551,216000.0
979584,65000.0
979587,294000.0
979595,88000.0
979642,132000.0
979659,90000.0
979665,63000.0
979679,175000.0
979743,79000.0
979750,83000.0
979751,77000.0
979812,101000.0
979832,266000.0
979837,72000.0
979853,286000.0
979854,224000.0
979931,153000.0
980083,204000.0
980197,104000.0
980233,121000.0
980239,84000.0
980240,132000.0
980273,144000.0
980329,278000.0
980330,317000.0
980349,104000.0
980411,478000.0
980460,78000.0
980526,350000.0
980552,109000.0
980564,107000.0
980566,97000.0
980601,123000.0
980692,94000.0
980751,104000.0
980849,91000.0
980863,104000.0
980864,180000.0
980867,109000.0
980942,821000.0
980981,187000.0
981136,155000.0
981167,108000.0
981169,186000.0
981268,96000.0
981269,96000.0
981270,96000.0
981332,86000.0
981380,73000.0
981464,130000.0
981671,116000.0
981683,643000.0
981684,932000.0
981685,420000.0
981689,404000.0
981696,236000.0
981697,283000.0
981698,143000.0
981699,144000.0
981714,86000.0
981742,131000.0
981894,151000.0
981947,169000.0
982012,96000.0
982055,97000.0
982274,156000.0
982285,111000.0
983029,266000.0
983030,346000.0
983126,228000.0
983170,90000.0
983293,187000.0
983294,168000.0
983298,68000.0
983374,92000.0
983378,170000.0
983651,163000.0
983752,105000.0
984096,80000.0
984122,64000.0
984320,85000.0
984322,224000.0
984733,82000.0
984734,104000.0
984768,231000.0
984892,94000.0
985039,131000.0
985041,330000.0
985042,330000.0
985043,330000.0
985119,280000.0
985151,122000.0
985154,121000.0
985156,172000.0
985159,409000.0
985161,184000.0
985165,684000.0
985166,816000.0
985167,398000.0
985313,119000.0
985320,169000.0
985337,178000.0
985364,86000.0
985407,121000.0
985520,142000.0
985545,65000.0
985670,93000.0
985683,135000.0
985684,133000.0
985767,177000.0
985811,99000.0
985813,91000.0
985814,104000.0
985815,92000.0
985818,87000.0
985840,199000.0
985841,116000.0
985981,195000.0
986056,150000.0
986103,116000.0
986115,93000.0
986139,100000.0
986207,84000.0
986208,82000.0
986212,118000.0
986213,137000.0
986214,166000.0
986274,218000.0
986275,226000.0
986390,115000.0
986417,111000.0
986512,173000.0
986616,87000.0
986618,85000.0
987237,118000.0
987240,134000.0
987247,85000.0
987346,188000.0
987563,162000.0
987614,299000.0
987631,426000.0
987671,201000.0
987844,267000.0
987916,88000.0
987959,199000.0
988030,87000.0
988085,185000.0
988120,80000.0
988128,112000.0
988131,79000.0
988330,247000.0
988404,170000.0
988522,110000.0
988664,120000.0
988763,78000.0
988798,123000.0
988844,131000.0
988874,167000.0
988876,78000.0
988929,133000.0
988942,113000.0
988993,383000.0
989061,73000.0
989298,112000.0
989301,72000.0
989302,224000.0
989305,72000.0
989372,98000.0
989373,98000.0
989378,194000.0
989379,194000.0
989380,73000.0
989419,77000.0
989524,128000.0
989588,116000.0
989589,133000.0
989592,175000.0
989593,92000.0
989666,100000.0
989733,193000.0
989814,88000.0
989873,135000.0
989876,123000.0
989903,49000.0
989933,83000.0
989942,273000.0
989988,87000.0
989990,87000.0
989996,155000.0
990011,131000.0
990133,139000.0
990149,170000.0
990150,136000.0
990151,136000.0
990152,136000.0
990166,144000.0
990272,417000.0
990286,114000.0
990330,224000.0
991069,191000.0
991073,91000.0
991157,85000.0
991199,110000.0
991266,257000.0
991272,601000.0
991278,88000.0
991349,151000.0
991352,202000.0
991425,212000.0
991464,592000.0
991467,118000.0
991468,119000.0
991469,129000.0
991475,92000.0
991477,139000.0
991480,169000.0
991487,194000.0
991490,88000.0
991616,557000.0
991701,138000.0
991703,118000.0
991720,102000.0
991738,172000.0
991812,144000.0
991825,165000.0
991826,179000.0
991832,537000.0
991836,262000.0
991895,77000.0
991908,76000.0
991913,87000.0
991940,119000.0
992565,184000.0
992574,203000.0
992717,238000.0
992721,151000.0
992722,151000.0
992724,95000.0
992726,92000.0
992727,144000.0
992728,66000.0
992745,160000.0
992746,125000.0
992775,133000.0
992783,95000.0
992832,626000.0
992874,119000.0
992899,83000.0
992904,91000.0
992948,136000.0
992977,58000.0
992988,96000.0
993216,90000.0
993459,203000.0
993468,245000.0
993509,124000.0
993527,86000.0
994032,110000.0
994088,360000.0
994215,113000.0
994299,68000.0
994506,129000.0
994507,68000.0
994530,132000.0
994764,164000.0
994812,116000.0
994814,116000.0
994834,116000.0
994906,181000.0
994936,148000.0
994956,169000.0
994960,126000.0
994983,231000.0
994991,130000.0
994995,96000.0
995000,290000.0
995001,126000.0
995007,127000.0
995008,142000.0
995021,101000.0
995031,100000.0
995035,100000.0
995036,100000.0
995042,110000.0
995044,81000.0
995055,149000.0
995057,149000.0
995076,118000.0
995118,133000.0
995133,63000.0
995142,89000.0
995260,102000.0
995313,248000.0
995352,88000.0
995366,74000.0
995437,152000.0
995479,227000.0
995619,159000.0
995646,166000.0
995669,89000.0
995780,77000.0
995874,224000.0
995916,128000.0
995946,97000.0
995947,65000.0
995948,324000.0
996053,95000.0
996103,290000.0
996178,92000.0
996180,188000.0
996184,168000.0
996364,105000.0
996473,532000.0
996581,170000.0
996796,165000.0
996804,135000.0
997041,180000.0
997166,328000.0
997167,295000.0
997168,300000.0
997186,96000.0
997196,118000.0
997244,104000.0
997245,179000.0
997392,111000.0
997403,228000.0
997443,192000.0
997541,542000.0
997542,441000.0
997691,259000.0
997755,90000.0
997773,85000.0
997774,85000.0
997795,150000.0
997808,256000.0
997935,86000.0
998092,184000.0
998095,900000.0
998098,160000.0
998275,123000.0
998276,65000.0
998376,238000.0
998498,563000.0
998564,87000.0
998567,499000.0
998574,89000.0
998575,163000.0
998577,70000.0
998615,111000.0
998616,90000.0
998620,92000.0
998621,93000.0
998622,104000.0
998624,99000.0
998645,102000.0
998646,79000.0
998649,156000.0
998650,69000.0
998651,75000.0
998862,240000.0
998925,193000.0
999025,311000.0
999050,116000.0
999543,84000.0
999625,99000.0
999712,197000.0
999754,253000.0
999960,115000.0
1000541,107000.0
1000644,575000.0
1000692,255000.0
1000727,341000.0
1001116,132000.0
1001294,212000.0
1001409,198000.0
1001421,151000.0
1001616,137000.0
1001945,123000.0
1001991,310000.0
1002183,91000.0
1002319,231000.0
1002326,123000.0
1002411,98000.0
1002412,68000.0
1002571,293000.0
1002606,733000.0
1002607,733000.0
1002626,354000.0
1002643,129000.0
1002658,92000.0
1002678,898000.0
1002694,124000.0
1002727,93000.0
1002742,195000.0
1002822,104000.0
1002827,111000.0
1002861,112000.0
1002863,112000.0
1002864,112000.0
1002865,112000.0
1003030,313000.0
1003043,107000.0
1003047,172000.0
1003089,106000.0
1003171,639000.0
1003257,122000.0
1003435,573000.0
1003611,97000.0
1003612,127000.0
1003619,90000.0
1003639,251000.0
1003692,82000.0
1003816,104000.0
1003817,595000.0
1003836,132000.0
1003840,213000.0
1003859,197000.0
1003902,98000.0
1003907,155000.0
1003940,77000.0
1003956,284000.0
1003974,122000.0
1003976,122000.0
1003980,122000.0
1003985,245000.0
1003988,186000.0
1004037,314000.0
1004051,91000.0
1004069,90000.0
1004074,98000.0
1004075,111000.0
1004084,165000.0
1004189,256000.0
1004217,137000.0
1004262,151000.0
1004284,68000.0
1004331,649000.0
1004336,122000.0
1004413,792000.0
1004421,196000.0
1004490,760000.0
1004566,94000.0
1004579,83000.0
1004675,94000.0
1004832,81000.0
1004935,67000.0
1005039,83000.0
1005060,80000.0
1005124,102000.0
1005127,92000.0
1005128,88000.0
1005129,92000.0
1005130,139000.0
1005132,145000.0
1005134,148000.0
1005138,139000.0
1005236,144000.0
1005238,142000.0
1005262,151000.0
1005413,72000.0
1005464,101000.0
1005466,307000.0
1005467,120000.0
1005547,134000.0
1005674,154000.0
1005675,154000.0
1005710,634000.0
1005732,244000.0
1005936,97000.0
1005980,107000.0
1005986,281000.0
1005987,116000.0
1006073,622000.0
1006141,302000.0
1006421,293000.0
1006494,106000.0
1006532,81000.0
1006557,197000.0
1006674,136000.0
1006675,88000.0
1006761,190000.0
1006797,119000.0
1006798,238000.0
1006876,225000.0
1006880,174000.0
1006988,131000.0
1007061,551000.0
1007082,262000.0
1007101,98000.0
1007108,195000.0
1007109,87000.0
1007172,505000.0
1007233,79000.0
1007235,77000.0
1007239,100000.0
1007271,89000.0
1007352,419000.0
1007401,83000.0
1007430,147000.0
1007571,58000.0
1007600,336000.0
1007789,93000.0
1007797,98000.0
1007830,107000.0
1007849,107000.0
1007856,122000.0
1007857,150000.0
1007917,151000.0
1007967,234000.0
1007994,76000.0
1008148,61000.0
1008157,218000.0
1008169,166000.0
1008170,190000.0
1008173,179000.0
1008307,324000.0
1008308,136000.0
1008352,81000.0
1008357,76000.0
1008358,180000.0
1008361,74000.0
1008386,140000.0
1008418,189000.0
1008428,77000.0
1008433,77000.0
1008501,194000.0
1008510,116000.0
1008550,81000.0
1008563,88000.0
1008564,88000.0
1008595,66000.0
1008641,108000.0
1008677,104000.0
1008707,161000.0
1008732,144000.0
1008734,144000.0
1008741,94000.0
1008744,113000.0
1008749,281000.0
1008759,151000.0
1008760,151000.0
1008803,208000.0
1008804,208000.0
1008805,208000.0
1008829,150000.0
1008833,99000.0
1008838,102000.0
1008855,173000.0
1008862,101000.0
1008878,167000.0
1008892,210000.0
1008914,273000.0
1008927,196000.0
1008932,215000.0
1009016,114000.0
1009077,105000.0
1009084,87000.0
1009088,105000.0
1009218,86000.0
1009229,70000.0
1009308,235000.0
1009310,94000.0
1009337,241000.0
1009366,129000.0
1009424,252000.0
1009487,119000.0
1009509,80000.0
1009510,88000.0
1009517,329000.0
1009520,141000.0
1009528,112000.0
1009530,106000.0
1009531,103000.0
1009532,104000.0
1009533,112000.0
1009534,117000.0
1009535,106000.0
1009590,70000.0
1009596,70000.0
1009672,79000.0
1009736,109000.0
1009859,140000.0
1009864,286000.0
1009866,105000.0
1009891,95000.0
1009942,265000.0
1009948,110000.0
1009965,145000.0
1009970,145000.0
1010054,92000.0
1010066,122000.0
1010068,171000.0
1010069,171000.0
1010104,588000.0
1010110,122000.0
1010185,451000.0
1010186,92000.0
1010276,155000.0
1010411,134000.0
1010542,161000.0
1010544,92000.0
1010584,280000.0
1010592,149000.0
1010667,165000.0
1010678,161000.0
1010679,176000.0
1010680,176000.0
1010686,250000.0
1010704,444000.0
1010740,177000.0
1010833,109000.0
1010913,100000.0
1010950,92000.0
1010951,88000.0
1010980,81000.0
1010999,154000.0
1011028,90000.0
1011032,135000.0
1011122,80000.0
1011132,89000.0
1011134,89000.0
1011135,90000.0
1011148,110000.0
1011150,110000.0
1011203,346000.0
1011204,346000.0
1011275,150000.0
1011335,121000.0
1011414,129000.0
1011429,100000.0
1011430,100000.0
1011489,84000.0
1011573,84000.0
1011574,84000.0
1011701,119000.0
1011778,74000.0
1011854,345000.0
1011914,97000.0
1012038,181000.0
1012128,116000.0
1012273,106000.0
1012311,121000.0
1012320,101000.0
1012331,397000.0
1012332,235000.0
1012339,62000.0
1012507,114000.0
1012542,119000.0
1012574,254000.0
1012587,102000.0
1012712,588000.0
1012714,83000.0
1012716,75000.0
1012752,543000.0
1012830,128000.0
1012898,469000.0
1012945,99000.0
1013031,130000.0
1013155,208000.0
1013161,131000.0
1013177,94000.0
1013187,182000.0
1013234,208000.0
1013244,489000.0
1013288,202000.0
1013290,112000.0
1013352,224000.0
1013443,153000.0
1013494,117000.0
1013507,72000.0
1013544,320000.0
1013547,115000.0
1013630,87000.0
1013704,295000.0
1013740,151000.0
1013742,114000.0
1013743,99000.0
1013786,220000.0
1013962,269000.0
1014083,162000.0
1014108,99000.0
1014164,134000.0
1014237,96000.0
1014240,155000.0
1014368,228000.0
1014476,116000.0
1014483,180000.0
1014498,107000.0
1014551,110000.0
1014571,122000.0
1014624,148000.0
1014635,76000.0
1014637,117000.0
1014638,109000.0
1014641,365000.0
1014665,226000.0
1014669,93000.0
1014738,56000.0
1014928,660000.0
1014999,162000.0
1015031,89000.0
1015103,102000.0
1015125,175000.0
1015134,191000.0
1015243,134000.0
1015347,113000.0
1015350,127000.0
1015360,144000.0
1015361,144000.0
1015366,144000.0
1015403,148000.0
1015482,107000.0
1015484,186000.0
1015485,79000.0
1015486,79000.0
1015502,92000.0
1015524,275000.0
1015534,319000.0
1015540,127000.0
1015557,84000.0
1015579,92000.0
1015597,181000.0
1015681,86000.0
1015697,180000.0
1015714,183000.0
1015804,74000.0
1015824,104000.0
1015843,156000.0
1015872,91000.0
1015908,131000.0
1015909,116000.0
1015911,133000.0
1015919,136000.0
1015920,113000.0
1016040,93000.0
1016042,138000.0
1016098,92000.0
1016117,229000.0
1016413,336000.0
1016734,165000.0
1016888,116000.0
1016927,155000.0
1017116,154000.0
1017118,100000.0
1017166,118000.0
1017176,104000.0
1017264,103000.0
1017383,73000.0
1017418,105000.0
1017424,85000.0
1017427,91000.0
1017428,140000.0
1017503,80000.0
1017563,49000.0
1017579,99000.0
1017600,163000.0
1017626,76000.0
1017637,261000.0
1017693,131000.0
1017750,330000.0
1017763,221000.0
1017782,119000.0
1017792,537000.0
1017846,86000.0
1017992,328000.0
1017998,93000.0
1018079,92000.0
1018135,116000.0
1018136,169000.0
1018166,716000.0
1018229,896000.0
1018248,156000.0
1018257,151000.0
1018417,163000.0
1018421,235000.0
1018428,95000.0
1018486,229000.0
1018523,166000.0
1018598,88000.0
1018621,81000.0
1018671,84000.0
1018822,215000.0
1018943,201000.0
1019039,61000.0
1019057,52000.0
1019062,631000.0
1019149,97000.0
1019151,70000.0
1019206,104000.0
1019298,96000.0
1019309,95000.0
1019343,368000.0
1019366,142000.0
1019367,176000.0
1019432,350000.0
1019561,136000.0
1019575,152000.0
1019659,248000.0
1019668,81000.0
1019672,89000.0
1019681,103000.0
1019683,128000.0
1019686,93000.0
1019696,116000.0
1019720,195000.0
1019763,67000.0
1019835,660000.0
1019872,90000.0
1019903,206000.0
1019908,165000.0
1019958,528000.0
1020047,316000.0
1020124,618000.0
1020278,89000.0
1020508,114000.0
1020554,90000.0
1020672,136000.0
1020673,175000.0
1020745,132000.0
1020844,98000.0
1021039,189000.0
1021263,81000.0
1021316,204000.0
1021412,136000.0
1021444,102000.0
1021447,138000.0
1021453,131000.0
1021485,158000.0
1021500,74000.0
1021509,79000.0
1021520,89000.0
1021560,157000.0
1021605,83000.0
1021606,158000.0
1021607,142000.0
1021749,243000.0
1021765,161000.0
1021768,127000.0
1021770,170000.0
1021833,150000.0
1021834,151000.0
1021855,54000.0
1021973,120000.0
1022085,107000.0
1022163,126000.0
1022166,328000.0
1022273,119000.0
1022312,100000.0
1022388,78000.0
1022399,102000.0
1022582,126000.0
1022587,216000.0
1022588,238000.0
1022596,123000.0
1022614,146000.0
1022695,185000.0
1022704,81000.0
1022715,124000.0
1022716,124000.0
1022717,114000.0
1022718,109000.0
1022719,114000.0
1022721,122000.0
1022750,115000.0
1022753,122000.0
1022755,112000.0
1022756,112000.0
1022760,92000.0
1022781,106000.0
1022782,109000.0
1022787,106000.0
1022790,109000.0
1022794,114000.0
1022795,109000.0
1022796,116000.0
1022798,109000.0
1022800,109000.0
1022801,113000.0
1022802,124000.0
1022844,108000.0
1022848,139000.0
1022960,107000.0
1023168,218000.0
1023169,218000.0
1023172,112000.0
1023173,112000.0
1023209,72000.0
1023230,125000.0
1023304,91000.0
1023340,228000.0
1023351,314000.0
1023393,103000.0
1023450,235000.0
1023458,100000.0
1023465,90000.0
1023468,200000.0
1023501,154000.0
1023505,137000.0
1023508,107000.0
1023511,107000.0
1023512,137000.0
1023513,137000.0
1023514,137000.0
1023518,132000.0
1023520,107000.0
1023521,137000.0
1023552,141000.0
1023559,717000.0
1023590,220000.0
1023664,123000.0
1023676,196000.0
1023677,199000.0
1023744,165000.0
1023764,120000.0
1023774,419000.0
1024012,165000.0
1024071,72000.0
1024126,99000.0
1024133,88000.0
1024324,193000.0
1024371,164000.0
1024444,83000.0
1024449,66000.0
1024456,557000.0
1024463,234000.0
1024474,257000.0
1024477,165000.0
1024508,85000.0
1024529,103000.0
1024536,155000.0
1024590,171000.0
1024625,198000.0
1024628,197000.0
1024636,91000.0
1062270,198000.0
1062278,478000.0
1062287,126000.0
1062389,317000.0
1062404,78000.0
1062442,96000.0
1062482,410000.0
1062512,135000.0
1062516,161000.0
1062537,179000.0
1062557,252000.0
1062572,67000.0
1062643,163000.0
1062645,109000.0
1062676,121000.0
1062691,189000.0
1062714,76000.0
1062737,410000.0
1062839,143000.0
1062840,183000.0
1062844,160000.0
1062946,105000.0
1062972,108000.0
1062991,99000.0
1063009,137000.0
1063010,173000.0
1063011,156000.0
1063045,158000.0
1063050,416000.0
1063051,142000.0
1063070,65000.0
1063106,265000.0
1063130,109000.0
1063217,183000.0
1063317,344000.0
1063480,94000.0
1063535,93000.0
1063601,250000.0
1063668,125000.0
1063704,86000.0
1063829,130000.0
1063862,141000.0
1063906,182000.0
1063923,216000.0
1064029,73000.0
1064042,234000.0
1064047,90000.0
1064050,65000.0
1064059,138000.0
1064061,98000.0
1064082,190000.0
1064093,166000.0
1064155,60000.0
1064165,77000.0
1064170,223000.0
1064189,135000.0
1064253,67000.0
1064260,52000.0
1064263,155000.0
1064289,71000.0
1064327,184000.0
1064340,98000.0
1064342,199000.0
1064347,407000.0
1064358,99000.0
1064389,285000.0
1064391,611000.0
1064393,223000.0
1064415,139000.0
1064420,86000.0
1064421,78000.0
1064424,85000.0
1064425,112000.0
1064433,132000.0
1064438,275000.0
1064469,160000.0
1064535,103000.0
1064536,121000.0
1064538,121000.0
1064539,506000.0
1064552,479000.0
1064556,63000.0
1064605,103000.0
1064632,186000.0
1064660,475000.0
1064707,106000.0
1064708,100000.0
1064709,205000.0
1064715,124000.0
1064718,172000.0
1064724,127000.0
1064774,84000.0
1064782,133000.0
1064786,102000.0
1064791,95000.0
1064836,760000.0
1064856,137000.0
1064863,153000.0
1064870,122000.0
1064872,114000.0
1064873,84000.0
1064904,152000.0
1064906,125000.0
1064997,242000.0
1064998,305000.0
1065033,99000.0
1065055,171000.0
1065146,158000.0
1065162,185000.0
1065164,127000.0
1065198,345000.0
1065199,345000.0
1065201,158000.0
1065202,107000.0
1065203,109000.0
1065246,96000.0
1065262,191000.0
1065274,119000.0
1065275,170000.0
1065297,97000.0
1065304,228000.0
1065320,179000.0
1065322,139000.0
1065328,111000.0
1065359,120000.0
1065372,175000.0
1065374,80000.0
1065377,152000.0
1065396,130000.0
1065406,239000.0
1065413,88000.0
1065448,79000.0
1065477,148000.0
1065483,168000.0
1065488,98000.0
1065529,152000.0
1065572,205000.0
1065607,100000.0
1065613,121000.0
1065615,121000.0
1065617,185000.0
1065619,80000.0
1065621,121000.0
1065641,119000.0
1065658,132000.0
1065662,102000.0
1065702,101000.0
1065761,149000.0
1065771,109000.0
1065835,173000.0
1065838,262000.0
1065848,102000.0
1065852,103000.0
1065855,121000.0
1065857,93000.0
1065859,91000.0
1065883,158000.0
1065901,244000.0
1065927,190000.0
1065939,189000.0
1065940,205000.0
1065970,197000.0
1065973,147000.0
1066009,115000.0
1066029,139000.0
1066035,116000.0
1066052,138000.0
1066060,99000.0
1066082,108000.0
1066109,94000.0
1066119,78000.0
1066134,107000.0
1066159,86000.0
1066160,89000.0
1066161,95000.0
1066162,89000.0
1066163,97000.0
1066170,92000.0
1066171,97000.0
1066172,96000.0
1066174,98000.0
1066191,111000.0
1066194,411000.0
1066245,114000.0
1066361,78000.0
1066365,327000.0
1066375,74000.0
1066378,90000.0
1066379,181000.0
1066409,142000.0
1066413,375000.0
1066448,100000.0
1066476,274000.0
1066524,118000.0
1066548,115000.0
1066602,196000.0
1066603,103000.0
1066605,164000.0
1066643,120000.0
1066644,178000.0
1066664,75000.0
1066730,142000.0
1066734,149000.0
1066736,146000.0
1066759,162000.0
1066761,78000.0
1066772,145000.0
1066792,247000.0
1066795,92000.0
1066832,82000.0
1066845,82000.0
1066847,195000.0
1066938,344000.0
1066944,263000.0
1066988,97000.0
1066996,229000.0
1067005,76000.0
1067009,168000.0
1067011,189000.0
1067037,98000.0
1067063,102000.0
1067064,88000.0
1067088,82000.0
1067115,168000.0
1067119,172000.0
1067291,145000.0
1067363,135000.0
1067374,195000.0
1067395,161000.0
1067402,115000.0
1067412,194000.0
1067425,119000.0
1067428,235000.0
1067430,179000.0
1067435,156000.0
1067478,686000.0
1067512,145000.0
1067533,197000.0
1067536,111000.0
1067549,162000.0
1067555,167000.0
1067557,150000.0
1067570,187000.0
1067575,289000.0
1067577,117000.0
1067578,117000.0
1067584,196000.0
1067596,104000.0
1067598,118000.0
1067614,193000.0
1067631,368000.0
1067649,80000.0
1067652,58000.0
1067687,335000.0
1067688,76000.0
1067704,92000.0
1067705,146000.0
1067731,130000.0
1067746,117000.0
1067756,125000.0
1067777,97000.0
1067793,271000.0
1067808,150000.0
1067821,108000.0
1067834,159000.0
1067846,76000.0
1067850,196000.0
1067853,321000.0
1067863,419000.0
1067913,119000.0
1067914,106000.0
1067962,86000.0
1067999,104000.0
1068022,74000.0
1068055,136000.0
1068076,126000.0
1068078,170000.0
1068136,118000.0
1068137,148000.0
1068155,269000.0
1068157,167000.0
1068158,155000.0
1068173,115000.0
1068240,174000.0
1068266,192000.0
1068324,92000.0
1068360,371000.0
1068386,187000.0
1068396,127000.0
1068406,80000.0
1068409,98000.0
1068414,199000.0
1068466,129000.0
1068489,117000.0
1068501,186000.0
1068520,466000.0
1068533,356000.0
1068611,150000.0
1068645,147000.0
1068683,516000.0
1068685,238000.0
1068698,76000.0
1068703,193000.0
1068737,101000.0
1068751,114000.0
1068752,80000.0
1068797,111000.0
1068824,171000.0
1068840,91000.0
1068894,85000.0
1068949,114000.0
1068954,425000.0
1068960,123000.0
1069002,89000.0
1069029,93000.0
1069034,127000.0
1069058,93000.0
1069115,176000.0
1069117,58000.0
1069137,69000.0
1069138,87000.0
1069204,185000.0
1069246,163000.0
1069293,476000.0
1069308,72000.0
1069388,228000.0
1069416,97000.0
1069429,89000.0
1069430,166000.0
1069489,278000.0
1069539,176000.0
1069541,99000.0
1069543,152000.0
1069544,110000.0
1069545,100000.0
1069602,235000.0
1069619,108000.0
1069633,109000.0
1069662,101000.0
1069672,154000.0
1069673,133000.0
1069712,122000.0
1069750,93000.0
1069782,93000.0
1069813,82000.0
1069835,96000.0
1069857,186000.0
1069881,118000.0
1069973,131000.0
1069981,101000.0
1069982,147000.0
1070002,137000.0
1070067,111000.0
1070070,99000.0
1070084,117000.0
1070089,260000.0
1070103,122000.0
1070165,167000.0
1070183,99000.0
1070185,138000.0
1070208,161000.0
1070245,98000.0
1070308,127000.0
1070362,129000.0
1070374,183000.0
1070378,114000.0
1070388,116000.0
1070394,171000.0
1070438,253000.0
1070454,123000.0
1070455,112000.0
1070456,95000.0
1070463,97000.0
1070467,135000.0
1070469,100000.0
1070498,137000.0
1070501,136000.0
1070516,146000.0
1070554,311000.0
1070570,144000.0
1070573,246000.0
1070643,176000.0
1070656,199000.0
1070675,94000.0
1070677,76000.0
1070707,67000.0
1070760,123000.0
1070770,192000.0
1070862,100000.0
1070866,199000.0
1070907,271000.0
1070916,132000.0
1071031,172000.0
1071038,227000.0
1071042,91000.0
1071045,460000.0
1071046,185000.0
1071118,124000.0
1071145,136000.0
1071161,108000.0
1071166,117000.0
1071202,164000.0
1071335,71000.0
1071349,142000.0
1071350,124000.0
1071356,207000.0
1071357,74000.0
1071360,120000.0
1071370,120000.0
1071376,718000.0
1071378,128000.0
1071390,405000.0
1071413,153000.0
1071414,91000.0
1071415,163000.0
1071419,88000.0
1071427,127000.0
1071430,182000.0
1071434,171000.0
1071481,199000.0
1071503,108000.0
1071504,108000.0
1071532,209000.0
1071537,138000.0
1071551,131000.0
1071574,134000.0
1071613,192000.0
1071621,86000.0
1071651,111000.0
1071653,109000.0
1071669,123000.0
1071704,301000.0
1071722,384000.0
1071727,159000.0
1071737,141000.0
1071740,185000.0
1071782,203000.0
1071889,215000.0
1071899,443000.0
1071920,96000.0
1071948,129000.0
1071950,145000.0
1071983,185000.0
1071997,283000.0
1072066,179000.0
1072080,138000.0
1072081,221000.0
1072086,116000.0
1072176,88000.0
1072178,77000.0
1072201,164000.0
1072204,139000.0
1072219,210000.0
1072229,211000.0
1072242,124000.0
1072245,77000.0
1072249,88000.0
1072259,280000.0
1072306,119000.0
1072320,79000.0
1072326,188000.0
1072334,184000.0
1072345,89000.0
1072353,181000.0
1072382,185000.0
1072387,211000.0
1072403,119000.0
1072484,119000.0
1072487,177000.0
1072490,219000.0
1072493,178000.0
1072503,103000.0
1072536,97000.0
1072548,203000.0
1072599,346000.0
1072627,186000.0
1072632,160000.0
1072681,86000.0
1072729,174000.0
1072752,174000.0
1072775,431000.0
1072776,170000.0
1072779,428000.0
1072780,213000.0
1072784,167000.0
1072800,62000.0
1072809,1197000.0
1072819,113000.0
1072842,135000.0
1072873,250000.0
1072880,131000.0
1072894,87000.0
1072901,94000.0
1072913,183000.0
1072929,146000.0
1072973,79000.0
1073092,278000.0
1073108,114000.0
1073195,125000.0
1073200,86000.0
1073209,55000.0
1073215,187000.0
1073216,187000.0
1073217,187000.0
1073218,187000.0
1073219,125000.0
1073220,187000.0
1073221,125000.0
1073222,187000.0
1073223,187000.0
1073224,187000.0
1073225,125000.0
1073226,85000.0
1073228,85000.0
1073229,85000.0
1073234,66000.0
1073238,99000.0
1073240,133000.0
1073251,322000.0
1073388,86000.0
1073391,140000.0
1073420,116000.0
1073428,253000.0
1073465,144000.0
1073471,193000.0
1073484,187000.0
1073529,97000.0
1073563,98000.0
1073604,89000.0
1073621,297000.0
1073622,107000.0
1073626,532000.0
1073663,100000.0
1073675,676000.0
1073681,91000.0
1073695,118000.0
1073753,165000.0
1073779,100000.0
1073844,107000.0
1073846,124000.0
1074053,232000.0
1074196,212000.0
1074279,77000.0
1074340,193000.0
1074532,175000.0
1074540,403000.0
1074548,128000.0
1074550,146000.0
1074554,362000.0
1074575,108000.0
1074579,124000.0
1074603,111000.0
1074607,105000.0
1074608,158000.0
1074643,94000.0
1074677,313000.0
1074682,171000.0
1074697,110000.0
1074710,269000.0
1074741,629000.0
1074816,266000.0
1074821,129000.0
1074882,192000.0
1074943,104000.0
1074946,174000.0
1074968,70000.0
1074991,68000.0
1075071,294000.0
1075075,164000.0
1075078,155000.0
1075192,105000.0
1075221,173000.0
1075262,119000.0
1075320,56000.0
1075321,56000.0
1075527,389000.0
1075555,101000.0
1075566,199000.0
1075576,113000.0
1075621,613000.0
1075623,216000.0
1075669,91000.0
1075694,499000.0
1075794,140000.0
1075855,199000.0
1075875,100000.0
1075876,100000.0
1075878,128000.0
1075902,122000.0
1075981,97000.0
1076017,216000.0
1076028,153000.0
1076116,157000.0
1076133,83000.0
1076153,148000.0
1076223,70000.0
1076232,188000.0
1076237,133000.0
1076242,140000.0
1076246,181000.0
1076250,84000.0
1076256,119000.0
1076265,156000.0
1076270,105000.0
1076275,157000.0
1076282,235000.0
1076297,604000.0
1076314,315000.0
1076342,85000.0
1076353,92000.0
1076399,117000.0
1076400,93000.0
1076410,89000.0
1076411,77000.0
1076419,143000.0
1076451,187000.0
1076453,257000.0
1076479,105000.0
1076502,76000.0
1076505,176000.0
1076512,132000.0
1076516,90000.0
1076615,97000.0
1076618,143000.0
1076619,399000.0
1076637,91000.0
1076655,222000.0
1076670,129000.0
1076672,184000.0
1076751,238000.0
1076780,109000.0
1076822,99000.0
1076837,542000.0
1076848,209000.0
1076851,144000.0
1076867,160000.0
1076870,170000.0
1076873,98000.0
1076877,234000.0
1076899,434000.0
1076928,239000.0
1076931,323000.0
1077002,95000.0
1077007,503000.0
1077008,569000.0
1077013,96000.0
1077024,101000.0
1077043,93000.0
1077056,93000.0
1077067,128000.0
1077162,554000.0
1077187,632000.0
1077265,330000.0
1077596,498000.0
1077624,227000.0
1077752,102000.0
1077787,203000.0
1077884,112000.0
1078098,156000.0
1078219,155000.0
1078257,87000.0
1078341,248000.0
1078355,151000.0
1078360,156000.0
1078409,127000.0
1078431,95000.0
1078454,133000.0
1078476,74000.0
1078477,232000.0
1078497,308000.0
1078545,220000.0
1078556,208000.0
1078564,231000.0
1078585,233000.0
1078640,121000.0
1078648,89000.0
1078660,627000.0
1078685,231000.0
1078699,98000.0
1078723,193000.0
1078725,93000.0
1078736,562000.0
1078773,84000.0
1078806,90000.0
1078814,213000.0
1078885,267000.0
1078899,68000.0
1078908,173000.0
1078969,155000.0
1079020,148000.0
1079036,168000.0
1079059,378000.0
1079068,84000.0
1079153,274000.0
1079183,126000.0
1079230,102000.0
1079254,100000.0
1079277,149000.0
1079282,152000.0
1079294,130000.0
1079320,320000.0
1079334,109000.0
1079343,113000.0
1079356,148000.0
1079382,69000.0
1079459,198000.0
1079463,128000.0
1079464,203000.0
1079479,148000.0
1079483,125000.0
1079497,269000.0
1079498,269000.0
1079503,149000.0
1079504,134000.0
1079528,133000.0
1079568,174000.0
1079600,154000.0
1079607,142000.0
1079608,149000.0
1079612,149000.0
1079618,107000.0
1079705,149000.0
1079766,93000.0
1079842,76000.0
1079850,139000.0
1079853,150000.0
1079868,84000.0
1079892,112000.0
1079895,96000.0
1079928,291000.0
1079992,124000.0
1079994,121000.0
1079995,124000.0
1080005,155000.0
1080008,166000.0
1080010,97000.0
1080011,167000.0
1080015,155000.0
1080025,168000.0
1080028,59000.0
1080030,73000.0
1080032,109000.0
1080034,122000.0
1080037,524000.0
1080063,73000.0
1080064,76000.0
1080065,74000.0
1080066,86000.0
1080069,186000.0
1080072,232000.0
1080077,106000.0
1080111,98000.0
1080133,70000.0
1080147,114000.0
1080162,182000.0
1080187,269000.0
1080200,154000.0
1080279,191000.0
1080290,103000.0
1080292,103000.0
1080299,62000.0
1080327,92000.0
1080328,102000.0
1080332,89000.0
1080334,89000.0
1080342,133000.0
1080343,194000.0
1080364,295000.0
1080379,131000.0
1080382,62000.0
1080383,68000.0
1080399,78000.0
1080401,647000.0
1080426,125000.0
1080440,87000.0
1080450,112000.0
1080465,114000.0
1080482,191000.0
1080485,167000.0
1080507,360000.0
1080562,72000.0
1080606,358000.0
1080621,105000.0
1080633,115000.0
1080663,175000.0
1080670,89000.0
1080752,149000.0
1080755,102000.0
1080757,314000.0
1080776,87000.0
1080802,91000.0
1080807,190000.0
1080836,233000.0
1080849,144000.0
1080858,132000.0
1080859,191000.0
1080914,184000.0
1080921,58000.0
1080937,180000.0
1080977,85000.0
1080980,83000.0
1080983,105000.0
1081011,83000.0
1081038,235000.0
1081055,242000.0
1081112,120000.0
1081125,103000.0
1081153,125000.0
1081170,304000.0
1081201,435000.0
1081232,196000.0
1081267,393000.0
1081351,99000.0
1081356,100000.0
1081395,159000.0
1081435,86000.0
1081436,114000.0
1081442,225000.0
1081472,142000.0
1081487,103000.0
1081508,868000.0
1081512,125000.0
1081528,94000.0
1081552,139000.0
1081575,90000.0
1081706,126000.0
1081782,161000.0
1081785,121000.0
1081787,169000.0
1081832,94000.0
1081833,112000.0
1081838,77000.0
1081841,437000.0
1081843,77000.0
1081844,77000.0
1081848,105000.0
1081869,153000.0
1081902,110000.0
1081903,110000.0
1081908,98000.0
1081924,80000.0
1081936,309000.0
1081949,203000.0
1081970,186000.0
1082039,134000.0
1082045,133000.0
1082046,122000.0
1082048,192000.0
1082118,114000.0
1082145,75000.0
1082147,94000.0
1082163,112000.0
1082251,189000.0
1082254,393000.0
1082255,160000.0
1082327,91000.0
1082342,113000.0
1082343,184000.0
1082360,189000.0
1082376,346000.0
1082382,177000.0
1082390,162000.0
1082417,113000.0
1082420,118000.0
1082432,464000.0
1082441,175000.0
1082442,168000.0
1082461,244000.0
1082482,148000.0
1082483,74000.0
1082488,561000.0
1082504,165000.0
1082508,139000.0
1082533,96000.0
1082548,225000.0
1082549,160000.0
1082586,102000.0
1082640,219000.0
1082677,197000.0
1082833,99000.0
1082840,207000.0
1082846,262000.0
1082857,322000.0
1082863,170000.0
1082867,210000.0
1082927,117000.0
1082928,123000.0
1082958,382000.0
1083026,174000.0
1083029,589000.0
1083052,417000.0
1083095,129000.0
1083118,147000.0
1083122,288000.0
1083137,208000.0
1083208,257000.0
1083251,152000.0
1083264,167000.0
1083284,198000.0
1083291,94000.0
1083296,94000.0
1083300,94000.0
1083303,94000.0
1083345,108000.0
1083382,133000.0
1083388,59000.0
1083392,140000.0
1083402,142000.0
1083405,179000.0
1083495,101000.0
1083545,129000.0
1086147,221000.0
1086216,236000.0
1086243,150000.0
1086254,61000.0
1086282,152000.0
1086309,187000.0
1086312,119000.0
1086333,76000.0
1086344,107000.0
1086616,100000.0
1086670,189000.0
1086770,143000.0
1086802,161000.0
1086813,131000.0
1086818,174000.0
1086819,237000.0
1086820,95000.0
1086826,124000.0
1086827,81000.0
1086842,80000.0
1086844,95000.0
1086846,80000.0
1086847,81000.0
1086848,124000.0
1086864,482000.0
1086917,200000.0
1086918,85000.0
1086963,225000.0
1086991,127000.0
1086999,97000.0
1087035,121000.0
1087054,166000.0
1087111,160000.0
1087112,145000.0
1087115,470000.0
1087116,139000.0
1087132,232000.0
1087135,74000.0
1087193,146000.0
1087235,141000.0
1087237,142000.0
1087238,165000.0
1087241,139000.0
1087288,475000.0
1087329,81000.0
1087340,332000.0
1087346,261000.0
1087349,207000.0
1087375,272000.0
1087389,242000.0
1087406,115000.0
1087423,342000.0
1087432,309000.0
1093650,72000.0
1093654,182000.0
1093657,206000.0
1093659,99000.0
1093661,99000.0
1093675,156000.0
1093684,135000.0
1093703,166000.0
1093710,95000.0
1093711,127000.0
1093718,71000.0
1093725,114000.0
1093808,671000.0
1093813,207000.0
1093816,253000.0
1093817,97000.0
1093845,551000.0
1093848,99000.0
1093904,145000.0
1093906,128000.0
1093909,274000.0
1093920,139000.0
1093958,119000.0
1093960,318000.0
1094005,576000.0
1094008,175000.0
1094012,78000.0
1094018,98000.0
1094108,121000.0
1094111,212000.0
1094126,114000.0
1094128,553000.0
1094133,105000.0
1094136,276000.0
1094142,330000.0
1094151,48000.0
1094174,125000.0
1094196,195000.0
1094198,86000.0
1094232,98000.0
1094299,162000.0
1094334,268000.0
1094348,122000.0
1094353,115000.0
1094362,131000.0
1094412,1000000.0
1094416,97000.0
1094419,552000.0
1094463,169000.0
1094464,152000.0
1094519,188000.0
1094530,88000.0
1094531,88000.0
1094538,113000.0
1094590,125000.0
1094633,148000.0
1094660,104000.0
1094668,99000.0
1094694,109000.0
1094714,155000.0
1094717,194000.0
1094747,151000.0
1094771,641000.0
1094773,338000.0
1094779,104000.0
1094810,165000.0
1094817,347000.0
1094818,124000.0
1094822,71000.0
1094855,144000.0
1094858,146000.0
1094864,361000.0
1094895,192000.0
1094910,126000.0
1094939,104000.0
1094960,84000.0
1095019,1208000.0
1095021,756000.0
1095025,164000.0
1095029,147000.0
1095031,152000.0
1095067,88000.0
1095105,229000.0
1095126,167000.0
1095135,162000.0
1095139,55000.0
1095146,124000.0
1095292,193000.0
1095313,65000.0
1095326,147000.0
1095334,78000.0
1095343,85000.0
1095383,70000.0
1095399,192000.0
1095416,246000.0
1095448,208000.0
1095478,101000.0
1095480,152000.0
1095496,117000.0
1095500,120000.0
1095529,65000.0
1095536,319000.0
1095552,342000.0
1095588,87000.0
1095624,364000.0
1095650,108000.0
1095691,851000.0
1095735,161000.0
1095799,207000.0
1095804,185000.0
1095810,138000.0
1095827,219000.0
1095841,273000.0
1095853,158000.0
1095860,170000.0
1095866,118000.0
1095906,139000.0
1095907,407000.0
1095926,198000.0
1095949,134000.0
1096078,129000.0
1096079,135000.0
1096090,99000.0
1096148,218000.0
1096213,208000.0
1096235,127000.0
1096271,142000.0
1096279,70000.0
1096316,193000.0
1096318,655000.0
1096335,508000.0
1096339,123000.0
1096405,229000.0
1096417,123000.0
1096464,80000.0
1096480,134000.0
1096484,168000.0
1096513,246000.0
1096539,188000.0
1096546,95000.0
1096550,241000.0
1096556,116000.0
1096573,261000.0
1096583,235000.0
1096585,171000.0
1096590,229000.0
1096593,142000.0
1096600,158000.0
1096627,105000.0
1096631,153000.0
1096691,165000.0
1096700,103000.0
1096716,247000.0
1096723,302000.0
1096749,162000.0
1096777,181000.0
1096784,109000.0
1096858,386000.0
1096873,196000.0
1096921,133000.0
1096936,199000.0
1096968,105000.0
1096972,159000.0
1097023,127000.0
1097024,686000.0
1097040,260000.0
1097041,304000.0
1097045,228000.0
1097078,505000.0
1097079,505000.0
1097082,92000.0
1097084,93000.0
1097102,151000.0
1097259,139000.0
1097283,127000.0
1097365,138000.0
1097366,131000.0
1097476,811000.0
1097499,99000.0
1097500,124000.0
1097511,276000.0
1097514,349000.0
1097544,113000.0
1097562,132000.0
1097569,99000.0
1097597,145000.0
1097609,129000.0
1097635,127000.0
1097650,83000.0
1097655,135000.0
1097659,117000.0
1097664,113000.0
1097673,185000.0
1097675,100000.0
1097698,137000.0
1097718,109000.0
1097755,256000.0
1097767,140000.0
1097777,215000.0
1097778,102000.0
1097795,649000.0
1097861,112000.0
1097886,136000.0
1097887,167000.0
1097888,154000.0
1097928,189000.0
1097949,181000.0
1097975,274000.0
1097993,245000.0
1097994,260000.0
1098066,155000.0
1098122,131000.0
1098125,179000.0
1098140,97000.0
1098199,335000.0
1098213,96000.0
1098215,135000.0
1098219,203000.0
1098228,118000.0
1098252,407000.0
1098268,151000.0
1098275,151000.0
1098362,92000.0
1098365,864000.0
1098396,91000.0
1098468,117000.0
1098495,87000.0
1098569,93000.0
1098588,382000.0
1098633,93000.0
1098693,352000.0
1098698,178000.0
1098706,169000.0
1098771,87000.0
1098971,48000.0
1098987,148000.0
1098991,166000.0
1098994,199000.0
1099004,150000.0
1099021,100000.0
1099030,118000.0
1099038,91000.0
1099039,173000.0
1099045,315000.0
1099133,308000.0
1099137,102000.0
1099153,186000.0
1099180,180000.0
1099183,325000.0
1099184,99000.0
1099199,118000.0
1099315,210000.0
1099316,138000.0
1099320,153000.0
1099323,240000.0
1099326,206000.0
1099329,84000.0
1099335,179000.0
1099338,121000.0
1099342,146000.0
1099350,155000.0
1099351,84000.0
1099359,96000.0
1099364,100000.0
1099366,144000.0
1099382,177000.0
1099383,547000.0
1099407,117000.0
1099414,100000.0
1099441,134000.0
1099447,116000.0
1099465,101000.0
1099469,161000.0
1099488,148000.0
1099520,158000.0
1099562,218000.0
1099567,128000.0
1099623,247000.0
1099651,97000.0
1099664,143000.0
1099665,143000.0
1099671,183000.0
1099702,105000.0
1099722,89000.0
1099725,54000.0
1099726,56000.0
1099728,51000.0
1099729,50000.0
1099734,83000.0
1099740,94000.0
1099743,207000.0
1099768,160000.0
1099774,1478000.0
1099796,142000.0
1099815,163000.0
1099837,285000.0
1099916,275000.0
1099928,84000.0
1099941,90000.0
1099946,88000.0
1099948,51000.0
1099950,54000.0
1099972,101000.0
1099995,125000.0
1099996,115000.0
1100056,186000.0
1100076,189000.0
1100169,431000.0
1100171,82000.0
1100178,210000.0
1100189,76000.0
1100191,63000.0
1100192,62000.0
1100194,104000.0
1100205,88000.0
1100224,118000.0
1100257,203000.0
1100317,104000.0
1100329,82000.0
1100345,96000.0
1100388,231000.0
1100391,88000.0
1100460,196000.0
1100509,112000.0
1100516,210000.0
1100532,246000.0
1100537,65000.0
1100548,407000.0
1100583,233000.0
1100596,210000.0
1100601,412000.0
1100611,113000.0
1100619,203000.0
1100658,313000.0
1100660,274000.0
1100674,113000.0
1100682,123000.0
1100692,115000.0
1100719,92000.0
1100743,347000.0
1100780,92000.0
1100810,191000.0
1100829,228000.0
1100840,146000.0
1100852,196000.0
1100865,93000.0
1100897,106000.0
1100931,103000.0
1100932,100000.0
1100938,492000.0
1100944,314000.0
1100945,320000.0
1100946,320000.0
1100947,320000.0
1100948,232000.0
1100953,234000.0
1100955,234000.0
1100957,300000.0
1100960,300000.0
1100962,123000.0
1100984,127000.0
1100985,159000.0
1101003,97000.0
1101004,97000.0
1101005,97000.0
1101006,181000.0
1101007,122000.0
1101012,89000.0
1101064,310000.0
1101073,290000.0
1101084,128000.0
1101086,114000.0
1101094,103000.0
1101102,102000.0
1101127,79000.0
1101173,140000.0
1101180,124000.0
1101202,119000.0
1101203,153000.0
1101207,178000.0
1101208,301000.0
1101232,99000.0
1101240,91000.0
1101252,167000.0
1101258,172000.0
1101263,69000.0
1101276,152000.0
1101292,157000.0
1101294,133000.0
1101303,292000.0
1101319,573000.0
1101326,125000.0
1101330,174000.0
1101331,113000.0
1101333,174000.0
1101335,160000.0
1101351,138000.0
1101378,104000.0
1101418,714000.0
1101423,326000.0
1101428,138000.0
1101517,135000.0
1101591,85000.0
1101616,407000.0
1101739,116000.0
1101759,89000.0
1101799,99000.0
1101800,96000.0
1101801,394000.0
1101814,175000.0
1101859,74000.0
1101869,83000.0
1101901,78000.0
1101931,138000.0
1101932,150000.0
1101976,342000.0
1102031,73000.0
1102046,145000.0
1102066,131000.0
1102090,274000.0
1102112,211000.0
1102117,145000.0
1102119,120000.0
1102123,113000.0
1102135,155000.0
1102169,163000.0
1102170,259000.0
1102240,212000.0
1102248,71000.0
1102273,125000.0
1102307,174000.0
1102332,178000.0
1102413,106000.0
1102414,97000.0
1102415,97000.0
1102416,99000.0
1102417,159000.0
1102422,177000.0
1102423,95000.0
1102430,96000.0
1102431,97000.0
1102434,148000.0
1102452,89000.0
1102470,145000.0
1102505,246000.0
1102509,111000.0
1102527,184000.0
1102537,169000.0
1102564,172000.0
1102603,141000.0
1102608,92000.0
1102646,91000.0
1102647,125000.0
1102650,159000.0
1102655,186000.0
1102657,152000.0
1102660,238000.0
1102685,88000.0
1102688,138000.0
1102699,81000.0
1102704,119000.0
1102705,246000.0
1102728,485000.0
1102735,74000.0
1102750,103000.0
1102770,209000.0
1102790,371000.0
1102797,631000.0
1102800,149000.0
1102806,91000.0
1102844,196000.0
1102862,109000.0
1102908,94000.0
1102909,128000.0
1102959,104000.0
1102970,88000.0
1102986,188000.0
1103044,102000.0
1103076,260000.0
1103095,382000.0
1103226,247000.0
1103227,248000.0
1103228,195000.0
1103229,248000.0
1103249,207000.0
1103253,200000.0
1103258,212000.0
1103264,412000.0
1103265,163000.0
1103278,92000.0
1103279,536000.0
1103282,61000.0
1103361,108000.0
1103386,171000.0
1103396,206000.0
1103402,116000.0
1103403,132000.0
1103404,120000.0
1103418,118000.0
1103419,101000.0
1103431,222000.0
1103481,364000.0
1103489,226000.0
1103584,107000.0
1103598,215000.0
1103600,113000.0
1103604,141000.0
1103606,139000.0
1103614,71000.0
1103646,82000.0
1103668,266000.0
1103669,119000.0
1103678,136000.0
1103711,94000.0
1103726,180000.0
1103731,122000.0
1103735,161000.0
1103741,422000.0
1103838,154000.0
1103903,221000.0
1103914,112000.0
1103991,73000.0
1103997,118000.0
1104005,193000.0
1104027,57000.0
1104035,101000.0
1104045,108000.0
1104073,437000.0
1104122,318000.0
1104123,319000.0
1104132,101000.0
1104247,110000.0
1104252,104000.0
1104265,190000.0
1104276,77000.0
1104292,118000.0
1104347,626000.0
1104357,153000.0
1104358,109000.0
1104369,207000.0
1104944,227000.0
1104946,95000.0
1104949,95000.0
1104951,95000.0
1104953,95000.0
1104955,95000.0
1104972,151000.0
1105018,77000.0
1105021,112000.0
1105024,191000.0
1105025,122000.0
1105044,173000.0
1105046,114000.0
1105047,114000.0
1105050,330000.0
1105051,330000.0
1105052,330000.0
1105053,330000.0
1105071,95000.0
1105081,133000.0
1105207,330000.0
1105210,154000.0
1105265,330000.0
1105266,141000.0
1105267,141000.0
1105268,330000.0
1105280,85000.0
1105281,138000.0
1105282,135000.0
1105376,297000.0
1105429,129000.0
1105465,119000.0
1105493,110000.0
1105496,120000.0
1105557,110000.0
1105558,110000.0
1105575,114000.0
1105576,114000.0
1105581,92000.0
1105621,159000.0
1105622,121000.0
1105698,191000.0
1105699,191000.0
1105700,191000.0
1105702,191000.0
1105705,191000.0
1105706,191000.0
1105711,172000.0
1105799,110000.0
1105802,110000.0
1105803,110000.0
1105805,110000.0
1105806,110000.0
1105807,125000.0
1105828,156000.0
1105830,275000.0
1105831,142000.0
1105832,284000.0
1105849,77000.0
1105855,116000.0
1105898,116000.0
1105899,116000.0
1105935,185000.0
1105989,129000.0
1106068,153000.0
1106069,153000.0
1106073,153000.0
1106085,174000.0
1106086,136000.0
1106135,115000.0
1106164,77000.0
1106193,165000.0
1106196,96000.0
1106244,174000.0
1106253,71000.0
1106256,122000.0
1106586,273000.0
1106587,130000.0
1106588,146000.0
1106589,157000.0
1106600,84000.0
1106608,139000.0
1106715,77000.0
1106789,165000.0
1106790,207000.0
1106791,206000.0
1106792,207000.0
1106793,206000.0
1106794,202000.0
1106869,120000.0
1106954,246000.0
1107205,191000.0
1107331,74000.0
1107333,74000.0
1107389,163000.0
1107390,163000.0
1107392,163000.0
1107394,163000.0
1107395,163000.0
1107469,173000.0
1107483,103000.0
1107491,92000.0
1107667,238000.0
1107772,95000.0
1107775,95000.0
1107785,291000.0
1107786,157000.0
1107787,131000.0
1202392,126000.0
1202393,93000.0
1202395,207000.0
1202440,89000.0
1202550,81000.0
1202552,87000.0
1202577,144000.0
1202580,109000.0
1202842,119000.0
1202844,129000.0
1202860,103000.0
1202861,97000.0
1202869,171000.0
1202876,147000.0
1202892,130000.0
1202903,76000.0
1214273,165000.0
1214280,124000.0
1214445,408000.0
1214448,65000.0
1214449,77000.0
1214464,118000.0
1214572,141000.0
1214574,209000.0
1214584,129000.0
1214608,92000.0
1214640,81000.0
1214643,160000.0
1214651,334000.0
1214652,196000.0
1214657,439000.0
1214661,162000.0
1214673,128000.0
1214675,112000.0
1214679,178000.0
1214703,132000.0
1215040,122000.0
1215050,64000.0
1215134,127000.0
1215138,130000.0
1215362,80000.0
1215366,90000.0
1215368,101000.0
1215369,150000.0
1215374,85000.0
1215388,489000.0
1215448,78000.0
1215451,66000.0
1215486,132000.0
1215488,166000.0
1215496,126000.0
1215498,142000.0
1215555,138000.0
1215556,178000.0
1215560,342000.0
1215573,121000.0
1215591,65000.0
1215596,146000.0
1215746,233000.0
1215748,138000.0
1215754,66000.0
1215756,323000.0
1215758,125000.0
1215761,105000.0
1215762,79000.0
1215766,140000.0
1215767,698000.0
1215776,330000.0
1215784,297000.0
1215791,80000.0
1215796,94000.0
1215797,155000.0
1215798,97000.0
1215806,147000.0
1215810,96000.0
1216439,66000.0
1217024,101000.0
1217029,153000.0
1217034,84000.0
1217036,100000.0
1217037,74000.0
1217038,164000.0
1217233,139000.0
1217234,93000.0
1217247,105000.0
1217248,85000.0
1217250,95000.0
1217540,198000.0
1217556,144000.0
1217557,98000.0
1217559,79000.0
1217578,240000.0
1217875,67000.0
1217881,49000.0
1219303,102000.0
1219356,349000.0
1219361,244000.0
1219426,95000.0
1219482,304000.0
1219492,81000.0
1219515,233000.0
1219518,364000.0
1219520,188000.0
1219620,138000.0
1219653,94000.0
1219665,202000.0
1219668,116000.0
1219670,58000.0
1219706,197000.0
1219714,155000.0
1219756,111000.0
1220007,96000.0
1220137,426000.0
1220139,347000.0
1220671,92000.0
1220690,52000.0
1220731,149000.0
1220732,90000.0
1220739,137000.0
1222082,237000.0
1222084,74000.0
1222087,410000.0
1222182,179000.0
1222183,131000.0
1222194,217000.0
1222252,160000.0
1223720,129000.0
1223812,133000.0
1223816,298000.0
1223827,196000.0
1223836,263000.0
1223838,109000.0
1223841,90000.0
1223860,270000.0
1223861,173000.0
1223863,152000.0
1223867,200000.0
1223875,120000.0
1223892,206000.0
1223897,203000.0
1224003,96000.0
1224006,112000.0
1224010,152000.0
1224014,78000.0
1224033,171000.0
1224068,147000.0
1224071,80000.0
1224121,164000.0
1224146,133000.0
1224153,103000.0
1224653,161000.0
1224668,112000.0
1224776,143000.0
1224788,211000.0
1225148,429000.0
1225155,167000.0
1225157,277000.0
1225159,327000.0
1225238,201000.0
1225323,188000.0
1225362,132000.0
1225363,140000.0
1225376,250000.0
1225378,118000.0
1225818,77000.0
1226392,103000.0
1226394,88000.0
1226516,157000.0
1226517,134000.0
1226741,156000.0
1226743,129000.0
1226745,96000.0
1226748,174000.0
1226749,136000.0
1226782,107000.0
1226789,83000.0
1226799,90000.0
1226860,86000.0
1226867,204000.0
1226963,135000.0
1227068,199000.0
1227072,438000.0
1227075,110000.0
1227080,202000.0
1227083,202000.0
1227087,153000.0
1227113,101000.0
1227115,156000.0
1227127,78000.0
1227165,147000.0
1227292,88000.0
1227294,188000.0
1227296,174000.0
1227675,519000.0
1227679,203000.0
1227680,204000.0
1227687,240000.0
1227690,214000.0
1227707,136000.0
1227708,133000.0
1227709,201000.0
1227720,255000.0
1227815,184000.0
1227857,577000.0
1227859,401000.0
1227865,230000.0
1227902,131000.0
1227904,89000.0
1227921,402000.0
1227928,130000.0
1227948,267000.0
1227951,434000.0
1228096,125000.0
1228098,127000.0
1228597,350000.0
1228622,204000.0
1228630,157000.0
1228639,191000.0
1228640,142000.0
1228821,130000.0
1228828,277000.0
1228829,346000.0
1228966,356000.0
1228972,399000.0
1228973,836000.0
1228974,1347000.0
1228985,431000.0
1229013,257000.0
1229016,114000.0
1229018,182000.0
1229020,311000.0
1229022,182000.0
1229028,130000.0
1229030,131000.0
1229031,192000.0
1229038,190000.0
1229176,586000.0
1229188,308000.0
1229190,945000.0
1229201,179000.0
1229212,135000.0
1229218,133000.0
1229220,171000.0
1229224,152000.0
1229225,131000.0
1229462,441000.0
1229540,155000.0
1229541,143000.0
1229591,157000.0
1229597,187000.0
1229598,187000.0
1230015,94000.0
1230020,92000.0
1230030,102000.0
1230031,85000.0
1230037,86000.0
1230038,165000.0
1230039,76000.0
1230040,144000.0
1230045,61000.0
1230070,70000.0
1231407,225000.0
1231410,222000.0
1231549,292000.0
1231551,202000.0
1231558,72000.0
1231661,113000.0
1231688,193000.0
1231696,271000.0
1231704,111000.0
1231710,152000.0
1231711,79000.0
1231719,150000.0
1231753,103000.0
1231846,654000.0
1231908,98000.0
1231938,114000.0
1231982,220000.0
1232000,123000.0
1232001,123000.0
1232002,123000.0
1232475,301000.0
1232477,174000.0
1232484,67000.0
1232490,103000.0
1232637,80000.0
1232646,91000.0
1232662,97000.0
1233033,104000.0
1233038,96000.0
1233250,386000.0
1233263,155000.0
1233265,274000.0
1233268,188000.0
1233307,155000.0
1233314,120000.0
1233329,388000.0
1233345,266000.0
1233349,122000.0
1233447,85000.0
1233450,86000.0
1233453,85000.0
1233462,86000.0
1233465,115000.0
1233471,42000.0
1233474,108000.0
1233479,109000.0
1233487,113000.0
1233488,131000.0
1233490,111000.0
1233493,106000.0
1233495,99000.0
1233497,103000.0
1233542,68000.0
1233552,76000.0
1233557,162000.0
1233567,94000.0
1233568,136000.0
1233569,139000.0
1233683,268000.0
1233764,871000.0
1233861,115000.0
1233877,78000.0
1233987,330000.0
1233989,141000.0
1234069,137000.0
1234103,187000.0
1234104,192000.0
1234343,706000.0
1234348,100000.0
1234349,99000.0
1234495,485000.0
1234496,168000.0
1234497,156000.0
1234499,162000.0
1234515,130000.0
1234516,239000.0
1234528,210000.0
1234612,323000.0
1234760,73000.0
1234763,93000.0
1234766,160000.0
1234772,175000.0
1234818,120000.0
1235137,474000.0
1235157,120000.0
1235163,413000.0
1235168,251000.0
1235169,251000.0
1235170,251000.0
1235228,394000.0
1235244,394000.0
1235266,509000.0
1235290,1016000.0
1235294,864000.0
1235303,145000.0
1235312,115000.0
1235314,435000.0
1235337,396000.0
1235354,306000.0
1235360,734000.0
1235386,1077000.0
1235538,352000.0
1235542,424000.0
1235546,430000.0
1235552,709000.0
1235662,1347000.0
1235678,59000.0
1235679,176000.0
1235688,129000.0
1235689,129000.0
1235741,207000.0
1235742,165000.0
1235744,202000.0
1235745,206000.0
1235746,207000.0
1235747,206000.0
1235786,635000.0
1235796,366000.0
1235824,574000.0
1235825,1030000.0
1235874,440000.0
1235885,687000.0
1235886,688000.0
1235887,291000.0
1235916,704000.0
1235996,192000.0
1235997,160000.0
1236001,646000.0
1236007,770000.0
1236009,783000.0
1236010,805000.0
1236082,88000.0
1236126,96000.0
1236137,124000.0
1236150,131000.0
1236152,153000.0
1236160,276000.0
1236162,854000.0
1236183,168000.0
1236186,110000.0
1236189,114000.0
1236201,107000.0
1236353,173000.0
1236355,164000.0
1236463,100000.0
1236479,108000.0
1236480,106000.0
1236822,90000.0
1236911,519000.0
1236986,164000.0
1236991,210000.0
1236993,164000.0
1237029,170000.0
1237033,115000.0
1237049,101000.0
1237051,212000.0
1237164,102000.0
1237170,272000.0
1237492,53000.0
1237495,99000.0
1237545,86000.0
1237979,231000.0
1237998,177000.0
1238015,144000.0
1238100,135000.0
1238115,156000.0
1238129,439000.0
1238182,97000.0
1238190,114000.0
1238195,367000.0
1238198,177000.0
1238207,137000.0
1238213,145000.0
1238216,207000.0
1238226,137000.0
1238229,342000.0
1238231,279000.0
1238232,289000.0
1238237,176000.0
1238241,157000.0
1238242,204000.0
1238244,171000.0
1238245,188000.0
1238258,78000.0
1238259,292000.0
1238261,192000.0
1238263,336000.0
1238264,201000.0
1238384,118000.0
1238386,212000.0
1238419,205000.0
1238422,199000.0
1238435,174000.0
1238439,534000.0
1238572,287000.0
1238582,274000.0
1238589,146000.0
1238614,100000.0
1238793,180000.0
1238800,460000.0
1238802,369000.0
1238807,269000.0
1238812,114000.0
1238813,193000.0
1238814,84000.0
1238827,158000.0
1238834,218000.0
1238964,210000.0
1238965,182000.0
1239003,203000.0
1239006,404000.0
1239029,238000.0
1239054,251000.0
1239062,228000.0
1239067,222000.0
1239078,198000.0
1239100,215000.0
1239106,157000.0
1239112,180000.0
1239158,216000.0
1239160,148000.0
1239161,137000.0
1239162,122000.0
1239239,199000.0
1239260,285000.0
1239261,270000.0
1239271,199000.0
1239276,381000.0
1239278,204000.0
1239294,147000.0
1239313,217000.0
1239402,374000.0
1239482,132000.0
1239483,132000.0
1239484,132000.0
1239485,132000.0
1239490,169000.0
1239519,230000.0
1239527,120000.0
1239532,180000.0
1239533,210000.0
1239534,155000.0
1239535,212000.0
1239537,215000.0
1239558,114000.0
1239566,96000.0
1239568,285000.0
1239577,127000.0
1239578,84000.0
1239585,131000.0
1239589,141000.0
1239598,142000.0
1239601,774000.0
1239963,192000.0
1239978,1234000.0
1239994,623000.0
1240122,910000.0
1240137,1209000.0
1240202,141000.0
1240229,147000.0
1240235,527000.0
1240281,175000.0
1240283,470000.0
1240338,74000.0
1240418,76000.0
1240441,480000.0
1240442,190000.0
1240444,300000.0
1240448,532000.0
1240464,615000.0
1240465,122000.0
1240498,176000.0
1240504,75000.0
1240505,145000.0
1240516,112000.0
1240535,91000.0
1240539,87000.0
1240540,79000.0
1240617,131000.0
1240649,114000.0
1240720,86000.0
1240728,76000.0
1240735,68000.0
1240736,76000.0
1240977,91000.0
1240979,81000.0
1241045,64000.0
1241069,76000.0
1241079,402000.0
1241087,77000.0
1241091,123000.0
1241093,81000.0
1241095,228000.0
1241101,123000.0
1241103,78000.0
1241115,97000.0
1241117,123000.0
1241128,97000.0
1241130,755000.0
1241139,189000.0
1241151,95000.0
1241289,63000.0
1241295,87000.0
1241453,125000.0
1241454,100000.0
1241459,106000.0
1241460,86000.0
1241478,113000.0
1241488,77000.0
1241744,112000.0
1241746,82000.0
1241753,112000.0
1241756,100000.0
1241757,104000.0
1241760,87000.0
1241761,88000.0
1241764,97000.0
1241795,162000.0
1241796,116000.0
1241798,78000.0
1241803,78000.0
1241804,84000.0
1241807,78000.0
1241810,67000.0
1241813,78000.0
1241826,111000.0
1241833,85000.0
1241834,93000.0
1241837,89000.0
1241842,104000.0
1241843,122000.0
1241897,102000.0
1241913,70000.0
1241975,96000.0
1241978,144000.0
1241980,73000.0
1241981,92000.0
1241983,65000.0
1242077,107000.0
1242080,87000.0
1242082,265000.0
1242090,88000.0
1242092,56000.0
1242118,128000.0
1242119,208000.0
1242131,82000.0
1242132,56000.0
1242135,71000.0
1242139,86000.0
70723,20000.0
71009,58000.0
71030,18000.0
71670,19000.0
71671,14000.0
71694,22000.0
71697,22000.0
71717,22000.0
71727,20000.0
71785,21000.0
72264,387000.0
72276,20000.0
72325,22000.0
72326,26000.0
72327,18000.0
72548,55000.0
72571,29000.0
72713,23000.0
696861,25000.0
696875,9000.0
696882,126000.0
