id,price
264893,828000.0
264899,158000.0
264910,391000.0
264915,123000.0
264919,59000.0
264928,142000.0
264932,115000.0
264935,151000.0
264939,719000.0
264944,135000.0
264954,140000.0
264955,140000.0
264969,659000.0
264978,141000.0
264983,99000.0
264984,68000.0
264985,97000.0
265031,184000.0
265032,162000.0
265058,237000.0
265066,308000.0
265068,109000.0
265069,728000.0
265070,110000.0
265077,123000.0
265090,594000.0
265094,326000.0
265101,142000.0
265102,127000.0
265105,165000.0
265106,127000.0
265108,125000.0
265115,140000.0
265147,59000.0
265152,154000.0
265153,183000.0
265170,570000.0
265176,74000.0
265187,395000.0
265189,94000.0
265198,624000.0
265225,107000.0
265233,148000.0
265237,344000.0
265253,281000.0
265280,269000.0
265287,257000.0
265293,124000.0
265296,201000.0
265307,321000.0
265308,252000.0
265312,238000.0
265313,146000.0
265314,263000.0
265315,193000.0
265320,159000.0
265333,211000.0
265346,159000.0
265351,226000.0
265356,126000.0
265357,109000.0
265358,112000.0
265363,315000.0
265369,92000.0
265372,208000.0
265402,256000.0
265406,179000.0
265420,266000.0
265436,208000.0
265438,211000.0
265442,179000.0
265449,179000.0
265452,211000.0
265455,163000.0
265461,618000.0
265465,175000.0
265481,134000.0
265488,76000.0
265501,100000.0
265514,227000.0
265515,126000.0
265516,115000.0
265517,294000.0
265526,210000.0
265533,267000.0
265539,187000.0
265543,127000.0
265544,133000.0
265556,155000.0
265559,256000.0
265561,456000.0
265584,223000.0
265586,146000.0
265587,149000.0
265588,229000.0
265593,363000.0
265596,360000.0
265607,210000.0
265608,216000.0
265610,169000.0
265613,320000.0
265653,237000.0
265663,230000.0
265669,260000.0
265675,156000.0
265699,347000.0
265701,207000.0
265703,219000.0
265704,219000.0
265743,219000.0
265748,123000.0
265759,117000.0
265795,261000.0
265797,249000.0
265805,312000.0
265806,137000.0
265810,136000.0
265819,161000.0
265820,386000.0
265833,218000.0
265834,103000.0
265843,584000.0
265851,613000.0
265862,661000.0
265864,821000.0
265869,409000.0
265887,569000.0
265907,536000.0
265913,1034000.0
265921,124000.0
265923,380000.0
265925,699000.0
265957,309000.0
265958,1064000.0
265960,216000.0
265963,141000.0
265969,935000.0
266004,734000.0
266028,85000.0
266029,874000.0
266032,948000.0
266034,465000.0
266055,990000.0
266075,813000.0
266077,813000.0
266080,309000.0
266093,901000.0
266094,947000.0
266100,606000.0
266116,603000.0
266129,470000.0
266144,450000.0
266160,805000.0
266165,506000.0
266196,265000.0
266199,338000.0
266202,211000.0
266210,275000.0
266211,497000.0
266213,331000.0
266218,230000.0
266219,279000.0
266220,386000.0
266234,314000.0
266241,193000.0
266248,238000.0
266251,439000.0
266256,466000.0
266259,350000.0
266274,258000.0
266275,624000.0
266276,552000.0
266279,264000.0
266280,493000.0
266281,424000.0
266299,436000.0
266300,304000.0
266305,84000.0
266314,669000.0
266315,726000.0
266329,84000.0
266332,164000.0
266350,180000.0
266368,214000.0
266375,304000.0
266381,240000.0
266382,180000.0
266393,106000.0
266394,226000.0
266402,104000.0
266406,176000.0
266423,201000.0
266424,86000.0
266438,203000.0
266454,145000.0
266463,141000.0
266465,144000.0
266479,215000.0
266480,228000.0
266485,174000.0
266486,156000.0
266496,272000.0
266508,540000.0
266510,112000.0
266511,273000.0
266512,181000.0
266514,193000.0
266517,321000.0
266539,161000.0
266542,373000.0
266545,80000.0
266548,349000.0
266550,276000.0
266556,246000.0
266559,292000.0
266565,114000.0
266568,346000.0
266569,169000.0
266575,261000.0
266580,219000.0
266581,177000.0
266582,244000.0
266583,168000.0
266602,448000.0
266606,323000.0
266618,296000.0
266619,372000.0
266620,165000.0
266624,164000.0
266626,355000.0
266662,126000.0
266667,338000.0
266668,362000.0
266677,717000.0
266681,439000.0
266682,566000.0
266690,291000.0
266694,319000.0
266695,319000.0
266698,679000.0
266699,377000.0
266727,414000.0
266729,566000.0
266731,463000.0
266732,551000.0
266740,866000.0
266744,394000.0
266748,363000.0
266768,175000.0
266770,712000.0
266771,604000.0
266778,479000.0
266779,902000.0
266781,296000.0
266785,691000.0
266809,441000.0
266819,336000.0
266821,373000.0
266824,200000.0
266830,609000.0
266831,758000.0
266845,340000.0
266846,450000.0
266847,457000.0
266851,340000.0
266858,160000.0
266859,482000.0
266862,587000.0
266863,299000.0
266864,634000.0
266872,213000.0
266875,370000.0
266877,848000.0
266882,448000.0
266883,148000.0
266886,387000.0
266918,144000.0
266919,1033000.0
266920,318000.0
266953,439000.0
266954,346000.0
266955,521000.0
266957,375000.0
266965,618000.0
266966,451000.0
266969,232000.0
266984,340000.0
266989,1186000.0
266990,312000.0
267015,259000.0
267016,259000.0
267017,259000.0
267018,115000.0
267019,307000.0
267020,307000.0
267025,521000.0
267028,817000.0
267041,307000.0
267054,259000.0
267082,114000.0
267084,402000.0
267085,306000.0
267103,236000.0
267104,98000.0
267106,194000.0
267113,180000.0
267126,143000.0
267128,129000.0
267131,204000.0
267138,121000.0
267147,140000.0
267153,193000.0
267154,123000.0
267171,135000.0
267173,124000.0
267188,133000.0
267198,135000.0
267199,136000.0
267218,281000.0
267220,213000.0
267221,157000.0
267245,280000.0
267247,153000.0
267248,203000.0
267249,200000.0
267253,198000.0
267269,291000.0
267271,222000.0
267274,313000.0
267281,226000.0
267303,241000.0
267305,243000.0
267306,213000.0
267307,153000.0
267309,222000.0
267311,229000.0
267312,252000.0
267315,373000.0
267331,189000.0
267338,205000.0
267342,154000.0
267344,164000.0
267346,308000.0
267366,188000.0
267369,181000.0
267371,136000.0
267375,146000.0
267376,149000.0
267379,138000.0
267381,264000.0
267382,263000.0
267407,177000.0
267422,178000.0
267424,213000.0
267428,240000.0
267431,168000.0
267434,142000.0
267437,182000.0
267438,167000.0
267439,168000.0
267440,214000.0
267441,226000.0
267443,200000.0
267460,586000.0
267463,1052000.0
267494,1100000.0
267510,342000.0
267515,391000.0
267520,375000.0
267522,612000.0
267523,705000.0
267524,428000.0
267544,270000.0
267546,282000.0
267551,396000.0
267553,451000.0
267563,335000.0
267584,637000.0
267585,462000.0
267587,395000.0
267598,357000.0
267602,237000.0
267614,511000.0
267617,779000.0
267619,914000.0
267620,442000.0
267623,460000.0
267627,187000.0
267633,150000.0
267644,348000.0
267667,122000.0
267738,139000.0
267740,130000.0
267743,129000.0
267778,159000.0
267779,203000.0
267799,178000.0
267800,211000.0
267814,1075000.0
267816,189000.0
267833,203000.0
267834,125000.0
267836,116000.0
267847,132000.0
267858,289000.0
267891,374000.0
267896,585000.0
267899,145000.0
267900,119000.0
267902,647000.0
267908,703000.0
267924,340000.0
267933,146000.0
267936,703000.0
267939,287000.0
267941,435000.0
267942,318000.0
267967,107000.0
267970,143000.0
267980,121000.0
267990,146000.0
267992,340000.0
267994,420000.0
267995,76000.0
267999,194000.0
268003,435000.0
268020,206000.0
268033,246000.0
268041,170000.0
268056,152000.0
268067,249000.0
268070,95000.0
268071,546000.0
268121,303000.0
268144,213000.0
268145,332000.0
268147,115000.0
268149,149000.0
268150,115000.0
268157,196000.0
268159,337000.0
268161,690000.0
268175,236000.0
268189,228000.0
268208,175000.0
308905,174000.0
312310,624000.0
312331,482000.0
695165,831000.0
695166,230000.0
695170,316000.0
695176,314000.0
695178,257000.0
695181,214000.0
695183,391000.0
695185,153000.0
695196,301000.0
695203,221000.0
695205,210000.0
695207,225000.0
695236,304000.0
695238,187000.0
695252,183000.0
695257,311000.0
713635,318000.0
714108,169000.0
714284,206000.0
714645,493000.0
714753,538000.0
714863,964000.0
714924,532000.0
715132,187000.0
715405,218000.0
715433,676000.0
715694,350000.0
715746,160000.0
715898,227000.0
715902,255000.0
715996,580000.0
716065,315000.0
716097,983000.0
716329,212000.0
716360,389000.0
716377,403000.0
716484,268000.0
716541,315000.0
716634,314000.0
716888,588000.0
717017,410000.0
717109,261000.0
717307,436000.0
717459,304000.0
717524,309000.0
717568,205000.0
717688,258000.0
717690,1069000.0
717797,350000.0
717829,270000.0
717945,894000.0
717983,626000.0
718276,734000.0
718584,1218000.0
718617,183000.0
718717,277000.0
718867,384000.0
718943,508000.0
718997,373000.0
719116,177000.0
719132,421000.0
719287,237000.0
719579,525000.0
719846,211000.0
719893,268000.0
720041,300000.0
720088,301000.0
720180,258000.0
720249,113000.0
720261,327000.0
720293,384000.0
720364,242000.0
720455,338000.0
720564,224000.0
720679,275000.0
720725,140000.0
720817,290000.0
720854,434000.0
720920,136000.0
721130,240000.0
721266,207000.0
721531,181000.0
721844,153000.0
721882,469000.0
722050,176000.0
722151,197000.0
722225,1015000.0
722264,264000.0
722516,467000.0
722520,199000.0
722594,305000.0
722649,192000.0
722769,150000.0
724397,280000.0
724457,251000.0
724486,314000.0
724488,736000.0
724574,425000.0
724620,546000.0
724674,289000.0
724767,724000.0
724786,432000.0
724908,484000.0
725124,240000.0
725211,295000.0
725280,187000.0
725364,332000.0
725393,303000.0
725425,278000.0
725455,327000.0
725547,456000.0
725814,256000.0
725829,219000.0
725999,731000.0
726088,284000.0
726214,290000.0
726348,251000.0
726542,335000.0
726620,289000.0
726910,334000.0
727068,475000.0
727229,138000.0
727458,468000.0
727699,397000.0
728077,103000.0
728089,400000.0
728272,298000.0
728553,572000.0
728592,219000.0
728640,314000.0
728663,197000.0
729105,209000.0
729267,212000.0
729622,251000.0
730128,160000.0
730298,162000.0
730619,157000.0
730712,361000.0
731061,182000.0
731131,221000.0
731142,468000.0
731240,220000.0
731527,172000.0
731655,294000.0
731841,320000.0
731925,180000.0
732382,200000.0
732568,233000.0
732810,298000.0
732969,190000.0
733029,345000.0
733077,773000.0
733091,523000.0
733208,172000.0
733226,192000.0
733230,282000.0
733238,284000.0
733347,358000.0
733542,305000.0
734153,131000.0
734154,245000.0
734176,530000.0
734212,383000.0
734217,377000.0
734258,356000.0
734334,405000.0
734397,301000.0
734666,173000.0
734674,295000.0
734675,315000.0
734724,751000.0
734919,308000.0
735058,396000.0
735319,366000.0
735691,348000.0
735730,604000.0
735875,270000.0
736019,170000.0
736274,164000.0
736752,305000.0
736842,178000.0
736845,693000.0
736880,315000.0
737208,325000.0
737501,360000.0
737652,403000.0
737722,1072000.0
738039,346000.0
738057,330000.0
738082,406000.0
738665,274000.0
738841,287000.0
739007,191000.0
739075,170000.0
739255,541000.0
739492,279000.0
740378,635000.0
740535,89000.0
741340,401000.0
741408,176000.0
741684,219000.0
742269,331000.0
742430,349000.0
742608,569000.0
742744,273000.0
742791,243000.0
742826,246000.0
742881,205000.0
742899,218000.0
743231,313000.0
743527,563000.0
743534,303000.0
743562,172000.0
743664,349000.0
743926,570000.0
744027,324000.0
744337,354000.0
744508,183000.0
744690,157000.0
745006,236000.0
745047,183000.0
745193,342000.0
745245,184000.0
745515,242000.0
746017,535000.0
746053,147000.0
746265,693000.0
746355,697000.0
746375,162000.0
746382,297000.0
746483,179000.0
746772,155000.0
746949,229000.0
746954,211000.0
746984,145000.0
748310,364000.0
748476,306000.0
748712,331000.0
748736,188000.0
748773,208000.0
748803,370000.0
749336,245000.0
749657,189000.0
749755,354000.0
749845,140000.0
750054,396000.0
750136,210000.0
750580,261000.0
750771,521000.0
751301,188000.0
751365,420000.0
751450,595000.0
751496,854000.0
751560,651000.0
751799,363000.0
751846,127000.0
751847,175000.0
751897,349000.0
751958,261000.0
751960,271000.0
752204,168000.0
752309,684000.0
752365,174000.0
752608,231000.0
752648,195000.0
752691,433000.0
752814,211000.0
752877,212000.0
753069,228000.0
753118,160000.0
753224,461000.0
753227,229000.0
753248,159000.0
753391,300000.0
753482,204000.0
753516,404000.0
753532,302000.0
753563,132000.0
753651,910000.0
753842,187000.0
754089,223000.0
754090,182000.0
754125,291000.0
754506,302000.0
754620,172000.0
754630,326000.0
754802,194000.0
754861,250000.0
754927,258000.0
754936,616000.0
755034,212000.0
755072,147000.0
755075,133000.0
755879,215000.0
756141,343000.0
757137,511000.0
757268,302000.0
757525,307000.0
757552,217000.0
757671,205000.0
757699,161000.0
757723,285000.0
757778,213000.0
757807,309000.0
757810,385000.0
758073,218000.0
758157,131000.0
758385,546000.0
758409,139000.0
758503,183000.0
758531,207000.0
758589,178000.0
758722,138000.0
758785,322000.0
758793,219000.0
758855,325000.0
758943,323000.0
758961,279000.0
759020,252000.0
759066,198000.0
759073,222000.0
759076,321000.0
759330,219000.0
760184,233000.0
760381,541000.0
760382,541000.0
760545,515000.0
760920,236000.0
767749,240000.0
767766,234000.0
767960,318000.0
768051,222000.0
771578,228000.0
771667,477000.0
771785,152000.0
771860,147000.0
772094,171000.0
772238,199000.0
772563,328000.0
772956,248000.0
773061,255000.0
773111,225000.0
773288,198000.0
773498,591000.0
773599,296000.0
773705,206000.0
773905,101000.0
773965,495000.0
773973,218000.0
774075,329000.0
774236,142000.0
774296,412000.0
774423,255000.0
774558,370000.0
774559,409000.0
774858,191000.0
774859,238000.0
774860,212000.0
774861,252000.0
774863,236000.0
774864,202000.0
774865,339000.0
774866,239000.0
774870,306000.0
774874,151000.0
774908,415000.0
774914,259000.0
775168,300000.0
775205,265000.0
775210,454000.0
775320,351000.0
775438,221000.0
775442,223000.0
775443,208000.0
775444,187000.0
775445,223000.0
775447,219000.0
775448,186000.0
775554,252000.0
775555,153000.0
775586,296000.0
775612,306000.0
775729,143000.0
775785,163000.0
775911,221000.0
776126,154000.0
776220,589000.0
776281,259000.0
776537,563000.0
776718,213000.0
776786,225000.0
777092,455000.0
777265,220000.0
777365,458000.0
777442,210000.0
777610,538000.0
777612,175000.0
777763,260000.0
777818,320000.0
778020,245000.0
792324,538000.0
792630,166000.0
792713,106000.0
792725,252000.0
792887,302000.0
792939,689000.0
793005,202000.0
793008,315000.0
793066,284000.0
793127,320000.0
793161,178000.0
793409,214000.0
793475,279000.0
793537,430000.0
793642,226000.0
793661,272000.0
793768,333000.0
793977,857000.0
793978,254000.0
794009,523000.0
794521,157000.0
794522,213000.0
794646,181000.0
794657,237000.0
794681,335000.0
794957,311000.0
795043,147000.0
795214,174000.0
795458,190000.0
795504,370000.0
795614,217000.0
795689,319000.0
795690,350000.0
795749,365000.0
795780,312000.0
796046,445000.0
796093,146000.0
796230,400000.0
796239,469000.0
796407,872000.0
796414,295000.0
796526,212000.0
796611,225000.0
796612,236000.0
796693,175000.0
796941,278000.0
797000,343000.0
797301,338000.0
797320,315000.0
797501,265000.0
797556,364000.0
797602,220000.0
797607,220000.0
797650,217000.0
797759,707000.0
797840,293000.0
797920,157000.0
797955,118000.0
797986,160000.0
798122,387000.0
798154,518000.0
799016,197000.0
799634,261000.0
799788,544000.0
800114,246000.0
800138,307000.0
800424,120000.0
800449,597000.0
800510,520000.0
800532,238000.0
800541,264000.0
800609,284000.0
800668,245000.0
800744,395000.0
800866,294000.0
800903,513000.0
800916,365000.0
801752,277000.0
801804,227000.0
801847,622000.0
801858,193000.0
802128,486000.0
802258,204000.0
802295,264000.0
802341,251000.0
802386,800000.0
802424,176000.0
802445,201000.0
802668,275000.0
802700,210000.0
802704,277000.0
802728,448000.0
802910,196000.0
803292,455000.0
803311,84000.0
803329,181000.0
803374,294000.0
803536,410000.0
803639,419000.0
804024,256000.0
804212,650000.0
804231,240000.0
804291,723000.0
804531,130000.0
804598,220000.0
804627,153000.0
804631,147000.0
804637,392000.0
804655,200000.0
804744,221000.0
804766,181000.0
804807,130000.0
805014,724000.0
805098,677000.0
805194,499000.0
805373,497000.0
805394,263000.0
805486,195000.0
805500,441000.0
805630,170000.0
805757,260000.0
806068,525000.0
806144,143000.0
806361,207000.0
806422,331000.0
806448,317000.0
806622,226000.0
806748,183000.0
806977,486000.0
806994,485000.0
807158,199000.0
807182,219000.0
807185,218000.0
807247,92000.0
807280,363000.0
807366,217000.0
807797,208000.0
808029,302000.0
808116,323000.0
808193,669000.0
808317,249000.0
808398,187000.0
808402,317000.0
808665,230000.0
808694,130000.0
809040,261000.0
809598,314000.0
809658,188000.0
810178,147000.0
810217,327000.0
810247,208000.0
810250,163000.0
810315,348000.0
810593,762000.0
810694,191000.0
810750,178000.0
810752,415000.0
810823,534000.0
811013,851000.0
811014,886000.0
811029,796000.0
811033,345000.0
811079,175000.0
811149,551000.0
811154,177000.0
811318,266000.0
811572,444000.0
811752,200000.0
811825,170000.0
811863,602000.0
811890,190000.0
812013,175000.0
812020,207000.0
812190,172000.0
812277,299000.0
812281,409000.0
812496,527000.0
813366,231000.0
813513,219000.0
813541,180000.0
813723,755000.0
813854,366000.0
813900,1260000.0
813905,467000.0
813991,200000.0
814439,119000.0
814562,792000.0
814741,207000.0
814748,171000.0
814792,190000.0
814808,135000.0
814955,310000.0
815240,313000.0
815395,540000.0
815501,165000.0
815512,224000.0
815573,419000.0
815588,248000.0
815670,483000.0
815688,295000.0
815690,289000.0
815696,477000.0
815763,238000.0
815988,320000.0
816064,348000.0
816242,444000.0
816290,406000.0
816334,436000.0
816744,248000.0
816890,195000.0
816995,132000.0
816999,278000.0
817070,246000.0
817184,999000.0
817220,248000.0
817222,258000.0
817335,346000.0
817398,156000.0
817401,718000.0
817469,617000.0
817478,840000.0
817485,514000.0
849254,559000.0
849335,397000.0
849583,455000.0
849628,305000.0
849715,713000.0
849938,529000.0
850070,292000.0
850071,274000.0
850074,580000.0
850143,182000.0
850650,504000.0
850688,202000.0
850706,175000.0
851200,241000.0
851362,507000.0
851404,776000.0
851791,287000.0
851810,317000.0
851844,278000.0
851885,390000.0
851929,390000.0
852009,201000.0
852060,665000.0
852108,575000.0
852166,180000.0
852210,654000.0
852356,193000.0
852727,399000.0
852786,170000.0
852794,175000.0
852798,282000.0
852811,237000.0
852983,267000.0
853152,323000.0
853212,339000.0
853308,246000.0
853360,309000.0
853400,334000.0
853448,176000.0
853547,487000.0
853738,258000.0
853999,160000.0
854058,178000.0
854206,513000.0
854316,476000.0
854372,957000.0
854548,327000.0
854627,459000.0
854717,776000.0
854804,433000.0
854850,294000.0
855254,507000.0
855290,267000.0
855591,483000.0
855835,519000.0
856006,416000.0
856174,182000.0
856192,274000.0
856247,384000.0
856511,766000.0
856637,306000.0
856638,243000.0
856646,257000.0
856699,664000.0
856869,316000.0
856903,509000.0
857014,479000.0
857021,274000.0
857337,125000.0
857466,312000.0
857561,463000.0
857715,368000.0
857930,650000.0
857933,642000.0
857984,141000.0
858020,150000.0
858115,211000.0
858187,416000.0
858284,283000.0
858313,172000.0
858343,184000.0
858367,433000.0
858368,206000.0
858391,406000.0
858467,176000.0
858620,301000.0
858789,424000.0
858910,247000.0
858923,441000.0
858925,169000.0
859089,208000.0
859208,449000.0
859213,281000.0
859448,374000.0
859735,343000.0
859737,209000.0
859952,275000.0
860006,275000.0
860132,177000.0
860301,128000.0
860323,130000.0
860335,219000.0
860364,117000.0
860502,532000.0
860548,634000.0
860582,439000.0
860748,448000.0
860775,469000.0
860948,393000.0
861031,715000.0
861333,153000.0
861384,253000.0
861474,294000.0
861714,293000.0
861731,319000.0
861732,97000.0
861737,201000.0
861820,328000.0
861885,433000.0
862030,310000.0
862188,209000.0
862261,183000.0
862281,217000.0
862618,177000.0
862788,561000.0
862799,280000.0
862968,214000.0
862970,182000.0
862972,334000.0
863013,169000.0
863030,416000.0
863134,563000.0
863308,202000.0
863598,515000.0
863775,219000.0
863870,572000.0
863876,262000.0
863878,257000.0
863962,587000.0
864003,663000.0
864031,426000.0
864076,368000.0
864259,269000.0
864264,270000.0
864392,441000.0
864413,487000.0
864696,223000.0
864957,536000.0
864967,228000.0
865059,316000.0
865088,159000.0
865172,208000.0
865294,222000.0
865295,216000.0
865397,389000.0
865837,192000.0
865915,897000.0
865988,250000.0
866170,200000.0
866219,164000.0
866221,130000.0
866233,351000.0
866670,172000.0
866690,359000.0
866710,130000.0
866832,221000.0
866953,441000.0
867179,187000.0
867437,310000.0
867463,344000.0
867734,305000.0
867910,206000.0
868080,201000.0
868188,190000.0
868288,955000.0
868374,326000.0
868833,261000.0
869107,171000.0
869128,159000.0
869129,177000.0
869138,293000.0
869231,377000.0
869299,701000.0
869366,364000.0
869499,225000.0
869632,243000.0
869658,163000.0
869693,381000.0
870083,281000.0
870420,310000.0
870666,157000.0
870737,426000.0
870738,280000.0
870742,280000.0
870773,165000.0
870921,323000.0
871140,280000.0
871143,269000.0
871239,329000.0
871264,143000.0
871783,496000.0
871887,305000.0
872186,153000.0
872351,381000.0
872453,570000.0
872615,350000.0
873114,231000.0
873126,235000.0
873173,278000.0
873306,160000.0
874035,318000.0
874087,232000.0
874106,922000.0
874111,130000.0
874132,274000.0
874172,130000.0
874299,314000.0
874301,155000.0
874678,299000.0
875005,313000.0
875040,219000.0
875084,274000.0
875343,242000.0
875373,476000.0
875694,426000.0
875715,365000.0
875883,350000.0
875956,504000.0
876188,200000.0
876243,203000.0
876248,183000.0
876298,1107000.0
876348,241000.0
876525,468000.0
876573,226000.0
876658,193000.0
876802,136000.0
877045,244000.0
877057,196000.0
877061,196000.0
877082,272000.0
877159,727000.0
877356,261000.0
877405,303000.0
877586,289000.0
877678,207000.0
877695,838000.0
877858,116000.0
877986,393000.0
877992,472000.0
877993,458000.0
877999,185000.0
878136,219000.0
878160,318000.0
878162,251000.0
878163,165000.0
878164,404000.0
878185,267000.0
878259,124000.0
878329,272000.0
878421,691000.0
878447,292000.0
878983,269000.0
879011,398000.0
879025,312000.0
879202,680000.0
879262,366000.0
879410,177000.0
879445,207000.0
879490,469000.0
879704,249000.0
879837,143000.0
879874,302000.0
879899,269000.0
879907,268000.0
880010,215000.0
880022,491000.0
880054,153000.0
880204,336000.0
880277,191000.0
880443,220000.0
880473,218000.0
880481,559000.0
880488,559000.0
880535,475000.0
880552,451000.0
880554,451000.0
880659,221000.0
880698,350000.0
880710,388000.0
880760,235000.0
880910,554000.0
881195,301000.0
881204,509000.0
881269,191000.0
881271,317000.0
881536,294000.0
881648,217000.0
881673,541000.0
881944,412000.0
882063,575000.0
882221,242000.0
882324,236000.0
882337,488000.0
882438,248000.0
882778,217000.0
882904,229000.0
882962,271000.0
883438,122000.0
883576,231000.0
883600,232000.0
883704,155000.0
883831,257000.0
884093,232000.0
884099,191000.0
884231,149000.0
884499,412000.0
884561,518000.0
884563,518000.0
884654,127000.0
917473,235000.0
917675,401000.0
917724,970000.0
918021,558000.0
918033,276000.0
918035,370000.0
918495,618000.0
918508,748000.0
918559,163000.0
918632,500000.0
918906,436000.0
918909,241000.0
918921,434000.0
919282,811000.0
919294,654000.0
919346,363000.0
919348,540000.0
919349,522000.0
919389,523000.0
919475,232000.0
919477,274000.0
919478,159000.0
919577,367000.0
919708,356000.0
919726,133000.0
919736,319000.0
919757,199000.0
919778,366000.0
919891,167000.0
919997,271000.0
920012,383000.0
920013,184000.0
920137,468000.0
920258,510000.0
920314,435000.0
920322,510000.0
922004,265000.0
922014,136000.0
922214,203000.0
922244,305000.0
1024686,336000.0
1024698,425000.0
1024801,180000.0
1025018,305000.0
1025058,232000.0
1025061,223000.0
1025080,208000.0
1025173,160000.0
1025211,232000.0
1025298,341000.0
1025315,226000.0
1025346,202000.0
1025350,530000.0
1026050,485000.0
1026150,358000.0
1026439,192000.0
1026667,191000.0
1026670,314000.0
1026853,237000.0
1026857,426000.0
1027120,278000.0
1027152,184000.0
1027154,867000.0
1027285,315000.0
1027287,240000.0
1027289,256000.0
1027304,418000.0
1027312,260000.0
1027564,231000.0
1027908,236000.0
1028089,169000.0
1028529,296000.0
1028591,129000.0
1028658,195000.0
1028708,339000.0
1028749,479000.0
1028829,460000.0
1028874,319000.0
1029454,271000.0
1029472,850000.0
1029518,194000.0
1029744,238000.0
1029859,183000.0
1030059,369000.0
1030097,180000.0
1030101,151000.0
1030123,532000.0
1030203,330000.0
1030283,137000.0
1030444,695000.0
1030455,295000.0
1030459,150000.0
1030503,308000.0
1030736,127000.0
1030804,251000.0
1030937,544000.0
1031066,343000.0
1031181,216000.0
1031311,300000.0
1031478,213000.0
1031619,78000.0
1031690,334000.0
1031854,241000.0
1031858,382000.0
1031906,286000.0
1031920,179000.0
1031942,153000.0
1032259,354000.0
1032333,91000.0
1032385,167000.0
1032393,359000.0
1032599,151000.0
1032620,328000.0
1032637,325000.0
1032669,159000.0
1032731,322000.0
1032777,236000.0
1032887,153000.0
1032923,282000.0
1032932,660000.0
1033063,242000.0
1033091,247000.0
1033395,217000.0
1033445,151000.0
1033457,473000.0
1033533,190000.0
1033712,533000.0
1033894,245000.0
1033932,228000.0
1033937,565000.0
1033988,551000.0
1033989,549000.0
1034003,239000.0
1034012,136000.0
1034047,593000.0
1034062,109000.0
1034064,149000.0
1034065,165000.0
1034066,167000.0
1034068,247000.0
1034078,432000.0
1034088,234000.0
1034300,459000.0
1034363,229000.0
1034496,177000.0
1034605,311000.0
1034670,286000.0
1034716,348000.0
1034718,251000.0
1034778,777000.0
1034779,619000.0
1034803,254000.0
1034837,224000.0
1034944,284000.0
1035106,221000.0
1035111,262000.0
1035166,467000.0
1035490,463000.0
1035494,177000.0
1035524,218000.0
1035548,183000.0
1035564,202000.0
1035605,481000.0
1035785,245000.0
1035893,429000.0
1036037,374000.0
1036072,469000.0
1036103,427000.0
1036226,502000.0
1037508,334000.0
1037509,137000.0
1037613,710000.0
1037615,471000.0
1037616,1150000.0
1037617,714000.0
1037619,702000.0
1037699,238000.0
1037850,900000.0
1037908,317000.0
1038175,377000.0
1038180,244000.0
1038183,768000.0
1038322,583000.0
1038432,282000.0
1038447,130000.0
1038448,243000.0
1038494,235000.0
1038509,261000.0
1038512,228000.0
1038516,221000.0
1038517,249000.0
1038532,255000.0
1038541,314000.0
1038551,246000.0
1038600,177000.0
1038788,223000.0
1038956,373000.0
1038957,211000.0
1039041,149000.0
1039176,338000.0
1039208,142000.0
1039427,204000.0
1039430,286000.0
1039434,133000.0
1039449,215000.0
1039523,278000.0
1039795,269000.0
1039810,691000.0
1039879,466000.0
1040038,400000.0
1040077,792000.0
1040154,150000.0
1040155,184000.0
1040245,97000.0
1040616,163000.0
1040659,373000.0
1040829,161000.0
1040841,341000.0
1041077,215000.0
1041312,220000.0
1041324,140000.0
1041354,130000.0
1041377,83000.0
1041469,174000.0
1041480,248000.0
1041501,381000.0
1041515,344000.0
1041815,146000.0
1041945,468000.0
1041997,252000.0
1042010,484000.0
1042250,275000.0
1042254,295000.0
1042365,200000.0
1042421,352000.0
1042710,178000.0
1043106,243000.0
1043116,322000.0
1043117,194000.0
1043349,122000.0
1043369,335000.0
1043413,139000.0
1043475,271000.0
1043480,188000.0
1043482,387000.0
1043492,192000.0
1043501,205000.0
1043542,310000.0
1043603,193000.0
1043620,673000.0
1043688,229000.0
1043779,278000.0
1043799,300000.0
1043891,418000.0
1043892,389000.0
1043945,947000.0
1044186,190000.0
1044193,210000.0
1044204,270000.0
1044205,270000.0
1044215,539000.0
1044236,682000.0
1044277,469000.0
1044296,648000.0
1044297,939000.0
1044356,301000.0
1044456,153000.0
1044496,503000.0
1044569,273000.0
1044700,228000.0
1044742,231000.0
1044802,290000.0
1044803,258000.0
1044813,381000.0
1044832,198000.0
1044867,276000.0
1045016,276000.0
1045148,202000.0
1045209,284000.0
1045223,548000.0
1045320,239000.0
1045323,295000.0
1045414,194000.0
1045572,579000.0
1045573,521000.0
1045595,555000.0
1045679,213000.0
1045724,547000.0
1045725,547000.0
1045730,427000.0
1045799,302000.0
1045886,358000.0
1045930,970000.0
1045955,156000.0
1045981,307000.0
1046127,201000.0
1046209,216000.0
1046212,540000.0
1046225,334000.0
1046231,288000.0
1046257,402000.0
1046283,129000.0
1046328,207000.0
1046331,149000.0
1046356,178000.0
1046430,99000.0
1046462,229000.0
1046488,214000.0
1046498,299000.0
1046576,158000.0
1046593,559000.0
1046597,270000.0
1046633,319000.0
1046719,502000.0
1046832,151000.0
1046844,559000.0
1046861,192000.0
1046862,192000.0
1046875,216000.0
1046947,369000.0
1046952,327000.0
1046992,199000.0
1047083,156000.0
1047115,259000.0
1047118,499000.0
1047172,305000.0
1047190,242000.0
1047193,196000.0
1047257,180000.0
1047273,214000.0
1047480,301000.0
1047498,213000.0
1047543,706000.0
1047617,177000.0
1047712,194000.0
1047901,255000.0
1047986,290000.0
1048124,131000.0
1048181,207000.0
1048203,267000.0
1048241,148000.0
1048292,363000.0
1048310,240000.0
1048513,285000.0
1048631,147000.0
1049174,124000.0
1049242,857000.0
1049249,675000.0
1049252,194000.0
1049305,150000.0
1049306,147000.0
1049317,226000.0
1049322,610000.0
1049326,172000.0
1049334,524000.0
1049336,309000.0
1049377,184000.0
1049418,233000.0
1049447,159000.0
1049476,377000.0
1049480,431000.0
1049490,466000.0
1049498,185000.0
1049499,307000.0
1049504,357000.0
1049505,191000.0
1049521,144000.0
1049551,429000.0
1049557,235000.0
1049586,316000.0
1049673,248000.0
1049674,484000.0
1049684,370000.0
1049721,426000.0
1049728,190000.0
1049744,117000.0
1049769,366000.0
1049783,226000.0
1049881,405000.0
1049888,380000.0
1049902,684000.0
1049929,209000.0
1050083,462000.0
1050117,452000.0
1050132,389000.0
1050134,478000.0
1050140,314000.0
1050208,226000.0
1050240,246000.0
1050279,485000.0
1050338,143000.0
1050362,217000.0
1050433,453000.0
1050457,575000.0
1050501,573000.0
1050574,209000.0
1050594,440000.0
1050656,233000.0
1050862,386000.0
1050863,380000.0
1050909,387000.0
1050939,419000.0
1050946,221000.0
1050995,387000.0
1051015,122000.0
1051038,146000.0
1051097,374000.0
1051130,306000.0
1051148,646000.0
1051151,656000.0
1051239,348000.0
1051244,443000.0
1051288,227000.0
1051313,224000.0
1051314,221000.0
1051354,212000.0
1051440,151000.0
1051504,156000.0
1051585,147000.0
1051651,276000.0
1051887,225000.0
1051929,696000.0
1052048,243000.0
1052213,510000.0
1052363,160000.0
1052422,569000.0
1052438,369000.0
1052484,202000.0
1052505,422000.0
1052581,283000.0
1052622,163000.0
1052708,204000.0
1052827,452000.0
1052838,152000.0
1052871,744000.0
1052891,188000.0
1053088,167000.0
1053226,586000.0
1053352,551000.0
1053730,549000.0
1053935,183000.0
1054083,549000.0
1054093,261000.0
1054179,198000.0
1054262,163000.0
1054334,305000.0
1054358,131000.0
1054564,220000.0
1054624,315000.0
1054633,321000.0
1054796,285000.0
1054801,209000.0
1054937,729000.0
1054961,191000.0
1055035,211000.0
1055041,374000.0
1055092,312000.0
1055135,92000.0
1055232,557000.0
1055233,144000.0
1055361,509000.0
1055407,226000.0
1055408,247000.0
1055462,853000.0
1055471,342000.0
1055681,335000.0
1055727,486000.0
1055783,668000.0
1055884,409000.0
1055885,409000.0
1055936,145000.0
1055950,331000.0
1055976,241000.0
1056019,420000.0
1056287,237000.0
1056414,84000.0
1056599,527000.0
1056744,328000.0
1056825,203000.0
1056826,503000.0
1056908,323000.0
1056914,193000.0
1056944,432000.0
1057065,189000.0
1057090,337000.0
1057091,312000.0
1057148,225000.0
1057149,225000.0
1057150,225000.0
1057151,225000.0
1057152,225000.0
1057153,225000.0
1057234,328000.0
1057297,237000.0
1057375,214000.0
1057507,183000.0
1057887,322000.0
1057947,279000.0
1057950,159000.0
1057955,260000.0
1057965,285000.0
1058044,272000.0
1058078,253000.0
1058101,214000.0
1058176,444000.0
1058333,195000.0
1058334,219000.0
1058599,483000.0
1058796,324000.0
1058801,231000.0
1058802,486000.0
1058822,144000.0
1058928,173000.0
1058931,582000.0
1059002,214000.0
1059048,518000.0
1059114,957000.0
1059119,187000.0
1059129,260000.0
1059188,317000.0
1059376,203000.0
1059388,600000.0
1059539,302000.0
1059545,194000.0
1059547,162000.0
1059555,254000.0
1059586,285000.0
1059624,187000.0
1059665,235000.0
1059675,199000.0
1059677,194000.0
1059748,176000.0
1059846,683000.0
1059865,212000.0
1059892,201000.0
1059967,363000.0
1059984,327000.0
1059989,281000.0
1060018,183000.0
1060098,191000.0
1060175,306000.0
1060194,178000.0
1060278,641000.0
1060355,496000.0
1060363,483000.0
1060389,342000.0
1060551,245000.0
1060564,241000.0
1060584,220000.0
1060585,218000.0
1060754,304000.0
1060785,345000.0
1060795,370000.0
1060797,496000.0
1060800,220000.0
1060854,340000.0
1060907,138000.0
1060916,247000.0
1060943,160000.0
1060944,237000.0
1061025,378000.0
1061064,147000.0
1061103,637000.0
1061329,575000.0
1061352,400000.0
1061419,144000.0
1061472,289000.0
1061474,483000.0
1061489,295000.0
1061521,157000.0
1061613,191000.0
1061628,124000.0
1061716,435000.0
1061773,643000.0
1061906,233000.0
1061981,270000.0
1062059,254000.0
1062062,411000.0
1062154,212000.0
1062179,144000.0
1062215,124000.0
1062231,169000.0
1062234,366000.0
1062235,366000.0
1062237,129000.0
1150057,215000.0
1150061,330000.0
1150062,157000.0
1150302,347000.0
1150304,327000.0
1150307,250000.0
1150308,210000.0
1150312,224000.0
1150313,268000.0
1150315,341000.0
1150318,321000.0
1150709,472000.0
1150711,661000.0
1150714,452000.0
1150716,640000.0
1150721,420000.0
1150722,447000.0
1150723,614000.0
1150727,474000.0
1150729,743000.0
1150732,723000.0
1150733,530000.0
1150739,865000.0
1150741,740000.0
1150744,772000.0
1150751,610000.0
1158788,345000.0
1158790,543000.0
1158794,79000.0
1158798,530000.0
1158802,400000.0
1158803,400000.0
1158804,400000.0
1158972,208000.0
1158973,217000.0
1158979,357000.0
1158980,182000.0
1158982,212000.0
1159208,990000.0
1159224,332000.0
1159254,330000.0
1159717,158000.0
1159725,191000.0
1159755,362000.0
1159756,337000.0
1159757,176000.0
1159758,197000.0
1159760,148000.0
1159762,123000.0
1159764,145000.0
1160340,186000.0
1160342,226000.0
1160347,517000.0
1160348,172000.0
1160352,416000.0
1160353,315000.0
1160357,327000.0
1160368,900000.0
1160370,372000.0
1160372,558000.0
1160628,259000.0
1160633,337000.0
1160635,400000.0
1160642,816000.0
1160644,213000.0
1160646,280000.0
1160651,124000.0
1160652,165000.0
1160659,353000.0
1160663,338000.0
1160877,514000.0
1160879,457000.0
1160881,361000.0
1160884,653000.0
1160887,312000.0
1160891,822000.0
1160892,435000.0
1160893,583000.0
1160897,932000.0
1160900,796000.0
1160901,696000.0
1160903,755000.0
1160909,1493000.0
1160910,642000.0
1160913,656000.0
1160916,865000.0
1162333,245000.0
1162334,270000.0
1162374,564000.0
1162376,512000.0
1162380,443000.0
1162381,427000.0
1162382,163000.0
1162385,715000.0
1162386,586000.0
1162638,413000.0
1162639,330000.0
1162640,488000.0
1162641,473000.0
1162643,421000.0
1162707,428000.0
1162708,280000.0
1162764,350000.0
1162899,228000.0
1162918,358000.0
1162924,198000.0
1162925,297000.0
1162926,219000.0
1162927,255000.0
1163023,500000.0
1163027,236000.0
1163028,372000.0
1163039,214000.0
1163040,323000.0
1163042,316000.0
1163043,340000.0
1163044,301000.0
1163047,205000.0
1163050,301000.0
1163083,390000.0
1163086,511000.0
1163089,305000.0
1163090,683000.0
1163091,321000.0
1163092,239000.0
1163093,440000.0
1163095,565000.0
1163096,190000.0
1163264,314000.0
1163271,311000.0
1164020,281000.0
1164022,240000.0
1164028,226000.0
1164565,225000.0
1164567,410000.0
1164571,293000.0
1164576,292000.0
1164578,303000.0
1164580,265000.0
1164581,259000.0
1164582,484000.0
1164583,150000.0
1164617,579000.0
1164618,508000.0
1164622,154000.0
1164625,551000.0
1164627,599000.0
1164629,566000.0
1164911,528000.0
1164914,300000.0
1164916,279000.0
1164936,211000.0
1164938,286000.0
1164940,215000.0
1167361,590000.0
1167364,239000.0
1167369,616000.0
1167373,330000.0
1167374,408000.0
1167375,194000.0
1167383,670000.0
1167385,448000.0
1167387,239000.0
1167388,337000.0
1167392,138000.0
1167397,220000.0
1167398,140000.0
1167399,215000.0
1167401,268000.0
1167402,323000.0
1167403,164000.0
1167404,214000.0
1167405,227000.0
1167406,238000.0
1167407,217000.0
1167409,338000.0
1167410,215000.0
1167411,197000.0
1167412,188000.0
1167413,219000.0
1167414,211000.0
1167426,196000.0
1167429,236000.0
1167430,308000.0
1167431,210000.0
1167437,237000.0
1167439,436000.0
1171188,241000.0
1171191,162000.0
1171194,211000.0
1171195,266000.0
1171196,197000.0
1171200,241000.0
1171201,242000.0
1171203,176000.0
1171204,234000.0
1171205,232000.0
1171362,907000.0
1171367,703000.0
1172945,198000.0
1172952,220000.0
1173341,391000.0
1173343,318000.0
1173347,281000.0
1173351,330000.0
1173353,302000.0
1173355,416000.0
1173356,259000.0
1173358,381000.0
1173362,285000.0
1173364,356000.0
1174252,801000.0
1174253,769000.0
1174258,611000.0
1174265,382000.0
1174280,794000.0
1174393,139000.0
1174395,218000.0
1174396,205000.0
1174397,185000.0
1174398,246000.0
1174400,342000.0
1174404,220000.0
1174405,171000.0
1174407,181000.0
1174456,165000.0
1174460,139000.0
1174462,238000.0
1174465,276000.0
1174466,223000.0
1174468,223000.0
1174469,250000.0
1174471,213000.0
1174472,274000.0
1174473,283000.0
1174475,237000.0
1174491,103000.0
1174496,223000.0
1174501,135000.0
1174592,181000.0
1174593,241000.0
1174595,167000.0
1174596,187000.0
1174598,183000.0
1174599,348000.0
1174602,376000.0
1174607,132000.0
1174608,161000.0
1174732,193000.0
1174738,213000.0
1174742,228000.0
1174743,182000.0
1174748,197000.0
1175538,111000.0
1175539,177000.0
1175543,228000.0
1175547,149000.0
1175548,160000.0
1175550,125000.0
1176289,620000.0
1176758,696000.0
1176759,441000.0
1176764,485000.0
1176772,352000.0
1177110,178000.0
1177116,146000.0
1177118,221000.0
1177121,243000.0
1177122,274000.0
1177125,156000.0
1177822,159000.0
1178019,248000.0
1178024,480000.0
1179391,679000.0
1179392,700000.0
1179393,763000.0
1179512,311000.0
1179513,172000.0
1179516,165000.0
1179517,126000.0
1179518,174000.0
1179526,270000.0
1179527,253000.0
1179540,271000.0
1179542,219000.0
1179543,319000.0
1179546,275000.0
1179548,246000.0
1179552,220000.0
1179554,194000.0
1179555,249000.0
1179557,342000.0
1179944,488000.0
1179948,394000.0
1179949,433000.0
1179952,438000.0
1179953,616000.0
1179955,433000.0
1180044,522000.0
1180046,165000.0
1180047,196000.0
1180048,157000.0
1180049,348000.0
1180050,310000.0
1180051,397000.0
1180053,416000.0
1180054,241000.0
1180056,320000.0
1180060,336000.0
1180070,661000.0
1180073,548000.0
1180078,305000.0
1180080,696000.0
1180241,167000.0
1180242,386000.0
1180243,173000.0
1180251,241000.0
1180253,273000.0
1180254,258000.0
1180255,299000.0
1180257,299000.0
1180452,230000.0
1180461,170000.0
1180464,276000.0
1180465,153000.0
1180466,89000.0
1180467,85000.0
1180469,141000.0
1180471,110000.0
1180472,198000.0
1180474,319000.0
1180479,208000.0
1180481,238000.0
1180482,224000.0
1180484,160000.0
1180485,248000.0
1180487,427000.0
1180619,165000.0
1180622,237000.0
1180628,308000.0
1180629,202000.0
1180630,242000.0
1180701,291000.0
1180702,256000.0
1180704,201000.0
1180707,313000.0
1180708,224000.0
1180711,211000.0
1180712,450000.0
1180716,266000.0
1180717,241000.0
1180732,303000.0
1180733,204000.0
1180734,306000.0
1180735,265000.0
1180738,218000.0
1180739,147000.0
1180741,177000.0
1180743,144000.0
1180744,262000.0
1180748,152000.0
1180749,192000.0
1180770,142000.0
1180771,212000.0
1180774,157000.0
1180777,171000.0
1180938,112000.0
1180945,522000.0
1180951,146000.0
1180954,102000.0
1180967,745000.0
1180976,698000.0
1180977,842000.0
1181989,194000.0
1182023,202000.0
1182025,120000.0
1182026,470000.0
1182030,351000.0
1182033,727000.0
1182314,207000.0
1182315,314000.0
1182316,171000.0
1182317,272000.0
1182321,215000.0
1182322,197000.0
1182323,231000.0
1182628,261000.0
1182650,294000.0
1182652,329000.0
1182654,717000.0
1182655,623000.0
1182744,333000.0
1182745,292000.0
1182746,340000.0
1182748,181000.0
1182749,412000.0
1182754,504000.0
1182756,358000.0
1182757,217000.0
1183211,318000.0
1183213,312000.0
1183689,295000.0
1183690,319000.0
1183691,459000.0
1183692,558000.0
1184185,215000.0
1184271,146000.0
1184272,312000.0
1184678,256000.0
1184679,368000.0
1184680,277000.0
1184730,477000.0
1184731,566000.0
1184772,222000.0
1184775,324000.0
1184780,296000.0
1184783,374000.0
1184806,397000.0
1184809,342000.0
1184956,413000.0
1185123,362000.0
1185129,479000.0
1185141,575000.0
1185144,563000.0
1185145,507000.0
1185150,430000.0
1185316,400000.0
1185317,293000.0
1185326,170000.0
1185328,71000.0
1185330,189000.0
1185331,218000.0
1185722,104000.0
1185744,120000.0
1185746,243000.0
1185748,146000.0
1185818,95000.0
1185819,87000.0
1186256,309000.0
1186257,108000.0
1186258,115000.0
1186260,309000.0
1186261,312000.0
1186284,213000.0
1186288,496000.0
1186368,398000.0
1186370,321000.0
1186371,218000.0
1186373,393000.0
1186374,316000.0
1186376,296000.0
1186379,214000.0
1186380,166000.0
1186827,168000.0
1186830,482000.0
1186831,243000.0
1186832,209000.0
1186834,220000.0
1186835,180000.0
1186837,260000.0
1186840,254000.0
1187587,435000.0
1187625,268000.0
1187626,133000.0
1187628,436000.0
1187839,96000.0
1187840,174000.0
1187842,258000.0
1187843,221000.0
1187844,218000.0
1187851,311000.0
1187853,200000.0
1187854,273000.0
1188373,149000.0
1188428,653000.0
1188429,363000.0
1188430,344000.0
1188431,428000.0
1188439,371000.0
1188440,459000.0
1188442,445000.0
1188484,209000.0
1188485,200000.0
1188487,163000.0
1188488,163000.0
1188490,234000.0
1188493,200000.0
1188499,221000.0
1188519,256000.0
1188531,366000.0
1188535,179000.0
1188538,133000.0
1188539,208000.0
1188577,292000.0
1188578,683000.0
1188581,340000.0
1189583,218000.0
1189587,332000.0
1189590,411000.0
1189593,383000.0
1189594,386000.0
1189595,166000.0
1189596,380000.0
1189599,249000.0
1189600,248000.0
1189603,262000.0
1189605,315000.0
1189606,323000.0
1189610,301000.0
1189611,475000.0
1191966,182000.0
1191971,208000.0
1191972,261000.0
1192091,601000.0
1192096,696000.0
1192970,342000.0
1192973,525000.0
1193162,114000.0
1193163,1063000.0
1193168,430000.0
1193169,292000.0
1193170,274000.0
1193171,282000.0
1193543,937000.0
1193676,415000.0
1193751,1020000.0
1193761,808000.0
1193775,1098000.0
1193777,742000.0
1193779,671000.0
1193782,593000.0
1193783,374000.0
1193836,198000.0
1193848,284000.0
1193849,323000.0
1193850,219000.0
1193855,335000.0
1193857,252000.0
1193859,256000.0
1193861,179000.0
1193862,232000.0
1193863,273000.0
1193864,219000.0
1193866,184000.0
1193915,151000.0
1193925,821000.0
1193927,400000.0
1193952,203000.0
1193953,280000.0
1193954,194000.0
1193955,273000.0
1193956,192000.0
1193957,224000.0
1194415,157000.0
1194922,900000.0
1194977,123000.0
1195222,381000.0
1195223,406000.0
1195224,449000.0
1195225,680000.0
1195425,449000.0
1195426,280000.0
1195432,481000.0
1195891,258000.0
1195892,169000.0
1195893,225000.0
1195900,66000.0
1195901,396000.0
1195903,132000.0
1196019,216000.0
1196842,207000.0
1196844,331000.0
1196847,292000.0
1196872,166000.0
1196892,447000.0
1196893,218000.0
1196894,258000.0
1196895,496000.0
1196904,360000.0
1196912,257000.0
1196913,267000.0
1196993,294000.0
1196994,376000.0
1196998,208000.0
1196999,284000.0
1197000,259000.0
1197002,218000.0
1197106,215000.0
1197107,279000.0
1197108,339000.0
1197166,528000.0
1197209,609000.0
1197214,328000.0
1197215,192000.0
1197216,266000.0
1197253,521000.0
1197256,254000.0
1197309,367000.0
1197311,651000.0
1197315,361000.0
1197316,276000.0
1197321,338000.0
1197322,258000.0
1197323,285000.0
1197324,176000.0
1197325,174000.0
1197326,193000.0
1197328,171000.0
1197329,514000.0
1197331,185000.0
1197345,285000.0
1197351,537000.0
1197462,178000.0
1197463,362000.0
1197465,145000.0
1197467,196000.0
1197469,133000.0
1197470,133000.0
1197502,312000.0
1197549,963000.0
1197570,497000.0
1197627,224000.0
1197672,304000.0
1197859,292000.0
1197860,292000.0
1197977,493000.0
1197978,150000.0
1198019,273000.0
1198021,304000.0
1198337,514000.0
1198358,664000.0
1198364,505000.0
1198365,338000.0
1198366,606000.0
1198367,426000.0
1198368,441000.0
1198369,215000.0
1198373,521000.0
1198446,340000.0
1198450,282000.0
1198451,327000.0
1198452,327000.0
1198453,224000.0
1198457,222000.0
1198621,328000.0
1198645,190000.0
1198649,470000.0
1198650,494000.0
1198664,261000.0
1198665,319000.0
1198669,267000.0
1198670,119000.0
1198671,137000.0
1198760,195000.0
1198766,384000.0
1198768,290000.0
1198771,335000.0
1198773,544000.0
715273,449000.0
717643,336000.0
720473,451000.0
722274,268000.0
722610,291000.0
722632,322000.0
724293,957000.0
724296,320000.0
724367,1024000.0
724383,278000.0
724402,996000.0
724436,816000.0
724693,898000.0
725035,416000.0
726164,589000.0
728018,220000.0
728963,433000.0
730396,413000.0
730570,652000.0
732096,518000.0
732455,1368000.0
733749,515000.0
739805,720000.0
762985,309000.0
765024,506000.0
766318,233000.0
767291,278000.0
768075,851000.0
768187,845000.0
768450,312000.0
768818,691000.0
775095,730000.0
777984,380000.0
780334,487000.0
782037,1683000.0
783338,350000.0
788907,310000.0
791183,447000.0
791186,332000.0
800871,375000.0
805218,446000.0
808371,542000.0
810903,748000.0
813910,663000.0
814295,145000.0
816599,1530000.0
817980,322000.0
818854,794000.0
821034,421000.0
822425,138000.0
823206,744000.0
823722,715000.0
824962,188000.0
827620,1522000.0
829106,709000.0
829983,1517000.0
835034,241000.0
835905,532000.0
836853,533000.0
836965,1402000.0
837221,777000.0
837226,407000.0
837310,777000.0
837312,777000.0
837322,777000.0
837364,777000.0
837447,777000.0
837450,777000.0
837480,777000.0
837481,777000.0
837534,777000.0
837603,777000.0
837604,777000.0
837695,777000.0
837700,777000.0
838738,777000.0
838739,777000.0
838747,777000.0
839708,208000.0
839728,777000.0
839729,777000.0
839750,777000.0
839751,777000.0
839752,777000.0
839753,777000.0
839754,777000.0
839789,208000.0
839793,208000.0
839796,208000.0
840813,1019000.0
843860,533000.0
844526,275000.0
844543,543000.0
844754,301000.0
846486,373000.0
847164,742000.0
848484,192000.0
936754,1013000.0
937863,438000.0
937904,499000.0
938417,235000.0
938423,253000.0
938603,455000.0
938622,1244000.0
939544,170000.0
940696,137000.0
942465,162000.0
942737,1163000.0
943019,457000.0
943421,149000.0
945655,425000.0
947947,282000.0
949288,263000.0
952129,200000.0
952131,487000.0
952904,632000.0
953479,589000.0
954602,156000.0
954929,260000.0
955982,175000.0
958924,673000.0
959475,96000.0
960089,136000.0
960166,580000.0
961081,416000.0
961152,348000.0
961156,127000.0
963917,326000.0
963924,695000.0
963928,152000.0
964509,229000.0
965003,443000.0
967216,1050000.0
967710,424000.0
967711,584000.0
967715,1293000.0
968678,961000.0
969661,249000.0
970940,137000.0
971513,97000.0
972147,240000.0
972176,423000.0
972866,628000.0
974942,610000.0
974954,463000.0
976609,852000.0
978142,373000.0
978273,232000.0
978277,574000.0
978278,964000.0
978281,1298000.0
978860,233000.0
979110,258000.0
979112,252000.0
979516,199000.0
980337,834000.0
980476,264000.0
982006,988000.0
983877,301000.0
983878,387000.0
983879,387000.0
985387,712000.0
985462,949000.0
985808,308000.0
986398,481000.0
987620,193000.0
988304,761000.0
988676,1349000.0
989018,673000.0
995698,719000.0
995822,1216000.0
1002393,1625000.0
1003195,174000.0
1003292,571000.0
1003326,474000.0
1003655,545000.0
1003662,553000.0
1003847,485000.0
1006131,436000.0
1008419,790000.0
1008432,536000.0
1008509,1045000.0
1008929,133000.0
1009457,382000.0
1010167,142000.0
1010251,263000.0
1010311,282000.0
1011035,1208000.0
1011899,282000.0
1013203,579000.0
1013464,447000.0
1013942,1326000.0
1014952,320000.0
1015519,705000.0
1018488,530000.0
1018565,196000.0
1018830,1216000.0
1019163,1198000.0
1019257,284000.0
1019258,334000.0
1022427,1730000.0
1023024,282000.0
1024198,1214000.0
1024386,224000.0
1024633,200000.0
1065813,643000.0
1066642,859000.0
1066903,210000.0
1068872,646000.0
1071707,619000.0
1072579,435000.0
1072606,431000.0
1073519,788000.0
1073733,380000.0
1074535,246000.0
1075895,603000.0
1076216,280000.0
1076517,177000.0
1076917,161000.0
1077573,561000.0
1078672,373000.0
1080081,225000.0
1080084,228000.0
1080177,278000.0
1080179,986000.0
1080180,440000.0
1080182,468000.0
1080646,125000.0
1081890,227000.0
1082838,273000.0
1082935,150000.0
1083177,130000.0
1083187,193000.0
1093683,541000.0
1094194,498000.0
1097426,269000.0
1098571,468000.0
1102741,441000.0
1102778,345000.0
1224860,1262000.0
1224861,423000.0
1224864,317000.0
1224865,205000.0
1224868,410000.0
1224877,960000.0
1229111,686000.0
1229116,620000.0
1229118,1587000.0
1235951,1399000.0
1235954,1219000.0
1236545,809000.0
1236554,153000.0
1236560,129000.0
1239168,353000.0
1239172,670000.0
1239175,1134000.0
1239178,1017000.0
1239179,570000.0
1239182,943000.0
1239184,1239000.0
1241221,237000.0
1241227,230000.0
1241228,155000.0
96029,123000.0
96056,366000.0
96065,527000.0
96072,101000.0
96079,212000.0
96099,219000.0
96100,219000.0
96136,72000.0
96137,72000.0
96138,72000.0
96140,132000.0
96142,215000.0
96143,102000.0
96193,156000.0
96202,217000.0
96206,370000.0
96207,222000.0
96224,126000.0
96225,126000.0
96227,130000.0
96302,984000.0
96318,351000.0
96339,123000.0
96369,241000.0
96417,131000.0
96432,78000.0
96464,76000.0
96467,191000.0
96471,194000.0
96476,152000.0
96477,289000.0
96481,83000.0
96486,104000.0
96487,133000.0
96515,374000.0
96547,178000.0
96571,354000.0
96574,110000.0
96593,267000.0
96606,142000.0
96648,122000.0
96654,118000.0
96656,407000.0
96661,687000.0
96662,411000.0
96664,102000.0
96668,407000.0
96669,411000.0
96672,407000.0
96678,357000.0
96679,393000.0
96683,581000.0
96713,650000.0
96715,107000.0
96735,90000.0
96742,118000.0
96750,108000.0
96751,103000.0
96758,103000.0
96760,136000.0
96762,102000.0
96765,77000.0
96771,103000.0
96772,77000.0
96782,102000.0
96790,135000.0
96791,335000.0
96816,163000.0
96819,311000.0
96821,99000.0
96838,213000.0
96862,395000.0
96863,437000.0
96869,108000.0
96875,452000.0
96876,961000.0
96896,194000.0
96897,401000.0
96937,250000.0
96946,111000.0
96952,153000.0
96957,151000.0
96986,203000.0
96988,334000.0
96990,678000.0
97005,1025000.0
97065,1319000.0
97071,262000.0
97077,208000.0
97081,615000.0
97083,169000.0
97093,570000.0
97097,120000.0
97122,250000.0
97125,176000.0
97126,249000.0
97127,162000.0
97129,292000.0
97133,99000.0
97137,217000.0
97139,457000.0
97140,289000.0
97144,133000.0
97146,96000.0
97148,132000.0
97149,96000.0
97152,72000.0
97154,96000.0
97155,96000.0
97161,617000.0
97166,152000.0
97194,137000.0
97210,98000.0
97213,187000.0
97215,114000.0
97217,114000.0
97224,182000.0
97226,127000.0
97229,749000.0
97235,209000.0
97250,291000.0
97263,216000.0
97269,400000.0
97312,116000.0
97318,629000.0
97327,108000.0
97336,1088000.0
97447,248000.0
97449,103000.0
97467,194000.0
97482,136000.0
97495,193000.0
97527,524000.0
97531,162000.0
97533,100000.0
97545,165000.0
97550,885000.0
97555,729000.0
97562,121000.0
97564,119000.0
97565,119000.0
97566,165000.0
97573,87000.0
97575,119000.0
97578,331000.0
97579,337000.0
97580,331000.0
97582,217000.0
97583,339000.0
97584,211000.0
97585,249000.0
97586,249000.0
97589,186000.0
97590,125000.0
97677,132000.0
97680,194000.0
97681,162000.0
97686,194000.0
97687,149000.0
97690,186000.0
97692,181000.0
97696,162000.0
97698,186000.0
97699,181000.0
97701,411000.0
97704,118000.0
97707,118000.0
97729,116000.0
97807,202000.0
97808,169000.0
97858,98000.0
97859,204000.0
97861,186000.0
97879,223000.0
97881,202000.0
97885,119000.0
97888,202000.0
97897,200000.0
97907,228000.0
97911,823000.0
97914,126000.0
97927,155000.0
97943,148000.0
97949,112000.0
97967,124000.0
97988,148000.0
97989,117000.0
97990,136000.0
97991,117000.0
97993,136000.0
97996,102000.0
97997,103000.0
97998,146000.0
97999,108000.0
98001,126000.0
98014,444000.0
98016,322000.0
98036,311000.0
98054,405000.0
98063,107000.0
98082,679000.0
98083,269000.0
98085,344000.0
98086,218000.0
98087,1121000.0
98090,118000.0
98095,442000.0
98103,154000.0
98108,297000.0
98119,283000.0
98149,278000.0
98164,1200000.0
98167,631000.0
98168,110000.0
98204,106000.0
98248,279000.0
98249,360000.0
98257,823000.0
98276,622000.0
98293,249000.0
98301,176000.0
98308,965000.0
98357,441000.0
98358,154000.0
98366,157000.0
98394,256000.0
98400,114000.0
98403,980000.0
98412,269000.0
98413,605000.0
98433,485000.0
98450,173000.0
98451,158000.0
98452,122000.0
98455,182000.0
98462,220000.0
98475,220000.0
98499,236000.0
98525,1055000.0
98526,188000.0
98528,188000.0
98531,249000.0
98544,103000.0
98553,145000.0
98573,272000.0
98582,211000.0
98584,217000.0
98585,211000.0
98589,109000.0
98593,244000.0
98596,141000.0
98648,186000.0
98652,161000.0
98653,365000.0
98654,113000.0
98656,155000.0
98710,147000.0
98754,170000.0
98770,224000.0
98780,309000.0
98781,147000.0
98782,148000.0
98789,209000.0
98804,442000.0
98822,150000.0
98823,93000.0
98828,185000.0
98842,192000.0
98843,151000.0
98846,99000.0
98862,91000.0
98863,87000.0
98869,122000.0
98870,225000.0
98874,240000.0
98876,129000.0
98878,119000.0
98883,286000.0
98895,269000.0
98899,290000.0
98900,290000.0
98901,290000.0
98902,290000.0
98905,168000.0
98929,179000.0
98948,434000.0
98979,83000.0
99010,252000.0
99022,141000.0
99035,211000.0
99043,72000.0
99044,72000.0
99048,72000.0
99051,173000.0
99087,646000.0
99098,257000.0
99102,358000.0
99104,307000.0
99105,103000.0
99114,71000.0
99148,128000.0
99163,116000.0
99168,268000.0
99198,162000.0
99200,97000.0
99205,293000.0
99273,143000.0
99277,417000.0
99292,149000.0
99293,147000.0
99298,145000.0
99300,227000.0
99304,112000.0
99305,156000.0
99316,97000.0
99319,140000.0
99341,119000.0
99344,224000.0
99356,494000.0
99360,159000.0
99361,89000.0
99389,269000.0
99399,1207000.0
99400,204000.0
99401,115000.0
99421,239000.0
99429,185000.0
99433,278000.0
99436,642000.0
99439,372000.0
99442,159000.0
99450,111000.0
99451,454000.0
99460,278000.0
99475,132000.0
99480,336000.0
99483,229000.0
99529,129000.0
99532,112000.0
99542,106000.0
99575,184000.0
99583,197000.0
99597,159000.0
99601,115000.0
99603,122000.0
99624,245000.0
99625,179000.0
99651,75000.0
99655,251000.0
99673,74000.0
99694,587000.0
99697,198000.0
99698,308000.0
99714,240000.0
99716,124000.0
99717,124000.0
99718,124000.0
99719,124000.0
99728,153000.0
99736,158000.0
99739,85000.0
99751,227000.0
99759,171000.0
99760,195000.0
99761,414000.0
99765,142000.0
99769,62000.0
99812,730000.0
99817,113000.0
99855,260000.0
99868,178000.0
99869,115000.0
99874,162000.0
99895,85000.0
99897,375000.0
99980,203000.0
99982,177000.0
99984,303000.0
99985,236000.0
99990,59000.0
99991,168000.0
100086,121000.0
100110,501000.0
100115,185000.0
100118,125000.0
100119,242000.0
100122,170000.0
100125,148000.0
100126,168000.0
100127,123000.0
100129,185000.0
100130,125000.0
100134,168000.0
100136,125000.0
100156,434000.0
100157,345000.0
100169,506000.0
100171,282000.0
100179,76000.0
100187,73000.0
100192,61000.0
100193,61000.0
100219,293000.0
100243,62000.0
100244,62000.0
100289,128000.0
100297,128000.0
100310,347000.0
100312,713000.0
100327,145000.0
100378,59000.0
100422,59000.0
100447,72000.0
100513,252000.0
100520,79000.0
100532,79000.0
100534,93000.0
100537,90000.0
100550,77000.0
100557,87000.0
100564,100000.0
100571,651000.0
100575,159000.0
100595,390000.0
100596,240000.0
100620,317000.0
100621,233000.0
100648,254000.0
100652,118000.0
100661,145000.0
100677,445000.0
100678,347000.0
100681,449000.0
100708,119000.0
100709,115000.0
100723,608000.0
100730,293000.0
100733,119000.0
100735,119000.0
100736,123000.0
100744,318000.0
100755,425000.0
100774,100000.0
100800,76000.0
100805,130000.0
100812,891000.0
100813,921000.0
100819,86000.0
100821,375000.0
100866,59000.0
100906,271000.0
100942,74000.0
100950,73000.0
101142,124000.0
101185,163000.0
101191,487000.0
101193,93000.0
101283,85000.0
101287,108000.0
101300,164000.0
101308,92000.0
101316,72000.0
101318,170000.0
101326,65000.0
101402,264000.0
101456,90000.0
101469,55000.0
101478,250000.0
101486,143000.0
101499,310000.0
101501,164000.0
101506,677000.0
101512,97000.0
101514,86000.0
101515,87000.0
101527,76000.0
101552,57000.0
101571,66000.0
101583,72000.0
101600,100000.0
101601,100000.0
101603,100000.0
101614,65000.0
101619,240000.0
101642,163000.0
101673,69000.0
101680,134000.0
101694,177000.0
101702,127000.0
101707,285000.0
101720,137000.0
101755,178000.0
101770,115000.0
101780,59000.0
101785,135000.0
101817,180000.0
101913,71000.0
101915,81000.0
101919,120000.0
101976,65000.0
101987,85000.0
102114,48000.0
102116,147000.0
102197,179000.0
102198,175000.0
102217,243000.0
102252,200000.0
102299,113000.0
102330,81000.0
102350,117000.0
102352,117000.0
102353,117000.0
102404,75000.0
102405,75000.0
102415,115000.0
102420,129000.0
102442,70000.0
102475,633000.0
102479,254000.0
102511,193000.0
102568,95000.0
102580,61000.0
102593,62000.0
102598,119000.0
102607,99000.0
102637,223000.0
102792,85000.0
102794,86000.0
102837,132000.0
102890,150000.0
102905,117000.0
102910,63000.0
102922,59000.0
102985,160000.0
103028,80000.0
103115,119000.0
103132,117000.0
103138,145000.0
103179,129000.0
103199,57000.0
103244,144000.0
103246,144000.0
103276,280000.0
103283,102000.0
103313,131000.0
103362,92000.0
103392,199000.0
103395,76000.0
103428,186000.0
103436,90000.0
103463,55000.0
103493,330000.0
103495,287000.0
103498,286000.0
103504,136000.0
103524,311000.0
103527,446000.0
103530,314000.0
103532,653000.0
103534,239000.0
103540,198000.0
103547,252000.0
103555,169000.0
103556,211000.0
103557,128000.0
103567,565000.0
103568,331000.0
103571,291000.0
103577,134000.0
103578,82000.0
103579,141000.0
103595,118000.0
103601,133000.0
103603,88000.0
103604,227000.0
103608,118000.0
103614,167000.0
103620,156000.0
103625,160000.0
103627,170000.0
103678,70000.0
103679,210000.0
103685,337000.0
103716,195000.0
103720,129000.0
103778,102000.0
103780,506000.0
103785,98000.0
103787,170000.0
103815,90000.0
103816,173000.0
103821,219000.0
103836,91000.0
103845,219000.0
103851,172000.0
103858,106000.0
103859,102000.0
103862,167000.0
103866,212000.0
103873,151000.0
103876,321000.0
103879,95000.0
103885,212000.0
103889,212000.0
103898,96000.0
103899,135000.0
103909,105000.0
103911,80000.0
103920,109000.0
103927,120000.0
103933,105000.0
103946,189000.0
103949,135000.0
103950,402000.0
103965,106000.0
103997,82000.0
104017,103000.0
104028,87000.0
104068,596000.0
104077,150000.0
104098,91000.0
104099,389000.0
104103,192000.0
104135,320000.0
104141,848000.0
104148,93000.0
104149,214000.0
104151,347000.0
104154,252000.0
104161,475000.0
104163,205000.0
104165,356000.0
104195,485000.0
104205,350000.0
104218,311000.0
104238,274000.0
104245,345000.0
104248,158000.0
104252,220000.0
104265,287000.0
104266,144000.0
104273,241000.0
104274,93000.0
104286,284000.0
104290,406000.0
104293,284000.0
104299,166000.0
104309,134000.0
104326,241000.0
104345,487000.0
104359,135000.0
104368,219000.0
104379,578000.0
104381,1257000.0
104403,110000.0
104414,190000.0
104417,462000.0
104419,104000.0
104431,260000.0
104439,214000.0
104445,262000.0
104447,98000.0
104451,122000.0
104454,220000.0
104456,154000.0
104465,154000.0
104473,137000.0
104489,102000.0
104492,139000.0
104513,960000.0
104517,287000.0
104519,67000.0
104523,110000.0
104524,107000.0
104526,70000.0
104533,106000.0
104538,186000.0
104539,186000.0
104545,166000.0
104561,185000.0
104598,294000.0
104599,294000.0
104611,104000.0
104613,109000.0
104623,89000.0
104627,333000.0
104628,265000.0
104629,333000.0
104630,331000.0
104640,431000.0
104641,344000.0
104642,273000.0
104665,148000.0
104804,305000.0
104847,518000.0
104861,151000.0
104862,177000.0
104863,157000.0
104896,90000.0
104899,123000.0
104901,163000.0
104906,130000.0
104922,234000.0
104924,216000.0
104925,326000.0
104930,102000.0
104935,89000.0
104936,102000.0
104964,126000.0
104965,94000.0
104970,111000.0
104973,110000.0
104975,71000.0
104979,179000.0
104995,150000.0
104996,115000.0
104998,100000.0
104999,99000.0
105000,100000.0
105024,103000.0
105029,185000.0
105037,158000.0
105038,695000.0
105039,386000.0
105049,273000.0
105057,129000.0
105061,64000.0
105065,70000.0
105076,80000.0
105091,97000.0
105116,149000.0
105136,125000.0
105143,304000.0
105151,476000.0
105160,196000.0
105162,251000.0
105170,149000.0
105172,151000.0
105179,493000.0
105184,256000.0
105185,781000.0
105197,227000.0
105202,1017000.0
105231,426000.0
105232,298000.0
105235,93000.0
105249,89000.0
105258,113000.0
105259,300000.0
105272,167000.0
105287,238000.0
105293,263000.0
105304,164000.0
105314,193000.0
105315,130000.0
105328,193000.0
105341,95000.0
105344,183000.0
105349,319000.0
105350,384000.0
105351,63000.0
105362,99000.0
105376,131000.0
105386,138000.0
105392,374000.0
105401,439000.0
105409,195000.0
105414,363000.0
105418,380000.0
105419,170000.0
105425,124000.0
105440,315000.0
105447,173000.0
105448,116000.0
105452,252000.0
105463,76000.0
105464,149000.0
105465,198000.0
105524,60000.0
105526,84000.0
105531,178000.0
105536,533000.0
105557,632000.0
105633,278000.0
105635,108000.0
105637,220000.0
105674,300000.0
105681,79000.0
105703,373000.0
105704,373000.0
105705,374000.0
105706,147000.0
105711,141000.0
105712,142000.0
105719,335000.0
105728,146000.0
105734,106000.0
105735,138000.0
105745,111000.0
105749,623000.0
105764,714000.0
105765,716000.0
105768,196000.0
105772,156000.0
105778,101000.0
105779,243000.0
105785,222000.0
105790,72000.0
105806,713000.0
105827,94000.0
105831,718000.0
105845,98000.0
105848,137000.0
105852,67000.0
105865,327000.0
105874,483000.0
105906,273000.0
105910,536000.0
105915,102000.0
105929,107000.0
105945,550000.0
105946,344000.0
105947,169000.0
105948,134000.0
105954,164000.0
105990,192000.0
106000,159000.0
106016,72000.0
106030,234000.0
106034,157000.0
106035,91000.0
106040,389000.0
106074,233000.0
106139,75000.0
106142,181000.0
106155,217000.0
106168,284000.0
106177,494000.0
106183,336000.0
106184,386000.0
106185,330000.0
106201,474000.0
106215,138000.0
106233,749000.0
106235,90000.0
106236,137000.0
106239,398000.0
106241,311000.0
106242,311000.0
106243,202000.0
106254,70000.0
106259,108000.0
106263,376000.0
106281,97000.0
106282,389000.0
106292,93000.0
106294,103000.0
106343,56000.0
106356,193000.0
106359,323000.0
106360,98000.0
106362,70000.0
106390,167000.0
106391,604000.0
106398,66000.0
106442,103000.0
106449,85000.0
106456,419000.0
106458,320000.0
106467,127000.0
106512,62000.0
106522,133000.0
106565,122000.0
106572,98000.0
106579,252000.0
106587,93000.0
106591,357000.0
106599,79000.0
106604,70000.0
106618,199000.0
106647,296000.0
106654,110000.0
106665,265000.0
106668,331000.0
106678,400000.0
106685,301000.0
106707,300000.0
106727,234000.0
106760,584000.0
106776,338000.0
106780,73000.0
106781,117000.0
106783,116000.0
106784,147000.0
106790,96000.0
106792,119000.0
106819,127000.0
106835,123000.0
106845,72000.0
106849,72000.0
106857,185000.0
106858,76000.0
106860,78000.0
106862,89000.0
106871,458000.0
106881,329000.0
106896,160000.0
106900,165000.0
106902,86000.0
106907,124000.0
106918,255000.0
106925,95000.0
106927,129000.0
106929,118000.0
106934,95000.0
106948,150000.0
106949,177000.0
106951,153000.0
106954,138000.0
106965,135000.0
106975,82000.0
106990,191000.0
106992,136000.0
107003,105000.0
107004,397000.0
107015,153000.0
107016,180000.0
107035,182000.0
107058,209000.0
107062,99000.0
107071,172000.0
107086,112000.0
107093,66000.0
107100,122000.0
107122,115000.0
107268,107000.0
107275,107000.0
107357,174000.0
107361,71000.0
107393,136000.0
107395,268000.0
107412,122000.0
107416,93000.0
107428,99000.0
107452,122000.0
107454,131000.0
107464,93000.0
107467,93000.0
107469,72000.0
107470,72000.0
107472,194000.0
107473,194000.0
107487,131000.0
107489,95000.0
107495,108000.0
107497,78000.0
107501,53000.0
107506,162000.0
107510,162000.0
107520,195000.0
107551,108000.0
107556,65000.0
107572,93000.0
107584,126000.0
107594,92000.0
107595,1045000.0
107601,77000.0
107614,80000.0
107616,143000.0
107617,164000.0
107619,128000.0
107621,128000.0
107650,326000.0
107656,118000.0
107678,200000.0
107680,444000.0
107684,246000.0
107687,207000.0
107690,94000.0
107692,93000.0
107693,141000.0
107694,144000.0
107695,90000.0
107702,169000.0
107712,242000.0
107718,143000.0
107722,79000.0
107757,201000.0
107762,118000.0
107769,132000.0
107770,132000.0
107771,523000.0
107776,165000.0
107778,91000.0
107788,289000.0
107792,197000.0
107812,102000.0
107831,60000.0
107832,67000.0
107863,779000.0
107871,173000.0
107873,189000.0
107874,189000.0
107875,173000.0
107906,128000.0
107915,84000.0
107916,84000.0
107917,84000.0
107918,84000.0
107919,82000.0
107920,81000.0
107998,226000.0
108021,171000.0
108137,102000.0
108190,256000.0
108231,190000.0
108235,72000.0
108237,72000.0
108246,103000.0
108272,146000.0
108277,101000.0
108281,76000.0
108283,151000.0
108285,54000.0
108340,78000.0
108343,147000.0
108401,368000.0
108406,162000.0
108408,247000.0
108410,180000.0
108429,156000.0
108444,92000.0
108447,90000.0
108465,309000.0
108468,150000.0
108479,286000.0
108496,174000.0
108505,757000.0
108512,235000.0
108518,195000.0
108519,284000.0
108524,134000.0
108527,96000.0
108528,79000.0
108545,181000.0
108548,118000.0
108551,152000.0
108557,135000.0
108558,155000.0
108574,191000.0
108580,469000.0
108581,84000.0
108589,151000.0
108654,181000.0
108658,55000.0
108757,209000.0
108771,130000.0
108778,161000.0
108802,176000.0
108814,131000.0
108816,76000.0
108817,78000.0
108832,312000.0
108855,115000.0
108867,203000.0
108886,130000.0
108900,193000.0
108916,86000.0
108948,199000.0
108960,294000.0
108962,196000.0
108983,238000.0
108984,101000.0
108992,193000.0
108993,59000.0
109002,62000.0
109051,499000.0
109135,80000.0
109157,173000.0
109160,219000.0
109175,199000.0
109189,114000.0
109236,241000.0
109250,155000.0
109251,154000.0
109254,200000.0
109323,122000.0
109368,167000.0
109384,90000.0
109388,148000.0
109389,93000.0
109414,85000.0
109434,207000.0
109448,258000.0
109454,712000.0
109455,142000.0
109456,167000.0
109478,136000.0
109488,130000.0
109499,183000.0
109504,82000.0
109509,82000.0
109523,90000.0
109524,91000.0
109525,92000.0
109526,92000.0
109534,119000.0
109546,118000.0
109566,122000.0
109570,194000.0
109577,55000.0
109586,62000.0
109589,74000.0
109597,69000.0
109608,113000.0
109624,88000.0
109633,307000.0
109634,84000.0
109650,158000.0
109651,158000.0
109653,155000.0
109654,1049000.0
109656,119000.0
109658,88000.0
109659,325000.0
109661,344000.0
109667,282000.0
109672,73000.0
109673,200000.0
109674,282000.0
109675,282000.0
109690,282000.0
109698,85000.0
109703,161000.0
109710,133000.0
109711,110000.0
109724,121000.0
109729,123000.0
109736,109000.0
109777,178000.0
109778,111000.0
109779,256000.0
109780,110000.0
109781,110000.0
109794,126000.0
109860,121000.0
109861,86000.0
109867,251000.0
109868,256000.0
109876,115000.0
109891,197000.0
109896,153000.0
109903,126000.0
109905,246000.0
109915,191000.0
109925,99000.0
109959,251000.0
109962,117000.0
109985,130000.0
109986,136000.0
110001,139000.0
110013,189000.0
110024,105000.0
110041,102000.0
110055,203000.0
110056,203000.0
110060,726000.0
110065,161000.0
110079,147000.0
110092,125000.0
110099,160000.0
110108,189000.0
110121,736000.0
110130,140000.0
110132,280000.0
110135,191000.0
110136,346000.0
110137,191000.0
110138,301000.0
110139,122000.0
110148,143000.0
110150,96000.0
110158,169000.0
110160,209000.0
110161,219000.0
110180,142000.0
110223,325000.0
110226,108000.0
110236,250000.0
110248,282000.0
110295,130000.0
110319,150000.0
110327,91000.0
110330,106000.0
110335,310000.0
110345,179000.0
110348,238000.0
110349,238000.0
110351,92000.0
110355,173000.0
110365,183000.0
110380,149000.0
110387,161000.0
110392,151000.0
110393,153000.0
110403,152000.0
110452,252000.0
110462,123000.0
110538,143000.0
110626,258000.0
110628,151000.0
110631,146000.0
110642,205000.0
110672,133000.0
110695,113000.0
110698,75000.0
110716,115000.0
110725,102000.0
110733,195000.0
110742,178000.0
110743,195000.0
110747,153000.0
110758,186000.0
110769,228000.0
110780,243000.0
110790,94000.0
110791,94000.0
110792,303000.0
110795,93000.0
110796,98000.0
110797,74000.0
110798,87000.0
110803,114000.0
110807,140000.0
110817,92000.0
110824,90000.0
110854,773000.0
110872,385000.0
110875,132000.0
110883,146000.0
110902,142000.0
110903,140000.0
110912,105000.0
110914,265000.0
110923,102000.0
110934,683000.0
110938,96000.0
110939,90000.0
110945,131000.0
110948,178000.0
110949,163000.0
110964,127000.0
110980,98000.0
110983,68000.0
110992,262000.0
110993,721000.0
110999,280000.0
111000,265000.0
111001,265000.0
111003,265000.0
111005,346000.0
111008,280000.0
111009,122000.0
111014,120000.0
111018,96000.0
111023,103000.0
111031,137000.0
111035,105000.0
111054,90000.0
111059,206000.0
111079,122000.0
111113,682000.0
111114,723000.0
111117,207000.0
111118,207000.0
111119,207000.0
111120,282000.0
111122,282000.0
111123,200000.0
111124,282000.0
111125,282000.0
111127,200000.0
111129,213000.0
111143,217000.0
111147,282000.0
111148,282000.0
111166,185000.0
111167,114000.0
111168,122000.0
111191,118000.0
111196,107000.0
111197,83000.0
111199,94000.0
111208,727000.0
111216,123000.0
111252,212000.0
111255,98000.0
111319,150000.0
111384,215000.0
111386,212000.0
111388,225000.0
111389,222000.0
111394,186000.0
111395,228000.0
111435,158000.0
111446,76000.0
111457,113000.0
111459,102000.0
111463,78000.0
111477,409000.0
111496,90000.0
111506,87000.0
111507,141000.0
111510,93000.0
111512,139000.0
111523,145000.0
111530,150000.0
111531,152000.0
111534,379000.0
111538,89000.0
111554,377000.0
111573,188000.0
111590,337000.0
111598,139000.0
111608,733000.0
111611,143000.0
111621,196000.0
111628,209000.0
111629,94000.0
111633,204000.0
111636,196000.0
111637,122000.0
111658,102000.0
111665,157000.0
111697,252000.0
111703,136000.0
111774,115000.0
111775,104000.0
111820,153000.0
111839,80000.0
111846,149000.0
111850,213000.0
111856,235000.0
111860,116000.0
111865,60000.0
111883,103000.0
111884,199000.0
111885,104000.0
111894,94000.0
111915,314000.0
111924,681000.0
111939,188000.0
111954,97000.0
111965,134000.0
111970,196000.0
111976,118000.0
111987,163000.0
111988,123000.0
112051,159000.0
112063,112000.0
112068,387000.0
112075,207000.0
112157,274000.0
112162,102000.0
112163,102000.0
112227,89000.0
112230,205000.0
112247,507000.0
112271,144000.0
112297,77000.0
112315,90000.0
112335,222000.0
112353,355000.0
112355,717000.0
112367,124000.0
112375,178000.0
112378,178000.0
112388,178000.0
112412,289000.0
112424,158000.0
112431,126000.0
112465,366000.0
112466,335000.0
112474,141000.0
112486,115000.0
112510,130000.0
112511,116000.0
112512,155000.0
112657,93000.0
112663,112000.0
112673,137000.0
112680,146000.0
112681,162000.0
112694,230000.0
112696,114000.0
112713,126000.0
112716,216000.0
112718,216000.0
112720,196000.0
112726,113000.0
112744,269000.0
112748,163000.0
112755,215000.0
112757,338000.0
112780,137000.0
112793,235000.0
112796,109000.0
112816,125000.0
112822,147000.0
112823,156000.0
112825,156000.0
112828,219000.0
112851,572000.0
112872,145000.0
112874,138000.0
112921,121000.0
112925,172000.0
112926,286000.0
112928,172000.0
112929,172000.0
112930,172000.0
112933,152000.0
112938,117000.0
112960,291000.0
112963,291000.0
112970,178000.0
112974,203000.0
112986,227000.0
112987,227000.0
113022,207000.0
113037,114000.0
113109,205000.0
113113,146000.0
113114,146000.0
113163,217000.0
113169,108000.0
113181,250000.0
113206,242000.0
113207,136000.0
113230,206000.0
113231,575000.0
113246,213000.0
113248,239000.0
113313,157000.0
113314,306000.0
113315,304000.0
113320,147000.0
113322,180000.0
113323,265000.0
113326,180000.0
113329,157000.0
113465,114000.0
113468,308000.0
113478,139000.0
113488,397000.0
113491,403000.0
113503,236000.0
113552,152000.0
113568,118000.0
113608,269000.0
113613,173000.0
113616,156000.0
113617,156000.0
113630,122000.0
113644,137000.0
113645,114000.0
113657,141000.0
113662,123000.0
113668,221000.0
113703,266000.0
113704,169000.0
113706,123000.0
113711,253000.0
113750,126000.0
113752,163000.0
113762,131000.0
113804,156000.0
113809,433000.0
113813,180000.0
113831,158000.0
113871,215000.0
113884,178000.0
113888,136000.0
113890,321000.0
113909,214000.0
113922,140000.0
113950,146000.0
113957,199000.0
113995,141000.0
114001,202000.0
114002,288000.0
114007,95000.0
114030,118000.0
114031,180000.0
114139,251000.0
114172,195000.0
114187,397000.0
114200,75000.0
114204,141000.0
114217,216000.0
114242,136000.0
114253,243000.0
114266,103000.0
114276,159000.0
114334,264000.0
114335,263000.0
114336,264000.0
114337,255000.0
114377,220000.0
114379,126000.0
114396,156000.0
114401,234000.0
114405,101000.0
114407,122000.0
114431,172000.0
114432,172000.0
114440,371000.0
114449,157000.0
114454,291000.0
114458,154000.0
114461,142000.0
114468,572000.0
114560,175000.0
114619,152000.0
114634,228000.0
114649,91000.0
114650,219000.0
114658,247000.0
114661,984000.0
114676,197000.0
114684,208000.0
114688,225000.0
114690,73000.0
114698,492000.0
114702,147000.0
114711,236000.0
114717,140000.0
114721,288000.0
114728,140000.0
114732,70000.0
114736,405000.0
114748,164000.0
114764,205000.0
114780,264000.0
114781,278000.0
114790,247000.0
114804,140000.0
114809,467000.0
114812,85000.0
114816,220000.0
114839,247000.0
114847,145000.0
114884,267000.0
114886,151000.0
114887,137000.0
114893,98000.0
114904,205000.0
114941,96000.0
114950,262000.0
114969,109000.0
114993,301000.0
114997,92000.0
115004,554000.0
115020,97000.0
115025,468000.0
115027,372000.0
115078,196000.0
115080,196000.0
115081,196000.0
115082,196000.0
115085,196000.0
115086,196000.0
115087,196000.0
115088,196000.0
115093,103000.0
115098,325000.0
115099,215000.0
115100,335000.0
115178,87000.0
115179,88000.0
115181,68000.0
115243,108000.0
115261,58000.0
115279,156000.0
115316,97000.0
115318,91000.0
115360,113000.0
115394,56000.0
115403,145000.0
115408,171000.0
115412,65000.0
115417,107000.0
115418,119000.0
115422,107000.0
115479,415000.0
115480,554000.0
115481,415000.0
115482,415000.0
115483,415000.0
115485,614000.0
115488,415000.0
115505,140000.0
115506,192000.0
115507,92000.0
115508,166000.0
115509,192000.0
115510,92000.0
115511,92000.0
115512,92000.0
115514,92000.0
115515,135000.0
115516,135000.0
115517,135000.0
115528,208000.0
115536,141000.0
115537,166000.0
115538,165000.0
115539,166000.0
115541,135000.0
115542,190000.0
115543,99000.0
115544,140000.0
115545,191000.0
115548,90000.0
115551,82000.0
115552,87000.0
115553,63000.0
115554,73000.0
115555,51000.0
115559,522000.0
115597,222000.0
115598,337000.0
115642,66000.0
115652,243000.0
115780,263000.0
115818,92000.0
115896,139000.0
115898,139000.0
115900,139000.0
115902,139000.0
115910,132000.0
115927,51000.0
115980,336000.0
115983,64000.0
116008,86000.0
116056,224000.0
116064,86000.0
116065,86000.0
116066,102000.0
116067,91000.0
116068,86000.0
116069,86000.0
116071,99000.0
116072,99000.0
116094,220000.0
116099,77000.0
116105,102000.0
116152,415000.0
116154,415000.0
116173,103000.0
116174,192000.0
116175,140000.0
116176,192000.0
116178,103000.0
116179,92000.0
116189,135000.0
116190,135000.0
116196,203000.0
116197,200000.0
116198,150000.0
116199,218000.0
116205,547000.0
116269,157000.0
116350,264000.0
116434,104000.0
116435,51000.0
116446,73000.0
116471,118000.0
116501,85000.0
116506,102000.0
116507,86000.0
116508,97000.0
116509,102000.0
116547,80000.0
116562,249000.0
116581,323000.0
116634,73000.0
116635,73000.0
116661,77000.0
116675,90000.0
116690,152000.0
116706,49000.0
116787,54000.0
116890,52000.0
116909,52000.0
116920,146000.0
116926,132000.0
116932,121000.0
116934,110000.0
116937,170000.0
116940,117000.0
116941,170000.0
116942,117000.0
116944,170000.0
116945,191000.0
116947,90000.0
116948,90000.0
116950,103000.0
116957,181000.0
116958,178000.0
116959,181000.0
116960,159000.0
116981,201000.0
116988,156000.0
116992,123000.0
117046,114000.0
117055,121000.0
117076,90000.0
117077,90000.0
117078,90000.0
117093,131000.0
117127,121000.0
117128,121000.0
117137,124000.0
117140,150000.0
117145,186000.0
117174,106000.0
117188,104000.0
117201,139000.0
117212,153000.0
117216,190000.0
117220,121000.0
117222,121000.0
117224,121000.0
117225,121000.0
117226,121000.0
117227,128000.0
117232,121000.0
117236,109000.0
117238,121000.0
117239,74000.0
117245,291000.0
117246,156000.0
117247,154000.0
117253,155000.0
117263,90000.0
117265,187000.0
117272,91000.0
117275,74000.0
117278,224000.0
117288,155000.0
117290,184000.0
117313,126000.0
117317,196000.0
117318,313000.0
117325,103000.0
117326,103000.0
117328,260000.0
117331,182000.0
117333,111000.0
117335,111000.0
117345,273000.0
117346,273000.0
117349,150000.0
117359,123000.0
117365,121000.0
117374,138000.0
117416,88000.0
117511,113000.0
117513,118000.0
117514,101000.0
117589,119000.0
117619,121000.0
117632,121000.0
117680,141000.0
117682,141000.0
117688,96000.0
117714,141000.0
117716,141000.0
117718,141000.0
117719,141000.0
117746,141000.0
117750,79000.0
117752,117000.0
117759,85000.0
117772,164000.0
117777,144000.0
117785,149000.0
117788,153000.0
117796,91000.0
117797,74000.0
117803,88000.0
117808,125000.0
117810,123000.0
117821,214000.0
117846,194000.0
117847,146000.0
117848,181000.0
117849,146000.0
117850,146000.0
117851,146000.0
117853,53000.0
117875,97000.0
117888,128000.0
117900,101000.0
117903,278000.0
117906,131000.0
117917,90000.0
117918,170000.0
117919,170000.0
117925,182000.0
117927,119000.0
117931,124000.0
117935,260000.0
117945,171000.0
117953,106000.0
117956,115000.0
117964,103000.0
117965,103000.0
117966,103000.0
117967,103000.0
117968,103000.0
117969,103000.0
117970,103000.0
117974,103000.0
117984,155000.0
117999,469000.0
118001,145000.0
118006,74000.0
118010,496000.0
118020,120000.0
118023,160000.0
118027,120000.0
118030,67000.0
118048,85000.0
118049,79000.0
118056,99000.0
118060,153000.0
118061,123000.0
118062,67000.0
118067,108000.0
118091,121000.0
118094,121000.0
118095,128000.0
118096,121000.0
118097,121000.0
118098,121000.0
118099,128000.0
118100,121000.0
118101,121000.0
118104,109000.0
118109,166000.0
118116,98000.0
118118,136000.0
118125,171000.0
118126,154000.0
118130,153000.0
118132,176000.0
118133,206000.0
118141,196000.0
118148,90000.0
118149,90000.0
118151,128000.0
118157,148000.0
118163,102000.0
118165,199000.0
118168,184000.0
118169,191000.0
118170,178000.0
118178,127000.0
118180,140000.0
118182,118000.0
118186,70000.0
118192,250000.0
118196,128000.0
118198,132000.0
118209,115000.0
118218,95000.0
118229,102000.0
118230,104000.0
118244,154000.0
118250,132000.0
118255,172000.0
118316,77000.0
118319,84000.0
118320,65000.0
118323,403000.0
118437,80000.0
118449,216000.0
118461,82000.0
118491,90000.0
118511,80000.0
118533,125000.0
118555,104000.0
118562,121000.0
118575,163000.0
118578,88000.0
118589,103000.0
118590,140000.0
118612,103000.0
118617,126000.0
118627,496000.0
118637,109000.0
118646,156000.0
118647,129000.0
118650,300000.0
118659,106000.0
118668,170000.0
118669,98000.0
118701,133000.0
118704,160000.0
118826,92000.0
118866,111000.0
118867,95000.0
118869,94000.0
118870,73000.0
118871,73000.0
118872,73000.0
118881,77000.0
118893,175000.0
118894,141000.0
118897,175000.0
118899,141000.0
118908,104000.0
118923,187000.0
118944,123000.0
118965,179000.0
118987,139000.0
119087,78000.0
119092,128000.0
119098,142000.0
119099,203000.0
119143,209000.0
119180,218000.0
119190,209000.0
119207,189000.0
119217,191000.0
119236,122000.0
119246,150000.0
119247,139000.0
119248,133000.0
119251,131000.0
119252,131000.0
119255,232000.0
119259,200000.0
119262,188000.0
119264,391000.0
119275,144000.0
119284,468000.0
119285,468000.0
119291,156000.0
119294,94000.0
119305,144000.0
119306,263000.0
119311,125000.0
119326,222000.0
119328,447000.0
119334,101000.0
119338,88000.0
119341,444000.0
119343,106000.0
119345,87000.0
119346,87000.0
119348,117000.0
119351,125000.0
119374,255000.0
119389,243000.0
119397,362000.0
119398,505000.0
119401,281000.0
119402,146000.0
119403,281000.0
119406,160000.0
119446,144000.0
119505,365000.0
119514,213000.0
119515,329000.0
119516,115000.0
119529,171000.0
119549,452000.0
119561,121000.0
119562,377000.0
119567,175000.0
119572,246000.0
119573,92000.0
119574,93000.0
119575,115000.0
119590,93000.0
119591,121000.0
119605,145000.0
119606,145000.0
119608,399000.0
119609,185000.0
119611,399000.0
119613,854000.0
119621,93000.0
119637,246000.0
119641,139000.0
119647,139000.0
119648,150000.0
119649,232000.0
119650,142000.0
119656,222000.0
119657,252000.0
119658,472000.0
119673,300000.0
119676,100000.0
119680,112000.0
119683,89000.0
119685,146000.0
119703,104000.0
119709,391000.0
119712,118000.0
119724,139000.0
119731,197000.0
119733,197000.0
119735,197000.0
119748,263000.0
119750,200000.0
119754,223000.0
119759,100000.0
119765,319000.0
119768,116000.0
119770,129000.0
119771,136000.0
119792,102000.0
119794,102000.0
119796,102000.0
119798,438000.0
119804,102000.0
119809,101000.0
119811,271000.0
119813,246000.0
119821,231000.0
119824,191000.0
119825,188000.0
119826,188000.0
119830,191000.0
119831,188000.0
119832,312000.0
119833,96000.0
119834,73000.0
119835,93000.0
119842,125000.0
119847,144000.0
119848,132000.0
119857,185000.0
119871,80000.0
119872,80000.0
119873,82000.0
119876,108000.0
119884,239000.0
119931,160000.0
119932,147000.0
119933,217000.0
119934,160000.0
119937,224000.0
119938,139000.0
119939,130000.0
119944,164000.0
120014,72000.0
120072,97000.0
120077,160000.0
120105,199000.0
120107,147000.0
120111,137000.0
120124,132000.0
120132,85000.0
120133,296000.0
120141,137000.0
120165,102000.0
120166,103000.0
120169,170000.0
120176,188000.0
120177,196000.0
120180,396000.0
120181,395000.0
120193,112000.0
120194,235000.0
120196,155000.0
120205,140000.0
120206,349000.0
120207,126000.0
120208,120000.0
120218,141000.0
120223,527000.0
120231,124000.0
120261,486000.0
120262,253000.0
120263,160000.0
120269,80000.0
120273,164000.0
120279,174000.0
120295,106000.0
120298,122000.0
120302,263000.0
120304,214000.0
120305,262000.0
120306,205000.0
120311,208000.0
120312,208000.0
120314,115000.0
120320,127000.0
120326,197000.0
120327,144000.0
120337,129000.0
120338,129000.0
120339,129000.0
120348,182000.0
120349,182000.0
120350,201000.0
120363,82000.0
120365,108000.0
120371,137000.0
120372,128000.0
120378,137000.0
120381,135000.0
120383,84000.0
120385,70000.0
120414,225000.0
120415,226000.0
120417,88000.0
120419,153000.0
120421,82000.0
120499,107000.0
120500,80000.0
120501,182000.0
120515,150000.0
120516,129000.0
120545,271000.0
120548,64000.0
120561,198000.0
120562,133000.0
120564,124000.0
120569,84000.0
120590,515000.0
120591,360000.0
120592,229000.0
120593,86000.0
120596,363000.0
120597,105000.0
120608,136000.0
120609,121000.0
120614,267000.0
120615,137000.0
120616,138000.0
120629,948000.0
120642,251000.0
120643,86000.0
120646,254000.0
120672,508000.0
120675,177000.0
120676,75000.0
120678,84000.0
120687,439000.0
120688,445000.0
120689,439000.0
120691,485000.0
120692,485000.0
120702,70000.0
120715,212000.0
120720,208000.0
120735,119000.0
120743,178000.0
120744,78000.0
120745,79000.0
120749,222000.0
120756,101000.0
120769,84000.0
120803,93000.0
120810,79000.0
120822,93000.0
120832,190000.0
120833,190000.0
120844,145000.0
120851,80000.0
120886,96000.0
120887,95000.0
120895,209000.0
120903,122000.0
120905,165000.0
120906,168000.0
120910,88000.0
120916,218000.0
120918,439000.0
120920,439000.0
120922,485000.0
120924,485000.0
120925,485000.0
120926,485000.0
120960,93000.0
120970,68000.0
120976,159000.0
121014,134000.0
121019,308000.0
121021,112000.0
121025,157000.0
121030,581000.0
121038,152000.0
121041,136000.0
121042,154000.0
121043,280000.0
121045,154000.0
121046,154000.0
121047,280000.0
121048,227000.0
121049,363000.0
121050,154000.0
121051,154000.0
121061,272000.0
121062,100000.0
121064,100000.0
121068,525000.0
121070,525000.0
121085,100000.0
121097,124000.0
121150,111000.0
121158,137000.0
121159,340000.0
121169,125000.0
121172,90000.0
121187,270000.0
121189,190000.0
121192,798000.0
121193,775000.0
121195,117000.0
121204,112000.0
121208,254000.0
121210,179000.0
121219,251000.0
121224,178000.0
121235,250000.0
121236,250000.0
121238,154000.0
121239,249000.0
121240,227000.0
121241,154000.0
121242,249000.0
121243,154000.0
121244,117000.0
121246,133000.0
121249,139000.0
121251,231000.0
121256,144000.0
121257,145000.0
121258,144000.0
121264,267000.0
121265,180000.0
121270,130000.0
121274,136000.0
121280,199000.0
121282,88000.0
121283,123000.0
121286,123000.0
121295,131000.0
121296,124000.0
121299,122000.0
121300,138000.0
121301,232000.0
121307,110000.0
121308,92000.0
121311,131000.0
121315,199000.0
121320,101000.0
121321,181000.0
121323,141000.0
121324,141000.0
121331,177000.0
121333,141000.0
121335,141000.0
121337,270000.0
121338,103000.0
121339,270000.0
121343,138000.0
121346,199000.0
121347,235000.0
121348,236000.0
121350,235000.0
121351,309000.0
121352,238000.0
121364,525000.0
121365,525000.0
121373,264000.0
121375,156000.0
121376,116000.0
121377,233000.0
121385,200000.0
121397,105000.0
121400,141000.0
121402,100000.0
121408,100000.0
121444,108000.0
121452,93000.0
121455,185000.0
121538,268000.0
121544,107000.0
121597,138000.0
121647,102000.0
121688,207000.0
121697,128000.0
121707,272000.0
121708,272000.0
121710,185000.0
121716,271000.0
121723,369000.0
121739,113000.0
121742,222000.0
121746,235000.0
121751,110000.0
121756,119000.0
121757,99000.0
121765,114000.0
121766,114000.0
121767,108000.0
121771,103000.0
121777,142000.0
121781,267000.0
121787,91000.0
121788,122000.0
121793,315000.0
121802,155000.0
121807,169000.0
121822,154000.0
121824,268000.0
121825,143000.0
121826,89000.0
121829,353000.0
121843,97000.0
121847,119000.0
121848,117000.0
121849,132000.0
121850,114000.0
121854,166000.0
121857,118000.0
121868,118000.0
121878,131000.0
121884,323000.0
121892,96000.0
121899,211000.0
121900,131000.0
121901,92000.0
121909,82000.0
121923,116000.0
121927,110000.0
121930,108000.0
121932,123000.0
121935,116000.0
121941,117000.0
121944,168000.0
121948,172000.0
121954,302000.0
121964,91000.0
121966,202000.0
121970,245000.0
121984,267000.0
121993,120000.0
122033,90000.0
122036,201000.0
122044,130000.0
122165,228000.0
122166,146000.0
122167,190000.0
122168,144000.0
122169,144000.0
122195,126000.0
122197,159000.0
122214,114000.0
122219,239000.0
122225,112000.0
122241,207000.0
122249,124000.0
122262,174000.0
122277,140000.0
122282,123000.0
122294,154000.0
122299,203000.0
122302,158000.0
122311,173000.0
122313,163000.0
122315,298000.0
122318,129000.0
122321,131000.0
122322,106000.0
122323,226000.0
122330,820000.0
122331,808000.0
122332,686000.0
122333,686000.0
122337,130000.0
122340,122000.0
122347,85000.0
122350,197000.0
122351,95000.0
122362,200000.0
122370,146000.0
122371,146000.0
122373,117000.0
122377,99000.0
122382,138000.0
122398,185000.0
122404,111000.0
122405,264000.0
122410,107000.0
122411,182000.0
122412,126000.0
122434,129000.0
122442,232000.0
122454,246000.0
122458,246000.0
122459,245000.0
122467,194000.0
122472,260000.0
122474,241000.0
122475,133000.0
122500,124000.0
122559,116000.0
122560,193000.0
122561,159000.0
122586,91000.0
122599,211000.0
122602,76000.0
122614,84000.0
122616,132000.0
122622,170000.0
122637,117000.0
122644,108000.0
122647,214000.0
122665,123000.0
122667,135000.0
122669,166000.0
122687,242000.0
122695,166000.0
122699,298000.0
122701,201000.0
122703,128000.0
122744,512000.0
122752,152000.0
122762,353000.0
122768,175000.0
122783,207000.0
122784,81000.0
122787,195000.0
122788,171000.0
122792,90000.0
122881,246000.0
122882,85000.0
122900,91000.0
122901,79000.0
122902,90000.0
122903,81000.0
122904,82000.0
122909,138000.0
122927,107000.0
122928,107000.0
122929,107000.0
122932,138000.0
122934,229000.0
122935,133000.0
122947,110000.0
122969,74000.0
122987,289000.0
123070,261000.0
123079,287000.0
123083,288000.0
123092,81000.0
123093,69000.0
123094,71000.0
123095,71000.0
123129,70000.0
123153,224000.0
123165,508000.0
123176,139000.0
123196,82000.0
123248,118000.0
123310,107000.0
123311,110000.0
123312,110000.0
123323,206000.0
123325,206000.0
123326,206000.0
123327,212000.0
123328,206000.0
123331,178000.0
123335,110000.0
123338,143000.0
123400,78000.0
123480,107000.0
123558,73000.0
123572,129000.0
123576,73000.0
123579,181000.0
123580,181000.0
123588,102000.0
123592,103000.0
123595,195000.0
123605,98000.0
123612,250000.0
123620,78000.0
123623,90000.0
123624,91000.0
123657,139000.0
123658,139000.0
123686,68000.0
123734,177000.0
123749,436000.0
123759,188000.0
123760,85000.0
123767,107000.0
123768,107000.0
123808,289000.0
123815,131000.0
123825,167000.0
123835,328000.0
123868,110000.0
123869,110000.0
123870,110000.0
123874,212000.0
123877,110000.0
123892,107000.0
123898,87000.0
123900,82000.0
123903,92000.0
123905,104000.0
124032,364000.0
124034,73000.0
124036,83000.0
124038,195000.0
124039,195000.0
124044,181000.0
124059,100000.0
124070,82000.0
124071,83000.0
124072,70000.0
124073,72000.0
124074,72000.0
124094,139000.0
124096,124000.0
124109,134000.0
124118,111000.0
124125,108000.0
124138,263000.0
124178,70000.0
124187,132000.0
124197,259000.0
124213,175000.0
124214,110000.0
124228,121000.0
124263,118000.0
124339,238000.0
124357,109000.0
124364,112000.0
124380,505000.0
124392,249000.0
124494,90000.0
124500,104000.0
124536,114000.0
124537,70000.0
124540,501000.0
124548,95000.0
124597,501000.0
124642,501000.0
124646,240000.0
124648,239000.0
124662,110000.0
124688,93000.0
124693,214000.0
124707,125000.0
124714,184000.0
124716,189000.0
124731,128000.0
124737,358000.0
124747,754000.0
124759,630000.0
124777,364000.0
124787,305000.0
124796,197000.0
124799,148000.0
124813,306000.0
124819,97000.0
124894,236000.0
124915,131000.0
124962,103000.0
124978,138000.0
124993,164000.0
125005,163000.0
125014,119000.0
125016,134000.0
125020,897000.0
125023,300000.0
125027,188000.0
125044,180000.0
125045,159000.0
125046,1099000.0
125050,205000.0
125072,709000.0
125073,133000.0
125086,1116000.0
125100,248000.0
125117,456000.0
125118,499000.0
125120,229000.0
125125,173000.0
125130,201000.0
125134,881000.0
125136,171000.0
125141,105000.0
125188,218000.0
125200,146000.0
125203,159000.0
125204,93000.0
125275,296000.0
125291,209000.0
125317,134000.0
125332,118000.0
125345,190000.0
125351,242000.0
125357,173000.0
125359,130000.0
125375,165000.0
125380,143000.0
125404,100000.0
125406,121000.0
125422,225000.0
125431,120000.0
125433,136000.0
125434,220000.0
125435,306000.0
125444,94000.0
125466,214000.0
125506,164000.0
125546,164000.0
125554,265000.0
125568,176000.0
125569,387000.0
125573,147000.0
125579,108000.0
125581,206000.0
125583,152000.0
125587,126000.0
125596,311000.0
125618,242000.0
125621,169000.0
125632,244000.0
125639,155000.0
125642,575000.0
125645,306000.0
125694,141000.0
125695,142000.0
125696,106000.0
125714,189000.0
125716,121000.0
125727,192000.0
125734,258000.0
125736,139000.0
125739,157000.0
125744,136000.0
125756,152000.0
125764,234000.0
125766,247000.0
125776,154000.0
125777,154000.0
125783,121000.0
125784,121000.0
125791,146000.0
125822,266000.0
125824,166000.0
125828,162000.0
125829,180000.0
125841,184000.0
309591,248000.0
309611,234000.0
309613,179000.0
309658,86000.0
309661,263000.0
309667,195000.0
309669,143000.0
309678,431000.0
309692,153000.0
309700,258000.0
309707,165000.0
309714,148000.0
309731,434000.0
309734,121000.0
309735,148000.0
309770,281000.0
309817,82000.0
309819,117000.0
320845,120000.0
320872,209000.0
320929,174000.0
320931,173000.0
320932,72000.0
320937,72000.0
320938,72000.0
320940,115000.0
320948,122000.0
320950,278000.0
320954,173000.0
320969,209000.0
320974,159000.0
320998,139000.0
321002,107000.0
321004,102000.0
321023,92000.0
321055,156000.0
321067,138000.0
321080,97000.0
321083,179000.0
321122,196000.0
321127,136000.0
321128,116000.0
321229,115000.0
321231,122000.0
321249,290000.0
321250,280000.0
321258,176000.0
321259,244000.0
321260,72000.0
321262,122000.0
321270,176000.0
321272,81000.0
321278,358000.0
321286,199000.0
321288,124000.0
321289,105000.0
321307,148000.0
321311,153000.0
321316,153000.0
321317,107000.0
321318,107000.0
321319,107000.0
321321,107000.0
321322,130000.0
321323,107000.0
321324,107000.0
321340,214000.0
321346,192000.0
321352,102000.0
321392,136000.0
321393,161000.0
321399,180000.0
321407,179000.0
321428,235000.0
321429,79000.0
321431,79000.0
321455,164000.0
321463,130000.0
321480,1175000.0
321540,143000.0
321551,131000.0
321559,228000.0
321561,107000.0
321567,147000.0
321568,124000.0
321570,153000.0
321573,148000.0
321574,107000.0
321575,99000.0
321577,107000.0
321581,99000.0
321582,107000.0
321583,99000.0
321595,81000.0
321616,276000.0
321656,214000.0
321674,240000.0
321677,126000.0
321730,119000.0
321734,107000.0
321736,107000.0
321737,107000.0
321739,178000.0
321747,146000.0
321749,187000.0
321757,198000.0
321758,223000.0
321762,84000.0
321817,365000.0
321831,359000.0
321834,124000.0
321874,428000.0
321877,362000.0
321883,124000.0
321903,118000.0
321918,194000.0
321940,153000.0
321942,147000.0
321949,140000.0
321950,101000.0
321960,152000.0
321961,152000.0
321965,154000.0
321975,235000.0
321980,507000.0
321989,152000.0
321990,107000.0
322003,128000.0
322025,236000.0
322027,100000.0
322029,90000.0
322038,156000.0
322041,86000.0
322042,81000.0
322045,111000.0
322046,111000.0
322092,267000.0
322107,144000.0
322110,718000.0
322111,322000.0
322112,313000.0
322114,153000.0
322115,177000.0
322116,201000.0
322119,322000.0
322121,335000.0
322132,74000.0
322133,74000.0
322144,169000.0
322156,103000.0
322181,200000.0
322197,196000.0
322220,694000.0
322244,108000.0
322256,385000.0
322271,108000.0
322281,174000.0
322300,93000.0
322304,166000.0
322310,310000.0
322330,90000.0
322332,160000.0
322335,131000.0
322339,206000.0
322360,264000.0
322362,140000.0
322436,230000.0
322445,168000.0
322476,181000.0
322494,100000.0
322500,118000.0
322501,117000.0
322505,115000.0
322517,282000.0
322518,128000.0
322526,446000.0
322527,178000.0
322531,155000.0
322533,83000.0
322534,109000.0
322536,109000.0
322548,189000.0
322553,79000.0
322579,335000.0
322583,341000.0
322591,114000.0
322610,356000.0
322620,147000.0
322630,168000.0
322645,455000.0
322651,173000.0
322653,250000.0
322671,726000.0
322695,63000.0
322712,149000.0
322715,190000.0
322732,323000.0
322741,143000.0
322744,322000.0
322757,139000.0
322769,111000.0
322786,185000.0
322789,86000.0
322800,126000.0
322807,114000.0
322808,207000.0
322810,97000.0
322816,163000.0
322833,111000.0
322871,266000.0
322980,188000.0
322981,191000.0
322983,177000.0
322984,177000.0
322985,322000.0
322986,347000.0
322987,177000.0
322990,153000.0
323000,104000.0
323002,132000.0
323011,166000.0
323013,447000.0
323017,109000.0
323032,108000.0
323066,73000.0
323069,306000.0
323077,76000.0
323085,90000.0
323088,264000.0
323101,659000.0
323102,265000.0
323122,174000.0
323169,96000.0
323189,99000.0
323192,109000.0
323194,132000.0
323197,1462000.0
323198,354000.0
323233,203000.0
323254,124000.0
323308,324000.0
323310,339000.0
323318,151000.0
323325,224000.0
323330,96000.0
323339,151000.0
323342,95000.0
323349,398000.0
323382,147000.0
323396,187000.0
323403,248000.0
323412,165000.0
323413,165000.0
323421,164000.0
323425,218000.0
323433,336000.0
323434,184000.0
323446,136000.0
323459,92000.0
323487,209000.0
323518,107000.0
323536,148000.0
323549,153000.0
323552,149000.0
323608,151000.0
323617,93000.0
323622,395000.0
323629,205000.0
323656,212000.0
323664,286000.0
323668,142000.0
323678,356000.0
323703,160000.0
323710,179000.0
323722,199000.0
323723,84000.0
323780,93000.0
323792,136000.0
323831,279000.0
323894,140000.0
323911,113000.0
323917,94000.0
323926,178000.0
323944,143000.0
324001,203000.0
324006,167000.0
324023,160000.0
324032,229000.0
324058,169000.0
324078,199000.0
324079,197000.0
324118,212000.0
324146,212000.0
324152,120000.0
324158,586000.0
324160,886000.0
324236,117000.0
324287,1121000.0
324306,297000.0
324371,719000.0
324381,94000.0
324395,157000.0
324415,273000.0
324417,487000.0
324418,487000.0
324454,132000.0
324455,78000.0
324497,96000.0
324557,114000.0
324596,346000.0
324605,442000.0
324608,523000.0
324616,346000.0
324628,230000.0
324634,195000.0
324666,374000.0
324716,420000.0
324721,215000.0
324723,470000.0
324784,236000.0
324797,390000.0
324814,588000.0
324819,970000.0
324846,95000.0
324904,171000.0
324941,346000.0
325010,671000.0
325044,415000.0
325045,345000.0
695288,144000.0
695340,188000.0
695354,142000.0
695495,182000.0
695510,110000.0
695519,1237000.0
695520,1237000.0
695565,127000.0
695596,283000.0
695610,182000.0
695611,113000.0
695614,95000.0
695615,277000.0
695631,115000.0
695794,191000.0
695813,455000.0
695828,264000.0
695877,361000.0
696061,195000.0
696119,182000.0
696129,179000.0
696183,133000.0
696223,450000.0
696268,331000.0
696269,457000.0
696272,440000.0
696273,442000.0
696329,392000.0
696334,392000.0
696336,447000.0
696337,449000.0
696338,447000.0
696339,449000.0
696340,450000.0
696352,125000.0
696357,174000.0
696508,216000.0
696512,115000.0
696609,200000.0
696610,438000.0
696645,165000.0
712644,170000.0
712653,317000.0
712676,133000.0
712685,257000.0
712690,240000.0
712692,281000.0
712748,232000.0
712750,124000.0
712751,203000.0
712768,176000.0
712776,224000.0
712780,221000.0
712788,147000.0
712794,140000.0
712816,165000.0
712817,108000.0
712818,307000.0
712823,335000.0
712835,425000.0
712852,143000.0
712858,251000.0
712871,263000.0
712880,157000.0
712881,95000.0
712890,99000.0
712901,200000.0
712917,270000.0
712999,161000.0
713027,72000.0
713050,146000.0
713084,109000.0
713098,175000.0
713109,86000.0
713127,100000.0
713151,110000.0
713157,395000.0
713159,146000.0
713160,152000.0
713169,117000.0
713182,209000.0
713190,100000.0
713192,114000.0
713197,204000.0
713213,166000.0
713216,154000.0
713247,170000.0
713251,298000.0
713264,137000.0
713309,137000.0
713319,294000.0
713341,201000.0
713350,872000.0
713375,307000.0
713391,191000.0
713394,95000.0
713420,80000.0
713421,288000.0
713429,88000.0
713432,191000.0
713434,222000.0
713437,181000.0
713469,338000.0
713476,272000.0
713477,165000.0
713501,195000.0
713507,96000.0
713536,239000.0
713544,200000.0
713560,198000.0
713580,136000.0
713651,134000.0
713656,156000.0
713740,206000.0
713800,369000.0
713801,128000.0
713806,291000.0
713820,103000.0
713823,106000.0
713847,204000.0
713864,173000.0
713866,159000.0
713868,217000.0
713878,84000.0
713881,171000.0
713897,149000.0
713934,187000.0
713939,115000.0
713950,355000.0
713991,139000.0
713993,86000.0
714003,154000.0
714017,203000.0
714021,157000.0
714026,534000.0
714064,108000.0
714174,87000.0
714196,281000.0
714262,299000.0
714353,118000.0
714369,131000.0
714374,243000.0
714385,191000.0
714393,619000.0
714398,458000.0
714412,225000.0
714415,136000.0
714417,311000.0
714430,191000.0
714507,189000.0
714555,107000.0
714586,393000.0
714587,206000.0
714609,104000.0
714636,306000.0
714676,61000.0
714689,124000.0
714713,431000.0
714721,98000.0
714725,140000.0
714774,113000.0
714784,178000.0
714821,123000.0
714833,377000.0
714858,186000.0
714864,186000.0
714871,128000.0
714874,552000.0
714890,216000.0
714911,145000.0
714930,322000.0
714957,172000.0
714970,126000.0
715017,181000.0
715034,266000.0
715036,538000.0
715051,170000.0
715078,134000.0
715080,131000.0
715127,290000.0
715142,125000.0
715176,192000.0
715189,129000.0
715195,153000.0
715196,127000.0
715264,139000.0
715291,164000.0
715295,198000.0
715297,309000.0
715305,68000.0
715309,148000.0
715319,177000.0
715321,102000.0
715381,92000.0
715383,238000.0
715402,281000.0
715413,381000.0
715440,195000.0
715490,119000.0
715496,242000.0
715529,75000.0
715546,142000.0
715580,69000.0
715584,164000.0
715594,336000.0
715611,160000.0
715628,281000.0
715643,111000.0
715645,196000.0
715666,245000.0
715669,78000.0
715756,116000.0
715761,193000.0
715771,158000.0
715775,160000.0
715779,161000.0
715783,91000.0
715789,94000.0
715799,174000.0
715801,266000.0
715802,223000.0
715816,193000.0
715819,124000.0
715854,106000.0
715885,205000.0
715904,192000.0
715909,194000.0
715926,209000.0
715960,169000.0
715975,133000.0
715987,386000.0
715991,88000.0
716004,114000.0
716016,87000.0
716034,462000.0
716036,118000.0
716062,103000.0
716088,58000.0
716090,101000.0
716098,218000.0
716112,99000.0
716122,126000.0
716135,159000.0
716165,114000.0
716198,130000.0
716225,242000.0
716229,481000.0
716230,96000.0
716233,148000.0
716243,125000.0
716251,243000.0
716252,94000.0
716270,88000.0
716289,244000.0
716355,191000.0
716367,156000.0
716371,298000.0
716379,99000.0
716381,131000.0
716388,161000.0
716430,131000.0
716437,128000.0
716439,148000.0
716453,81000.0
716459,206000.0
716475,346000.0
716495,204000.0
716516,279000.0
716564,194000.0
716566,322000.0
716646,171000.0
716652,133000.0
716677,148000.0
716680,128000.0
716696,240000.0
716716,144000.0
716750,304000.0
716759,195000.0
716761,240000.0
716822,219000.0
716839,96000.0
716905,297000.0
716942,159000.0
716964,156000.0
717008,396000.0
717022,147000.0
717046,91000.0
717110,81000.0
717123,398000.0
717146,76000.0
717179,163000.0
717184,241000.0
717187,115000.0
717188,93000.0
717189,302000.0
717195,147000.0
717197,149000.0
717227,97000.0
717270,161000.0
717303,189000.0
717333,132000.0
717335,127000.0
717342,775000.0
717358,157000.0
717374,120000.0
717386,296000.0
717417,118000.0
717491,74000.0
717502,72000.0
717549,177000.0
717570,226000.0
717574,60000.0
717602,192000.0
717626,245000.0
717630,75000.0
717635,252000.0
717641,112000.0
717648,107000.0
717652,83000.0
717689,154000.0
717727,94000.0
717783,196000.0
717808,195000.0
717824,219000.0
717869,145000.0
717986,117000.0
717995,60000.0
717997,233000.0
717999,96000.0
718069,124000.0
718109,198000.0
718113,234000.0
718134,190000.0
718135,207000.0
718144,85000.0
718171,374000.0
718212,133000.0
718229,97000.0
718242,93000.0
718310,190000.0
718329,192000.0
718331,89000.0
718349,319000.0
718436,104000.0
718506,121000.0
718581,230000.0
718620,99000.0
718648,191000.0
718653,104000.0
718675,92000.0
718683,161000.0
718696,122000.0
718697,155000.0
718773,624000.0
718786,172000.0
718806,142000.0
718811,225000.0
718812,294000.0
718841,151000.0
718869,395000.0
718891,518000.0
718902,150000.0
718919,214000.0
718930,203000.0
718970,253000.0
719018,224000.0
719060,206000.0
719062,106000.0
719065,225000.0
719076,356000.0
719091,147000.0
719120,89000.0
719146,177000.0
719186,98000.0
719188,379000.0
719197,130000.0
719201,143000.0
719203,123000.0
719208,123000.0
719210,193000.0
719216,123000.0
719224,154000.0
719246,123000.0
719258,93000.0
719300,223000.0
719334,95000.0
719360,403000.0
719377,172000.0
719415,110000.0
719424,180000.0
719429,231000.0
719445,364000.0
719446,364000.0
719469,242000.0
719503,144000.0
719537,262000.0
719593,116000.0
719616,103000.0
719642,75000.0
719655,320000.0
719693,87000.0
719720,147000.0
719747,124000.0
719748,86000.0
719754,101000.0
719784,100000.0
719794,103000.0
719802,110000.0
719806,79000.0
719810,116000.0
719812,99000.0
719828,173000.0
719833,122000.0
719882,80000.0
719895,141000.0
719909,145000.0
719971,90000.0
720043,195000.0
720108,288000.0
720119,107000.0
720163,83000.0
720166,145000.0
720188,99000.0
720194,231000.0
720274,115000.0
720292,118000.0
720296,118000.0
720304,92000.0
720323,162000.0
720342,531000.0
720348,186000.0
720379,107000.0
720386,230000.0
720388,164000.0
720393,113000.0
720398,163000.0
720403,119000.0
720409,285000.0
720440,126000.0
720450,104000.0
720481,85000.0
720530,189000.0
720534,106000.0
720549,92000.0
720550,116000.0
720609,117000.0
720629,237000.0
720646,147000.0
720649,234000.0
720659,78000.0
720745,206000.0
720753,94000.0
720789,83000.0
720879,216000.0
720899,184000.0
720909,119000.0
720925,179000.0
720932,89000.0
720950,258000.0
720956,124000.0
720964,223000.0
720970,126000.0
720997,197000.0
721019,507000.0
721074,189000.0
721104,113000.0
721128,67000.0
721132,83000.0
721135,71000.0
721138,84000.0
721169,296000.0
721241,153000.0
721303,98000.0
721327,92000.0
721355,185000.0
721380,94000.0
721384,172000.0
721403,123000.0
721426,158000.0
721462,147000.0
721473,99000.0
721548,172000.0
721568,115000.0
721574,129000.0
721579,315000.0
721598,147000.0
721634,183000.0
721647,357000.0
721701,79000.0
721727,165000.0
721746,124000.0
721751,331000.0
721773,126000.0
721806,71000.0
721859,226000.0
721869,365000.0
721922,180000.0
722035,793000.0
722036,793000.0
722125,72000.0
722131,122000.0
722173,95000.0
722181,349000.0
722212,113000.0
722250,94000.0
722257,114000.0
722262,196000.0
722278,326000.0
722288,91000.0
722289,80000.0
722312,151000.0
722332,79000.0
722333,145000.0
722344,83000.0
722356,788000.0
722360,119000.0
722388,137000.0
722430,88000.0
722458,111000.0
722486,154000.0
722515,130000.0
722557,189000.0
722582,358000.0
722592,113000.0
722603,251000.0
722611,143000.0
722612,194000.0
722613,148000.0
722617,119000.0
722639,282000.0
722669,129000.0
722794,216000.0
722805,431000.0
722979,162000.0
722991,835000.0
722996,318000.0
723017,245000.0
723054,150000.0
723133,402000.0
723238,279000.0
723261,187000.0
723269,247000.0
723341,91000.0
723364,370000.0
723370,134000.0
723418,312000.0
723439,153000.0
723497,79000.0
723503,107000.0
723527,111000.0
723559,98000.0
723569,74000.0
723575,84000.0
723590,248000.0
723636,132000.0
723646,156000.0
723662,79000.0
723694,715000.0
723703,378000.0
723705,104000.0
723726,196000.0
723746,70000.0
723756,103000.0
723769,159000.0
723775,235000.0
723789,177000.0
723793,114000.0
723826,205000.0
723846,148000.0
723856,77000.0
723936,337000.0
723944,172000.0
723996,94000.0
724017,162000.0
724019,173000.0
724048,156000.0
724049,83000.0
724059,477000.0
724070,479000.0
724209,155000.0
724225,594000.0
724230,208000.0
724234,216000.0
724247,324000.0
724249,352000.0
724273,127000.0
724294,56000.0
724309,72000.0
724315,396000.0
724343,606000.0
724348,276000.0
724352,259000.0
724357,208000.0
724385,82000.0
724424,165000.0
724532,178000.0
724560,180000.0
724606,159000.0
724640,212000.0
724671,157000.0
724797,86000.0
724820,66000.0
724847,98000.0
724947,63000.0
724960,187000.0
724977,166000.0
724987,873000.0
725073,108000.0
725121,459000.0
725177,193000.0
725180,113000.0
725186,125000.0
725367,160000.0
725435,86000.0
725481,145000.0
725560,168000.0
725581,79000.0
725620,195000.0
725646,68000.0
725648,192000.0
725681,227000.0
725683,76000.0
725741,69000.0
725753,134000.0
725778,116000.0
725811,97000.0
725875,269000.0
725997,133000.0
726011,444000.0
726050,186000.0
726064,230000.0
726121,72000.0
726144,100000.0
726145,101000.0
726174,92000.0
726332,291000.0
726351,58000.0
726359,188000.0
726443,127000.0
726459,120000.0
726460,70000.0
726461,166000.0
726470,342000.0
726488,83000.0
726491,171000.0
726518,67000.0
726642,397000.0
726643,93000.0
726678,112000.0
726698,80000.0
726797,46000.0
726850,89000.0
726887,88000.0
726898,231000.0
726904,628000.0
726915,474000.0
726976,240000.0
727014,123000.0
727021,138000.0
727064,101000.0
727101,352000.0
727114,79000.0
727129,88000.0
727142,146000.0
727160,70000.0
727168,281000.0
727178,81000.0
727188,53000.0
727198,75000.0
727202,190000.0
727275,97000.0
727322,108000.0
727334,178000.0
727345,157000.0
727359,143000.0
727364,84000.0
727433,104000.0
727438,79000.0
727490,85000.0
727503,137000.0
727540,335000.0
727542,109000.0
727585,85000.0
727593,69000.0
727615,113000.0
727627,126000.0
727655,196000.0
727691,142000.0
727694,177000.0
727811,161000.0
727895,166000.0
728058,208000.0
728078,329000.0
728243,334000.0
728309,197000.0
728352,114000.0
728363,270000.0
728364,96000.0
728431,521000.0
728500,88000.0
728503,156000.0
728529,742000.0
728582,115000.0
728586,126000.0
728694,177000.0
728709,146000.0
728713,180000.0
728796,176000.0
728798,204000.0
728926,127000.0
728950,117000.0
728966,159000.0
728985,97000.0
729017,110000.0
729075,437000.0
729111,261000.0
729119,187000.0
729136,175000.0
729148,222000.0
729174,138000.0
729177,118000.0
729181,148000.0
729203,93000.0
729210,228000.0
729226,132000.0
729265,159000.0
729341,69000.0
729380,196000.0
729400,117000.0
729445,169000.0
729455,183000.0
729464,116000.0
729510,348000.0
729514,115000.0
729528,290000.0
729536,101000.0
729540,189000.0
729554,107000.0
729607,123000.0
729608,73000.0
729625,213000.0
729641,212000.0
729644,94000.0
729663,507000.0
729721,604000.0
729768,286000.0
729773,91000.0
729782,222000.0
729789,166000.0
729812,195000.0
729831,118000.0
729845,120000.0
729990,97000.0
730059,114000.0
730106,180000.0
730114,64000.0
730131,72000.0
730151,97000.0
730265,84000.0
730294,142000.0
730332,84000.0
730363,253000.0
730414,101000.0
730524,107000.0
730596,118000.0
730640,151000.0
730686,90000.0
730881,158000.0
730894,136000.0
730939,167000.0
731035,130000.0
731059,104000.0
731100,64000.0
731187,114000.0
731206,169000.0
731217,160000.0
731226,157000.0
731245,360000.0
731327,244000.0
731364,75000.0
731419,100000.0
731420,100000.0
731429,131000.0
731450,119000.0
731474,157000.0
731507,131000.0
731508,127000.0
731588,108000.0
731696,67000.0
731757,498000.0
731801,534000.0
731833,72000.0
731851,67000.0
731874,706000.0
732027,130000.0
732100,70000.0
732211,102000.0
732262,109000.0
732403,126000.0
732408,189000.0
732440,125000.0
732456,279000.0
732495,130000.0
732512,119000.0
732513,146000.0
732518,77000.0
732657,178000.0
732818,102000.0
732911,146000.0
732929,114000.0
732954,112000.0
732965,189000.0
732970,130000.0
732998,101000.0
733071,89000.0
733086,162000.0
733135,193000.0
733209,133000.0
733485,512000.0
733560,138000.0
733655,96000.0
733708,118000.0
733722,64000.0
733753,70000.0
733774,104000.0
733855,145000.0
733856,89000.0
733903,117000.0
733907,91000.0
733919,104000.0
734011,97000.0
734023,142000.0
734094,171000.0
734149,225000.0
734159,90000.0
734160,160000.0
734181,111000.0
734275,179000.0
734658,326000.0
734708,220000.0
734725,240000.0
734836,250000.0
735000,318000.0
735007,129000.0
735055,231000.0
735124,94000.0
735158,70000.0
735189,99000.0
735216,145000.0
735230,178000.0
735232,120000.0
735250,232000.0
735298,120000.0
735355,184000.0
735484,126000.0
735490,176000.0
735491,111000.0
735493,142000.0
735505,151000.0
735533,131000.0
735555,145000.0
735561,78000.0
735562,100000.0
735614,126000.0
735627,125000.0
735634,221000.0
735698,60000.0
735797,265000.0
735802,258000.0
735891,78000.0
735983,99000.0
736002,200000.0
736030,108000.0
736051,103000.0
736089,73000.0
736143,269000.0
736169,91000.0
736175,196000.0
736225,206000.0
736311,99000.0
736320,312000.0
736337,94000.0
736397,199000.0
736443,117000.0
736489,91000.0
736635,49000.0
736651,358000.0
736721,176000.0
736740,63000.0
736799,184000.0
736983,150000.0
737015,246000.0
737075,165000.0
737150,130000.0
737209,188000.0
737263,240000.0
737285,97000.0
737397,121000.0
737458,515000.0
737514,157000.0
737665,330000.0
737976,435000.0
738028,194000.0
738143,157000.0
738160,171000.0
738192,106000.0
738314,434000.0
738320,100000.0
738381,229000.0
738406,71000.0
738433,126000.0
738489,100000.0
738491,103000.0
738574,117000.0
738723,221000.0
738880,109000.0
738920,116000.0
739033,472000.0
739042,75000.0
739182,60000.0
739254,85000.0
739359,183000.0
739360,183000.0
739364,149000.0
739430,92000.0
739497,104000.0
739563,127000.0
739581,281000.0
739670,92000.0
739702,66000.0
739717,125000.0
739824,236000.0
740070,227000.0
740158,154000.0
740377,89000.0
740499,226000.0
740572,190000.0
740609,133000.0
740798,362000.0
740914,388000.0
740915,230000.0
740917,166000.0
740932,95000.0
740974,160000.0
740993,95000.0
740998,95000.0
741000,95000.0
741002,95000.0
741008,95000.0
741036,256000.0
741047,244000.0
741111,883000.0
741171,146000.0
741174,272000.0
741203,124000.0
741205,172000.0
741232,86000.0
741270,155000.0
741294,141000.0
741312,152000.0
741313,632000.0
741329,101000.0
741401,153000.0
741416,212000.0
741433,96000.0
741457,311000.0
741533,199000.0
741591,142000.0
741682,210000.0
741699,50000.0
741808,190000.0
741810,155000.0
741811,200000.0
741813,152000.0
741824,198000.0
741842,91000.0
741844,92000.0
741999,173000.0
742049,110000.0
742278,94000.0
742444,132000.0
742500,89000.0
742512,111000.0
742534,57000.0
742552,131000.0
742592,119000.0
742595,220000.0
742813,167000.0
742839,99000.0
743024,101000.0
743072,136000.0
743084,182000.0
743131,92000.0
743197,321000.0
743226,140000.0
743233,200000.0
743243,123000.0
743310,144000.0
743424,157000.0
743645,114000.0
743678,94000.0
743689,270000.0
743736,115000.0
743938,103000.0
744009,78000.0
744134,137000.0
744142,163000.0
744196,211000.0
744806,80000.0
744824,197000.0
744870,425000.0
744879,111000.0
744924,103000.0
745039,104000.0
745099,666000.0
745109,246000.0
745286,173000.0
745287,148000.0
745364,120000.0
745581,143000.0
745614,145000.0
745630,195000.0
745696,977000.0
745726,80000.0
745763,195000.0
745819,127000.0
745898,302000.0
745924,126000.0
745960,62000.0
746269,80000.0
746297,171000.0
746353,174000.0
746361,224000.0
746390,135000.0
746450,107000.0
746513,382000.0
746565,110000.0
746720,240000.0
746732,127000.0
746769,503000.0
746790,243000.0
746846,125000.0
746847,125000.0
746901,265000.0
747013,157000.0
747015,273000.0
747085,65000.0
747090,186000.0
747139,71000.0
747310,133000.0
747474,269000.0
747521,144000.0
747537,86000.0
747736,149000.0
747743,156000.0
747759,113000.0
747810,198000.0
747995,146000.0
748013,71000.0
748040,255000.0
748058,212000.0
748060,212000.0
748073,195000.0
748106,128000.0
748145,162000.0
748150,368000.0
748172,225000.0
748287,135000.0
748308,98000.0
748311,139000.0
748429,66000.0
748523,154000.0
748544,180000.0
748713,158000.0
748836,211000.0
748845,159000.0
748856,151000.0
748895,158000.0
748962,305000.0
749165,126000.0
749218,149000.0
749232,99000.0
749255,157000.0
749452,150000.0
749483,142000.0
749497,126000.0
749502,190000.0
749504,163000.0
749521,212000.0
749571,202000.0
749671,367000.0
749821,307000.0
749975,76000.0
750049,250000.0
750155,105000.0
750174,96000.0
750408,53000.0
750418,100000.0
750441,117000.0
750475,600000.0
750559,103000.0
750579,96000.0
750669,147000.0
750683,147000.0
750740,153000.0
750956,133000.0
751319,57000.0
751352,180000.0
751396,437000.0
751416,118000.0
751421,310000.0
751442,92000.0
751459,77000.0
751587,80000.0
751714,123000.0
751886,138000.0
751971,122000.0
752242,194000.0
752254,112000.0
752310,56000.0
752576,231000.0
752705,50000.0
752895,96000.0
752914,451000.0
752994,71000.0
753036,212000.0
753099,144000.0
753188,103000.0
753196,127000.0
753234,126000.0
753289,212000.0
753295,212000.0
753297,212000.0
753387,212000.0
753393,212000.0
753395,212000.0
753397,212000.0
753399,212000.0
753402,212000.0
753404,212000.0
753405,212000.0
753406,122000.0
753602,104000.0
753948,211000.0
754108,90000.0
754112,68000.0
754292,439000.0
754384,121000.0
754763,128000.0
754978,115000.0
754995,68000.0
755014,163000.0
755055,168000.0
755065,219000.0
755138,365000.0
755226,205000.0
755447,112000.0
755448,112000.0
755575,82000.0
755674,83000.0
755809,451000.0
755892,95000.0
756308,105000.0
756620,80000.0
756836,524000.0
757366,249000.0
757425,92000.0
757539,181000.0
757668,120000.0
757758,196000.0
757792,103000.0
757925,81000.0
757991,120000.0
758122,89000.0
758135,151000.0
758325,201000.0
758344,209000.0
758410,81000.0
758601,76000.0
758674,191000.0
758911,95000.0
759246,95000.0
759339,228000.0
759621,223000.0
759656,225000.0
759823,191000.0
759982,97000.0
760071,258000.0
760135,92000.0
760172,99000.0
760262,269000.0
760514,128000.0
760522,93000.0
760523,93000.0
760607,75000.0
760760,104000.0
760878,180000.0
761015,135000.0
761078,77000.0
761137,120000.0
761182,109000.0
761221,176000.0
761226,237000.0
761245,163000.0
761273,198000.0
761281,110000.0
761297,242000.0
761298,122000.0
761312,77000.0
761418,314000.0
761437,77000.0
761449,93000.0
761451,247000.0
761462,120000.0
761597,100000.0
761616,92000.0
761631,64000.0
761638,291000.0
761660,349000.0
761662,100000.0
761734,124000.0
761737,89000.0
761773,163000.0
761775,163000.0
761781,163000.0
761783,163000.0
761870,119000.0
761928,113000.0
762020,98000.0
762104,111000.0
762106,108000.0
762135,112000.0
762140,191000.0
762146,122000.0
762260,322000.0
762277,111000.0
762395,76000.0
762467,94000.0
762485,194000.0
762509,107000.0
762528,185000.0
762572,154000.0
762642,105000.0
762673,192000.0
762782,166000.0
762792,121000.0
762828,60000.0
762848,141000.0
762862,71000.0
762894,102000.0
762903,205000.0
762924,74000.0
762929,190000.0
762937,61000.0
762941,282000.0
762951,166000.0
762959,175000.0
762965,145000.0
762986,64000.0
763016,450000.0
763021,290000.0
763034,169000.0
763065,84000.0
763068,891000.0
763073,254000.0
763090,393000.0
763152,110000.0
763153,110000.0
763212,215000.0
763270,114000.0
763279,292000.0
763299,158000.0
763300,158000.0
763314,108000.0
763332,120000.0
763333,120000.0
763334,120000.0
763337,121000.0
763338,118000.0
763348,119000.0
763349,85000.0
763351,107000.0
763389,97000.0
763421,117000.0
763424,111000.0
763429,120000.0
763431,85000.0
763433,83000.0
763435,117000.0
763438,110000.0
763439,85000.0
763446,108000.0
763447,79000.0
763448,109000.0
763449,117000.0
763450,116000.0
763452,110000.0
763453,79000.0
763454,107000.0
763457,115000.0
763458,113000.0
763460,79000.0
763464,107000.0
763466,119000.0
763528,95000.0
763572,119000.0
763575,85000.0
763576,96000.0
763591,334000.0
763627,82000.0
763628,223000.0
763629,223000.0
763631,81000.0
763633,80000.0
763634,80000.0
763653,121000.0
763684,82000.0
763733,89000.0
763744,86000.0
763764,165000.0
763781,92000.0
763788,100000.0
763797,86000.0
763842,121000.0
763856,56000.0
763925,97000.0
763942,198000.0
764037,76000.0
764042,110000.0
764044,110000.0
764047,110000.0
764052,110000.0
764103,84000.0
764132,243000.0
764192,48000.0
764215,87000.0
764263,506000.0
764332,127000.0
764347,139000.0
764361,201000.0
764368,717000.0
764413,335000.0
764414,184000.0
764496,104000.0
764544,335000.0
764737,76000.0
764777,88000.0
764797,70000.0
764822,196000.0
764827,157000.0
764828,67000.0
764836,82000.0
764862,89000.0
764907,249000.0
764910,94000.0
764922,104000.0
764946,209000.0
764999,424000.0
765049,134000.0
765056,93000.0
765097,157000.0
765112,138000.0
765115,172000.0
765282,95000.0
765294,109000.0
765352,108000.0
765358,83000.0
765365,93000.0
765396,124000.0
765440,196000.0
765475,99000.0
765494,191000.0
765496,191000.0
765520,147000.0
765527,304000.0
765571,692000.0
765572,513000.0
765599,107000.0
765625,175000.0
765669,211000.0
765676,240000.0
765686,84000.0
765756,191000.0
765760,191000.0
765768,270000.0
765786,85000.0
765832,132000.0
765840,89000.0
765853,191000.0
765854,191000.0
765869,103000.0
765883,128000.0
765884,85000.0
765913,1008000.0
765938,85000.0
766020,78000.0
766039,102000.0
766052,224000.0
766076,230000.0
766102,88000.0
766103,146000.0
766106,90000.0
766110,85000.0
766114,122000.0
766137,62000.0
766140,130000.0
766142,361000.0
766151,101000.0
766163,243000.0
766185,76000.0
766212,134000.0
766222,197000.0
766225,145000.0
766250,111000.0
766251,183000.0
766253,111000.0
766259,62000.0
766272,183000.0
766300,205000.0
766328,77000.0
766392,126000.0
766404,109000.0
766416,130000.0
766459,96000.0
766463,68000.0
766464,200000.0
766479,85000.0
766501,206000.0
766550,97000.0
766648,99000.0
766782,106000.0
766785,355000.0
766808,93000.0
766824,73000.0
766883,106000.0
766891,103000.0
766923,46000.0
766951,65000.0
766977,98000.0
766984,582000.0
766998,224000.0
767008,244000.0
767009,94000.0
767047,88000.0
767056,196000.0
767092,343000.0
767132,176000.0
767229,346000.0
767253,120000.0
767260,120000.0
767290,133000.0
767319,260000.0
767321,85000.0
767366,201000.0
767405,81000.0
767407,90000.0
767409,94000.0
767414,73000.0
767465,185000.0
767487,117000.0
767512,141000.0
767558,250000.0
767705,260000.0
767856,113000.0
768002,139000.0
768343,137000.0
768717,83000.0
768790,135000.0
768981,218000.0
769002,80000.0
769155,106000.0
769216,164000.0
769226,120000.0
769575,118000.0
769599,125000.0
769768,76000.0
769812,122000.0
769898,252000.0
769957,46000.0
770294,89000.0
770295,82000.0
770484,181000.0
770520,160000.0
770523,67000.0
770558,73000.0
770682,107000.0
770744,85000.0
770751,113000.0
770765,280000.0
770777,309000.0
770786,84000.0
770972,136000.0
771112,90000.0
771113,127000.0
771117,121000.0
771118,109000.0
771333,185000.0
771397,250000.0
771816,237000.0
771858,166000.0
772028,107000.0
772107,156000.0
772213,84000.0
772214,75000.0
774481,198000.0
774546,127000.0
774699,74000.0
774950,244000.0
775137,280000.0
775139,137000.0
775393,126000.0
775537,101000.0
775560,133000.0
775652,98000.0
775907,97000.0
776742,136000.0
776780,327000.0
776781,179000.0
776783,133000.0
776981,413000.0
777103,69000.0
777106,452000.0
777107,99000.0
777108,57000.0
777110,554000.0
777117,228000.0
777118,392000.0
777121,292000.0
777123,460000.0
777125,546000.0
777210,211000.0
777453,182000.0
777462,115000.0
777464,115000.0
777489,58000.0
777572,223000.0
778274,164000.0
778564,242000.0
778634,180000.0
778678,59000.0
778689,201000.0
778791,108000.0
778830,133000.0
778851,94000.0
778906,175000.0
778948,231000.0
778949,73000.0
778952,87000.0
778953,84000.0
778956,158000.0
778970,126000.0
778976,228000.0
779003,282000.0
779077,114000.0
779114,84000.0
779141,66000.0
779149,326000.0
779215,61000.0
779288,90000.0
779384,96000.0
779391,106000.0
779392,74000.0
779393,187000.0
779705,82000.0
779738,123000.0
779782,178000.0
779867,370000.0
779904,206000.0
779938,160000.0
779977,128000.0
779984,63000.0
780002,731000.0
780020,327000.0
780073,58000.0
780093,77000.0
780095,148000.0
780214,141000.0
780253,81000.0
780353,201000.0
780376,85000.0
780395,95000.0
780419,84000.0
780420,95000.0
780421,95000.0
780564,91000.0
780596,165000.0
780669,124000.0
780694,96000.0
780702,85000.0
780715,144000.0
780724,87000.0
780846,237000.0
780856,193000.0
780863,89000.0
780900,190000.0
780951,126000.0
781145,101000.0
781275,263000.0
781371,85000.0
781416,63000.0
781559,87000.0
781563,119000.0
781572,108000.0
781698,81000.0
781700,101000.0
781825,97000.0
781843,145000.0
781844,145000.0
781845,145000.0
781846,145000.0
781854,79000.0
781859,337000.0
781860,312000.0
781866,90000.0
781946,228000.0
781982,395000.0
782181,179000.0
782201,158000.0
782394,150000.0
782416,161000.0
782443,174000.0
782452,107000.0
782561,86000.0
782627,167000.0
782642,280000.0
782665,81000.0
782671,93000.0
782675,188000.0
782693,78000.0
782705,156000.0
782706,211000.0
782708,105000.0
782717,570000.0
782722,91000.0
782761,64000.0
782782,99000.0
782785,65000.0
782849,67000.0
782946,71000.0
783038,103000.0
783051,153000.0
783056,153000.0
783125,160000.0
783130,154000.0
783231,101000.0
783260,640000.0
783421,282000.0
783512,120000.0
783559,119000.0
783604,256000.0
783607,931000.0
783636,116000.0
783654,73000.0
783811,135000.0
783914,152000.0
783951,146000.0
783978,205000.0
783979,205000.0
784000,288000.0
784012,139000.0
784167,85000.0
784275,77000.0
784431,110000.0
784568,106000.0
784570,128000.0
784737,84000.0
784762,162000.0
784768,84000.0
784842,153000.0
785009,223000.0
785082,97000.0
785261,112000.0
785408,88000.0
785455,53000.0
785514,172000.0
785588,195000.0
785808,139000.0
785820,128000.0
785970,194000.0
785973,194000.0
786182,104000.0
786183,97000.0
786346,183000.0
786447,144000.0
786450,144000.0
786451,144000.0
786452,144000.0
786456,144000.0
786457,144000.0
786484,144000.0
786521,192000.0
786587,121000.0
786628,763000.0
786831,222000.0
786859,85000.0
787068,83000.0
787151,101000.0
787208,166000.0
787215,234000.0
787216,234000.0
787276,193000.0
787281,242000.0
787289,100000.0
787291,262000.0
787331,100000.0
787343,52000.0
787361,156000.0
787369,153000.0
787382,70000.0
787385,111000.0
787401,214000.0
787405,146000.0
787411,79000.0
787454,75000.0
787485,54000.0
787486,54000.0
787489,54000.0
787490,54000.0
787528,180000.0
787529,195000.0
787533,184000.0
787535,140000.0
787538,112000.0
787555,133000.0
787614,80000.0
787634,102000.0
787684,150000.0
787868,924000.0
788008,197000.0
788356,65000.0
788577,364000.0
788645,121000.0
788730,198000.0
788820,120000.0
788990,92000.0
788994,121000.0
789179,744000.0
789327,85000.0
789333,104000.0
789339,423000.0
789374,119000.0
789389,112000.0
789555,119000.0
789568,90000.0
789619,119000.0
789638,91000.0
789709,108000.0
789843,271000.0
789881,420000.0
789964,350000.0
789966,97000.0
790026,203000.0
790038,250000.0
790115,122000.0
790170,71000.0
790184,85000.0
790414,87000.0
790625,183000.0
790725,203000.0
790798,107000.0
790912,112000.0
790918,186000.0
790939,77000.0
791067,112000.0
791077,115000.0
791182,217000.0
791219,201000.0
791221,115000.0
791296,89000.0
791314,335000.0
791379,90000.0
791445,152000.0
791581,296000.0
791589,131000.0
791600,131000.0
791608,296000.0
791617,131000.0
791813,132000.0
791869,196000.0
791870,125000.0
792315,101000.0
792695,143000.0
793171,112000.0
793172,99000.0
793391,305000.0
793620,83000.0
793722,127000.0
793967,116000.0
794344,167000.0
794498,128000.0
794573,107000.0
794576,97000.0
794897,351000.0
794968,79000.0
796060,147000.0
796252,156000.0
796300,84000.0
796537,223000.0
796582,414000.0
797433,158000.0
797488,138000.0
797489,71000.0
797540,156000.0
797866,61000.0
798010,305000.0
798026,97000.0
799178,91000.0
799179,91000.0
799190,91000.0
799234,90000.0
799315,383000.0
799472,187000.0
799498,104000.0
799561,100000.0
799652,89000.0
799732,243000.0
800022,94000.0
800237,92000.0
800456,173000.0
800963,226000.0
801193,49000.0
801250,81000.0
801281,76000.0
801487,136000.0
801497,72000.0
801503,102000.0
801504,94000.0
801727,121000.0
801954,124000.0
802096,114000.0
802163,107000.0
802196,240000.0
802200,134000.0
802270,95000.0
802271,75000.0
802331,107000.0
802349,107000.0
802375,84000.0
802688,76000.0
803023,114000.0
803138,51000.0
803310,86000.0
803839,90000.0
803941,92000.0
804236,113000.0
804237,140000.0
804318,79000.0
804335,70000.0
804516,113000.0
804572,73000.0
804611,196000.0
804663,146000.0
804859,101000.0
805515,318000.0
805577,139000.0
806450,133000.0
806493,927000.0
806508,144000.0
806655,79000.0
806775,145000.0
806865,76000.0
806936,123000.0
806937,207000.0
807537,133000.0
807824,91000.0
807826,91000.0
808024,71000.0
808123,84000.0
808180,79000.0
808340,103000.0
808644,97000.0
808647,86000.0
809443,180000.0
809444,216000.0
809711,222000.0
810556,86000.0
810560,171000.0
810574,80000.0
810705,89000.0
811018,68000.0
811028,144000.0
811104,86000.0
811659,204000.0
811817,126000.0
811944,155000.0
812472,154000.0
812587,160000.0
812588,127000.0
812762,111000.0
812914,160000.0
813322,84000.0
813323,84000.0
813324,84000.0
813361,382000.0
813430,150000.0
813750,618000.0
813797,84000.0
813800,82000.0
814059,162000.0
814159,255000.0
814247,147000.0
814306,514000.0
814308,80000.0
814310,87000.0
814313,100000.0
814338,88000.0
814378,113000.0
814381,95000.0
814390,249000.0
814448,93000.0
814449,93000.0
815043,152000.0
815287,85000.0
815582,150000.0
815585,214000.0
815640,617000.0
816479,71000.0
816525,90000.0
816552,104000.0
816589,147000.0
816592,81000.0
816594,145000.0
816608,68000.0
816611,192000.0
816676,122000.0
816679,122000.0
816850,95000.0
816967,137000.0
816968,195000.0
816969,192000.0
816972,236000.0
816974,139000.0
817091,245000.0
817550,281000.0
817647,125000.0
817658,114000.0
817662,122000.0
817752,117000.0
817883,235000.0
817978,208000.0
818057,146000.0
818059,428000.0
818170,159000.0
818217,148000.0
818229,123000.0
818316,452000.0
818405,115000.0
818412,81000.0
818488,223000.0
818498,222000.0
818519,223000.0
818520,230000.0
818601,300000.0
818620,232000.0
818629,378000.0
818668,98000.0
818906,152000.0
818951,98000.0
818981,102000.0
819022,91000.0
819052,165000.0
819088,111000.0
819090,183000.0
819154,82000.0
819224,155000.0
819477,184000.0
819505,171000.0
819532,78000.0
819599,96000.0
819624,201000.0
819689,128000.0
819690,128000.0
819694,128000.0
819729,142000.0
819737,88000.0
819839,162000.0
819946,215000.0
820010,112000.0
820047,173000.0
820221,143000.0
820343,105000.0
820369,193000.0
820444,384000.0
820485,76000.0
820520,94000.0
820534,109000.0
820549,73000.0
820550,150000.0
820560,132000.0
820576,84000.0
820608,414000.0
820640,70000.0
820668,158000.0
820672,77000.0
820758,84000.0
820763,128000.0
820797,142000.0
820936,137000.0
821001,69000.0
821049,88000.0
821050,85000.0
821087,129000.0
821251,151000.0
821372,76000.0
821381,76000.0
821423,99000.0
821616,88000.0
821664,105000.0
821715,91000.0
821753,152000.0
821791,71000.0
821800,165000.0
821820,106000.0
821825,117000.0
821826,1060000.0
821876,104000.0
821888,97000.0
821895,87000.0
822024,101000.0
822169,66000.0
822190,210000.0
822347,141000.0
822354,161000.0
822421,135000.0
822422,222000.0
822432,225000.0
822445,102000.0
822453,85000.0
822456,550000.0
822457,89000.0
822552,245000.0
822622,179000.0
822624,179000.0
822635,59000.0
822656,135000.0
822684,146000.0
822688,67000.0
822777,115000.0
822785,246000.0
822858,95000.0
822880,90000.0
822882,188000.0
822883,185000.0
822930,159000.0
823118,117000.0
823126,111000.0
823190,122000.0
823243,185000.0
823305,103000.0
823338,244000.0
823411,217000.0
823441,103000.0
823596,57000.0
823639,156000.0
823761,162000.0
823773,151000.0
823798,114000.0
823815,161000.0
823830,193000.0
823846,152000.0
823949,176000.0
823958,188000.0
824041,98000.0
824138,119000.0
824141,92000.0
824236,162000.0
824250,69000.0
824261,154000.0
824528,107000.0
824533,107000.0
824564,84000.0
824568,88000.0
824571,161000.0
824575,159000.0
824602,107000.0
824686,105000.0
824788,327000.0
824810,172000.0
824857,107000.0
824886,51000.0
824906,176000.0
825094,108000.0
825107,252000.0
825186,147000.0
825386,120000.0
825462,80000.0
825470,124000.0
825472,124000.0
825473,122000.0
825700,143000.0
825862,132000.0
825950,198000.0
826171,118000.0
826173,118000.0
826309,180000.0
826322,180000.0
826408,645000.0
826453,76000.0
826522,111000.0
826555,216000.0
826607,142000.0
826650,136000.0
826863,95000.0
826864,90000.0
826881,97000.0
826893,270000.0
826896,72000.0
826968,101000.0
826977,101000.0
827191,83000.0
827214,171000.0
827230,107000.0
827234,111000.0
827325,419000.0
827359,119000.0
827399,146000.0
827481,255000.0
827619,111000.0
827688,147000.0
827711,616000.0
827954,301000.0
828025,71000.0
828031,191000.0
828082,108000.0
828144,161000.0
828174,161000.0
828265,117000.0
828273,122000.0
828285,167000.0
828351,530000.0
828477,119000.0
828604,117000.0
828623,94000.0
828718,228000.0
828750,116000.0
828793,132000.0
828812,136000.0
828827,118000.0
828862,196000.0
828965,213000.0
829067,87000.0
829087,174000.0
829171,776000.0
829240,340000.0
829278,80000.0
829282,208000.0
829293,94000.0
829295,132000.0
829318,117000.0
829322,140000.0
829336,129000.0
829344,188000.0
829351,242000.0
829359,198000.0
829367,198000.0
829372,198000.0
829378,198000.0
829383,87000.0
829389,198000.0
829390,89000.0
829395,110000.0
829413,123000.0
829417,188000.0
829419,188000.0
829599,202000.0
829600,159000.0
829612,206000.0
829673,125000.0
829767,273000.0
829883,75000.0
829947,107000.0
830002,123000.0
830122,58000.0
830143,93000.0
830151,87000.0
830160,139000.0
830199,91000.0
830245,197000.0
830262,235000.0
830265,240000.0
830279,363000.0
830280,114000.0
830333,85000.0
830384,74000.0
830410,85000.0
830446,91000.0
830448,59000.0
830535,144000.0
830581,89000.0
830587,172000.0
830702,91000.0
830731,165000.0
830739,107000.0
830764,398000.0
830772,88000.0
830774,88000.0
830971,216000.0
831037,82000.0
831091,222000.0
831105,167000.0
831106,239000.0
831112,92000.0
831247,215000.0
831261,140000.0
831269,169000.0
831321,108000.0
831459,144000.0
831529,66000.0
831628,392000.0
831792,66000.0
831881,185000.0
831882,186000.0
831883,186000.0
831884,186000.0
831910,190000.0
831944,205000.0
831946,232000.0
831947,231000.0
831949,231000.0
831950,231000.0
831960,197000.0
831961,170000.0
831974,239000.0
832022,119000.0
832156,526000.0
832213,189000.0
832254,246000.0
832261,234000.0
832343,73000.0
832367,205000.0
832436,131000.0
832439,140000.0
832460,320000.0
832470,89000.0
832511,103000.0
832513,110000.0
832624,112000.0
832707,121000.0
832726,129000.0
832780,421000.0
832924,169000.0
832953,171000.0
833013,172000.0
833045,194000.0
833051,185000.0
833052,348000.0
833055,185000.0
833056,185000.0
833057,185000.0
833058,185000.0
833091,101000.0
833216,197000.0
833233,107000.0
833350,113000.0
833459,94000.0
833510,146000.0
833525,218000.0
833527,108000.0
833554,636000.0
833634,132000.0
833668,85000.0
833688,242000.0
833789,272000.0
833827,166000.0
833846,160000.0
833858,88000.0
833886,264000.0
833925,99000.0
833968,86000.0
834026,230000.0
834042,198000.0
834049,179000.0
834113,386000.0
834265,79000.0
834280,183000.0
834315,108000.0
834335,148000.0
834341,125000.0
834343,79000.0
834348,81000.0
834350,169000.0
834391,182000.0
834443,139000.0
834451,109000.0
834514,163000.0
834613,368000.0
834616,366000.0
834623,401000.0
834662,87000.0
834702,169000.0
834746,256000.0
834751,251000.0
834764,129000.0
834785,194000.0
834788,110000.0
834836,165000.0
834858,150000.0
834903,192000.0
834917,154000.0
834959,177000.0
835037,96000.0
835090,115000.0
835122,97000.0
835129,167000.0
835137,195000.0
835262,212000.0
835290,140000.0
835307,208000.0
835336,99000.0
835361,92000.0
835388,202000.0
835459,93000.0
835465,131000.0
835522,222000.0
835523,104000.0
835635,115000.0
835651,161000.0
835661,161000.0
835673,110000.0
835692,145000.0
835759,95000.0
835813,361000.0
835814,361000.0
835816,361000.0
835884,537000.0
835965,169000.0
836013,252000.0
836041,101000.0
836103,117000.0
836173,206000.0
836254,331000.0
836316,239000.0
836341,201000.0
836417,87000.0
836550,89000.0
836555,137000.0
836556,124000.0
836559,124000.0
836561,124000.0
836562,87000.0
836563,120000.0
836564,124000.0
836566,82000.0
836735,121000.0
836782,109000.0
836821,155000.0
837005,480000.0
837092,155000.0
837095,155000.0
837197,274000.0
837467,108000.0
837506,240000.0
837521,135000.0
837550,92000.0
837592,90000.0
837618,133000.0
837632,75000.0
837642,137000.0
837658,89000.0
837769,126000.0
837779,126000.0
837784,155000.0
837831,184000.0
837832,88000.0
837836,175000.0
837961,112000.0
838054,69000.0
838186,72000.0
838254,107000.0
838257,164000.0
838287,247000.0
838374,100000.0
838443,273000.0
838471,124000.0
838609,84000.0
838636,99000.0
838681,127000.0
838696,54000.0
838729,166000.0
838745,180000.0
838778,96000.0
838834,90000.0
838840,198000.0
839042,266000.0
839134,190000.0
839179,111000.0
839299,192000.0
839328,193000.0
839358,134000.0
839379,162000.0
839481,120000.0
839688,216000.0
839804,129000.0
839807,129000.0
839857,324000.0
839875,113000.0
839896,108000.0
839906,111000.0
839907,107000.0
839912,97000.0
839923,108000.0
839964,81000.0
840015,134000.0
840075,85000.0
840137,90000.0
840187,75000.0
840267,88000.0
840277,88000.0
840279,88000.0
840282,88000.0
840284,88000.0
840287,88000.0
840313,74000.0
840333,73000.0
840334,139000.0
840337,134000.0
840425,870000.0
840558,396000.0
840569,168000.0
840632,119000.0
840829,114000.0
840859,242000.0
840895,103000.0
840951,94000.0
841008,80000.0
841041,120000.0
841075,139000.0
841077,277000.0
841273,126000.0
841289,165000.0
841313,98000.0
841337,160000.0
841354,313000.0
841376,167000.0
841400,190000.0
841446,103000.0
841484,262000.0
841515,159000.0
841521,122000.0
841536,173000.0
841557,192000.0
841585,106000.0
841696,231000.0
841763,186000.0
841803,82000.0
841851,795000.0
841869,136000.0
841984,154000.0
842034,227000.0
842041,75000.0
842044,97000.0
842056,160000.0
842219,164000.0
842222,99000.0
842243,199000.0
842245,169000.0
842350,169000.0
842357,136000.0
842459,96000.0
842460,245000.0
842623,90000.0
842624,565000.0
842791,110000.0
842797,143000.0
842808,123000.0
842868,303000.0
842953,568000.0
842960,96000.0
843026,63000.0
843041,93000.0
843066,71000.0
843070,80000.0
843072,228000.0
843183,139000.0
843192,98000.0
843194,99000.0
843197,93000.0
843201,98000.0
843205,129000.0
843339,100000.0
843353,112000.0
843397,56000.0
843417,100000.0
843468,118000.0
843471,129000.0
843505,100000.0
843512,109000.0
843536,211000.0
843564,95000.0
843575,124000.0
843622,115000.0
843737,113000.0
843742,87000.0
843767,84000.0
843770,126000.0
843784,90000.0
843794,148000.0
843797,102000.0
843906,79000.0
843914,57000.0
843942,161000.0
843943,70000.0
843979,140000.0
843980,103000.0
843993,69000.0
844008,84000.0
844035,62000.0
844085,141000.0
844097,141000.0
844104,141000.0
844109,154000.0
844110,138000.0
844126,172000.0
844162,102000.0
844165,141000.0
844198,89000.0
844211,101000.0
844233,134000.0
844310,92000.0
844316,90000.0
844329,75000.0
844338,75000.0
844468,245000.0
844503,157000.0
844536,102000.0
844539,101000.0
844564,154000.0
844590,262000.0
844617,182000.0
844640,220000.0
844716,85000.0
844747,82000.0
844748,80000.0
844755,80000.0
844762,80000.0
844789,80000.0
844804,102000.0
844846,206000.0
844847,147000.0
844849,216000.0
844855,206000.0
844856,67000.0
844857,152000.0
844862,157000.0
844886,94000.0
844915,189000.0
844925,107000.0
844991,162000.0
844993,67000.0
845024,139000.0
845033,87000.0
845082,247000.0
845083,261000.0
845096,115000.0
845106,205000.0
845107,109000.0
845121,92000.0
845124,96000.0
845155,147000.0
845166,80000.0
845183,232000.0
845217,180000.0
845244,161000.0
845251,108000.0
845344,103000.0
845370,201000.0
845397,93000.0
845405,191000.0
845471,105000.0
845486,115000.0
845528,94000.0
845534,106000.0
845545,110000.0
845594,119000.0
845685,82000.0
845705,123000.0
845720,114000.0
845802,86000.0
845879,94000.0
845943,78000.0
845962,154000.0
846140,450000.0
846147,902000.0
846152,100000.0
846284,187000.0
846499,107000.0
846556,141000.0
846559,116000.0
846573,83000.0
846575,205000.0
846768,93000.0
846871,280000.0
846968,72000.0
847095,74000.0
847100,51000.0
847161,70000.0
847191,490000.0
847227,86000.0
847230,74000.0
847306,314000.0
847476,135000.0
847537,43000.0
847657,163000.0
847727,186000.0
847766,219000.0
847773,89000.0
847809,217000.0
847861,113000.0
847892,125000.0
847917,163000.0
847950,220000.0
848039,89000.0
848093,89000.0
848095,466000.0
848112,321000.0
848157,164000.0
848164,107000.0
848302,133000.0
848330,199000.0
848365,386000.0
848375,152000.0
848386,111000.0
848437,109000.0
848493,150000.0
848543,114000.0
848549,190000.0
848623,117000.0
848661,137000.0
848707,78000.0
848775,162000.0
848843,382000.0
848978,117000.0
848989,183000.0
849002,106000.0
849024,116000.0
849047,113000.0
849062,138000.0
849064,112000.0
936612,77000.0
936685,128000.0
936696,404000.0
936725,178000.0
936735,54000.0
936772,86000.0
936806,103000.0
936808,189000.0
936854,90000.0
936871,162000.0
936899,145000.0
936915,93000.0
936923,99000.0
936950,192000.0
936973,114000.0
937001,117000.0
937003,147000.0
937056,227000.0
937090,276000.0
937110,158000.0
937130,108000.0
937183,634000.0
937255,115000.0
937276,540000.0
937318,146000.0
937335,125000.0
937337,351000.0
937358,104000.0
937360,104000.0
937362,104000.0
937390,275000.0
937462,164000.0
937472,164000.0
937477,164000.0
937493,148000.0
937518,65000.0
937519,65000.0
937555,67000.0
937658,218000.0
937662,122000.0
937663,93000.0
937665,93000.0
937676,129000.0
937694,138000.0
937735,121000.0
937740,549000.0
937751,181000.0
937776,182000.0
937780,89000.0
937812,84000.0
937813,84000.0
937943,76000.0
938043,127000.0
938056,193000.0
938064,68000.0
938068,90000.0
938080,116000.0
938114,187000.0
938187,95000.0
938204,498000.0
938206,136000.0
938209,102000.0
938212,159000.0
938232,72000.0
938233,83000.0
938349,557000.0
938350,750000.0
938351,908000.0
938354,682000.0
938361,566000.0
938362,716000.0
938363,1012000.0
938433,759000.0
938579,355000.0
938635,109000.0
938636,111000.0
938637,114000.0
938639,127000.0
938651,314000.0
938670,95000.0
938703,120000.0
938705,120000.0
938715,119000.0
938733,110000.0
938812,109000.0
938814,109000.0
938894,427000.0
938913,73000.0
938938,199000.0
938957,219000.0
938990,57000.0
939010,193000.0
939028,219000.0
939075,89000.0
939121,109000.0
939133,79000.0
939146,341000.0
939224,103000.0
939227,143000.0
939256,126000.0
939297,532000.0
939305,102000.0
939310,320000.0
939349,139000.0
939360,144000.0
939392,112000.0
939400,177000.0
939409,143000.0
939411,151000.0
939414,147000.0
939420,144000.0
939421,148000.0
939438,521000.0
939494,236000.0
939496,150000.0
939497,143000.0
939501,97000.0
939587,99000.0
939589,94000.0
939629,533000.0
939636,91000.0
939645,126000.0
939650,439000.0
939666,80000.0
939669,281000.0
939711,89000.0
939877,134000.0
939886,109000.0
939890,102000.0
939892,127000.0
939905,91000.0
939930,168000.0
939935,438000.0
939960,260000.0
939964,200000.0
939970,76000.0
940066,67000.0
940094,131000.0
940095,153000.0
940096,288000.0
940118,96000.0
940138,105000.0
940168,136000.0
940172,136000.0
940240,97000.0
940262,84000.0
940282,187000.0
940283,187000.0
940336,139000.0
940389,277000.0
940487,314000.0
940552,225000.0
940571,174000.0
940579,76000.0
940602,258000.0
940627,334000.0
940735,89000.0
940740,153000.0
940742,204000.0
940767,294000.0
940788,175000.0
940807,91000.0
940855,97000.0
940868,119000.0
940875,119000.0
940876,182000.0
940890,805000.0
940950,85000.0
941026,206000.0
941059,261000.0
941089,152000.0
941112,156000.0
941121,456000.0
941123,65000.0
941146,108000.0
941344,123000.0
941346,837000.0
941369,174000.0
941370,152000.0
941373,132000.0
941384,76000.0
941500,107000.0
941524,101000.0
941554,71000.0
941713,114000.0
941780,103000.0
941782,243000.0
941786,147000.0
941790,105000.0
941791,87000.0
941792,110000.0
941793,212000.0
941797,95000.0
941798,91000.0
941801,78000.0
941810,106000.0
941826,186000.0
941843,96000.0
941862,108000.0
941864,118000.0
941867,108000.0
941875,100000.0
941876,108000.0
941881,151000.0
941883,93000.0
941884,115000.0
941891,115000.0
941919,127000.0
941959,133000.0
942057,277000.0
942070,303000.0
942098,210000.0
942103,210000.0
942105,210000.0
942106,98000.0
942109,94000.0
942111,210000.0
942113,115000.0
942115,210000.0
942116,113000.0
942130,141000.0
942139,77000.0
942145,208000.0
942168,177000.0
942177,128000.0
942181,112000.0
942196,160000.0
942210,90000.0
942217,118000.0
942275,143000.0
942370,182000.0
942375,182000.0
942383,242000.0
942415,225000.0
942422,70000.0
942463,74000.0
942469,108000.0
942480,97000.0
942488,88000.0
942583,112000.0
942628,164000.0
942635,83000.0
942636,83000.0
942651,98000.0
942653,483000.0
942655,90000.0
942657,99000.0
942741,819000.0
942753,273000.0
942779,125000.0
942802,91000.0
942843,83000.0
942844,246000.0
942890,376000.0
942964,73000.0
942968,126000.0
942969,126000.0
942985,126000.0
942989,226000.0
942990,121000.0
943022,102000.0
943032,102000.0
943039,605000.0
943044,137000.0
943112,147000.0
943140,108000.0
943141,153000.0
943143,108000.0
943145,86000.0
943149,114000.0
943167,230000.0
943193,177000.0
943238,161000.0
943352,102000.0
943368,88000.0
943373,121000.0
943397,448000.0
943398,190000.0
943402,153000.0
943412,195000.0
943473,249000.0
943478,106000.0
943482,265000.0
943484,182000.0
943489,93000.0
943497,511000.0
943503,177000.0
943504,207000.0
943505,208000.0
943592,78000.0
943684,80000.0
943693,127000.0
943696,476000.0
943698,88000.0
943699,92000.0
943750,276000.0
943756,656000.0
943782,94000.0
943783,80000.0
943810,201000.0
943821,553000.0
943822,207000.0
943872,93000.0
943889,227000.0
943928,80000.0
943939,163000.0
943944,63000.0
943953,188000.0
943954,164000.0
943955,140000.0
943960,164000.0
943964,127000.0
943968,153000.0
943969,153000.0
943985,124000.0
944000,153000.0
944002,121000.0
944018,500000.0
944025,111000.0
944030,91000.0
944101,79000.0
944105,74000.0
944256,348000.0
944265,112000.0
944289,117000.0
944295,136000.0
944305,76000.0
944306,76000.0
944312,76000.0
944341,167000.0
944342,167000.0
944347,112000.0
944360,181000.0
944384,84000.0
944425,193000.0
944434,97000.0
944435,88000.0
944436,88000.0
944442,588000.0
944552,196000.0
944568,249000.0
944662,95000.0
944671,179000.0
944683,101000.0
944887,192000.0
944902,229000.0
944906,133000.0
944913,116000.0
944921,102000.0
944935,92000.0
944942,107000.0
944943,107000.0
944955,419000.0
944967,520000.0
945015,168000.0
945046,182000.0
945082,81000.0
945116,93000.0
945151,195000.0
945180,61000.0
945181,62000.0
945182,188000.0
945273,78000.0
945283,121000.0
945305,67000.0
945332,99000.0
945388,60000.0
945444,200000.0
945448,613000.0
945453,148000.0
945454,260000.0
945470,135000.0
945495,273000.0
945498,270000.0
945505,266000.0
945513,138000.0
945554,180000.0
945590,110000.0
945627,146000.0
945628,147000.0
945629,146000.0
945630,146000.0
945749,124000.0
945790,317000.0
945801,522000.0
945838,121000.0
945839,134000.0
945840,133000.0
945843,89000.0
945880,76000.0
945900,139000.0
945901,139000.0
945902,139000.0
945903,139000.0
945940,87000.0
945942,89000.0
945945,100000.0
945946,100000.0
945952,176000.0
945965,1263000.0
945967,926000.0
945997,85000.0
945998,203000.0
946016,139000.0
946307,89000.0
946318,256000.0
946327,184000.0
946351,79000.0
946358,156000.0
946373,111000.0
946376,172000.0
946385,148000.0
946386,137000.0
946397,82000.0
946398,75000.0
946401,92000.0
946403,174000.0
946433,81000.0
946446,65000.0
946447,88000.0
946448,147000.0
946462,77000.0
946463,76000.0
946492,182000.0
946496,87000.0
946540,309000.0
946541,196000.0
946591,118000.0
946601,109000.0
946638,264000.0
946640,79000.0
946653,73000.0
946678,494000.0
946687,125000.0
946688,125000.0
946689,105000.0
946716,138000.0
946732,207000.0
946738,167000.0
946746,195000.0
946779,85000.0
946784,109000.0
946788,121000.0
946820,203000.0
946836,123000.0
946870,65000.0
946873,65000.0
946896,93000.0
946944,84000.0
946972,112000.0
946973,102000.0
947007,82000.0
947031,130000.0
947057,137000.0
947141,133000.0
947176,237000.0
947187,166000.0
947206,564000.0
947216,575000.0
947274,800000.0
947300,427000.0
947332,846000.0
947383,104000.0
947395,210000.0
947405,483000.0
947436,96000.0
947473,103000.0
947495,109000.0
947530,127000.0
947537,302000.0
947552,180000.0
947564,176000.0
947584,238000.0
947625,85000.0
947677,567000.0
947689,108000.0
947698,162000.0
947699,233000.0
947700,217000.0
947701,79000.0
947702,80000.0
947725,98000.0
947743,153000.0
947833,284000.0
947872,170000.0
947881,133000.0
947930,141000.0
947977,402000.0
948034,93000.0
948036,93000.0
948039,93000.0
948066,135000.0
948107,300000.0
948115,118000.0
948121,93000.0
948137,174000.0
948148,226000.0
948306,207000.0
948339,409000.0
948361,234000.0
948386,140000.0
948387,140000.0
948388,98000.0
948423,198000.0
948470,156000.0
948479,133000.0
948484,103000.0
948486,117000.0
948598,127000.0
948607,96000.0
948629,134000.0
948630,134000.0
948631,134000.0
948632,134000.0
948633,134000.0
948641,134000.0
948643,134000.0
948651,140000.0
948652,144000.0
948675,93000.0
948740,108000.0
948743,77000.0
948744,94000.0
948745,95000.0
948774,197000.0
948789,515000.0
948807,123000.0
948808,123000.0
948809,126000.0
948813,119000.0
948816,210000.0
948819,210000.0
948830,86000.0
948870,153000.0
948912,81000.0
948941,80000.0
949105,155000.0
949143,216000.0
949144,109000.0
949147,109000.0
949248,314000.0
949250,138000.0
949278,99000.0
949283,315000.0
949293,86000.0
949340,100000.0
949379,75000.0
949426,97000.0
949427,298000.0
949428,114000.0
949431,82000.0
949443,117000.0
949474,173000.0
949492,670000.0
949501,101000.0
949517,105000.0
949518,175000.0
949519,105000.0
949529,88000.0
949544,135000.0
949545,135000.0
949584,115000.0
949592,206000.0
949593,168000.0
949627,80000.0
949651,138000.0
949661,164000.0
949762,146000.0
949815,109000.0
949827,173000.0
949858,104000.0
949933,77000.0
949934,116000.0
949943,132000.0
949960,212000.0
950036,75000.0
950037,71000.0
950038,218000.0
950039,257000.0
950044,105000.0
950060,97000.0
950088,179000.0
950194,149000.0
950227,122000.0
950234,273000.0
950303,199000.0
950339,93000.0
950374,134000.0
950378,55000.0
950382,164000.0
950385,115000.0
950489,220000.0
950576,123000.0
950581,124000.0
950583,135000.0
950584,135000.0
950585,135000.0
950607,103000.0
950630,510000.0
950634,157000.0
950664,88000.0
950671,380000.0
950686,247000.0
950746,74000.0
950751,69000.0
950916,174000.0
951001,96000.0
951065,253000.0
951129,80000.0
951162,264000.0
951195,117000.0
951200,174000.0
951201,178000.0
951405,83000.0
951412,163000.0
951454,85000.0
951460,145000.0
951463,145000.0
951471,138000.0
951553,106000.0
951564,127000.0
951646,209000.0
951663,198000.0
951687,618000.0
951692,76000.0
951704,229000.0
951780,187000.0
951782,133000.0
951915,63000.0
951963,132000.0
951975,142000.0
951988,112000.0
952013,183000.0
952025,881000.0
952036,279000.0
952096,279000.0
952268,128000.0
952271,124000.0
952273,110000.0
952448,322000.0
952466,107000.0
952537,64000.0
952541,155000.0
952545,612000.0
952546,593000.0
952566,74000.0
952651,152000.0
952689,193000.0
952699,340000.0
952773,99000.0
952778,408000.0
952818,479000.0
952900,101000.0
952916,97000.0
953005,211000.0
953024,317000.0
953047,110000.0
953057,127000.0
953161,299000.0
953163,314000.0
953176,65000.0
953177,65000.0
953181,65000.0
953182,65000.0
953227,97000.0
953228,116000.0
953237,194000.0
953293,132000.0
953325,85000.0
953326,86000.0
953330,82000.0
953375,145000.0
953481,132000.0
953486,398000.0
953512,174000.0
953552,215000.0
953564,133000.0
953626,156000.0
953702,232000.0
953744,89000.0
953778,88000.0
953795,240000.0
953797,307000.0
953857,123000.0
953894,385000.0
953920,265000.0
953922,253000.0
953931,102000.0
953965,126000.0
954066,97000.0
954138,253000.0
954190,146000.0
954216,133000.0
954292,162000.0
954302,238000.0
954319,103000.0
954351,724000.0
954413,82000.0
954419,469000.0
954452,434000.0
954503,148000.0
954505,112000.0
954535,77000.0
954548,134000.0
954563,92000.0
954578,192000.0
954584,177000.0
954608,223000.0
954615,80000.0
954627,138000.0
954649,287000.0
954700,320000.0
954717,140000.0
954721,74000.0
954735,124000.0
954747,191000.0
954762,489000.0
954787,189000.0
954809,83000.0
954828,120000.0
954831,91000.0
954867,168000.0
954868,173000.0
954880,91000.0
954892,685000.0
954911,79000.0
954926,390000.0
954928,719000.0
954955,78000.0
954963,254000.0
954972,965000.0
954992,252000.0
955082,172000.0
955110,206000.0
955132,128000.0
955142,287000.0
955152,201000.0
955153,387000.0
955160,220000.0
955162,67000.0
955164,312000.0
955189,127000.0
955190,175000.0
955207,168000.0
955287,150000.0
955308,160000.0
955309,161000.0
955361,101000.0
955376,185000.0
955429,103000.0
955444,89000.0
955445,169000.0
955456,83000.0
955502,567000.0
955525,229000.0
955528,80000.0
955541,132000.0
955557,382000.0
955562,442000.0
955575,219000.0
955601,256000.0
955609,99000.0
955639,128000.0
955664,158000.0
955682,194000.0
955700,177000.0
955727,174000.0
955782,105000.0
955786,77000.0
955801,207000.0
955815,181000.0
955864,113000.0
955926,179000.0
955932,161000.0
955939,373000.0
955961,127000.0
955974,86000.0
955994,91000.0
956001,92000.0
956005,194000.0
956031,587000.0
956035,90000.0
956036,90000.0
956038,304000.0
956042,90000.0
956044,90000.0
956046,90000.0
956050,90000.0
956051,90000.0
956130,147000.0
956137,67000.0
956144,228000.0
956156,166000.0
956187,124000.0
956223,133000.0
956246,80000.0
956263,182000.0
956304,143000.0
956308,585000.0
956488,108000.0
956523,200000.0
956535,219000.0
956556,108000.0
956558,230000.0
956600,331000.0
956627,405000.0
956631,80000.0
956661,255000.0
956687,93000.0
956694,160000.0
956767,237000.0
956774,73000.0
956907,226000.0
956962,129000.0
956966,82000.0
957053,190000.0
957065,76000.0
957149,251000.0
957192,189000.0
957242,182000.0
957408,80000.0
957420,76000.0
957421,190000.0
957444,162000.0
957446,113000.0
957539,366000.0
957550,80000.0
957566,108000.0
957573,171000.0
957608,113000.0
957648,118000.0
957674,80000.0
957675,80000.0
957676,80000.0
957679,189000.0
957684,85000.0
957685,54000.0
957687,108000.0
957699,155000.0
957708,232000.0
957709,232000.0
957720,92000.0
957724,105000.0
957725,78000.0
957749,118000.0
957758,111000.0
957793,88000.0
957840,132000.0
957852,234000.0
957875,150000.0
957955,162000.0
957967,209000.0
957971,212000.0
957987,106000.0
958016,154000.0
958019,99000.0
958038,177000.0
958045,67000.0
958063,395000.0
958116,137000.0
958119,88000.0
958190,113000.0
958198,128000.0
958259,160000.0
958270,157000.0
958285,90000.0
958288,190000.0
958345,126000.0
958383,87000.0
958422,106000.0
958425,220000.0
958428,174000.0
958430,157000.0
958447,85000.0
958454,81000.0
958455,67000.0
958456,84000.0
958493,93000.0
958512,212000.0
958516,84000.0
958517,139000.0
958519,99000.0
958526,111000.0
958527,165000.0
958533,219000.0
958535,70000.0
958538,97000.0
958565,79000.0
958569,146000.0
958570,85000.0
958572,125000.0
958601,71000.0
958657,135000.0
958666,213000.0
958667,108000.0
958671,99000.0
958675,154000.0
958676,175000.0
958679,104000.0
958693,54000.0
958694,54000.0
958697,54000.0
958698,54000.0
958705,125000.0
958707,217000.0
958770,127000.0
958783,159000.0
958791,175000.0
958792,181000.0
958793,153000.0
958797,116000.0
958799,165000.0
958831,382000.0
958839,197000.0
958896,120000.0
958898,201000.0
958985,114000.0
959021,507000.0
959030,94000.0
959031,132000.0
959060,292000.0
959112,120000.0
959114,189000.0
959117,77000.0
959118,125000.0
959121,101000.0
959122,77000.0
959123,118000.0
959124,190000.0
959125,77000.0
959126,78000.0
959128,78000.0
959129,78000.0
959130,92000.0
959131,125000.0
959133,92000.0
959134,265000.0
959142,149000.0
959153,631000.0
959154,631000.0
959166,130000.0
959224,113000.0
959227,111000.0
959265,74000.0
959323,138000.0
959324,91000.0
959357,205000.0
959362,600000.0
959394,264000.0
959419,193000.0
959433,172000.0
959451,161000.0
959466,212000.0
959468,76000.0
959469,86000.0
959476,114000.0
959683,190000.0
959723,93000.0
959725,125000.0
959726,124000.0
959728,124000.0
959741,160000.0
959742,176000.0
959743,172000.0
959744,127000.0
959757,249000.0
959759,112000.0
959940,90000.0
959967,337000.0
960018,269000.0
960029,254000.0
960058,88000.0
960091,271000.0
960118,84000.0
960163,97000.0
960165,131000.0
960169,143000.0
960226,191000.0
960235,131000.0
960241,93000.0
960274,133000.0
960275,186000.0
960284,90000.0
960286,86000.0
960287,68000.0
960289,86000.0
960290,74000.0
960310,355000.0
960340,123000.0
960362,90000.0
960393,105000.0
960410,83000.0
960431,219000.0
960451,102000.0
960478,346000.0
960529,146000.0
960530,126000.0
960581,90000.0
960597,75000.0
960598,283000.0
960634,166000.0
960687,152000.0
960863,162000.0
960913,91000.0
960931,101000.0
960946,122000.0
960947,96000.0
960983,233000.0
961006,58000.0
961035,429000.0
961042,211000.0
961048,101000.0
961123,142000.0
961141,212000.0
961143,465000.0
961183,166000.0
961216,183000.0
961226,79000.0
961246,180000.0
961256,74000.0
961289,100000.0
961337,92000.0
961387,242000.0
961389,196000.0
961395,98000.0
961408,227000.0
961419,92000.0
961420,92000.0
961421,92000.0
961452,216000.0
961461,219000.0
961478,162000.0
961488,87000.0
961489,139000.0
961522,119000.0
961530,242000.0
961548,115000.0
961574,244000.0
961601,200000.0
961605,73000.0
961608,604000.0
961609,154000.0
961699,216000.0
961715,193000.0
961768,181000.0
961788,194000.0
961789,183000.0
961790,134000.0
961791,202000.0
961792,140000.0
961817,82000.0
961822,394000.0
961854,227000.0
961872,119000.0
961877,200000.0
961882,171000.0
962051,81000.0
962065,568000.0
962066,183000.0
962080,588000.0
962082,96000.0
962083,262000.0
962090,315000.0
962109,187000.0
962116,112000.0
962141,290000.0
962144,290000.0
962159,217000.0
962160,188000.0
962165,50000.0
962176,144000.0
962178,135000.0
962179,111000.0
962180,128000.0
962181,126000.0
962182,84000.0
962184,82000.0
962186,147000.0
962217,94000.0
962219,113000.0
962225,113000.0
962235,525000.0
962236,525000.0
962263,161000.0
962287,356000.0
962316,166000.0
962319,493000.0
962336,152000.0
962412,99000.0
962416,111000.0
962419,120000.0
962438,150000.0
962448,106000.0
962501,96000.0
962520,130000.0
962546,126000.0
962551,110000.0
962559,99000.0
962567,175000.0
962572,149000.0
962579,125000.0
962585,202000.0
962586,172000.0
962591,122000.0
962592,122000.0
962630,124000.0
962635,136000.0
962677,100000.0
962728,81000.0
962755,188000.0
962778,172000.0
962796,209000.0
962835,312000.0
962839,312000.0
962845,122000.0
962907,187000.0
962922,622000.0
963001,148000.0
963003,79000.0
963019,87000.0
963020,168000.0
963022,87000.0
963023,168000.0
963041,97000.0
963049,340000.0
963118,255000.0
963122,237000.0
963130,182000.0
963165,61000.0
963199,157000.0
963205,69000.0
963229,204000.0
963313,435000.0
963314,206000.0
963319,89000.0
963325,91000.0
963327,73000.0
963340,145000.0
963362,116000.0
963366,118000.0
963375,487000.0
963378,169000.0
963381,152000.0
963447,207000.0
963472,180000.0
963488,203000.0
963490,116000.0
963539,555000.0
963651,99000.0
963676,116000.0
963682,76000.0
963837,78000.0
963857,244000.0
963905,237000.0
963929,138000.0
963960,108000.0
963971,1060000.0
963973,162000.0
963986,111000.0
964018,121000.0
964048,245000.0
964049,245000.0
964055,205000.0
964098,62000.0
964135,67000.0
964156,142000.0
964157,94000.0
964171,296000.0
964207,102000.0
964208,101000.0
964209,102000.0
964271,160000.0
964304,117000.0
964312,111000.0
964314,348000.0
964333,153000.0
964369,151000.0
964488,182000.0
964527,76000.0
964570,192000.0
964580,969000.0
964591,158000.0
964592,159000.0
964593,158000.0
964595,191000.0
964622,230000.0
964625,131000.0
964642,1245000.0
964705,175000.0
964813,76000.0
964839,267000.0
964849,68000.0
964911,65000.0
964984,121000.0
964997,182000.0
965033,185000.0
965053,78000.0
965089,140000.0
965099,115000.0
965116,132000.0
965131,58000.0
965145,117000.0
965153,221000.0
965176,973000.0
965182,854000.0
965184,147000.0
965201,166000.0
965216,95000.0
965242,81000.0
965260,99000.0
965262,190000.0
965305,86000.0
965315,104000.0
965320,151000.0
965321,201000.0
965322,95000.0
965324,193000.0
965325,134000.0
965326,122000.0
965341,248000.0
965342,515000.0
965346,87000.0
965349,145000.0
965438,82000.0
965466,92000.0
965474,220000.0
965499,142000.0
965515,674000.0
965560,452000.0
965648,233000.0
965688,344000.0
965717,133000.0
965754,729000.0
965792,238000.0
965794,560000.0
965821,660000.0
965856,119000.0
965860,122000.0
965954,162000.0
965967,61000.0
965968,493000.0
965975,158000.0
965981,90000.0
965989,461000.0
965993,178000.0
966015,276000.0
966059,217000.0
966070,96000.0
966074,194000.0
966123,79000.0
966139,145000.0
966205,130000.0
966220,180000.0
966221,166000.0
966238,84000.0
966269,85000.0
966276,150000.0
966385,157000.0
966397,83000.0
966400,91000.0
966406,83000.0
966407,201000.0
966413,119000.0
966548,126000.0
966549,119000.0
966562,240000.0
966579,137000.0
966639,129000.0
966650,72000.0
966654,132000.0
966664,91000.0
966674,88000.0
966692,201000.0
966729,151000.0
966732,411000.0
966736,76000.0
966737,90000.0
966740,87000.0
966773,67000.0
966776,475000.0
966777,89000.0
966785,129000.0
966863,253000.0
966867,134000.0
966884,61000.0
967014,182000.0
967027,99000.0
967032,42000.0
967048,116000.0
967051,201000.0
967073,51000.0
967078,95000.0
967082,89000.0
967103,273000.0
967105,348000.0
967112,150000.0
967117,76000.0
967166,180000.0
967193,108000.0
967213,90000.0
967243,341000.0
967255,217000.0
967256,167000.0
967274,69000.0
967362,473000.0
967411,378000.0
967424,101000.0
967430,145000.0
967440,272000.0
967447,65000.0
967477,124000.0
967478,166000.0
967479,124000.0
967480,166000.0
967481,124000.0
967482,124000.0
967517,256000.0
967546,99000.0
967589,514000.0
967639,143000.0
967656,636000.0
967666,122000.0
967726,143000.0
967727,97000.0
967768,220000.0
967803,228000.0
967816,118000.0
967891,103000.0
967966,140000.0
967985,89000.0
967996,117000.0
968019,207000.0
968035,397000.0
968063,217000.0
968149,380000.0
968159,213000.0
968186,188000.0
968187,254000.0
968188,129000.0
968215,212000.0
968217,216000.0
968228,62000.0
968232,81000.0
968238,101000.0
968240,101000.0
968277,243000.0
968292,156000.0
968333,100000.0
968353,185000.0
968365,86000.0
968442,129000.0
968487,93000.0
968527,315000.0
968535,427000.0
968598,61000.0
968605,525000.0
968628,164000.0
968631,84000.0
968633,74000.0
968723,335000.0
968786,85000.0
968788,79000.0
968812,131000.0
968839,167000.0
968898,223000.0
968899,199000.0
968907,262000.0
968908,137000.0
968942,109000.0
968974,111000.0
968981,249000.0
968986,205000.0
968991,118000.0
969006,194000.0
969040,149000.0
969050,158000.0
969082,286000.0
969083,353000.0
969126,120000.0
969168,138000.0
969211,182000.0
969215,163000.0
969216,115000.0
969312,73000.0
969313,172000.0
969332,79000.0
969338,85000.0
969382,96000.0
969384,124000.0
969386,188000.0
969420,137000.0
969432,218000.0
969434,229000.0
969465,181000.0
969484,100000.0
969486,302000.0
969510,304000.0
969529,111000.0
969551,176000.0
969572,119000.0
969592,86000.0
969597,232000.0
969753,159000.0
969763,80000.0
969791,372000.0
969793,61000.0
969821,84000.0
969838,134000.0
969862,142000.0
969873,287000.0
969882,164000.0
969889,580000.0
969891,81000.0
969926,123000.0
969928,74000.0
969929,74000.0
969933,104000.0
969954,139000.0
970078,119000.0
970079,315000.0
970210,91000.0
970216,92000.0
970312,207000.0
970329,82000.0
970398,270000.0
970400,90000.0
970401,90000.0
970404,90000.0
970405,90000.0
970412,90000.0
970427,183000.0
970442,452000.0
970459,137000.0
970491,265000.0
970585,91000.0
970587,270000.0
970654,610000.0
970657,272000.0
970705,97000.0
970711,122000.0
970714,244000.0
970728,354000.0
970764,176000.0
970771,268000.0
970786,81000.0
970817,176000.0
970868,70000.0
970888,116000.0
970947,109000.0
970961,133000.0
970980,87000.0
970988,445000.0
971011,166000.0
971020,168000.0
971029,74000.0
971033,72000.0
971083,164000.0
971088,56000.0
971102,272000.0
971111,83000.0
971160,197000.0
971222,95000.0
971235,199000.0
971238,145000.0
971248,104000.0
971264,103000.0
971332,208000.0
971401,112000.0
971433,179000.0
971445,189000.0
971483,406000.0
971505,124000.0
971510,101000.0
971557,127000.0
971558,500000.0
971561,156000.0
971563,68000.0
971591,312000.0
971615,496000.0
971627,115000.0
971633,121000.0
971661,260000.0
971666,127000.0
971673,211000.0
971685,168000.0
971688,96000.0
971731,966000.0
971733,234000.0
971748,235000.0
971779,126000.0
971780,72000.0
971794,496000.0
971800,460000.0
971828,83000.0
971852,361000.0
971853,105000.0
971869,164000.0
971893,81000.0
971896,704000.0
971941,107000.0
971953,158000.0
971973,109000.0
971981,743000.0
972061,293000.0
972062,293000.0
972118,82000.0
972189,208000.0
972259,147000.0
972279,86000.0
972291,104000.0
972303,136000.0
972341,76000.0
972396,150000.0
972409,101000.0
972423,138000.0
972428,136000.0
972438,157000.0
972457,128000.0
972463,103000.0
972466,110000.0
972471,214000.0
972475,132000.0
972507,155000.0
972521,771000.0
972525,343000.0
972565,80000.0
972580,147000.0
972715,237000.0
972769,127000.0
972838,110000.0
972842,193000.0
972867,82000.0
972923,137000.0
973030,118000.0
973244,69000.0
973273,140000.0
973296,60000.0
973300,132000.0
973304,105000.0
973322,106000.0
973360,91000.0
973361,144000.0
973392,99000.0
973393,166000.0
973399,86000.0
973409,57000.0
973625,99000.0
973626,94000.0
973674,76000.0
973790,192000.0
973799,538000.0
973800,180000.0
973808,326000.0
973816,196000.0
973848,109000.0
973849,109000.0
973850,108000.0
973852,77000.0
973913,115000.0
973914,115000.0
973919,99000.0
973923,408000.0
973931,109000.0
973933,123000.0
973936,102000.0
973937,102000.0
973938,102000.0
973939,112000.0
973974,103000.0
973997,251000.0
973998,484000.0
974004,82000.0
974009,92000.0
974010,93000.0
974011,128000.0
974029,85000.0
974044,339000.0
974062,220000.0
974122,109000.0
974123,122000.0
974125,96000.0
974128,204000.0
974129,204000.0
974130,204000.0
974132,109000.0
974138,82000.0
974182,128000.0
974209,148000.0
974288,109000.0
974291,535000.0
974321,82000.0
974325,262000.0
974329,97000.0
974335,152000.0
974337,117000.0
974363,213000.0
974365,82000.0
974370,173000.0
974406,150000.0
974407,150000.0
974432,84000.0
974460,91000.0
974472,89000.0
974498,308000.0
974527,179000.0
974566,68000.0
974570,111000.0
974571,58000.0
974605,181000.0
974625,134000.0
974627,100000.0
974737,113000.0
974748,151000.0
974756,305000.0
974802,456000.0
974803,165000.0
974848,95000.0
974863,130000.0
974957,145000.0
974995,105000.0
975004,156000.0
975034,109000.0
975045,84000.0
975064,260000.0
975094,106000.0
975113,819000.0
975121,70000.0
975142,438000.0
975189,242000.0
975204,285000.0
975684,613000.0
975738,534000.0
975893,80000.0
975960,175000.0
975965,115000.0
975971,246000.0
975973,129000.0
976102,167000.0
976136,82000.0
976176,68000.0
976194,90000.0
976223,136000.0
976790,89000.0
976796,97000.0
976831,124000.0
976844,222000.0
976846,145000.0
976869,253000.0
976876,89000.0
976942,139000.0
976948,226000.0
977106,86000.0
977126,105000.0
977160,253000.0
977222,90000.0
977224,90000.0
977232,270000.0
977312,467000.0
977316,98000.0
977321,190000.0
977324,113000.0
977326,112000.0
977344,115000.0
977374,65000.0
977376,344000.0
977377,110000.0
977379,147000.0
977412,130000.0
977458,178000.0
977460,161000.0
977464,89000.0
977488,248000.0
977506,1551000.0
977613,197000.0
977650,88000.0
977652,267000.0
977653,80000.0
977658,638000.0
977661,120000.0
977687,89000.0
977726,85000.0
977754,273000.0
977778,74000.0
977783,73000.0
977790,69000.0
977815,175000.0
977816,171000.0
977850,152000.0
977854,66000.0
977860,250000.0
977892,147000.0
977893,174000.0
977908,167000.0
977923,248000.0
977960,82000.0
977971,90000.0
978147,186000.0
978197,55000.0
978202,114000.0
978203,40000.0
978279,107000.0
978321,132000.0
978322,94000.0
978325,94000.0
978329,131000.0
978331,94000.0
978334,126000.0
978348,126000.0
978375,88000.0
978425,115000.0
978427,128000.0
978429,118000.0
978432,133000.0
978444,316000.0
978449,196000.0
978673,419000.0
978695,178000.0
978730,143000.0
978731,89000.0
978753,83000.0
978765,114000.0
978789,68000.0
978795,207000.0
978858,411000.0
978906,95000.0
978909,331000.0
978910,223000.0
978912,331000.0
978935,96000.0
978958,275000.0
978959,275000.0
978999,612000.0
979014,179000.0
979050,182000.0
979051,182000.0
979084,168000.0
979101,82000.0
979108,106000.0
979121,118000.0
979131,99000.0
979175,72000.0
979191,352000.0
979243,59000.0
979248,107000.0
979249,122000.0
979256,73000.0
979279,70000.0
979282,70000.0
979283,91000.0
979319,146000.0
979358,382000.0
979369,146000.0
979393,115000.0
979403,82000.0
979443,111000.0
979445,90000.0
979447,90000.0
979449,90000.0
979453,90000.0
979457,128000.0
979458,401000.0
979468,142000.0
979551,214000.0
979584,67000.0
979587,295000.0
979595,86000.0
979642,133000.0
979659,90000.0
979665,65000.0
979679,158000.0
979743,85000.0
979750,83000.0
979751,80000.0
979812,100000.0
979832,256000.0
979837,71000.0
979853,279000.0
979854,222000.0
979931,151000.0
980083,199000.0
980197,106000.0
980233,128000.0
980239,82000.0
980240,128000.0
980273,138000.0
980329,273000.0
980330,319000.0
980349,99000.0
980411,471000.0
980460,78000.0
980526,337000.0
980552,114000.0
980564,101000.0
980566,98000.0
980601,136000.0
980692,93000.0
980751,106000.0
980849,93000.0
980863,101000.0
980864,177000.0
980867,100000.0
980942,789000.0
980981,187000.0
981136,146000.0
981167,108000.0
981169,186000.0
981268,101000.0
981269,101000.0
981270,101000.0
981332,86000.0
981380,72000.0
981464,126000.0
981671,116000.0
981683,670000.0
981684,902000.0
981685,412000.0
981689,404000.0
981696,229000.0
981697,259000.0
981698,142000.0
981699,141000.0
981714,77000.0
981742,112000.0
981894,155000.0
981947,168000.0
982012,96000.0
982055,100000.0
982274,159000.0
982285,110000.0
983029,268000.0
983030,366000.0
983126,222000.0
983170,98000.0
983293,195000.0
983294,170000.0
983298,108000.0
983374,97000.0
983378,166000.0
983651,163000.0
983752,107000.0
984096,78000.0
984122,66000.0
984320,82000.0
984322,235000.0
984733,83000.0
984734,101000.0
984768,214000.0
984892,93000.0
985039,123000.0
985041,330000.0
985042,330000.0
985043,330000.0
985119,283000.0
985151,121000.0
985154,120000.0
985156,171000.0
985159,404000.0
985161,184000.0
985165,764000.0
985166,864000.0
985167,399000.0
985313,120000.0
985320,172000.0
985337,177000.0
985364,89000.0
985407,128000.0
985520,139000.0
985545,66000.0
985670,90000.0
985683,132000.0
985684,125000.0
985767,155000.0
985811,99000.0
985813,91000.0
985814,102000.0
985815,92000.0
985818,87000.0
985840,199000.0
985841,116000.0
985981,192000.0
986056,155000.0
986103,116000.0
986115,91000.0
986139,102000.0
986207,87000.0
986208,85000.0
986212,135000.0
986213,135000.0
986214,170000.0
986274,215000.0
986275,227000.0
986390,115000.0
986417,112000.0
986512,206000.0
986616,87000.0
986618,88000.0
987237,118000.0
987240,135000.0
987247,89000.0
987346,186000.0
987563,160000.0
987614,296000.0
987631,429000.0
987671,206000.0
987844,270000.0
987916,91000.0
987959,199000.0
988030,84000.0
988085,190000.0
988120,79000.0
988128,115000.0
988131,77000.0
988330,253000.0
988404,177000.0
988522,105000.0
988664,114000.0
988763,82000.0
988798,122000.0
988844,134000.0
988874,172000.0
988876,78000.0
988929,127000.0
988942,113000.0
988993,376000.0
989061,75000.0
989298,111000.0
989301,72000.0
989302,214000.0
989305,72000.0
989372,100000.0
989373,100000.0
989378,194000.0
989379,194000.0
989380,72000.0
989419,88000.0
989524,116000.0
989588,121000.0
989589,132000.0
989592,177000.0
989593,95000.0
989666,102000.0
989733,191000.0
989814,91000.0
989873,137000.0
989876,123000.0
989903,49000.0
989933,83000.0
989942,272000.0
989988,87000.0
989990,87000.0
989996,153000.0
990011,133000.0
990133,144000.0
990149,169000.0
990150,149000.0
990151,149000.0
990152,149000.0
990166,132000.0
990272,414000.0
990286,103000.0
990330,227000.0
991069,180000.0
991073,92000.0
991157,109000.0
991199,110000.0
991266,259000.0
991272,611000.0
991278,95000.0
991349,153000.0
991352,201000.0
991425,207000.0
991464,598000.0
991467,129000.0
991468,127000.0
991469,126000.0
991475,94000.0
991477,136000.0
991480,167000.0
991487,193000.0
991490,88000.0
991616,617000.0
991701,139000.0
991703,129000.0
991720,102000.0
991738,172000.0
991812,142000.0
991825,165000.0
991826,182000.0
991832,531000.0
991836,261000.0
991895,75000.0
991908,72000.0
991913,85000.0
991940,118000.0
992565,177000.0
992574,188000.0
992717,238000.0
992721,154000.0
992722,154000.0
992724,95000.0
992726,93000.0
992727,149000.0
992728,68000.0
992745,158000.0
992746,125000.0
992775,133000.0
992783,103000.0
992832,526000.0
992874,129000.0
992899,81000.0
992904,76000.0
992948,142000.0
992977,62000.0
992988,93000.0
993216,80000.0
993459,211000.0
993468,246000.0
993509,126000.0
993527,78000.0
994032,122000.0
994088,360000.0
994215,117000.0
994299,69000.0
994506,125000.0
994507,68000.0
994530,133000.0
994764,165000.0
994812,116000.0
994814,116000.0
994834,116000.0
994906,177000.0
994936,148000.0
994956,158000.0
994960,124000.0
994983,169000.0
994991,130000.0
994995,100000.0
995000,295000.0
995001,124000.0
995007,127000.0
995008,121000.0
995021,99000.0
995031,100000.0
995035,100000.0
995036,100000.0
995042,110000.0
995044,81000.0
995055,154000.0
995057,150000.0
995076,123000.0
995118,130000.0
995133,62000.0
995142,93000.0
995260,103000.0
995313,243000.0
995352,89000.0
995366,82000.0
995437,151000.0
995479,216000.0
995619,167000.0
995646,149000.0
995669,120000.0
995780,75000.0
995874,226000.0
995916,126000.0
995946,98000.0
995947,68000.0
995948,330000.0
996053,98000.0
996103,280000.0
996178,93000.0
996180,185000.0
996184,170000.0
996364,91000.0
996473,528000.0
996581,177000.0
996796,161000.0
996804,137000.0
997041,186000.0
997166,326000.0
997167,295000.0
997168,287000.0
997186,101000.0
997196,112000.0
997244,102000.0
997245,182000.0
997392,110000.0
997403,213000.0
997443,191000.0
997541,514000.0
997542,458000.0
997691,264000.0
997755,93000.0
997773,94000.0
997774,94000.0
997795,159000.0
997808,257000.0
997935,88000.0
998092,187000.0
998095,823000.0
998098,161000.0
998275,122000.0
998276,67000.0
998376,231000.0
998498,500000.0
998564,86000.0
998567,512000.0
998574,87000.0
998575,162000.0
998577,69000.0
998615,106000.0
998616,92000.0
998620,90000.0
998621,90000.0
998622,102000.0
998624,98000.0
998645,104000.0
998646,78000.0
998649,158000.0
998650,71000.0
998651,81000.0
998862,243000.0
998925,205000.0
999025,310000.0
999050,114000.0
999543,87000.0
999625,98000.0
999712,199000.0
999754,245000.0
999960,120000.0
1000541,101000.0
1000644,555000.0
1000692,269000.0
1000727,323000.0
1001116,120000.0
1001294,216000.0
1001409,201000.0
1001421,147000.0
1001616,132000.0
1001945,126000.0
1001991,299000.0
1002183,91000.0
1002319,248000.0
1002326,126000.0
1002411,95000.0
1002412,80000.0
1002571,287000.0
1002606,686000.0
1002607,686000.0
1002626,262000.0
1002643,130000.0
1002658,91000.0
1002678,752000.0
1002694,128000.0
1002727,93000.0
1002742,193000.0
1002822,104000.0
1002827,112000.0
1002861,112000.0
1002863,112000.0
1002864,112000.0
1002865,112000.0
1003030,299000.0
1003043,112000.0
1003047,164000.0
1003089,108000.0
1003171,585000.0
1003257,120000.0
1003435,568000.0
1003611,101000.0
1003612,128000.0
1003619,88000.0
1003639,237000.0
1003692,85000.0
1003816,113000.0
1003817,646000.0
1003836,142000.0
1003840,208000.0
1003859,194000.0
1003902,87000.0
1003907,157000.0
1003940,81000.0
1003956,288000.0
1003974,122000.0
1003976,122000.0
1003980,122000.0
1003985,263000.0
1003988,189000.0
1004037,313000.0
1004051,94000.0
1004069,90000.0
1004074,78000.0
1004075,111000.0
1004084,163000.0
1004189,263000.0
1004217,131000.0
1004262,149000.0
1004284,70000.0
1004331,698000.0
1004336,120000.0
1004413,772000.0
1004421,199000.0
1004490,740000.0
1004566,98000.0
1004579,80000.0
1004675,90000.0
1004832,81000.0
1004935,72000.0
1005039,83000.0
1005060,83000.0
1005124,105000.0
1005127,92000.0
1005128,88000.0
1005129,92000.0
1005130,140000.0
1005132,140000.0
1005134,149000.0
1005138,143000.0
1005236,144000.0
1005238,144000.0
1005262,157000.0
1005413,73000.0
1005464,102000.0
1005466,294000.0
1005467,118000.0
1005547,118000.0
1005674,154000.0
1005675,154000.0
1005710,648000.0
1005732,254000.0
1005936,99000.0
1005980,112000.0
1005986,277000.0
1005987,118000.0
1006073,620000.0
1006141,321000.0
1006421,295000.0
1006494,102000.0
1006532,81000.0
1006557,193000.0
1006674,141000.0
1006675,91000.0
1006761,185000.0
1006797,117000.0
1006798,238000.0
1006876,226000.0
1006880,175000.0
1006988,120000.0
1007061,552000.0
1007082,252000.0
1007101,96000.0
1007108,228000.0
1007109,84000.0
1007172,518000.0
1007233,76000.0
1007235,74000.0
1007239,99000.0
1007271,89000.0
1007352,418000.0
1007401,80000.0
1007430,142000.0
1007571,57000.0
1007600,313000.0
1007789,87000.0
1007797,101000.0
1007830,113000.0
1007849,107000.0
1007856,127000.0
1007857,148000.0
1007917,155000.0
1007967,233000.0
1007994,77000.0
1008148,62000.0
1008157,214000.0
1008169,156000.0
1008170,190000.0
1008173,179000.0
1008307,328000.0
1008308,140000.0
1008352,79000.0
1008357,76000.0
1008358,184000.0
1008361,75000.0
1008386,148000.0
1008418,194000.0
1008428,76000.0
1008433,76000.0
1008501,195000.0
1008510,116000.0
1008550,79000.0
1008563,88000.0
1008564,88000.0
1008595,67000.0
1008641,111000.0
1008677,109000.0
1008707,162000.0
1008732,130000.0
1008734,130000.0
1008741,101000.0
1008744,107000.0
1008749,258000.0
1008759,151000.0
1008760,151000.0
1008803,211000.0
1008804,211000.0
1008805,211000.0
1008829,150000.0
1008833,101000.0
1008838,103000.0
1008855,158000.0
1008862,81000.0
1008878,164000.0
1008892,216000.0
1008914,280000.0
1008927,215000.0
1008932,221000.0
1009016,107000.0
1009077,107000.0
1009084,94000.0
1009088,105000.0
1009218,86000.0
1009229,68000.0
1009308,227000.0
1009310,94000.0
1009337,239000.0
1009366,128000.0
1009424,236000.0
1009487,119000.0
1009509,84000.0
1009510,92000.0
1009517,358000.0
1009520,140000.0
1009528,115000.0
1009530,107000.0
1009531,104000.0
1009532,104000.0
1009533,115000.0
1009534,118000.0
1009535,107000.0
1009590,97000.0
1009596,100000.0
1009672,79000.0
1009736,109000.0
1009859,140000.0
1009864,268000.0
1009866,107000.0
1009891,99000.0
1009942,301000.0
1009948,111000.0
1009965,145000.0
1009970,145000.0
1010054,92000.0
1010066,105000.0
1010068,175000.0
1010069,175000.0
1010104,577000.0
1010110,112000.0
1010185,483000.0
1010186,89000.0
1010276,154000.0
1010411,134000.0
1010542,162000.0
1010544,92000.0
1010584,280000.0
1010592,150000.0
1010667,165000.0
1010678,162000.0
1010679,179000.0
1010680,179000.0
1010686,245000.0
1010704,420000.0
1010740,181000.0
1010833,115000.0
1010913,113000.0
1010950,88000.0
1010951,86000.0
1010980,77000.0
1010999,148000.0
1011028,93000.0
1011032,150000.0
1011122,88000.0
1011132,87000.0
1011134,87000.0
1011135,88000.0
1011148,110000.0
1011150,110000.0
1011203,346000.0
1011204,346000.0
1011275,140000.0
1011335,118000.0
1011414,125000.0
1011429,100000.0
1011430,100000.0
1011489,84000.0
1011573,84000.0
1011574,84000.0
1011701,116000.0
1011778,76000.0
1011854,322000.0
1011914,93000.0
1012038,180000.0
1012128,108000.0
1012273,114000.0
1012311,125000.0
1012320,98000.0
1012331,365000.0
1012332,234000.0
1012339,66000.0
1012507,113000.0
1012542,119000.0
1012574,255000.0
1012587,102000.0
1012712,577000.0
1012714,89000.0
1012716,76000.0
1012752,610000.0
1012830,132000.0
1012898,448000.0
1012945,107000.0
1013031,126000.0
1013155,211000.0
1013161,128000.0
1013177,95000.0
1013187,188000.0
1013234,211000.0
1013244,430000.0
1013288,219000.0
1013290,112000.0
1013352,221000.0
1013443,158000.0
1013494,108000.0
1013507,76000.0
1013544,334000.0
1013547,117000.0
1013630,85000.0
1013704,276000.0
1013740,153000.0
1013742,113000.0
1013743,101000.0
1013786,207000.0
1013962,278000.0
1014083,156000.0
1014108,106000.0
1014164,141000.0
1014237,99000.0
1014240,154000.0
1014368,244000.0
1014476,116000.0
1014483,181000.0
1014498,109000.0
1014551,112000.0
1014571,121000.0
1014624,140000.0
1014635,76000.0
1014637,117000.0
1014638,110000.0
1014641,363000.0
1014665,236000.0
1014669,92000.0
1014738,60000.0
1014928,659000.0
1014999,162000.0
1015031,90000.0
1015103,102000.0
1015125,173000.0
1015134,187000.0
1015243,131000.0
1015347,120000.0
1015350,128000.0
1015360,144000.0
1015361,144000.0
1015366,144000.0
1015403,151000.0
1015482,107000.0
1015484,186000.0
1015485,80000.0
1015486,80000.0
1015502,95000.0
1015524,283000.0
1015534,302000.0
1015540,124000.0
1015557,79000.0
1015579,94000.0
1015597,162000.0
1015681,87000.0
1015697,186000.0
1015714,185000.0
1015804,76000.0
1015824,103000.0
1015843,156000.0
1015872,90000.0
1015908,133000.0
1015909,115000.0
1015911,129000.0
1015919,136000.0
1015920,115000.0
1016040,97000.0
1016042,137000.0
1016098,89000.0
1016117,264000.0
1016413,300000.0
1016734,155000.0
1016888,116000.0
1016927,148000.0
1017116,162000.0
1017118,102000.0
1017166,108000.0
1017176,114000.0
1017264,104000.0
1017383,73000.0
1017418,100000.0
1017424,82000.0
1017427,89000.0
1017428,139000.0
1017503,80000.0
1017563,55000.0
1017579,97000.0
1017600,159000.0
1017626,76000.0
1017637,297000.0
1017693,129000.0
1017750,330000.0
1017763,229000.0
1017782,119000.0
1017792,533000.0
1017846,90000.0
1017992,320000.0
1017998,95000.0
1018079,91000.0
1018135,117000.0
1018136,170000.0
1018166,785000.0
1018229,796000.0
1018248,177000.0
1018257,151000.0
1018417,164000.0
1018421,233000.0
1018428,93000.0
1018486,227000.0
1018523,175000.0
1018598,90000.0
1018621,83000.0
1018671,84000.0
1018822,208000.0
1018943,203000.0
1019039,62000.0
1019057,51000.0
1019062,618000.0
1019149,97000.0
1019151,66000.0
1019206,99000.0
1019298,97000.0
1019309,95000.0
1019343,329000.0
1019366,143000.0
1019367,169000.0
1019432,349000.0
1019561,143000.0
1019575,161000.0
1019659,203000.0
1019668,81000.0
1019672,87000.0
1019681,105000.0
1019683,132000.0
1019686,95000.0
1019696,117000.0
1019720,198000.0
1019763,68000.0
1019835,665000.0
1019872,92000.0
1019903,208000.0
1019908,191000.0
1019958,496000.0
1020047,335000.0
1020124,603000.0
1020278,87000.0
1020508,117000.0
1020554,91000.0
1020672,134000.0
1020673,191000.0
1020745,129000.0
1020844,96000.0
1021039,196000.0
1021263,83000.0
1021316,216000.0
1021412,148000.0
1021444,111000.0
1021447,133000.0
1021453,140000.0
1021485,156000.0
1021500,73000.0
1021509,80000.0
1021520,83000.0
1021560,156000.0
1021605,102000.0
1021606,160000.0
1021607,146000.0
1021749,240000.0
1021765,164000.0
1021768,130000.0
1021770,172000.0
1021833,149000.0
1021834,150000.0
1021855,54000.0
1021973,118000.0
1022085,105000.0
1022163,124000.0
1022166,325000.0
1022273,119000.0
1022312,100000.0
1022388,77000.0
1022399,99000.0
1022582,121000.0
1022587,214000.0
1022588,239000.0
1022596,124000.0
1022614,143000.0
1022695,186000.0
1022704,80000.0
1022715,124000.0
1022716,124000.0
1022717,113000.0
1022718,111000.0
1022719,113000.0
1022721,120000.0
1022750,115000.0
1022753,125000.0
1022755,112000.0
1022756,112000.0
1022760,93000.0
1022781,105000.0
1022782,111000.0
1022787,105000.0
1022790,111000.0
1022794,113000.0
1022795,111000.0
1022796,117000.0
1022798,111000.0
1022800,111000.0
1022801,113000.0
1022802,124000.0
1022844,104000.0
1022848,173000.0
1022960,103000.0
1023168,216000.0
1023169,216000.0
1023172,112000.0
1023173,112000.0
1023209,74000.0
1023230,158000.0
1023304,91000.0
1023340,228000.0
1023351,304000.0
1023393,99000.0
1023450,233000.0
1023458,104000.0
1023465,90000.0
1023468,202000.0
1023501,178000.0
1023505,144000.0
1023508,109000.0
1023511,109000.0
1023512,144000.0
1023513,144000.0
1023514,144000.0
1023518,134000.0
1023520,109000.0
1023521,144000.0
1023552,142000.0
1023559,685000.0
1023590,231000.0
1023664,122000.0
1023676,192000.0
1023677,198000.0
1023744,157000.0
1023764,123000.0
1023774,438000.0
1024012,163000.0
1024071,73000.0
1024126,96000.0
1024133,93000.0
1024324,194000.0
1024371,166000.0
1024444,80000.0
1024449,68000.0
1024456,513000.0
1024463,204000.0
1024474,251000.0
1024477,160000.0
1024508,83000.0
1024529,96000.0
1024536,159000.0
1024590,162000.0
1024625,207000.0
1024628,184000.0
1024636,89000.0
1062270,200000.0
1062278,445000.0
1062287,128000.0
1062389,316000.0
1062404,56000.0
1062442,98000.0
1062482,410000.0
1062512,139000.0
1062516,171000.0
1062537,184000.0
1062557,253000.0
1062572,67000.0
1062643,162000.0
1062645,113000.0
1062676,124000.0
1062691,188000.0
1062714,77000.0
1062737,422000.0
1062839,142000.0
1062840,181000.0
1062844,171000.0
1062946,104000.0
1062972,111000.0
1062991,101000.0
1063009,119000.0
1063010,173000.0
1063011,154000.0
1063045,146000.0
1063050,439000.0
1063051,147000.0
1063070,76000.0
1063106,258000.0
1063130,113000.0
1063217,189000.0
1063317,330000.0
1063480,93000.0
1063535,89000.0
1063601,262000.0
1063668,125000.0
1063704,79000.0
1063829,127000.0
1063862,147000.0
1063906,185000.0
1063923,232000.0
1064029,69000.0
1064042,231000.0
1064047,89000.0
1064050,64000.0
1064059,138000.0
1064061,103000.0
1064082,198000.0
1064093,160000.0
1064155,61000.0
1064165,72000.0
1064170,225000.0
1064189,135000.0
1064253,87000.0
1064260,51000.0
1064263,165000.0
1064289,68000.0
1064327,180000.0
1064340,98000.0
1064342,172000.0
1064347,410000.0
1064358,105000.0
1064389,258000.0
1064391,597000.0
1064393,222000.0
1064415,128000.0
1064420,86000.0
1064421,74000.0
1064424,88000.0
1064425,117000.0
1064433,148000.0
1064438,260000.0
1064469,161000.0
1064535,101000.0
1064536,122000.0
1064538,122000.0
1064539,462000.0
1064552,461000.0
1064556,75000.0
1064605,95000.0
1064632,186000.0
1064660,427000.0
1064707,99000.0
1064708,94000.0
1064709,205000.0
1064715,128000.0
1064718,176000.0
1064724,123000.0
1064774,83000.0
1064782,121000.0
1064786,111000.0
1064791,94000.0
1064836,670000.0
1064856,137000.0
1064863,162000.0
1064870,126000.0
1064872,141000.0
1064873,87000.0
1064904,153000.0
1064906,116000.0
1064997,232000.0
1064998,322000.0
1065033,101000.0
1065055,168000.0
1065146,159000.0
1065162,213000.0
1065164,130000.0
1065198,349000.0
1065199,349000.0
1065201,181000.0
1065202,108000.0
1065203,109000.0
1065246,95000.0
1065262,198000.0
1065274,153000.0
1065275,173000.0
1065297,92000.0
1065304,230000.0
1065320,181000.0
1065322,157000.0
1065328,115000.0
1065359,117000.0
1065372,174000.0
1065374,76000.0
1065377,174000.0
1065396,132000.0
1065406,296000.0
1065413,88000.0
1065448,85000.0
1065477,146000.0
1065483,169000.0
1065488,94000.0
1065529,141000.0
1065572,216000.0
1065607,107000.0
1065613,122000.0
1065615,122000.0
1065617,185000.0
1065619,80000.0
1065621,122000.0
1065641,120000.0
1065658,142000.0
1065662,129000.0
1065702,106000.0
1065761,149000.0
1065771,109000.0
1065835,171000.0
1065838,256000.0
1065848,104000.0
1065852,99000.0
1065855,122000.0
1065857,89000.0
1065859,94000.0
1065883,155000.0
1065901,236000.0
1065927,185000.0
1065939,188000.0
1065940,234000.0
1065970,192000.0
1065973,147000.0
1066009,170000.0
1066029,119000.0
1066035,125000.0
1066052,136000.0
1066060,108000.0
1066082,118000.0
1066109,88000.0
1066119,78000.0
1066134,110000.0
1066159,85000.0
1066160,88000.0
1066161,96000.0
1066162,88000.0
1066163,97000.0
1066170,87000.0
1066171,97000.0
1066172,93000.0
1066174,157000.0
1066191,134000.0
1066194,452000.0
1066245,122000.0
1066361,80000.0
1066365,368000.0
1066375,77000.0
1066378,95000.0
1066379,170000.0
1066409,134000.0
1066413,369000.0
1066448,105000.0
1066476,280000.0
1066524,128000.0
1066548,117000.0
1066602,182000.0
1066603,104000.0
1066605,161000.0
1066643,119000.0
1066644,179000.0
1066664,74000.0
1066730,149000.0
1066734,149000.0
1066736,143000.0
1066759,162000.0
1066761,76000.0
1066772,149000.0
1066792,246000.0
1066795,98000.0
1066832,87000.0
1066845,82000.0
1066847,193000.0
1066938,335000.0
1066944,256000.0
1066988,104000.0
1066996,179000.0
1067005,74000.0
1067009,170000.0
1067011,195000.0
1067037,95000.0
1067063,105000.0
1067064,91000.0
1067088,83000.0
1067115,179000.0
1067119,175000.0
1067291,145000.0
1067363,130000.0
1067374,200000.0
1067395,159000.0
1067402,115000.0
1067412,200000.0
1067425,111000.0
1067428,258000.0
1067430,175000.0
1067435,165000.0
1067478,711000.0
1067512,145000.0
1067533,189000.0
1067536,116000.0
1067549,169000.0
1067555,164000.0
1067557,164000.0
1067570,184000.0
1067575,286000.0
1067577,106000.0
1067578,106000.0
1067584,186000.0
1067596,99000.0
1067598,118000.0
1067614,164000.0
1067631,395000.0
1067649,80000.0
1067652,59000.0
1067687,331000.0
1067688,78000.0
1067704,91000.0
1067705,135000.0
1067731,139000.0
1067746,130000.0
1067756,125000.0
1067777,99000.0
1067793,271000.0
1067808,150000.0
1067821,113000.0
1067834,162000.0
1067846,75000.0
1067850,209000.0
1067853,316000.0
1067863,410000.0
1067913,122000.0
1067914,110000.0
1067962,82000.0
1067999,106000.0
1068022,76000.0
1068055,145000.0
1068076,128000.0
1068078,170000.0
1068136,107000.0
1068137,154000.0
1068155,285000.0
1068157,132000.0
1068158,149000.0
1068173,113000.0
1068240,181000.0
1068266,203000.0
1068324,92000.0
1068360,367000.0
1068386,181000.0
1068396,127000.0
1068406,83000.0
1068409,108000.0
1068414,186000.0
1068466,143000.0
1068489,127000.0
1068501,172000.0
1068520,479000.0
1068533,362000.0
1068611,150000.0
1068645,140000.0
1068683,549000.0
1068685,221000.0
1068698,75000.0
1068703,164000.0
1068737,100000.0
1068751,114000.0
1068752,80000.0
1068797,115000.0
1068824,188000.0
1068840,94000.0
1068894,85000.0
1068949,119000.0
1068954,449000.0
1068960,134000.0
1069002,86000.0
1069029,91000.0
1069034,127000.0
1069058,91000.0
1069115,177000.0
1069117,56000.0
1069137,68000.0
1069138,85000.0
1069204,186000.0
1069246,176000.0
1069293,430000.0
1069308,84000.0
1069388,204000.0
1069416,98000.0
1069429,88000.0
1069430,167000.0
1069489,269000.0
1069539,167000.0
1069541,100000.0
1069543,163000.0
1069544,106000.0
1069545,102000.0
1069602,214000.0
1069619,96000.0
1069633,99000.0
1069662,92000.0
1069672,155000.0
1069673,129000.0
1069712,162000.0
1069750,94000.0
1069782,91000.0
1069813,83000.0
1069835,98000.0
1069857,184000.0
1069881,117000.0
1069973,134000.0
1069981,101000.0
1069982,139000.0
1070002,138000.0
1070067,107000.0
1070070,96000.0
1070084,129000.0
1070089,244000.0
1070103,100000.0
1070165,174000.0
1070183,97000.0
1070185,134000.0
1070208,158000.0
1070245,98000.0
1070308,134000.0
1070362,124000.0
1070374,190000.0
1070378,121000.0
1070388,114000.0
1070394,177000.0
1070438,275000.0
1070454,120000.0
1070455,105000.0
1070456,92000.0
1070463,98000.0
1070467,127000.0
1070469,97000.0
1070498,141000.0
1070501,133000.0
1070516,152000.0
1070554,330000.0
1070570,149000.0
1070573,246000.0
1070643,174000.0
1070656,176000.0
1070675,104000.0
1070677,75000.0
1070707,68000.0
1070760,119000.0
1070770,208000.0
1070862,105000.0
1070866,198000.0
1070907,259000.0
1070916,130000.0
1071031,167000.0
1071038,223000.0
1071042,94000.0
1071045,467000.0
1071046,189000.0
1071118,110000.0
1071145,127000.0
1071161,112000.0
1071166,125000.0
1071202,148000.0
1071335,82000.0
1071349,143000.0
1071350,138000.0
1071356,190000.0
1071357,74000.0
1071360,114000.0
1071370,117000.0
1071376,677000.0
1071378,130000.0
1071390,444000.0
1071413,144000.0
1071414,97000.0
1071415,165000.0
1071419,82000.0
1071427,124000.0
1071430,186000.0
1071434,146000.0
1071481,202000.0
1071503,109000.0
1071504,109000.0
1071532,219000.0
1071537,123000.0
1071551,126000.0
1071574,137000.0
1071613,208000.0
1071621,87000.0
1071651,116000.0
1071653,113000.0
1071669,119000.0
1071704,292000.0
1071722,373000.0
1071727,161000.0
1071737,139000.0
1071740,192000.0
1071782,196000.0
1071889,217000.0
1071899,417000.0
1071920,93000.0
1071948,132000.0
1071950,141000.0
1071983,159000.0
1071997,277000.0
1072066,162000.0
1072080,140000.0
1072081,195000.0
1072086,109000.0
1072176,85000.0
1072178,76000.0
1072201,157000.0
1072204,139000.0
1072219,212000.0
1072229,215000.0
1072242,118000.0
1072245,78000.0
1072249,85000.0
1072259,305000.0
1072306,118000.0
1072320,81000.0
1072326,191000.0
1072334,183000.0
1072345,93000.0
1072353,181000.0
1072382,188000.0
1072387,214000.0
1072403,117000.0
1072484,114000.0
1072487,177000.0
1072490,282000.0
1072493,166000.0
1072503,87000.0
1072536,97000.0
1072548,213000.0
1072599,360000.0
1072627,174000.0
1072632,167000.0
1072681,85000.0
1072729,173000.0
1072752,182000.0
1072775,391000.0
1072776,171000.0
1072779,389000.0
1072780,211000.0
1072784,183000.0
1072800,95000.0
1072809,896000.0
1072819,103000.0
1072842,135000.0
1072873,223000.0
1072880,141000.0
1072894,92000.0
1072901,94000.0
1072913,183000.0
1072929,150000.0
1072973,90000.0
1073092,268000.0
1073108,119000.0
1073195,120000.0
1073200,85000.0
1073209,55000.0
1073215,196000.0
1073216,196000.0
1073217,196000.0
1073218,196000.0
1073219,125000.0
1073220,196000.0
1073221,125000.0
1073222,196000.0
1073223,196000.0
1073224,196000.0
1073225,125000.0
1073226,84000.0
1073228,84000.0
1073229,84000.0
1073234,60000.0
1073238,98000.0
1073240,133000.0
1073251,309000.0
1073388,97000.0
1073391,138000.0
1073420,120000.0
1073428,253000.0
1073465,158000.0
1073471,193000.0
1073484,196000.0
1073529,96000.0
1073563,96000.0
1073604,89000.0
1073621,291000.0
1073622,100000.0
1073626,525000.0
1073663,104000.0
1073675,700000.0
1073681,93000.0
1073695,115000.0
1073753,162000.0
1073779,104000.0
1073844,125000.0
1073846,122000.0
1074053,228000.0
1074196,205000.0
1074279,84000.0
1074340,189000.0
1074532,174000.0
1074540,457000.0
1074548,126000.0
1074550,148000.0
1074554,310000.0
1074575,105000.0
1074579,125000.0
1074603,110000.0
1074607,103000.0
1074608,161000.0
1074643,97000.0
1074677,313000.0
1074682,166000.0
1074697,104000.0
1074710,233000.0
1074741,606000.0
1074816,322000.0
1074821,123000.0
1074882,193000.0
1074943,104000.0
1074946,176000.0
1074968,67000.0
1074991,68000.0
1075071,292000.0
1075075,164000.0
1075078,156000.0
1075192,113000.0
1075221,173000.0
1075262,122000.0
1075320,61000.0
1075321,61000.0
1075527,384000.0
1075555,107000.0
1075566,221000.0
1075576,112000.0
1075621,596000.0
1075623,217000.0
1075669,91000.0
1075694,479000.0
1075794,139000.0
1075855,150000.0
1075875,101000.0
1075876,101000.0
1075878,129000.0
1075902,123000.0
1075981,102000.0
1076017,172000.0
1076028,151000.0
1076116,155000.0
1076133,79000.0
1076153,152000.0
1076223,76000.0
1076232,237000.0
1076237,137000.0
1076242,139000.0
1076246,194000.0
1076250,86000.0
1076256,112000.0
1076265,126000.0
1076270,105000.0
1076275,157000.0
1076282,233000.0
1076297,503000.0
1076314,366000.0
1076342,85000.0
1076353,101000.0
1076399,117000.0
1076400,91000.0
1076410,87000.0
1076411,73000.0
1076419,149000.0
1076451,192000.0
1076453,263000.0
1076479,105000.0
1076502,75000.0
1076505,175000.0
1076512,129000.0
1076516,90000.0
1076615,101000.0
1076618,176000.0
1076619,371000.0
1076637,91000.0
1076655,216000.0
1076670,122000.0
1076672,183000.0
1076751,244000.0
1076780,111000.0
1076822,98000.0
1076837,547000.0
1076848,218000.0
1076851,148000.0
1076867,156000.0
1076870,165000.0
1076873,100000.0
1076877,231000.0
1076899,474000.0
1076928,252000.0
1076931,324000.0
1077002,93000.0
1077007,506000.0
1077008,598000.0
1077013,93000.0
1077024,102000.0
1077043,90000.0
1077056,92000.0
1077067,119000.0
1077162,562000.0
1077187,624000.0
1077265,310000.0
1077596,580000.0
1077624,231000.0
1077752,102000.0
1077787,199000.0
1077884,120000.0
1078098,155000.0
1078219,161000.0
1078257,76000.0
1078341,258000.0
1078355,157000.0
1078360,158000.0
1078409,120000.0
1078431,97000.0
1078454,133000.0
1078476,73000.0
1078477,241000.0
1078497,288000.0
1078545,216000.0
1078556,211000.0
1078564,231000.0
1078585,229000.0
1078640,118000.0
1078648,89000.0
1078660,698000.0
1078685,254000.0
1078699,95000.0
1078723,238000.0
1078725,92000.0
1078736,518000.0
1078773,85000.0
1078806,89000.0
1078814,212000.0
1078885,268000.0
1078899,67000.0
1078908,173000.0
1078969,152000.0
1079020,155000.0
1079036,160000.0
1079059,377000.0
1079068,85000.0
1079153,295000.0
1079183,126000.0
1079230,93000.0
1079254,88000.0
1079277,165000.0
1079282,152000.0
1079294,128000.0
1079320,333000.0
1079334,109000.0
1079343,124000.0
1079356,153000.0
1079382,69000.0
1079459,199000.0
1079463,127000.0
1079464,204000.0
1079479,148000.0
1079483,125000.0
1079497,284000.0
1079498,284000.0
1079503,140000.0
1079504,143000.0
1079528,133000.0
1079568,171000.0
1079600,157000.0
1079607,116000.0
1079608,151000.0
1079612,151000.0
1079618,94000.0
1079705,151000.0
1079766,91000.0
1079842,90000.0
1079850,143000.0
1079853,145000.0
1079868,83000.0
1079892,117000.0
1079895,96000.0
1079928,290000.0
1079992,123000.0
1079994,121000.0
1079995,123000.0
1080005,170000.0
1080008,165000.0
1080010,97000.0
1080011,163000.0
1080015,155000.0
1080025,163000.0
1080028,70000.0
1080030,75000.0
1080032,111000.0
1080034,124000.0
1080037,534000.0
1080063,74000.0
1080064,77000.0
1080065,74000.0
1080066,85000.0
1080069,185000.0
1080072,221000.0
1080077,108000.0
1080111,101000.0
1080133,70000.0
1080147,114000.0
1080162,196000.0
1080187,265000.0
1080200,149000.0
1080279,185000.0
1080290,103000.0
1080292,103000.0
1080299,62000.0
1080327,90000.0
1080328,98000.0
1080332,89000.0
1080334,89000.0
1080342,138000.0
1080343,188000.0
1080364,301000.0
1080379,124000.0
1080382,62000.0
1080383,68000.0
1080399,81000.0
1080401,647000.0
1080426,140000.0
1080440,91000.0
1080450,117000.0
1080465,118000.0
1080482,207000.0
1080485,170000.0
1080507,362000.0
1080562,81000.0
1080606,361000.0
1080621,111000.0
1080633,124000.0
1080663,186000.0
1080670,90000.0
1080752,146000.0
1080755,100000.0
1080757,326000.0
1080776,84000.0
1080802,89000.0
1080807,192000.0
1080836,258000.0
1080849,137000.0
1080858,133000.0
1080859,192000.0
1080914,184000.0
1080921,58000.0
1080937,183000.0
1080977,85000.0
1080980,83000.0
1080983,102000.0
1081011,80000.0
1081038,242000.0
1081055,215000.0
1081112,120000.0
1081125,99000.0
1081153,139000.0
1081170,303000.0
1081201,397000.0
1081232,193000.0
1081267,367000.0
1081351,98000.0
1081356,107000.0
1081395,164000.0
1081435,86000.0
1081436,124000.0
1081442,230000.0
1081472,145000.0
1081487,101000.0
1081508,860000.0
1081512,128000.0
1081528,91000.0
1081552,144000.0
1081575,88000.0
1081706,132000.0
1081782,156000.0
1081785,115000.0
1081787,167000.0
1081832,91000.0
1081833,111000.0
1081838,74000.0
1081841,468000.0
1081843,74000.0
1081844,74000.0
1081848,105000.0
1081869,163000.0
1081902,110000.0
1081903,110000.0
1081908,110000.0
1081924,79000.0
1081936,304000.0
1081949,209000.0
1081970,178000.0
1082039,132000.0
1082045,125000.0
1082046,128000.0
1082048,185000.0
1082118,117000.0
1082145,76000.0
1082147,103000.0
1082163,107000.0
1082251,178000.0
1082254,363000.0
1082255,162000.0
1082327,83000.0
1082342,118000.0
1082343,183000.0
1082360,189000.0
1082376,349000.0
1082382,174000.0
1082390,164000.0
1082417,115000.0
1082420,118000.0
1082432,458000.0
1082441,174000.0
1082442,166000.0
1082461,248000.0
1082482,151000.0
1082483,74000.0
1082488,555000.0
1082504,179000.0
1082508,162000.0
1082533,104000.0
1082548,221000.0
1082549,147000.0
1082586,103000.0
1082640,230000.0
1082677,206000.0
1082833,94000.0
1082840,206000.0
1082846,264000.0
1082857,335000.0
1082863,170000.0
1082867,211000.0
1082927,120000.0
1082928,115000.0
1082958,392000.0
1083026,168000.0
1083029,574000.0
1083052,423000.0
1083095,109000.0
1083118,147000.0
1083122,284000.0
1083137,206000.0
1083208,248000.0
1083251,130000.0
1083264,160000.0
1083284,271000.0
1083291,94000.0
1083296,94000.0
1083300,94000.0
1083303,94000.0
1083345,111000.0
1083382,128000.0
1083388,59000.0
1083392,142000.0
1083402,145000.0
1083405,171000.0
1083495,106000.0
1083545,132000.0
1086147,224000.0
1086216,250000.0
1086243,176000.0
1086254,60000.0
1086282,153000.0
1086309,193000.0
1086312,115000.0
1086333,78000.0
1086344,103000.0
1086616,99000.0
1086670,195000.0
1086770,124000.0
1086802,151000.0
1086813,125000.0
1086818,178000.0
1086819,252000.0
1086820,92000.0
1086826,115000.0
1086827,77000.0
1086842,77000.0
1086844,92000.0
1086846,77000.0
1086847,77000.0
1086848,115000.0
1086864,520000.0
1086917,198000.0
1086918,86000.0
1086963,237000.0
1086991,121000.0
1086999,97000.0
1087035,116000.0
1087054,164000.0
1087111,173000.0
1087112,145000.0
1087115,443000.0
1087116,141000.0
1087132,224000.0
1087135,72000.0
1087193,139000.0
1087235,134000.0
1087237,142000.0
1087238,139000.0
1087241,134000.0
1087288,473000.0
1087329,80000.0
1087340,373000.0
1087346,255000.0
1087349,200000.0
1087375,282000.0
1087389,240000.0
1087406,104000.0
1087423,430000.0
1087432,298000.0
1093650,73000.0
1093654,179000.0
1093657,200000.0
1093659,111000.0
1093661,111000.0
1093675,120000.0
1093684,148000.0
1093703,165000.0
1093710,98000.0
1093711,122000.0
1093718,72000.0
1093725,106000.0
1093808,630000.0
1093813,198000.0
1093816,257000.0
1093817,98000.0
1093845,568000.0
1093848,99000.0
1093904,147000.0
1093906,125000.0
1093909,266000.0
1093920,136000.0
1093958,114000.0
1093960,329000.0
1094005,560000.0
1094008,173000.0
1094012,79000.0
1094018,101000.0
1094108,123000.0
1094111,206000.0
1094126,106000.0
1094128,588000.0
1094133,100000.0
1094136,280000.0
1094142,318000.0
1094151,50000.0
1094174,121000.0
1094196,200000.0
1094198,86000.0
1094232,100000.0
1094299,163000.0
1094334,280000.0
1094348,118000.0
1094353,111000.0
1094362,131000.0
1094412,990000.0
1094416,103000.0
1094419,525000.0
1094463,165000.0
1094464,149000.0
1094519,206000.0
1094530,85000.0
1094531,85000.0
1094538,108000.0
1094590,126000.0
1094633,127000.0
1094660,93000.0
1094668,115000.0
1094694,106000.0
1094714,153000.0
1094717,200000.0
1094747,158000.0
1094771,625000.0
1094773,354000.0
1094779,103000.0
1094810,155000.0
1094817,336000.0
1094818,116000.0
1094822,71000.0
1094855,151000.0
1094858,146000.0
1094864,400000.0
1094895,199000.0
1094910,121000.0
1094939,101000.0
1094960,90000.0
1095019,1322000.0
1095021,746000.0
1095025,161000.0
1095029,141000.0
1095031,152000.0
1095067,88000.0
1095105,228000.0
1095126,165000.0
1095135,149000.0
1095139,55000.0
1095146,122000.0
1095292,186000.0
1095313,67000.0
1095326,142000.0
1095334,75000.0
1095343,80000.0
1095383,74000.0
1095399,199000.0
1095416,245000.0
1095448,220000.0
1095478,101000.0
1095480,156000.0
1095496,119000.0
1095500,115000.0
1095529,63000.0
1095536,309000.0
1095552,330000.0
1095588,90000.0
1095624,371000.0
1095650,108000.0
1095691,803000.0
1095735,149000.0
1095799,207000.0
1095804,195000.0
1095810,147000.0
1095827,223000.0
1095841,254000.0
1095853,164000.0
1095860,181000.0
1095866,109000.0
1095906,142000.0
1095907,369000.0
1095926,254000.0
1095949,130000.0
1096078,121000.0
1096079,119000.0
1096090,105000.0
1096148,216000.0
1096213,202000.0
1096235,142000.0
1096271,141000.0
1096279,70000.0
1096316,196000.0
1096318,627000.0
1096335,554000.0
1096339,125000.0
1096405,231000.0
1096417,127000.0
1096464,83000.0
1096480,131000.0
1096484,165000.0
1096513,250000.0
1096539,201000.0
1096546,97000.0
1096550,244000.0
1096556,109000.0
1096573,261000.0
1096583,237000.0
1096585,171000.0
1096590,232000.0
1096593,127000.0
1096600,192000.0
1096627,99000.0
1096631,118000.0
1096691,165000.0
1096700,95000.0
1096716,241000.0
1096723,308000.0
1096749,158000.0
1096777,249000.0
1096784,107000.0
1096858,371000.0
1096873,207000.0
1096921,134000.0
1096936,208000.0
1096968,109000.0
1096972,156000.0
1097023,122000.0
1097024,772000.0
1097040,260000.0
1097041,300000.0
1097045,240000.0
1097078,524000.0
1097079,524000.0
1097082,91000.0
1097084,90000.0
1097102,155000.0
1097259,154000.0
1097283,128000.0
1097365,136000.0
1097366,131000.0
1097476,852000.0
1097499,94000.0
1097500,128000.0
1097511,252000.0
1097514,334000.0
1097544,118000.0
1097562,133000.0
1097569,98000.0
1097597,149000.0
1097609,120000.0
1097635,119000.0
1097650,82000.0
1097655,136000.0
1097659,115000.0
1097664,107000.0
1097673,194000.0
1097675,111000.0
1097698,136000.0
1097718,108000.0
1097755,254000.0
1097767,143000.0
1097777,191000.0
1097778,102000.0
1097795,684000.0
1097861,101000.0
1097886,134000.0
1097887,164000.0
1097888,161000.0
1097928,191000.0
1097949,183000.0
1097975,299000.0
1097993,240000.0
1097994,251000.0
1098066,160000.0
1098122,135000.0
1098125,177000.0
1098140,101000.0
1098199,302000.0
1098213,99000.0
1098215,136000.0
1098219,197000.0
1098228,118000.0
1098252,405000.0
1098268,129000.0
1098275,157000.0
1098362,92000.0
1098365,793000.0
1098396,90000.0
1098468,115000.0
1098495,90000.0
1098569,95000.0
1098588,389000.0
1098633,97000.0
1098693,336000.0
1098698,126000.0
1098706,165000.0
1098771,77000.0
1098971,46000.0
1098987,146000.0
1098991,180000.0
1098994,200000.0
1099004,132000.0
1099021,97000.0
1099030,117000.0
1099038,95000.0
1099039,179000.0
1099045,332000.0
1099133,294000.0
1099137,103000.0
1099153,177000.0
1099180,186000.0
1099183,331000.0
1099184,86000.0
1099199,116000.0
1099315,212000.0
1099316,135000.0
1099320,164000.0
1099323,241000.0
1099326,199000.0
1099329,79000.0
1099335,195000.0
1099338,134000.0
1099342,124000.0
1099350,158000.0
1099351,87000.0
1099359,108000.0
1099364,109000.0
1099366,144000.0
1099382,173000.0
1099383,584000.0
1099407,119000.0
1099414,98000.0
1099441,131000.0
1099447,117000.0
1099465,99000.0
1099469,158000.0
1099488,126000.0
1099520,137000.0
1099562,215000.0
1099567,136000.0
1099623,240000.0
1099651,99000.0
1099664,136000.0
1099665,136000.0
1099671,185000.0
1099702,107000.0
1099722,87000.0
1099725,57000.0
1099726,51000.0
1099728,47000.0
1099729,46000.0
1099734,86000.0
1099740,93000.0
1099743,207000.0
1099768,154000.0
1099774,1310000.0
1099796,135000.0
1099815,163000.0
1099837,293000.0
1099916,268000.0
1099928,82000.0
1099941,90000.0
1099946,86000.0
1099948,52000.0
1099950,58000.0
1099972,108000.0
1099995,117000.0
1099996,111000.0
1100056,183000.0
1100076,184000.0
1100169,420000.0
1100171,80000.0
1100178,211000.0
1100189,88000.0
1100191,64000.0
1100192,67000.0
1100194,111000.0
1100205,92000.0
1100224,114000.0
1100257,201000.0
1100317,107000.0
1100329,88000.0
1100345,100000.0
1100388,224000.0
1100391,91000.0
1100460,195000.0
1100509,116000.0
1100516,210000.0
1100532,245000.0
1100537,75000.0
1100548,356000.0
1100583,231000.0
1100596,210000.0
1100601,401000.0
1100611,118000.0
1100619,200000.0
1100658,313000.0
1100660,295000.0
1100674,113000.0
1100682,120000.0
1100692,119000.0
1100719,92000.0
1100743,326000.0
1100780,94000.0
1100810,193000.0
1100829,220000.0
1100840,143000.0
1100852,204000.0
1100865,95000.0
1100897,101000.0
1100931,102000.0
1100932,100000.0
1100938,663000.0
1100944,315000.0
1100945,317000.0
1100946,317000.0
1100947,317000.0
1100948,228000.0
1100953,229000.0
1100955,229000.0
1100957,284000.0
1100960,284000.0
1100962,115000.0
1100984,127000.0
1100985,169000.0
1101003,95000.0
1101004,95000.0
1101005,95000.0
1101006,186000.0
1101007,120000.0
1101012,86000.0
1101064,320000.0
1101073,287000.0
1101084,131000.0
1101086,127000.0
1101094,101000.0
1101102,100000.0
1101127,75000.0
1101173,139000.0
1101180,127000.0
1101202,120000.0
1101203,128000.0
1101207,203000.0
1101208,299000.0
1101232,99000.0
1101240,88000.0
1101252,167000.0
1101258,174000.0
1101263,74000.0
1101276,149000.0
1101292,158000.0
1101294,131000.0
1101303,290000.0
1101319,591000.0
1101326,119000.0
1101330,171000.0
1101331,119000.0
1101333,171000.0
1101335,164000.0
1101351,138000.0
1101378,100000.0
1101418,702000.0
1101423,323000.0
1101428,138000.0
1101517,131000.0
1101591,79000.0
1101616,356000.0
1101739,122000.0
1101759,93000.0
1101799,99000.0
1101800,97000.0
1101801,447000.0
1101814,173000.0
1101859,75000.0
1101869,84000.0
1101901,98000.0
1101931,160000.0
1101932,148000.0
1101976,373000.0
1102031,75000.0
1102046,137000.0
1102066,149000.0
1102090,284000.0
1102112,265000.0
1102117,137000.0
1102119,124000.0
1102123,119000.0
1102135,157000.0
1102169,155000.0
1102170,239000.0
1102240,219000.0
1102248,67000.0
1102273,111000.0
1102307,177000.0
1102332,173000.0
1102413,111000.0
1102414,96000.0
1102415,98000.0
1102416,102000.0
1102417,165000.0
1102422,182000.0
1102423,96000.0
1102430,95000.0
1102431,96000.0
1102434,150000.0
1102452,98000.0
1102470,148000.0
1102505,245000.0
1102509,119000.0
1102527,180000.0
1102537,176000.0
1102564,164000.0
1102603,142000.0
1102608,122000.0
1102646,91000.0
1102647,122000.0
1102650,171000.0
1102655,187000.0
1102657,138000.0
1102660,223000.0
1102685,89000.0
1102688,137000.0
1102699,75000.0
1102704,124000.0
1102705,242000.0
1102728,451000.0
1102735,75000.0
1102750,111000.0
1102770,212000.0
1102790,370000.0
1102797,623000.0
1102800,155000.0
1102806,89000.0
1102844,198000.0
1102862,101000.0
1102908,94000.0
1102909,133000.0
1102959,102000.0
1102970,87000.0
1102986,177000.0
1103044,100000.0
1103076,255000.0
1103095,352000.0
1103226,255000.0
1103227,255000.0
1103228,192000.0
1103229,264000.0
1103249,199000.0
1103253,204000.0
1103258,218000.0
1103264,397000.0
1103265,124000.0
1103278,87000.0
1103279,490000.0
1103282,63000.0
1103361,107000.0
1103386,192000.0
1103396,204000.0
1103402,114000.0
1103403,126000.0
1103404,120000.0
1103418,131000.0
1103419,117000.0
1103431,211000.0
1103481,371000.0
1103489,223000.0
1103584,104000.0
1103598,195000.0
1103600,111000.0
1103604,152000.0
1103606,150000.0
1103614,69000.0
1103646,86000.0
1103668,256000.0
1103669,112000.0
1103678,141000.0
1103711,99000.0
1103726,171000.0
1103731,137000.0
1103735,157000.0
1103741,444000.0
1103838,152000.0
1103903,209000.0
1103914,125000.0
1103991,74000.0
1103997,114000.0
1104005,190000.0
1104027,61000.0
1104035,100000.0
1104045,106000.0
1104073,447000.0
1104122,356000.0
1104123,354000.0
1104132,116000.0
1104247,126000.0
1104252,100000.0
1104265,179000.0
1104276,69000.0
1104292,124000.0
1104347,630000.0
1104357,174000.0
1104358,103000.0
1104369,213000.0
1104944,216000.0
1104946,95000.0
1104949,95000.0
1104951,95000.0
1104953,95000.0
1104955,95000.0
1104972,152000.0
1105018,77000.0
1105021,112000.0
1105024,191000.0
1105025,122000.0
1105044,206000.0
1105046,115000.0
1105047,115000.0
1105050,330000.0
1105051,330000.0
1105052,330000.0
1105053,330000.0
1105071,95000.0
1105081,130000.0
1105207,330000.0
1105210,157000.0
1105265,330000.0
1105266,143000.0
1105267,143000.0
1105268,330000.0
1105280,85000.0
1105281,137000.0
1105282,133000.0
1105376,296000.0
1105429,127000.0
1105465,119000.0
1105493,110000.0
1105496,119000.0
1105557,110000.0
1105558,110000.0
1105575,100000.0
1105576,101000.0
1105581,89000.0
1105621,160000.0
1105622,127000.0
1105698,191000.0
1105699,191000.0
1105700,191000.0
1105702,191000.0
1105705,191000.0
1105706,191000.0
1105711,172000.0
1105799,110000.0
1105802,110000.0
1105803,110000.0
1105805,110000.0
1105806,110000.0
1105807,123000.0
1105828,144000.0
1105830,273000.0
1105831,157000.0
1105832,265000.0
1105849,77000.0
1105855,116000.0
1105898,116000.0
1105899,116000.0
1105935,185000.0
1105989,126000.0
1106068,153000.0
1106069,153000.0
1106073,153000.0
1106085,171000.0
1106086,136000.0
1106135,118000.0
1106164,77000.0
1106193,167000.0
1106196,97000.0
1106244,173000.0
1106253,69000.0
1106256,120000.0
1106586,255000.0
1106587,146000.0
1106588,149000.0
1106589,156000.0
1106600,85000.0
1106608,144000.0
1106715,77000.0
1106789,149000.0
1106790,206000.0
1106791,206000.0
1106792,206000.0
1106793,206000.0
1106794,206000.0
1106869,111000.0
1106954,256000.0
1107205,191000.0
1107331,74000.0
1107333,74000.0
1107389,163000.0
1107390,163000.0
1107392,163000.0
1107394,163000.0
1107395,163000.0
1107469,206000.0
1107483,103000.0
1107491,92000.0
1107667,241000.0
1107772,95000.0
1107775,95000.0
1107785,288000.0
1107786,153000.0
1107787,131000.0
1202392,131000.0
1202393,86000.0
1202395,203000.0
1202440,87000.0
1202550,78000.0
1202552,87000.0
1202577,144000.0
1202580,109000.0
1202842,139000.0
1202844,132000.0
1202860,102000.0
1202861,102000.0
1202869,172000.0
1202876,145000.0
1202892,155000.0
1202903,78000.0
1214273,164000.0
1214280,124000.0
1214445,374000.0
1214448,68000.0
1214449,77000.0
1214464,112000.0
1214572,134000.0
1214574,205000.0
1214584,132000.0
1214608,96000.0
1214640,80000.0
1214643,156000.0
1214651,333000.0
1214652,195000.0
1214657,461000.0
1214661,155000.0
1214673,127000.0
1214675,116000.0
1214679,176000.0
1214703,133000.0
1215040,119000.0
1215050,60000.0
1215134,115000.0
1215138,121000.0
1215362,78000.0
1215366,91000.0
1215368,92000.0
1215369,146000.0
1215374,81000.0
1215388,505000.0
1215448,75000.0
1215451,65000.0
1215486,131000.0
1215488,169000.0
1215496,120000.0
1215498,146000.0
1215555,140000.0
1215556,193000.0
1215560,359000.0
1215573,122000.0
1215591,68000.0
1215596,155000.0
1215746,235000.0
1215748,136000.0
1215754,67000.0
1215756,327000.0
1215758,123000.0
1215761,120000.0
1215762,87000.0
1215766,118000.0
1215767,709000.0
1215776,330000.0
1215784,296000.0
1215791,83000.0
1215796,94000.0
1215797,142000.0
1215798,93000.0
1215806,150000.0
1215810,95000.0
1216439,69000.0
1217024,103000.0
1217029,150000.0
1217034,84000.0
1217036,91000.0
1217037,71000.0
1217038,170000.0
1217233,141000.0
1217234,93000.0
1217247,108000.0
1217248,84000.0
1217250,101000.0
1217540,190000.0
1217556,147000.0
1217557,100000.0
1217559,74000.0
1217578,241000.0
1217875,68000.0
1217881,54000.0
1219303,95000.0
1219356,337000.0
1219361,239000.0
1219426,98000.0
1219482,321000.0
1219492,81000.0
1219515,226000.0
1219518,341000.0
1219520,189000.0
1219620,139000.0
1219653,90000.0
1219665,205000.0
1219668,106000.0
1219670,59000.0
1219706,195000.0
1219714,159000.0
1219756,112000.0
1220007,96000.0
1220137,480000.0
1220139,310000.0
1220671,92000.0
1220690,55000.0
1220731,148000.0
1220732,88000.0
1220739,139000.0
1222082,235000.0
1222084,72000.0
1222087,404000.0
1222182,170000.0
1222183,131000.0
1222194,216000.0
1222252,157000.0
1223720,127000.0
1223812,136000.0
1223816,300000.0
1223827,196000.0
1223836,262000.0
1223838,102000.0
1223841,88000.0
1223860,270000.0
1223861,176000.0
1223863,150000.0
1223867,198000.0
1223875,121000.0
1223892,207000.0
1223897,201000.0
1224003,93000.0
1224006,117000.0
1224010,157000.0
1224014,79000.0
1224033,174000.0
1224068,159000.0
1224071,85000.0
1224121,153000.0
1224146,136000.0
1224153,103000.0
1224653,158000.0
1224668,107000.0
1224776,154000.0
1224788,220000.0
1225148,449000.0
1225155,166000.0
1225157,276000.0
1225159,324000.0
1225238,200000.0
1225323,186000.0
1225362,121000.0
1225363,142000.0
1225376,253000.0
1225378,114000.0
1225818,70000.0
1226392,107000.0
1226394,98000.0
1226516,138000.0
1226517,133000.0
1226741,153000.0
1226743,143000.0
1226745,89000.0
1226748,171000.0
1226749,136000.0
1226782,129000.0
1226789,84000.0
1226799,97000.0
1226860,89000.0
1226867,189000.0
1226963,142000.0
1227068,194000.0
1227072,447000.0
1227075,92000.0
1227080,211000.0
1227083,211000.0
1227087,175000.0
1227113,102000.0
1227115,151000.0
1227127,77000.0
1227165,140000.0
1227292,89000.0
1227294,188000.0
1227296,170000.0
1227675,510000.0
1227679,207000.0
1227680,205000.0
1227687,235000.0
1227690,202000.0
1227707,132000.0
1227708,130000.0
1227709,198000.0
1227720,228000.0
1227815,182000.0
1227857,576000.0
1227859,403000.0
1227865,225000.0
1227902,126000.0
1227904,94000.0
1227921,425000.0
1227928,128000.0
1227948,260000.0
1227951,433000.0
1228096,128000.0
1228098,128000.0
1228597,341000.0
1228622,199000.0
1228630,158000.0
1228639,186000.0
1228640,142000.0
1228821,124000.0
1228828,283000.0
1228829,312000.0
1228966,366000.0
1228972,387000.0
1228973,843000.0
1228974,1504000.0
1228985,513000.0
1229013,253000.0
1229016,114000.0
1229018,170000.0
1229020,291000.0
1229022,181000.0
1229028,120000.0
1229030,126000.0
1229031,188000.0
1229038,193000.0
1229176,562000.0
1229188,301000.0
1229190,930000.0
1229201,192000.0
1229212,124000.0
1229218,138000.0
1229220,170000.0
1229224,153000.0
1229225,138000.0
1229462,432000.0
1229540,158000.0
1229541,146000.0
1229591,155000.0
1229597,180000.0
1229598,180000.0
1230015,96000.0
1230020,98000.0
1230030,101000.0
1230031,79000.0
1230037,86000.0
1230038,167000.0
1230039,74000.0
1230040,144000.0
1230045,62000.0
1230070,70000.0
1231407,218000.0
1231410,218000.0
1231549,296000.0
1231551,207000.0
1231558,74000.0
1231661,109000.0
1231688,197000.0
1231696,281000.0
1231704,115000.0
1231710,146000.0
1231711,78000.0
1231719,154000.0
1231753,97000.0
1231846,679000.0
1231908,94000.0
1231938,114000.0
1231982,217000.0
1232000,123000.0
1232001,123000.0
1232002,123000.0
1232475,287000.0
1232477,174000.0
1232484,73000.0
1232490,103000.0
1232637,83000.0
1232646,93000.0
1232662,111000.0
1233033,109000.0
1233038,99000.0
1233250,427000.0
1233263,166000.0
1233265,247000.0
1233268,189000.0
1233307,134000.0
1233314,117000.0
1233329,431000.0
1233345,278000.0
1233349,122000.0
1233447,85000.0
1233450,87000.0
1233453,86000.0
1233462,85000.0
1233465,109000.0
1233471,44000.0
1233474,109000.0
1233479,107000.0
1233487,115000.0
1233488,136000.0
1233490,111000.0
1233493,103000.0
1233495,97000.0
1233497,99000.0
1233542,68000.0
1233552,74000.0
1233557,161000.0
1233567,90000.0
1233568,149000.0
1233569,151000.0
1233683,251000.0
1233764,924000.0
1233861,107000.0
1233877,81000.0
1233987,330000.0
1233989,143000.0
1234069,144000.0
1234103,187000.0
1234104,199000.0
1234343,681000.0
1234348,102000.0
1234349,101000.0
1234495,588000.0
1234496,178000.0
1234497,176000.0
1234499,160000.0
1234515,141000.0
1234516,229000.0
1234528,211000.0
1234612,327000.0
1234760,74000.0
1234763,95000.0
1234766,162000.0
1234772,165000.0
1234818,115000.0
1235137,500000.0
1235157,123000.0
1235163,392000.0
1235168,249000.0
1235169,249000.0
1235170,249000.0
1235228,445000.0
1235244,380000.0
1235266,460000.0
1235290,979000.0
1235294,833000.0
1235303,148000.0
1235312,119000.0
1235314,437000.0
1235337,473000.0
1235354,306000.0
1235360,693000.0
1235386,1059000.0
1235538,330000.0
1235542,412000.0
1235546,440000.0
1235552,697000.0
1235662,1327000.0
1235678,58000.0
1235679,144000.0
1235688,128000.0
1235689,128000.0
1235741,206000.0
1235742,149000.0
1235744,206000.0
1235745,206000.0
1235746,206000.0
1235747,206000.0
1235786,628000.0
1235796,361000.0
1235824,754000.0
1235825,1032000.0
1235874,393000.0
1235885,724000.0
1235886,731000.0
1235887,296000.0
1235916,727000.0
1235996,195000.0
1235997,154000.0
1236001,616000.0
1236007,745000.0
1236009,691000.0
1236010,891000.0
1236082,86000.0
1236126,101000.0
1236137,132000.0
1236150,133000.0
1236152,153000.0
1236160,276000.0
1236162,737000.0
1236183,173000.0
1236186,100000.0
1236189,113000.0
1236201,107000.0
1236353,167000.0
1236355,165000.0
1236463,112000.0
1236479,108000.0
1236480,106000.0
1236822,85000.0
1236911,456000.0
1236986,164000.0
1236991,211000.0
1236993,164000.0
1237029,171000.0
1237033,108000.0
1237049,96000.0
1237051,212000.0
1237164,102000.0
1237170,272000.0
1237492,54000.0
1237495,91000.0
1237545,87000.0
1237979,231000.0
1237998,158000.0
1238015,143000.0
1238100,131000.0
1238115,151000.0
1238129,448000.0
1238182,94000.0
1238190,113000.0
1238195,376000.0
1238198,187000.0
1238207,132000.0
1238213,144000.0
1238216,203000.0
1238226,141000.0
1238229,359000.0
1238231,278000.0
1238232,279000.0
1238237,175000.0
1238241,168000.0
1238242,211000.0
1238244,160000.0
1238245,188000.0
1238258,76000.0
1238259,296000.0
1238261,191000.0
1238263,321000.0
1238264,212000.0
1238384,119000.0
1238386,207000.0
1238419,205000.0
1238422,198000.0
1238435,154000.0
1238439,584000.0
1238572,303000.0
1238582,290000.0
1238589,147000.0
1238614,95000.0
1238793,185000.0
1238800,554000.0
1238802,390000.0
1238807,273000.0
1238812,111000.0
1238813,187000.0
1238814,83000.0
1238827,147000.0
1238834,220000.0
1238964,209000.0
1238965,193000.0
1239003,206000.0
1239006,405000.0
1239029,241000.0
1239054,250000.0
1239062,234000.0
1239067,227000.0
1239078,193000.0
1239100,214000.0
1239106,153000.0
1239112,186000.0
1239158,217000.0
1239160,161000.0
1239161,142000.0
1239162,126000.0
1239239,203000.0
1239260,282000.0
1239261,271000.0
1239271,191000.0
1239276,372000.0
1239278,198000.0
1239294,155000.0
1239313,209000.0
1239402,409000.0
1239482,132000.0
1239483,132000.0
1239484,132000.0
1239485,132000.0
1239490,174000.0
1239519,229000.0
1239527,119000.0
1239532,179000.0
1239533,204000.0
1239534,153000.0
1239535,203000.0
1239537,228000.0
1239558,114000.0
1239566,101000.0
1239568,292000.0
1239577,126000.0
1239578,82000.0
1239585,134000.0
1239589,143000.0
1239598,145000.0
1239601,758000.0
1239963,189000.0
1239978,1024000.0
1239994,616000.0
1240122,842000.0
1240137,1117000.0
1240202,101000.0
1240229,144000.0
1240235,545000.0
1240281,179000.0
1240283,484000.0
1240338,76000.0
1240418,73000.0
1240441,464000.0
1240442,174000.0
1240444,298000.0
1240448,514000.0
1240464,685000.0
1240465,117000.0
1240498,173000.0
1240504,70000.0
1240505,134000.0
1240516,112000.0
1240535,91000.0
1240539,87000.0
1240540,81000.0
1240617,131000.0
1240649,112000.0
1240720,87000.0
1240728,77000.0
1240735,69000.0
1240736,77000.0
1240977,91000.0
1240979,85000.0
1241045,61000.0
1241069,71000.0
1241079,354000.0
1241087,74000.0
1241091,121000.0
1241093,82000.0
1241095,234000.0
1241101,128000.0
1241103,79000.0
1241115,96000.0
1241117,114000.0
1241128,96000.0
1241130,754000.0
1241139,190000.0
1241151,96000.0
1241289,66000.0
1241295,87000.0
1241453,127000.0
1241454,109000.0
1241459,108000.0
1241460,92000.0
1241478,110000.0
1241488,80000.0
1241744,116000.0
1241746,88000.0
1241753,114000.0
1241756,100000.0
1241757,106000.0
1241760,89000.0
1241761,92000.0
1241764,98000.0
1241795,163000.0
1241796,113000.0
1241798,79000.0
1241803,79000.0
1241804,85000.0
1241807,79000.0
1241810,66000.0
1241813,79000.0
1241826,108000.0
1241833,87000.0
1241834,95000.0
1241837,89000.0
1241842,103000.0
1241843,124000.0
1241897,102000.0
1241913,74000.0
1241975,95000.0
1241978,150000.0
1241980,75000.0
1241981,87000.0
1241983,66000.0
1242077,104000.0
1242080,86000.0
1242082,271000.0
1242090,89000.0
1242092,59000.0
1242118,126000.0
1242119,203000.0
1242131,80000.0
1242132,57000.0
1242135,73000.0
1242139,87000.0
70723,15000.0
71009,86000.0
71030,18000.0
71670,19000.0
71671,14000.0
71694,19000.0
71697,28000.0
71717,22000.0
71727,20000.0
71785,20000.0
72264,60000.0
72276,19000.0
72325,17000.0
72326,49000.0
72327,19000.0
72548,130000.0
72571,29000.0
72713,24000.0
696861,68000.0
696875,12000.0
696882,174000.0
