id,price
264893,135987.7245937926
264899,130050.78731286831
264910,130584.32227327881
264915,135454.1896333821
264919,130050.78731286831
264928,130050.78731286831
264932,130584.32227327881
264935,130584.32227327881
264939,135454.1896333821
264944,130584.32227327881
264954,130050.78731286831
264955,130050.78731286831
264969,282005.7319953469
264978,135987.7245937926
264983,135454.1896333821
264984,130050.78731286831
264985,130050.78731286831
265031,130584.32227327881
265032,130584.32227327881
265058,135454.1896333821
265066,130050.78731286831
265068,135987.7245937926
265069,282005.7319953469
265070,135987.7245937926
265077,130050.78731286831
265090,338161.1035398218
265094,130584.32227327881
265101,130050.78731286831
265102,130050.78731286831
265105,130584.32227327881
265106,130050.78731286831
265108,130050.78731286831
265115,130050.78731286831
265147,130050.78731286831
265152,130584.32227327881
265153,130584.32227327881
265170,130050.78731286831
265176,130584.32227327881
265187,135987.7245937926
265189,130584.32227327881
265198,130584.32227327881
265225,264682.54281417927
265233,186058.17097421054
265237,130050.78731286831
265253,143247.4800333569
265280,143247.4800333569
265287,143247.4800333569
265293,143247.4800333569
265296,143247.4800333569
265307,143247.4800333569
265308,143247.4800333569
265312,143247.4800333569
265313,143247.4800333569
265314,143247.4800333569
265315,143247.4800333569
265320,143247.4800333569
265333,143247.4800333569
265346,143247.4800333569
265351,143247.4800333569
265356,143247.4800333569
265357,143247.4800333569
265358,143247.4800333569
265363,143247.4800333569
265369,143247.4800333569
265372,143247.4800333569
265402,143247.4800333569
265406,143247.4800333569
265420,143247.4800333569
265436,143247.4800333569
265438,143247.4800333569
265442,143247.4800333569
265449,143247.4800333569
265452,143247.4800333569
265455,143247.4800333569
265461,143247.4800333569
265465,143247.4800333569
265481,143247.4800333569
265488,143247.4800333569
265501,143247.4800333569
265514,143247.4800333569
265515,143247.4800333569
265516,143247.4800333569
265517,143247.4800333569
265526,143247.4800333569
265533,143247.4800333569
265539,143247.4800333569
265543,143247.4800333569
265544,143247.4800333569
265556,143247.4800333569
265559,196574.77521178644
265561,146344.1778803363
265584,198156.94378719863
265586,143247.4800333569
265587,143247.4800333569
265588,198156.94378719863
265593,185436.32223299422
265596,143247.4800333569
265607,143247.4800333569
265608,143247.4800333569
265610,189384.9179503577
265613,189384.9179503577
265653,143247.4800333569
265663,189384.9179503577
265669,143247.4800333569
265675,143247.4800333569
265699,143247.4800333569
265701,143247.4800333569
265703,189384.9179503577
265704,189384.9179503577
265743,189384.9179503577
265748,143247.4800333569
265759,189384.9179503577
265795,143247.4800333569
265797,196574.77521178644
265805,156958.83360407883
265806,143247.4800333569
265810,143247.4800333569
265819,143247.4800333569
265820,189384.9179503577
265833,191381.71880222415
265834,143247.4800333569
265843,252281.66756786723
265851,254534.35099957575
265862,252281.66756786723
265864,254534.35099957575
265869,311146.0869952777
265887,254534.35099957575
265907,311146.0869952777
265913,283153.3102339092
265921,311146.0869952777
265923,254534.35099957575
265925,252281.66756786723
265957,284258.4154270554
265958,311146.0869952777
265960,311146.0869952777
265963,311146.0869952777
265969,311146.0869952777
266004,311146.0869952777
266028,284258.4154270554
266029,311146.0869952777
266032,311146.0869952777
266034,311146.0869952777
266055,254534.35099957575
266075,311146.0869952777
266077,311146.0869952777
266080,284258.4154270554
266093,311146.0869952777
266094,286084.5652496696
266100,311146.0869952777
266116,311146.0869952777
266129,252281.66756786723
266144,254534.35099957575
266160,254534.35099957575
266165,208217.39614959128
266196,208217.39614959128
266199,311146.0869952777
266202,311146.0869952777
266210,208217.39614959128
266211,252281.66756786723
266213,311146.0869952777
266218,189384.9179503577
266219,291966.5059947665
266220,230263.8795658653
266234,254534.35099957575
266241,208217.39614959128
266248,208217.39614959128
266251,189384.9179503577
266256,189384.9179503577
266259,230263.8795658653
266274,311146.0869952777
266275,252281.66756786723
266276,189384.9179503577
266279,208217.39614959128
266280,254534.35099957575
266281,208217.39614959128
266299,311146.0869952777
266300,254534.35099957575
266305,189384.9179503577
266314,208217.39614959128
266315,232792.30327930173
266329,252281.66756786723
266332,143247.4800333569
266350,143247.4800333569
266368,143247.4800333569
266375,143247.4800333569
266381,143247.4800333569
266382,143247.4800333569
266393,143247.4800333569
266394,143247.4800333569
266402,143247.4800333569
266406,143247.4800333569
266423,143247.4800333569
266424,143247.4800333569
266438,143247.4800333569
266454,143247.4800333569
266463,143247.4800333569
266465,143247.4800333569
266479,143247.4800333569
266480,143247.4800333569
266485,143247.4800333569
266486,143247.4800333569
266496,143247.4800333569
266508,143247.4800333569
266510,143247.4800333569
266511,143247.4800333569
266512,143247.4800333569
266514,143247.4800333569
266517,143247.4800333569
266539,143247.4800333569
266542,143247.4800333569
266545,143247.4800333569
266548,143247.4800333569
266550,143247.4800333569
266556,143247.4800333569
266559,143247.4800333569
266565,143247.4800333569
266568,143247.4800333569
266569,143247.4800333569
266575,143247.4800333569
266580,143247.4800333569
266581,143247.4800333569
266582,143247.4800333569
266583,143247.4800333569
266602,208217.39614959128
266606,189384.9179503577
266618,189384.9179503577
266619,208217.39614959128
266620,189384.9179503577
266624,208217.39614959128
266626,189384.9179503577
266662,189384.9179503577
266667,208217.39614959128
266668,160296.59701371042
266677,189384.9179503577
266681,159507.63989431754
266682,208217.39614959128
266690,208217.39614959128
266694,208217.39614959128
266695,208217.39614959128
266698,189384.9179503577
266699,189384.9179503577
266727,208217.39614959128
266729,189384.9179503577
266731,208217.39614959128
266732,189384.9179503577
266740,208217.39614959128
266744,189384.9179503577
266748,189384.9179503577
266768,189384.9179503577
266770,208217.39614959128
266771,199820.49875679397
266778,189384.9179503577
266779,189384.9179503577
266781,189384.9179503577
266785,208217.39614959128
266809,189384.9179503577
266819,189384.9179503577
266821,189384.9179503577
266824,189384.9179503577
266830,208217.39614959128
266831,189384.9179503577
266845,189384.9179503577
266846,189384.9179503577
266847,189384.9179503577
266851,198156.94378719863
266858,189384.9179503577
266859,189384.9179503577
266862,189384.9179503577
266863,189384.9179503577
266864,189384.9179503577
266872,198156.94378719863
266875,196574.77521178644
266877,189384.9179503577
266882,189384.9179503577
266883,198156.94378719863
266886,189384.9179503577
266918,189384.9179503577
266919,189384.9179503577
266920,189384.9179503577
266953,197327.55782215766
266954,189384.9179503577
266955,189384.9179503577
266957,189384.9179503577
266965,189384.9179503577
266966,189384.9179503577
266969,189384.9179503577
266984,176553.42618790452
266989,198156.94378719863
266990,189384.9179503577
267015,198156.94378719863
267016,198156.94378719863
267017,198156.94378719863
267018,189384.9179503577
267019,189384.9179503577
267020,189384.9179503577
267025,189384.9179503577
267028,189384.9179503577
267041,189384.9179503577
267054,198156.94378719863
267082,189384.9179503577
267084,198156.94378719863
267085,198156.94378719863
267103,143247.4800333569
267104,143247.4800333569
267106,143247.4800333569
267113,143247.4800333569
267126,143247.4800333569
267128,143247.4800333569
267131,143247.4800333569
267138,143247.4800333569
267147,143247.4800333569
267153,143247.4800333569
267154,143247.4800333569
267171,143247.4800333569
267173,143247.4800333569
267188,143247.4800333569
267198,143247.4800333569
267199,143247.4800333569
267218,143247.4800333569
267220,143247.4800333569
267221,143247.4800333569
267245,143247.4800333569
267247,143247.4800333569
267248,143247.4800333569
267249,143247.4800333569
267253,143247.4800333569
267269,143247.4800333569
267271,143247.4800333569
267274,143247.4800333569
267281,143247.4800333569
267303,143247.4800333569
267305,143247.4800333569
267306,143247.4800333569
267307,143247.4800333569
267309,143247.4800333569
267311,143247.4800333569
267312,143247.4800333569
267315,143247.4800333569
267331,143247.4800333569
267338,143247.4800333569
267342,143247.4800333569
267344,143247.4800333569
267346,143247.4800333569
267366,143247.4800333569
267369,143247.4800333569
267371,143247.4800333569
267375,143247.4800333569
267376,143247.4800333569
267379,143247.4800333569
267381,143247.4800333569
267382,143247.4800333569
267407,143247.4800333569
267422,143247.4800333569
267424,143247.4800333569
267428,143247.4800333569
267431,143247.4800333569
267434,143247.4800333569
267437,143247.4800333569
267438,143247.4800333569
267439,143247.4800333569
267440,143247.4800333569
267441,143247.4800333569
267443,143247.4800333569
267460,208217.39614959128
267463,208217.39614959128
267494,208217.39614959128
267510,208217.39614959128
267515,208217.39614959128
267520,208217.39614959128
267522,208217.39614959128
267523,208217.39614959128
267524,208217.39614959128
267544,208217.39614959128
267546,208217.39614959128
267551,208217.39614959128
267553,208217.39614959128
267563,208217.39614959128
267584,208217.39614959128
267585,208217.39614959128
267587,208217.39614959128
267598,208217.39614959128
267602,208217.39614959128
267614,208217.39614959128
267617,208217.39614959128
267619,208217.39614959128
267620,208217.39614959128
267623,208217.39614959128
267627,208217.39614959128
267633,208217.39614959128
267644,208217.39614959128
267667,143247.4800333569
267738,143247.4800333569
267740,143247.4800333569
267743,143247.4800333569
267778,143247.4800333569
267779,143247.4800333569
267799,143247.4800333569
267800,143247.4800333569
267814,143247.4800333569
267816,143247.4800333569
267833,143247.4800333569
267834,143247.4800333569
267836,143247.4800333569
267847,137548.32372937875
267858,136019.42897573978
267891,173318.3461778009
267896,136019.42897573978
267899,132144.92140886496
267900,132144.92140886496
267902,137548.32372937875
267908,136019.42897573978
267924,132144.92140886496
267933,132144.92140886496
267936,182327.5698438612
267939,137548.32372937875
267941,174577.71802967615
267942,132144.92140886496
267967,131159.50183882096
267970,174577.71802967615
267980,131159.50183882096
267990,174577.71802967615
267992,131159.50183882096
267994,133394.92975339538
267995,132144.92140886496
267999,132144.92140886496
268003,174577.71802967615
268020,133394.92975339538
268033,132144.92140886496
268041,143247.4800333569
268056,143247.4800333569
268067,143247.4800333569
268070,143247.4800333569
268071,155137.12596171332
268121,140381.28442784902
268144,143247.4800333569
268145,143247.4800333569
268147,143247.4800333569
268149,143247.4800333569
268150,143247.4800333569
268157,143247.4800333569
268159,143247.4800333569
268161,152837.77922112934
268175,171978.01101571246
268189,143247.4800333569
268208,146344.1778803363
308905,143247.4800333569
312310,282005.7319953469
312331,198156.94378719863
695165,208217.39614959128
695166,208217.39614959128
695170,132144.92140886496
695176,140381.28442784902
695178,189384.9179503577
695181,189384.9179503577
695183,198156.94378719863
695185,254534.35099957575
695196,189384.9179503577
695203,143247.4800333569
695205,208217.39614959128
695207,143247.4800333569
695236,189384.9179503577
695238,189384.9179503577
695252,143247.4800333569
695257,191381.71880222415
713635,198253.56907772348
714108,198253.56907772348
714284,198253.56907772348
714645,198253.56907772348
714753,198253.56907772348
714863,198253.56907772348
714924,198253.56907772348
715132,198253.56907772348
715405,198253.56907772348
715433,198253.56907772348
715694,198253.56907772348
715746,198253.56907772348
715898,198253.56907772348
715902,198253.56907772348
715996,198253.56907772348
716065,198253.56907772348
716097,198253.56907772348
716329,198253.56907772348
716360,198253.56907772348
716377,198253.56907772348
716484,198253.56907772348
716541,198253.56907772348
716634,198253.56907772348
716888,198253.56907772348
717017,198253.56907772348
717109,198253.56907772348
717307,198253.56907772348
717459,198253.56907772348
717524,198253.56907772348
717568,198253.56907772348
717688,198253.56907772348
717690,198253.56907772348
717797,198253.56907772348
717829,198253.56907772348
717945,198253.56907772348
717983,198253.56907772348
718276,198253.56907772348
718584,198253.56907772348
718617,198253.56907772348
718717,198253.56907772348
718867,198253.56907772348
718943,198253.56907772348
718997,198253.56907772348
719116,198253.56907772348
719132,198253.56907772348
719287,198253.56907772348
719579,198253.56907772348
719846,198253.56907772348
719893,198253.56907772348
720041,198253.56907772348
720088,198253.56907772348
720180,198253.56907772348
720249,198253.56907772348
720261,198253.56907772348
720293,198253.56907772348
720364,198253.56907772348
720455,198253.56907772348
720564,198253.56907772348
720679,198253.56907772348
720725,198253.56907772348
720817,198253.56907772348
720854,198253.56907772348
720920,198253.56907772348
721130,198253.56907772348
721266,198253.56907772348
721531,198253.56907772348
721844,198253.56907772348
721882,198253.56907772348
722050,198253.56907772348
722151,198253.56907772348
722225,198253.56907772348
722264,198253.56907772348
722516,198253.56907772348
722520,198253.56907772348
722594,198253.56907772348
722649,198253.56907772348
722769,198253.56907772348
724397,198253.56907772348
724457,198253.56907772348
724486,198253.56907772348
724488,198253.56907772348
724574,198253.56907772348
724620,198253.56907772348
724674,198253.56907772348
724767,198253.56907772348
724786,198253.56907772348
724908,198253.56907772348
725124,198253.56907772348
725211,198253.56907772348
725280,198253.56907772348
725364,198253.56907772348
725393,198253.56907772348
725425,198253.56907772348
725455,198253.56907772348
725547,198253.56907772348
725814,198253.56907772348
725829,198253.56907772348
725999,198253.56907772348
726088,198253.56907772348
726214,198253.56907772348
726348,198253.56907772348
726542,198253.56907772348
726620,198253.56907772348
726910,198253.56907772348
727068,198253.56907772348
727229,198253.56907772348
727458,198253.56907772348
727699,198253.56907772348
728077,198253.56907772348
728089,198253.56907772348
728272,198253.56907772348
728553,198253.56907772348
728592,198253.56907772348
728640,198253.56907772348
728663,198253.56907772348
729105,198253.56907772348
729267,198253.56907772348
729622,198253.56907772348
730128,198253.56907772348
730298,198253.56907772348
730619,198253.56907772348
730712,198253.56907772348
731061,198253.56907772348
731131,198253.56907772348
731142,198253.56907772348
731240,198253.56907772348
731527,198253.56907772348
731655,198253.56907772348
731841,198253.56907772348
731925,198253.56907772348
732382,198253.56907772348
732568,198253.56907772348
732810,198253.56907772348
732969,198253.56907772348
733029,198253.56907772348
733077,198253.56907772348
733091,198253.56907772348
733208,198253.56907772348
733226,198253.56907772348
733230,198253.56907772348
733238,198253.56907772348
733347,198253.56907772348
733542,198253.56907772348
734153,198253.56907772348
734154,198253.56907772348
734176,198253.56907772348
734212,198253.56907772348
734217,198253.56907772348
734258,198253.56907772348
734334,198253.56907772348
734397,198253.56907772348
734666,198253.56907772348
734674,198253.56907772348
734675,198253.56907772348
734724,198253.56907772348
734919,198253.56907772348
735058,198253.56907772348
735319,198253.56907772348
735691,198253.56907772348
735730,198253.56907772348
735875,198253.56907772348
736019,198253.56907772348
736274,198253.56907772348
736752,198253.56907772348
736842,198253.56907772348
736845,198253.56907772348
736880,198253.56907772348
737208,198253.56907772348
737501,198253.56907772348
737652,198253.56907772348
737722,198253.56907772348
738039,198253.56907772348
738057,198253.56907772348
738082,198253.56907772348
738665,198253.56907772348
738841,198253.56907772348
739007,198253.56907772348
739075,198253.56907772348
739255,198253.56907772348
739492,198253.56907772348
740378,198253.56907772348
740535,198253.56907772348
741340,198253.56907772348
741408,198253.56907772348
741684,198253.56907772348
742269,198253.56907772348
742430,198253.56907772348
742608,198253.56907772348
742744,198253.56907772348
742791,198253.56907772348
742826,198253.56907772348
742881,198253.56907772348
742899,198253.56907772348
743231,198253.56907772348
743527,198253.56907772348
743534,198253.56907772348
743562,198253.56907772348
743664,198253.56907772348
743926,198253.56907772348
744027,198253.56907772348
744337,198253.56907772348
744508,198253.56907772348
744690,198253.56907772348
745006,198253.56907772348
745047,198253.56907772348
745193,198253.56907772348
745245,198253.56907772348
745515,198253.56907772348
746017,198253.56907772348
746053,198253.56907772348
746265,198253.56907772348
746355,198253.56907772348
746375,198253.56907772348
746382,198253.56907772348
746483,198253.56907772348
746772,198253.56907772348
746949,198253.56907772348
746954,198253.56907772348
746984,198253.56907772348
748310,198253.56907772348
748476,198253.56907772348
748712,198253.56907772348
748736,198253.56907772348
748773,198253.56907772348
748803,198253.56907772348
749336,198253.56907772348
749657,198253.56907772348
749755,198253.56907772348
749845,198253.56907772348
750054,198253.56907772348
750136,198253.56907772348
750580,198253.56907772348
750771,198253.56907772348
751301,198253.56907772348
751365,198253.56907772348
751450,198253.56907772348
751496,198253.56907772348
751560,198253.56907772348
751799,198253.56907772348
751846,198253.56907772348
751847,198253.56907772348
751897,198253.56907772348
751958,198253.56907772348
751960,198253.56907772348
752204,198253.56907772348
752309,198253.56907772348
752365,198253.56907772348
752608,198253.56907772348
752648,198253.56907772348
752691,198253.56907772348
752814,198253.56907772348
752877,198253.56907772348
753069,198253.56907772348
753118,198253.56907772348
753224,198253.56907772348
753227,198253.56907772348
753248,198253.56907772348
753391,198253.56907772348
753482,198253.56907772348
753516,198253.56907772348
753532,198253.56907772348
753563,198253.56907772348
753651,198253.56907772348
753842,198253.56907772348
754089,198253.56907772348
754090,198253.56907772348
754125,198253.56907772348
754506,198253.56907772348
754620,198253.56907772348
754630,198253.56907772348
754802,198253.56907772348
754861,198253.56907772348
754927,198253.56907772348
754936,198253.56907772348
755034,198253.56907772348
755072,198253.56907772348
755075,198253.56907772348
755879,198253.56907772348
756141,198253.56907772348
757137,198253.56907772348
757268,198253.56907772348
757525,198253.56907772348
757552,198253.56907772348
757671,198253.56907772348
757699,198253.56907772348
757723,198253.56907772348
757778,198253.56907772348
757807,198253.56907772348
757810,198253.56907772348
758073,198253.56907772348
758157,198253.56907772348
758385,198253.56907772348
758409,198253.56907772348
758503,198253.56907772348
758531,198253.56907772348
758589,198253.56907772348
758722,198253.56907772348
758785,198253.56907772348
758793,198253.56907772348
758855,198253.56907772348
758943,198253.56907772348
758961,198253.56907772348
759020,198253.56907772348
759066,198253.56907772348
759073,198253.56907772348
759076,198253.56907772348
759330,198253.56907772348
760184,198253.56907772348
760381,198253.56907772348
760382,198253.56907772348
760545,198253.56907772348
760920,198253.56907772348
767749,198253.56907772348
767766,198253.56907772348
767960,198253.56907772348
768051,198253.56907772348
771578,198253.56907772348
771667,198253.56907772348
771785,198253.56907772348
771860,198253.56907772348
772094,198253.56907772348
772238,198253.56907772348
772563,198253.56907772348
772956,198253.56907772348
773061,198253.56907772348
773111,198253.56907772348
773288,198253.56907772348
773498,198253.56907772348
773599,198253.56907772348
773705,198253.56907772348
773905,198253.56907772348
773965,198253.56907772348
773973,198253.56907772348
774075,198253.56907772348
774236,198253.56907772348
774296,198253.56907772348
774423,198253.56907772348
774558,198253.56907772348
774559,198253.56907772348
774858,198253.56907772348
774859,198253.56907772348
774860,198253.56907772348
774861,198253.56907772348
774863,198253.56907772348
774864,198253.56907772348
774865,198253.56907772348
774866,198253.56907772348
774870,198253.56907772348
774874,198253.56907772348
774908,198253.56907772348
774914,198253.56907772348
775168,198253.56907772348
775205,198253.56907772348
775210,198253.56907772348
775320,198253.56907772348
775438,198253.56907772348
775442,198253.56907772348
775443,198253.56907772348
775444,198253.56907772348
775445,198253.56907772348
775447,198253.56907772348
775448,198253.56907772348
775554,198253.56907772348
775555,198253.56907772348
775586,198253.56907772348
775612,198253.56907772348
775729,198253.56907772348
775785,198253.56907772348
775911,198253.56907772348
776126,198253.56907772348
776220,198253.56907772348
776281,198253.56907772348
776537,198253.56907772348
776718,198253.56907772348
776786,198253.56907772348
777092,198253.56907772348
777265,198253.56907772348
777365,198253.56907772348
777442,198253.56907772348
777610,198253.56907772348
777612,198253.56907772348
777763,198253.56907772348
777818,198253.56907772348
778020,198253.56907772348
792324,198253.56907772348
792630,198253.56907772348
792713,198253.56907772348
792725,198253.56907772348
792887,198253.56907772348
792939,198253.56907772348
793005,198253.56907772348
793008,198253.56907772348
793066,198253.56907772348
793127,198253.56907772348
793161,198253.56907772348
793409,198253.56907772348
793475,198253.56907772348
793537,198253.56907772348
793642,198253.56907772348
793661,198253.56907772348
793768,198253.56907772348
793977,198253.56907772348
793978,198253.56907772348
794009,198253.56907772348
794521,198253.56907772348
794522,198253.56907772348
794646,198253.56907772348
794657,198253.56907772348
794681,198253.56907772348
794957,198253.56907772348
795043,198253.56907772348
795214,198253.56907772348
795458,198253.56907772348
795504,198253.56907772348
795614,198253.56907772348
795689,198253.56907772348
795690,198253.56907772348
795749,198253.56907772348
795780,198253.56907772348
796046,198253.56907772348
796093,198253.56907772348
796230,198253.56907772348
796239,198253.56907772348
796407,198253.56907772348
796414,198253.56907772348
796526,198253.56907772348
796611,198253.56907772348
796612,198253.56907772348
796693,198253.56907772348
796941,198253.56907772348
797000,198253.56907772348
797301,198253.56907772348
797320,198253.56907772348
797501,198253.56907772348
797556,198253.56907772348
797602,198253.56907772348
797607,198253.56907772348
797650,198253.56907772348
797759,198253.56907772348
797840,198253.56907772348
797920,198253.56907772348
797955,198253.56907772348
797986,198253.56907772348
798122,198253.56907772348
798154,198253.56907772348
799016,198253.56907772348
799634,198253.56907772348
799788,198253.56907772348
800114,198253.56907772348
800138,198253.56907772348
800424,198253.56907772348
800449,198253.56907772348
800510,198253.56907772348
800532,198253.56907772348
800541,198253.56907772348
800609,198253.56907772348
800668,198253.56907772348
800744,198253.56907772348
800866,198253.56907772348
800903,198253.56907772348
800916,198253.56907772348
801752,198253.56907772348
801804,198253.56907772348
801847,198253.56907772348
801858,198253.56907772348
802128,198253.56907772348
802258,198253.56907772348
802295,198253.56907772348
802341,198253.56907772348
802386,198253.56907772348
802424,198253.56907772348
802445,198253.56907772348
802668,198253.56907772348
802700,198253.56907772348
802704,198253.56907772348
802728,198253.56907772348
802910,198253.56907772348
803292,198253.56907772348
803311,198253.56907772348
803329,198253.56907772348
803374,198253.56907772348
803536,198253.56907772348
803639,198253.56907772348
804024,198253.56907772348
804212,198253.56907772348
804231,198253.56907772348
804291,198253.56907772348
804531,198253.56907772348
804598,198253.56907772348
804627,198253.56907772348
804631,198253.56907772348
804637,198253.56907772348
804655,198253.56907772348
804744,198253.56907772348
804766,198253.56907772348
804807,198253.56907772348
805014,198253.56907772348
805098,198253.56907772348
805194,198253.56907772348
805373,198253.56907772348
805394,198253.56907772348
805486,198253.56907772348
805500,198253.56907772348
805630,198253.56907772348
805757,198253.56907772348
806068,198253.56907772348
806144,198253.56907772348
806361,198253.56907772348
806422,198253.56907772348
806448,198253.56907772348
806622,198253.56907772348
806748,198253.56907772348
806977,198253.56907772348
806994,198253.56907772348
807158,198253.56907772348
807182,198253.56907772348
807185,198253.56907772348
807247,198253.56907772348
807280,198253.56907772348
807366,198253.56907772348
807797,198253.56907772348
808029,198253.56907772348
808116,198253.56907772348
808193,198253.56907772348
808317,198253.56907772348
808398,198253.56907772348
808402,198253.56907772348
808665,198253.56907772348
808694,198253.56907772348
809040,198253.56907772348
809598,198253.56907772348
809658,198253.56907772348
810178,198253.56907772348
810217,198253.56907772348
810247,198253.56907772348
810250,198253.56907772348
810315,198253.56907772348
810593,198253.56907772348
810694,198253.56907772348
810750,198253.56907772348
810752,198253.56907772348
810823,198253.56907772348
811013,198253.56907772348
811014,198253.56907772348
811029,198253.56907772348
811033,198253.56907772348
811079,198253.56907772348
811149,198253.56907772348
811154,198253.56907772348
811318,198253.56907772348
811572,198253.56907772348
811752,198253.56907772348
811825,198253.56907772348
811863,198253.56907772348
811890,198253.56907772348
812013,198253.56907772348
812020,198253.56907772348
812190,198253.56907772348
812277,198253.56907772348
812281,198253.56907772348
812496,198253.56907772348
813366,198253.56907772348
813513,198253.56907772348
813541,198253.56907772348
813723,198253.56907772348
813854,198253.56907772348
813900,198253.56907772348
813905,198253.56907772348
813991,198253.56907772348
814439,198253.56907772348
814562,198253.56907772348
814741,198253.56907772348
814748,198253.56907772348
814792,198253.56907772348
814808,198253.56907772348
814955,198253.56907772348
815240,198253.56907772348
815395,198253.56907772348
815501,198253.56907772348
815512,198253.56907772348
815573,198253.56907772348
815588,198253.56907772348
815670,198253.56907772348
815688,198253.56907772348
815690,198253.56907772348
815696,198253.56907772348
815763,198253.56907772348
815988,198253.56907772348
816064,198253.56907772348
816242,198253.56907772348
816290,198253.56907772348
816334,198253.56907772348
816744,198253.56907772348
816890,198253.56907772348
816995,198253.56907772348
816999,198253.56907772348
817070,198253.56907772348
817184,198253.56907772348
817220,198253.56907772348
817222,198253.56907772348
817335,198253.56907772348
817398,198253.56907772348
817401,198253.56907772348
817469,198253.56907772348
817478,198253.56907772348
817485,198253.56907772348
849254,198253.56907772348
849335,198253.56907772348
849583,198253.56907772348
849628,198253.56907772348
849715,198253.56907772348
849938,198253.56907772348
850070,198253.56907772348
850071,198253.56907772348
850074,198253.56907772348
850143,198253.56907772348
850650,198253.56907772348
850688,198253.56907772348
850706,198253.56907772348
851200,198253.56907772348
851362,198253.56907772348
851404,198253.56907772348
851791,198253.56907772348
851810,198253.56907772348
851844,198253.56907772348
851885,198253.56907772348
851929,198253.56907772348
852009,198253.56907772348
852060,198253.56907772348
852108,198253.56907772348
852166,198253.56907772348
852210,198253.56907772348
852356,198253.56907772348
852727,198253.56907772348
852786,198253.56907772348
852794,198253.56907772348
852798,198253.56907772348
852811,198253.56907772348
852983,198253.56907772348
853152,198253.56907772348
853212,198253.56907772348
853308,198253.56907772348
853360,198253.56907772348
853400,198253.56907772348
853448,198253.56907772348
853547,198253.56907772348
853738,198253.56907772348
853999,198253.56907772348
854058,198253.56907772348
854206,198253.56907772348
854316,198253.56907772348
854372,198253.56907772348
854548,198253.56907772348
854627,198253.56907772348
854717,198253.56907772348
854804,198253.56907772348
854850,198253.56907772348
855254,198253.56907772348
855290,198253.56907772348
855591,198253.56907772348
855835,198253.56907772348
856006,198253.56907772348
856174,198253.56907772348
856192,198253.56907772348
856247,198253.56907772348
856511,198253.56907772348
856637,198253.56907772348
856638,198253.56907772348
856646,198253.56907772348
856699,198253.56907772348
856869,198253.56907772348
856903,198253.56907772348
857014,198253.56907772348
857021,198253.56907772348
857337,198253.56907772348
857466,198253.56907772348
857561,198253.56907772348
857715,198253.56907772348
857930,198253.56907772348
857933,198253.56907772348
857984,198253.56907772348
858020,198253.56907772348
858115,198253.56907772348
858187,198253.56907772348
858284,198253.56907772348
858313,198253.56907772348
858343,198253.56907772348
858367,198253.56907772348
858368,198253.56907772348
858391,198253.56907772348
858467,198253.56907772348
858620,198253.56907772348
858789,198253.56907772348
858910,198253.56907772348
858923,198253.56907772348
858925,198253.56907772348
859089,198253.56907772348
859208,198253.56907772348
859213,198253.56907772348
859448,198253.56907772348
859735,198253.56907772348
859737,198253.56907772348
859952,198253.56907772348
860006,198253.56907772348
860132,198253.56907772348
860301,198253.56907772348
860323,198253.56907772348
860335,198253.56907772348
860364,198253.56907772348
860502,198253.56907772348
860548,198253.56907772348
860582,198253.56907772348
860748,198253.56907772348
860775,198253.56907772348
860948,198253.56907772348
861031,198253.56907772348
861333,198253.56907772348
861384,198253.56907772348
861474,198253.56907772348
861714,198253.56907772348
861731,198253.56907772348
861732,198253.56907772348
861737,198253.56907772348
861820,198253.56907772348
861885,198253.56907772348
862030,198253.56907772348
862188,198253.56907772348
862261,198253.56907772348
862281,198253.56907772348
862618,198253.56907772348
862788,198253.56907772348
862799,198253.56907772348
862968,198253.56907772348
862970,198253.56907772348
862972,198253.56907772348
863013,198253.56907772348
863030,198253.56907772348
863134,198253.56907772348
863308,198253.56907772348
863598,198253.56907772348
863775,198253.56907772348
863870,198253.56907772348
863876,198253.56907772348
863878,198253.56907772348
863962,198253.56907772348
864003,198253.56907772348
864031,198253.56907772348
864076,198253.56907772348
864259,198253.56907772348
864264,198253.56907772348
864392,198253.56907772348
864413,198253.56907772348
864696,198253.56907772348
864957,198253.56907772348
864967,198253.56907772348
865059,198253.56907772348
865088,198253.56907772348
865172,198253.56907772348
865294,198253.56907772348
865295,198253.56907772348
865397,198253.56907772348
865837,198253.56907772348
865915,198253.56907772348
865988,198253.56907772348
866170,198253.56907772348
866219,198253.56907772348
866221,198253.56907772348
866233,198253.56907772348
866670,198253.56907772348
866690,198253.56907772348
866710,198253.56907772348
866832,198253.56907772348
866953,198253.56907772348
867179,198253.56907772348
867437,198253.56907772348
867463,198253.56907772348
867734,198253.56907772348
867910,198253.56907772348
868080,198253.56907772348
868188,198253.56907772348
868288,198253.56907772348
868374,198253.56907772348
868833,198253.56907772348
869107,198253.56907772348
869128,198253.56907772348
869129,198253.56907772348
869138,198253.56907772348
869231,198253.56907772348
869299,198253.56907772348
869366,198253.56907772348
869499,198253.56907772348
869632,198253.56907772348
869658,198253.56907772348
869693,198253.56907772348
870083,198253.56907772348
870420,198253.56907772348
870666,198253.56907772348
870737,198253.56907772348
870738,198253.56907772348
870742,198253.56907772348
870773,198253.56907772348
870921,198253.56907772348
871140,198253.56907772348
871143,198253.56907772348
871239,198253.56907772348
871264,198253.56907772348
871783,198253.56907772348
871887,198253.56907772348
872186,198253.56907772348
872351,198253.56907772348
872453,198253.56907772348
872615,198253.56907772348
873114,198253.56907772348
873126,198253.56907772348
873173,198253.56907772348
873306,198253.56907772348
874035,198253.56907772348
874087,198253.56907772348
874106,198253.56907772348
874111,198253.56907772348
874132,198253.56907772348
874172,198253.56907772348
874299,198253.56907772348
874301,198253.56907772348
874678,198253.56907772348
875005,198253.56907772348
875040,198253.56907772348
875084,198253.56907772348
875343,198253.56907772348
875373,198253.56907772348
875694,198253.56907772348
875715,198253.56907772348
875883,198253.56907772348
875956,198253.56907772348
876188,198253.56907772348
876243,198253.56907772348
876248,198253.56907772348
876298,198253.56907772348
876348,198253.56907772348
876525,198253.56907772348
876573,198253.56907772348
876658,198253.56907772348
876802,198253.56907772348
877045,198253.56907772348
877057,198253.56907772348
877061,198253.56907772348
877082,198253.56907772348
877159,198253.56907772348
877356,198253.56907772348
877405,198253.56907772348
877586,198253.56907772348
877678,198253.56907772348
877695,198253.56907772348
877858,198253.56907772348
877986,198253.56907772348
877992,198253.56907772348
877993,198253.56907772348
877999,198253.56907772348
878136,198253.56907772348
878160,198253.56907772348
878162,198253.56907772348
878163,198253.56907772348
878164,198253.56907772348
878185,198253.56907772348
878259,198253.56907772348
878329,198253.56907772348
878421,198253.56907772348
878447,198253.56907772348
878983,198253.56907772348
879011,198253.56907772348
879025,198253.56907772348
879202,198253.56907772348
879262,198253.56907772348
879410,198253.56907772348
879445,198253.56907772348
879490,198253.56907772348
879704,198253.56907772348
879837,198253.56907772348
879874,198253.56907772348
879899,198253.56907772348
879907,198253.56907772348
880010,198253.56907772348
880022,198253.56907772348
880054,198253.56907772348
880204,198253.56907772348
880277,198253.56907772348
880443,198253.56907772348
880473,198253.56907772348
880481,198253.56907772348
880488,198253.56907772348
880535,198253.56907772348
880552,198253.56907772348
880554,198253.56907772348
880659,198253.56907772348
880698,198253.56907772348
880710,198253.56907772348
880760,198253.56907772348
880910,198253.56907772348
881195,198253.56907772348
881204,198253.56907772348
881269,198253.56907772348
881271,198253.56907772348
881536,198253.56907772348
881648,198253.56907772348
881673,198253.56907772348
881944,198253.56907772348
882063,198253.56907772348
882221,198253.56907772348
882324,198253.56907772348
882337,198253.56907772348
882438,198253.56907772348
882778,198253.56907772348
882904,198253.56907772348
882962,198253.56907772348
883438,198253.56907772348
883576,198253.56907772348
883600,198253.56907772348
883704,198253.56907772348
883831,198253.56907772348
884093,198253.56907772348
884099,198253.56907772348
884231,198253.56907772348
884499,198253.56907772348
884561,198253.56907772348
884563,198253.56907772348
884654,198253.56907772348
917473,198253.56907772348
917675,198253.56907772348
917724,198253.56907772348
918021,198253.56907772348
918033,198253.56907772348
918035,198253.56907772348
918495,198253.56907772348
918508,198253.56907772348
918559,198253.56907772348
918632,198253.56907772348
918906,198253.56907772348
918909,198253.56907772348
918921,198253.56907772348
919282,198253.56907772348
919294,198253.56907772348
919346,198253.56907772348
919348,198253.56907772348
919349,198253.56907772348
919389,198253.56907772348
919475,198253.56907772348
919477,198253.56907772348
919478,198253.56907772348
919577,198253.56907772348
919708,198253.56907772348
919726,198253.56907772348
919736,198253.56907772348
919757,198253.56907772348
919778,198253.56907772348
919891,198253.56907772348
919997,198253.56907772348
920012,198253.56907772348
920013,198253.56907772348
920137,198253.56907772348
920258,198253.56907772348
920314,198253.56907772348
920322,198253.56907772348
922004,198253.56907772348
922014,198253.56907772348
922214,198253.56907772348
922244,198253.56907772348
1024686,198253.56907772348
1024698,198253.56907772348
1024801,198253.56907772348
1025018,198253.56907772348
1025058,198253.56907772348
1025061,198253.56907772348
1025080,198253.56907772348
1025173,198253.56907772348
1025211,198253.56907772348
1025298,198253.56907772348
1025315,198253.56907772348
1025346,198253.56907772348
1025350,198253.56907772348
1026050,198253.56907772348
1026150,198253.56907772348
1026439,198253.56907772348
1026667,198253.56907772348
1026670,198253.56907772348
1026853,198253.56907772348
1026857,198253.56907772348
1027120,198253.56907772348
1027152,198253.56907772348
1027154,198253.56907772348
1027285,198253.56907772348
1027287,198253.56907772348
1027289,198253.56907772348
1027304,198253.56907772348
1027312,198253.56907772348
1027564,198253.56907772348
1027908,198253.56907772348
1028089,198253.56907772348
1028529,198253.56907772348
1028591,198253.56907772348
1028658,198253.56907772348
1028708,198253.56907772348
1028749,198253.56907772348
1028829,198253.56907772348
1028874,198253.56907772348
1029454,198253.56907772348
1029472,198253.56907772348
1029518,198253.56907772348
1029744,198253.56907772348
1029859,198253.56907772348
1030059,198253.56907772348
1030097,198253.56907772348
1030101,198253.56907772348
1030123,198253.56907772348
1030203,198253.56907772348
1030283,198253.56907772348
1030444,198253.56907772348
1030455,198253.56907772348
1030459,198253.56907772348
1030503,198253.56907772348
1030736,198253.56907772348
1030804,198253.56907772348
1030937,198253.56907772348
1031066,198253.56907772348
1031181,198253.56907772348
1031311,198253.56907772348
1031478,198253.56907772348
1031619,198253.56907772348
1031690,198253.56907772348
1031854,198253.56907772348
1031858,198253.56907772348
1031906,198253.56907772348
1031920,198253.56907772348
1031942,198253.56907772348
1032259,198253.56907772348
1032333,198253.56907772348
1032385,198253.56907772348
1032393,198253.56907772348
1032599,198253.56907772348
1032620,198253.56907772348
1032637,198253.56907772348
1032669,198253.56907772348
1032731,198253.56907772348
1032777,198253.56907772348
1032887,198253.56907772348
1032923,198253.56907772348
1032932,198253.56907772348
1033063,198253.56907772348
1033091,198253.56907772348
1033395,198253.56907772348
1033445,198253.56907772348
1033457,198253.56907772348
1033533,198253.56907772348
1033712,198253.56907772348
1033894,198253.56907772348
1033932,198253.56907772348
1033937,198253.56907772348
1033988,198253.56907772348
1033989,198253.56907772348
1034003,198253.56907772348
1034012,198253.56907772348
1034047,198253.56907772348
1034062,198253.56907772348
1034064,198253.56907772348
1034065,198253.56907772348
1034066,198253.56907772348
1034068,198253.56907772348
1034078,198253.56907772348
1034088,198253.56907772348
1034300,198253.56907772348
1034363,198253.56907772348
1034496,198253.56907772348
1034605,198253.56907772348
1034670,198253.56907772348
1034716,198253.56907772348
1034718,198253.56907772348
1034778,198253.56907772348
1034779,198253.56907772348
1034803,198253.56907772348
1034837,198253.56907772348
1034944,198253.56907772348
1035106,198253.56907772348
1035111,198253.56907772348
1035166,198253.56907772348
1035490,198253.56907772348
1035494,198253.56907772348
1035524,198253.56907772348
1035548,198253.56907772348
1035564,198253.56907772348
1035605,198253.56907772348
1035785,198253.56907772348
1035893,198253.56907772348
1036037,198253.56907772348
1036072,198253.56907772348
1036103,198253.56907772348
1036226,198253.56907772348
1037508,198253.56907772348
1037509,198253.56907772348
1037613,198253.56907772348
1037615,198253.56907772348
1037616,198253.56907772348
1037617,198253.56907772348
1037619,198253.56907772348
1037699,198253.56907772348
1037850,198253.56907772348
1037908,198253.56907772348
1038175,198253.56907772348
1038180,198253.56907772348
1038183,198253.56907772348
1038322,198253.56907772348
1038432,198253.56907772348
1038447,198253.56907772348
1038448,198253.56907772348
1038494,198253.56907772348
1038509,198253.56907772348
1038512,198253.56907772348
1038516,198253.56907772348
1038517,198253.56907772348
1038532,198253.56907772348
1038541,198253.56907772348
1038551,198253.56907772348
1038600,198253.56907772348
1038788,198253.56907772348
1038956,198253.56907772348
1038957,198253.56907772348
1039041,198253.56907772348
1039176,198253.56907772348
1039208,198253.56907772348
1039427,198253.56907772348
1039430,198253.56907772348
1039434,198253.56907772348
1039449,198253.56907772348
1039523,198253.56907772348
1039795,198253.56907772348
1039810,198253.56907772348
1039879,198253.56907772348
1040038,198253.56907772348
1040077,198253.56907772348
1040154,198253.56907772348
1040155,198253.56907772348
1040245,198253.56907772348
1040616,198253.56907772348
1040659,198253.56907772348
1040829,198253.56907772348
1040841,198253.56907772348
1041077,198253.56907772348
1041312,198253.56907772348
1041324,198253.56907772348
1041354,198253.56907772348
1041377,198253.56907772348
1041469,198253.56907772348
1041480,198253.56907772348
1041501,198253.56907772348
1041515,198253.56907772348
1041815,198253.56907772348
1041945,198253.56907772348
1041997,198253.56907772348
1042010,198253.56907772348
1042250,198253.56907772348
1042254,198253.56907772348
1042365,198253.56907772348
1042421,198253.56907772348
1042710,198253.56907772348
1043106,198253.56907772348
1043116,198253.56907772348
1043117,198253.56907772348
1043349,198253.56907772348
1043369,198253.56907772348
1043413,198253.56907772348
1043475,198253.56907772348
1043480,198253.56907772348
1043482,198253.56907772348
1043492,198253.56907772348
1043501,198253.56907772348
1043542,198253.56907772348
1043603,198253.56907772348
1043620,198253.56907772348
1043688,198253.56907772348
1043779,198253.56907772348
1043799,198253.56907772348
1043891,198253.56907772348
1043892,198253.56907772348
1043945,198253.56907772348
1044186,198253.56907772348
1044193,198253.56907772348
1044204,198253.56907772348
1044205,198253.56907772348
1044215,198253.56907772348
1044236,198253.56907772348
1044277,198253.56907772348
1044296,198253.56907772348
1044297,198253.56907772348
1044356,198253.56907772348
1044456,198253.56907772348
1044496,198253.56907772348
1044569,198253.56907772348
1044700,198253.56907772348
1044742,198253.56907772348
1044802,198253.56907772348
1044803,198253.56907772348
1044813,198253.56907772348
1044832,198253.56907772348
1044867,198253.56907772348
1045016,198253.56907772348
1045148,198253.56907772348
1045209,198253.56907772348
1045223,198253.56907772348
1045320,198253.56907772348
1045323,198253.56907772348
1045414,198253.56907772348
1045572,198253.56907772348
1045573,198253.56907772348
1045595,198253.56907772348
1045679,198253.56907772348
1045724,198253.56907772348
1045725,198253.56907772348
1045730,198253.56907772348
1045799,198253.56907772348
1045886,198253.56907772348
1045930,198253.56907772348
1045955,198253.56907772348
1045981,198253.56907772348
1046127,198253.56907772348
1046209,198253.56907772348
1046212,198253.56907772348
1046225,198253.56907772348
1046231,198253.56907772348
1046257,198253.56907772348
1046283,198253.56907772348
1046328,198253.56907772348
1046331,198253.56907772348
1046356,198253.56907772348
1046430,198253.56907772348
1046462,198253.56907772348
1046488,198253.56907772348
1046498,198253.56907772348
1046576,198253.56907772348
1046593,198253.56907772348
1046597,198253.56907772348
1046633,198253.56907772348
1046719,198253.56907772348
1046832,198253.56907772348
1046844,198253.56907772348
1046861,198253.56907772348
1046862,198253.56907772348
1046875,198253.56907772348
1046947,198253.56907772348
1046952,198253.56907772348
1046992,198253.56907772348
1047083,198253.56907772348
1047115,198253.56907772348
1047118,198253.56907772348
1047172,198253.56907772348
1047190,198253.56907772348
1047193,198253.56907772348
1047257,198253.56907772348
1047273,198253.56907772348
1047480,198253.56907772348
1047498,198253.56907772348
1047543,198253.56907772348
1047617,198253.56907772348
1047712,198253.56907772348
1047901,198253.56907772348
1047986,198253.56907772348
1048124,198253.56907772348
1048181,198253.56907772348
1048203,198253.56907772348
1048241,198253.56907772348
1048292,198253.56907772348
1048310,198253.56907772348
1048513,198253.56907772348
1048631,198253.56907772348
1049174,198253.56907772348
1049242,198253.56907772348
1049249,198253.56907772348
1049252,198253.56907772348
1049305,198253.56907772348
1049306,198253.56907772348
1049317,198253.56907772348
1049322,198253.56907772348
1049326,198253.56907772348
1049334,198253.56907772348
1049336,198253.56907772348
1049377,198253.56907772348
1049418,198253.56907772348
1049447,198253.56907772348
1049476,198253.56907772348
1049480,198253.56907772348
1049490,198253.56907772348
1049498,198253.56907772348
1049499,198253.56907772348
1049504,198253.56907772348
1049505,198253.56907772348
1049521,198253.56907772348
1049551,198253.56907772348
1049557,198253.56907772348
1049586,198253.56907772348
1049673,198253.56907772348
1049674,198253.56907772348
1049684,198253.56907772348
1049721,198253.56907772348
1049728,198253.56907772348
1049744,198253.56907772348
1049769,198253.56907772348
1049783,198253.56907772348
1049881,198253.56907772348
1049888,198253.56907772348
1049902,198253.56907772348
1049929,198253.56907772348
1050083,198253.56907772348
1050117,198253.56907772348
1050132,198253.56907772348
1050134,198253.56907772348
1050140,198253.56907772348
1050208,198253.56907772348
1050240,198253.56907772348
1050279,198253.56907772348
1050338,198253.56907772348
1050362,198253.56907772348
1050433,198253.56907772348
1050457,198253.56907772348
1050501,198253.56907772348
1050574,198253.56907772348
1050594,198253.56907772348
1050656,198253.56907772348
1050862,198253.56907772348
1050863,198253.56907772348
1050909,198253.56907772348
1050939,198253.56907772348
1050946,198253.56907772348
1050995,198253.56907772348
1051015,198253.56907772348
1051038,198253.56907772348
1051097,198253.56907772348
1051130,198253.56907772348
1051148,198253.56907772348
1051151,198253.56907772348
1051239,198253.56907772348
1051244,198253.56907772348
1051288,198253.56907772348
1051313,198253.56907772348
1051314,198253.56907772348
1051354,198253.56907772348
1051440,198253.56907772348
1051504,198253.56907772348
1051585,198253.56907772348
1051651,198253.56907772348
1051887,198253.56907772348
1051929,198253.56907772348
1052048,198253.56907772348
1052213,198253.56907772348
1052363,198253.56907772348
1052422,198253.56907772348
1052438,198253.56907772348
1052484,198253.56907772348
1052505,198253.56907772348
1052581,198253.56907772348
1052622,198253.56907772348
1052708,198253.56907772348
1052827,198253.56907772348
1052838,198253.56907772348
1052871,198253.56907772348
1052891,198253.56907772348
1053088,198253.56907772348
1053226,198253.56907772348
1053352,198253.56907772348
1053730,198253.56907772348
1053935,198253.56907772348
1054083,198253.56907772348
1054093,198253.56907772348
1054179,198253.56907772348
1054262,198253.56907772348
1054334,198253.56907772348
1054358,198253.56907772348
1054564,198253.56907772348
1054624,198253.56907772348
1054633,198253.56907772348
1054796,198253.56907772348
1054801,198253.56907772348
1054937,198253.56907772348
1054961,198253.56907772348
1055035,198253.56907772348
1055041,198253.56907772348
1055092,198253.56907772348
1055135,198253.56907772348
1055232,198253.56907772348
1055233,198253.56907772348
1055361,198253.56907772348
1055407,198253.56907772348
1055408,198253.56907772348
1055462,198253.56907772348
1055471,198253.56907772348
1055681,198253.56907772348
1055727,198253.56907772348
1055783,198253.56907772348
1055884,198253.56907772348
1055885,198253.56907772348
1055936,198253.56907772348
1055950,198253.56907772348
1055976,198253.56907772348
1056019,198253.56907772348
1056287,198253.56907772348
1056414,198253.56907772348
1056599,198253.56907772348
1056744,198253.56907772348
1056825,198253.56907772348
1056826,198253.56907772348
1056908,198253.56907772348
1056914,198253.56907772348
1056944,198253.56907772348
1057065,198253.56907772348
1057090,198253.56907772348
1057091,198253.56907772348
1057148,198253.56907772348
1057149,198253.56907772348
1057150,198253.56907772348
1057151,198253.56907772348
1057152,198253.56907772348
1057153,198253.56907772348
1057234,198253.56907772348
1057297,198253.56907772348
1057375,198253.56907772348
1057507,198253.56907772348
1057887,198253.56907772348
1057947,198253.56907772348
1057950,198253.56907772348
1057955,198253.56907772348
1057965,198253.56907772348
1058044,198253.56907772348
1058078,198253.56907772348
1058101,198253.56907772348
1058176,198253.56907772348
1058333,198253.56907772348
1058334,198253.56907772348
1058599,198253.56907772348
1058796,198253.56907772348
1058801,198253.56907772348
1058802,198253.56907772348
1058822,198253.56907772348
1058928,198253.56907772348
1058931,198253.56907772348
1059002,198253.56907772348
1059048,198253.56907772348
1059114,198253.56907772348
1059119,198253.56907772348
1059129,198253.56907772348
1059188,198253.56907772348
1059376,198253.56907772348
1059388,198253.56907772348
1059539,198253.56907772348
1059545,198253.56907772348
1059547,198253.56907772348
1059555,198253.56907772348
1059586,198253.56907772348
1059624,198253.56907772348
1059665,198253.56907772348
1059675,198253.56907772348
1059677,198253.56907772348
1059748,198253.56907772348
1059846,198253.56907772348
1059865,198253.56907772348
1059892,198253.56907772348
1059967,198253.56907772348
1059984,198253.56907772348
1059989,198253.56907772348
1060018,198253.56907772348
1060098,198253.56907772348
1060175,198253.56907772348
1060194,198253.56907772348
1060278,198253.56907772348
1060355,198253.56907772348
1060363,198253.56907772348
1060389,198253.56907772348
1060551,198253.56907772348
1060564,198253.56907772348
1060584,198253.56907772348
1060585,198253.56907772348
1060754,198253.56907772348
1060785,198253.56907772348
1060795,198253.56907772348
1060797,198253.56907772348
1060800,198253.56907772348
1060854,198253.56907772348
1060907,198253.56907772348
1060916,198253.56907772348
1060943,198253.56907772348
1060944,198253.56907772348
1061025,198253.56907772348
1061064,198253.56907772348
1061103,198253.56907772348
1061329,198253.56907772348
1061352,198253.56907772348
1061419,198253.56907772348
1061472,198253.56907772348
1061474,198253.56907772348
1061489,198253.56907772348
1061521,198253.56907772348
1061613,198253.56907772348
1061628,198253.56907772348
1061716,198253.56907772348
1061773,198253.56907772348
1061906,198253.56907772348
1061981,198253.56907772348
1062059,198253.56907772348
1062062,198253.56907772348
1062154,198253.56907772348
1062179,198253.56907772348
1062215,198253.56907772348
1062231,198253.56907772348
1062234,198253.56907772348
1062235,198253.56907772348
1062237,198253.56907772348
1150057,198253.56907772348
1150061,198253.56907772348
1150062,198253.56907772348
1150302,198253.56907772348
1150304,198253.56907772348
1150307,198253.56907772348
1150308,198253.56907772348
1150312,198253.56907772348
1150313,198253.56907772348
1150315,198253.56907772348
1150318,198253.56907772348
1150709,198253.56907772348
1150711,198253.56907772348
1150714,198253.56907772348
1150716,198253.56907772348
1150721,198253.56907772348
1150722,198253.56907772348
1150723,198253.56907772348
1150727,198253.56907772348
1150729,198253.56907772348
1150732,198253.56907772348
1150733,198253.56907772348
1150739,198253.56907772348
1150741,198253.56907772348
1150744,198253.56907772348
1150751,198253.56907772348
1158788,198253.56907772348
1158790,198253.56907772348
1158794,198253.56907772348
1158798,198253.56907772348
1158802,198253.56907772348
1158803,198253.56907772348
1158804,198253.56907772348
1158972,198253.56907772348
1158973,198253.56907772348
1158979,198253.56907772348
1158980,198253.56907772348
1158982,198253.56907772348
1159208,198253.56907772348
1159224,198253.56907772348
1159254,198253.56907772348
1159717,198253.56907772348
1159725,198253.56907772348
1159755,198253.56907772348
1159756,198253.56907772348
1159757,198253.56907772348
1159758,198253.56907772348
1159760,198253.56907772348
1159762,198253.56907772348
1159764,198253.56907772348
1160340,198253.56907772348
1160342,198253.56907772348
1160347,198253.56907772348
1160348,198253.56907772348
1160352,198253.56907772348
1160353,198253.56907772348
1160357,198253.56907772348
1160368,198253.56907772348
1160370,198253.56907772348
1160372,198253.56907772348
1160628,198253.56907772348
1160633,198253.56907772348
1160635,198253.56907772348
1160642,198253.56907772348
1160644,198253.56907772348
1160646,198253.56907772348
1160651,198253.56907772348
1160652,198253.56907772348
1160659,198253.56907772348
1160663,198253.56907772348
1160877,198253.56907772348
1160879,198253.56907772348
1160881,198253.56907772348
1160884,198253.56907772348
1160887,198253.56907772348
1160891,198253.56907772348
1160892,198253.56907772348
1160893,198253.56907772348
1160897,198253.56907772348
1160900,198253.56907772348
1160901,198253.56907772348
1160903,198253.56907772348
1160909,198253.56907772348
1160910,198253.56907772348
1160913,198253.56907772348
1160916,198253.56907772348
1162333,198253.56907772348
1162334,198253.56907772348
1162374,198253.56907772348
1162376,198253.56907772348
1162380,198253.56907772348
1162381,198253.56907772348
1162382,198253.56907772348
1162385,198253.56907772348
1162386,198253.56907772348
1162638,198253.56907772348
1162639,198253.56907772348
1162640,198253.56907772348
1162641,198253.56907772348
1162643,198253.56907772348
1162707,198253.56907772348
1162708,198253.56907772348
1162764,198253.56907772348
1162899,198253.56907772348
1162918,198253.56907772348
1162924,198253.56907772348
1162925,198253.56907772348
1162926,198253.56907772348
1162927,198253.56907772348
1163023,198253.56907772348
1163027,198253.56907772348
1163028,198253.56907772348
1163039,198253.56907772348
1163040,198253.56907772348
1163042,198253.56907772348
1163043,198253.56907772348
1163044,198253.56907772348
1163047,198253.56907772348
1163050,198253.56907772348
1163083,198253.56907772348
1163086,198253.56907772348
1163089,198253.56907772348
1163090,198253.56907772348
1163091,198253.56907772348
1163092,198253.56907772348
1163093,198253.56907772348
1163095,198253.56907772348
1163096,198253.56907772348
1163264,198253.56907772348
1163271,198253.56907772348
1164020,198253.56907772348
1164022,198253.56907772348
1164028,198253.56907772348
1164565,198253.56907772348
1164567,198253.56907772348
1164571,198253.56907772348
1164576,198253.56907772348
1164578,198253.56907772348
1164580,198253.56907772348
1164581,198253.56907772348
1164582,198253.56907772348
1164583,198253.56907772348
1164617,198253.56907772348
1164618,198253.56907772348
1164622,198253.56907772348
1164625,198253.56907772348
1164627,198253.56907772348
1164629,198253.56907772348
1164911,198253.56907772348
1164914,198253.56907772348
1164916,198253.56907772348
1164936,198253.56907772348
1164938,198253.56907772348
1164940,198253.56907772348
1167361,198253.56907772348
1167364,198253.56907772348
1167369,198253.56907772348
1167373,198253.56907772348
1167374,198253.56907772348
1167375,198253.56907772348
1167383,198253.56907772348
1167385,198253.56907772348
1167387,198253.56907772348
1167388,198253.56907772348
1167392,198253.56907772348
1167397,198253.56907772348
1167398,198253.56907772348
1167399,198253.56907772348
1167401,198253.56907772348
1167402,198253.56907772348
1167403,198253.56907772348
1167404,198253.56907772348
1167405,198253.56907772348
1167406,198253.56907772348
1167407,198253.56907772348
1167409,198253.56907772348
1167410,198253.56907772348
1167411,198253.56907772348
1167412,198253.56907772348
1167413,198253.56907772348
1167414,198253.56907772348
1167426,198253.56907772348
1167429,198253.56907772348
1167430,198253.56907772348
1167431,198253.56907772348
1167437,198253.56907772348
1167439,198253.56907772348
1171188,198253.56907772348
1171191,198253.56907772348
1171194,198253.56907772348
1171195,198253.56907772348
1171196,198253.56907772348
1171200,198253.56907772348
1171201,198253.56907772348
1171203,198253.56907772348
1171204,198253.56907772348
1171205,198253.56907772348
1171362,198253.56907772348
1171367,198253.56907772348
1172945,198253.56907772348
1172952,198253.56907772348
1173341,198253.56907772348
1173343,198253.56907772348
1173347,198253.56907772348
1173351,198253.56907772348
1173353,198253.56907772348
1173355,198253.56907772348
1173356,198253.56907772348
1173358,198253.56907772348
1173362,198253.56907772348
1173364,198253.56907772348
1174252,198253.56907772348
1174253,198253.56907772348
1174258,198253.56907772348
1174265,198253.56907772348
1174280,198253.56907772348
1174393,198253.56907772348
1174395,198253.56907772348
1174396,198253.56907772348
1174397,198253.56907772348
1174398,198253.56907772348
1174400,198253.56907772348
1174404,198253.56907772348
1174405,198253.56907772348
1174407,198253.56907772348
1174456,198253.56907772348
1174460,198253.56907772348
1174462,198253.56907772348
1174465,198253.56907772348
1174466,198253.56907772348
1174468,198253.56907772348
1174469,198253.56907772348
1174471,198253.56907772348
1174472,198253.56907772348
1174473,198253.56907772348
1174475,198253.56907772348
1174491,198253.56907772348
1174496,198253.56907772348
1174501,198253.56907772348
1174592,198253.56907772348
1174593,198253.56907772348
1174595,198253.56907772348
1174596,198253.56907772348
1174598,198253.56907772348
1174599,198253.56907772348
1174602,198253.56907772348
1174607,198253.56907772348
1174608,198253.56907772348
1174732,198253.56907772348
1174738,198253.56907772348
1174742,198253.56907772348
1174743,198253.56907772348
1174748,198253.56907772348
1175538,198253.56907772348
1175539,198253.56907772348
1175543,198253.56907772348
1175547,198253.56907772348
1175548,198253.56907772348
1175550,198253.56907772348
1176289,198253.56907772348
1176758,198253.56907772348
1176759,198253.56907772348
1176764,198253.56907772348
1176772,198253.56907772348
1177110,198253.56907772348
1177116,198253.56907772348
1177118,198253.56907772348
1177121,198253.56907772348
1177122,198253.56907772348
1177125,198253.56907772348
1177822,198253.56907772348
1178019,198253.56907772348
1178024,198253.56907772348
1179391,198253.56907772348
1179392,198253.56907772348
1179393,198253.56907772348
1179512,198253.56907772348
1179513,198253.56907772348
1179516,198253.56907772348
1179517,198253.56907772348
1179518,198253.56907772348
1179526,198253.56907772348
1179527,198253.56907772348
1179540,198253.56907772348
1179542,198253.56907772348
1179543,198253.56907772348
1179546,198253.56907772348
1179548,198253.56907772348
1179552,198253.56907772348
1179554,198253.56907772348
1179555,198253.56907772348
1179557,198253.56907772348
1179944,198253.56907772348
1179948,198253.56907772348
1179949,198253.56907772348
1179952,198253.56907772348
1179953,198253.56907772348
1179955,198253.56907772348
1180044,198253.56907772348
1180046,198253.56907772348
1180047,198253.56907772348
1180048,198253.56907772348
1180049,198253.56907772348
1180050,198253.56907772348
1180051,198253.56907772348
1180053,198253.56907772348
1180054,198253.56907772348
1180056,198253.56907772348
1180060,198253.56907772348
1180070,198253.56907772348
1180073,198253.56907772348
1180078,198253.56907772348
1180080,198253.56907772348
1180241,198253.56907772348
1180242,198253.56907772348
1180243,198253.56907772348
1180251,198253.56907772348
1180253,198253.56907772348
1180254,198253.56907772348
1180255,198253.56907772348
1180257,198253.56907772348
1180452,198253.56907772348
1180461,198253.56907772348
1180464,198253.56907772348
1180465,198253.56907772348
1180466,198253.56907772348
1180467,198253.56907772348
1180469,198253.56907772348
1180471,198253.56907772348
1180472,198253.56907772348
1180474,198253.56907772348
1180479,198253.56907772348
1180481,198253.56907772348
1180482,198253.56907772348
1180484,198253.56907772348
1180485,198253.56907772348
1180487,198253.56907772348
1180619,198253.56907772348
1180622,198253.56907772348
1180628,198253.56907772348
1180629,198253.56907772348
1180630,198253.56907772348
1180701,198253.56907772348
1180702,198253.56907772348
1180704,198253.56907772348
1180707,198253.56907772348
1180708,198253.56907772348
1180711,198253.56907772348
1180712,198253.56907772348
1180716,198253.56907772348
1180717,198253.56907772348
1180732,198253.56907772348
1180733,198253.56907772348
1180734,198253.56907772348
1180735,198253.56907772348
1180738,198253.56907772348
1180739,198253.56907772348
1180741,198253.56907772348
1180743,198253.56907772348
1180744,198253.56907772348
1180748,198253.56907772348
1180749,198253.56907772348
1180770,198253.56907772348
1180771,198253.56907772348
1180774,198253.56907772348
1180777,198253.56907772348
1180938,198253.56907772348
1180945,198253.56907772348
1180951,198253.56907772348
1180954,198253.56907772348
1180967,198253.56907772348
1180976,198253.56907772348
1180977,198253.56907772348
1181989,198253.56907772348
1182023,198253.56907772348
1182025,198253.56907772348
1182026,198253.56907772348
1182030,198253.56907772348
1182033,198253.56907772348
1182314,198253.56907772348
1182315,198253.56907772348
1182316,198253.56907772348
1182317,198253.56907772348
1182321,198253.56907772348
1182322,198253.56907772348
1182323,198253.56907772348
1182628,198253.56907772348
1182650,198253.56907772348
1182652,198253.56907772348
1182654,198253.56907772348
1182655,198253.56907772348
1182744,198253.56907772348
1182745,198253.56907772348
1182746,198253.56907772348
1182748,198253.56907772348
1182749,198253.56907772348
1182754,198253.56907772348
1182756,198253.56907772348
1182757,198253.56907772348
1183211,198253.56907772348
1183213,198253.56907772348
1183689,198253.56907772348
1183690,198253.56907772348
1183691,198253.56907772348
1183692,198253.56907772348
1184185,198253.56907772348
1184271,198253.56907772348
1184272,198253.56907772348
1184678,198253.56907772348
1184679,198253.56907772348
1184680,198253.56907772348
1184730,198253.56907772348
1184731,198253.56907772348
1184772,198253.56907772348
1184775,198253.56907772348
1184780,198253.56907772348
1184783,198253.56907772348
1184806,198253.56907772348
1184809,198253.56907772348
1184956,198253.56907772348
1185123,198253.56907772348
1185129,198253.56907772348
1185141,198253.56907772348
1185144,198253.56907772348
1185145,198253.56907772348
1185150,198253.56907772348
1185316,198253.56907772348
1185317,198253.56907772348
1185326,198253.56907772348
1185328,198253.56907772348
1185330,198253.56907772348
1185331,198253.56907772348
1185722,198253.56907772348
1185744,198253.56907772348
1185746,198253.56907772348
1185748,198253.56907772348
1185818,198253.56907772348
1185819,198253.56907772348
1186256,198253.56907772348
1186257,198253.56907772348
1186258,198253.56907772348
1186260,198253.56907772348
1186261,198253.56907772348
1186284,198253.56907772348
1186288,198253.56907772348
1186368,198253.56907772348
1186370,198253.56907772348
1186371,198253.56907772348
1186373,198253.56907772348
1186374,198253.56907772348
1186376,198253.56907772348
1186379,198253.56907772348
1186380,198253.56907772348
1186827,198253.56907772348
1186830,198253.56907772348
1186831,198253.56907772348
1186832,198253.56907772348
1186834,198253.56907772348
1186835,198253.56907772348
1186837,198253.56907772348
1186840,198253.56907772348
1187587,198253.56907772348
1187625,198253.56907772348
1187626,198253.56907772348
1187628,198253.56907772348
1187839,198253.56907772348
1187840,198253.56907772348
1187842,198253.56907772348
1187843,198253.56907772348
1187844,198253.56907772348
1187851,198253.56907772348
1187853,198253.56907772348
1187854,198253.56907772348
1188373,198253.56907772348
1188428,198253.56907772348
1188429,198253.56907772348
1188430,198253.56907772348
1188431,198253.56907772348
1188439,198253.56907772348
1188440,198253.56907772348
1188442,198253.56907772348
1188484,198253.56907772348
1188485,198253.56907772348
1188487,198253.56907772348
1188488,198253.56907772348
1188490,198253.56907772348
1188493,198253.56907772348
1188499,198253.56907772348
1188519,198253.56907772348
1188531,198253.56907772348
1188535,198253.56907772348
1188538,198253.56907772348
1188539,198253.56907772348
1188577,198253.56907772348
1188578,198253.56907772348
1188581,198253.56907772348
1189583,198253.56907772348
1189587,198253.56907772348
1189590,198253.56907772348
1189593,198253.56907772348
1189594,198253.56907772348
1189595,198253.56907772348
1189596,198253.56907772348
1189599,198253.56907772348
1189600,198253.56907772348
1189603,198253.56907772348
1189605,198253.56907772348
1189606,198253.56907772348
1189610,198253.56907772348
1189611,198253.56907772348
1191966,198253.56907772348
1191971,198253.56907772348
1191972,198253.56907772348
1192091,198253.56907772348
1192096,198253.56907772348
1192970,198253.56907772348
1192973,198253.56907772348
1193162,198253.56907772348
1193163,198253.56907772348
1193168,198253.56907772348
1193169,198253.56907772348
1193170,198253.56907772348
1193171,198253.56907772348
1193543,198253.56907772348
1193676,198253.56907772348
1193751,198253.56907772348
1193761,198253.56907772348
1193775,198253.56907772348
1193777,198253.56907772348
1193779,198253.56907772348
1193782,198253.56907772348
1193783,198253.56907772348
1193836,198253.56907772348
1193848,198253.56907772348
1193849,198253.56907772348
1193850,198253.56907772348
1193855,198253.56907772348
1193857,198253.56907772348
1193859,198253.56907772348
1193861,198253.56907772348
1193862,198253.56907772348
1193863,198253.56907772348
1193864,198253.56907772348
1193866,198253.56907772348
1193915,198253.56907772348
1193925,198253.56907772348
1193927,198253.56907772348
1193952,198253.56907772348
1193953,198253.56907772348
1193954,198253.56907772348
1193955,198253.56907772348
1193956,198253.56907772348
1193957,198253.56907772348
1194415,198253.56907772348
1194922,198253.56907772348
1194977,198253.56907772348
1195222,198253.56907772348
1195223,198253.56907772348
1195224,198253.56907772348
1195225,198253.56907772348
1195425,198253.56907772348
1195426,198253.56907772348
1195432,198253.56907772348
1195891,198253.56907772348
1195892,198253.56907772348
1195893,198253.56907772348
1195900,198253.56907772348
1195901,198253.56907772348
1195903,198253.56907772348
1196019,198253.56907772348
1196842,198253.56907772348
1196844,198253.56907772348
1196847,198253.56907772348
1196872,198253.56907772348
1196892,198253.56907772348
1196893,198253.56907772348
1196894,198253.56907772348
1196895,198253.56907772348
1196904,198253.56907772348
1196912,198253.56907772348
1196913,198253.56907772348
1196993,198253.56907772348
1196994,198253.56907772348
1196998,198253.56907772348
1196999,198253.56907772348
1197000,198253.56907772348
1197002,198253.56907772348
1197106,198253.56907772348
1197107,198253.56907772348
1197108,198253.56907772348
1197166,198253.56907772348
1197209,198253.56907772348
1197214,198253.56907772348
1197215,198253.56907772348
1197216,198253.56907772348
1197253,198253.56907772348
1197256,198253.56907772348
1197309,198253.56907772348
1197311,198253.56907772348
1197315,198253.56907772348
1197316,198253.56907772348
1197321,198253.56907772348
1197322,198253.56907772348
1197323,198253.56907772348
1197324,198253.56907772348
1197325,198253.56907772348
1197326,198253.56907772348
1197328,198253.56907772348
1197329,198253.56907772348
1197331,198253.56907772348
1197345,198253.56907772348
1197351,198253.56907772348
1197462,198253.56907772348
1197463,198253.56907772348
1197465,198253.56907772348
1197467,198253.56907772348
1197469,198253.56907772348
1197470,198253.56907772348
1197502,198253.56907772348
1197549,198253.56907772348
1197570,198253.56907772348
1197627,198253.56907772348
1197672,198253.56907772348
1197859,198253.56907772348
1197860,198253.56907772348
1197977,198253.56907772348
1197978,198253.56907772348
1198019,198253.56907772348
1198021,198253.56907772348
1198337,198253.56907772348
1198358,198253.56907772348
1198364,198253.56907772348
1198365,198253.56907772348
1198366,198253.56907772348
1198367,198253.56907772348
1198368,198253.56907772348
1198369,198253.56907772348
1198373,198253.56907772348
1198446,198253.56907772348
1198450,198253.56907772348
1198451,198253.56907772348
1198452,198253.56907772348
1198453,198253.56907772348
1198457,198253.56907772348
1198621,198253.56907772348
1198645,198253.56907772348
1198649,198253.56907772348
1198650,198253.56907772348
1198664,198253.56907772348
1198665,198253.56907772348
1198669,198253.56907772348
1198670,198253.56907772348
1198671,198253.56907772348
1198760,198253.56907772348
1198766,198253.56907772348
1198768,198253.56907772348
1198771,198253.56907772348
1198773,198253.56907772348
715273,198253.56907772348
717643,198253.56907772348
720473,198253.56907772348
722274,198253.56907772348
722610,198253.56907772348
722632,198253.56907772348
724293,198253.56907772348
724296,198253.56907772348
724367,198253.56907772348
724383,198253.56907772348
724402,198253.56907772348
724436,198253.56907772348
724693,198253.56907772348
725035,198253.56907772348
726164,198253.56907772348
728018,198253.56907772348
728963,198253.56907772348
730396,198253.56907772348
730570,198253.56907772348
732096,198253.56907772348
732455,198253.56907772348
733749,198253.56907772348
739805,198253.56907772348
762985,198253.56907772348
765024,198253.56907772348
766318,198253.56907772348
767291,198253.56907772348
768075,198253.56907772348
768187,198253.56907772348
768450,198253.56907772348
768818,198253.56907772348
775095,198253.56907772348
777984,198253.56907772348
780334,198253.56907772348
782037,198253.56907772348
783338,198253.56907772348
788907,198253.56907772348
791183,198253.56907772348
791186,198253.56907772348
800871,198253.56907772348
805218,198253.56907772348
808371,198253.56907772348
810903,198253.56907772348
813910,198253.56907772348
814295,198253.56907772348
816599,198253.56907772348
817980,198253.56907772348
818854,198253.56907772348
821034,198253.56907772348
822425,198253.56907772348
823206,198253.56907772348
823722,198253.56907772348
824962,198253.56907772348
827620,198253.56907772348
829106,198253.56907772348
829983,198253.56907772348
835034,198253.56907772348
835905,198253.56907772348
836853,198253.56907772348
836965,198253.56907772348
837221,198253.56907772348
837226,198253.56907772348
837310,198253.56907772348
837312,198253.56907772348
837322,198253.56907772348
837364,198253.56907772348
837447,198253.56907772348
837450,198253.56907772348
837480,198253.56907772348
837481,198253.56907772348
837534,198253.56907772348
837603,198253.56907772348
837604,198253.56907772348
837695,198253.56907772348
837700,198253.56907772348
838738,198253.56907772348
838739,198253.56907772348
838747,198253.56907772348
839708,198253.56907772348
839728,198253.56907772348
839729,198253.56907772348
839750,198253.56907772348
839751,198253.56907772348
839752,198253.56907772348
839753,198253.56907772348
839754,198253.56907772348
839789,198253.56907772348
839793,198253.56907772348
839796,198253.56907772348
840813,198253.56907772348
843860,198253.56907772348
844526,198253.56907772348
844543,198253.56907772348
844754,198253.56907772348
846486,198253.56907772348
847164,198253.56907772348
848484,198253.56907772348
936754,198253.56907772348
937863,198253.56907772348
937904,198253.56907772348
938417,198253.56907772348
938423,198253.56907772348
938603,198253.56907772348
938622,198253.56907772348
939544,198253.56907772348
940696,198253.56907772348
942465,198253.56907772348
942737,198253.56907772348
943019,198253.56907772348
943421,198253.56907772348
945655,198253.56907772348
947947,198253.56907772348
949288,198253.56907772348
952129,198253.56907772348
952131,198253.56907772348
952904,198253.56907772348
953479,198253.56907772348
954602,198253.56907772348
954929,198253.56907772348
955982,198253.56907772348
958924,198253.56907772348
959475,198253.56907772348
960089,198253.56907772348
960166,198253.56907772348
961081,198253.56907772348
961152,198253.56907772348
961156,198253.56907772348
963917,198253.56907772348
963924,198253.56907772348
963928,198253.56907772348
964509,198253.56907772348
965003,198253.56907772348
967216,198253.56907772348
967710,198253.56907772348
967711,198253.56907772348
967715,198253.56907772348
968678,198253.56907772348
969661,198253.56907772348
970940,198253.56907772348
971513,198253.56907772348
972147,198253.56907772348
972176,198253.56907772348
972866,198253.56907772348
974942,198253.56907772348
974954,198253.56907772348
976609,198253.56907772348
978142,198253.56907772348
978273,198253.56907772348
978277,198253.56907772348
978278,198253.56907772348
978281,198253.56907772348
978860,198253.56907772348
979110,198253.56907772348
979112,198253.56907772348
979516,198253.56907772348
980337,198253.56907772348
980476,198253.56907772348
982006,198253.56907772348
983877,198253.56907772348
983878,198253.56907772348
983879,198253.56907772348
985387,198253.56907772348
985462,198253.56907772348
985808,198253.56907772348
986398,198253.56907772348
987620,198253.56907772348
988304,198253.56907772348
988676,198253.56907772348
989018,198253.56907772348
995698,198253.56907772348
995822,198253.56907772348
1002393,198253.56907772348
1003195,198253.56907772348
1003292,198253.56907772348
1003326,198253.56907772348
1003655,198253.56907772348
1003662,198253.56907772348
1003847,198253.56907772348
1006131,198253.56907772348
1008419,198253.56907772348
1008432,198253.56907772348
1008509,198253.56907772348
1008929,198253.56907772348
1009457,198253.56907772348
1010167,198253.56907772348
1010251,198253.56907772348
1010311,198253.56907772348
1011035,198253.56907772348
1011899,198253.56907772348
1013203,198253.56907772348
1013464,198253.56907772348
1013942,198253.56907772348
1014952,198253.56907772348
1015519,198253.56907772348
1018488,198253.56907772348
1018565,198253.56907772348
1018830,198253.56907772348
1019163,198253.56907772348
1019257,198253.56907772348
1019258,198253.56907772348
1022427,198253.56907772348
1023024,198253.56907772348
1024198,198253.56907772348
1024386,198253.56907772348
1024633,198253.56907772348
1065813,198253.56907772348
1066642,198253.56907772348
1066903,198253.56907772348
1068872,198253.56907772348
1071707,198253.56907772348
1072579,198253.56907772348
1072606,198253.56907772348
1073519,198253.56907772348
1073733,198253.56907772348
1074535,198253.56907772348
1075895,198253.56907772348
1076216,198253.56907772348
1076517,198253.56907772348
1076917,198253.56907772348
1077573,198253.56907772348
1078672,198253.56907772348
1080081,198253.56907772348
1080084,198253.56907772348
1080177,198253.56907772348
1080179,198253.56907772348
1080180,198253.56907772348
1080182,198253.56907772348
1080646,198253.56907772348
1081890,198253.56907772348
1082838,198253.56907772348
1082935,198253.56907772348
1083177,198253.56907772348
1083187,198253.56907772348
1093683,198253.56907772348
1094194,198253.56907772348
1097426,198253.56907772348
1098571,198253.56907772348
1102741,198253.56907772348
1102778,198253.56907772348
1224860,198253.56907772348
1224861,198253.56907772348
1224864,198253.56907772348
1224865,198253.56907772348
1224868,198253.56907772348
1224877,198253.56907772348
1229111,198253.56907772348
1229116,198253.56907772348
1229118,198253.56907772348
1235951,198253.56907772348
1235954,198253.56907772348
1236545,198253.56907772348
1236554,198253.56907772348
1236560,198253.56907772348
1239168,198253.56907772348
1239172,198253.56907772348
1239175,198253.56907772348
1239178,198253.56907772348
1239179,198253.56907772348
1239182,198253.56907772348
1239184,198253.56907772348
1241221,198253.56907772348
1241227,198253.56907772348
1241228,198253.56907772348
96029,311146.0869952777
96056,311146.0869952777
96065,311146.0869952777
96072,311146.0869952777
96079,311146.0869952777
96099,311146.0869952777
96100,311146.0869952777
96136,311146.0869952777
96137,311146.0869952777
96138,311146.0869952777
96140,311146.0869952777
96142,311146.0869952777
96143,311146.0869952777
96193,311146.0869952777
96202,311146.0869952777
96206,311146.0869952777
96207,318140.1283027165
96224,318140.1283027165
96225,318140.1283027165
96227,311146.0869952777
96302,311146.0869952777
96318,311146.0869952777
96339,311146.0869952777
96369,311146.0869952777
96417,311146.0869952777
96432,311146.0869952777
96464,311146.0869952777
96467,311146.0869952777
96471,311146.0869952777
96476,208217.39614959128
96477,208217.39614959128
96481,208217.39614959128
96486,311146.0869952777
96487,311146.0869952777
96515,311146.0869952777
96547,311146.0869952777
96571,311146.0869952777
96574,311146.0869952777
96593,311146.0869952777
96606,311146.0869952777
96648,311146.0869952777
96654,311146.0869952777
96656,318140.1283027165
96661,311146.0869952777
96662,318140.1283027165
96664,297009.6872804491
96668,318140.1283027165
96669,318140.1283027165
96672,318140.1283027165
96678,311146.0869952777
96679,311146.0869952777
96683,311146.0869952777
96713,311146.0869952777
96715,311146.0869952777
96735,311146.0869952777
96742,208217.39614959128
96750,311146.0869952777
96751,311146.0869952777
96758,311146.0869952777
96760,311146.0869952777
96762,311146.0869952777
96765,311146.0869952777
96771,311146.0869952777
96772,311146.0869952777
96782,311146.0869952777
96790,208217.39614959128
96791,311146.0869952777
96816,311146.0869952777
96819,208217.39614959128
96821,311146.0869952777
96838,311146.0869952777
96862,318140.1283027165
96863,318140.1283027165
96869,208217.39614959128
96875,311146.0869952777
96876,311146.0869952777
96896,311146.0869952777
96897,311146.0869952777
96937,311146.0869952777
96946,311146.0869952777
96952,208217.39614959128
96957,311146.0869952777
96986,311146.0869952777
96988,311146.0869952777
96990,311146.0869952777
97005,311146.0869952777
97065,311146.0869952777
97071,208217.39614959128
97077,297009.6872804491
97081,311146.0869952777
97083,311146.0869952777
97093,311146.0869952777
97097,318140.1283027165
97122,208217.39614959128
97125,311146.0869952777
97126,311146.0869952777
97127,311146.0869952777
97129,311146.0869952777
97133,311146.0869952777
97137,311146.0869952777
97139,311146.0869952777
97140,311146.0869952777
97144,311146.0869952777
97146,311146.0869952777
97148,311146.0869952777
97149,311146.0869952777
97152,311146.0869952777
97154,311146.0869952777
97155,311146.0869952777
97161,311146.0869952777
97166,311146.0869952777
97194,311146.0869952777
97210,311146.0869952777
97213,311146.0869952777
97215,311146.0869952777
97217,311146.0869952777
97224,311146.0869952777
97226,297009.6872804491
97229,311146.0869952777
97235,311146.0869952777
97250,311146.0869952777
97263,311146.0869952777
97269,311146.0869952777
97312,311146.0869952777
97318,311146.0869952777
97327,311146.0869952777
97336,311146.0869952777
97447,311146.0869952777
97449,311146.0869952777
97467,466301.3973089661
97482,311146.0869952777
97495,466301.3973089661
97527,311146.0869952777
97531,311146.0869952777
97533,311146.0869952777
97545,311146.0869952777
97550,311146.0869952777
97555,208217.39614959128
97562,297009.6872804491
97564,297009.6872804491
97565,297009.6872804491
97566,297009.6872804491
97573,311146.0869952777
97575,311146.0869952777
97578,208217.39614959128
97579,208217.39614959128
97580,208217.39614959128
97582,208217.39614959128
97583,208217.39614959128
97584,208217.39614959128
97585,208217.39614959128
97586,208217.39614959128
97589,311146.0869952777
97590,311146.0869952777
97677,311146.0869952777
97680,311146.0869952777
97681,311146.0869952777
97686,311146.0869952777
97687,311146.0869952777
97690,311146.0869952777
97692,311146.0869952777
97696,311146.0869952777
97698,311146.0869952777
97699,311146.0869952777
97701,311146.0869952777
97704,311146.0869952777
97707,311146.0869952777
97729,208217.39614959128
97807,311146.0869952777
97808,311146.0869952777
97858,311146.0869952777
97859,311146.0869952777
97861,311146.0869952777
97879,311146.0869952777
97881,311146.0869952777
97885,311146.0869952777
97888,311146.0869952777
97897,311146.0869952777
97907,297009.6872804491
97911,311146.0869952777
97914,311146.0869952777
97927,208217.39614959128
97943,311146.0869952777
97949,208217.39614959128
97967,311146.0869952777
97988,311146.0869952777
97989,311146.0869952777
97990,311146.0869952777
97991,311146.0869952777
97993,311146.0869952777
97996,311146.0869952777
97997,311146.0869952777
97998,311146.0869952777
97999,311146.0869952777
98001,311146.0869952777
98014,311146.0869952777
98016,311146.0869952777
98036,297009.6872804491
98054,208217.39614959128
98063,311146.0869952777
98082,311146.0869952777
98083,311146.0869952777
98085,311146.0869952777
98086,311146.0869952777
98087,311146.0869952777
98090,311146.0869952777
98095,311146.0869952777
98103,311146.0869952777
98108,311146.0869952777
98119,297009.6872804491
98149,208217.39614959128
98164,466301.3973089661
98167,311146.0869952777
98168,311146.0869952777
98204,299997.0579331666
98248,311146.0869952777
98249,311146.0869952777
98257,311146.0869952777
98276,311146.0869952777
98293,311146.0869952777
98301,311146.0869952777
98308,311146.0869952777
98357,311146.0869952777
98358,311146.0869952777
98366,311146.0869952777
98394,311146.0869952777
98400,311146.0869952777
98403,311146.0869952777
98412,311146.0869952777
98413,311146.0869952777
98433,311146.0869952777
98450,297009.6872804491
98451,311146.0869952777
98452,208217.39614959128
98455,311146.0869952777
98462,311146.0869952777
98475,311146.0869952777
98499,311146.0869952777
98525,311146.0869952777
98526,318140.1283027165
98528,311146.0869952777
98531,208217.39614959128
98544,311146.0869952777
98553,311146.0869952777
98573,208217.39614959128
98582,208217.39614959128
98584,208217.39614959128
98585,208217.39614959128
98589,311146.0869952777
98593,311146.0869952777
98596,208217.39614959128
98648,311146.0869952777
98652,311146.0869952777
98653,311146.0869952777
98654,297009.6872804491
98656,208217.39614959128
98710,466301.3973089661
98754,311146.0869952777
98770,311146.0869952777
98780,311146.0869952777
98781,466301.3973089661
98782,466301.3973089661
98789,311146.0869952777
98804,311146.0869952777
98822,311146.0869952777
98823,299997.0579331666
98828,311146.0869952777
98842,208217.39614959128
98843,311146.0869952777
98846,311146.0869952777
98862,311146.0869952777
98863,311146.0869952777
98869,208217.39614959128
98870,208217.39614959128
98874,297009.6872804491
98876,311146.0869952777
98878,311146.0869952777
98883,311146.0869952777
98895,311146.0869952777
98899,311146.0869952777
98900,311146.0869952777
98901,311146.0869952777
98902,311146.0869952777
98905,311146.0869952777
98929,311146.0869952777
98948,311146.0869952777
98979,311146.0869952777
99010,297009.6872804491
99022,311146.0869952777
99035,466301.3973089661
99043,311146.0869952777
99044,311146.0869952777
99048,311146.0869952777
99051,311146.0869952777
99087,311146.0869952777
99098,311146.0869952777
99102,311146.0869952777
99104,311146.0869952777
99105,311146.0869952777
99114,466301.3973089661
99148,311146.0869952777
99163,208217.39614959128
99168,311146.0869952777
99198,311146.0869952777
99200,311146.0869952777
99205,311146.0869952777
99273,311146.0869952777
99277,311146.0869952777
99292,311146.0869952777
99293,311146.0869952777
99298,311146.0869952777
99300,311146.0869952777
99304,311146.0869952777
99305,311146.0869952777
99316,311146.0869952777
99319,297009.6872804491
99341,311146.0869952777
99344,208217.39614959128
99356,311146.0869952777
99360,311146.0869952777
99361,311146.0869952777
99389,311146.0869952777
99399,311146.0869952777
99400,311146.0869952777
99401,208217.39614959128
99421,311146.0869952777
99429,311146.0869952777
99433,311146.0869952777
99436,311146.0869952777
99439,311146.0869952777
99442,311146.0869952777
99450,297009.6872804491
99451,311146.0869952777
99460,466301.3973089661
99475,311146.0869952777
99480,462282.5775429703
99483,311146.0869952777
99529,311146.0869952777
99532,311146.0869952777
99542,311146.0869952777
99575,466301.3973089661
99583,311146.0869952777
99597,208217.39614959128
99601,311146.0869952777
99603,311146.0869952777
99624,208217.39614959128
99625,311146.0869952777
99651,311146.0869952777
99655,311146.0869952777
99673,311146.0869952777
99694,311146.0869952777
99697,311146.0869952777
99698,311146.0869952777
99714,208217.39614959128
99716,311146.0869952777
99717,311146.0869952777
99718,311146.0869952777
99719,311146.0869952777
99728,311146.0869952777
99736,311146.0869952777
99739,305442.3767319237
99751,311146.0869952777
99759,605828.3770340618
99760,311146.0869952777
99761,311146.0869952777
99765,311146.0869952777
99769,282005.7319953469
99812,296571.49971308484
99817,282005.7319953469
99855,282005.7319953469
99868,130584.32227327881
99869,130584.32227327881
99874,130584.32227327881
99895,130050.78731286831
99897,296571.49971308484
99980,282005.7319953469
99982,282005.7319953469
99984,282005.7319953469
99985,282005.7319953469
99990,135454.1896333821
99991,282005.7319953469
100086,282005.7319953469
100110,284258.4154270554
100115,282005.7319953469
100118,282005.7319953469
100119,282005.7319953469
100122,282005.7319953469
100125,282005.7319953469
100126,282005.7319953469
100127,282005.7319953469
100129,282005.7319953469
100130,282005.7319953469
100134,282005.7319953469
100136,282005.7319953469
100156,282005.7319953469
100157,282005.7319953469
100169,306045.6115642606
100171,130050.78731286831
100179,282005.7319953469
100187,190269.1538115331
100192,200435.81456532917
100193,200435.81456532917
100219,223548.1732791673
100243,135454.1896333821
100244,135454.1896333821
100289,282005.7319953469
100297,282005.7319953469
100310,284258.4154270554
100312,282005.7319953469
100327,130584.32227327881
100378,130584.32227327881
100422,135987.7245937926
100447,202874.28837934806
100513,282005.7319953469
100520,135454.1896333821
100532,130050.78731286831
100534,130584.32227327881
100537,130050.78731286831
100550,130050.78731286831
100557,135987.7245937926
100564,130584.32227327881
100571,282005.7319953469
100575,282005.7319953469
100595,135454.1896333821
100596,282005.7319953469
100620,282005.7319953469
100621,282005.7319953469
100648,282005.7319953469
100652,135454.1896333821
100661,284258.4154270554
100677,282005.7319953469
100678,282005.7319953469
100681,282005.7319953469
100708,130584.32227327881
100709,130584.32227327881
100723,284258.4154270554
100730,302770.3315885962
100733,135454.1896333821
100735,135454.1896333821
100736,135454.1896333821
100744,282005.7319953469
100755,135454.1896333821
100774,130050.78731286831
100800,264507.74780363037
100805,135987.7245937926
100812,282005.7319953469
100813,282005.7319953469
100819,135987.7245937926
100821,296571.49971308484
100866,135454.1896333821
100906,284258.4154270554
100942,282005.7319953469
100950,130584.32227327881
101142,282005.7319953469
101185,130050.78731286831
101191,284258.4154270554
101193,282005.7319953469
101283,135987.7245937926
101287,130584.32227327881
101300,282005.7319953469
101308,135454.1896333821
101316,130050.78731286831
101318,282005.7319953469
101326,130050.78731286831
101402,282005.7319953469
101456,163903.42717936766
101469,135454.1896333821
101478,282005.7319953469
101486,282005.7319953469
101499,282005.7319953469
101501,130050.78731286831
101506,282005.7319953469
101512,130584.32227327881
101514,135987.7245937926
101515,135987.7245937926
101527,130584.32227327881
101552,190269.1538115331
101571,130050.78731286831
101583,130050.78731286831
101600,130584.32227327881
101601,130584.32227327881
101603,130584.32227327881
101614,130050.78731286831
101619,284258.4154270554
101642,250748.14477906947
101673,130050.78731286831
101680,284258.4154270554
101694,135454.1896333821
101702,135454.1896333821
101707,282005.7319953469
101720,130584.32227327881
101755,130584.32227327881
101770,130584.32227327881
101780,282005.7319953469
101785,130584.32227327881
101817,282005.7319953469
101913,130050.78731286831
101915,135454.1896333821
101919,135454.1896333821
101976,135987.7245937926
101987,135987.7245937926
102114,135454.1896333821
102116,282005.7319953469
102197,282005.7319953469
102198,248571.038477821
102217,282005.7319953469
102252,282005.7319953469
102299,282005.7319953469
102330,135454.1896333821
102350,135454.1896333821
102352,135454.1896333821
102353,135454.1896333821
102404,130050.78731286831
102405,130050.78731286831
102415,130050.78731286831
102420,223548.1732791673
102442,130050.78731286831
102475,282005.7319953469
102479,282005.7319953469
102511,282005.7319953469
102568,135987.7245937926
102580,135454.1896333821
102593,282005.7319953469
102598,135454.1896333821
102607,130050.78731286831
102637,130050.78731286831
102792,135454.1896333821
102794,135454.1896333821
102837,130584.32227327881
102890,262410.15750889364
102905,130050.78731286831
102910,130584.32227327881
102922,135987.7245937926
102985,130584.32227327881
103028,130050.78731286831
103115,135987.7245937926
103132,135454.1896333821
103138,262410.15750889364
103179,135454.1896333821
103199,135987.7245937926
103244,135454.1896333821
103246,135454.1896333821
103276,282005.7319953469
103283,130584.32227327881
103313,135987.7245937926
103362,282005.7319953469
103392,282005.7319953469
103395,130584.32227327881
103428,135454.1896333821
103436,262410.15750889364
103463,135987.7245937926
103493,284258.4154270554
103495,284258.4154270554
103498,284258.4154270554
103504,284258.4154270554
103524,286084.5652496696
103527,284258.4154270554
103530,282005.7319953469
103532,223548.1732791673
103534,282005.7319953469
103540,223548.1732791673
103547,284258.4154270554
103555,219810.08626968786
103556,284258.4154270554
103557,282005.7319953469
103567,282005.7319953469
103568,284258.4154270554
103571,282005.7319953469
103577,282005.7319953469
103578,284258.4154270554
103579,276402.2573795639
103595,282005.7319953469
103601,282005.7319953469
103603,282005.7319953469
103604,282005.7319953469
103608,282005.7319953469
103614,282005.7319953469
103620,223548.1732791673
103625,284258.4154270554
103627,284258.4154270554
103678,284258.4154270554
103679,282005.7319953469
103685,284258.4154270554
103716,284258.4154270554
103720,284258.4154270554
103778,284258.4154270554
103780,284258.4154270554
103785,284258.4154270554
103787,282005.7319953469
103815,135454.1896333821
103816,284258.4154270554
103821,284258.4154270554
103836,284258.4154270554
103845,284258.4154270554
103851,284258.4154270554
103858,284258.4154270554
103859,284258.4154270554
103862,284258.4154270554
103866,282005.7319953469
103873,282005.7319953469
103876,284258.4154270554
103879,284258.4154270554
103885,282005.7319953469
103889,282005.7319953469
103898,284258.4154270554
103899,284258.4154270554
103909,282005.7319953469
103911,282005.7319953469
103920,282005.7319953469
103927,284258.4154270554
103933,284258.4154270554
103946,284258.4154270554
103949,284258.4154270554
103950,282005.7319953469
103965,282005.7319953469
103997,284258.4154270554
104017,282005.7319953469
104028,135454.1896333821
104068,284258.4154270554
104077,282005.7319953469
104098,282005.7319953469
104099,284258.4154270554
104103,272784.9166631072
104135,284258.4154270554
104141,284258.4154270554
104148,284258.4154270554
104149,284258.4154270554
104151,284258.4154270554
104154,284258.4154270554
104161,284258.4154270554
104163,284258.4154270554
104165,284258.4154270554
104195,284258.4154270554
104205,284258.4154270554
104218,284258.4154270554
104238,219810.08626968786
104245,284258.4154270554
104248,284258.4154270554
104252,284258.4154270554
104265,284258.4154270554
104266,272784.9166631072
104273,284258.4154270554
104274,284258.4154270554
104286,284258.4154270554
104290,284258.4154270554
104293,284258.4154270554
104299,282005.7319953469
104309,282005.7319953469
104326,284258.4154270554
104345,284258.4154270554
104359,284258.4154270554
104368,282005.7319953469
104379,284258.4154270554
104381,284258.4154270554
104403,272784.9166631072
104414,282005.7319953469
104417,282005.7319953469
104419,284258.4154270554
104431,284258.4154270554
104439,223548.1732791673
104445,284258.4154270554
104447,284258.4154270554
104451,284258.4154270554
104454,223548.1732791673
104456,135454.1896333821
104465,284258.4154270554
104473,284258.4154270554
104489,284258.4154270554
104492,282005.7319953469
104513,284258.4154270554
104517,284258.4154270554
104519,135454.1896333821
104523,282005.7319953469
104524,284258.4154270554
104526,135454.1896333821
104533,284258.4154270554
104538,284258.4154270554
104539,284258.4154270554
104545,282005.7319953469
104561,284258.4154270554
104598,284258.4154270554
104599,284258.4154270554
104611,284258.4154270554
104613,282005.7319953469
104623,284258.4154270554
104627,284258.4154270554
104628,135454.1896333821
104629,284258.4154270554
104630,284258.4154270554
104640,284258.4154270554
104641,284258.4154270554
104642,284258.4154270554
104665,135454.1896333821
104804,284258.4154270554
104847,284258.4154270554
104861,276402.2573795639
104862,284258.4154270554
104863,276402.2573795639
104896,284258.4154270554
104899,284258.4154270554
104901,266963.61974176834
104906,262410.15750889364
104922,284258.4154270554
104924,284258.4154270554
104925,284258.4154270554
104930,230451.42580268008
104935,284258.4154270554
104936,284258.4154270554
104964,284258.4154270554
104965,284258.4154270554
104970,284258.4154270554
104973,284258.4154270554
104975,284258.4154270554
104979,223548.1732791673
104995,282005.7319953469
104996,282005.7319953469
104998,282005.7319953469
104999,282005.7319953469
105000,282005.7319953469
105024,284258.4154270554
105029,282005.7319953469
105037,282005.7319953469
105038,284258.4154270554
105039,284258.4154270554
105049,284258.4154270554
105057,284258.4154270554
105061,284258.4154270554
105065,282005.7319953469
105076,282005.7319953469
105091,284258.4154270554
105116,282005.7319953469
105136,284258.4154270554
105143,282005.7319953469
105151,284258.4154270554
105160,272784.9166631072
105162,284258.4154270554
105170,284258.4154270554
105172,284258.4154270554
105179,284258.4154270554
105184,284258.4154270554
105185,284258.4154270554
105197,282005.7319953469
105202,286084.5652496696
105231,284258.4154270554
105232,340870.1514227574
105235,284258.4154270554
105249,282005.7319953469
105258,223548.1732791673
105259,284258.4154270554
105272,282005.7319953469
105287,219810.08626968786
105293,282005.7319953469
105304,284258.4154270554
105314,282005.7319953469
105315,284258.4154270554
105328,284258.4154270554
105341,284258.4154270554
105344,282005.7319953469
105349,284258.4154270554
105350,284258.4154270554
105351,284258.4154270554
105362,284258.4154270554
105376,284258.4154270554
105386,284258.4154270554
105392,284258.4154270554
105401,284258.4154270554
105409,284258.4154270554
105414,284258.4154270554
105418,284258.4154270554
105419,284258.4154270554
105425,284258.4154270554
105440,284258.4154270554
105447,272784.9166631072
105448,272784.9166631072
105452,284258.4154270554
105463,284258.4154270554
105464,284258.4154270554
105465,284258.4154270554
105524,282005.7319953469
105526,282005.7319953469
105531,284258.4154270554
105536,284258.4154270554
105557,284258.4154270554
105633,284258.4154270554
105635,284258.4154270554
105637,284258.4154270554
105674,284258.4154270554
105681,284258.4154270554
105703,284258.4154270554
105704,284258.4154270554
105705,284258.4154270554
105706,276402.2573795639
105711,282005.7319953469
105712,282005.7319953469
105719,282005.7319953469
105728,284258.4154270554
105734,284258.4154270554
105735,284258.4154270554
105745,284258.4154270554
105749,284258.4154270554
105764,284258.4154270554
105765,284258.4154270554
105768,284258.4154270554
105772,284258.4154270554
105778,284258.4154270554
105779,282005.7319953469
105785,284258.4154270554
105790,284258.4154270554
105806,284258.4154270554
105827,284258.4154270554
105831,284258.4154270554
105845,284258.4154270554
105848,282005.7319953469
105852,284258.4154270554
105865,284258.4154270554
105874,284258.4154270554
105906,284258.4154270554
105910,284258.4154270554
105915,282005.7319953469
105929,272784.9166631072
105945,284258.4154270554
105946,284258.4154270554
105947,282005.7319953469
105948,284258.4154270554
105954,284258.4154270554
105990,282005.7319953469
106000,284258.4154270554
106016,284258.4154270554
106030,272784.9166631072
106034,282005.7319953469
106035,272784.9166631072
106040,284258.4154270554
106074,223548.1732791673
106139,284258.4154270554
106142,284258.4154270554
106155,282005.7319953469
106168,284258.4154270554
106177,284258.4154270554
106183,284258.4154270554
106184,284258.4154270554
106185,284258.4154270554
106201,284258.4154270554
106215,282005.7319953469
106233,284258.4154270554
106235,282005.7319953469
106236,282005.7319953469
106239,284258.4154270554
106241,284258.4154270554
106242,284258.4154270554
106243,284258.4154270554
106254,284258.4154270554
106259,272784.9166631072
106263,284258.4154270554
106281,284258.4154270554
106282,284258.4154270554
106292,284258.4154270554
106294,284258.4154270554
106343,135454.1896333821
106356,282005.7319953469
106359,284258.4154270554
106360,284258.4154270554
106362,284258.4154270554
106390,272784.9166631072
106391,284258.4154270554
106398,284258.4154270554
106442,282005.7319953469
106449,282005.7319953469
106456,284258.4154270554
106458,284258.4154270554
106467,284258.4154270554
106512,282005.7319953469
106522,284258.4154270554
106565,284258.4154270554
106572,284258.4154270554
106579,282005.7319953469
106587,284258.4154270554
106591,284258.4154270554
106599,284258.4154270554
106604,284258.4154270554
106618,282005.7319953469
106647,284258.4154270554
106654,284258.4154270554
106665,284258.4154270554
106668,284258.4154270554
106678,284258.4154270554
106685,284258.4154270554
106707,284258.4154270554
106727,284258.4154270554
106760,198156.94378719863
106776,198156.94378719863
106780,197327.55782215766
106781,189384.9179503577
106783,189384.9179503577
106784,189384.9179503577
106790,189384.9179503577
106792,189384.9179503577
106819,189384.9179503577
106835,189384.9179503577
106845,190270.20971566119
106849,190270.20971566119
106857,189384.9179503577
106858,189384.9179503577
106860,189384.9179503577
106862,196574.77521178644
106871,198156.94378719863
106881,198156.94378719863
106896,198156.94378719863
106900,189384.9179503577
106902,189384.9179503577
106907,189384.9179503577
106918,196574.77521178644
106925,189384.9179503577
106927,189384.9179503577
106929,189384.9179503577
106934,189384.9179503577
106948,189384.9179503577
106949,182327.5698438612
106951,178634.11255073565
106954,189384.9179503577
106965,189384.9179503577
106975,196574.77521178644
106990,189384.9179503577
106992,189384.9179503577
107003,189384.9179503577
107004,182225.18523031662
107015,189384.9179503577
107016,189384.9179503577
107035,189384.9179503577
107058,182327.5698438612
107062,189384.9179503577
107071,198156.94378719863
107086,182327.5698438612
107093,189384.9179503577
107100,189384.9179503577
107122,197327.55782215766
107268,189384.9179503577
107275,189384.9179503577
107357,189384.9179503577
107361,189384.9179503577
107393,189384.9179503577
107395,198156.94378719863
107412,189384.9179503577
107416,189384.9179503577
107428,189384.9179503577
107452,189384.9179503577
107454,198156.94378719863
107464,189384.9179503577
107467,189384.9179503577
107469,189384.9179503577
107470,189384.9179503577
107472,189384.9179503577
107473,189384.9179503577
107487,198156.94378719863
107489,198156.94378719863
107495,189384.9179503577
107497,177465.6100527894
107501,189384.9179503577
107506,189384.9179503577
107510,189384.9179503577
107520,189384.9179503577
107551,194145.829537004
107556,189384.9179503577
107572,189384.9179503577
107584,189384.9179503577
107594,189384.9179503577
107595,189384.9179503577
107601,189384.9179503577
107614,189384.9179503577
107616,198156.94378719863
107617,189384.9179503577
107619,198156.94378719863
107621,198156.94378719863
107650,194151.46785194462
107656,189384.9179503577
107678,189384.9179503577
107680,179888.0176968807
107684,189384.9179503577
107687,189384.9179503577
107690,197327.55782215766
107692,197327.55782215766
107693,197327.55782215766
107694,197327.55782215766
107695,197327.55782215766
107702,189384.9179503577
107712,195750.54920140712
107718,189384.9179503577
107722,189384.9179503577
107757,178634.11255073565
107762,198156.94378719863
107769,182327.5698438612
107770,182327.5698438612
107771,198156.94378719863
107776,198156.94378719863
107778,195750.54920140712
107788,198156.94378719863
107792,189384.9179503577
107812,189384.9179503577
107831,189384.9179503577
107832,198156.94378719863
107863,182225.18523031662
107871,198156.94378719863
107873,198156.94378719863
107874,198156.94378719863
107875,198156.94378719863
107906,198156.94378719863
107915,198156.94378719863
107916,198156.94378719863
107917,198156.94378719863
107918,198156.94378719863
107919,198156.94378719863
107920,198156.94378719863
107998,198156.94378719863
108021,178918.05503305382
108137,178634.11255073565
108190,189384.9179503577
108231,189384.9179503577
108235,189384.9179503577
108237,189384.9179503577
108246,195750.54920140712
108272,198156.94378719863
108277,184496.0660597045
108281,177465.6100527894
108283,198156.94378719863
108285,189384.9179503577
108340,191381.71880222415
108343,189384.9179503577
108401,194145.829537004
108406,194151.46785194462
108408,187094.11974544812
108410,189384.9179503577
108429,196574.77521178644
108444,197327.55782215766
108447,197327.55782215766
108465,198156.94378719863
108468,189384.9179503577
108479,198156.94378719863
108496,194151.46785194462
108505,198156.94378719863
108512,189384.9179503577
108518,191381.71880222415
108519,198156.94378719863
108524,189384.9179503577
108527,189384.9179503577
108528,189384.9179503577
108545,189384.9179503577
108548,189384.9179503577
108551,198156.94378719863
108557,189384.9179503577
108558,197327.55782215766
108574,189384.9179503577
108580,198156.94378719863
108581,198156.94378719863
108589,189384.9179503577
108654,189384.9179503577
108658,198156.94378719863
108757,189384.9179503577
108771,189384.9179503577
108778,189384.9179503577
108802,189384.9179503577
108814,198156.94378719863
108816,177465.6100527894
108817,196574.77521178644
108832,189384.9179503577
108855,189384.9179503577
108867,191381.71880222415
108886,189384.9179503577
108900,189384.9179503577
108916,189384.9179503577
108948,189384.9179503577
108960,189384.9179503577
108962,189384.9179503577
108983,197327.55782215766
108984,197327.55782215766
108992,189384.9179503577
108993,189384.9179503577
109002,189384.9179503577
109051,198156.94378719863
109135,189384.9179503577
109157,189384.9179503577
109160,195632.91737509723
109175,189384.9179503577
109189,197327.55782215766
109236,198156.94378719863
109250,198156.94378719863
109251,198156.94378719863
109254,189384.9179503577
109323,189384.9179503577
109368,182327.5698438612
109384,189384.9179503577
109388,189384.9179503577
109389,197327.55782215766
109414,189384.9179503577
109434,182327.5698438612
109448,198156.94378719863
109454,198156.94378719863
109455,198156.94378719863
109456,198156.94378719863
109478,189384.9179503577
109488,198156.94378719863
109499,189384.9179503577
109504,189384.9179503577
109509,189384.9179503577
109523,189384.9179503577
109524,189384.9179503577
109525,189384.9179503577
109526,189384.9179503577
109534,198156.94378719863
109546,189384.9179503577
109566,189384.9179503577
109570,189384.9179503577
109577,189384.9179503577
109586,198156.94378719863
109589,189384.9179503577
109597,189384.9179503577
109608,252281.66756786723
109624,254534.35099957575
109633,208217.39614959128
109634,252281.66756786723
109650,311146.0869952777
109651,311146.0869952777
109653,311146.0869952777
109654,311146.0869952777
109656,208217.39614959128
109658,311146.0869952777
109659,252281.66756786723
109661,252281.66756786723
109667,311146.0869952777
109672,311146.0869952777
109673,311146.0869952777
109674,311146.0869952777
109675,311146.0869952777
109690,311146.0869952777
109698,254534.35099957575
109703,208217.39614959128
109710,254534.35099957575
109711,208217.39614959128
109724,208217.39614959128
109729,311146.0869952777
109736,254534.35099957575
109777,281330.72583958873
109778,208217.39614959128
109779,254534.35099957575
109780,254534.35099957575
109781,208217.39614959128
109794,311146.0869952777
109860,208217.39614959128
109861,252281.66756786723
109867,311146.0869952777
109868,311146.0869952777
109876,311146.0869952777
109891,208217.39614959128
109896,311146.0869952777
109903,254534.35099957575
109905,311146.0869952777
109915,311146.0869952777
109925,208217.39614959128
109959,254534.35099957575
109962,208217.39614959128
109985,254534.35099957575
109986,254534.35099957575
110001,254534.35099957575
110013,208217.39614959128
110024,208217.39614959128
110041,254534.35099957575
110055,311146.0869952777
110056,311146.0869952777
110060,311146.0869952777
110065,208217.39614959128
110079,291966.5059947665
110092,311146.0869952777
110099,254534.35099957575
110108,254534.35099957575
110121,311146.0869952777
110130,208217.39614959128
110132,311146.0869952777
110135,311146.0869952777
110136,311146.0869952777
110137,311146.0869952777
110138,311146.0869952777
110139,311146.0869952777
110148,311146.0869952777
110150,311146.0869952777
110158,311146.0869952777
110160,254534.35099957575
110161,254534.35099957575
110180,208217.39614959128
110223,252281.66756786723
110226,311146.0869952777
110236,254534.35099957575
110248,311146.0869952777
110295,254534.35099957575
110319,254534.35099957575
110327,208217.39614959128
110330,311146.0869952777
110335,311146.0869952777
110345,208217.39614959128
110348,252281.66756786723
110349,252281.66756786723
110351,281330.72583958873
110355,208217.39614959128
110365,254534.35099957575
110380,254534.35099957575
110387,311146.0869952777
110392,311146.0869952777
110393,254534.35099957575
110403,254534.35099957575
110452,208217.39614959128
110462,254534.35099957575
110538,254534.35099957575
110626,254534.35099957575
110628,254534.35099957575
110631,252281.66756786723
110642,311146.0869952777
110672,208217.39614959128
110695,254534.35099957575
110698,254534.35099957575
110716,311146.0869952777
110725,311146.0869952777
110733,208217.39614959128
110742,208217.39614959128
110743,208217.39614959128
110747,311146.0869952777
110758,309404.17482003104
110769,311146.0869952777
110780,252281.66756786723
110790,208217.39614959128
110791,208217.39614959128
110792,254534.35099957575
110795,208217.39614959128
110796,254534.35099957575
110797,254534.35099957575
110798,254534.35099957575
110803,311146.0869952777
110807,254534.35099957575
110817,311146.0869952777
110824,208217.39614959128
110854,311146.0869952777
110872,208217.39614959128
110875,252281.66756786723
110883,208217.39614959128
110902,254534.35099957575
110903,254534.35099957575
110912,208217.39614959128
110914,311146.0869952777
110923,254534.35099957575
110934,311146.0869952777
110938,291966.5059947665
110939,291966.5059947665
110945,311146.0869952777
110948,293862.4016912579
110949,293862.4016912579
110964,254534.35099957575
110980,254534.35099957575
110983,254534.35099957575
110992,311146.0869952777
110993,311146.0869952777
110999,311146.0869952777
111000,311146.0869952777
111001,311146.0869952777
111003,311146.0869952777
111005,311146.0869952777
111008,311146.0869952777
111009,311146.0869952777
111014,254534.35099957575
111018,311146.0869952777
111023,254534.35099957575
111031,291966.5059947665
111035,311146.0869952777
111054,245894.39530677852
111059,311146.0869952777
111079,254534.35099957575
111113,311146.0869952777
111114,311146.0869952777
111117,311146.0869952777
111118,311146.0869952777
111119,311146.0869952777
111120,311146.0869952777
111122,311146.0869952777
111123,311146.0869952777
111124,311146.0869952777
111125,311146.0869952777
111127,311146.0869952777
111129,254534.35099957575
111143,208217.39614959128
111147,311146.0869952777
111148,311146.0869952777
111166,254534.35099957575
111167,311146.0869952777
111168,311146.0869952777
111191,254534.35099957575
111196,208217.39614959128
111197,208217.39614959128
111199,254534.35099957575
111208,311146.0869952777
111216,283153.3102339092
111252,208217.39614959128
111255,254534.35099957575
111319,311146.0869952777
111384,311146.0869952777
111386,208217.39614959128
111388,311146.0869952777
111389,311146.0869952777
111394,254534.35099957575
111395,254534.35099957575
111435,254534.35099957575
111446,189384.9179503577
111457,254534.35099957575
111459,311146.0869952777
111463,311146.0869952777
111477,254534.35099957575
111496,254534.35099957575
111506,311146.0869952777
111507,254534.35099957575
111510,208217.39614959128
111512,254534.35099957575
111523,254534.35099957575
111530,254534.35099957575
111531,311146.0869952777
111534,208217.39614959128
111538,208217.39614959128
111554,208217.39614959128
111573,311146.0869952777
111590,311146.0869952777
111598,311146.0869952777
111608,311146.0869952777
111611,208217.39614959128
111621,208217.39614959128
111628,311146.0869952777
111629,311146.0869952777
111633,256360.50082218993
111636,311146.0869952777
111637,311146.0869952777
111658,311146.0869952777
111665,254534.35099957575
111697,311146.0869952777
111703,311146.0869952777
111774,254534.35099957575
111775,311146.0869952777
111820,254534.35099957575
111839,252281.66756786723
111846,311146.0869952777
111850,311146.0869952777
111856,254534.35099957575
111860,311146.0869952777
111865,189384.9179503577
111883,311146.0869952777
111884,311146.0869952777
111885,311146.0869952777
111894,311146.0869952777
111915,297371.017897176
111924,267122.8533270349
111939,293862.4016912579
111954,254534.35099957575
111965,254534.35099957575
111970,311146.0869952777
111976,254534.35099957575
111987,311146.0869952777
111988,311146.0869952777
112051,254534.35099957575
112063,311146.0869952777
112068,254534.35099957575
112075,252281.66756786723
112157,311146.0869952777
112162,311146.0869952777
112163,311146.0869952777
112227,311146.0869952777
112230,311146.0869952777
112247,254534.35099957575
112271,254534.35099957575
112297,208217.39614959128
112315,254534.35099957575
112335,208217.39614959128
112353,208217.39614959128
112355,497083.61162393575
112367,208217.39614959128
112375,297009.6872804491
112378,297009.6872804491
112388,208217.39614959128
112412,208217.39614959128
112424,497083.61162393575
112431,208217.39614959128
112465,208217.39614959128
112466,208217.39614959128
112474,208217.39614959128
112486,208217.39614959128
112510,208217.39614959128
112511,208217.39614959128
112512,208217.39614959128
112657,311146.0869952777
112663,311146.0869952777
112673,208217.39614959128
112680,208217.39614959128
112681,208217.39614959128
112694,466301.3973089661
112696,208217.39614959128
112713,208217.39614959128
112716,208217.39614959128
112718,208217.39614959128
112720,208217.39614959128
112726,208217.39614959128
112744,208217.39614959128
112748,208217.39614959128
112755,208217.39614959128
112757,492372.8664102631
112780,208217.39614959128
112793,497083.61162393575
112796,311146.0869952777
112816,444262.88462995423
112822,416365.087816504
112823,416365.087816504
112825,416365.087816504
112828,605828.3770340618
112851,497083.61162393575
112872,302477.59392960684
112874,318140.1283027165
112921,497083.61162393575
112925,416365.087816504
112926,208217.39614959128
112928,416365.087816504
112929,416365.087816504
112930,416365.087816504
112933,497083.61162393575
112938,208217.39614959128
112960,208217.39614959128
112963,208217.39614959128
112970,208217.39614959128
112974,466301.3973089661
112986,208217.39614959128
112987,208217.39614959128
113022,208217.39614959128
113037,422818.0578315805
113109,208217.39614959128
113113,416365.087816504
113114,416365.087816504
113163,208217.39614959128
113169,208217.39614959128
113181,208217.39614959128
113206,208217.39614959128
113207,208217.39614959128
113230,208217.39614959128
113231,466301.3973089661
113246,208217.39614959128
113248,208217.39614959128
113313,208217.39614959128
113314,208217.39614959128
113315,208217.39614959128
113320,208217.39614959128
113322,208217.39614959128
113323,208217.39614959128
113326,208217.39614959128
113329,208217.39614959128
113465,318140.1283027165
113468,297009.6872804491
113478,208217.39614959128
113488,234243.3374422878
113491,208217.39614959128
113503,208217.39614959128
113552,208217.39614959128
113568,208217.39614959128
113608,208217.39614959128
113613,208217.39614959128
113616,208217.39614959128
113617,208217.39614959128
113630,208217.39614959128
113644,208217.39614959128
113645,208217.39614959128
113657,605828.3770340618
113662,466301.3973089661
113668,208217.39614959128
113703,208217.39614959128
113704,208217.39614959128
113706,466301.3973089661
113711,208217.39614959128
113750,422818.0578315805
113752,208217.39614959128
113762,318140.1283027165
113804,416365.087816504
113809,497083.61162393575
113813,208217.39614959128
113831,208217.39614959128
113871,208217.39614959128
113884,208217.39614959128
113888,208217.39614959128
113890,208217.39614959128
113909,208217.39614959128
113922,318140.1283027165
113950,416365.087816504
113957,311146.0869952777
113995,208217.39614959128
114001,208217.39614959128
114002,208217.39614959128
114007,208217.39614959128
114030,208217.39614959128
114031,208217.39614959128
114139,208217.39614959128
114172,297009.6872804491
114187,234243.3374422878
114200,208217.39614959128
114204,208217.39614959128
114217,208217.39614959128
114242,208217.39614959128
114253,208217.39614959128
114266,208217.39614959128
114276,208217.39614959128
114334,208217.39614959128
114335,208217.39614959128
114336,208217.39614959128
114337,208217.39614959128
114377,208217.39614959128
114379,466301.3973089661
114396,416365.087816504
114401,208217.39614959128
114405,208217.39614959128
114407,208217.39614959128
114431,416365.087816504
114432,416365.087816504
114440,208217.39614959128
114449,208217.39614959128
114454,208217.39614959128
114458,497083.61162393575
114461,208217.39614959128
114468,497083.61162393575
114560,208217.39614959128
114619,208217.39614959128
114634,208217.39614959128
114649,234243.3374422878
114650,208217.39614959128
114658,208217.39614959128
114661,605828.3770340618
114676,208217.39614959128
114684,497083.61162393575
114688,208217.39614959128
114690,311146.0869952777
114698,466301.3973089661
114702,208217.39614959128
114711,208217.39614959128
114717,208217.39614959128
114721,208217.39614959128
114728,208217.39614959128
114732,208217.39614959128
114736,208217.39614959128
114748,208217.39614959128
114764,466301.3973089661
114780,208217.39614959128
114781,208217.39614959128
114790,208217.39614959128
114804,208217.39614959128
114809,497083.61162393575
114812,208217.39614959128
114816,208217.39614959128
114839,208217.39614959128
114847,208217.39614959128
114884,497083.61162393575
114886,466301.3973089661
114887,466301.3973089661
114893,497083.61162393575
114904,135454.1896333821
114941,130616.02665522597
114950,135454.1896333821
114969,173928.8989798828
114993,135454.1896333821
114997,135454.1896333821
115004,223548.1732791673
115020,135454.1896333821
115025,135454.1896333821
115027,135454.1896333821
115078,135454.1896333821
115080,135454.1896333821
115081,135454.1896333821
115082,135454.1896333821
115085,135454.1896333821
115086,135454.1896333821
115087,135454.1896333821
115088,135454.1896333821
115093,173928.8989798828
115098,135454.1896333821
115099,135454.1896333821
115100,135454.1896333821
115178,130050.78731286831
115179,130050.78731286831
115181,130050.78731286831
115243,173928.8989798828
115261,135454.1896333821
115279,135454.1896333821
115316,135454.1896333821
115318,135454.1896333821
115360,135454.1896333821
115394,130050.78731286831
115403,135454.1896333821
115408,135454.1896333821
115412,130050.78731286831
115417,130050.78731286831
115418,135454.1896333821
115422,130050.78731286831
115479,223548.1732791673
115480,223548.1732791673
115481,223548.1732791673
115482,223548.1732791673
115483,223548.1732791673
115485,223548.1732791673
115488,223548.1732791673
115505,130050.78731286831
115506,130050.78731286831
115507,130050.78731286831
115508,130050.78731286831
115509,130050.78731286831
115510,130050.78731286831
115511,130050.78731286831
115512,130050.78731286831
115514,130050.78731286831
115515,130050.78731286831
115516,130050.78731286831
115517,130050.78731286831
115528,130050.78731286831
115536,130050.78731286831
115537,130050.78731286831
115538,130050.78731286831
115539,130050.78731286831
115541,130050.78731286831
115542,130050.78731286831
115543,130050.78731286831
115544,130050.78731286831
115545,130050.78731286831
115548,135454.1896333821
115551,130050.78731286831
115552,130050.78731286831
115553,130050.78731286831
115554,130050.78731286831
115555,130050.78731286831
115559,135454.1896333821
115597,135454.1896333821
115598,135454.1896333821
115642,135454.1896333821
115652,135454.1896333821
115780,135454.1896333821
115818,130050.78731286831
115896,130050.78731286831
115898,130050.78731286831
115900,130050.78731286831
115902,130050.78731286831
115910,223548.1732791673
115927,130050.78731286831
115980,223548.1732791673
115983,135454.1896333821
116008,135454.1896333821
116056,135454.1896333821
116064,135454.1896333821
116065,135454.1896333821
116066,135454.1896333821
116067,135454.1896333821
116068,135454.1896333821
116069,135454.1896333821
116071,135454.1896333821
116072,135454.1896333821
116094,135454.1896333821
116099,130050.78731286831
116105,135454.1896333821
116152,223548.1732791673
116154,223548.1732791673
116173,130050.78731286831
116174,130050.78731286831
116175,130050.78731286831
116176,130050.78731286831
116178,130050.78731286831
116179,130050.78731286831
116189,130050.78731286831
116190,130050.78731286831
116196,130050.78731286831
116197,130050.78731286831
116198,130050.78731286831
116199,130050.78731286831
116205,135454.1896333821
116269,135454.1896333821
116350,135454.1896333821
116434,135454.1896333821
116435,130050.78731286831
116446,135454.1896333821
116471,135454.1896333821
116501,135454.1896333821
116506,135454.1896333821
116507,135454.1896333821
116508,135454.1896333821
116509,135454.1896333821
116547,130050.78731286831
116562,135454.1896333821
116581,135454.1896333821
116634,135454.1896333821
116635,135454.1896333821
116661,135454.1896333821
116675,130616.02665522597
116690,135454.1896333821
116706,135454.1896333821
116787,130050.78731286831
116890,130050.78731286831
116909,135454.1896333821
116920,131159.50183882096
116926,189384.9179503577
116932,136562.90415933478
116934,183380.92676385216
116937,133394.92975339538
116940,133394.92975339538
116941,133394.92975339538
116942,133394.92975339538
116944,133394.92975339538
116945,176553.42618790452
116947,133394.92975339538
116948,133394.92975339538
116950,178918.05503305382
116957,189384.9179503577
116958,189384.9179503577
116959,189384.9179503577
116960,137548.32372937875
116981,130616.02665522597
116988,137548.32372937875
116992,136562.90415933478
117046,189384.9179503577
117055,136562.90415933478
117076,132144.92140886496
117077,132144.92140886496
117078,132144.92140886496
117093,214422.05715235826
117127,136562.90415933478
117128,136562.90415933478
117137,175698.14094108064
117140,189384.9179503577
117145,178918.05503305382
117174,176553.42618790452
117188,178918.05503305382
117201,189384.9179503577
117212,214422.05715235826
117216,136562.90415933478
117220,136562.90415933478
117222,136562.90415933478
117224,136562.90415933478
117225,136562.90415933478
117226,136562.90415933478
117227,131159.50183882096
117232,136562.90415933478
117236,137548.32372937875
117238,214422.05715235826
117239,132144.92140886496
117245,136562.90415933478
117246,189384.9179503577
117247,189384.9179503577
117253,189384.9179503577
117263,133394.92975339538
117265,182191.01870777045
117272,131159.50183882096
117275,137548.32372937875
117278,130616.02665522597
117288,189384.9179503577
117290,136562.90415933478
117313,172984.6328782719
117317,132144.92140886496
117318,132144.92140886496
117325,132144.92140886496
117326,132144.92140886496
117328,132144.92140886496
117331,130616.02665522597
117333,130616.02665522597
117335,130616.02665522597
117345,130616.02665522597
117346,130616.02665522597
117349,132144.92140886496
117359,131159.50183882096
117365,136562.90415933478
117374,189384.9179503577
117416,137548.32372937875
117511,136562.90415933478
117513,132144.92140886496
117514,137548.32372937875
117589,136048.12801594584
117619,136562.90415933478
117632,172984.6328782719
117680,132144.92140886496
117682,132144.92140886496
117688,131159.50183882096
117714,137548.32372937875
117716,131159.50183882096
117718,132144.92140886496
117719,131159.50183882096
117746,137548.32372937875
117750,132144.92140886496
117752,137548.32372937875
117759,189384.9179503577
117772,137548.32372937875
117777,178918.05503305382
117785,131159.50183882096
117788,137548.32372937875
117796,136562.90415933478
117797,180488.2449980199
117803,136562.90415933478
117808,136562.90415933478
117810,173318.3461778009
117821,189384.9179503577
117846,189384.9179503577
117847,189384.9179503577
117848,189384.9179503577
117849,189384.9179503577
117850,189384.9179503577
117851,189384.9179503577
117853,131159.50183882096
117875,172984.6328782719
117888,170895.93853370953
117900,131159.50183882096
117903,178918.05503305382
117906,132144.92140886496
117917,132144.92140886496
117918,177268.3309060467
117919,177268.3309060467
117925,137548.32372937875
117927,172984.6328782719
117931,137548.32372937875
117935,174577.71802967615
117945,189384.9179503577
117953,176553.42618790452
117956,130616.02665522597
117964,137548.32372937875
117965,137548.32372937875
117966,137548.32372937875
117967,137548.32372937875
117968,137548.32372937875
117969,137548.32372937875
117970,137548.32372937875
117974,137548.32372937875
117984,137548.32372937875
117999,132144.92140886496
118001,189384.9179503577
118006,137548.32372937875
118010,169970.99019102767
118020,189384.9179503577
118023,222033.05415118975
118027,132144.92140886496
118030,173318.3461778009
118048,136562.90415933478
118049,137548.32372937875
118056,137548.32372937875
118060,214422.05715235826
118061,132144.92140886496
118062,189384.9179503577
118067,132144.92140886496
118091,136562.90415933478
118094,136562.90415933478
118095,131159.50183882096
118096,136562.90415933478
118097,136562.90415933478
118098,136562.90415933478
118099,131159.50183882096
118100,136562.90415933478
118101,136562.90415933478
118104,137548.32372937875
118109,135454.1896333821
118116,131159.50183882096
118118,131159.50183882096
118125,189384.9179503577
118126,189384.9179503577
118130,189384.9179503577
118132,189384.9179503577
118133,189384.9179503577
118141,189384.9179503577
118148,133394.92975339538
118149,133394.92975339538
118151,131159.50183882096
118157,180488.2449980199
118163,132144.92140886496
118165,136562.90415933478
118168,189384.9179503577
118169,189384.9179503577
118170,189384.9179503577
118178,189384.9179503577
118180,176666.4123742385
118182,176666.4123742385
118186,133394.92975339538
118192,178918.05503305382
118196,131159.50183882096
118198,219810.08626968786
118209,132144.92140886496
118218,132144.92140886496
118229,130616.02665522597
118230,130616.02665522597
118244,131159.50183882096
118250,132144.92140886496
118255,189384.9179503577
118316,136562.90415933478
118319,131159.50183882096
118320,131159.50183882096
118323,189384.9179503577
118437,189384.9179503577
118449,183380.92676385216
118461,180488.2449980199
118491,132144.92140886496
118511,132144.92140886496
118533,130616.02665522597
118555,133394.92975339538
118562,136562.90415933478
118575,137548.32372937875
118578,222033.05415118975
118589,137548.32372937875
118590,137548.32372937875
118612,137548.32372937875
118617,137548.32372937875
118627,133394.92975339538
118637,132144.92140886496
118646,133394.92975339538
118647,133394.92975339538
118650,214422.05715235826
118659,180488.2449980199
118668,189384.9179503577
118669,130616.02665522597
118701,132144.92140886496
118704,189384.9179503577
118826,132144.92140886496
118866,182327.5698438612
118867,132144.92140886496
118869,132144.92140886496
118870,136562.90415933478
118871,136562.90415933478
118872,136562.90415933478
118881,182327.5698438612
118893,189384.9179503577
118894,137548.32372937875
118897,189384.9179503577
118899,137548.32372937875
118908,137548.32372937875
118923,178918.05503305382
118944,172984.6328782719
118965,189384.9179503577
118987,180488.2449980199
119087,137548.32372937875
119092,170895.93853370953
119098,189384.9179503577
119099,189384.9179503577
119143,132144.92140886496
119180,137548.32372937875
119190,132144.92140886496
119207,130616.02665522597
119217,189384.9179503577
119236,230263.8795658653
119246,189384.9179503577
119247,252281.66756786723
119248,252281.66756786723
119251,189384.9179503577
119252,189384.9179503577
119255,252281.66756786723
119259,252281.66756786723
119262,252281.66756786723
119264,189384.9179503577
119275,189384.9179503577
119284,189384.9179503577
119285,189384.9179503577
119291,189384.9179503577
119294,189384.9179503577
119305,189384.9179503577
119306,252281.66756786723
119311,252281.66756786723
119326,252281.66756786723
119328,189384.9179503577
119334,189384.9179503577
119338,189384.9179503577
119341,189384.9179503577
119343,207524.54916917055
119345,189384.9179503577
119346,189384.9179503577
119348,189384.9179503577
119351,189384.9179503577
119374,189384.9179503577
119389,252281.66756786723
119397,252281.66756786723
119398,252281.66756786723
119401,252281.66756786723
119402,189384.9179503577
119403,252281.66756786723
119406,189384.9179503577
119446,223272.10979279105
119505,221237.73887915615
119514,221237.73887915615
119515,221237.73887915615
119516,221237.73887915615
119529,189384.9179503577
119549,216729.04467649665
119561,189384.9179503577
119562,252281.66756786723
119567,216729.04467649665
119572,254534.35099957575
119573,189384.9179503577
119574,189384.9179503577
119575,189384.9179503577
119590,189384.9179503577
119591,189384.9179503577
119605,252281.66756786723
119606,252281.66756786723
119608,252281.66756786723
119609,252281.66756786723
119611,252281.66756786723
119613,252281.66756786723
119621,189384.9179503577
119637,254534.35099957575
119641,252281.66756786723
119647,189384.9179503577
119648,189384.9179503577
119649,189384.9179503577
119650,254534.35099957575
119656,189384.9179503577
119657,189384.9179503577
119658,189384.9179503577
119673,189384.9179503577
119676,189384.9179503577
119680,189384.9179503577
119683,189384.9179503577
119685,252281.66756786723
119703,254534.35099957575
119709,189384.9179503577
119712,189384.9179503577
119724,189384.9179503577
119731,232792.30327930173
119733,232792.30327930173
119735,232792.30327930173
119748,252281.66756786723
119750,252281.66756786723
119754,252281.66756786723
119759,189384.9179503577
119765,252281.66756786723
119768,189384.9179503577
119770,189384.9179503577
119771,189384.9179503577
119792,189384.9179503577
119794,189384.9179503577
119796,189384.9179503577
119798,252281.66756786723
119804,189384.9179503577
119809,189384.9179503577
119811,252281.66756786723
119813,189384.9179503577
119821,189384.9179503577
119824,189384.9179503577
119825,189384.9179503577
119826,189384.9179503577
119830,189384.9179503577
119831,189384.9179503577
119832,189384.9179503577
119833,189384.9179503577
119834,189384.9179503577
119835,189384.9179503577
119842,189384.9179503577
119847,223272.10979279105
119848,189384.9179503577
119857,189384.9179503577
119871,189384.9179503577
119872,189384.9179503577
119873,189384.9179503577
119876,189384.9179503577
119884,254534.35099957575
119931,189384.9179503577
119932,189384.9179503577
119933,230263.8795658653
119934,189384.9179503577
119937,189384.9179503577
119938,189384.9179503577
119939,189384.9179503577
119944,189384.9179503577
120014,223272.10979279105
120072,252281.66756786723
120077,252281.66756786723
120105,189384.9179503577
120107,189384.9179503577
120111,189384.9179503577
120124,224561.4778646262
120132,252281.66756786723
120133,216729.04467649665
120141,189384.9179503577
120165,252281.66756786723
120166,252281.66756786723
120169,230263.8795658653
120176,252281.66756786723
120177,252281.66756786723
120180,189384.9179503577
120181,189384.9179503577
120193,232792.30327930173
120194,232792.30327930173
120196,232792.30327930173
120205,189384.9179503577
120206,189384.9179503577
120207,252281.66756786723
120208,252281.66756786723
120218,252281.66756786723
120223,254534.35099957575
120231,252281.66756786723
120261,189384.9179503577
120262,189384.9179503577
120263,189384.9179503577
120269,189384.9179503577
120273,189384.9179503577
120279,189384.9179503577
120295,252281.66756786723
120298,252281.66756786723
120302,252281.66756786723
120304,252281.66756786723
120305,252281.66756786723
120306,252281.66756786723
120311,252281.66756786723
120312,252281.66756786723
120314,252281.66756786723
120320,189384.9179503577
120326,189384.9179503577
120327,214422.05715235826
120337,214422.05715235826
120338,214422.05715235826
120339,214422.05715235826
120348,189384.9179503577
120349,189384.9179503577
120350,189384.9179503577
120363,252281.66756786723
120365,189384.9179503577
120371,189384.9179503577
120372,189384.9179503577
120378,252281.66756786723
120381,252281.66756786723
120383,189384.9179503577
120385,189384.9179503577
120414,219257.4683899331
120415,219257.4683899331
120417,189384.9179503577
120419,189384.9179503577
120421,230263.8795658653
120499,180488.2449980199
120500,187476.56254796847
120501,254534.35099957575
120515,189384.9179503577
120516,189384.9179503577
120545,230263.8795658653
120548,189384.9179503577
120561,189384.9179503577
120562,208097.25328754593
120564,252281.66756786723
120569,252281.66756786723
120590,254534.35099957575
120591,254534.35099957575
120592,216729.04467649665
120593,189384.9179503577
120596,230263.8795658653
120597,252281.66756786723
120608,189384.9179503577
120609,189384.9179503577
120614,252281.66756786723
120615,252281.66756786723
120616,252281.66756786723
120629,252281.66756786723
120642,252281.66756786723
120643,189384.9179503577
120646,252281.66756786723
120672,254534.35099957575
120675,252281.66756786723
120676,189384.9179503577
120678,252281.66756786723
120687,189384.9179503577
120688,189384.9179503577
120689,189384.9179503577
120691,189384.9179503577
120692,189384.9179503577
120702,189384.9179503577
120715,252281.66756786723
120720,252281.66756786723
120735,254534.35099957575
120743,189384.9179503577
120744,252281.66756786723
120745,189384.9179503577
120749,189384.9179503577
120756,252281.66756786723
120769,230263.8795658653
120803,189384.9179503577
120810,189384.9179503577
120822,189384.9179503577
120832,252281.66756786723
120833,252281.66756786723
120844,252281.66756786723
120851,189384.9179503577
120886,252281.66756786723
120887,252281.66756786723
120895,254534.35099957575
120903,189384.9179503577
120905,189384.9179503577
120906,189384.9179503577
120910,252281.66756786723
120916,189384.9179503577
120918,189384.9179503577
120920,189384.9179503577
120922,189384.9179503577
120924,189384.9179503577
120925,189384.9179503577
120926,189384.9179503577
120960,189384.9179503577
120970,189384.9179503577
120976,189384.9179503577
121014,252281.66756786723
121019,254534.35099957575
121021,189384.9179503577
121025,254534.35099957575
121030,208217.39614959128
121038,208217.39614959128
121041,208217.39614959128
121042,208217.39614959128
121043,208217.39614959128
121045,208217.39614959128
121046,208217.39614959128
121047,208217.39614959128
121048,208217.39614959128
121049,208217.39614959128
121050,208217.39614959128
121051,208217.39614959128
121061,208217.39614959128
121062,208217.39614959128
121064,208217.39614959128
121068,208217.39614959128
121070,208217.39614959128
121085,208217.39614959128
121097,208217.39614959128
121150,208217.39614959128
121158,208217.39614959128
121159,208217.39614959128
121169,208217.39614959128
121172,208217.39614959128
121187,208217.39614959128
121189,208217.39614959128
121192,208217.39614959128
121193,208217.39614959128
121195,208217.39614959128
121204,208217.39614959128
121208,208217.39614959128
121210,208217.39614959128
121219,208217.39614959128
121224,208217.39614959128
121235,208217.39614959128
121236,208217.39614959128
121238,208217.39614959128
121239,208217.39614959128
121240,208217.39614959128
121241,208217.39614959128
121242,208217.39614959128
121243,208217.39614959128
121244,208217.39614959128
121246,208217.39614959128
121249,208217.39614959128
121251,208217.39614959128
121256,208217.39614959128
121257,208217.39614959128
121258,208217.39614959128
121264,208217.39614959128
121265,208217.39614959128
121270,208217.39614959128
121274,208217.39614959128
121280,208217.39614959128
121282,208217.39614959128
121283,208217.39614959128
121286,208217.39614959128
121295,208217.39614959128
121296,208217.39614959128
121299,208217.39614959128
121300,208217.39614959128
121301,208217.39614959128
121307,208217.39614959128
121308,208217.39614959128
121311,208217.39614959128
121315,208217.39614959128
121320,208217.39614959128
121321,208217.39614959128
121323,208217.39614959128
121324,208217.39614959128
121331,208217.39614959128
121333,208217.39614959128
121335,208217.39614959128
121337,208217.39614959128
121338,208217.39614959128
121339,208217.39614959128
121343,208217.39614959128
121346,208217.39614959128
121347,208217.39614959128
121348,208217.39614959128
121350,208217.39614959128
121351,208217.39614959128
121352,208217.39614959128
121364,208217.39614959128
121365,208217.39614959128
121373,208217.39614959128
121375,208217.39614959128
121376,208217.39614959128
121377,208217.39614959128
121385,208217.39614959128
121397,208217.39614959128
121400,208217.39614959128
121402,208217.39614959128
121408,208217.39614959128
121444,208217.39614959128
121452,208217.39614959128
121455,208217.39614959128
121538,208217.39614959128
121544,208217.39614959128
121597,208217.39614959128
121647,208217.39614959128
121688,208217.39614959128
121697,208217.39614959128
121707,208217.39614959128
121708,208217.39614959128
121710,208217.39614959128
121716,208217.39614959128
121723,208217.39614959128
121739,208217.39614959128
121742,208217.39614959128
121746,208217.39614959128
121751,208217.39614959128
121756,208217.39614959128
121757,208217.39614959128
121765,208217.39614959128
121766,208217.39614959128
121767,208217.39614959128
121771,208217.39614959128
121777,208217.39614959128
121781,208217.39614959128
121787,208217.39614959128
121788,208217.39614959128
121793,208217.39614959128
121802,208217.39614959128
121807,208217.39614959128
121822,208217.39614959128
121824,208217.39614959128
121825,208217.39614959128
121826,208217.39614959128
121829,208217.39614959128
121843,208217.39614959128
121847,208217.39614959128
121848,208217.39614959128
121849,208217.39614959128
121850,208217.39614959128
121854,208217.39614959128
121857,208217.39614959128
121868,208217.39614959128
121878,208217.39614959128
121884,208217.39614959128
121892,208217.39614959128
121899,208217.39614959128
121900,208217.39614959128
121901,208217.39614959128
121909,208217.39614959128
121923,208217.39614959128
121927,208217.39614959128
121930,208217.39614959128
121932,208217.39614959128
121935,208217.39614959128
121941,208217.39614959128
121944,208217.39614959128
121948,208217.39614959128
121954,208217.39614959128
121964,208217.39614959128
121966,208217.39614959128
121970,208217.39614959128
121984,208217.39614959128
121993,208217.39614959128
122033,208217.39614959128
122036,208217.39614959128
122044,208217.39614959128
122165,208217.39614959128
122166,208217.39614959128
122167,208217.39614959128
122168,208217.39614959128
122169,208217.39614959128
122195,208217.39614959128
122197,208217.39614959128
122214,208217.39614959128
122219,208217.39614959128
122225,208217.39614959128
122241,208217.39614959128
122249,208217.39614959128
122262,208217.39614959128
122277,208217.39614959128
122282,208217.39614959128
122294,208217.39614959128
122299,208217.39614959128
122302,208217.39614959128
122311,208217.39614959128
122313,208217.39614959128
122315,208217.39614959128
122318,208217.39614959128
122321,208217.39614959128
122322,208217.39614959128
122323,208217.39614959128
122330,208217.39614959128
122331,208217.39614959128
122332,208217.39614959128
122333,208217.39614959128
122337,208217.39614959128
122340,208217.39614959128
122347,208217.39614959128
122350,208217.39614959128
122351,208217.39614959128
122362,208217.39614959128
122370,208217.39614959128
122371,208217.39614959128
122373,208217.39614959128
122377,208217.39614959128
122382,208217.39614959128
122398,208217.39614959128
122404,208217.39614959128
122405,208217.39614959128
122410,208217.39614959128
122411,208217.39614959128
122412,208217.39614959128
122434,208217.39614959128
122442,208217.39614959128
122454,208217.39614959128
122458,208217.39614959128
122459,208217.39614959128
122467,208217.39614959128
122472,208217.39614959128
122474,208217.39614959128
122475,208217.39614959128
122500,208217.39614959128
122559,208217.39614959128
122560,208217.39614959128
122561,208217.39614959128
122586,208217.39614959128
122599,208217.39614959128
122602,208217.39614959128
122614,208217.39614959128
122616,208217.39614959128
122622,208217.39614959128
122637,208217.39614959128
122644,208217.39614959128
122647,208217.39614959128
122665,208217.39614959128
122667,208217.39614959128
122669,208217.39614959128
122687,208217.39614959128
122695,208217.39614959128
122699,208217.39614959128
122701,208217.39614959128
122703,208217.39614959128
122744,208217.39614959128
122752,208217.39614959128
122762,208217.39614959128
122768,208217.39614959128
122783,208217.39614959128
122784,208217.39614959128
122787,208217.39614959128
122788,208217.39614959128
122792,208217.39614959128
122881,208217.39614959128
122882,208217.39614959128
122900,143247.4800333569
122901,143247.4800333569
122902,143247.4800333569
122903,143247.4800333569
122904,143247.4800333569
122909,192832.14228796604
122927,189384.9179503577
122928,189384.9179503577
122929,189384.9179503577
122932,189384.9179503577
122934,189384.9179503577
122935,189384.9179503577
122947,189384.9179503577
122969,195632.91737509723
122987,189384.9179503577
123070,189384.9179503577
123079,189384.9179503577
123083,189384.9179503577
123092,143247.4800333569
123093,143247.4800333569
123094,143247.4800333569
123095,143247.4800333569
123129,143247.4800333569
123153,192832.14228796604
123165,197327.55782215766
123176,192832.14228796604
123196,143247.4800333569
123248,197327.55782215766
123310,189384.9179503577
123311,189384.9179503577
123312,189384.9179503577
123323,189384.9179503577
123325,189384.9179503577
123326,189384.9179503577
123327,189384.9179503577
123328,189384.9179503577
123331,189384.9179503577
123335,189384.9179503577
123338,189384.9179503577
123400,143247.4800333569
123480,194151.46785194462
123558,198156.94378719863
123572,197327.55782215766
123576,198156.94378719863
123579,198156.94378719863
123580,198156.94378719863
123588,189384.9179503577
123592,189384.9179503577
123595,194145.829537004
123605,196574.77521178644
123612,189384.9179503577
123620,143247.4800333569
123623,143247.4800333569
123624,143247.4800333569
123657,189384.9179503577
123658,189384.9179503577
123686,143247.4800333569
123734,189384.9179503577
123749,198156.94378719863
123759,146344.1778803363
123760,143247.4800333569
123767,194151.46785194462
123768,194151.46785194462
123808,197327.55782215766
123815,155137.12596171332
123825,189384.9179503577
123835,194151.46785194462
123868,189384.9179503577
123869,189384.9179503577
123870,189384.9179503577
123874,189384.9179503577
123877,189384.9179503577
123892,194151.46785194462
123898,143247.4800333569
123900,146344.1778803363
123903,198156.94378719863
123905,194145.829537004
124032,189384.9179503577
124034,198156.94378719863
124036,189384.9179503577
124038,194145.829537004
124039,194145.829537004
124044,198156.94378719863
124059,189384.9179503577
124070,143247.4800333569
124071,143247.4800333569
124072,143247.4800333569
124073,143247.4800333569
124074,143247.4800333569
124094,189384.9179503577
124096,189384.9179503577
124109,189384.9179503577
124118,194145.829537004
124125,196574.77521178644
124138,189384.9179503577
124178,189384.9179503577
124187,155137.12596171332
124197,198156.94378719863
124213,143247.4800333569
124214,189384.9179503577
124228,143247.4800333569
124263,189384.9179503577
124339,195632.91737509723
124357,198156.94378719863
124364,155137.12596171332
124380,198156.94378719863
124392,189384.9179503577
124494,155137.12596171332
124500,198156.94378719863
124536,189384.9179503577
124537,189384.9179503577
124540,194151.46785194462
124548,189384.9179503577
124597,189384.9179503577
124642,194151.46785194462
124646,148417.89237336817
124648,148417.89237336817
124662,189384.9179503577
124688,311146.0869952777
124693,311146.0869952777
124707,311146.0869952777
124714,311146.0869952777
124716,311146.0869952777
124731,311146.0869952777
124737,311146.0869952777
124747,311146.0869952777
124759,311146.0869952777
124777,311146.0869952777
124787,311146.0869952777
124796,311146.0869952777
124799,311146.0869952777
124813,311146.0869952777
124819,311146.0869952777
124894,311146.0869952777
124915,311146.0869952777
124962,311146.0869952777
124978,311146.0869952777
124993,311146.0869952777
125005,311146.0869952777
125014,311146.0869952777
125016,311146.0869952777
125020,311146.0869952777
125023,311146.0869952777
125027,311146.0869952777
125044,311146.0869952777
125045,311146.0869952777
125046,311146.0869952777
125050,311146.0869952777
125072,311146.0869952777
125073,311146.0869952777
125086,311146.0869952777
125100,311146.0869952777
125117,311146.0869952777
125118,311146.0869952777
125120,311146.0869952777
125125,311146.0869952777
125130,311146.0869952777
125134,311146.0869952777
125136,311146.0869952777
125141,311146.0869952777
125188,311146.0869952777
125200,311146.0869952777
125203,311146.0869952777
125204,311146.0869952777
125275,311146.0869952777
125291,311146.0869952777
125317,311146.0869952777
125332,311146.0869952777
125345,311146.0869952777
125351,311146.0869952777
125357,311146.0869952777
125359,311146.0869952777
125375,311146.0869952777
125380,311146.0869952777
125404,311146.0869952777
125406,311146.0869952777
125422,311146.0869952777
125431,311146.0869952777
125433,311146.0869952777
125434,311146.0869952777
125435,311146.0869952777
125444,311146.0869952777
125466,311146.0869952777
125506,311146.0869952777
125546,311146.0869952777
125554,311146.0869952777
125568,311146.0869952777
125569,311146.0869952777
125573,311146.0869952777
125579,311146.0869952777
125581,311146.0869952777
125583,311146.0869952777
125587,311146.0869952777
125596,311146.0869952777
125618,311146.0869952777
125621,311146.0869952777
125632,311146.0869952777
125639,311146.0869952777
125642,311146.0869952777
125645,311146.0869952777
125694,311146.0869952777
125695,311146.0869952777
125696,311146.0869952777
125714,311146.0869952777
125716,311146.0869952777
125727,311146.0869952777
125734,311146.0869952777
125736,311146.0869952777
125739,311146.0869952777
125744,311146.0869952777
125756,311146.0869952777
125764,311146.0869952777
125766,311146.0869952777
125776,311146.0869952777
125777,311146.0869952777
125783,311146.0869952777
125784,311146.0869952777
125791,311146.0869952777
125822,311146.0869952777
125824,311146.0869952777
125828,311146.0869952777
125829,311146.0869952777
125841,311146.0869952777
309591,311146.0869952777
309611,234243.3374422878
309613,311146.0869952777
309658,311146.0869952777
309661,311146.0869952777
309667,311146.0869952777
309669,311146.0869952777
309678,311146.0869952777
309692,311146.0869952777
309700,208217.39614959128
309707,311146.0869952777
309714,311146.0869952777
309731,311146.0869952777
309734,208217.39614959128
309735,311146.0869952777
309770,284258.4154270554
309817,311146.0869952777
309819,208217.39614959128
320845,311146.0869952777
320872,311146.0869952777
320929,311146.0869952777
320931,311146.0869952777
320932,311146.0869952777
320937,311146.0869952777
320938,311146.0869952777
320940,311146.0869952777
320948,311146.0869952777
320950,311146.0869952777
320954,311146.0869952777
320969,311146.0869952777
320974,311146.0869952777
320998,311146.0869952777
321002,311146.0869952777
321004,311146.0869952777
321023,254534.35099957575
321055,311146.0869952777
321067,311146.0869952777
321080,311146.0869952777
321083,311146.0869952777
321122,311146.0869952777
321127,311146.0869952777
321128,311146.0869952777
321229,311146.0869952777
321231,311146.0869952777
321249,311146.0869952777
321250,311146.0869952777
321258,311146.0869952777
321259,311146.0869952777
321260,311146.0869952777
321262,311146.0869952777
321270,311146.0869952777
321272,311146.0869952777
321278,311146.0869952777
321286,311146.0869952777
321288,311146.0869952777
321289,311146.0869952777
321307,311146.0869952777
321311,311146.0869952777
321316,311146.0869952777
321317,311146.0869952777
321318,311146.0869952777
321319,311146.0869952777
321321,311146.0869952777
321322,311146.0869952777
321323,311146.0869952777
321324,311146.0869952777
321340,311146.0869952777
321346,311146.0869952777
321352,311146.0869952777
321392,311146.0869952777
321393,311146.0869952777
321399,311146.0869952777
321407,311146.0869952777
321428,311146.0869952777
321429,311146.0869952777
321431,311146.0869952777
321455,311146.0869952777
321463,311146.0869952777
321480,311146.0869952777
321540,311146.0869952777
321551,311146.0869952777
321559,311146.0869952777
321561,311146.0869952777
321567,311146.0869952777
321568,311146.0869952777
321570,311146.0869952777
321573,311146.0869952777
321574,311146.0869952777
321575,311146.0869952777
321577,311146.0869952777
321581,311146.0869952777
321582,311146.0869952777
321583,311146.0869952777
321595,311146.0869952777
321616,311146.0869952777
321656,311146.0869952777
321674,311146.0869952777
321677,311146.0869952777
321730,311146.0869952777
321734,311146.0869952777
321736,311146.0869952777
321737,311146.0869952777
321739,254534.35099957575
321747,311146.0869952777
321749,311146.0869952777
321757,311146.0869952777
321758,311146.0869952777
321762,311146.0869952777
321817,311146.0869952777
321831,311146.0869952777
321834,311146.0869952777
321874,311146.0869952777
321877,311146.0869952777
321883,311146.0869952777
321903,311146.0869952777
321918,311146.0869952777
321940,311146.0869952777
321942,311146.0869952777
321949,252281.66756786723
321950,254534.35099957575
321960,254534.35099957575
321961,254534.35099957575
321965,254534.35099957575
321975,254534.35099957575
321980,275037.6000948157
321989,254534.35099957575
321990,254534.35099957575
322003,252281.66756786723
322025,283153.3102339092
322027,311146.0869952777
322029,254534.35099957575
322038,254534.35099957575
322041,284258.4154270554
322042,284258.4154270554
322045,254534.35099957575
322046,254534.35099957575
322092,254534.35099957575
322107,252281.66756786723
322110,284258.4154270554
322111,254534.35099957575
322112,254534.35099957575
322114,254534.35099957575
322115,254534.35099957575
322116,254534.35099957575
322119,254534.35099957575
322121,254534.35099957575
322132,254534.35099957575
322133,254534.35099957575
322144,254534.35099957575
322156,275037.6000948157
322181,219257.4683899331
322197,254534.35099957575
322220,284258.4154270554
322244,254534.35099957575
322256,254534.35099957575
322271,254534.35099957575
322281,252281.66756786723
322300,254534.35099957575
322304,254534.35099957575
322310,252281.66756786723
322330,254534.35099957575
322332,254534.35099957575
322335,283153.3102339092
322339,254534.35099957575
322360,254534.35099957575
322362,254534.35099957575
322436,275037.6000948157
322445,284258.4154270554
322476,284258.4154270554
322494,214422.05715235826
322500,254534.35099957575
322501,254534.35099957575
322505,254534.35099957575
322517,254534.35099957575
322518,284258.4154270554
322526,284258.4154270554
322527,254534.35099957575
322531,275037.6000948157
322533,254534.35099957575
322534,284258.4154270554
322536,284258.4154270554
322548,252281.66756786723
322553,254534.35099957575
322579,284258.4154270554
322583,254534.35099957575
322591,284258.4154270554
322610,252281.66756786723
322620,254534.35099957575
322630,252281.66756786723
322645,311146.0869952777
322651,284258.4154270554
322653,254534.35099957575
322671,254534.35099957575
322695,254534.35099957575
322712,275037.6000948157
322715,252281.66756786723
322732,254534.35099957575
322741,252281.66756786723
322744,254534.35099957575
322757,254534.35099957575
322769,252281.66756786723
322786,254534.35099957575
322789,291966.5059947665
322800,252281.66756786723
322807,252281.66756786723
322808,254534.35099957575
322810,254534.35099957575
322816,254534.35099957575
322833,254534.35099957575
322871,254534.35099957575
322980,254534.35099957575
322981,254534.35099957575
322983,254534.35099957575
322984,254534.35099957575
322985,254534.35099957575
322986,254534.35099957575
322987,254534.35099957575
322990,254534.35099957575
323000,254534.35099957575
323002,311146.0869952777
323011,254534.35099957575
323013,284258.4154270554
323017,284258.4154270554
323032,254534.35099957575
323066,254534.35099957575
323069,254534.35099957575
323077,254534.35099957575
323085,254534.35099957575
323088,311146.0869952777
323101,256360.50082218993
323102,254534.35099957575
323122,254534.35099957575
323169,214422.05715235826
323189,256360.50082218993
323192,239961.95466271148
323194,254534.35099957575
323197,254534.35099957575
323198,254534.35099957575
323233,254534.35099957575
323254,291966.5059947665
323308,275037.6000948157
323310,254534.35099957575
323318,252281.66756786723
323325,252281.66756786723
323330,254534.35099957575
323339,254534.35099957575
323342,262158.4974309054
323349,254534.35099957575
323382,239961.95466271148
323396,254534.35099957575
323403,252281.66756786723
323412,254534.35099957575
323413,254534.35099957575
323421,284258.4154270554
323425,252281.66756786723
323433,271178.27291827445
323434,252281.66756786723
323446,252281.66756786723
323459,254534.35099957575
323487,254534.35099957575
323518,275037.6000948157
323536,252281.66756786723
323549,275037.6000948157
323552,254534.35099957575
323608,252281.66756786723
323617,281330.72583958873
323622,284258.4154270554
323629,254534.35099957575
323656,291966.5059947665
323664,252281.66756786723
323668,254534.35099957575
323678,254534.35099957575
323703,254534.35099957575
323710,254534.35099957575
323722,284258.4154270554
323723,284258.4154270554
323780,254534.35099957575
323792,254534.35099957575
323831,309404.17482003104
323894,311146.0869952777
323911,254534.35099957575
323917,254534.35099957575
323926,254534.35099957575
323944,254534.35099957575
324001,254534.35099957575
324006,254534.35099957575
324023,254534.35099957575
324032,254534.35099957575
324058,311146.0869952777
324078,311146.0869952777
324079,254534.35099957575
324118,254534.35099957575
324146,254534.35099957575
324152,254534.35099957575
324158,340870.1514227574
324160,340870.1514227574
324236,340870.1514227574
324287,340870.1514227574
324306,340870.1514227574
324371,340870.1514227574
324381,312877.37466138887
324395,340870.1514227574
324415,340870.1514227574
324417,311146.0869952777
324418,311146.0869952777
324454,340870.1514227574
324455,339128.23924751073
324497,284258.4154270554
324557,340870.1514227574
324596,340870.1514227574
324605,340870.1514227574
324608,340870.1514227574
324616,284258.4154270554
324628,340870.1514227574
324634,340870.1514227574
324666,284258.4154270554
324716,340870.1514227574
324721,335266.67680697446
324723,340870.1514227574
324784,340870.1514227574
324797,340870.1514227574
324814,340870.1514227574
324819,284258.4154270554
324846,340870.1514227574
324904,340870.1514227574
324941,340870.1514227574
325010,335266.67680697446
325044,340870.1514227574
325045,340870.1514227574
695288,189384.9179503577
695340,132144.92140886496
695354,223548.1732791673
695495,143247.4800333569
695510,135454.1896333821
695519,284258.4154270554
695520,284258.4154270554
695565,195632.91737509723
695596,198156.94378719863
695610,198156.94378719863
695611,198156.94378719863
695614,189384.9179503577
695615,198156.94378719863
695631,187476.56254796847
695794,254534.35099957575
695813,208217.39614959128
695828,309404.17482003104
695877,311146.0869952777
696061,208217.39614959128
696119,208217.39614959128
696129,497083.61162393575
696183,208217.39614959128
696223,261484.732801902
696268,189384.9179503577
696269,189384.9179503577
696272,189384.9179503577
696273,189384.9179503577
696329,189384.9179503577
696334,189384.9179503577
696336,189384.9179503577
696337,189384.9179503577
696338,189384.9179503577
696339,189384.9179503577
696340,189384.9179503577
696352,189384.9179503577
696357,189384.9179503577
696508,208217.39614959128
696512,208217.39614959128
696609,208217.39614959128
696610,208217.39614959128
696645,189384.9179503577
712644,198253.56907772348
712653,198253.56907772348
712676,198253.56907772348
712685,198253.56907772348
712690,198253.56907772348
712692,198253.56907772348
712748,198253.56907772348
712750,198253.56907772348
712751,198253.56907772348
712768,198253.56907772348
712776,198253.56907772348
712780,198253.56907772348
712788,198253.56907772348
712794,198253.56907772348
712816,198253.56907772348
712817,198253.56907772348
712818,198253.56907772348
712823,198253.56907772348
712835,198253.56907772348
712852,198253.56907772348
712858,198253.56907772348
712871,198253.56907772348
712880,198253.56907772348
712881,198253.56907772348
712890,198253.56907772348
712901,198253.56907772348
712917,198253.56907772348
712999,198253.56907772348
713027,198253.56907772348
713050,198253.56907772348
713084,198253.56907772348
713098,198253.56907772348
713109,198253.56907772348
713127,198253.56907772348
713151,198253.56907772348
713157,198253.56907772348
713159,198253.56907772348
713160,198253.56907772348
713169,198253.56907772348
713182,198253.56907772348
713190,198253.56907772348
713192,198253.56907772348
713197,198253.56907772348
713213,198253.56907772348
713216,198253.56907772348
713247,198253.56907772348
713251,198253.56907772348
713264,198253.56907772348
713309,198253.56907772348
713319,198253.56907772348
713341,198253.56907772348
713350,198253.56907772348
713375,198253.56907772348
713391,198253.56907772348
713394,198253.56907772348
713420,198253.56907772348
713421,198253.56907772348
713429,198253.56907772348
713432,198253.56907772348
713434,198253.56907772348
713437,198253.56907772348
713469,198253.56907772348
713476,198253.56907772348
713477,198253.56907772348
713501,198253.56907772348
713507,198253.56907772348
713536,198253.56907772348
713544,198253.56907772348
713560,198253.56907772348
713580,198253.56907772348
713651,198253.56907772348
713656,198253.56907772348
713740,198253.56907772348
713800,198253.56907772348
713801,198253.56907772348
713806,198253.56907772348
713820,198253.56907772348
713823,198253.56907772348
713847,198253.56907772348
713864,198253.56907772348
713866,198253.56907772348
713868,198253.56907772348
713878,198253.56907772348
713881,198253.56907772348
713897,198253.56907772348
713934,198253.56907772348
713939,198253.56907772348
713950,198253.56907772348
713991,198253.56907772348
713993,198253.56907772348
714003,198253.56907772348
714017,198253.56907772348
714021,198253.56907772348
714026,198253.56907772348
714064,198253.56907772348
714174,198253.56907772348
714196,198253.56907772348
714262,198253.56907772348
714353,198253.56907772348
714369,198253.56907772348
714374,198253.56907772348
714385,198253.56907772348
714393,198253.56907772348
714398,198253.56907772348
714412,198253.56907772348
714415,198253.56907772348
714417,198253.56907772348
714430,198253.56907772348
714507,198253.56907772348
714555,198253.56907772348
714586,198253.56907772348
714587,198253.56907772348
714609,198253.56907772348
714636,198253.56907772348
714676,198253.56907772348
714689,198253.56907772348
714713,198253.56907772348
714721,198253.56907772348
714725,198253.56907772348
714774,198253.56907772348
714784,198253.56907772348
714821,198253.56907772348
714833,198253.56907772348
714858,198253.56907772348
714864,198253.56907772348
714871,198253.56907772348
714874,198253.56907772348
714890,198253.56907772348
714911,198253.56907772348
714930,198253.56907772348
714957,198253.56907772348
714970,198253.56907772348
715017,198253.56907772348
715034,198253.56907772348
715036,198253.56907772348
715051,198253.56907772348
715078,198253.56907772348
715080,198253.56907772348
715127,198253.56907772348
715142,198253.56907772348
715176,198253.56907772348
715189,198253.56907772348
715195,198253.56907772348
715196,198253.56907772348
715264,198253.56907772348
715291,198253.56907772348
715295,198253.56907772348
715297,198253.56907772348
715305,198253.56907772348
715309,198253.56907772348
715319,198253.56907772348
715321,198253.56907772348
715381,198253.56907772348
715383,198253.56907772348
715402,198253.56907772348
715413,198253.56907772348
715440,198253.56907772348
715490,198253.56907772348
715496,198253.56907772348
715529,198253.56907772348
715546,198253.56907772348
715580,198253.56907772348
715584,198253.56907772348
715594,198253.56907772348
715611,198253.56907772348
715628,198253.56907772348
715643,198253.56907772348
715645,198253.56907772348
715666,198253.56907772348
715669,198253.56907772348
715756,198253.56907772348
715761,198253.56907772348
715771,198253.56907772348
715775,198253.56907772348
715779,198253.56907772348
715783,198253.56907772348
715789,198253.56907772348
715799,198253.56907772348
715801,198253.56907772348
715802,198253.56907772348
715816,198253.56907772348
715819,198253.56907772348
715854,198253.56907772348
715885,198253.56907772348
715904,198253.56907772348
715909,198253.56907772348
715926,198253.56907772348
715960,198253.56907772348
715975,198253.56907772348
715987,198253.56907772348
715991,198253.56907772348
716004,198253.56907772348
716016,198253.56907772348
716034,198253.56907772348
716036,198253.56907772348
716062,198253.56907772348
716088,198253.56907772348
716090,198253.56907772348
716098,198253.56907772348
716112,198253.56907772348
716122,198253.56907772348
716135,198253.56907772348
716165,198253.56907772348
716198,198253.56907772348
716225,198253.56907772348
716229,198253.56907772348
716230,198253.56907772348
716233,198253.56907772348
716243,198253.56907772348
716251,198253.56907772348
716252,198253.56907772348
716270,198253.56907772348
716289,198253.56907772348
716355,198253.56907772348
716367,198253.56907772348
716371,198253.56907772348
716379,198253.56907772348
716381,198253.56907772348
716388,198253.56907772348
716430,198253.56907772348
716437,198253.56907772348
716439,198253.56907772348
716453,198253.56907772348
716459,198253.56907772348
716475,198253.56907772348
716495,198253.56907772348
716516,198253.56907772348
716564,198253.56907772348
716566,198253.56907772348
716646,198253.56907772348
716652,198253.56907772348
716677,198253.56907772348
716680,198253.56907772348
716696,198253.56907772348
716716,198253.56907772348
716750,198253.56907772348
716759,198253.56907772348
716761,198253.56907772348
716822,198253.56907772348
716839,198253.56907772348
716905,198253.56907772348
716942,198253.56907772348
716964,198253.56907772348
717008,198253.56907772348
717022,198253.56907772348
717046,198253.56907772348
717110,198253.56907772348
717123,198253.56907772348
717146,198253.56907772348
717179,198253.56907772348
717184,198253.56907772348
717187,198253.56907772348
717188,198253.56907772348
717189,198253.56907772348
717195,198253.56907772348
717197,198253.56907772348
717227,198253.56907772348
717270,198253.56907772348
717303,198253.56907772348
717333,198253.56907772348
717335,198253.56907772348
717342,198253.56907772348
717358,198253.56907772348
717374,198253.56907772348
717386,198253.56907772348
717417,198253.56907772348
717491,198253.56907772348
717502,198253.56907772348
717549,198253.56907772348
717570,198253.56907772348
717574,198253.56907772348
717602,198253.56907772348
717626,198253.56907772348
717630,198253.56907772348
717635,198253.56907772348
717641,198253.56907772348
717648,198253.56907772348
717652,198253.56907772348
717689,198253.56907772348
717727,198253.56907772348
717783,198253.56907772348
717808,198253.56907772348
717824,198253.56907772348
717869,198253.56907772348
717986,198253.56907772348
717995,198253.56907772348
717997,198253.56907772348
717999,198253.56907772348
718069,198253.56907772348
718109,198253.56907772348
718113,198253.56907772348
718134,198253.56907772348
718135,198253.56907772348
718144,198253.56907772348
718171,198253.56907772348
718212,198253.56907772348
718229,198253.56907772348
718242,198253.56907772348
718310,198253.56907772348
718329,198253.56907772348
718331,198253.56907772348
718349,198253.56907772348
718436,198253.56907772348
718506,198253.56907772348
718581,198253.56907772348
718620,198253.56907772348
718648,198253.56907772348
718653,198253.56907772348
718675,198253.56907772348
718683,198253.56907772348
718696,198253.56907772348
718697,198253.56907772348
718773,198253.56907772348
718786,198253.56907772348
718806,198253.56907772348
718811,198253.56907772348
718812,198253.56907772348
718841,198253.56907772348
718869,198253.56907772348
718891,198253.56907772348
718902,198253.56907772348
718919,198253.56907772348
718930,198253.56907772348
718970,198253.56907772348
719018,198253.56907772348
719060,198253.56907772348
719062,198253.56907772348
719065,198253.56907772348
719076,198253.56907772348
719091,198253.56907772348
719120,198253.56907772348
719146,198253.56907772348
719186,198253.56907772348
719188,198253.56907772348
719197,198253.56907772348
719201,198253.56907772348
719203,198253.56907772348
719208,198253.56907772348
719210,198253.56907772348
719216,198253.56907772348
719224,198253.56907772348
719246,198253.56907772348
719258,198253.56907772348
719300,198253.56907772348
719334,198253.56907772348
719360,198253.56907772348
719377,198253.56907772348
719415,198253.56907772348
719424,198253.56907772348
719429,198253.56907772348
719445,198253.56907772348
719446,198253.56907772348
719469,198253.56907772348
719503,198253.56907772348
719537,198253.56907772348
719593,198253.56907772348
719616,198253.56907772348
719642,198253.56907772348
719655,198253.56907772348
719693,198253.56907772348
719720,198253.56907772348
719747,198253.56907772348
719748,198253.56907772348
719754,198253.56907772348
719784,198253.56907772348
719794,198253.56907772348
719802,198253.56907772348
719806,198253.56907772348
719810,198253.56907772348
719812,198253.56907772348
719828,198253.56907772348
719833,198253.56907772348
719882,198253.56907772348
719895,198253.56907772348
719909,198253.56907772348
719971,198253.56907772348
720043,198253.56907772348
720108,198253.56907772348
720119,198253.56907772348
720163,198253.56907772348
720166,198253.56907772348
720188,198253.56907772348
720194,198253.56907772348
720274,198253.56907772348
720292,198253.56907772348
720296,198253.56907772348
720304,198253.56907772348
720323,198253.56907772348
720342,198253.56907772348
720348,198253.56907772348
720379,198253.56907772348
720386,198253.56907772348
720388,198253.56907772348
720393,198253.56907772348
720398,198253.56907772348
720403,198253.56907772348
720409,198253.56907772348
720440,198253.56907772348
720450,198253.56907772348
720481,198253.56907772348
720530,198253.56907772348
720534,198253.56907772348
720549,198253.56907772348
720550,198253.56907772348
720609,198253.56907772348
720629,198253.56907772348
720646,198253.56907772348
720649,198253.56907772348
720659,198253.56907772348
720745,198253.56907772348
720753,198253.56907772348
720789,198253.56907772348
720879,198253.56907772348
720899,198253.56907772348
720909,198253.56907772348
720925,198253.56907772348
720932,198253.56907772348
720950,198253.56907772348
720956,198253.56907772348
720964,198253.56907772348
720970,198253.56907772348
720997,198253.56907772348
721019,198253.56907772348
721074,198253.56907772348
721104,198253.56907772348
721128,198253.56907772348
721132,198253.56907772348
721135,198253.56907772348
721138,198253.56907772348
721169,198253.56907772348
721241,198253.56907772348
721303,198253.56907772348
721327,198253.56907772348
721355,198253.56907772348
721380,198253.56907772348
721384,198253.56907772348
721403,198253.56907772348
721426,198253.56907772348
721462,198253.56907772348
721473,198253.56907772348
721548,198253.56907772348
721568,198253.56907772348
721574,198253.56907772348
721579,198253.56907772348
721598,198253.56907772348
721634,198253.56907772348
721647,198253.56907772348
721701,198253.56907772348
721727,198253.56907772348
721746,198253.56907772348
721751,198253.56907772348
721773,198253.56907772348
721806,198253.56907772348
721859,198253.56907772348
721869,198253.56907772348
721922,198253.56907772348
722035,198253.56907772348
722036,198253.56907772348
722125,198253.56907772348
722131,198253.56907772348
722173,198253.56907772348
722181,198253.56907772348
722212,198253.56907772348
722250,198253.56907772348
722257,198253.56907772348
722262,198253.56907772348
722278,198253.56907772348
722288,198253.56907772348
722289,198253.56907772348
722312,198253.56907772348
722332,198253.56907772348
722333,198253.56907772348
722344,198253.56907772348
722356,198253.56907772348
722360,198253.56907772348
722388,198253.56907772348
722430,198253.56907772348
722458,198253.56907772348
722486,198253.56907772348
722515,198253.56907772348
722557,198253.56907772348
722582,198253.56907772348
722592,198253.56907772348
722603,198253.56907772348
722611,198253.56907772348
722612,198253.56907772348
722613,198253.56907772348
722617,198253.56907772348
722639,198253.56907772348
722669,198253.56907772348
722794,198253.56907772348
722805,198253.56907772348
722979,198253.56907772348
722991,198253.56907772348
722996,198253.56907772348
723017,198253.56907772348
723054,198253.56907772348
723133,198253.56907772348
723238,198253.56907772348
723261,198253.56907772348
723269,198253.56907772348
723341,198253.56907772348
723364,198253.56907772348
723370,198253.56907772348
723418,198253.56907772348
723439,198253.56907772348
723497,198253.56907772348
723503,198253.56907772348
723527,198253.56907772348
723559,198253.56907772348
723569,198253.56907772348
723575,198253.56907772348
723590,198253.56907772348
723636,198253.56907772348
723646,198253.56907772348
723662,198253.56907772348
723694,198253.56907772348
723703,198253.56907772348
723705,198253.56907772348
723726,198253.56907772348
723746,198253.56907772348
723756,198253.56907772348
723769,198253.56907772348
723775,198253.56907772348
723789,198253.56907772348
723793,198253.56907772348
723826,198253.56907772348
723846,198253.56907772348
723856,198253.56907772348
723936,198253.56907772348
723944,198253.56907772348
723996,198253.56907772348
724017,198253.56907772348
724019,198253.56907772348
724048,198253.56907772348
724049,198253.56907772348
724059,198253.56907772348
724070,198253.56907772348
724209,198253.56907772348
724225,198253.56907772348
724230,198253.56907772348
724234,198253.56907772348
724247,198253.56907772348
724249,198253.56907772348
724273,198253.56907772348
724294,198253.56907772348
724309,198253.56907772348
724315,198253.56907772348
724343,198253.56907772348
724348,198253.56907772348
724352,198253.56907772348
724357,198253.56907772348
724385,198253.56907772348
724424,198253.56907772348
724532,198253.56907772348
724560,198253.56907772348
724606,198253.56907772348
724640,198253.56907772348
724671,198253.56907772348
724797,198253.56907772348
724820,198253.56907772348
724847,198253.56907772348
724947,198253.56907772348
724960,198253.56907772348
724977,198253.56907772348
724987,198253.56907772348
725073,198253.56907772348
725121,198253.56907772348
725177,198253.56907772348
725180,198253.56907772348
725186,198253.56907772348
725367,198253.56907772348
725435,198253.56907772348
725481,198253.56907772348
725560,198253.56907772348
725581,198253.56907772348
725620,198253.56907772348
725646,198253.56907772348
725648,198253.56907772348
725681,198253.56907772348
725683,198253.56907772348
725741,198253.56907772348
725753,198253.56907772348
725778,198253.56907772348
725811,198253.56907772348
725875,198253.56907772348
725997,198253.56907772348
726011,198253.56907772348
726050,198253.56907772348
726064,198253.56907772348
726121,198253.56907772348
726144,198253.56907772348
726145,198253.56907772348
726174,198253.56907772348
726332,198253.56907772348
726351,198253.56907772348
726359,198253.56907772348
726443,198253.56907772348
726459,198253.56907772348
726460,198253.56907772348
726461,198253.56907772348
726470,198253.56907772348
726488,198253.56907772348
726491,198253.56907772348
726518,198253.56907772348
726642,198253.56907772348
726643,198253.56907772348
726678,198253.56907772348
726698,198253.56907772348
726797,198253.56907772348
726850,198253.56907772348
726887,198253.56907772348
726898,198253.56907772348
726904,198253.56907772348
726915,198253.56907772348
726976,198253.56907772348
727014,198253.56907772348
727021,198253.56907772348
727064,198253.56907772348
727101,198253.56907772348
727114,198253.56907772348
727129,198253.56907772348
727142,198253.56907772348
727160,198253.56907772348
727168,198253.56907772348
727178,198253.56907772348
727188,198253.56907772348
727198,198253.56907772348
727202,198253.56907772348
727275,198253.56907772348
727322,198253.56907772348
727334,198253.56907772348
727345,198253.56907772348
727359,198253.56907772348
727364,198253.56907772348
727433,198253.56907772348
727438,198253.56907772348
727490,198253.56907772348
727503,198253.56907772348
727540,198253.56907772348
727542,198253.56907772348
727585,198253.56907772348
727593,198253.56907772348
727615,198253.56907772348
727627,198253.56907772348
727655,198253.56907772348
727691,198253.56907772348
727694,198253.56907772348
727811,198253.56907772348
727895,198253.56907772348
728058,198253.56907772348
728078,198253.56907772348
728243,198253.56907772348
728309,198253.56907772348
728352,198253.56907772348
728363,198253.56907772348
728364,198253.56907772348
728431,198253.56907772348
728500,198253.56907772348
728503,198253.56907772348
728529,198253.56907772348
728582,198253.56907772348
728586,198253.56907772348
728694,198253.56907772348
728709,198253.56907772348
728713,198253.56907772348
728796,198253.56907772348
728798,198253.56907772348
728926,198253.56907772348
728950,198253.56907772348
728966,198253.56907772348
728985,198253.56907772348
729017,198253.56907772348
729075,198253.56907772348
729111,198253.56907772348
729119,198253.56907772348
729136,198253.56907772348
729148,198253.56907772348
729174,198253.56907772348
729177,198253.56907772348
729181,198253.56907772348
729203,198253.56907772348
729210,198253.56907772348
729226,198253.56907772348
729265,198253.56907772348
729341,198253.56907772348
729380,198253.56907772348
729400,198253.56907772348
729445,198253.56907772348
729455,198253.56907772348
729464,198253.56907772348
729510,198253.56907772348
729514,198253.56907772348
729528,198253.56907772348
729536,198253.56907772348
729540,198253.56907772348
729554,198253.56907772348
729607,198253.56907772348
729608,198253.56907772348
729625,198253.56907772348
729641,198253.56907772348
729644,198253.56907772348
729663,198253.56907772348
729721,198253.56907772348
729768,198253.56907772348
729773,198253.56907772348
729782,198253.56907772348
729789,198253.56907772348
729812,198253.56907772348
729831,198253.56907772348
729845,198253.56907772348
729990,198253.56907772348
730059,198253.56907772348
730106,198253.56907772348
730114,198253.56907772348
730131,198253.56907772348
730151,198253.56907772348
730265,198253.56907772348
730294,198253.56907772348
730332,198253.56907772348
730363,198253.56907772348
730414,198253.56907772348
730524,198253.56907772348
730596,198253.56907772348
730640,198253.56907772348
730686,198253.56907772348
730881,198253.56907772348
730894,198253.56907772348
730939,198253.56907772348
731035,198253.56907772348
731059,198253.56907772348
731100,198253.56907772348
731187,198253.56907772348
731206,198253.56907772348
731217,198253.56907772348
731226,198253.56907772348
731245,198253.56907772348
731327,198253.56907772348
731364,198253.56907772348
731419,198253.56907772348
731420,198253.56907772348
731429,198253.56907772348
731450,198253.56907772348
731474,198253.56907772348
731507,198253.56907772348
731508,198253.56907772348
731588,198253.56907772348
731696,198253.56907772348
731757,198253.56907772348
731801,198253.56907772348
731833,198253.56907772348
731851,198253.56907772348
731874,198253.56907772348
732027,198253.56907772348
732100,198253.56907772348
732211,198253.56907772348
732262,198253.56907772348
732403,198253.56907772348
732408,198253.56907772348
732440,198253.56907772348
732456,198253.56907772348
732495,198253.56907772348
732512,198253.56907772348
732513,198253.56907772348
732518,198253.56907772348
732657,198253.56907772348
732818,198253.56907772348
732911,198253.56907772348
732929,198253.56907772348
732954,198253.56907772348
732965,198253.56907772348
732970,198253.56907772348
732998,198253.56907772348
733071,198253.56907772348
733086,198253.56907772348
733135,198253.56907772348
733209,198253.56907772348
733485,198253.56907772348
733560,198253.56907772348
733655,198253.56907772348
733708,198253.56907772348
733722,198253.56907772348
733753,198253.56907772348
733774,198253.56907772348
733855,198253.56907772348
733856,198253.56907772348
733903,198253.56907772348
733907,198253.56907772348
733919,198253.56907772348
734011,198253.56907772348
734023,198253.56907772348
734094,198253.56907772348
734149,198253.56907772348
734159,198253.56907772348
734160,198253.56907772348
734181,198253.56907772348
734275,198253.56907772348
734658,198253.56907772348
734708,198253.56907772348
734725,198253.56907772348
734836,198253.56907772348
735000,198253.56907772348
735007,198253.56907772348
735055,198253.56907772348
735124,198253.56907772348
735158,198253.56907772348
735189,198253.56907772348
735216,198253.56907772348
735230,198253.56907772348
735232,198253.56907772348
735250,198253.56907772348
735298,198253.56907772348
735355,198253.56907772348
735484,198253.56907772348
735490,198253.56907772348
735491,198253.56907772348
735493,198253.56907772348
735505,198253.56907772348
735533,198253.56907772348
735555,198253.56907772348
735561,198253.56907772348
735562,198253.56907772348
735614,198253.56907772348
735627,198253.56907772348
735634,198253.56907772348
735698,198253.56907772348
735797,198253.56907772348
735802,198253.56907772348
735891,198253.56907772348
735983,198253.56907772348
736002,198253.56907772348
736030,198253.56907772348
736051,198253.56907772348
736089,198253.56907772348
736143,198253.56907772348
736169,198253.56907772348
736175,198253.56907772348
736225,198253.56907772348
736311,198253.56907772348
736320,198253.56907772348
736337,198253.56907772348
736397,198253.56907772348
736443,198253.56907772348
736489,198253.56907772348
736635,198253.56907772348
736651,198253.56907772348
736721,198253.56907772348
736740,198253.56907772348
736799,198253.56907772348
736983,198253.56907772348
737015,198253.56907772348
737075,198253.56907772348
737150,198253.56907772348
737209,198253.56907772348
737263,198253.56907772348
737285,198253.56907772348
737397,198253.56907772348
737458,198253.56907772348
737514,198253.56907772348
737665,198253.56907772348
737976,198253.56907772348
738028,198253.56907772348
738143,198253.56907772348
738160,198253.56907772348
738192,198253.56907772348
738314,198253.56907772348
738320,198253.56907772348
738381,198253.56907772348
738406,198253.56907772348
738433,198253.56907772348
738489,198253.56907772348
738491,198253.56907772348
738574,198253.56907772348
738723,198253.56907772348
738880,198253.56907772348
738920,198253.56907772348
739033,198253.56907772348
739042,198253.56907772348
739182,198253.56907772348
739254,198253.56907772348
739359,198253.56907772348
739360,198253.56907772348
739364,198253.56907772348
739430,198253.56907772348
739497,198253.56907772348
739563,198253.56907772348
739581,198253.56907772348
739670,198253.56907772348
739702,198253.56907772348
739717,198253.56907772348
739824,198253.56907772348
740070,198253.56907772348
740158,198253.56907772348
740377,198253.56907772348
740499,198253.56907772348
740572,198253.56907772348
740609,198253.56907772348
740798,198253.56907772348
740914,198253.56907772348
740915,198253.56907772348
740917,198253.56907772348
740932,198253.56907772348
740974,198253.56907772348
740993,198253.56907772348
740998,198253.56907772348
741000,198253.56907772348
741002,198253.56907772348
741008,198253.56907772348
741036,198253.56907772348
741047,198253.56907772348
741111,198253.56907772348
741171,198253.56907772348
741174,198253.56907772348
741203,198253.56907772348
741205,198253.56907772348
741232,198253.56907772348
741270,198253.56907772348
741294,198253.56907772348
741312,198253.56907772348
741313,198253.56907772348
741329,198253.56907772348
741401,198253.56907772348
741416,198253.56907772348
741433,198253.56907772348
741457,198253.56907772348
741533,198253.56907772348
741591,198253.56907772348
741682,198253.56907772348
741699,198253.56907772348
741808,198253.56907772348
741810,198253.56907772348
741811,198253.56907772348
741813,198253.56907772348
741824,198253.56907772348
741842,198253.56907772348
741844,198253.56907772348
741999,198253.56907772348
742049,198253.56907772348
742278,198253.56907772348
742444,198253.56907772348
742500,198253.56907772348
742512,198253.56907772348
742534,198253.56907772348
742552,198253.56907772348
742592,198253.56907772348
742595,198253.56907772348
742813,198253.56907772348
742839,198253.56907772348
743024,198253.56907772348
743072,198253.56907772348
743084,198253.56907772348
743131,198253.56907772348
743197,198253.56907772348
743226,198253.56907772348
743233,198253.56907772348
743243,198253.56907772348
743310,198253.56907772348
743424,198253.56907772348
743645,198253.56907772348
743678,198253.56907772348
743689,198253.56907772348
743736,198253.56907772348
743938,198253.56907772348
744009,198253.56907772348
744134,198253.56907772348
744142,198253.56907772348
744196,198253.56907772348
744806,198253.56907772348
744824,198253.56907772348
744870,198253.56907772348
744879,198253.56907772348
744924,198253.56907772348
745039,198253.56907772348
745099,198253.56907772348
745109,198253.56907772348
745286,198253.56907772348
745287,198253.56907772348
745364,198253.56907772348
745581,198253.56907772348
745614,198253.56907772348
745630,198253.56907772348
745696,198253.56907772348
745726,198253.56907772348
745763,198253.56907772348
745819,198253.56907772348
745898,198253.56907772348
745924,198253.56907772348
745960,198253.56907772348
746269,198253.56907772348
746297,198253.56907772348
746353,198253.56907772348
746361,198253.56907772348
746390,198253.56907772348
746450,198253.56907772348
746513,198253.56907772348
746565,198253.56907772348
746720,198253.56907772348
746732,198253.56907772348
746769,198253.56907772348
746790,198253.56907772348
746846,198253.56907772348
746847,198253.56907772348
746901,198253.56907772348
747013,198253.56907772348
747015,198253.56907772348
747085,198253.56907772348
747090,198253.56907772348
747139,198253.56907772348
747310,198253.56907772348
747474,198253.56907772348
747521,198253.56907772348
747537,198253.56907772348
747736,198253.56907772348
747743,198253.56907772348
747759,198253.56907772348
747810,198253.56907772348
747995,198253.56907772348
748013,198253.56907772348
748040,198253.56907772348
748058,198253.56907772348
748060,198253.56907772348
748073,198253.56907772348
748106,198253.56907772348
748145,198253.56907772348
748150,198253.56907772348
748172,198253.56907772348
748287,198253.56907772348
748308,198253.56907772348
748311,198253.56907772348
748429,198253.56907772348
748523,198253.56907772348
748544,198253.56907772348
748713,198253.56907772348
748836,198253.56907772348
748845,198253.56907772348
748856,198253.56907772348
748895,198253.56907772348
748962,198253.56907772348
749165,198253.56907772348
749218,198253.56907772348
749232,198253.56907772348
749255,198253.56907772348
749452,198253.56907772348
749483,198253.56907772348
749497,198253.56907772348
749502,198253.56907772348
749504,198253.56907772348
749521,198253.56907772348
749571,198253.56907772348
749671,198253.56907772348
749821,198253.56907772348
749975,198253.56907772348
750049,198253.56907772348
750155,198253.56907772348
750174,198253.56907772348
750408,198253.56907772348
750418,198253.56907772348
750441,198253.56907772348
750475,198253.56907772348
750559,198253.56907772348
750579,198253.56907772348
750669,198253.56907772348
750683,198253.56907772348
750740,198253.56907772348
750956,198253.56907772348
751319,198253.56907772348
751352,198253.56907772348
751396,198253.56907772348
751416,198253.56907772348
751421,198253.56907772348
751442,198253.56907772348
751459,198253.56907772348
751587,198253.56907772348
751714,198253.56907772348
751886,198253.56907772348
751971,198253.56907772348
752242,198253.56907772348
752254,198253.56907772348
752310,198253.56907772348
752576,198253.56907772348
752705,198253.56907772348
752895,198253.56907772348
752914,198253.56907772348
752994,198253.56907772348
753036,198253.56907772348
753099,198253.56907772348
753188,198253.56907772348
753196,198253.56907772348
753234,198253.56907772348
753289,198253.56907772348
753295,198253.56907772348
753297,198253.56907772348
753387,198253.56907772348
753393,198253.56907772348
753395,198253.56907772348
753397,198253.56907772348
753399,198253.56907772348
753402,198253.56907772348
753404,198253.56907772348
753405,198253.56907772348
753406,198253.56907772348
753602,198253.56907772348
753948,198253.56907772348
754108,198253.56907772348
754112,198253.56907772348
754292,198253.56907772348
754384,198253.56907772348
754763,198253.56907772348
754978,198253.56907772348
754995,198253.56907772348
755014,198253.56907772348
755055,198253.56907772348
755065,198253.56907772348
755138,198253.56907772348
755226,198253.56907772348
755447,198253.56907772348
755448,198253.56907772348
755575,198253.56907772348
755674,198253.56907772348
755809,198253.56907772348
755892,198253.56907772348
756308,198253.56907772348
756620,198253.56907772348
756836,198253.56907772348
757366,198253.56907772348
757425,198253.56907772348
757539,198253.56907772348
757668,198253.56907772348
757758,198253.56907772348
757792,198253.56907772348
757925,198253.56907772348
757991,198253.56907772348
758122,198253.56907772348
758135,198253.56907772348
758325,198253.56907772348
758344,198253.56907772348
758410,198253.56907772348
758601,198253.56907772348
758674,198253.56907772348
758911,198253.56907772348
759246,198253.56907772348
759339,198253.56907772348
759621,198253.56907772348
759656,198253.56907772348
759823,198253.56907772348
759982,198253.56907772348
760071,198253.56907772348
760135,198253.56907772348
760172,198253.56907772348
760262,198253.56907772348
760514,198253.56907772348
760522,198253.56907772348
760523,198253.56907772348
760607,198253.56907772348
760760,198253.56907772348
760878,198253.56907772348
761015,198253.56907772348
761078,198253.56907772348
761137,198253.56907772348
761182,198253.56907772348
761221,198253.56907772348
761226,198253.56907772348
761245,198253.56907772348
761273,198253.56907772348
761281,198253.56907772348
761297,198253.56907772348
761298,198253.56907772348
761312,198253.56907772348
761418,198253.56907772348
761437,198253.56907772348
761449,198253.56907772348
761451,198253.56907772348
761462,198253.56907772348
761597,198253.56907772348
761616,198253.56907772348
761631,198253.56907772348
761638,198253.56907772348
761660,198253.56907772348
761662,198253.56907772348
761734,198253.56907772348
761737,198253.56907772348
761773,198253.56907772348
761775,198253.56907772348
761781,198253.56907772348
761783,198253.56907772348
761870,198253.56907772348
761928,198253.56907772348
762020,198253.56907772348
762104,198253.56907772348
762106,198253.56907772348
762135,198253.56907772348
762140,198253.56907772348
762146,198253.56907772348
762260,198253.56907772348
762277,198253.56907772348
762395,198253.56907772348
762467,198253.56907772348
762485,198253.56907772348
762509,198253.56907772348
762528,198253.56907772348
762572,198253.56907772348
762642,198253.56907772348
762673,198253.56907772348
762782,198253.56907772348
762792,198253.56907772348
762828,198253.56907772348
762848,198253.56907772348
762862,198253.56907772348
762894,198253.56907772348
762903,198253.56907772348
762924,198253.56907772348
762929,198253.56907772348
762937,198253.56907772348
762941,198253.56907772348
762951,198253.56907772348
762959,198253.56907772348
762965,198253.56907772348
762986,198253.56907772348
763016,198253.56907772348
763021,198253.56907772348
763034,198253.56907772348
763065,198253.56907772348
763068,198253.56907772348
763073,198253.56907772348
763090,198253.56907772348
763152,198253.56907772348
763153,198253.56907772348
763212,198253.56907772348
763270,198253.56907772348
763279,198253.56907772348
763299,198253.56907772348
763300,198253.56907772348
763314,198253.56907772348
763332,198253.56907772348
763333,198253.56907772348
763334,198253.56907772348
763337,198253.56907772348
763338,198253.56907772348
763348,198253.56907772348
763349,198253.56907772348
763351,198253.56907772348
763389,198253.56907772348
763421,198253.56907772348
763424,198253.56907772348
763429,198253.56907772348
763431,198253.56907772348
763433,198253.56907772348
763435,198253.56907772348
763438,198253.56907772348
763439,198253.56907772348
763446,198253.56907772348
763447,198253.56907772348
763448,198253.56907772348
763449,198253.56907772348
763450,198253.56907772348
763452,198253.56907772348
763453,198253.56907772348
763454,198253.56907772348
763457,198253.56907772348
763458,198253.56907772348
763460,198253.56907772348
763464,198253.56907772348
763466,198253.56907772348
763528,198253.56907772348
763572,198253.56907772348
763575,198253.56907772348
763576,198253.56907772348
763591,198253.56907772348
763627,198253.56907772348
763628,198253.56907772348
763629,198253.56907772348
763631,198253.56907772348
763633,198253.56907772348
763634,198253.56907772348
763653,198253.56907772348
763684,198253.56907772348
763733,198253.56907772348
763744,198253.56907772348
763764,198253.56907772348
763781,198253.56907772348
763788,198253.56907772348
763797,198253.56907772348
763842,198253.56907772348
763856,198253.56907772348
763925,198253.56907772348
763942,198253.56907772348
764037,198253.56907772348
764042,198253.56907772348
764044,198253.56907772348
764047,198253.56907772348
764052,198253.56907772348
764103,198253.56907772348
764132,198253.56907772348
764192,198253.56907772348
764215,198253.56907772348
764263,198253.56907772348
764332,198253.56907772348
764347,198253.56907772348
764361,198253.56907772348
764368,198253.56907772348
764413,198253.56907772348
764414,198253.56907772348
764496,198253.56907772348
764544,198253.56907772348
764737,198253.56907772348
764777,198253.56907772348
764797,198253.56907772348
764822,198253.56907772348
764827,198253.56907772348
764828,198253.56907772348
764836,198253.56907772348
764862,198253.56907772348
764907,198253.56907772348
764910,198253.56907772348
764922,198253.56907772348
764946,198253.56907772348
764999,198253.56907772348
765049,198253.56907772348
765056,198253.56907772348
765097,198253.56907772348
765112,198253.56907772348
765115,198253.56907772348
765282,198253.56907772348
765294,198253.56907772348
765352,198253.56907772348
765358,198253.56907772348
765365,198253.56907772348
765396,198253.56907772348
765440,198253.56907772348
765475,198253.56907772348
765494,198253.56907772348
765496,198253.56907772348
765520,198253.56907772348
765527,198253.56907772348
765571,198253.56907772348
765572,198253.56907772348
765599,198253.56907772348
765625,198253.56907772348
765669,198253.56907772348
765676,198253.56907772348
765686,198253.56907772348
765756,198253.56907772348
765760,198253.56907772348
765768,198253.56907772348
765786,198253.56907772348
765832,198253.56907772348
765840,198253.56907772348
765853,198253.56907772348
765854,198253.56907772348
765869,198253.56907772348
765883,198253.56907772348
765884,198253.56907772348
765913,198253.56907772348
765938,198253.56907772348
766020,198253.56907772348
766039,198253.56907772348
766052,198253.56907772348
766076,198253.56907772348
766102,198253.56907772348
766103,198253.56907772348
766106,198253.56907772348
766110,198253.56907772348
766114,198253.56907772348
766137,198253.56907772348
766140,198253.56907772348
766142,198253.56907772348
766151,198253.56907772348
766163,198253.56907772348
766185,198253.56907772348
766212,198253.56907772348
766222,198253.56907772348
766225,198253.56907772348
766250,198253.56907772348
766251,198253.56907772348
766253,198253.56907772348
766259,198253.56907772348
766272,198253.56907772348
766300,198253.56907772348
766328,198253.56907772348
766392,198253.56907772348
766404,198253.56907772348
766416,198253.56907772348
766459,198253.56907772348
766463,198253.56907772348
766464,198253.56907772348
766479,198253.56907772348
766501,198253.56907772348
766550,198253.56907772348
766648,198253.56907772348
766782,198253.56907772348
766785,198253.56907772348
766808,198253.56907772348
766824,198253.56907772348
766883,198253.56907772348
766891,198253.56907772348
766923,198253.56907772348
766951,198253.56907772348
766977,198253.56907772348
766984,198253.56907772348
766998,198253.56907772348
767008,198253.56907772348
767009,198253.56907772348
767047,198253.56907772348
767056,198253.56907772348
767092,198253.56907772348
767132,198253.56907772348
767229,198253.56907772348
767253,198253.56907772348
767260,198253.56907772348
767290,198253.56907772348
767319,198253.56907772348
767321,198253.56907772348
767366,198253.56907772348
767405,198253.56907772348
767407,198253.56907772348
767409,198253.56907772348
767414,198253.56907772348
767465,198253.56907772348
767487,198253.56907772348
767512,198253.56907772348
767558,198253.56907772348
767705,198253.56907772348
767856,198253.56907772348
768002,198253.56907772348
768343,198253.56907772348
768717,198253.56907772348
768790,198253.56907772348
768981,198253.56907772348
769002,198253.56907772348
769155,198253.56907772348
769216,198253.56907772348
769226,198253.56907772348
769575,198253.56907772348
769599,198253.56907772348
769768,198253.56907772348
769812,198253.56907772348
769898,198253.56907772348
769957,198253.56907772348
770294,198253.56907772348
770295,198253.56907772348
770484,198253.56907772348
770520,198253.56907772348
770523,198253.56907772348
770558,198253.56907772348
770682,198253.56907772348
770744,198253.56907772348
770751,198253.56907772348
770765,198253.56907772348
770777,198253.56907772348
770786,198253.56907772348
770972,198253.56907772348
771112,198253.56907772348
771113,198253.56907772348
771117,198253.56907772348
771118,198253.56907772348
771333,198253.56907772348
771397,198253.56907772348
771816,198253.56907772348
771858,198253.56907772348
772028,198253.56907772348
772107,198253.56907772348
772213,198253.56907772348
772214,198253.56907772348
774481,198253.56907772348
774546,198253.56907772348
774699,198253.56907772348
774950,198253.56907772348
775137,198253.56907772348
775139,198253.56907772348
775393,198253.56907772348
775537,198253.56907772348
775560,198253.56907772348
775652,198253.56907772348
775907,198253.56907772348
776742,198253.56907772348
776780,198253.56907772348
776781,198253.56907772348
776783,198253.56907772348
776981,198253.56907772348
777103,198253.56907772348
777106,198253.56907772348
777107,198253.56907772348
777108,198253.56907772348
777110,198253.56907772348
777117,198253.56907772348
777118,198253.56907772348
777121,198253.56907772348
777123,198253.56907772348
777125,198253.56907772348
777210,198253.56907772348
777453,198253.56907772348
777462,198253.56907772348
777464,198253.56907772348
777489,198253.56907772348
777572,198253.56907772348
778274,198253.56907772348
778564,198253.56907772348
778634,198253.56907772348
778678,198253.56907772348
778689,198253.56907772348
778791,198253.56907772348
778830,198253.56907772348
778851,198253.56907772348
778906,198253.56907772348
778948,198253.56907772348
778949,198253.56907772348
778952,198253.56907772348
778953,198253.56907772348
778956,198253.56907772348
778970,198253.56907772348
778976,198253.56907772348
779003,198253.56907772348
779077,198253.56907772348
779114,198253.56907772348
779141,198253.56907772348
779149,198253.56907772348
779215,198253.56907772348
779288,198253.56907772348
779384,198253.56907772348
779391,198253.56907772348
779392,198253.56907772348
779393,198253.56907772348
779705,198253.56907772348
779738,198253.56907772348
779782,198253.56907772348
779867,198253.56907772348
779904,198253.56907772348
779938,198253.56907772348
779977,198253.56907772348
779984,198253.56907772348
780002,198253.56907772348
780020,198253.56907772348
780073,198253.56907772348
780093,198253.56907772348
780095,198253.56907772348
780214,198253.56907772348
780253,198253.56907772348
780353,198253.56907772348
780376,198253.56907772348
780395,198253.56907772348
780419,198253.56907772348
780420,198253.56907772348
780421,198253.56907772348
780564,198253.56907772348
780596,198253.56907772348
780669,198253.56907772348
780694,198253.56907772348
780702,198253.56907772348
780715,198253.56907772348
780724,198253.56907772348
780846,198253.56907772348
780856,198253.56907772348
780863,198253.56907772348
780900,198253.56907772348
780951,198253.56907772348
781145,198253.56907772348
781275,198253.56907772348
781371,198253.56907772348
781416,198253.56907772348
781559,198253.56907772348
781563,198253.56907772348
781572,198253.56907772348
781698,198253.56907772348
781700,198253.56907772348
781825,198253.56907772348
781843,198253.56907772348
781844,198253.56907772348
781845,198253.56907772348
781846,198253.56907772348
781854,198253.56907772348
781859,198253.56907772348
781860,198253.56907772348
781866,198253.56907772348
781946,198253.56907772348
781982,198253.56907772348
782181,198253.56907772348
782201,198253.56907772348
782394,198253.56907772348
782416,198253.56907772348
782443,198253.56907772348
782452,198253.56907772348
782561,198253.56907772348
782627,198253.56907772348
782642,198253.56907772348
782665,198253.56907772348
782671,198253.56907772348
782675,198253.56907772348
782693,198253.56907772348
782705,198253.56907772348
782706,198253.56907772348
782708,198253.56907772348
782717,198253.56907772348
782722,198253.56907772348
782761,198253.56907772348
782782,198253.56907772348
782785,198253.56907772348
782849,198253.56907772348
782946,198253.56907772348
783038,198253.56907772348
783051,198253.56907772348
783056,198253.56907772348
783125,198253.56907772348
783130,198253.56907772348
783231,198253.56907772348
783260,198253.56907772348
783421,198253.56907772348
783512,198253.56907772348
783559,198253.56907772348
783604,198253.56907772348
783607,198253.56907772348
783636,198253.56907772348
783654,198253.56907772348
783811,198253.56907772348
783914,198253.56907772348
783951,198253.56907772348
783978,198253.56907772348
783979,198253.56907772348
784000,198253.56907772348
784012,198253.56907772348
784167,198253.56907772348
784275,198253.56907772348
784431,198253.56907772348
784568,198253.56907772348
784570,198253.56907772348
784737,198253.56907772348
784762,198253.56907772348
784768,198253.56907772348
784842,198253.56907772348
785009,198253.56907772348
785082,198253.56907772348
785261,198253.56907772348
785408,198253.56907772348
785455,198253.56907772348
785514,198253.56907772348
785588,198253.56907772348
785808,198253.56907772348
785820,198253.56907772348
785970,198253.56907772348
785973,198253.56907772348
786182,198253.56907772348
786183,198253.56907772348
786346,198253.56907772348
786447,198253.56907772348
786450,198253.56907772348
786451,198253.56907772348
786452,198253.56907772348
786456,198253.56907772348
786457,198253.56907772348
786484,198253.56907772348
786521,198253.56907772348
786587,198253.56907772348
786628,198253.56907772348
786831,198253.56907772348
786859,198253.56907772348
787068,198253.56907772348
787151,198253.56907772348
787208,198253.56907772348
787215,198253.56907772348
787216,198253.56907772348
787276,198253.56907772348
787281,198253.56907772348
787289,198253.56907772348
787291,198253.56907772348
787331,198253.56907772348
787343,198253.56907772348
787361,198253.56907772348
787369,198253.56907772348
787382,198253.56907772348
787385,198253.56907772348
787401,198253.56907772348
787405,198253.56907772348
787411,198253.56907772348
787454,198253.56907772348
787485,198253.56907772348
787486,198253.56907772348
787489,198253.56907772348
787490,198253.56907772348
787528,198253.56907772348
787529,198253.56907772348
787533,198253.56907772348
787535,198253.56907772348
787538,198253.56907772348
787555,198253.56907772348
787614,198253.56907772348
787634,198253.56907772348
787684,198253.56907772348
787868,198253.56907772348
788008,198253.56907772348
788356,198253.56907772348
788577,198253.56907772348
788645,198253.56907772348
788730,198253.56907772348
788820,198253.56907772348
788990,198253.56907772348
788994,198253.56907772348
789179,198253.56907772348
789327,198253.56907772348
789333,198253.56907772348
789339,198253.56907772348
789374,198253.56907772348
789389,198253.56907772348
789555,198253.56907772348
789568,198253.56907772348
789619,198253.56907772348
789638,198253.56907772348
789709,198253.56907772348
789843,198253.56907772348
789881,198253.56907772348
789964,198253.56907772348
789966,198253.56907772348
790026,198253.56907772348
790038,198253.56907772348
790115,198253.56907772348
790170,198253.56907772348
790184,198253.56907772348
790414,198253.56907772348
790625,198253.56907772348
790725,198253.56907772348
790798,198253.56907772348
790912,198253.56907772348
790918,198253.56907772348
790939,198253.56907772348
791067,198253.56907772348
791077,198253.56907772348
791182,198253.56907772348
791219,198253.56907772348
791221,198253.56907772348
791296,198253.56907772348
791314,198253.56907772348
791379,198253.56907772348
791445,198253.56907772348
791581,198253.56907772348
791589,198253.56907772348
791600,198253.56907772348
791608,198253.56907772348
791617,198253.56907772348
791813,198253.56907772348
791869,198253.56907772348
791870,198253.56907772348
792315,198253.56907772348
792695,198253.56907772348
793171,198253.56907772348
793172,198253.56907772348
793391,198253.56907772348
793620,198253.56907772348
793722,198253.56907772348
793967,198253.56907772348
794344,198253.56907772348
794498,198253.56907772348
794573,198253.56907772348
794576,198253.56907772348
794897,198253.56907772348
794968,198253.56907772348
796060,198253.56907772348
796252,198253.56907772348
796300,198253.56907772348
796537,198253.56907772348
796582,198253.56907772348
797433,198253.56907772348
797488,198253.56907772348
797489,198253.56907772348
797540,198253.56907772348
797866,198253.56907772348
798010,198253.56907772348
798026,198253.56907772348
799178,198253.56907772348
799179,198253.56907772348
799190,198253.56907772348
799234,198253.56907772348
799315,198253.56907772348
799472,198253.56907772348
799498,198253.56907772348
799561,198253.56907772348
799652,198253.56907772348
799732,198253.56907772348
800022,198253.56907772348
800237,198253.56907772348
800456,198253.56907772348
800963,198253.56907772348
801193,198253.56907772348
801250,198253.56907772348
801281,198253.56907772348
801487,198253.56907772348
801497,198253.56907772348
801503,198253.56907772348
801504,198253.56907772348
801727,198253.56907772348
801954,198253.56907772348
802096,198253.56907772348
802163,198253.56907772348
802196,198253.56907772348
802200,198253.56907772348
802270,198253.56907772348
802271,198253.56907772348
802331,198253.56907772348
802349,198253.56907772348
802375,198253.56907772348
802688,198253.56907772348
803023,198253.56907772348
803138,198253.56907772348
803310,198253.56907772348
803839,198253.56907772348
803941,198253.56907772348
804236,198253.56907772348
804237,198253.56907772348
804318,198253.56907772348
804335,198253.56907772348
804516,198253.56907772348
804572,198253.56907772348
804611,198253.56907772348
804663,198253.56907772348
804859,198253.56907772348
805515,198253.56907772348
805577,198253.56907772348
806450,198253.56907772348
806493,198253.56907772348
806508,198253.56907772348
806655,198253.56907772348
806775,198253.56907772348
806865,198253.56907772348
806936,198253.56907772348
806937,198253.56907772348
807537,198253.56907772348
807824,198253.56907772348
807826,198253.56907772348
808024,198253.56907772348
808123,198253.56907772348
808180,198253.56907772348
808340,198253.56907772348
808644,198253.56907772348
808647,198253.56907772348
809443,198253.56907772348
809444,198253.56907772348
809711,198253.56907772348
810556,198253.56907772348
810560,198253.56907772348
810574,198253.56907772348
810705,198253.56907772348
811018,198253.56907772348
811028,198253.56907772348
811104,198253.56907772348
811659,198253.56907772348
811817,198253.56907772348
811944,198253.56907772348
812472,198253.56907772348
812587,198253.56907772348
812588,198253.56907772348
812762,198253.56907772348
812914,198253.56907772348
813322,198253.56907772348
813323,198253.56907772348
813324,198253.56907772348
813361,198253.56907772348
813430,198253.56907772348
813750,198253.56907772348
813797,198253.56907772348
813800,198253.56907772348
814059,198253.56907772348
814159,198253.56907772348
814247,198253.56907772348
814306,198253.56907772348
814308,198253.56907772348
814310,198253.56907772348
814313,198253.56907772348
814338,198253.56907772348
814378,198253.56907772348
814381,198253.56907772348
814390,198253.56907772348
814448,198253.56907772348
814449,198253.56907772348
815043,198253.56907772348
815287,198253.56907772348
815582,198253.56907772348
815585,198253.56907772348
815640,198253.56907772348
816479,198253.56907772348
816525,198253.56907772348
816552,198253.56907772348
816589,198253.56907772348
816592,198253.56907772348
816594,198253.56907772348
816608,198253.56907772348
816611,198253.56907772348
816676,198253.56907772348
816679,198253.56907772348
816850,198253.56907772348
816967,198253.56907772348
816968,198253.56907772348
816969,198253.56907772348
816972,198253.56907772348
816974,198253.56907772348
817091,198253.56907772348
817550,198253.56907772348
817647,198253.56907772348
817658,198253.56907772348
817662,198253.56907772348
817752,198253.56907772348
817883,198253.56907772348
817978,198253.56907772348
818057,198253.56907772348
818059,198253.56907772348
818170,198253.56907772348
818217,198253.56907772348
818229,198253.56907772348
818316,198253.56907772348
818405,198253.56907772348
818412,198253.56907772348
818488,198253.56907772348
818498,198253.56907772348
818519,198253.56907772348
818520,198253.56907772348
818601,198253.56907772348
818620,198253.56907772348
818629,198253.56907772348
818668,198253.56907772348
818906,198253.56907772348
818951,198253.56907772348
818981,198253.56907772348
819022,198253.56907772348
819052,198253.56907772348
819088,198253.56907772348
819090,198253.56907772348
819154,198253.56907772348
819224,198253.56907772348
819477,198253.56907772348
819505,198253.56907772348
819532,198253.56907772348
819599,198253.56907772348
819624,198253.56907772348
819689,198253.56907772348
819690,198253.56907772348
819694,198253.56907772348
819729,198253.56907772348
819737,198253.56907772348
819839,198253.56907772348
819946,198253.56907772348
820010,198253.56907772348
820047,198253.56907772348
820221,198253.56907772348
820343,198253.56907772348
820369,198253.56907772348
820444,198253.56907772348
820485,198253.56907772348
820520,198253.56907772348
820534,198253.56907772348
820549,198253.56907772348
820550,198253.56907772348
820560,198253.56907772348
820576,198253.56907772348
820608,198253.56907772348
820640,198253.56907772348
820668,198253.56907772348
820672,198253.56907772348
820758,198253.56907772348
820763,198253.56907772348
820797,198253.56907772348
820936,198253.56907772348
821001,198253.56907772348
821049,198253.56907772348
821050,198253.56907772348
821087,198253.56907772348
821251,198253.56907772348
821372,198253.56907772348
821381,198253.56907772348
821423,198253.56907772348
821616,198253.56907772348
821664,198253.56907772348
821715,198253.56907772348
821753,198253.56907772348
821791,198253.56907772348
821800,198253.56907772348
821820,198253.56907772348
821825,198253.56907772348
821826,198253.56907772348
821876,198253.56907772348
821888,198253.56907772348
821895,198253.56907772348
822024,198253.56907772348
822169,198253.56907772348
822190,198253.56907772348
822347,198253.56907772348
822354,198253.56907772348
822421,198253.56907772348
822422,198253.56907772348
822432,198253.56907772348
822445,198253.56907772348
822453,198253.56907772348
822456,198253.56907772348
822457,198253.56907772348
822552,198253.56907772348
822622,198253.56907772348
822624,198253.56907772348
822635,198253.56907772348
822656,198253.56907772348
822684,198253.56907772348
822688,198253.56907772348
822777,198253.56907772348
822785,198253.56907772348
822858,198253.56907772348
822880,198253.56907772348
822882,198253.56907772348
822883,198253.56907772348
822930,198253.56907772348
823118,198253.56907772348
823126,198253.56907772348
823190,198253.56907772348
823243,198253.56907772348
823305,198253.56907772348
823338,198253.56907772348
823411,198253.56907772348
823441,198253.56907772348
823596,198253.56907772348
823639,198253.56907772348
823761,198253.56907772348
823773,198253.56907772348
823798,198253.56907772348
823815,198253.56907772348
823830,198253.56907772348
823846,198253.56907772348
823949,198253.56907772348
823958,198253.56907772348
824041,198253.56907772348
824138,198253.56907772348
824141,198253.56907772348
824236,198253.56907772348
824250,198253.56907772348
824261,198253.56907772348
824528,198253.56907772348
824533,198253.56907772348
824564,198253.56907772348
824568,198253.56907772348
824571,198253.56907772348
824575,198253.56907772348
824602,198253.56907772348
824686,198253.56907772348
824788,198253.56907772348
824810,198253.56907772348
824857,198253.56907772348
824886,198253.56907772348
824906,198253.56907772348
825094,198253.56907772348
825107,198253.56907772348
825186,198253.56907772348
825386,198253.56907772348
825462,198253.56907772348
825470,198253.56907772348
825472,198253.56907772348
825473,198253.56907772348
825700,198253.56907772348
825862,198253.56907772348
825950,198253.56907772348
826171,198253.56907772348
826173,198253.56907772348
826309,198253.56907772348
826322,198253.56907772348
826408,198253.56907772348
826453,198253.56907772348
826522,198253.56907772348
826555,198253.56907772348
826607,198253.56907772348
826650,198253.56907772348
826863,198253.56907772348
826864,198253.56907772348
826881,198253.56907772348
826893,198253.56907772348
826896,198253.56907772348
826968,198253.56907772348
826977,198253.56907772348
827191,198253.56907772348
827214,198253.56907772348
827230,198253.56907772348
827234,198253.56907772348
827325,198253.56907772348
827359,198253.56907772348
827399,198253.56907772348
827481,198253.56907772348
827619,198253.56907772348
827688,198253.56907772348
827711,198253.56907772348
827954,198253.56907772348
828025,198253.56907772348
828031,198253.56907772348
828082,198253.56907772348
828144,198253.56907772348
828174,198253.56907772348
828265,198253.56907772348
828273,198253.56907772348
828285,198253.56907772348
828351,198253.56907772348
828477,198253.56907772348
828604,198253.56907772348
828623,198253.56907772348
828718,198253.56907772348
828750,198253.56907772348
828793,198253.56907772348
828812,198253.56907772348
828827,198253.56907772348
828862,198253.56907772348
828965,198253.56907772348
829067,198253.56907772348
829087,198253.56907772348
829171,198253.56907772348
829240,198253.56907772348
829278,198253.56907772348
829282,198253.56907772348
829293,198253.56907772348
829295,198253.56907772348
829318,198253.56907772348
829322,198253.56907772348
829336,198253.56907772348
829344,198253.56907772348
829351,198253.56907772348
829359,198253.56907772348
829367,198253.56907772348
829372,198253.56907772348
829378,198253.56907772348
829383,198253.56907772348
829389,198253.56907772348
829390,198253.56907772348
829395,198253.56907772348
829413,198253.56907772348
829417,198253.56907772348
829419,198253.56907772348
829599,198253.56907772348
829600,198253.56907772348
829612,198253.56907772348
829673,198253.56907772348
829767,198253.56907772348
829883,198253.56907772348
829947,198253.56907772348
830002,198253.56907772348
830122,198253.56907772348
830143,198253.56907772348
830151,198253.56907772348
830160,198253.56907772348
830199,198253.56907772348
830245,198253.56907772348
830262,198253.56907772348
830265,198253.56907772348
830279,198253.56907772348
830280,198253.56907772348
830333,198253.56907772348
830384,198253.56907772348
830410,198253.56907772348
830446,198253.56907772348
830448,198253.56907772348
830535,198253.56907772348
830581,198253.56907772348
830587,198253.56907772348
830702,198253.56907772348
830731,198253.56907772348
830739,198253.56907772348
830764,198253.56907772348
830772,198253.56907772348
830774,198253.56907772348
830971,198253.56907772348
831037,198253.56907772348
831091,198253.56907772348
831105,198253.56907772348
831106,198253.56907772348
831112,198253.56907772348
831247,198253.56907772348
831261,198253.56907772348
831269,198253.56907772348
831321,198253.56907772348
831459,198253.56907772348
831529,198253.56907772348
831628,198253.56907772348
831792,198253.56907772348
831881,198253.56907772348
831882,198253.56907772348
831883,198253.56907772348
831884,198253.56907772348
831910,198253.56907772348
831944,198253.56907772348
831946,198253.56907772348
831947,198253.56907772348
831949,198253.56907772348
831950,198253.56907772348
831960,198253.56907772348
831961,198253.56907772348
831974,198253.56907772348
832022,198253.56907772348
832156,198253.56907772348
832213,198253.56907772348
832254,198253.56907772348
832261,198253.56907772348
832343,198253.56907772348
832367,198253.56907772348
832436,198253.56907772348
832439,198253.56907772348
832460,198253.56907772348
832470,198253.56907772348
832511,198253.56907772348
832513,198253.56907772348
832624,198253.56907772348
832707,198253.56907772348
832726,198253.56907772348
832780,198253.56907772348
832924,198253.56907772348
832953,198253.56907772348
833013,198253.56907772348
833045,198253.56907772348
833051,198253.56907772348
833052,198253.56907772348
833055,198253.56907772348
833056,198253.56907772348
833057,198253.56907772348
833058,198253.56907772348
833091,198253.56907772348
833216,198253.56907772348
833233,198253.56907772348
833350,198253.56907772348
833459,198253.56907772348
833510,198253.56907772348
833525,198253.56907772348
833527,198253.56907772348
833554,198253.56907772348
833634,198253.56907772348
833668,198253.56907772348
833688,198253.56907772348
833789,198253.56907772348
833827,198253.56907772348
833846,198253.56907772348
833858,198253.56907772348
833886,198253.56907772348
833925,198253.56907772348
833968,198253.56907772348
834026,198253.56907772348
834042,198253.56907772348
834049,198253.56907772348
834113,198253.56907772348
834265,198253.56907772348
834280,198253.56907772348
834315,198253.56907772348
834335,198253.56907772348
834341,198253.56907772348
834343,198253.56907772348
834348,198253.56907772348
834350,198253.56907772348
834391,198253.56907772348
834443,198253.56907772348
834451,198253.56907772348
834514,198253.56907772348
834613,198253.56907772348
834616,198253.56907772348
834623,198253.56907772348
834662,198253.56907772348
834702,198253.56907772348
834746,198253.56907772348
834751,198253.56907772348
834764,198253.56907772348
834785,198253.56907772348
834788,198253.56907772348
834836,198253.56907772348
834858,198253.56907772348
834903,198253.56907772348
834917,198253.56907772348
834959,198253.56907772348
835037,198253.56907772348
835090,198253.56907772348
835122,198253.56907772348
835129,198253.56907772348
835137,198253.56907772348
835262,198253.56907772348
835290,198253.56907772348
835307,198253.56907772348
835336,198253.56907772348
835361,198253.56907772348
835388,198253.56907772348
835459,198253.56907772348
835465,198253.56907772348
835522,198253.56907772348
835523,198253.56907772348
835635,198253.56907772348
835651,198253.56907772348
835661,198253.56907772348
835673,198253.56907772348
835692,198253.56907772348
835759,198253.56907772348
835813,198253.56907772348
835814,198253.56907772348
835816,198253.56907772348
835884,198253.56907772348
835965,198253.56907772348
836013,198253.56907772348
836041,198253.56907772348
836103,198253.56907772348
836173,198253.56907772348
836254,198253.56907772348
836316,198253.56907772348
836341,198253.56907772348
836417,198253.56907772348
836550,198253.56907772348
836555,198253.56907772348
836556,198253.56907772348
836559,198253.56907772348
836561,198253.56907772348
836562,198253.56907772348
836563,198253.56907772348
836564,198253.56907772348
836566,198253.56907772348
836735,198253.56907772348
836782,198253.56907772348
836821,198253.56907772348
837005,198253.56907772348
837092,198253.56907772348
837095,198253.56907772348
837197,198253.56907772348
837467,198253.56907772348
837506,198253.56907772348
837521,198253.56907772348
837550,198253.56907772348
837592,198253.56907772348
837618,198253.56907772348
837632,198253.56907772348
837642,198253.56907772348
837658,198253.56907772348
837769,198253.56907772348
837779,198253.56907772348
837784,198253.56907772348
837831,198253.56907772348
837832,198253.56907772348
837836,198253.56907772348
837961,198253.56907772348
838054,198253.56907772348
838186,198253.56907772348
838254,198253.56907772348
838257,198253.56907772348
838287,198253.56907772348
838374,198253.56907772348
838443,198253.56907772348
838471,198253.56907772348
838609,198253.56907772348
838636,198253.56907772348
838681,198253.56907772348
838696,198253.56907772348
838729,198253.56907772348
838745,198253.56907772348
838778,198253.56907772348
838834,198253.56907772348
838840,198253.56907772348
839042,198253.56907772348
839134,198253.56907772348
839179,198253.56907772348
839299,198253.56907772348
839328,198253.56907772348
839358,198253.56907772348
839379,198253.56907772348
839481,198253.56907772348
839688,198253.56907772348
839804,198253.56907772348
839807,198253.56907772348
839857,198253.56907772348
839875,198253.56907772348
839896,198253.56907772348
839906,198253.56907772348
839907,198253.56907772348
839912,198253.56907772348
839923,198253.56907772348
839964,198253.56907772348
840015,198253.56907772348
840075,198253.56907772348
840137,198253.56907772348
840187,198253.56907772348
840267,198253.56907772348
840277,198253.56907772348
840279,198253.56907772348
840282,198253.56907772348
840284,198253.56907772348
840287,198253.56907772348
840313,198253.56907772348
840333,198253.56907772348
840334,198253.56907772348
840337,198253.56907772348
840425,198253.56907772348
840558,198253.56907772348
840569,198253.56907772348
840632,198253.56907772348
840829,198253.56907772348
840859,198253.56907772348
840895,198253.56907772348
840951,198253.56907772348
841008,198253.56907772348
841041,198253.56907772348
841075,198253.56907772348
841077,198253.56907772348
841273,198253.56907772348
841289,198253.56907772348
841313,198253.56907772348
841337,198253.56907772348
841354,198253.56907772348
841376,198253.56907772348
841400,198253.56907772348
841446,198253.56907772348
841484,198253.56907772348
841515,198253.56907772348
841521,198253.56907772348
841536,198253.56907772348
841557,198253.56907772348
841585,198253.56907772348
841696,198253.56907772348
841763,198253.56907772348
841803,198253.56907772348
841851,198253.56907772348
841869,198253.56907772348
841984,198253.56907772348
842034,198253.56907772348
842041,198253.56907772348
842044,198253.56907772348
842056,198253.56907772348
842219,198253.56907772348
842222,198253.56907772348
842243,198253.56907772348
842245,198253.56907772348
842350,198253.56907772348
842357,198253.56907772348
842459,198253.56907772348
842460,198253.56907772348
842623,198253.56907772348
842624,198253.56907772348
842791,198253.56907772348
842797,198253.56907772348
842808,198253.56907772348
842868,198253.56907772348
842953,198253.56907772348
842960,198253.56907772348
843026,198253.56907772348
843041,198253.56907772348
843066,198253.56907772348
843070,198253.56907772348
843072,198253.56907772348
843183,198253.56907772348
843192,198253.56907772348
843194,198253.56907772348
843197,198253.56907772348
843201,198253.56907772348
843205,198253.56907772348
843339,198253.56907772348
843353,198253.56907772348
843397,198253.56907772348
843417,198253.56907772348
843468,198253.56907772348
843471,198253.56907772348
843505,198253.56907772348
843512,198253.56907772348
843536,198253.56907772348
843564,198253.56907772348
843575,198253.56907772348
843622,198253.56907772348
843737,198253.56907772348
843742,198253.56907772348
843767,198253.56907772348
843770,198253.56907772348
843784,198253.56907772348
843794,198253.56907772348
843797,198253.56907772348
843906,198253.56907772348
843914,198253.56907772348
843942,198253.56907772348
843943,198253.56907772348
843979,198253.56907772348
843980,198253.56907772348
843993,198253.56907772348
844008,198253.56907772348
844035,198253.56907772348
844085,198253.56907772348
844097,198253.56907772348
844104,198253.56907772348
844109,198253.56907772348
844110,198253.56907772348
844126,198253.56907772348
844162,198253.56907772348
844165,198253.56907772348
844198,198253.56907772348
844211,198253.56907772348
844233,198253.56907772348
844310,198253.56907772348
844316,198253.56907772348
844329,198253.56907772348
844338,198253.56907772348
844468,198253.56907772348
844503,198253.56907772348
844536,198253.56907772348
844539,198253.56907772348
844564,198253.56907772348
844590,198253.56907772348
844617,198253.56907772348
844640,198253.56907772348
844716,198253.56907772348
844747,198253.56907772348
844748,198253.56907772348
844755,198253.56907772348
844762,198253.56907772348
844789,198253.56907772348
844804,198253.56907772348
844846,198253.56907772348
844847,198253.56907772348
844849,198253.56907772348
844855,198253.56907772348
844856,198253.56907772348
844857,198253.56907772348
844862,198253.56907772348
844886,198253.56907772348
844915,198253.56907772348
844925,198253.56907772348
844991,198253.56907772348
844993,198253.56907772348
845024,198253.56907772348
845033,198253.56907772348
845082,198253.56907772348
845083,198253.56907772348
845096,198253.56907772348
845106,198253.56907772348
845107,198253.56907772348
845121,198253.56907772348
845124,198253.56907772348
845155,198253.56907772348
845166,198253.56907772348
845183,198253.56907772348
845217,198253.56907772348
845244,198253.56907772348
845251,198253.56907772348
845344,198253.56907772348
845370,198253.56907772348
845397,198253.56907772348
845405,198253.56907772348
845471,198253.56907772348
845486,198253.56907772348
845528,198253.56907772348
845534,198253.56907772348
845545,198253.56907772348
845594,198253.56907772348
845685,198253.56907772348
845705,198253.56907772348
845720,198253.56907772348
845802,198253.56907772348
845879,198253.56907772348
845943,198253.56907772348
845962,198253.56907772348
846140,198253.56907772348
846147,198253.56907772348
846152,198253.56907772348
846284,198253.56907772348
846499,198253.56907772348
846556,198253.56907772348
846559,198253.56907772348
846573,198253.56907772348
846575,198253.56907772348
846768,198253.56907772348
846871,198253.56907772348
846968,198253.56907772348
847095,198253.56907772348
847100,198253.56907772348
847161,198253.56907772348
847191,198253.56907772348
847227,198253.56907772348
847230,198253.56907772348
847306,198253.56907772348
847476,198253.56907772348
847537,198253.56907772348
847657,198253.56907772348
847727,198253.56907772348
847766,198253.56907772348
847773,198253.56907772348
847809,198253.56907772348
847861,198253.56907772348
847892,198253.56907772348
847917,198253.56907772348
847950,198253.56907772348
848039,198253.56907772348
848093,198253.56907772348
848095,198253.56907772348
848112,198253.56907772348
848157,198253.56907772348
848164,198253.56907772348
848302,198253.56907772348
848330,198253.56907772348
848365,198253.56907772348
848375,198253.56907772348
848386,198253.56907772348
848437,198253.56907772348
848493,198253.56907772348
848543,198253.56907772348
848549,198253.56907772348
848623,198253.56907772348
848661,198253.56907772348
848707,198253.56907772348
848775,198253.56907772348
848843,198253.56907772348
848978,198253.56907772348
848989,198253.56907772348
849002,198253.56907772348
849024,198253.56907772348
849047,198253.56907772348
849062,198253.56907772348
849064,198253.56907772348
936612,198253.56907772348
936685,198253.56907772348
936696,198253.56907772348
936725,198253.56907772348
936735,198253.56907772348
936772,198253.56907772348
936806,198253.56907772348
936808,198253.56907772348
936854,198253.56907772348
936871,198253.56907772348
936899,198253.56907772348
936915,198253.56907772348
936923,198253.56907772348
936950,198253.56907772348
936973,198253.56907772348
937001,198253.56907772348
937003,198253.56907772348
937056,198253.56907772348
937090,198253.56907772348
937110,198253.56907772348
937130,198253.56907772348
937183,198253.56907772348
937255,198253.56907772348
937276,198253.56907772348
937318,198253.56907772348
937335,198253.56907772348
937337,198253.56907772348
937358,198253.56907772348
937360,198253.56907772348
937362,198253.56907772348
937390,198253.56907772348
937462,198253.56907772348
937472,198253.56907772348
937477,198253.56907772348
937493,198253.56907772348
937518,198253.56907772348
937519,198253.56907772348
937555,198253.56907772348
937658,198253.56907772348
937662,198253.56907772348
937663,198253.56907772348
937665,198253.56907772348
937676,198253.56907772348
937694,198253.56907772348
937735,198253.56907772348
937740,198253.56907772348
937751,198253.56907772348
937776,198253.56907772348
937780,198253.56907772348
937812,198253.56907772348
937813,198253.56907772348
937943,198253.56907772348
938043,198253.56907772348
938056,198253.56907772348
938064,198253.56907772348
938068,198253.56907772348
938080,198253.56907772348
938114,198253.56907772348
938187,198253.56907772348
938204,198253.56907772348
938206,198253.56907772348
938209,198253.56907772348
938212,198253.56907772348
938232,198253.56907772348
938233,198253.56907772348
938349,198253.56907772348
938350,198253.56907772348
938351,198253.56907772348
938354,198253.56907772348
938361,198253.56907772348
938362,198253.56907772348
938363,198253.56907772348
938433,198253.56907772348
938579,198253.56907772348
938635,198253.56907772348
938636,198253.56907772348
938637,198253.56907772348
938639,198253.56907772348
938651,198253.56907772348
938670,198253.56907772348
938703,198253.56907772348
938705,198253.56907772348
938715,198253.56907772348
938733,198253.56907772348
938812,198253.56907772348
938814,198253.56907772348
938894,198253.56907772348
938913,198253.56907772348
938938,198253.56907772348
938957,198253.56907772348
938990,198253.56907772348
939010,198253.56907772348
939028,198253.56907772348
939075,198253.56907772348
939121,198253.56907772348
939133,198253.56907772348
939146,198253.56907772348
939224,198253.56907772348
939227,198253.56907772348
939256,198253.56907772348
939297,198253.56907772348
939305,198253.56907772348
939310,198253.56907772348
939349,198253.56907772348
939360,198253.56907772348
939392,198253.56907772348
939400,198253.56907772348
939409,198253.56907772348
939411,198253.56907772348
939414,198253.56907772348
939420,198253.56907772348
939421,198253.56907772348
939438,198253.56907772348
939494,198253.56907772348
939496,198253.56907772348
939497,198253.56907772348
939501,198253.56907772348
939587,198253.56907772348
939589,198253.56907772348
939629,198253.56907772348
939636,198253.56907772348
939645,198253.56907772348
939650,198253.56907772348
939666,198253.56907772348
939669,198253.56907772348
939711,198253.56907772348
939877,198253.56907772348
939886,198253.56907772348
939890,198253.56907772348
939892,198253.56907772348
939905,198253.56907772348
939930,198253.56907772348
939935,198253.56907772348
939960,198253.56907772348
939964,198253.56907772348
939970,198253.56907772348
940066,198253.56907772348
940094,198253.56907772348
940095,198253.56907772348
940096,198253.56907772348
940118,198253.56907772348
940138,198253.56907772348
940168,198253.56907772348
940172,198253.56907772348
940240,198253.56907772348
940262,198253.56907772348
940282,198253.56907772348
940283,198253.56907772348
940336,198253.56907772348
940389,198253.56907772348
940487,198253.56907772348
940552,198253.56907772348
940571,198253.56907772348
940579,198253.56907772348
940602,198253.56907772348
940627,198253.56907772348
940735,198253.56907772348
940740,198253.56907772348
940742,198253.56907772348
940767,198253.56907772348
940788,198253.56907772348
940807,198253.56907772348
940855,198253.56907772348
940868,198253.56907772348
940875,198253.56907772348
940876,198253.56907772348
940890,198253.56907772348
940950,198253.56907772348
941026,198253.56907772348
941059,198253.56907772348
941089,198253.56907772348
941112,198253.56907772348
941121,198253.56907772348
941123,198253.56907772348
941146,198253.56907772348
941344,198253.56907772348
941346,198253.56907772348
941369,198253.56907772348
941370,198253.56907772348
941373,198253.56907772348
941384,198253.56907772348
941500,198253.56907772348
941524,198253.56907772348
941554,198253.56907772348
941713,198253.56907772348
941780,198253.56907772348
941782,198253.56907772348
941786,198253.56907772348
941790,198253.56907772348
941791,198253.56907772348
941792,198253.56907772348
941793,198253.56907772348
941797,198253.56907772348
941798,198253.56907772348
941801,198253.56907772348
941810,198253.56907772348
941826,198253.56907772348
941843,198253.56907772348
941862,198253.56907772348
941864,198253.56907772348
941867,198253.56907772348
941875,198253.56907772348
941876,198253.56907772348
941881,198253.56907772348
941883,198253.56907772348
941884,198253.56907772348
941891,198253.56907772348
941919,198253.56907772348
941959,198253.56907772348
942057,198253.56907772348
942070,198253.56907772348
942098,198253.56907772348
942103,198253.56907772348
942105,198253.56907772348
942106,198253.56907772348
942109,198253.56907772348
942111,198253.56907772348
942113,198253.56907772348
942115,198253.56907772348
942116,198253.56907772348
942130,198253.56907772348
942139,198253.56907772348
942145,198253.56907772348
942168,198253.56907772348
942177,198253.56907772348
942181,198253.56907772348
942196,198253.56907772348
942210,198253.56907772348
942217,198253.56907772348
942275,198253.56907772348
942370,198253.56907772348
942375,198253.56907772348
942383,198253.56907772348
942415,198253.56907772348
942422,198253.56907772348
942463,198253.56907772348
942469,198253.56907772348
942480,198253.56907772348
942488,198253.56907772348
942583,198253.56907772348
942628,198253.56907772348
942635,198253.56907772348
942636,198253.56907772348
942651,198253.56907772348
942653,198253.56907772348
942655,198253.56907772348
942657,198253.56907772348
942741,198253.56907772348
942753,198253.56907772348
942779,198253.56907772348
942802,198253.56907772348
942843,198253.56907772348
942844,198253.56907772348
942890,198253.56907772348
942964,198253.56907772348
942968,198253.56907772348
942969,198253.56907772348
942985,198253.56907772348
942989,198253.56907772348
942990,198253.56907772348
943022,198253.56907772348
943032,198253.56907772348
943039,198253.56907772348
943044,198253.56907772348
943112,198253.56907772348
943140,198253.56907772348
943141,198253.56907772348
943143,198253.56907772348
943145,198253.56907772348
943149,198253.56907772348
943167,198253.56907772348
943193,198253.56907772348
943238,198253.56907772348
943352,198253.56907772348
943368,198253.56907772348
943373,198253.56907772348
943397,198253.56907772348
943398,198253.56907772348
943402,198253.56907772348
943412,198253.56907772348
943473,198253.56907772348
943478,198253.56907772348
943482,198253.56907772348
943484,198253.56907772348
943489,198253.56907772348
943497,198253.56907772348
943503,198253.56907772348
943504,198253.56907772348
943505,198253.56907772348
943592,198253.56907772348
943684,198253.56907772348
943693,198253.56907772348
943696,198253.56907772348
943698,198253.56907772348
943699,198253.56907772348
943750,198253.56907772348
943756,198253.56907772348
943782,198253.56907772348
943783,198253.56907772348
943810,198253.56907772348
943821,198253.56907772348
943822,198253.56907772348
943872,198253.56907772348
943889,198253.56907772348
943928,198253.56907772348
943939,198253.56907772348
943944,198253.56907772348
943953,198253.56907772348
943954,198253.56907772348
943955,198253.56907772348
943960,198253.56907772348
943964,198253.56907772348
943968,198253.56907772348
943969,198253.56907772348
943985,198253.56907772348
944000,198253.56907772348
944002,198253.56907772348
944018,198253.56907772348
944025,198253.56907772348
944030,198253.56907772348
944101,198253.56907772348
944105,198253.56907772348
944256,198253.56907772348
944265,198253.56907772348
944289,198253.56907772348
944295,198253.56907772348
944305,198253.56907772348
944306,198253.56907772348
944312,198253.56907772348
944341,198253.56907772348
944342,198253.56907772348
944347,198253.56907772348
944360,198253.56907772348
944384,198253.56907772348
944425,198253.56907772348
944434,198253.56907772348
944435,198253.56907772348
944436,198253.56907772348
944442,198253.56907772348
944552,198253.56907772348
944568,198253.56907772348
944662,198253.56907772348
944671,198253.56907772348
944683,198253.56907772348
944887,198253.56907772348
944902,198253.56907772348
944906,198253.56907772348
944913,198253.56907772348
944921,198253.56907772348
944935,198253.56907772348
944942,198253.56907772348
944943,198253.56907772348
944955,198253.56907772348
944967,198253.56907772348
945015,198253.56907772348
945046,198253.56907772348
945082,198253.56907772348
945116,198253.56907772348
945151,198253.56907772348
945180,198253.56907772348
945181,198253.56907772348
945182,198253.56907772348
945273,198253.56907772348
945283,198253.56907772348
945305,198253.56907772348
945332,198253.56907772348
945388,198253.56907772348
945444,198253.56907772348
945448,198253.56907772348
945453,198253.56907772348
945454,198253.56907772348
945470,198253.56907772348
945495,198253.56907772348
945498,198253.56907772348
945505,198253.56907772348
945513,198253.56907772348
945554,198253.56907772348
945590,198253.56907772348
945627,198253.56907772348
945628,198253.56907772348
945629,198253.56907772348
945630,198253.56907772348
945749,198253.56907772348
945790,198253.56907772348
945801,198253.56907772348
945838,198253.56907772348
945839,198253.56907772348
945840,198253.56907772348
945843,198253.56907772348
945880,198253.56907772348
945900,198253.56907772348
945901,198253.56907772348
945902,198253.56907772348
945903,198253.56907772348
945940,198253.56907772348
945942,198253.56907772348
945945,198253.56907772348
945946,198253.56907772348
945952,198253.56907772348
945965,198253.56907772348
945967,198253.56907772348
945997,198253.56907772348
945998,198253.56907772348
946016,198253.56907772348
946307,198253.56907772348
946318,198253.56907772348
946327,198253.56907772348
946351,198253.56907772348
946358,198253.56907772348
946373,198253.56907772348
946376,198253.56907772348
946385,198253.56907772348
946386,198253.56907772348
946397,198253.56907772348
946398,198253.56907772348
946401,198253.56907772348
946403,198253.56907772348
946433,198253.56907772348
946446,198253.56907772348
946447,198253.56907772348
946448,198253.56907772348
946462,198253.56907772348
946463,198253.56907772348
946492,198253.56907772348
946496,198253.56907772348
946540,198253.56907772348
946541,198253.56907772348
946591,198253.56907772348
946601,198253.56907772348
946638,198253.56907772348
946640,198253.56907772348
946653,198253.56907772348
946678,198253.56907772348
946687,198253.56907772348
946688,198253.56907772348
946689,198253.56907772348
946716,198253.56907772348
946732,198253.56907772348
946738,198253.56907772348
946746,198253.56907772348
946779,198253.56907772348
946784,198253.56907772348
946788,198253.56907772348
946820,198253.56907772348
946836,198253.56907772348
946870,198253.56907772348
946873,198253.56907772348
946896,198253.56907772348
946944,198253.56907772348
946972,198253.56907772348
946973,198253.56907772348
947007,198253.56907772348
947031,198253.56907772348
947057,198253.56907772348
947141,198253.56907772348
947176,198253.56907772348
947187,198253.56907772348
947206,198253.56907772348
947216,198253.56907772348
947274,198253.56907772348
947300,198253.56907772348
947332,198253.56907772348
947383,198253.56907772348
947395,198253.56907772348
947405,198253.56907772348
947436,198253.56907772348
947473,198253.56907772348
947495,198253.56907772348
947530,198253.56907772348
947537,198253.56907772348
947552,198253.56907772348
947564,198253.56907772348
947584,198253.56907772348
947625,198253.56907772348
947677,198253.56907772348
947689,198253.56907772348
947698,198253.56907772348
947699,198253.56907772348
947700,198253.56907772348
947701,198253.56907772348
947702,198253.56907772348
947725,198253.56907772348
947743,198253.56907772348
947833,198253.56907772348
947872,198253.56907772348
947881,198253.56907772348
947930,198253.56907772348
947977,198253.56907772348
948034,198253.56907772348
948036,198253.56907772348
948039,198253.56907772348
948066,198253.56907772348
948107,198253.56907772348
948115,198253.56907772348
948121,198253.56907772348
948137,198253.56907772348
948148,198253.56907772348
948306,198253.56907772348
948339,198253.56907772348
948361,198253.56907772348
948386,198253.56907772348
948387,198253.56907772348
948388,198253.56907772348
948423,198253.56907772348
948470,198253.56907772348
948479,198253.56907772348
948484,198253.56907772348
948486,198253.56907772348
948598,198253.56907772348
948607,198253.56907772348
948629,198253.56907772348
948630,198253.56907772348
948631,198253.56907772348
948632,198253.56907772348
948633,198253.56907772348
948641,198253.56907772348
948643,198253.56907772348
948651,198253.56907772348
948652,198253.56907772348
948675,198253.56907772348
948740,198253.56907772348
948743,198253.56907772348
948744,198253.56907772348
948745,198253.56907772348
948774,198253.56907772348
948789,198253.56907772348
948807,198253.56907772348
948808,198253.56907772348
948809,198253.56907772348
948813,198253.56907772348
948816,198253.56907772348
948819,198253.56907772348
948830,198253.56907772348
948870,198253.56907772348
948912,198253.56907772348
948941,198253.56907772348
949105,198253.56907772348
949143,198253.56907772348
949144,198253.56907772348
949147,198253.56907772348
949248,198253.56907772348
949250,198253.56907772348
949278,198253.56907772348
949283,198253.56907772348
949293,198253.56907772348
949340,198253.56907772348
949379,198253.56907772348
949426,198253.56907772348
949427,198253.56907772348
949428,198253.56907772348
949431,198253.56907772348
949443,198253.56907772348
949474,198253.56907772348
949492,198253.56907772348
949501,198253.56907772348
949517,198253.56907772348
949518,198253.56907772348
949519,198253.56907772348
949529,198253.56907772348
949544,198253.56907772348
949545,198253.56907772348
949584,198253.56907772348
949592,198253.56907772348
949593,198253.56907772348
949627,198253.56907772348
949651,198253.56907772348
949661,198253.56907772348
949762,198253.56907772348
949815,198253.56907772348
949827,198253.56907772348
949858,198253.56907772348
949933,198253.56907772348
949934,198253.56907772348
949943,198253.56907772348
949960,198253.56907772348
950036,198253.56907772348
950037,198253.56907772348
950038,198253.56907772348
950039,198253.56907772348
950044,198253.56907772348
950060,198253.56907772348
950088,198253.56907772348
950194,198253.56907772348
950227,198253.56907772348
950234,198253.56907772348
950303,198253.56907772348
950339,198253.56907772348
950374,198253.56907772348
950378,198253.56907772348
950382,198253.56907772348
950385,198253.56907772348
950489,198253.56907772348
950576,198253.56907772348
950581,198253.56907772348
950583,198253.56907772348
950584,198253.56907772348
950585,198253.56907772348
950607,198253.56907772348
950630,198253.56907772348
950634,198253.56907772348
950664,198253.56907772348
950671,198253.56907772348
950686,198253.56907772348
950746,198253.56907772348
950751,198253.56907772348
950916,198253.56907772348
951001,198253.56907772348
951065,198253.56907772348
951129,198253.56907772348
951162,198253.56907772348
951195,198253.56907772348
951200,198253.56907772348
951201,198253.56907772348
951405,198253.56907772348
951412,198253.56907772348
951454,198253.56907772348
951460,198253.56907772348
951463,198253.56907772348
951471,198253.56907772348
951553,198253.56907772348
951564,198253.56907772348
951646,198253.56907772348
951663,198253.56907772348
951687,198253.56907772348
951692,198253.56907772348
951704,198253.56907772348
951780,198253.56907772348
951782,198253.56907772348
951915,198253.56907772348
951963,198253.56907772348
951975,198253.56907772348
951988,198253.56907772348
952013,198253.56907772348
952025,198253.56907772348
952036,198253.56907772348
952096,198253.56907772348
952268,198253.56907772348
952271,198253.56907772348
952273,198253.56907772348
952448,198253.56907772348
952466,198253.56907772348
952537,198253.56907772348
952541,198253.56907772348
952545,198253.56907772348
952546,198253.56907772348
952566,198253.56907772348
952651,198253.56907772348
952689,198253.56907772348
952699,198253.56907772348
952773,198253.56907772348
952778,198253.56907772348
952818,198253.56907772348
952900,198253.56907772348
952916,198253.56907772348
953005,198253.56907772348
953024,198253.56907772348
953047,198253.56907772348
953057,198253.56907772348
953161,198253.56907772348
953163,198253.56907772348
953176,198253.56907772348
953177,198253.56907772348
953181,198253.56907772348
953182,198253.56907772348
953227,198253.56907772348
953228,198253.56907772348
953237,198253.56907772348
953293,198253.56907772348
953325,198253.56907772348
953326,198253.56907772348
953330,198253.56907772348
953375,198253.56907772348
953481,198253.56907772348
953486,198253.56907772348
953512,198253.56907772348
953552,198253.56907772348
953564,198253.56907772348
953626,198253.56907772348
953702,198253.56907772348
953744,198253.56907772348
953778,198253.56907772348
953795,198253.56907772348
953797,198253.56907772348
953857,198253.56907772348
953894,198253.56907772348
953920,198253.56907772348
953922,198253.56907772348
953931,198253.56907772348
953965,198253.56907772348
954066,198253.56907772348
954138,198253.56907772348
954190,198253.56907772348
954216,198253.56907772348
954292,198253.56907772348
954302,198253.56907772348
954319,198253.56907772348
954351,198253.56907772348
954413,198253.56907772348
954419,198253.56907772348
954452,198253.56907772348
954503,198253.56907772348
954505,198253.56907772348
954535,198253.56907772348
954548,198253.56907772348
954563,198253.56907772348
954578,198253.56907772348
954584,198253.56907772348
954608,198253.56907772348
954615,198253.56907772348
954627,198253.56907772348
954649,198253.56907772348
954700,198253.56907772348
954717,198253.56907772348
954721,198253.56907772348
954735,198253.56907772348
954747,198253.56907772348
954762,198253.56907772348
954787,198253.56907772348
954809,198253.56907772348
954828,198253.56907772348
954831,198253.56907772348
954867,198253.56907772348
954868,198253.56907772348
954880,198253.56907772348
954892,198253.56907772348
954911,198253.56907772348
954926,198253.56907772348
954928,198253.56907772348
954955,198253.56907772348
954963,198253.56907772348
954972,198253.56907772348
954992,198253.56907772348
955082,198253.56907772348
955110,198253.56907772348
955132,198253.56907772348
955142,198253.56907772348
955152,198253.56907772348
955153,198253.56907772348
955160,198253.56907772348
955162,198253.56907772348
955164,198253.56907772348
955189,198253.56907772348
955190,198253.56907772348
955207,198253.56907772348
955287,198253.56907772348
955308,198253.56907772348
955309,198253.56907772348
955361,198253.56907772348
955376,198253.56907772348
955429,198253.56907772348
955444,198253.56907772348
955445,198253.56907772348
955456,198253.56907772348
955502,198253.56907772348
955525,198253.56907772348
955528,198253.56907772348
955541,198253.56907772348
955557,198253.56907772348
955562,198253.56907772348
955575,198253.56907772348
955601,198253.56907772348
955609,198253.56907772348
955639,198253.56907772348
955664,198253.56907772348
955682,198253.56907772348
955700,198253.56907772348
955727,198253.56907772348
955782,198253.56907772348
955786,198253.56907772348
955801,198253.56907772348
955815,198253.56907772348
955864,198253.56907772348
955926,198253.56907772348
955932,198253.56907772348
955939,198253.56907772348
955961,198253.56907772348
955974,198253.56907772348
955994,198253.56907772348
956001,198253.56907772348
956005,198253.56907772348
956031,198253.56907772348
956035,198253.56907772348
956036,198253.56907772348
956038,198253.56907772348
956042,198253.56907772348
956044,198253.56907772348
956046,198253.56907772348
956050,198253.56907772348
956051,198253.56907772348
956130,198253.56907772348
956137,198253.56907772348
956144,198253.56907772348
956156,198253.56907772348
956187,198253.56907772348
956223,198253.56907772348
956246,198253.56907772348
956263,198253.56907772348
956304,198253.56907772348
956308,198253.56907772348
956488,198253.56907772348
956523,198253.56907772348
956535,198253.56907772348
956556,198253.56907772348
956558,198253.56907772348
956600,198253.56907772348
956627,198253.56907772348
956631,198253.56907772348
956661,198253.56907772348
956687,198253.56907772348
956694,198253.56907772348
956767,198253.56907772348
956774,198253.56907772348
956907,198253.56907772348
956962,198253.56907772348
956966,198253.56907772348
957053,198253.56907772348
957065,198253.56907772348
957149,198253.56907772348
957192,198253.56907772348
957242,198253.56907772348
957408,198253.56907772348
957420,198253.56907772348
957421,198253.56907772348
957444,198253.56907772348
957446,198253.56907772348
957539,198253.56907772348
957550,198253.56907772348
957566,198253.56907772348
957573,198253.56907772348
957608,198253.56907772348
957648,198253.56907772348
957674,198253.56907772348
957675,198253.56907772348
957676,198253.56907772348
957679,198253.56907772348
957684,198253.56907772348
957685,198253.56907772348
957687,198253.56907772348
957699,198253.56907772348
957708,198253.56907772348
957709,198253.56907772348
957720,198253.56907772348
957724,198253.56907772348
957725,198253.56907772348
957749,198253.56907772348
957758,198253.56907772348
957793,198253.56907772348
957840,198253.56907772348
957852,198253.56907772348
957875,198253.56907772348
957955,198253.56907772348
957967,198253.56907772348
957971,198253.56907772348
957987,198253.56907772348
958016,198253.56907772348
958019,198253.56907772348
958038,198253.56907772348
958045,198253.56907772348
958063,198253.56907772348
958116,198253.56907772348
958119,198253.56907772348
958190,198253.56907772348
958198,198253.56907772348
958259,198253.56907772348
958270,198253.56907772348
958285,198253.56907772348
958288,198253.56907772348
958345,198253.56907772348
958383,198253.56907772348
958422,198253.56907772348
958425,198253.56907772348
958428,198253.56907772348
958430,198253.56907772348
958447,198253.56907772348
958454,198253.56907772348
958455,198253.56907772348
958456,198253.56907772348
958493,198253.56907772348
958512,198253.56907772348
958516,198253.56907772348
958517,198253.56907772348
958519,198253.56907772348
958526,198253.56907772348
958527,198253.56907772348
958533,198253.56907772348
958535,198253.56907772348
958538,198253.56907772348
958565,198253.56907772348
958569,198253.56907772348
958570,198253.56907772348
958572,198253.56907772348
958601,198253.56907772348
958657,198253.56907772348
958666,198253.56907772348
958667,198253.56907772348
958671,198253.56907772348
958675,198253.56907772348
958676,198253.56907772348
958679,198253.56907772348
958693,198253.56907772348
958694,198253.56907772348
958697,198253.56907772348
958698,198253.56907772348
958705,198253.56907772348
958707,198253.56907772348
958770,198253.56907772348
958783,198253.56907772348
958791,198253.56907772348
958792,198253.56907772348
958793,198253.56907772348
958797,198253.56907772348
958799,198253.56907772348
958831,198253.56907772348
958839,198253.56907772348
958896,198253.56907772348
958898,198253.56907772348
958985,198253.56907772348
959021,198253.56907772348
959030,198253.56907772348
959031,198253.56907772348
959060,198253.56907772348
959112,198253.56907772348
959114,198253.56907772348
959117,198253.56907772348
959118,198253.56907772348
959121,198253.56907772348
959122,198253.56907772348
959123,198253.56907772348
959124,198253.56907772348
959125,198253.56907772348
959126,198253.56907772348
959128,198253.56907772348
959129,198253.56907772348
959130,198253.56907772348
959131,198253.56907772348
959133,198253.56907772348
959134,198253.56907772348
959142,198253.56907772348
959153,198253.56907772348
959154,198253.56907772348
959166,198253.56907772348
959224,198253.56907772348
959227,198253.56907772348
959265,198253.56907772348
959323,198253.56907772348
959324,198253.56907772348
959357,198253.56907772348
959362,198253.56907772348
959394,198253.56907772348
959419,198253.56907772348
959433,198253.56907772348
959451,198253.56907772348
959466,198253.56907772348
959468,198253.56907772348
959469,198253.56907772348
959476,198253.56907772348
959683,198253.56907772348
959723,198253.56907772348
959725,198253.56907772348
959726,198253.56907772348
959728,198253.56907772348
959741,198253.56907772348
959742,198253.56907772348
959743,198253.56907772348
959744,198253.56907772348
959757,198253.56907772348
959759,198253.56907772348
959940,198253.56907772348
959967,198253.56907772348
960018,198253.56907772348
960029,198253.56907772348
960058,198253.56907772348
960091,198253.56907772348
960118,198253.56907772348
960163,198253.56907772348
960165,198253.56907772348
960169,198253.56907772348
960226,198253.56907772348
960235,198253.56907772348
960241,198253.56907772348
960274,198253.56907772348
960275,198253.56907772348
960284,198253.56907772348
960286,198253.56907772348
960287,198253.56907772348
960289,198253.56907772348
960290,198253.56907772348
960310,198253.56907772348
960340,198253.56907772348
960362,198253.56907772348
960393,198253.56907772348
960410,198253.56907772348
960431,198253.56907772348
960451,198253.56907772348
960478,198253.56907772348
960529,198253.56907772348
960530,198253.56907772348
960581,198253.56907772348
960597,198253.56907772348
960598,198253.56907772348
960634,198253.56907772348
960687,198253.56907772348
960863,198253.56907772348
960913,198253.56907772348
960931,198253.56907772348
960946,198253.56907772348
960947,198253.56907772348
960983,198253.56907772348
961006,198253.56907772348
961035,198253.56907772348
961042,198253.56907772348
961048,198253.56907772348
961123,198253.56907772348
961141,198253.56907772348
961143,198253.56907772348
961183,198253.56907772348
961216,198253.56907772348
961226,198253.56907772348
961246,198253.56907772348
961256,198253.56907772348
961289,198253.56907772348
961337,198253.56907772348
961387,198253.56907772348
961389,198253.56907772348
961395,198253.56907772348
961408,198253.56907772348
961419,198253.56907772348
961420,198253.56907772348
961421,198253.56907772348
961452,198253.56907772348
961461,198253.56907772348
961478,198253.56907772348
961488,198253.56907772348
961489,198253.56907772348
961522,198253.56907772348
961530,198253.56907772348
961548,198253.56907772348
961574,198253.56907772348
961601,198253.56907772348
961605,198253.56907772348
961608,198253.56907772348
961609,198253.56907772348
961699,198253.56907772348
961715,198253.56907772348
961768,198253.56907772348
961788,198253.56907772348
961789,198253.56907772348
961790,198253.56907772348
961791,198253.56907772348
961792,198253.56907772348
961817,198253.56907772348
961822,198253.56907772348
961854,198253.56907772348
961872,198253.56907772348
961877,198253.56907772348
961882,198253.56907772348
962051,198253.56907772348
962065,198253.56907772348
962066,198253.56907772348
962080,198253.56907772348
962082,198253.56907772348
962083,198253.56907772348
962090,198253.56907772348
962109,198253.56907772348
962116,198253.56907772348
962141,198253.56907772348
962144,198253.56907772348
962159,198253.56907772348
962160,198253.56907772348
962165,198253.56907772348
962176,198253.56907772348
962178,198253.56907772348
962179,198253.56907772348
962180,198253.56907772348
962181,198253.56907772348
962182,198253.56907772348
962184,198253.56907772348
962186,198253.56907772348
962217,198253.56907772348
962219,198253.56907772348
962225,198253.56907772348
962235,198253.56907772348
962236,198253.56907772348
962263,198253.56907772348
962287,198253.56907772348
962316,198253.56907772348
962319,198253.56907772348
962336,198253.56907772348
962412,198253.56907772348
962416,198253.56907772348
962419,198253.56907772348
962438,198253.56907772348
962448,198253.56907772348
962501,198253.56907772348
962520,198253.56907772348
962546,198253.56907772348
962551,198253.56907772348
962559,198253.56907772348
962567,198253.56907772348
962572,198253.56907772348
962579,198253.56907772348
962585,198253.56907772348
962586,198253.56907772348
962591,198253.56907772348
962592,198253.56907772348
962630,198253.56907772348
962635,198253.56907772348
962677,198253.56907772348
962728,198253.56907772348
962755,198253.56907772348
962778,198253.56907772348
962796,198253.56907772348
962835,198253.56907772348
962839,198253.56907772348
962845,198253.56907772348
962907,198253.56907772348
962922,198253.56907772348
963001,198253.56907772348
963003,198253.56907772348
963019,198253.56907772348
963020,198253.56907772348
963022,198253.56907772348
963023,198253.56907772348
963041,198253.56907772348
963049,198253.56907772348
963118,198253.56907772348
963122,198253.56907772348
963130,198253.56907772348
963165,198253.56907772348
963199,198253.56907772348
963205,198253.56907772348
963229,198253.56907772348
963313,198253.56907772348
963314,198253.56907772348
963319,198253.56907772348
963325,198253.56907772348
963327,198253.56907772348
963340,198253.56907772348
963362,198253.56907772348
963366,198253.56907772348
963375,198253.56907772348
963378,198253.56907772348
963381,198253.56907772348
963447,198253.56907772348
963472,198253.56907772348
963488,198253.56907772348
963490,198253.56907772348
963539,198253.56907772348
963651,198253.56907772348
963676,198253.56907772348
963682,198253.56907772348
963837,198253.56907772348
963857,198253.56907772348
963905,198253.56907772348
963929,198253.56907772348
963960,198253.56907772348
963971,198253.56907772348
963973,198253.56907772348
963986,198253.56907772348
964018,198253.56907772348
964048,198253.56907772348
964049,198253.56907772348
964055,198253.56907772348
964098,198253.56907772348
964135,198253.56907772348
964156,198253.56907772348
964157,198253.56907772348
964171,198253.56907772348
964207,198253.56907772348
964208,198253.56907772348
964209,198253.56907772348
964271,198253.56907772348
964304,198253.56907772348
964312,198253.56907772348
964314,198253.56907772348
964333,198253.56907772348
964369,198253.56907772348
964488,198253.56907772348
964527,198253.56907772348
964570,198253.56907772348
964580,198253.56907772348
964591,198253.56907772348
964592,198253.56907772348
964593,198253.56907772348
964595,198253.56907772348
964622,198253.56907772348
964625,198253.56907772348
964642,198253.56907772348
964705,198253.56907772348
964813,198253.56907772348
964839,198253.56907772348
964849,198253.56907772348
964911,198253.56907772348
964984,198253.56907772348
964997,198253.56907772348
965033,198253.56907772348
965053,198253.56907772348
965089,198253.56907772348
965099,198253.56907772348
965116,198253.56907772348
965131,198253.56907772348
965145,198253.56907772348
965153,198253.56907772348
965176,198253.56907772348
965182,198253.56907772348
965184,198253.56907772348
965201,198253.56907772348
965216,198253.56907772348
965242,198253.56907772348
965260,198253.56907772348
965262,198253.56907772348
965305,198253.56907772348
965315,198253.56907772348
965320,198253.56907772348
965321,198253.56907772348
965322,198253.56907772348
965324,198253.56907772348
965325,198253.56907772348
965326,198253.56907772348
965341,198253.56907772348
965342,198253.56907772348
965346,198253.56907772348
965349,198253.56907772348
965438,198253.56907772348
965466,198253.56907772348
965474,198253.56907772348
965499,198253.56907772348
965515,198253.56907772348
965560,198253.56907772348
965648,198253.56907772348
965688,198253.56907772348
965717,198253.56907772348
965754,198253.56907772348
965792,198253.56907772348
965794,198253.56907772348
965821,198253.56907772348
965856,198253.56907772348
965860,198253.56907772348
965954,198253.56907772348
965967,198253.56907772348
965968,198253.56907772348
965975,198253.56907772348
965981,198253.56907772348
965989,198253.56907772348
965993,198253.56907772348
966015,198253.56907772348
966059,198253.56907772348
966070,198253.56907772348
966074,198253.56907772348
966123,198253.56907772348
966139,198253.56907772348
966205,198253.56907772348
966220,198253.56907772348
966221,198253.56907772348
966238,198253.56907772348
966269,198253.56907772348
966276,198253.56907772348
966385,198253.56907772348
966397,198253.56907772348
966400,198253.56907772348
966406,198253.56907772348
966407,198253.56907772348
966413,198253.56907772348
966548,198253.56907772348
966549,198253.56907772348
966562,198253.56907772348
966579,198253.56907772348
966639,198253.56907772348
966650,198253.56907772348
966654,198253.56907772348
966664,198253.56907772348
966674,198253.56907772348
966692,198253.56907772348
966729,198253.56907772348
966732,198253.56907772348
966736,198253.56907772348
966737,198253.56907772348
966740,198253.56907772348
966773,198253.56907772348
966776,198253.56907772348
966777,198253.56907772348
966785,198253.56907772348
966863,198253.56907772348
966867,198253.56907772348
966884,198253.56907772348
967014,198253.56907772348
967027,198253.56907772348
967032,198253.56907772348
967048,198253.56907772348
967051,198253.56907772348
967073,198253.56907772348
967078,198253.56907772348
967082,198253.56907772348
967103,198253.56907772348
967105,198253.56907772348
967112,198253.56907772348
967117,198253.56907772348
967166,198253.56907772348
967193,198253.56907772348
967213,198253.56907772348
967243,198253.56907772348
967255,198253.56907772348
967256,198253.56907772348
967274,198253.56907772348
967362,198253.56907772348
967411,198253.56907772348
967424,198253.56907772348
967430,198253.56907772348
967440,198253.56907772348
967447,198253.56907772348
967477,198253.56907772348
967478,198253.56907772348
967479,198253.56907772348
967480,198253.56907772348
967481,198253.56907772348
967482,198253.56907772348
967517,198253.56907772348
967546,198253.56907772348
967589,198253.56907772348
967639,198253.56907772348
967656,198253.56907772348
967666,198253.56907772348
967726,198253.56907772348
967727,198253.56907772348
967768,198253.56907772348
967803,198253.56907772348
967816,198253.56907772348
967891,198253.56907772348
967966,198253.56907772348
967985,198253.56907772348
967996,198253.56907772348
968019,198253.56907772348
968035,198253.56907772348
968063,198253.56907772348
968149,198253.56907772348
968159,198253.56907772348
968186,198253.56907772348
968187,198253.56907772348
968188,198253.56907772348
968215,198253.56907772348
968217,198253.56907772348
968228,198253.56907772348
968232,198253.56907772348
968238,198253.56907772348
968240,198253.56907772348
968277,198253.56907772348
968292,198253.56907772348
968333,198253.56907772348
968353,198253.56907772348
968365,198253.56907772348
968442,198253.56907772348
968487,198253.56907772348
968527,198253.56907772348
968535,198253.56907772348
968598,198253.56907772348
968605,198253.56907772348
968628,198253.56907772348
968631,198253.56907772348
968633,198253.56907772348
968723,198253.56907772348
968786,198253.56907772348
968788,198253.56907772348
968812,198253.56907772348
968839,198253.56907772348
968898,198253.56907772348
968899,198253.56907772348
968907,198253.56907772348
968908,198253.56907772348
968942,198253.56907772348
968974,198253.56907772348
968981,198253.56907772348
968986,198253.56907772348
968991,198253.56907772348
969006,198253.56907772348
969040,198253.56907772348
969050,198253.56907772348
969082,198253.56907772348
969083,198253.56907772348
969126,198253.56907772348
969168,198253.56907772348
969211,198253.56907772348
969215,198253.56907772348
969216,198253.56907772348
969312,198253.56907772348
969313,198253.56907772348
969332,198253.56907772348
969338,198253.56907772348
969382,198253.56907772348
969384,198253.56907772348
969386,198253.56907772348
969420,198253.56907772348
969432,198253.56907772348
969434,198253.56907772348
969465,198253.56907772348
969484,198253.56907772348
969486,198253.56907772348
969510,198253.56907772348
969529,198253.56907772348
969551,198253.56907772348
969572,198253.56907772348
969592,198253.56907772348
969597,198253.56907772348
969753,198253.56907772348
969763,198253.56907772348
969791,198253.56907772348
969793,198253.56907772348
969821,198253.56907772348
969838,198253.56907772348
969862,198253.56907772348
969873,198253.56907772348
969882,198253.56907772348
969889,198253.56907772348
969891,198253.56907772348
969926,198253.56907772348
969928,198253.56907772348
969929,198253.56907772348
969933,198253.56907772348
969954,198253.56907772348
970078,198253.56907772348
970079,198253.56907772348
970210,198253.56907772348
970216,198253.56907772348
970312,198253.56907772348
970329,198253.56907772348
970398,198253.56907772348
970400,198253.56907772348
970401,198253.56907772348
970404,198253.56907772348
970405,198253.56907772348
970412,198253.56907772348
970427,198253.56907772348
970442,198253.56907772348
970459,198253.56907772348
970491,198253.56907772348
970585,198253.56907772348
970587,198253.56907772348
970654,198253.56907772348
970657,198253.56907772348
970705,198253.56907772348
970711,198253.56907772348
970714,198253.56907772348
970728,198253.56907772348
970764,198253.56907772348
970771,198253.56907772348
970786,198253.56907772348
970817,198253.56907772348
970868,198253.56907772348
970888,198253.56907772348
970947,198253.56907772348
970961,198253.56907772348
970980,198253.56907772348
970988,198253.56907772348
971011,198253.56907772348
971020,198253.56907772348
971029,198253.56907772348
971033,198253.56907772348
971083,198253.56907772348
971088,198253.56907772348
971102,198253.56907772348
971111,198253.56907772348
971160,198253.56907772348
971222,198253.56907772348
971235,198253.56907772348
971238,198253.56907772348
971248,198253.56907772348
971264,198253.56907772348
971332,198253.56907772348
971401,198253.56907772348
971433,198253.56907772348
971445,198253.56907772348
971483,198253.56907772348
971505,198253.56907772348
971510,198253.56907772348
971557,198253.56907772348
971558,198253.56907772348
971561,198253.56907772348
971563,198253.56907772348
971591,198253.56907772348
971615,198253.56907772348
971627,198253.56907772348
971633,198253.56907772348
971661,198253.56907772348
971666,198253.56907772348
971673,198253.56907772348
971685,198253.56907772348
971688,198253.56907772348
971731,198253.56907772348
971733,198253.56907772348
971748,198253.56907772348
971779,198253.56907772348
971780,198253.56907772348
971794,198253.56907772348
971800,198253.56907772348
971828,198253.56907772348
971852,198253.56907772348
971853,198253.56907772348
971869,198253.56907772348
971893,198253.56907772348
971896,198253.56907772348
971941,198253.56907772348
971953,198253.56907772348
971973,198253.56907772348
971981,198253.56907772348
972061,198253.56907772348
972062,198253.56907772348
972118,198253.56907772348
972189,198253.56907772348
972259,198253.56907772348
972279,198253.56907772348
972291,198253.56907772348
972303,198253.56907772348
972341,198253.56907772348
972396,198253.56907772348
972409,198253.56907772348
972423,198253.56907772348
972428,198253.56907772348
972438,198253.56907772348
972457,198253.56907772348
972463,198253.56907772348
972466,198253.56907772348
972471,198253.56907772348
972475,198253.56907772348
972507,198253.56907772348
972521,198253.56907772348
972525,198253.56907772348
972565,198253.56907772348
972580,198253.56907772348
972715,198253.56907772348
972769,198253.56907772348
972838,198253.56907772348
972842,198253.56907772348
972867,198253.56907772348
972923,198253.56907772348
973030,198253.56907772348
973244,198253.56907772348
973273,198253.56907772348
973296,198253.56907772348
973300,198253.56907772348
973304,198253.56907772348
973322,198253.56907772348
973360,198253.56907772348
973361,198253.56907772348
973392,198253.56907772348
973393,198253.56907772348
973399,198253.56907772348
973409,198253.56907772348
973625,198253.56907772348
973626,198253.56907772348
973674,198253.56907772348
973790,198253.56907772348
973799,198253.56907772348
973800,198253.56907772348
973808,198253.56907772348
973816,198253.56907772348
973848,198253.56907772348
973849,198253.56907772348
973850,198253.56907772348
973852,198253.56907772348
973913,198253.56907772348
973914,198253.56907772348
973919,198253.56907772348
973923,198253.56907772348
973931,198253.56907772348
973933,198253.56907772348
973936,198253.56907772348
973937,198253.56907772348
973938,198253.56907772348
973939,198253.56907772348
973974,198253.56907772348
973997,198253.56907772348
973998,198253.56907772348
974004,198253.56907772348
974009,198253.56907772348
974010,198253.56907772348
974011,198253.56907772348
974029,198253.56907772348
974044,198253.56907772348
974062,198253.56907772348
974122,198253.56907772348
974123,198253.56907772348
974125,198253.56907772348
974128,198253.56907772348
974129,198253.56907772348
974130,198253.56907772348
974132,198253.56907772348
974138,198253.56907772348
974182,198253.56907772348
974209,198253.56907772348
974288,198253.56907772348
974291,198253.56907772348
974321,198253.56907772348
974325,198253.56907772348
974329,198253.56907772348
974335,198253.56907772348
974337,198253.56907772348
974363,198253.56907772348
974365,198253.56907772348
974370,198253.56907772348
974406,198253.56907772348
974407,198253.56907772348
974432,198253.56907772348
974460,198253.56907772348
974472,198253.56907772348
974498,198253.56907772348
974527,198253.56907772348
974566,198253.56907772348
974570,198253.56907772348
974571,198253.56907772348
974605,198253.56907772348
974625,198253.56907772348
974627,198253.56907772348
974737,198253.56907772348
974748,198253.56907772348
974756,198253.56907772348
974802,198253.56907772348
974803,198253.56907772348
974848,198253.56907772348
974863,198253.56907772348
974957,198253.56907772348
974995,198253.56907772348
975004,198253.56907772348
975034,198253.56907772348
975045,198253.56907772348
975064,198253.56907772348
975094,198253.56907772348
975113,198253.56907772348
975121,198253.56907772348
975142,198253.56907772348
975189,198253.56907772348
975204,198253.56907772348
975684,198253.56907772348
975738,198253.56907772348
975893,198253.56907772348
975960,198253.56907772348
975965,198253.56907772348
975971,198253.56907772348
975973,198253.56907772348
976102,198253.56907772348
976136,198253.56907772348
976176,198253.56907772348
976194,198253.56907772348
976223,198253.56907772348
976790,198253.56907772348
976796,198253.56907772348
976831,198253.56907772348
976844,198253.56907772348
976846,198253.56907772348
976869,198253.56907772348
976876,198253.56907772348
976942,198253.56907772348
976948,198253.56907772348
977106,198253.56907772348
977126,198253.56907772348
977160,198253.56907772348
977222,198253.56907772348
977224,198253.56907772348
977232,198253.56907772348
977312,198253.56907772348
977316,198253.56907772348
977321,198253.56907772348
977324,198253.56907772348
977326,198253.56907772348
977344,198253.56907772348
977374,198253.56907772348
977376,198253.56907772348
977377,198253.56907772348
977379,198253.56907772348
977412,198253.56907772348
977458,198253.56907772348
977460,198253.56907772348
977464,198253.56907772348
977488,198253.56907772348
977506,198253.56907772348
977613,198253.56907772348
977650,198253.56907772348
977652,198253.56907772348
977653,198253.56907772348
977658,198253.56907772348
977661,198253.56907772348
977687,198253.56907772348
977726,198253.56907772348
977754,198253.56907772348
977778,198253.56907772348
977783,198253.56907772348
977790,198253.56907772348
977815,198253.56907772348
977816,198253.56907772348
977850,198253.56907772348
977854,198253.56907772348
977860,198253.56907772348
977892,198253.56907772348
977893,198253.56907772348
977908,198253.56907772348
977923,198253.56907772348
977960,198253.56907772348
977971,198253.56907772348
978147,198253.56907772348
978197,198253.56907772348
978202,198253.56907772348
978203,198253.56907772348
978279,198253.56907772348
978321,198253.56907772348
978322,198253.56907772348
978325,198253.56907772348
978329,198253.56907772348
978331,198253.56907772348
978334,198253.56907772348
978348,198253.56907772348
978375,198253.56907772348
978425,198253.56907772348
978427,198253.56907772348
978429,198253.56907772348
978432,198253.56907772348
978444,198253.56907772348
978449,198253.56907772348
978673,198253.56907772348
978695,198253.56907772348
978730,198253.56907772348
978731,198253.56907772348
978753,198253.56907772348
978765,198253.56907772348
978789,198253.56907772348
978795,198253.56907772348
978858,198253.56907772348
978906,198253.56907772348
978909,198253.56907772348
978910,198253.56907772348
978912,198253.56907772348
978935,198253.56907772348
978958,198253.56907772348
978959,198253.56907772348
978999,198253.56907772348
979014,198253.56907772348
979050,198253.56907772348
979051,198253.56907772348
979084,198253.56907772348
979101,198253.56907772348
979108,198253.56907772348
979121,198253.56907772348
979131,198253.56907772348
979175,198253.56907772348
979191,198253.56907772348
979243,198253.56907772348
979248,198253.56907772348
979249,198253.56907772348
979256,198253.56907772348
979279,198253.56907772348
979282,198253.56907772348
979283,198253.56907772348
979319,198253.56907772348
979358,198253.56907772348
979369,198253.56907772348
979393,198253.56907772348
979403,198253.56907772348
979443,198253.56907772348
979445,198253.56907772348
979447,198253.56907772348
979449,198253.56907772348
979453,198253.56907772348
979457,198253.56907772348
979458,198253.56907772348
979468,198253.56907772348
979551,198253.56907772348
979584,198253.56907772348
979587,198253.56907772348
979595,198253.56907772348
979642,198253.56907772348
979659,198253.56907772348
979665,198253.56907772348
979679,198253.56907772348
979743,198253.56907772348
979750,198253.56907772348
979751,198253.56907772348
979812,198253.56907772348
979832,198253.56907772348
979837,198253.56907772348
979853,198253.56907772348
979854,198253.56907772348
979931,198253.56907772348
980083,198253.56907772348
980197,198253.56907772348
980233,198253.56907772348
980239,198253.56907772348
980240,198253.56907772348
980273,198253.56907772348
980329,198253.56907772348
980330,198253.56907772348
980349,198253.56907772348
980411,198253.56907772348
980460,198253.56907772348
980526,198253.56907772348
980552,198253.56907772348
980564,198253.56907772348
980566,198253.56907772348
980601,198253.56907772348
980692,198253.56907772348
980751,198253.56907772348
980849,198253.56907772348
980863,198253.56907772348
980864,198253.56907772348
980867,198253.56907772348
980942,198253.56907772348
980981,198253.56907772348
981136,198253.56907772348
981167,198253.56907772348
981169,198253.56907772348
981268,198253.56907772348
981269,198253.56907772348
981270,198253.56907772348
981332,198253.56907772348
981380,198253.56907772348
981464,198253.56907772348
981671,198253.56907772348
981683,198253.56907772348
981684,198253.56907772348
981685,198253.56907772348
981689,198253.56907772348
981696,198253.56907772348
981697,198253.56907772348
981698,198253.56907772348
981699,198253.56907772348
981714,198253.56907772348
981742,198253.56907772348
981894,198253.56907772348
981947,198253.56907772348
982012,198253.56907772348
982055,198253.56907772348
982274,198253.56907772348
982285,198253.56907772348
983029,198253.56907772348
983030,198253.56907772348
983126,198253.56907772348
983170,198253.56907772348
983293,198253.56907772348
983294,198253.56907772348
983298,198253.56907772348
983374,198253.56907772348
983378,198253.56907772348
983651,198253.56907772348
983752,198253.56907772348
984096,198253.56907772348
984122,198253.56907772348
984320,198253.56907772348
984322,198253.56907772348
984733,198253.56907772348
984734,198253.56907772348
984768,198253.56907772348
984892,198253.56907772348
985039,198253.56907772348
985041,198253.56907772348
985042,198253.56907772348
985043,198253.56907772348
985119,198253.56907772348
985151,198253.56907772348
985154,198253.56907772348
985156,198253.56907772348
985159,198253.56907772348
985161,198253.56907772348
985165,198253.56907772348
985166,198253.56907772348
985167,198253.56907772348
985313,198253.56907772348
985320,198253.56907772348
985337,198253.56907772348
985364,198253.56907772348
985407,198253.56907772348
985520,198253.56907772348
985545,198253.56907772348
985670,198253.56907772348
985683,198253.56907772348
985684,198253.56907772348
985767,198253.56907772348
985811,198253.56907772348
985813,198253.56907772348
985814,198253.56907772348
985815,198253.56907772348
985818,198253.56907772348
985840,198253.56907772348
985841,198253.56907772348
985981,198253.56907772348
986056,198253.56907772348
986103,198253.56907772348
986115,198253.56907772348
986139,198253.56907772348
986207,198253.56907772348
986208,198253.56907772348
986212,198253.56907772348
986213,198253.56907772348
986214,198253.56907772348
986274,198253.56907772348
986275,198253.56907772348
986390,198253.56907772348
986417,198253.56907772348
986512,198253.56907772348
986616,198253.56907772348
986618,198253.56907772348
987237,198253.56907772348
987240,198253.56907772348
987247,198253.56907772348
987346,198253.56907772348
987563,198253.56907772348
987614,198253.56907772348
987631,198253.56907772348
987671,198253.56907772348
987844,198253.56907772348
987916,198253.56907772348
987959,198253.56907772348
988030,198253.56907772348
988085,198253.56907772348
988120,198253.56907772348
988128,198253.56907772348
988131,198253.56907772348
988330,198253.56907772348
988404,198253.56907772348
988522,198253.56907772348
988664,198253.56907772348
988763,198253.56907772348
988798,198253.56907772348
988844,198253.56907772348
988874,198253.56907772348
988876,198253.56907772348
988929,198253.56907772348
988942,198253.56907772348
988993,198253.56907772348
989061,198253.56907772348
989298,198253.56907772348
989301,198253.56907772348
989302,198253.56907772348
989305,198253.56907772348
989372,198253.56907772348
989373,198253.56907772348
989378,198253.56907772348
989379,198253.56907772348
989380,198253.56907772348
989419,198253.56907772348
989524,198253.56907772348
989588,198253.56907772348
989589,198253.56907772348
989592,198253.56907772348
989593,198253.56907772348
989666,198253.56907772348
989733,198253.56907772348
989814,198253.56907772348
989873,198253.56907772348
989876,198253.56907772348
989903,198253.56907772348
989933,198253.56907772348
989942,198253.56907772348
989988,198253.56907772348
989990,198253.56907772348
989996,198253.56907772348
990011,198253.56907772348
990133,198253.56907772348
990149,198253.56907772348
990150,198253.56907772348
990151,198253.56907772348
990152,198253.56907772348
990166,198253.56907772348
990272,198253.56907772348
990286,198253.56907772348
990330,198253.56907772348
991069,198253.56907772348
991073,198253.56907772348
991157,198253.56907772348
991199,198253.56907772348
991266,198253.56907772348
991272,198253.56907772348
991278,198253.56907772348
991349,198253.56907772348
991352,198253.56907772348
991425,198253.56907772348
991464,198253.56907772348
991467,198253.56907772348
991468,198253.56907772348
991469,198253.56907772348
991475,198253.56907772348
991477,198253.56907772348
991480,198253.56907772348
991487,198253.56907772348
991490,198253.56907772348
991616,198253.56907772348
991701,198253.56907772348
991703,198253.56907772348
991720,198253.56907772348
991738,198253.56907772348
991812,198253.56907772348
991825,198253.56907772348
991826,198253.56907772348
991832,198253.56907772348
991836,198253.56907772348
991895,198253.56907772348
991908,198253.56907772348
991913,198253.56907772348
991940,198253.56907772348
992565,198253.56907772348
992574,198253.56907772348
992717,198253.56907772348
992721,198253.56907772348
992722,198253.56907772348
992724,198253.56907772348
992726,198253.56907772348
992727,198253.56907772348
992728,198253.56907772348
992745,198253.56907772348
992746,198253.56907772348
992775,198253.56907772348
992783,198253.56907772348
992832,198253.56907772348
992874,198253.56907772348
992899,198253.56907772348
992904,198253.56907772348
992948,198253.56907772348
992977,198253.56907772348
992988,198253.56907772348
993216,198253.56907772348
993459,198253.56907772348
993468,198253.56907772348
993509,198253.56907772348
993527,198253.56907772348
994032,198253.56907772348
994088,198253.56907772348
994215,198253.56907772348
994299,198253.56907772348
994506,198253.56907772348
994507,198253.56907772348
994530,198253.56907772348
994764,198253.56907772348
994812,198253.56907772348
994814,198253.56907772348
994834,198253.56907772348
994906,198253.56907772348
994936,198253.56907772348
994956,198253.56907772348
994960,198253.56907772348
994983,198253.56907772348
994991,198253.56907772348
994995,198253.56907772348
995000,198253.56907772348
995001,198253.56907772348
995007,198253.56907772348
995008,198253.56907772348
995021,198253.56907772348
995031,198253.56907772348
995035,198253.56907772348
995036,198253.56907772348
995042,198253.56907772348
995044,198253.56907772348
995055,198253.56907772348
995057,198253.56907772348
995076,198253.56907772348
995118,198253.56907772348
995133,198253.56907772348
995142,198253.56907772348
995260,198253.56907772348
995313,198253.56907772348
995352,198253.56907772348
995366,198253.56907772348
995437,198253.56907772348
995479,198253.56907772348
995619,198253.56907772348
995646,198253.56907772348
995669,198253.56907772348
995780,198253.56907772348
995874,198253.56907772348
995916,198253.56907772348
995946,198253.56907772348
995947,198253.56907772348
995948,198253.56907772348
996053,198253.56907772348
996103,198253.56907772348
996178,198253.56907772348
996180,198253.56907772348
996184,198253.56907772348
996364,198253.56907772348
996473,198253.56907772348
996581,198253.56907772348
996796,198253.56907772348
996804,198253.56907772348
997041,198253.56907772348
997166,198253.56907772348
997167,198253.56907772348
997168,198253.56907772348
997186,198253.56907772348
997196,198253.56907772348
997244,198253.56907772348
997245,198253.56907772348
997392,198253.56907772348
997403,198253.56907772348
997443,198253.56907772348
997541,198253.56907772348
997542,198253.56907772348
997691,198253.56907772348
997755,198253.56907772348
997773,198253.56907772348
997774,198253.56907772348
997795,198253.56907772348
997808,198253.56907772348
997935,198253.56907772348
998092,198253.56907772348
998095,198253.56907772348
998098,198253.56907772348
998275,198253.56907772348
998276,198253.56907772348
998376,198253.56907772348
998498,198253.56907772348
998564,198253.56907772348
998567,198253.56907772348
998574,198253.56907772348
998575,198253.56907772348
998577,198253.56907772348
998615,198253.56907772348
998616,198253.56907772348
998620,198253.56907772348
998621,198253.56907772348
998622,198253.56907772348
998624,198253.56907772348
998645,198253.56907772348
998646,198253.56907772348
998649,198253.56907772348
998650,198253.56907772348
998651,198253.56907772348
998862,198253.56907772348
998925,198253.56907772348
999025,198253.56907772348
999050,198253.56907772348
999543,198253.56907772348
999625,198253.56907772348
999712,198253.56907772348
999754,198253.56907772348
999960,198253.56907772348
1000541,198253.56907772348
1000644,198253.56907772348
1000692,198253.56907772348
1000727,198253.56907772348
1001116,198253.56907772348
1001294,198253.56907772348
1001409,198253.56907772348
1001421,198253.56907772348
1001616,198253.56907772348
1001945,198253.56907772348
1001991,198253.56907772348
1002183,198253.56907772348
1002319,198253.56907772348
1002326,198253.56907772348
1002411,198253.56907772348
1002412,198253.56907772348
1002571,198253.56907772348
1002606,198253.56907772348
1002607,198253.56907772348
1002626,198253.56907772348
1002643,198253.56907772348
1002658,198253.56907772348
1002678,198253.56907772348
1002694,198253.56907772348
1002727,198253.56907772348
1002742,198253.56907772348
1002822,198253.56907772348
1002827,198253.56907772348
1002861,198253.56907772348
1002863,198253.56907772348
1002864,198253.56907772348
1002865,198253.56907772348
1003030,198253.56907772348
1003043,198253.56907772348
1003047,198253.56907772348
1003089,198253.56907772348
1003171,198253.56907772348
1003257,198253.56907772348
1003435,198253.56907772348
1003611,198253.56907772348
1003612,198253.56907772348
1003619,198253.56907772348
1003639,198253.56907772348
1003692,198253.56907772348
1003816,198253.56907772348
1003817,198253.56907772348
1003836,198253.56907772348
1003840,198253.56907772348
1003859,198253.56907772348
1003902,198253.56907772348
1003907,198253.56907772348
1003940,198253.56907772348
1003956,198253.56907772348
1003974,198253.56907772348
1003976,198253.56907772348
1003980,198253.56907772348
1003985,198253.56907772348
1003988,198253.56907772348
1004037,198253.56907772348
1004051,198253.56907772348
1004069,198253.56907772348
1004074,198253.56907772348
1004075,198253.56907772348
1004084,198253.56907772348
1004189,198253.56907772348
1004217,198253.56907772348
1004262,198253.56907772348
1004284,198253.56907772348
1004331,198253.56907772348
1004336,198253.56907772348
1004413,198253.56907772348
1004421,198253.56907772348
1004490,198253.56907772348
1004566,198253.56907772348
1004579,198253.56907772348
1004675,198253.56907772348
1004832,198253.56907772348
1004935,198253.56907772348
1005039,198253.56907772348
1005060,198253.56907772348
1005124,198253.56907772348
1005127,198253.56907772348
1005128,198253.56907772348
1005129,198253.56907772348
1005130,198253.56907772348
1005132,198253.56907772348
1005134,198253.56907772348
1005138,198253.56907772348
1005236,198253.56907772348
1005238,198253.56907772348
1005262,198253.56907772348
1005413,198253.56907772348
1005464,198253.56907772348
1005466,198253.56907772348
1005467,198253.56907772348
1005547,198253.56907772348
1005674,198253.56907772348
1005675,198253.56907772348
1005710,198253.56907772348
1005732,198253.56907772348
1005936,198253.56907772348
1005980,198253.56907772348
1005986,198253.56907772348
1005987,198253.56907772348
1006073,198253.56907772348
1006141,198253.56907772348
1006421,198253.56907772348
1006494,198253.56907772348
1006532,198253.56907772348
1006557,198253.56907772348
1006674,198253.56907772348
1006675,198253.56907772348
1006761,198253.56907772348
1006797,198253.56907772348
1006798,198253.56907772348
1006876,198253.56907772348
1006880,198253.56907772348
1006988,198253.56907772348
1007061,198253.56907772348
1007082,198253.56907772348
1007101,198253.56907772348
1007108,198253.56907772348
1007109,198253.56907772348
1007172,198253.56907772348
1007233,198253.56907772348
1007235,198253.56907772348
1007239,198253.56907772348
1007271,198253.56907772348
1007352,198253.56907772348
1007401,198253.56907772348
1007430,198253.56907772348
1007571,198253.56907772348
1007600,198253.56907772348
1007789,198253.56907772348
1007797,198253.56907772348
1007830,198253.56907772348
1007849,198253.56907772348
1007856,198253.56907772348
1007857,198253.56907772348
1007917,198253.56907772348
1007967,198253.56907772348
1007994,198253.56907772348
1008148,198253.56907772348
1008157,198253.56907772348
1008169,198253.56907772348
1008170,198253.56907772348
1008173,198253.56907772348
1008307,198253.56907772348
1008308,198253.56907772348
1008352,198253.56907772348
1008357,198253.56907772348
1008358,198253.56907772348
1008361,198253.56907772348
1008386,198253.56907772348
1008418,198253.56907772348
1008428,198253.56907772348
1008433,198253.56907772348
1008501,198253.56907772348
1008510,198253.56907772348
1008550,198253.56907772348
1008563,198253.56907772348
1008564,198253.56907772348
1008595,198253.56907772348
1008641,198253.56907772348
1008677,198253.56907772348
1008707,198253.56907772348
1008732,198253.56907772348
1008734,198253.56907772348
1008741,198253.56907772348
1008744,198253.56907772348
1008749,198253.56907772348
1008759,198253.56907772348
1008760,198253.56907772348
1008803,198253.56907772348
1008804,198253.56907772348
1008805,198253.56907772348
1008829,198253.56907772348
1008833,198253.56907772348
1008838,198253.56907772348
1008855,198253.56907772348
1008862,198253.56907772348
1008878,198253.56907772348
1008892,198253.56907772348
1008914,198253.56907772348
1008927,198253.56907772348
1008932,198253.56907772348
1009016,198253.56907772348
1009077,198253.56907772348
1009084,198253.56907772348
1009088,198253.56907772348
1009218,198253.56907772348
1009229,198253.56907772348
1009308,198253.56907772348
1009310,198253.56907772348
1009337,198253.56907772348
1009366,198253.56907772348
1009424,198253.56907772348
1009487,198253.56907772348
1009509,198253.56907772348
1009510,198253.56907772348
1009517,198253.56907772348
1009520,198253.56907772348
1009528,198253.56907772348
1009530,198253.56907772348
1009531,198253.56907772348
1009532,198253.56907772348
1009533,198253.56907772348
1009534,198253.56907772348
1009535,198253.56907772348
1009590,198253.56907772348
1009596,198253.56907772348
1009672,198253.56907772348
1009736,198253.56907772348
1009859,198253.56907772348
1009864,198253.56907772348
1009866,198253.56907772348
1009891,198253.56907772348
1009942,198253.56907772348
1009948,198253.56907772348
1009965,198253.56907772348
1009970,198253.56907772348
1010054,198253.56907772348
1010066,198253.56907772348
1010068,198253.56907772348
1010069,198253.56907772348
1010104,198253.56907772348
1010110,198253.56907772348
1010185,198253.56907772348
1010186,198253.56907772348
1010276,198253.56907772348
1010411,198253.56907772348
1010542,198253.56907772348
1010544,198253.56907772348
1010584,198253.56907772348
1010592,198253.56907772348
1010667,198253.56907772348
1010678,198253.56907772348
1010679,198253.56907772348
1010680,198253.56907772348
1010686,198253.56907772348
1010704,198253.56907772348
1010740,198253.56907772348
1010833,198253.56907772348
1010913,198253.56907772348
1010950,198253.56907772348
1010951,198253.56907772348
1010980,198253.56907772348
1010999,198253.56907772348
1011028,198253.56907772348
1011032,198253.56907772348
1011122,198253.56907772348
1011132,198253.56907772348
1011134,198253.56907772348
1011135,198253.56907772348
1011148,198253.56907772348
1011150,198253.56907772348
1011203,198253.56907772348
1011204,198253.56907772348
1011275,198253.56907772348
1011335,198253.56907772348
1011414,198253.56907772348
1011429,198253.56907772348
1011430,198253.56907772348
1011489,198253.56907772348
1011573,198253.56907772348
1011574,198253.56907772348
1011701,198253.56907772348
1011778,198253.56907772348
1011854,198253.56907772348
1011914,198253.56907772348
1012038,198253.56907772348
1012128,198253.56907772348
1012273,198253.56907772348
1012311,198253.56907772348
1012320,198253.56907772348
1012331,198253.56907772348
1012332,198253.56907772348
1012339,198253.56907772348
1012507,198253.56907772348
1012542,198253.56907772348
1012574,198253.56907772348
1012587,198253.56907772348
1012712,198253.56907772348
1012714,198253.56907772348
1012716,198253.56907772348
1012752,198253.56907772348
1012830,198253.56907772348
1012898,198253.56907772348
1012945,198253.56907772348
1013031,198253.56907772348
1013155,198253.56907772348
1013161,198253.56907772348
1013177,198253.56907772348
1013187,198253.56907772348
1013234,198253.56907772348
1013244,198253.56907772348
1013288,198253.56907772348
1013290,198253.56907772348
1013352,198253.56907772348
1013443,198253.56907772348
1013494,198253.56907772348
1013507,198253.56907772348
1013544,198253.56907772348
1013547,198253.56907772348
1013630,198253.56907772348
1013704,198253.56907772348
1013740,198253.56907772348
1013742,198253.56907772348
1013743,198253.56907772348
1013786,198253.56907772348
1013962,198253.56907772348
1014083,198253.56907772348
1014108,198253.56907772348
1014164,198253.56907772348
1014237,198253.56907772348
1014240,198253.56907772348
1014368,198253.56907772348
1014476,198253.56907772348
1014483,198253.56907772348
1014498,198253.56907772348
1014551,198253.56907772348
1014571,198253.56907772348
1014624,198253.56907772348
1014635,198253.56907772348
1014637,198253.56907772348
1014638,198253.56907772348
1014641,198253.56907772348
1014665,198253.56907772348
1014669,198253.56907772348
1014738,198253.56907772348
1014928,198253.56907772348
1014999,198253.56907772348
1015031,198253.56907772348
1015103,198253.56907772348
1015125,198253.56907772348
1015134,198253.56907772348
1015243,198253.56907772348
1015347,198253.56907772348
1015350,198253.56907772348
1015360,198253.56907772348
1015361,198253.56907772348
1015366,198253.56907772348
1015403,198253.56907772348
1015482,198253.56907772348
1015484,198253.56907772348
1015485,198253.56907772348
1015486,198253.56907772348
1015502,198253.56907772348
1015524,198253.56907772348
1015534,198253.56907772348
1015540,198253.56907772348
1015557,198253.56907772348
1015579,198253.56907772348
1015597,198253.56907772348
1015681,198253.56907772348
1015697,198253.56907772348
1015714,198253.56907772348
1015804,198253.56907772348
1015824,198253.56907772348
1015843,198253.56907772348
1015872,198253.56907772348
1015908,198253.56907772348
1015909,198253.56907772348
1015911,198253.56907772348
1015919,198253.56907772348
1015920,198253.56907772348
1016040,198253.56907772348
1016042,198253.56907772348
1016098,198253.56907772348
1016117,198253.56907772348
1016413,198253.56907772348
1016734,198253.56907772348
1016888,198253.56907772348
1016927,198253.56907772348
1017116,198253.56907772348
1017118,198253.56907772348
1017166,198253.56907772348
1017176,198253.56907772348
1017264,198253.56907772348
1017383,198253.56907772348
1017418,198253.56907772348
1017424,198253.56907772348
1017427,198253.56907772348
1017428,198253.56907772348
1017503,198253.56907772348
1017563,198253.56907772348
1017579,198253.56907772348
1017600,198253.56907772348
1017626,198253.56907772348
1017637,198253.56907772348
1017693,198253.56907772348
1017750,198253.56907772348
1017763,198253.56907772348
1017782,198253.56907772348
1017792,198253.56907772348
1017846,198253.56907772348
1017992,198253.56907772348
1017998,198253.56907772348
1018079,198253.56907772348
1018135,198253.56907772348
1018136,198253.56907772348
1018166,198253.56907772348
1018229,198253.56907772348
1018248,198253.56907772348
1018257,198253.56907772348
1018417,198253.56907772348
1018421,198253.56907772348
1018428,198253.56907772348
1018486,198253.56907772348
1018523,198253.56907772348
1018598,198253.56907772348
1018621,198253.56907772348
1018671,198253.56907772348
1018822,198253.56907772348
1018943,198253.56907772348
1019039,198253.56907772348
1019057,198253.56907772348
1019062,198253.56907772348
1019149,198253.56907772348
1019151,198253.56907772348
1019206,198253.56907772348
1019298,198253.56907772348
1019309,198253.56907772348
1019343,198253.56907772348
1019366,198253.56907772348
1019367,198253.56907772348
1019432,198253.56907772348
1019561,198253.56907772348
1019575,198253.56907772348
1019659,198253.56907772348
1019668,198253.56907772348
1019672,198253.56907772348
1019681,198253.56907772348
1019683,198253.56907772348
1019686,198253.56907772348
1019696,198253.56907772348
1019720,198253.56907772348
1019763,198253.56907772348
1019835,198253.56907772348
1019872,198253.56907772348
1019903,198253.56907772348
1019908,198253.56907772348
1019958,198253.56907772348
1020047,198253.56907772348
1020124,198253.56907772348
1020278,198253.56907772348
1020508,198253.56907772348
1020554,198253.56907772348
1020672,198253.56907772348
1020673,198253.56907772348
1020745,198253.56907772348
1020844,198253.56907772348
1021039,198253.56907772348
1021263,198253.56907772348
1021316,198253.56907772348
1021412,198253.56907772348
1021444,198253.56907772348
1021447,198253.56907772348
1021453,198253.56907772348
1021485,198253.56907772348
1021500,198253.56907772348
1021509,198253.56907772348
1021520,198253.56907772348
1021560,198253.56907772348
1021605,198253.56907772348
1021606,198253.56907772348
1021607,198253.56907772348
1021749,198253.56907772348
1021765,198253.56907772348
1021768,198253.56907772348
1021770,198253.56907772348
1021833,198253.56907772348
1021834,198253.56907772348
1021855,198253.56907772348
1021973,198253.56907772348
1022085,198253.56907772348
1022163,198253.56907772348
1022166,198253.56907772348
1022273,198253.56907772348
1022312,198253.56907772348
1022388,198253.56907772348
1022399,198253.56907772348
1022582,198253.56907772348
1022587,198253.56907772348
1022588,198253.56907772348
1022596,198253.56907772348
1022614,198253.56907772348
1022695,198253.56907772348
1022704,198253.56907772348
1022715,198253.56907772348
1022716,198253.56907772348
1022717,198253.56907772348
1022718,198253.56907772348
1022719,198253.56907772348
1022721,198253.56907772348
1022750,198253.56907772348
1022753,198253.56907772348
1022755,198253.56907772348
1022756,198253.56907772348
1022760,198253.56907772348
1022781,198253.56907772348
1022782,198253.56907772348
1022787,198253.56907772348
1022790,198253.56907772348
1022794,198253.56907772348
1022795,198253.56907772348
1022796,198253.56907772348
1022798,198253.56907772348
1022800,198253.56907772348
1022801,198253.56907772348
1022802,198253.56907772348
1022844,198253.56907772348
1022848,198253.56907772348
1022960,198253.56907772348
1023168,198253.56907772348
1023169,198253.56907772348
1023172,198253.56907772348
1023173,198253.56907772348
1023209,198253.56907772348
1023230,198253.56907772348
1023304,198253.56907772348
1023340,198253.56907772348
1023351,198253.56907772348
1023393,198253.56907772348
1023450,198253.56907772348
1023458,198253.56907772348
1023465,198253.56907772348
1023468,198253.56907772348
1023501,198253.56907772348
1023505,198253.56907772348
1023508,198253.56907772348
1023511,198253.56907772348
1023512,198253.56907772348
1023513,198253.56907772348
1023514,198253.56907772348
1023518,198253.56907772348
1023520,198253.56907772348
1023521,198253.56907772348
1023552,198253.56907772348
1023559,198253.56907772348
1023590,198253.56907772348
1023664,198253.56907772348
1023676,198253.56907772348
1023677,198253.56907772348
1023744,198253.56907772348
1023764,198253.56907772348
1023774,198253.56907772348
1024012,198253.56907772348
1024071,198253.56907772348
1024126,198253.56907772348
1024133,198253.56907772348
1024324,198253.56907772348
1024371,198253.56907772348
1024444,198253.56907772348
1024449,198253.56907772348
1024456,198253.56907772348
1024463,198253.56907772348
1024474,198253.56907772348
1024477,198253.56907772348
1024508,198253.56907772348
1024529,198253.56907772348
1024536,198253.56907772348
1024590,198253.56907772348
1024625,198253.56907772348
1024628,198253.56907772348
1024636,198253.56907772348
1062270,198253.56907772348
1062278,198253.56907772348
1062287,198253.56907772348
1062389,198253.56907772348
1062404,198253.56907772348
1062442,198253.56907772348
1062482,198253.56907772348
1062512,198253.56907772348
1062516,198253.56907772348
1062537,198253.56907772348
1062557,198253.56907772348
1062572,198253.56907772348
1062643,198253.56907772348
1062645,198253.56907772348
1062676,198253.56907772348
1062691,198253.56907772348
1062714,198253.56907772348
1062737,198253.56907772348
1062839,198253.56907772348
1062840,198253.56907772348
1062844,198253.56907772348
1062946,198253.56907772348
1062972,198253.56907772348
1062991,198253.56907772348
1063009,198253.56907772348
1063010,198253.56907772348
1063011,198253.56907772348
1063045,198253.56907772348
1063050,198253.56907772348
1063051,198253.56907772348
1063070,198253.56907772348
1063106,198253.56907772348
1063130,198253.56907772348
1063217,198253.56907772348
1063317,198253.56907772348
1063480,198253.56907772348
1063535,198253.56907772348
1063601,198253.56907772348
1063668,198253.56907772348
1063704,198253.56907772348
1063829,198253.56907772348
1063862,198253.56907772348
1063906,198253.56907772348
1063923,198253.56907772348
1064029,198253.56907772348
1064042,198253.56907772348
1064047,198253.56907772348
1064050,198253.56907772348
1064059,198253.56907772348
1064061,198253.56907772348
1064082,198253.56907772348
1064093,198253.56907772348
1064155,198253.56907772348
1064165,198253.56907772348
1064170,198253.56907772348
1064189,198253.56907772348
1064253,198253.56907772348
1064260,198253.56907772348
1064263,198253.56907772348
1064289,198253.56907772348
1064327,198253.56907772348
1064340,198253.56907772348
1064342,198253.56907772348
1064347,198253.56907772348
1064358,198253.56907772348
1064389,198253.56907772348
1064391,198253.56907772348
1064393,198253.56907772348
1064415,198253.56907772348
1064420,198253.56907772348
1064421,198253.56907772348
1064424,198253.56907772348
1064425,198253.56907772348
1064433,198253.56907772348
1064438,198253.56907772348
1064469,198253.56907772348
1064535,198253.56907772348
1064536,198253.56907772348
1064538,198253.56907772348
1064539,198253.56907772348
1064552,198253.56907772348
1064556,198253.56907772348
1064605,198253.56907772348
1064632,198253.56907772348
1064660,198253.56907772348
1064707,198253.56907772348
1064708,198253.56907772348
1064709,198253.56907772348
1064715,198253.56907772348
1064718,198253.56907772348
1064724,198253.56907772348
1064774,198253.56907772348
1064782,198253.56907772348
1064786,198253.56907772348
1064791,198253.56907772348
1064836,198253.56907772348
1064856,198253.56907772348
1064863,198253.56907772348
1064870,198253.56907772348
1064872,198253.56907772348
1064873,198253.56907772348
1064904,198253.56907772348
1064906,198253.56907772348
1064997,198253.56907772348
1064998,198253.56907772348
1065033,198253.56907772348
1065055,198253.56907772348
1065146,198253.56907772348
1065162,198253.56907772348
1065164,198253.56907772348
1065198,198253.56907772348
1065199,198253.56907772348
1065201,198253.56907772348
1065202,198253.56907772348
1065203,198253.56907772348
1065246,198253.56907772348
1065262,198253.56907772348
1065274,198253.56907772348
1065275,198253.56907772348
1065297,198253.56907772348
1065304,198253.56907772348
1065320,198253.56907772348
1065322,198253.56907772348
1065328,198253.56907772348
1065359,198253.56907772348
1065372,198253.56907772348
1065374,198253.56907772348
1065377,198253.56907772348
1065396,198253.56907772348
1065406,198253.56907772348
1065413,198253.56907772348
1065448,198253.56907772348
1065477,198253.56907772348
1065483,198253.56907772348
1065488,198253.56907772348
1065529,198253.56907772348
1065572,198253.56907772348
1065607,198253.56907772348
1065613,198253.56907772348
1065615,198253.56907772348
1065617,198253.56907772348
1065619,198253.56907772348
1065621,198253.56907772348
1065641,198253.56907772348
1065658,198253.56907772348
1065662,198253.56907772348
1065702,198253.56907772348
1065761,198253.56907772348
1065771,198253.56907772348
1065835,198253.56907772348
1065838,198253.56907772348
1065848,198253.56907772348
1065852,198253.56907772348
1065855,198253.56907772348
1065857,198253.56907772348
1065859,198253.56907772348
1065883,198253.56907772348
1065901,198253.56907772348
1065927,198253.56907772348
1065939,198253.56907772348
1065940,198253.56907772348
1065970,198253.56907772348
1065973,198253.56907772348
1066009,198253.56907772348
1066029,198253.56907772348
1066035,198253.56907772348
1066052,198253.56907772348
1066060,198253.56907772348
1066082,198253.56907772348
1066109,198253.56907772348
1066119,198253.56907772348
1066134,198253.56907772348
1066159,198253.56907772348
1066160,198253.56907772348
1066161,198253.56907772348
1066162,198253.56907772348
1066163,198253.56907772348
1066170,198253.56907772348
1066171,198253.56907772348
1066172,198253.56907772348
1066174,198253.56907772348
1066191,198253.56907772348
1066194,198253.56907772348
1066245,198253.56907772348
1066361,198253.56907772348
1066365,198253.56907772348
1066375,198253.56907772348
1066378,198253.56907772348
1066379,198253.56907772348
1066409,198253.56907772348
1066413,198253.56907772348
1066448,198253.56907772348
1066476,198253.56907772348
1066524,198253.56907772348
1066548,198253.56907772348
1066602,198253.56907772348
1066603,198253.56907772348
1066605,198253.56907772348
1066643,198253.56907772348
1066644,198253.56907772348
1066664,198253.56907772348
1066730,198253.56907772348
1066734,198253.56907772348
1066736,198253.56907772348
1066759,198253.56907772348
1066761,198253.56907772348
1066772,198253.56907772348
1066792,198253.56907772348
1066795,198253.56907772348
1066832,198253.56907772348
1066845,198253.56907772348
1066847,198253.56907772348
1066938,198253.56907772348
1066944,198253.56907772348
1066988,198253.56907772348
1066996,198253.56907772348
1067005,198253.56907772348
1067009,198253.56907772348
1067011,198253.56907772348
1067037,198253.56907772348
1067063,198253.56907772348
1067064,198253.56907772348
1067088,198253.56907772348
1067115,198253.56907772348
1067119,198253.56907772348
1067291,198253.56907772348
1067363,198253.56907772348
1067374,198253.56907772348
1067395,198253.56907772348
1067402,198253.56907772348
1067412,198253.56907772348
1067425,198253.56907772348
1067428,198253.56907772348
1067430,198253.56907772348
1067435,198253.56907772348
1067478,198253.56907772348
1067512,198253.56907772348
1067533,198253.56907772348
1067536,198253.56907772348
1067549,198253.56907772348
1067555,198253.56907772348
1067557,198253.56907772348
1067570,198253.56907772348
1067575,198253.56907772348
1067577,198253.56907772348
1067578,198253.56907772348
1067584,198253.56907772348
1067596,198253.56907772348
1067598,198253.56907772348
1067614,198253.56907772348
1067631,198253.56907772348
1067649,198253.56907772348
1067652,198253.56907772348
1067687,198253.56907772348
1067688,198253.56907772348
1067704,198253.56907772348
1067705,198253.56907772348
1067731,198253.56907772348
1067746,198253.56907772348
1067756,198253.56907772348
1067777,198253.56907772348
1067793,198253.56907772348
1067808,198253.56907772348
1067821,198253.56907772348
1067834,198253.56907772348
1067846,198253.56907772348
1067850,198253.56907772348
1067853,198253.56907772348
1067863,198253.56907772348
1067913,198253.56907772348
1067914,198253.56907772348
1067962,198253.56907772348
1067999,198253.56907772348
1068022,198253.56907772348
1068055,198253.56907772348
1068076,198253.56907772348
1068078,198253.56907772348
1068136,198253.56907772348
1068137,198253.56907772348
1068155,198253.56907772348
1068157,198253.56907772348
1068158,198253.56907772348
1068173,198253.56907772348
1068240,198253.56907772348
1068266,198253.56907772348
1068324,198253.56907772348
1068360,198253.56907772348
1068386,198253.56907772348
1068396,198253.56907772348
1068406,198253.56907772348
1068409,198253.56907772348
1068414,198253.56907772348
1068466,198253.56907772348
1068489,198253.56907772348
1068501,198253.56907772348
1068520,198253.56907772348
1068533,198253.56907772348
1068611,198253.56907772348
1068645,198253.56907772348
1068683,198253.56907772348
1068685,198253.56907772348
1068698,198253.56907772348
1068703,198253.56907772348
1068737,198253.56907772348
1068751,198253.56907772348
1068752,198253.56907772348
1068797,198253.56907772348
1068824,198253.56907772348
1068840,198253.56907772348
1068894,198253.56907772348
1068949,198253.56907772348
1068954,198253.56907772348
1068960,198253.56907772348
1069002,198253.56907772348
1069029,198253.56907772348
1069034,198253.56907772348
1069058,198253.56907772348
1069115,198253.56907772348
1069117,198253.56907772348
1069137,198253.56907772348
1069138,198253.56907772348
1069204,198253.56907772348
1069246,198253.56907772348
1069293,198253.56907772348
1069308,198253.56907772348
1069388,198253.56907772348
1069416,198253.56907772348
1069429,198253.56907772348
1069430,198253.56907772348
1069489,198253.56907772348
1069539,198253.56907772348
1069541,198253.56907772348
1069543,198253.56907772348
1069544,198253.56907772348
1069545,198253.56907772348
1069602,198253.56907772348
1069619,198253.56907772348
1069633,198253.56907772348
1069662,198253.56907772348
1069672,198253.56907772348
1069673,198253.56907772348
1069712,198253.56907772348
1069750,198253.56907772348
1069782,198253.56907772348
1069813,198253.56907772348
1069835,198253.56907772348
1069857,198253.56907772348
1069881,198253.56907772348
1069973,198253.56907772348
1069981,198253.56907772348
1069982,198253.56907772348
1070002,198253.56907772348
1070067,198253.56907772348
1070070,198253.56907772348
1070084,198253.56907772348
1070089,198253.56907772348
1070103,198253.56907772348
1070165,198253.56907772348
1070183,198253.56907772348
1070185,198253.56907772348
1070208,198253.56907772348
1070245,198253.56907772348
1070308,198253.56907772348
1070362,198253.56907772348
1070374,198253.56907772348
1070378,198253.56907772348
1070388,198253.56907772348
1070394,198253.56907772348
1070438,198253.56907772348
1070454,198253.56907772348
1070455,198253.56907772348
1070456,198253.56907772348
1070463,198253.56907772348
1070467,198253.56907772348
1070469,198253.56907772348
1070498,198253.56907772348
1070501,198253.56907772348
1070516,198253.56907772348
1070554,198253.56907772348
1070570,198253.56907772348
1070573,198253.56907772348
1070643,198253.56907772348
1070656,198253.56907772348
1070675,198253.56907772348
1070677,198253.56907772348
1070707,198253.56907772348
1070760,198253.56907772348
1070770,198253.56907772348
1070862,198253.56907772348
1070866,198253.56907772348
1070907,198253.56907772348
1070916,198253.56907772348
1071031,198253.56907772348
1071038,198253.56907772348
1071042,198253.56907772348
1071045,198253.56907772348
1071046,198253.56907772348
1071118,198253.56907772348
1071145,198253.56907772348
1071161,198253.56907772348
1071166,198253.56907772348
1071202,198253.56907772348
1071335,198253.56907772348
1071349,198253.56907772348
1071350,198253.56907772348
1071356,198253.56907772348
1071357,198253.56907772348
1071360,198253.56907772348
1071370,198253.56907772348
1071376,198253.56907772348
1071378,198253.56907772348
1071390,198253.56907772348
1071413,198253.56907772348
1071414,198253.56907772348
1071415,198253.56907772348
1071419,198253.56907772348
1071427,198253.56907772348
1071430,198253.56907772348
1071434,198253.56907772348
1071481,198253.56907772348
1071503,198253.56907772348
1071504,198253.56907772348
1071532,198253.56907772348
1071537,198253.56907772348
1071551,198253.56907772348
1071574,198253.56907772348
1071613,198253.56907772348
1071621,198253.56907772348
1071651,198253.56907772348
1071653,198253.56907772348
1071669,198253.56907772348
1071704,198253.56907772348
1071722,198253.56907772348
1071727,198253.56907772348
1071737,198253.56907772348
1071740,198253.56907772348
1071782,198253.56907772348
1071889,198253.56907772348
1071899,198253.56907772348
1071920,198253.56907772348
1071948,198253.56907772348
1071950,198253.56907772348
1071983,198253.56907772348
1071997,198253.56907772348
1072066,198253.56907772348
1072080,198253.56907772348
1072081,198253.56907772348
1072086,198253.56907772348
1072176,198253.56907772348
1072178,198253.56907772348
1072201,198253.56907772348
1072204,198253.56907772348
1072219,198253.56907772348
1072229,198253.56907772348
1072242,198253.56907772348
1072245,198253.56907772348
1072249,198253.56907772348
1072259,198253.56907772348
1072306,198253.56907772348
1072320,198253.56907772348
1072326,198253.56907772348
1072334,198253.56907772348
1072345,198253.56907772348
1072353,198253.56907772348
1072382,198253.56907772348
1072387,198253.56907772348
1072403,198253.56907772348
1072484,198253.56907772348
1072487,198253.56907772348
1072490,198253.56907772348
1072493,198253.56907772348
1072503,198253.56907772348
1072536,198253.56907772348
1072548,198253.56907772348
1072599,198253.56907772348
1072627,198253.56907772348
1072632,198253.56907772348
1072681,198253.56907772348
1072729,198253.56907772348
1072752,198253.56907772348
1072775,198253.56907772348
1072776,198253.56907772348
1072779,198253.56907772348
1072780,198253.56907772348
1072784,198253.56907772348
1072800,198253.56907772348
1072809,198253.56907772348
1072819,198253.56907772348
1072842,198253.56907772348
1072873,198253.56907772348
1072880,198253.56907772348
1072894,198253.56907772348
1072901,198253.56907772348
1072913,198253.56907772348
1072929,198253.56907772348
1072973,198253.56907772348
1073092,198253.56907772348
1073108,198253.56907772348
1073195,198253.56907772348
1073200,198253.56907772348
1073209,198253.56907772348
1073215,198253.56907772348
1073216,198253.56907772348
1073217,198253.56907772348
1073218,198253.56907772348
1073219,198253.56907772348
1073220,198253.56907772348
1073221,198253.56907772348
1073222,198253.56907772348
1073223,198253.56907772348
1073224,198253.56907772348
1073225,198253.56907772348
1073226,198253.56907772348
1073228,198253.56907772348
1073229,198253.56907772348
1073234,198253.56907772348
1073238,198253.56907772348
1073240,198253.56907772348
1073251,198253.56907772348
1073388,198253.56907772348
1073391,198253.56907772348
1073420,198253.56907772348
1073428,198253.56907772348
1073465,198253.56907772348
1073471,198253.56907772348
1073484,198253.56907772348
1073529,198253.56907772348
1073563,198253.56907772348
1073604,198253.56907772348
1073621,198253.56907772348
1073622,198253.56907772348
1073626,198253.56907772348
1073663,198253.56907772348
1073675,198253.56907772348
1073681,198253.56907772348
1073695,198253.56907772348
1073753,198253.56907772348
1073779,198253.56907772348
1073844,198253.56907772348
1073846,198253.56907772348
1074053,198253.56907772348
1074196,198253.56907772348
1074279,198253.56907772348
1074340,198253.56907772348
1074532,198253.56907772348
1074540,198253.56907772348
1074548,198253.56907772348
1074550,198253.56907772348
1074554,198253.56907772348
1074575,198253.56907772348
1074579,198253.56907772348
1074603,198253.56907772348
1074607,198253.56907772348
1074608,198253.56907772348
1074643,198253.56907772348
1074677,198253.56907772348
1074682,198253.56907772348
1074697,198253.56907772348
1074710,198253.56907772348
1074741,198253.56907772348
1074816,198253.56907772348
1074821,198253.56907772348
1074882,198253.56907772348
1074943,198253.56907772348
1074946,198253.56907772348
1074968,198253.56907772348
1074991,198253.56907772348
1075071,198253.56907772348
1075075,198253.56907772348
1075078,198253.56907772348
1075192,198253.56907772348
1075221,198253.56907772348
1075262,198253.56907772348
1075320,198253.56907772348
1075321,198253.56907772348
1075527,198253.56907772348
1075555,198253.56907772348
1075566,198253.56907772348
1075576,198253.56907772348
1075621,198253.56907772348
1075623,198253.56907772348
1075669,198253.56907772348
1075694,198253.56907772348
1075794,198253.56907772348
1075855,198253.56907772348
1075875,198253.56907772348
1075876,198253.56907772348
1075878,198253.56907772348
1075902,198253.56907772348
1075981,198253.56907772348
1076017,198253.56907772348
1076028,198253.56907772348
1076116,198253.56907772348
1076133,198253.56907772348
1076153,198253.56907772348
1076223,198253.56907772348
1076232,198253.56907772348
1076237,198253.56907772348
1076242,198253.56907772348
1076246,198253.56907772348
1076250,198253.56907772348
1076256,198253.56907772348
1076265,198253.56907772348
1076270,198253.56907772348
1076275,198253.56907772348
1076282,198253.56907772348
1076297,198253.56907772348
1076314,198253.56907772348
1076342,198253.56907772348
1076353,198253.56907772348
1076399,198253.56907772348
1076400,198253.56907772348
1076410,198253.56907772348
1076411,198253.56907772348
1076419,198253.56907772348
1076451,198253.56907772348
1076453,198253.56907772348
1076479,198253.56907772348
1076502,198253.56907772348
1076505,198253.56907772348
1076512,198253.56907772348
1076516,198253.56907772348
1076615,198253.56907772348
1076618,198253.56907772348
1076619,198253.56907772348
1076637,198253.56907772348
1076655,198253.56907772348
1076670,198253.56907772348
1076672,198253.56907772348
1076751,198253.56907772348
1076780,198253.56907772348
1076822,198253.56907772348
1076837,198253.56907772348
1076848,198253.56907772348
1076851,198253.56907772348
1076867,198253.56907772348
1076870,198253.56907772348
1076873,198253.56907772348
1076877,198253.56907772348
1076899,198253.56907772348
1076928,198253.56907772348
1076931,198253.56907772348
1077002,198253.56907772348
1077007,198253.56907772348
1077008,198253.56907772348
1077013,198253.56907772348
1077024,198253.56907772348
1077043,198253.56907772348
1077056,198253.56907772348
1077067,198253.56907772348
1077162,198253.56907772348
1077187,198253.56907772348
1077265,198253.56907772348
1077596,198253.56907772348
1077624,198253.56907772348
1077752,198253.56907772348
1077787,198253.56907772348
1077884,198253.56907772348
1078098,198253.56907772348
1078219,198253.56907772348
1078257,198253.56907772348
1078341,198253.56907772348
1078355,198253.56907772348
1078360,198253.56907772348
1078409,198253.56907772348
1078431,198253.56907772348
1078454,198253.56907772348
1078476,198253.56907772348
1078477,198253.56907772348
1078497,198253.56907772348
1078545,198253.56907772348
1078556,198253.56907772348
1078564,198253.56907772348
1078585,198253.56907772348
1078640,198253.56907772348
1078648,198253.56907772348
1078660,198253.56907772348
1078685,198253.56907772348
1078699,198253.56907772348
1078723,198253.56907772348
1078725,198253.56907772348
1078736,198253.56907772348
1078773,198253.56907772348
1078806,198253.56907772348
1078814,198253.56907772348
1078885,198253.56907772348
1078899,198253.56907772348
1078908,198253.56907772348
1078969,198253.56907772348
1079020,198253.56907772348
1079036,198253.56907772348
1079059,198253.56907772348
1079068,198253.56907772348
1079153,198253.56907772348
1079183,198253.56907772348
1079230,198253.56907772348
1079254,198253.56907772348
1079277,198253.56907772348
1079282,198253.56907772348
1079294,198253.56907772348
1079320,198253.56907772348
1079334,198253.56907772348
1079343,198253.56907772348
1079356,198253.56907772348
1079382,198253.56907772348
1079459,198253.56907772348
1079463,198253.56907772348
1079464,198253.56907772348
1079479,198253.56907772348
1079483,198253.56907772348
1079497,198253.56907772348
1079498,198253.56907772348
1079503,198253.56907772348
1079504,198253.56907772348
1079528,198253.56907772348
1079568,198253.56907772348
1079600,198253.56907772348
1079607,198253.56907772348
1079608,198253.56907772348
1079612,198253.56907772348
1079618,198253.56907772348
1079705,198253.56907772348
1079766,198253.56907772348
1079842,198253.56907772348
1079850,198253.56907772348
1079853,198253.56907772348
1079868,198253.56907772348
1079892,198253.56907772348
1079895,198253.56907772348
1079928,198253.56907772348
1079992,198253.56907772348
1079994,198253.56907772348
1079995,198253.56907772348
1080005,198253.56907772348
1080008,198253.56907772348
1080010,198253.56907772348
1080011,198253.56907772348
1080015,198253.56907772348
1080025,198253.56907772348
1080028,198253.56907772348
1080030,198253.56907772348
1080032,198253.56907772348
1080034,198253.56907772348
1080037,198253.56907772348
1080063,198253.56907772348
1080064,198253.56907772348
1080065,198253.56907772348
1080066,198253.56907772348
1080069,198253.56907772348
1080072,198253.56907772348
1080077,198253.56907772348
1080111,198253.56907772348
1080133,198253.56907772348
1080147,198253.56907772348
1080162,198253.56907772348
1080187,198253.56907772348
1080200,198253.56907772348
1080279,198253.56907772348
1080290,198253.56907772348
1080292,198253.56907772348
1080299,198253.56907772348
1080327,198253.56907772348
1080328,198253.56907772348
1080332,198253.56907772348
1080334,198253.56907772348
1080342,198253.56907772348
1080343,198253.56907772348
1080364,198253.56907772348
1080379,198253.56907772348
1080382,198253.56907772348
1080383,198253.56907772348
1080399,198253.56907772348
1080401,198253.56907772348
1080426,198253.56907772348
1080440,198253.56907772348
1080450,198253.56907772348
1080465,198253.56907772348
1080482,198253.56907772348
1080485,198253.56907772348
1080507,198253.56907772348
1080562,198253.56907772348
1080606,198253.56907772348
1080621,198253.56907772348
1080633,198253.56907772348
1080663,198253.56907772348
1080670,198253.56907772348
1080752,198253.56907772348
1080755,198253.56907772348
1080757,198253.56907772348
1080776,198253.56907772348
1080802,198253.56907772348
1080807,198253.56907772348
1080836,198253.56907772348
1080849,198253.56907772348
1080858,198253.56907772348
1080859,198253.56907772348
1080914,198253.56907772348
1080921,198253.56907772348
1080937,198253.56907772348
1080977,198253.56907772348
1080980,198253.56907772348
1080983,198253.56907772348
1081011,198253.56907772348
1081038,198253.56907772348
1081055,198253.56907772348
1081112,198253.56907772348
1081125,198253.56907772348
1081153,198253.56907772348
1081170,198253.56907772348
1081201,198253.56907772348
1081232,198253.56907772348
1081267,198253.56907772348
1081351,198253.56907772348
1081356,198253.56907772348
1081395,198253.56907772348
1081435,198253.56907772348
1081436,198253.56907772348
1081442,198253.56907772348
1081472,198253.56907772348
1081487,198253.56907772348
1081508,198253.56907772348
1081512,198253.56907772348
1081528,198253.56907772348
1081552,198253.56907772348
1081575,198253.56907772348
1081706,198253.56907772348
1081782,198253.56907772348
1081785,198253.56907772348
1081787,198253.56907772348
1081832,198253.56907772348
1081833,198253.56907772348
1081838,198253.56907772348
1081841,198253.56907772348
1081843,198253.56907772348
1081844,198253.56907772348
1081848,198253.56907772348
1081869,198253.56907772348
1081902,198253.56907772348
1081903,198253.56907772348
1081908,198253.56907772348
1081924,198253.56907772348
1081936,198253.56907772348
1081949,198253.56907772348
1081970,198253.56907772348
1082039,198253.56907772348
1082045,198253.56907772348
1082046,198253.56907772348
1082048,198253.56907772348
1082118,198253.56907772348
1082145,198253.56907772348
1082147,198253.56907772348
1082163,198253.56907772348
1082251,198253.56907772348
1082254,198253.56907772348
1082255,198253.56907772348
1082327,198253.56907772348
1082342,198253.56907772348
1082343,198253.56907772348
1082360,198253.56907772348
1082376,198253.56907772348
1082382,198253.56907772348
1082390,198253.56907772348
1082417,198253.56907772348
1082420,198253.56907772348
1082432,198253.56907772348
1082441,198253.56907772348
1082442,198253.56907772348
1082461,198253.56907772348
1082482,198253.56907772348
1082483,198253.56907772348
1082488,198253.56907772348
1082504,198253.56907772348
1082508,198253.56907772348
1082533,198253.56907772348
1082548,198253.56907772348
1082549,198253.56907772348
1082586,198253.56907772348
1082640,198253.56907772348
1082677,198253.56907772348
1082833,198253.56907772348
1082840,198253.56907772348
1082846,198253.56907772348
1082857,198253.56907772348
1082863,198253.56907772348
1082867,198253.56907772348
1082927,198253.56907772348
1082928,198253.56907772348
1082958,198253.56907772348
1083026,198253.56907772348
1083029,198253.56907772348
1083052,198253.56907772348
1083095,198253.56907772348
1083118,198253.56907772348
1083122,198253.56907772348
1083137,198253.56907772348
1083208,198253.56907772348
1083251,198253.56907772348
1083264,198253.56907772348
1083284,198253.56907772348
1083291,198253.56907772348
1083296,198253.56907772348
1083300,198253.56907772348
1083303,198253.56907772348
1083345,198253.56907772348
1083382,198253.56907772348
1083388,198253.56907772348
1083392,198253.56907772348
1083402,198253.56907772348
1083405,198253.56907772348
1083495,198253.56907772348
1083545,198253.56907772348
1086147,198253.56907772348
1086216,198253.56907772348
1086243,198253.56907772348
1086254,198253.56907772348
1086282,198253.56907772348
1086309,198253.56907772348
1086312,198253.56907772348
1086333,198253.56907772348
1086344,198253.56907772348
1086616,198253.56907772348
1086670,198253.56907772348
1086770,198253.56907772348
1086802,198253.56907772348
1086813,198253.56907772348
1086818,198253.56907772348
1086819,198253.56907772348
1086820,198253.56907772348
1086826,198253.56907772348
1086827,198253.56907772348
1086842,198253.56907772348
1086844,198253.56907772348
1086846,198253.56907772348
1086847,198253.56907772348
1086848,198253.56907772348
1086864,198253.56907772348
1086917,198253.56907772348
1086918,198253.56907772348
1086963,198253.56907772348
1086991,198253.56907772348
1086999,198253.56907772348
1087035,198253.56907772348
1087054,198253.56907772348
1087111,198253.56907772348
1087112,198253.56907772348
1087115,198253.56907772348
1087116,198253.56907772348
1087132,198253.56907772348
1087135,198253.56907772348
1087193,198253.56907772348
1087235,198253.56907772348
1087237,198253.56907772348
1087238,198253.56907772348
1087241,198253.56907772348
1087288,198253.56907772348
1087329,198253.56907772348
1087340,198253.56907772348
1087346,198253.56907772348
1087349,198253.56907772348
1087375,198253.56907772348
1087389,198253.56907772348
1087406,198253.56907772348
1087423,198253.56907772348
1087432,198253.56907772348
1093650,198253.56907772348
1093654,198253.56907772348
1093657,198253.56907772348
1093659,198253.56907772348
1093661,198253.56907772348
1093675,198253.56907772348
1093684,198253.56907772348
1093703,198253.56907772348
1093710,198253.56907772348
1093711,198253.56907772348
1093718,198253.56907772348
1093725,198253.56907772348
1093808,198253.56907772348
1093813,198253.56907772348
1093816,198253.56907772348
1093817,198253.56907772348
1093845,198253.56907772348
1093848,198253.56907772348
1093904,198253.56907772348
1093906,198253.56907772348
1093909,198253.56907772348
1093920,198253.56907772348
1093958,198253.56907772348
1093960,198253.56907772348
1094005,198253.56907772348
1094008,198253.56907772348
1094012,198253.56907772348
1094018,198253.56907772348
1094108,198253.56907772348
1094111,198253.56907772348
1094126,198253.56907772348
1094128,198253.56907772348
1094133,198253.56907772348
1094136,198253.56907772348
1094142,198253.56907772348
1094151,198253.56907772348
1094174,198253.56907772348
1094196,198253.56907772348
1094198,198253.56907772348
1094232,198253.56907772348
1094299,198253.56907772348
1094334,198253.56907772348
1094348,198253.56907772348
1094353,198253.56907772348
1094362,198253.56907772348
1094412,198253.56907772348
1094416,198253.56907772348
1094419,198253.56907772348
1094463,198253.56907772348
1094464,198253.56907772348
1094519,198253.56907772348
1094530,198253.56907772348
1094531,198253.56907772348
1094538,198253.56907772348
1094590,198253.56907772348
1094633,198253.56907772348
1094660,198253.56907772348
1094668,198253.56907772348
1094694,198253.56907772348
1094714,198253.56907772348
1094717,198253.56907772348
1094747,198253.56907772348
1094771,198253.56907772348
1094773,198253.56907772348
1094779,198253.56907772348
1094810,198253.56907772348
1094817,198253.56907772348
1094818,198253.56907772348
1094822,198253.56907772348
1094855,198253.56907772348
1094858,198253.56907772348
1094864,198253.56907772348
1094895,198253.56907772348
1094910,198253.56907772348
1094939,198253.56907772348
1094960,198253.56907772348
1095019,198253.56907772348
1095021,198253.56907772348
1095025,198253.56907772348
1095029,198253.56907772348
1095031,198253.56907772348
1095067,198253.56907772348
1095105,198253.56907772348
1095126,198253.56907772348
1095135,198253.56907772348
1095139,198253.56907772348
1095146,198253.56907772348
1095292,198253.56907772348
1095313,198253.56907772348
1095326,198253.56907772348
1095334,198253.56907772348
1095343,198253.56907772348
1095383,198253.56907772348
1095399,198253.56907772348
1095416,198253.56907772348
1095448,198253.56907772348
1095478,198253.56907772348
1095480,198253.56907772348
1095496,198253.56907772348
1095500,198253.56907772348
1095529,198253.56907772348
1095536,198253.56907772348
1095552,198253.56907772348
1095588,198253.56907772348
1095624,198253.56907772348
1095650,198253.56907772348
1095691,198253.56907772348
1095735,198253.56907772348
1095799,198253.56907772348
1095804,198253.56907772348
1095810,198253.56907772348
1095827,198253.56907772348
1095841,198253.56907772348
1095853,198253.56907772348
1095860,198253.56907772348
1095866,198253.56907772348
1095906,198253.56907772348
1095907,198253.56907772348
1095926,198253.56907772348
1095949,198253.56907772348
1096078,198253.56907772348
1096079,198253.56907772348
1096090,198253.56907772348
1096148,198253.56907772348
1096213,198253.56907772348
1096235,198253.56907772348
1096271,198253.56907772348
1096279,198253.56907772348
1096316,198253.56907772348
1096318,198253.56907772348
1096335,198253.56907772348
1096339,198253.56907772348
1096405,198253.56907772348
1096417,198253.56907772348
1096464,198253.56907772348
1096480,198253.56907772348
1096484,198253.56907772348
1096513,198253.56907772348
1096539,198253.56907772348
1096546,198253.56907772348
1096550,198253.56907772348
1096556,198253.56907772348
1096573,198253.56907772348
1096583,198253.56907772348
1096585,198253.56907772348
1096590,198253.56907772348
1096593,198253.56907772348
1096600,198253.56907772348
1096627,198253.56907772348
1096631,198253.56907772348
1096691,198253.56907772348
1096700,198253.56907772348
1096716,198253.56907772348
1096723,198253.56907772348
1096749,198253.56907772348
1096777,198253.56907772348
1096784,198253.56907772348
1096858,198253.56907772348
1096873,198253.56907772348
1096921,198253.56907772348
1096936,198253.56907772348
1096968,198253.56907772348
1096972,198253.56907772348
1097023,198253.56907772348
1097024,198253.56907772348
1097040,198253.56907772348
1097041,198253.56907772348
1097045,198253.56907772348
1097078,198253.56907772348
1097079,198253.56907772348
1097082,198253.56907772348
1097084,198253.56907772348
1097102,198253.56907772348
1097259,198253.56907772348
1097283,198253.56907772348
1097365,198253.56907772348
1097366,198253.56907772348
1097476,198253.56907772348
1097499,198253.56907772348
1097500,198253.56907772348
1097511,198253.56907772348
1097514,198253.56907772348
1097544,198253.56907772348
1097562,198253.56907772348
1097569,198253.56907772348
1097597,198253.56907772348
1097609,198253.56907772348
1097635,198253.56907772348
1097650,198253.56907772348
1097655,198253.56907772348
1097659,198253.56907772348
1097664,198253.56907772348
1097673,198253.56907772348
1097675,198253.56907772348
1097698,198253.56907772348
1097718,198253.56907772348
1097755,198253.56907772348
1097767,198253.56907772348
1097777,198253.56907772348
1097778,198253.56907772348
1097795,198253.56907772348
1097861,198253.56907772348
1097886,198253.56907772348
1097887,198253.56907772348
1097888,198253.56907772348
1097928,198253.56907772348
1097949,198253.56907772348
1097975,198253.56907772348
1097993,198253.56907772348
1097994,198253.56907772348
1098066,198253.56907772348
1098122,198253.56907772348
1098125,198253.56907772348
1098140,198253.56907772348
1098199,198253.56907772348
1098213,198253.56907772348
1098215,198253.56907772348
1098219,198253.56907772348
1098228,198253.56907772348
1098252,198253.56907772348
1098268,198253.56907772348
1098275,198253.56907772348
1098362,198253.56907772348
1098365,198253.56907772348
1098396,198253.56907772348
1098468,198253.56907772348
1098495,198253.56907772348
1098569,198253.56907772348
1098588,198253.56907772348
1098633,198253.56907772348
1098693,198253.56907772348
1098698,198253.56907772348
1098706,198253.56907772348
1098771,198253.56907772348
1098971,198253.56907772348
1098987,198253.56907772348
1098991,198253.56907772348
1098994,198253.56907772348
1099004,198253.56907772348
1099021,198253.56907772348
1099030,198253.56907772348
1099038,198253.56907772348
1099039,198253.56907772348
1099045,198253.56907772348
1099133,198253.56907772348
1099137,198253.56907772348
1099153,198253.56907772348
1099180,198253.56907772348
1099183,198253.56907772348
1099184,198253.56907772348
1099199,198253.56907772348
1099315,198253.56907772348
1099316,198253.56907772348
1099320,198253.56907772348
1099323,198253.56907772348
1099326,198253.56907772348
1099329,198253.56907772348
1099335,198253.56907772348
1099338,198253.56907772348
1099342,198253.56907772348
1099350,198253.56907772348
1099351,198253.56907772348
1099359,198253.56907772348
1099364,198253.56907772348
1099366,198253.56907772348
1099382,198253.56907772348
1099383,198253.56907772348
1099407,198253.56907772348
1099414,198253.56907772348
1099441,198253.56907772348
1099447,198253.56907772348
1099465,198253.56907772348
1099469,198253.56907772348
1099488,198253.56907772348
1099520,198253.56907772348
1099562,198253.56907772348
1099567,198253.56907772348
1099623,198253.56907772348
1099651,198253.56907772348
1099664,198253.56907772348
1099665,198253.56907772348
1099671,198253.56907772348
1099702,198253.56907772348
1099722,198253.56907772348
1099725,198253.56907772348
1099726,198253.56907772348
1099728,198253.56907772348
1099729,198253.56907772348
1099734,198253.56907772348
1099740,198253.56907772348
1099743,198253.56907772348
1099768,198253.56907772348
1099774,198253.56907772348
1099796,198253.56907772348
1099815,198253.56907772348
1099837,198253.56907772348
1099916,198253.56907772348
1099928,198253.56907772348
1099941,198253.56907772348
1099946,198253.56907772348
1099948,198253.56907772348
1099950,198253.56907772348
1099972,198253.56907772348
1099995,198253.56907772348
1099996,198253.56907772348
1100056,198253.56907772348
1100076,198253.56907772348
1100169,198253.56907772348
1100171,198253.56907772348
1100178,198253.56907772348
1100189,198253.56907772348
1100191,198253.56907772348
1100192,198253.56907772348
1100194,198253.56907772348
1100205,198253.56907772348
1100224,198253.56907772348
1100257,198253.56907772348
1100317,198253.56907772348
1100329,198253.56907772348
1100345,198253.56907772348
1100388,198253.56907772348
1100391,198253.56907772348
1100460,198253.56907772348
1100509,198253.56907772348
1100516,198253.56907772348
1100532,198253.56907772348
1100537,198253.56907772348
1100548,198253.56907772348
1100583,198253.56907772348
1100596,198253.56907772348
1100601,198253.56907772348
1100611,198253.56907772348
1100619,198253.56907772348
1100658,198253.56907772348
1100660,198253.56907772348
1100674,198253.56907772348
1100682,198253.56907772348
1100692,198253.56907772348
1100719,198253.56907772348
1100743,198253.56907772348
1100780,198253.56907772348
1100810,198253.56907772348
1100829,198253.56907772348
1100840,198253.56907772348
1100852,198253.56907772348
1100865,198253.56907772348
1100897,198253.56907772348
1100931,198253.56907772348
1100932,198253.56907772348
1100938,198253.56907772348
1100944,198253.56907772348
1100945,198253.56907772348
1100946,198253.56907772348
1100947,198253.56907772348
1100948,198253.56907772348
1100953,198253.56907772348
1100955,198253.56907772348
1100957,198253.56907772348
1100960,198253.56907772348
1100962,198253.56907772348
1100984,198253.56907772348
1100985,198253.56907772348
1101003,198253.56907772348
1101004,198253.56907772348
1101005,198253.56907772348
1101006,198253.56907772348
1101007,198253.56907772348
1101012,198253.56907772348
1101064,198253.56907772348
1101073,198253.56907772348
1101084,198253.56907772348
1101086,198253.56907772348
1101094,198253.56907772348
1101102,198253.56907772348
1101127,198253.56907772348
1101173,198253.56907772348
1101180,198253.56907772348
1101202,198253.56907772348
1101203,198253.56907772348
1101207,198253.56907772348
1101208,198253.56907772348
1101232,198253.56907772348
1101240,198253.56907772348
1101252,198253.56907772348
1101258,198253.56907772348
1101263,198253.56907772348
1101276,198253.56907772348
1101292,198253.56907772348
1101294,198253.56907772348
1101303,198253.56907772348
1101319,198253.56907772348
1101326,198253.56907772348
1101330,198253.56907772348
1101331,198253.56907772348
1101333,198253.56907772348
1101335,198253.56907772348
1101351,198253.56907772348
1101378,198253.56907772348
1101418,198253.56907772348
1101423,198253.56907772348
1101428,198253.56907772348
1101517,198253.56907772348
1101591,198253.56907772348
1101616,198253.56907772348
1101739,198253.56907772348
1101759,198253.56907772348
1101799,198253.56907772348
1101800,198253.56907772348
1101801,198253.56907772348
1101814,198253.56907772348
1101859,198253.56907772348
1101869,198253.56907772348
1101901,198253.56907772348
1101931,198253.56907772348
1101932,198253.56907772348
1101976,198253.56907772348
1102031,198253.56907772348
1102046,198253.56907772348
1102066,198253.56907772348
1102090,198253.56907772348
1102112,198253.56907772348
1102117,198253.56907772348
1102119,198253.56907772348
1102123,198253.56907772348
1102135,198253.56907772348
1102169,198253.56907772348
1102170,198253.56907772348
1102240,198253.56907772348
1102248,198253.56907772348
1102273,198253.56907772348
1102307,198253.56907772348
1102332,198253.56907772348
1102413,198253.56907772348
1102414,198253.56907772348
1102415,198253.56907772348
1102416,198253.56907772348
1102417,198253.56907772348
1102422,198253.56907772348
1102423,198253.56907772348
1102430,198253.56907772348
1102431,198253.56907772348
1102434,198253.56907772348
1102452,198253.56907772348
1102470,198253.56907772348
1102505,198253.56907772348
1102509,198253.56907772348
1102527,198253.56907772348
1102537,198253.56907772348
1102564,198253.56907772348
1102603,198253.56907772348
1102608,198253.56907772348
1102646,198253.56907772348
1102647,198253.56907772348
1102650,198253.56907772348
1102655,198253.56907772348
1102657,198253.56907772348
1102660,198253.56907772348
1102685,198253.56907772348
1102688,198253.56907772348
1102699,198253.56907772348
1102704,198253.56907772348
1102705,198253.56907772348
1102728,198253.56907772348
1102735,198253.56907772348
1102750,198253.56907772348
1102770,198253.56907772348
1102790,198253.56907772348
1102797,198253.56907772348
1102800,198253.56907772348
1102806,198253.56907772348
1102844,198253.56907772348
1102862,198253.56907772348
1102908,198253.56907772348
1102909,198253.56907772348
1102959,198253.56907772348
1102970,198253.56907772348
1102986,198253.56907772348
1103044,198253.56907772348
1103076,198253.56907772348
1103095,198253.56907772348
1103226,198253.56907772348
1103227,198253.56907772348
1103228,198253.56907772348
1103229,198253.56907772348
1103249,198253.56907772348
1103253,198253.56907772348
1103258,198253.56907772348
1103264,198253.56907772348
1103265,198253.56907772348
1103278,198253.56907772348
1103279,198253.56907772348
1103282,198253.56907772348
1103361,198253.56907772348
1103386,198253.56907772348
1103396,198253.56907772348
1103402,198253.56907772348
1103403,198253.56907772348
1103404,198253.56907772348
1103418,198253.56907772348
1103419,198253.56907772348
1103431,198253.56907772348
1103481,198253.56907772348
1103489,198253.56907772348
1103584,198253.56907772348
1103598,198253.56907772348
1103600,198253.56907772348
1103604,198253.56907772348
1103606,198253.56907772348
1103614,198253.56907772348
1103646,198253.56907772348
1103668,198253.56907772348
1103669,198253.56907772348
1103678,198253.56907772348
1103711,198253.56907772348
1103726,198253.56907772348
1103731,198253.56907772348
1103735,198253.56907772348
1103741,198253.56907772348
1103838,198253.56907772348
1103903,198253.56907772348
1103914,198253.56907772348
1103991,198253.56907772348
1103997,198253.56907772348
1104005,198253.56907772348
1104027,198253.56907772348
1104035,198253.56907772348
1104045,198253.56907772348
1104073,198253.56907772348
1104122,198253.56907772348
1104123,198253.56907772348
1104132,198253.56907772348
1104247,198253.56907772348
1104252,198253.56907772348
1104265,198253.56907772348
1104276,198253.56907772348
1104292,198253.56907772348
1104347,198253.56907772348
1104357,198253.56907772348
1104358,198253.56907772348
1104369,198253.56907772348
1104944,198253.56907772348
1104946,198253.56907772348
1104949,198253.56907772348
1104951,198253.56907772348
1104953,198253.56907772348
1104955,198253.56907772348
1104972,198253.56907772348
1105018,198253.56907772348
1105021,198253.56907772348
1105024,198253.56907772348
1105025,198253.56907772348
1105044,198253.56907772348
1105046,198253.56907772348
1105047,198253.56907772348
1105050,198253.56907772348
1105051,198253.56907772348
1105052,198253.56907772348
1105053,198253.56907772348
1105071,198253.56907772348
1105081,198253.56907772348
1105207,198253.56907772348
1105210,198253.56907772348
1105265,198253.56907772348
1105266,198253.56907772348
1105267,198253.56907772348
1105268,198253.56907772348
1105280,198253.56907772348
1105281,198253.56907772348
1105282,198253.56907772348
1105376,198253.56907772348
1105429,198253.56907772348
1105465,198253.56907772348
1105493,198253.56907772348
1105496,198253.56907772348
1105557,198253.56907772348
1105558,198253.56907772348
1105575,198253.56907772348
1105576,198253.56907772348
1105581,198253.56907772348
1105621,198253.56907772348
1105622,198253.56907772348
1105698,198253.56907772348
1105699,198253.56907772348
1105700,198253.56907772348
1105702,198253.56907772348
1105705,198253.56907772348
1105706,198253.56907772348
1105711,198253.56907772348
1105799,198253.56907772348
1105802,198253.56907772348
1105803,198253.56907772348
1105805,198253.56907772348
1105806,198253.56907772348
1105807,198253.56907772348
1105828,198253.56907772348
1105830,198253.56907772348
1105831,198253.56907772348
1105832,198253.56907772348
1105849,198253.56907772348
1105855,198253.56907772348
1105898,198253.56907772348
1105899,198253.56907772348
1105935,198253.56907772348
1105989,198253.56907772348
1106068,198253.56907772348
1106069,198253.56907772348
1106073,198253.56907772348
1106085,198253.56907772348
1106086,198253.56907772348
1106135,198253.56907772348
1106164,198253.56907772348
1106193,198253.56907772348
1106196,198253.56907772348
1106244,198253.56907772348
1106253,198253.56907772348
1106256,198253.56907772348
1106586,198253.56907772348
1106587,198253.56907772348
1106588,198253.56907772348
1106589,198253.56907772348
1106600,198253.56907772348
1106608,198253.56907772348
1106715,198253.56907772348
1106789,198253.56907772348
1106790,198253.56907772348
1106791,198253.56907772348
1106792,198253.56907772348
1106793,198253.56907772348
1106794,198253.56907772348
1106869,198253.56907772348
1106954,198253.56907772348
1107205,198253.56907772348
1107331,198253.56907772348
1107333,198253.56907772348
1107389,198253.56907772348
1107390,198253.56907772348
1107392,198253.56907772348
1107394,198253.56907772348
1107395,198253.56907772348
1107469,198253.56907772348
1107483,198253.56907772348
1107491,198253.56907772348
1107667,198253.56907772348
1107772,198253.56907772348
1107775,198253.56907772348
1107785,198253.56907772348
1107786,198253.56907772348
1107787,198253.56907772348
1202392,198253.56907772348
1202393,198253.56907772348
1202395,198253.56907772348
1202440,198253.56907772348
1202550,198253.56907772348
1202552,198253.56907772348
1202577,198253.56907772348
1202580,198253.56907772348
1202842,198253.56907772348
1202844,198253.56907772348
1202860,198253.56907772348
1202861,198253.56907772348
1202869,198253.56907772348
1202876,198253.56907772348
1202892,198253.56907772348
1202903,198253.56907772348
1214273,198253.56907772348
1214280,198253.56907772348
1214445,198253.56907772348
1214448,198253.56907772348
1214449,198253.56907772348
1214464,198253.56907772348
1214572,198253.56907772348
1214574,198253.56907772348
1214584,198253.56907772348
1214608,198253.56907772348
1214640,198253.56907772348
1214643,198253.56907772348
1214651,198253.56907772348
1214652,198253.56907772348
1214657,198253.56907772348
1214661,198253.56907772348
1214673,198253.56907772348
1214675,198253.56907772348
1214679,198253.56907772348
1214703,198253.56907772348
1215040,198253.56907772348
1215050,198253.56907772348
1215134,198253.56907772348
1215138,198253.56907772348
1215362,198253.56907772348
1215366,198253.56907772348
1215368,198253.56907772348
1215369,198253.56907772348
1215374,198253.56907772348
1215388,198253.56907772348
1215448,198253.56907772348
1215451,198253.56907772348
1215486,198253.56907772348
1215488,198253.56907772348
1215496,198253.56907772348
1215498,198253.56907772348
1215555,198253.56907772348
1215556,198253.56907772348
1215560,198253.56907772348
1215573,198253.56907772348
1215591,198253.56907772348
1215596,198253.56907772348
1215746,198253.56907772348
1215748,198253.56907772348
1215754,198253.56907772348
1215756,198253.56907772348
1215758,198253.56907772348
1215761,198253.56907772348
1215762,198253.56907772348
1215766,198253.56907772348
1215767,198253.56907772348
1215776,198253.56907772348
1215784,198253.56907772348
1215791,198253.56907772348
1215796,198253.56907772348
1215797,198253.56907772348
1215798,198253.56907772348
1215806,198253.56907772348
1215810,198253.56907772348
1216439,198253.56907772348
1217024,198253.56907772348
1217029,198253.56907772348
1217034,198253.56907772348
1217036,198253.56907772348
1217037,198253.56907772348
1217038,198253.56907772348
1217233,198253.56907772348
1217234,198253.56907772348
1217247,198253.56907772348
1217248,198253.56907772348
1217250,198253.56907772348
1217540,198253.56907772348
1217556,198253.56907772348
1217557,198253.56907772348
1217559,198253.56907772348
1217578,198253.56907772348
1217875,198253.56907772348
1217881,198253.56907772348
1219303,198253.56907772348
1219356,198253.56907772348
1219361,198253.56907772348
1219426,198253.56907772348
1219482,198253.56907772348
1219492,198253.56907772348
1219515,198253.56907772348
1219518,198253.56907772348
1219520,198253.56907772348
1219620,198253.56907772348
1219653,198253.56907772348
1219665,198253.56907772348
1219668,198253.56907772348
1219670,198253.56907772348
1219706,198253.56907772348
1219714,198253.56907772348
1219756,198253.56907772348
1220007,198253.56907772348
1220137,198253.56907772348
1220139,198253.56907772348
1220671,198253.56907772348
1220690,198253.56907772348
1220731,198253.56907772348
1220732,198253.56907772348
1220739,198253.56907772348
1222082,198253.56907772348
1222084,198253.56907772348
1222087,198253.56907772348
1222182,198253.56907772348
1222183,198253.56907772348
1222194,198253.56907772348
1222252,198253.56907772348
1223720,198253.56907772348
1223812,198253.56907772348
1223816,198253.56907772348
1223827,198253.56907772348
1223836,198253.56907772348
1223838,198253.56907772348
1223841,198253.56907772348
1223860,198253.56907772348
1223861,198253.56907772348
1223863,198253.56907772348
1223867,198253.56907772348
1223875,198253.56907772348
1223892,198253.56907772348
1223897,198253.56907772348
1224003,198253.56907772348
1224006,198253.56907772348
1224010,198253.56907772348
1224014,198253.56907772348
1224033,198253.56907772348
1224068,198253.56907772348
1224071,198253.56907772348
1224121,198253.56907772348
1224146,198253.56907772348
1224153,198253.56907772348
1224653,198253.56907772348
1224668,198253.56907772348
1224776,198253.56907772348
1224788,198253.56907772348
1225148,198253.56907772348
1225155,198253.56907772348
1225157,198253.56907772348
1225159,198253.56907772348
1225238,198253.56907772348
1225323,198253.56907772348
1225362,198253.56907772348
1225363,198253.56907772348
1225376,198253.56907772348
1225378,198253.56907772348
1225818,198253.56907772348
1226392,198253.56907772348
1226394,198253.56907772348
1226516,198253.56907772348
1226517,198253.56907772348
1226741,198253.56907772348
1226743,198253.56907772348
1226745,198253.56907772348
1226748,198253.56907772348
1226749,198253.56907772348
1226782,198253.56907772348
1226789,198253.56907772348
1226799,198253.56907772348
1226860,198253.56907772348
1226867,198253.56907772348
1226963,198253.56907772348
1227068,198253.56907772348
1227072,198253.56907772348
1227075,198253.56907772348
1227080,198253.56907772348
1227083,198253.56907772348
1227087,198253.56907772348
1227113,198253.56907772348
1227115,198253.56907772348
1227127,198253.56907772348
1227165,198253.56907772348
1227292,198253.56907772348
1227294,198253.56907772348
1227296,198253.56907772348
1227675,198253.56907772348
1227679,198253.56907772348
1227680,198253.56907772348
1227687,198253.56907772348
1227690,198253.56907772348
1227707,198253.56907772348
1227708,198253.56907772348
1227709,198253.56907772348
1227720,198253.56907772348
1227815,198253.56907772348
1227857,198253.56907772348
1227859,198253.56907772348
1227865,198253.56907772348
1227902,198253.56907772348
1227904,198253.56907772348
1227921,198253.56907772348
1227928,198253.56907772348
1227948,198253.56907772348
1227951,198253.56907772348
1228096,198253.56907772348
1228098,198253.56907772348
1228597,198253.56907772348
1228622,198253.56907772348
1228630,198253.56907772348
1228639,198253.56907772348
1228640,198253.56907772348
1228821,198253.56907772348
1228828,198253.56907772348
1228829,198253.56907772348
1228966,198253.56907772348
1228972,198253.56907772348
1228973,198253.56907772348
1228974,198253.56907772348
1228985,198253.56907772348
1229013,198253.56907772348
1229016,198253.56907772348
1229018,198253.56907772348
1229020,198253.56907772348
1229022,198253.56907772348
1229028,198253.56907772348
1229030,198253.56907772348
1229031,198253.56907772348
1229038,198253.56907772348
1229176,198253.56907772348
1229188,198253.56907772348
1229190,198253.56907772348
1229201,198253.56907772348
1229212,198253.56907772348
1229218,198253.56907772348
1229220,198253.56907772348
1229224,198253.56907772348
1229225,198253.56907772348
1229462,198253.56907772348
1229540,198253.56907772348
1229541,198253.56907772348
1229591,198253.56907772348
1229597,198253.56907772348
1229598,198253.56907772348
1230015,198253.56907772348
1230020,198253.56907772348
1230030,198253.56907772348
1230031,198253.56907772348
1230037,198253.56907772348
1230038,198253.56907772348
1230039,198253.56907772348
1230040,198253.56907772348
1230045,198253.56907772348
1230070,198253.56907772348
1231407,198253.56907772348
1231410,198253.56907772348
1231549,198253.56907772348
1231551,198253.56907772348
1231558,198253.56907772348
1231661,198253.56907772348
1231688,198253.56907772348
1231696,198253.56907772348
1231704,198253.56907772348
1231710,198253.56907772348
1231711,198253.56907772348
1231719,198253.56907772348
1231753,198253.56907772348
1231846,198253.56907772348
1231908,198253.56907772348
1231938,198253.56907772348
1231982,198253.56907772348
1232000,198253.56907772348
1232001,198253.56907772348
1232002,198253.56907772348
1232475,198253.56907772348
1232477,198253.56907772348
1232484,198253.56907772348
1232490,198253.56907772348
1232637,198253.56907772348
1232646,198253.56907772348
1232662,198253.56907772348
1233033,198253.56907772348
1233038,198253.56907772348
1233250,198253.56907772348
1233263,198253.56907772348
1233265,198253.56907772348
1233268,198253.56907772348
1233307,198253.56907772348
1233314,198253.56907772348
1233329,198253.56907772348
1233345,198253.56907772348
1233349,198253.56907772348
1233447,198253.56907772348
1233450,198253.56907772348
1233453,198253.56907772348
1233462,198253.56907772348
1233465,198253.56907772348
1233471,198253.56907772348
1233474,198253.56907772348
1233479,198253.56907772348
1233487,198253.56907772348
1233488,198253.56907772348
1233490,198253.56907772348
1233493,198253.56907772348
1233495,198253.56907772348
1233497,198253.56907772348
1233542,198253.56907772348
1233552,198253.56907772348
1233557,198253.56907772348
1233567,198253.56907772348
1233568,198253.56907772348
1233569,198253.56907772348
1233683,198253.56907772348
1233764,198253.56907772348
1233861,198253.56907772348
1233877,198253.56907772348
1233987,198253.56907772348
1233989,198253.56907772348
1234069,198253.56907772348
1234103,198253.56907772348
1234104,198253.56907772348
1234343,198253.56907772348
1234348,198253.56907772348
1234349,198253.56907772348
1234495,198253.56907772348
1234496,198253.56907772348
1234497,198253.56907772348
1234499,198253.56907772348
1234515,198253.56907772348
1234516,198253.56907772348
1234528,198253.56907772348
1234612,198253.56907772348
1234760,198253.56907772348
1234763,198253.56907772348
1234766,198253.56907772348
1234772,198253.56907772348
1234818,198253.56907772348
1235137,198253.56907772348
1235157,198253.56907772348
1235163,198253.56907772348
1235168,198253.56907772348
1235169,198253.56907772348
1235170,198253.56907772348
1235228,198253.56907772348
1235244,198253.56907772348
1235266,198253.56907772348
1235290,198253.56907772348
1235294,198253.56907772348
1235303,198253.56907772348
1235312,198253.56907772348
1235314,198253.56907772348
1235337,198253.56907772348
1235354,198253.56907772348
1235360,198253.56907772348
1235386,198253.56907772348
1235538,198253.56907772348
1235542,198253.56907772348
1235546,198253.56907772348
1235552,198253.56907772348
1235662,198253.56907772348
1235678,198253.56907772348
1235679,198253.56907772348
1235688,198253.56907772348
1235689,198253.56907772348
1235741,198253.56907772348
1235742,198253.56907772348
1235744,198253.56907772348
1235745,198253.56907772348
1235746,198253.56907772348
1235747,198253.56907772348
1235786,198253.56907772348
1235796,198253.56907772348
1235824,198253.56907772348
1235825,198253.56907772348
1235874,198253.56907772348
1235885,198253.56907772348
1235886,198253.56907772348
1235887,198253.56907772348
1235916,198253.56907772348
1235996,198253.56907772348
1235997,198253.56907772348
1236001,198253.56907772348
1236007,198253.56907772348
1236009,198253.56907772348
1236010,198253.56907772348
1236082,198253.56907772348
1236126,198253.56907772348
1236137,198253.56907772348
1236150,198253.56907772348
1236152,198253.56907772348
1236160,198253.56907772348
1236162,198253.56907772348
1236183,198253.56907772348
1236186,198253.56907772348
1236189,198253.56907772348
1236201,198253.56907772348
1236353,198253.56907772348
1236355,198253.56907772348
1236463,198253.56907772348
1236479,198253.56907772348
1236480,198253.56907772348
1236822,198253.56907772348
1236911,198253.56907772348
1236986,198253.56907772348
1236991,198253.56907772348
1236993,198253.56907772348
1237029,198253.56907772348
1237033,198253.56907772348
1237049,198253.56907772348
1237051,198253.56907772348
1237164,198253.56907772348
1237170,198253.56907772348
1237492,198253.56907772348
1237495,198253.56907772348
1237545,198253.56907772348
1237979,198253.56907772348
1237998,198253.56907772348
1238015,198253.56907772348
1238100,198253.56907772348
1238115,198253.56907772348
1238129,198253.56907772348
1238182,198253.56907772348
1238190,198253.56907772348
1238195,198253.56907772348
1238198,198253.56907772348
1238207,198253.56907772348
1238213,198253.56907772348
1238216,198253.56907772348
1238226,198253.56907772348
1238229,198253.56907772348
1238231,198253.56907772348
1238232,198253.56907772348
1238237,198253.56907772348
1238241,198253.56907772348
1238242,198253.56907772348
1238244,198253.56907772348
1238245,198253.56907772348
1238258,198253.56907772348
1238259,198253.56907772348
1238261,198253.56907772348
1238263,198253.56907772348
1238264,198253.56907772348
1238384,198253.56907772348
1238386,198253.56907772348
1238419,198253.56907772348
1238422,198253.56907772348
1238435,198253.56907772348
1238439,198253.56907772348
1238572,198253.56907772348
1238582,198253.56907772348
1238589,198253.56907772348
1238614,198253.56907772348
1238793,198253.56907772348
1238800,198253.56907772348
1238802,198253.56907772348
1238807,198253.56907772348
1238812,198253.56907772348
1238813,198253.56907772348
1238814,198253.56907772348
1238827,198253.56907772348
1238834,198253.56907772348
1238964,198253.56907772348
1238965,198253.56907772348
1239003,198253.56907772348
1239006,198253.56907772348
1239029,198253.56907772348
1239054,198253.56907772348
1239062,198253.56907772348
1239067,198253.56907772348
1239078,198253.56907772348
1239100,198253.56907772348
1239106,198253.56907772348
1239112,198253.56907772348
1239158,198253.56907772348
1239160,198253.56907772348
1239161,198253.56907772348
1239162,198253.56907772348
1239239,198253.56907772348
1239260,198253.56907772348
1239261,198253.56907772348
1239271,198253.56907772348
1239276,198253.56907772348
1239278,198253.56907772348
1239294,198253.56907772348
1239313,198253.56907772348
1239402,198253.56907772348
1239482,198253.56907772348
1239483,198253.56907772348
1239484,198253.56907772348
1239485,198253.56907772348
1239490,198253.56907772348
1239519,198253.56907772348
1239527,198253.56907772348
1239532,198253.56907772348
1239533,198253.56907772348
1239534,198253.56907772348
1239535,198253.56907772348
1239537,198253.56907772348
1239558,198253.56907772348
1239566,198253.56907772348
1239568,198253.56907772348
1239577,198253.56907772348
1239578,198253.56907772348
1239585,198253.56907772348
1239589,198253.56907772348
1239598,198253.56907772348
1239601,198253.56907772348
1239963,198253.56907772348
1239978,198253.56907772348
1239994,198253.56907772348
1240122,198253.56907772348
1240137,198253.56907772348
1240202,198253.56907772348
1240229,198253.56907772348
1240235,198253.56907772348
1240281,198253.56907772348
1240283,198253.56907772348
1240338,198253.56907772348
1240418,198253.56907772348
1240441,198253.56907772348
1240442,198253.56907772348
1240444,198253.56907772348
1240448,198253.56907772348
1240464,198253.56907772348
1240465,198253.56907772348
1240498,198253.56907772348
1240504,198253.56907772348
1240505,198253.56907772348
1240516,198253.56907772348
1240535,198253.56907772348
1240539,198253.56907772348
1240540,198253.56907772348
1240617,198253.56907772348
1240649,198253.56907772348
1240720,198253.56907772348
1240728,198253.56907772348
1240735,198253.56907772348
1240736,198253.56907772348
1240977,198253.56907772348
1240979,198253.56907772348
1241045,198253.56907772348
1241069,198253.56907772348
1241079,198253.56907772348
1241087,198253.56907772348
1241091,198253.56907772348
1241093,198253.56907772348
1241095,198253.56907772348
1241101,198253.56907772348
1241103,198253.56907772348
1241115,198253.56907772348
1241117,198253.56907772348
1241128,198253.56907772348
1241130,198253.56907772348
1241139,198253.56907772348
1241151,198253.56907772348
1241289,198253.56907772348
1241295,198253.56907772348
1241453,198253.56907772348
1241454,198253.56907772348
1241459,198253.56907772348
1241460,198253.56907772348
1241478,198253.56907772348
1241488,198253.56907772348
1241744,198253.56907772348
1241746,198253.56907772348
1241753,198253.56907772348
1241756,198253.56907772348
1241757,198253.56907772348
1241760,198253.56907772348
1241761,198253.56907772348
1241764,198253.56907772348
1241795,198253.56907772348
1241796,198253.56907772348
1241798,198253.56907772348
1241803,198253.56907772348
1241804,198253.56907772348
1241807,198253.56907772348
1241810,198253.56907772348
1241813,198253.56907772348
1241826,198253.56907772348
1241833,198253.56907772348
1241834,198253.56907772348
1241837,198253.56907772348
1241842,198253.56907772348
1241843,198253.56907772348
1241897,198253.56907772348
1241913,198253.56907772348
1241975,198253.56907772348
1241978,198253.56907772348
1241980,198253.56907772348
1241981,198253.56907772348
1241983,198253.56907772348
1242077,198253.56907772348
1242080,198253.56907772348
1242082,198253.56907772348
1242090,198253.56907772348
1242092,198253.56907772348
1242118,198253.56907772348
1242119,198253.56907772348
1242131,198253.56907772348
1242132,198253.56907772348
1242135,198253.56907772348
1242139,198253.56907772348
70723,135454.1896333821
71009,284258.4154270554
71030,143247.4800333569
71670,143247.4800333569
71671,143247.4800333569
71694,311146.0869952777
71697,135987.7245937926
71717,311146.0869952777
71727,198156.94378719863
71785,189384.9179503577
72264,907287.9961668727
72276,311146.0869952777
72325,230451.42580268008
72326,130050.78731286831
72327,311146.0869952777
72548,311146.0869952777
72571,284258.4154270554
72713,189384.9179503577
696861,187476.56254796847
696875,130050.78731286831
696882,208217.39614959128
