id,price
264893,128363.95404839142
264899,128363.95404839142
264910,128363.95404839142
264915,128363.95404839142
264919,128363.95404839142
264928,128363.95404839142
264932,128363.95404839142
264935,128363.95404839142
264939,128363.95404839142
264944,128363.95404839142
264954,128363.95404839142
264955,128363.95404839142
264969,257522.32839457208
264978,128363.95404839142
264983,128363.95404839142
264984,128363.95404839142
264985,128363.95404839142
265031,128363.95404839142
265032,128363.95404839142
265058,128363.95404839142
265066,128363.95404839142
265068,128363.95404839142
265069,166012.0071704133
265070,128363.95404839142
265077,128363.95404839142
265090,385791.18874509685
265094,128363.95404839142
265101,128363.95404839142
265102,128363.95404839142
265105,128363.95404839142
265106,128363.95404839142
265108,128363.95404839142
265115,128363.95404839142
265147,128363.95404839142
265152,128363.95404839142
265153,128363.95404839142
265170,128363.95404839142
265176,128363.95404839142
265187,128363.95404839142
265189,128363.95404839142
265198,128363.95404839142
265225,127582.65616724623
265233,128931.22150000432
265237,128363.95404839142
265253,140303.51190024384
265280,140303.51190024384
265287,140303.51190024384
265293,140303.51190024384
265296,140303.51190024384
265307,140303.51190024384
265308,140303.51190024384
265312,140303.51190024384
265313,140303.51190024384
265314,140303.51190024384
265315,140303.51190024384
265320,140303.51190024384
265333,140303.51190024384
265346,140303.51190024384
265351,140303.51190024384
265356,140303.51190024384
265357,140303.51190024384
265358,140303.51190024384
265363,140303.51190024384
265369,140303.51190024384
265372,140303.51190024384
265402,140303.51190024384
265406,140303.51190024384
265420,140303.51190024384
265436,140303.51190024384
265438,140303.51190024384
265442,140303.51190024384
265449,140303.51190024384
265452,140303.51190024384
265455,140303.51190024384
265461,140303.51190024384
265465,140303.51190024384
265481,140303.51190024384
265488,140303.51190024384
265501,140303.51190024384
265514,140303.51190024384
265515,140303.51190024384
265516,140303.51190024384
265517,140303.51190024384
265526,140303.51190024384
265533,140303.51190024384
265539,140303.51190024384
265543,140303.51190024384
265544,140303.51190024384
265556,140303.51190024384
265559,181526.84460551213
265561,144402.48056052727
265584,181526.84460551213
265586,140303.51190024384
265587,140303.51190024384
265588,181526.84460551213
265593,172414.08459518847
265596,140303.51190024384
265607,140303.51190024384
265608,140303.51190024384
265610,181526.84460551213
265613,181526.84460551213
265653,140303.51190024384
265663,181526.84460551213
265669,140303.51190024384
265675,140303.51190024384
265699,140303.51190024384
265701,140303.51190024384
265703,181526.84460551213
265704,181526.84460551213
265743,181526.84460551213
265748,140303.51190024384
265759,181526.84460551213
265795,140303.51190024384
265797,181526.84460551213
265805,144402.48056052727
265806,140303.51190024384
265810,140303.51190024384
265819,140303.51190024384
265820,181526.84460551213
265833,181526.84460551213
265834,140303.51190024384
265843,212563.4630551458
265851,227680.68933144826
265862,217836.13025585387
265864,227680.68933144826
265869,314282.87373213464
265887,227680.68933144826
265907,314282.87373213464
265913,223880.76446670614
265921,223880.76446670614
265923,227680.68933144826
265925,211743.64910968544
265957,293540.596680364
265958,318216.3118311705
265960,314282.87373213464
265963,223880.76446670614
265969,318216.3118311705
266004,318216.3118311705
266028,293540.596680364
266029,261539.9697143635
266032,223880.76446670614
266034,223880.76446670614
266055,222250.91652715357
266075,314282.87373213464
266077,314282.87373213464
266080,293540.596680364
266093,318216.3118311705
266094,296539.9873665512
266100,223880.76446670614
266116,223880.76446670614
266129,183156.50266959425
266144,222250.91652715357
266160,222250.91652715357
266165,202451.10099547356
266196,205217.55658123843
266199,220909.41928257456
266202,223880.76446670614
266210,205217.55658123843
266211,214775.8550928447
266213,220713.52448607064
266218,181526.84460551213
266219,220713.52448607064
266220,179840.77489627193
266234,222250.91652715357
266241,205217.55658123843
266248,205217.55658123843
266251,181526.84460551213
266256,181526.84460551213
266259,179840.77489627193
266274,263317.55985799903
266275,183156.50266959425
266276,181526.84460551213
266279,200242.59890866623
266280,222250.91652715357
266281,205217.55658123843
266299,220713.52448607064
266300,222250.91652715357
266305,181526.84460551213
266314,205217.55658123843
266315,180047.63188035178
266329,209962.03479562976
266332,140303.51190024384
266350,140303.51190024384
266368,140303.51190024384
266375,140303.51190024384
266381,140303.51190024384
266382,140303.51190024384
266393,140303.51190024384
266394,140303.51190024384
266402,140303.51190024384
266406,140303.51190024384
266423,140303.51190024384
266424,140303.51190024384
266438,140303.51190024384
266454,140303.51190024384
266463,140303.51190024384
266465,139308.96307226774
266479,140303.51190024384
266480,140303.51190024384
266485,140303.51190024384
266486,140303.51190024384
266496,140303.51190024384
266508,140303.51190024384
266510,140303.51190024384
266511,140303.51190024384
266512,140303.51190024384
266514,140303.51190024384
266517,140303.51190024384
266539,140303.51190024384
266542,140303.51190024384
266545,140303.51190024384
266548,140303.51190024384
266550,140303.51190024384
266556,140303.51190024384
266559,140303.51190024384
266565,140303.51190024384
266568,140303.51190024384
266569,140303.51190024384
266575,140303.51190024384
266580,140303.51190024384
266581,140303.51190024384
266582,140303.51190024384
266583,140303.51190024384
266602,192616.83876741573
266606,181526.84460551213
266618,181526.84460551213
266619,192616.83876741573
266620,181526.84460551213
266624,192616.83876741573
266626,181526.84460551213
266662,181526.84460551213
266667,192616.83876741573
266668,180460.9186305197
266677,181526.84460551213
266681,180460.9186305197
266682,192616.83876741573
266690,192616.83876741573
266694,192616.83876741573
266695,192616.83876741573
266698,181526.84460551213
266699,181526.84460551213
266727,192616.83876741573
266729,181526.84460551213
266731,192616.83876741573
266732,181526.84460551213
266740,559733.6995742894
266744,181526.84460551213
266748,181526.84460551213
266768,181526.84460551213
266770,504539.0795366145
266771,193263.88353982818
266778,181526.84460551213
266779,181526.84460551213
266781,181526.84460551213
266785,277706.39106891636
266809,181526.84460551213
266819,181526.84460551213
266821,181526.84460551213
266824,181526.84460551213
266830,191363.34537557684
266831,181526.84460551213
266845,181526.84460551213
266846,181526.84460551213
266847,181526.84460551213
266851,181526.84460551213
266858,181526.84460551213
266859,181526.84460551213
266862,181526.84460551213
266863,181526.84460551213
266864,181526.84460551213
266872,181526.84460551213
266875,181526.84460551213
266877,181526.84460551213
266882,181526.84460551213
266883,181526.84460551213
266886,181526.84460551213
266918,181526.84460551213
266919,181526.84460551213
266920,181526.84460551213
266953,181526.84460551213
266954,181526.84460551213
266955,180383.48244913225
266957,181526.84460551213
266965,181526.84460551213
266966,181526.84460551213
266969,181526.84460551213
266984,164126.26973476738
266989,181526.84460551213
266990,181526.84460551213
267015,181526.84460551213
267016,181526.84460551213
267017,181526.84460551213
267018,181526.84460551213
267019,181526.84460551213
267020,181526.84460551213
267025,180383.48244913225
267028,181526.84460551213
267041,181526.84460551213
267054,181526.84460551213
267082,181526.84460551213
267084,181526.84460551213
267085,181526.84460551213
267103,140303.51190024384
267104,140303.51190024384
267106,140303.51190024384
267113,140303.51190024384
267126,140303.51190024384
267128,140303.51190024384
267131,140303.51190024384
267138,140303.51190024384
267147,140303.51190024384
267153,140303.51190024384
267154,140303.51190024384
267171,140303.51190024384
267173,140303.51190024384
267188,140303.51190024384
267198,140303.51190024384
267199,140303.51190024384
267218,140303.51190024384
267220,140303.51190024384
267221,140905.77425665228
267245,140303.51190024384
267247,140303.51190024384
267248,140303.51190024384
267249,140303.51190024384
267253,140303.51190024384
267269,140303.51190024384
267271,140303.51190024384
267274,140303.51190024384
267281,140303.51190024384
267303,140303.51190024384
267305,140303.51190024384
267306,140303.51190024384
267307,140303.51190024384
267309,140303.51190024384
267311,140303.51190024384
267312,140303.51190024384
267315,140303.51190024384
267331,140303.51190024384
267338,140303.51190024384
267342,140303.51190024384
267344,140303.51190024384
267346,140303.51190024384
267366,140303.51190024384
267369,140303.51190024384
267371,140303.51190024384
267375,140303.51190024384
267376,140303.51190024384
267379,140303.51190024384
267381,140303.51190024384
267382,140303.51190024384
267407,140303.51190024384
267422,140303.51190024384
267424,140303.51190024384
267428,140303.51190024384
267431,140303.51190024384
267434,140303.51190024384
267437,139261.34745968398
267438,140303.51190024384
267439,140303.51190024384
267440,140303.51190024384
267441,140303.51190024384
267443,140303.51190024384
267460,205669.25243039746
267463,205217.55658123843
267494,192091.79975800507
267510,192091.79975800507
267515,192091.79975800507
267520,192091.79975800507
267522,205669.25243039746
267523,205217.55658123843
267524,191640.10390884607
267544,192091.79975800507
267546,192091.79975800507
267551,205669.25243039746
267553,205669.25243039746
267563,192091.79975800507
267584,205669.25243039746
267585,192091.79975800507
267587,192091.79975800507
267598,192091.79975800507
267602,192091.79975800507
267614,205669.25243039746
267617,192091.79975800507
267619,205669.25243039746
267620,192091.79975800507
267623,192091.79975800507
267627,191640.10390884607
267633,205217.55658123843
267644,192091.79975800507
267667,138349.1876084468
267738,139308.96307226774
267740,138349.1876084468
267743,138349.1876084468
267778,138349.1876084468
267779,139308.96307226774
267799,138349.1876084468
267800,139308.96307226774
267814,138349.1876084468
267816,138349.1876084468
267833,138349.1876084468
267834,138349.1876084468
267836,138349.1876084468
267847,128363.95404839142
267858,128363.95404839142
267891,156309.30468947924
267896,128363.95404839142
267899,129437.63348190818
267900,129437.63348190818
267902,129437.63348190818
267908,128363.95404839142
267924,129437.63348190818
267933,129437.63348190818
267936,170762.87570571815
267939,129437.63348190818
267941,160768.77374320698
267942,129437.63348190818
267967,128363.95404839142
267970,159656.5512180502
267980,128363.95404839142
267990,159656.5512180502
267992,128363.95404839142
267994,130542.25173354393
267995,129437.63348190818
267999,129437.63348190818
268003,160768.77374320698
268020,130542.25173354393
268033,129437.63348190818
268041,139308.96307226774
268056,140303.51190024384
268067,140303.51190024384
268070,140303.51190024384
268071,144402.48056052727
268121,137096.7654300858
268144,140303.51190024384
268145,140303.51190024384
268147,140905.77425665228
268149,139308.96307226774
268150,140905.77425665228
268157,140303.51190024384
268159,139911.2254286762
268161,143407.9317325512
268175,160283.52425740648
268189,139308.96307226774
268208,144402.48056052727
308905,140303.51190024384
312310,295598.0268476045
312331,181526.84460551213
695165,192616.83876741573
695166,205217.55658123843
695170,129437.63348190818
695176,137096.7654300858
695178,181526.84460551213
695181,181526.84460551213
695183,181526.84460551213
695185,222250.91652715357
695196,181526.84460551213
695203,140303.51190024384
695205,205217.55658123843
695207,138349.1876084468
695236,181526.84460551213
695238,181526.84460551213
695252,140303.51190024384
695257,181526.84460551213
713635,322158.9881585904
714108,322158.9881585904
714284,322158.9881585904
714645,322158.9881585904
714753,322158.9881585904
714863,322158.9881585904
714924,322158.9881585904
715132,322158.9881585904
715405,322158.9881585904
715433,322158.9881585904
715694,322158.9881585904
715746,322158.9881585904
715898,322158.9881585904
715902,322158.9881585904
715996,322158.9881585904
716065,322158.9881585904
716097,322158.9881585904
716329,322158.9881585904
716360,322158.9881585904
716377,322158.9881585904
716484,322158.9881585904
716541,322158.9881585904
716634,322158.9881585904
716888,322158.9881585904
717017,322158.9881585904
717109,322158.9881585904
717307,322158.9881585904
717459,322158.9881585904
717524,322158.9881585904
717568,322158.9881585904
717688,322158.9881585904
717690,322158.9881585904
717797,322158.9881585904
717829,322158.9881585904
717945,322158.9881585904
717983,322158.9881585904
718276,322158.9881585904
718584,322158.9881585904
718617,322158.9881585904
718717,322158.9881585904
718867,322158.9881585904
718943,322158.9881585904
718997,322158.9881585904
719116,322158.9881585904
719132,322158.9881585904
719287,322158.9881585904
719579,322158.9881585904
719846,322158.9881585904
719893,322158.9881585904
720041,322158.9881585904
720088,322158.9881585904
720180,322158.9881585904
720249,322158.9881585904
720261,322158.9881585904
720293,322158.9881585904
720364,322158.9881585904
720455,322158.9881585904
720564,322158.9881585904
720679,322158.9881585904
720725,322158.9881585904
720817,322158.9881585904
720854,322158.9881585904
720920,322158.9881585904
721130,322158.9881585904
721266,322158.9881585904
721531,322158.9881585904
721844,322158.9881585904
721882,322158.9881585904
722050,322158.9881585904
722151,322158.9881585904
722225,322158.9881585904
722264,322158.9881585904
722516,322158.9881585904
722520,322158.9881585904
722594,322158.9881585904
722649,322158.9881585904
722769,322158.9881585904
724397,322158.9881585904
724457,322158.9881585904
724486,322158.9881585904
724488,322158.9881585904
724574,322158.9881585904
724620,322158.9881585904
724674,322158.9881585904
724767,322158.9881585904
724786,322158.9881585904
724908,322158.9881585904
725124,322158.9881585904
725211,322158.9881585904
725280,322158.9881585904
725364,322158.9881585904
725393,322158.9881585904
725425,322158.9881585904
725455,322158.9881585904
725547,322158.9881585904
725814,322158.9881585904
725829,322158.9881585904
725999,322158.9881585904
726088,322158.9881585904
726214,322158.9881585904
726348,322158.9881585904
726542,322158.9881585904
726620,322158.9881585904
726910,322158.9881585904
727068,322158.9881585904
727229,322158.9881585904
727458,322158.9881585904
727699,322158.9881585904
728077,322158.9881585904
728089,322158.9881585904
728272,322158.9881585904
728553,322158.9881585904
728592,322158.9881585904
728640,322158.9881585904
728663,322158.9881585904
729105,322158.9881585904
729267,322158.9881585904
729622,322158.9881585904
730128,322158.9881585904
730298,322158.9881585904
730619,322158.9881585904
730712,322158.9881585904
731061,322158.9881585904
731131,322158.9881585904
731142,322158.9881585904
731240,322158.9881585904
731527,322158.9881585904
731655,322158.9881585904
731841,322158.9881585904
731925,322158.9881585904
732382,322158.9881585904
732568,322158.9881585904
732810,322158.9881585904
732969,322158.9881585904
733029,322158.9881585904
733077,322158.9881585904
733091,322158.9881585904
733208,322158.9881585904
733226,322158.9881585904
733230,322158.9881585904
733238,322158.9881585904
733347,322158.9881585904
733542,322158.9881585904
734153,322158.9881585904
734154,322158.9881585904
734176,322158.9881585904
734212,322158.9881585904
734217,322158.9881585904
734258,322158.9881585904
734334,322158.9881585904
734397,322158.9881585904
734666,322158.9881585904
734674,322158.9881585904
734675,322158.9881585904
734724,322158.9881585904
734919,322158.9881585904
735058,322158.9881585904
735319,322158.9881585904
735691,322158.9881585904
735730,322158.9881585904
735875,322158.9881585904
736019,322158.9881585904
736274,322158.9881585904
736752,322158.9881585904
736842,322158.9881585904
736845,322158.9881585904
736880,322158.9881585904
737208,322158.9881585904
737501,322158.9881585904
737652,322158.9881585904
737722,322158.9881585904
738039,322158.9881585904
738057,322158.9881585904
738082,322158.9881585904
738665,322158.9881585904
738841,322158.9881585904
739007,322158.9881585904
739075,322158.9881585904
739255,322158.9881585904
739492,322158.9881585904
740378,322158.9881585904
740535,322158.9881585904
741340,322158.9881585904
741408,322158.9881585904
741684,322158.9881585904
742269,322158.9881585904
742430,322158.9881585904
742608,322158.9881585904
742744,322158.9881585904
742791,322158.9881585904
742826,322158.9881585904
742881,322158.9881585904
742899,322158.9881585904
743231,322158.9881585904
743527,322158.9881585904
743534,322158.9881585904
743562,322158.9881585904
743664,322158.9881585904
743926,322158.9881585904
744027,322158.9881585904
744337,322158.9881585904
744508,322158.9881585904
744690,322158.9881585904
745006,322158.9881585904
745047,322158.9881585904
745193,322158.9881585904
745245,322158.9881585904
745515,322158.9881585904
746017,322158.9881585904
746053,322158.9881585904
746265,322158.9881585904
746355,322158.9881585904
746375,322158.9881585904
746382,322158.9881585904
746483,322158.9881585904
746772,322158.9881585904
746949,322158.9881585904
746954,322158.9881585904
746984,322158.9881585904
748310,322158.9881585904
748476,322158.9881585904
748712,322158.9881585904
748736,322158.9881585904
748773,322158.9881585904
748803,322158.9881585904
749336,322158.9881585904
749657,322158.9881585904
749755,322158.9881585904
749845,322158.9881585904
750054,322158.9881585904
750136,322158.9881585904
750580,322158.9881585904
750771,322158.9881585904
751301,322158.9881585904
751365,322158.9881585904
751450,322158.9881585904
751496,322158.9881585904
751560,322158.9881585904
751799,322158.9881585904
751846,322158.9881585904
751847,322158.9881585904
751897,322158.9881585904
751958,322158.9881585904
751960,322158.9881585904
752204,322158.9881585904
752309,322158.9881585904
752365,322158.9881585904
752608,322158.9881585904
752648,322158.9881585904
752691,322158.9881585904
752814,322158.9881585904
752877,322158.9881585904
753069,322158.9881585904
753118,322158.9881585904
753224,322158.9881585904
753227,322158.9881585904
753248,322158.9881585904
753391,322158.9881585904
753482,322158.9881585904
753516,322158.9881585904
753532,322158.9881585904
753563,322158.9881585904
753651,322158.9881585904
753842,322158.9881585904
754089,322158.9881585904
754090,322158.9881585904
754125,322158.9881585904
754506,322158.9881585904
754620,322158.9881585904
754630,322158.9881585904
754802,322158.9881585904
754861,322158.9881585904
754927,322158.9881585904
754936,322158.9881585904
755034,322158.9881585904
755072,322158.9881585904
755075,322158.9881585904
755879,322158.9881585904
756141,322158.9881585904
757137,322158.9881585904
757268,322158.9881585904
757525,322158.9881585904
757552,322158.9881585904
757671,322158.9881585904
757699,322158.9881585904
757723,322158.9881585904
757778,322158.9881585904
757807,322158.9881585904
757810,322158.9881585904
758073,322158.9881585904
758157,322158.9881585904
758385,322158.9881585904
758409,322158.9881585904
758503,322158.9881585904
758531,322158.9881585904
758589,322158.9881585904
758722,322158.9881585904
758785,322158.9881585904
758793,322158.9881585904
758855,322158.9881585904
758943,322158.9881585904
758961,322158.9881585904
759020,322158.9881585904
759066,322158.9881585904
759073,322158.9881585904
759076,322158.9881585904
759330,322158.9881585904
760184,322158.9881585904
760381,322158.9881585904
760382,322158.9881585904
760545,322158.9881585904
760920,322158.9881585904
767749,322158.9881585904
767766,322158.9881585904
767960,322158.9881585904
768051,322158.9881585904
771578,322158.9881585904
771667,322158.9881585904
771785,322158.9881585904
771860,322158.9881585904
772094,322158.9881585904
772238,322158.9881585904
772563,322158.9881585904
772956,322158.9881585904
773061,322158.9881585904
773111,322158.9881585904
773288,322158.9881585904
773498,322158.9881585904
773599,322158.9881585904
773705,322158.9881585904
773905,322158.9881585904
773965,322158.9881585904
773973,322158.9881585904
774075,322158.9881585904
774236,322158.9881585904
774296,322158.9881585904
774423,322158.9881585904
774558,322158.9881585904
774559,322158.9881585904
774858,322158.9881585904
774859,322158.9881585904
774860,322158.9881585904
774861,322158.9881585904
774863,322158.9881585904
774864,322158.9881585904
774865,322158.9881585904
774866,322158.9881585904
774870,322158.9881585904
774874,322158.9881585904
774908,322158.9881585904
774914,322158.9881585904
775168,322158.9881585904
775205,322158.9881585904
775210,322158.9881585904
775320,322158.9881585904
775438,322158.9881585904
775442,322158.9881585904
775443,322158.9881585904
775444,322158.9881585904
775445,322158.9881585904
775447,322158.9881585904
775448,322158.9881585904
775554,322158.9881585904
775555,322158.9881585904
775586,322158.9881585904
775612,322158.9881585904
775729,322158.9881585904
775785,322158.9881585904
775911,322158.9881585904
776126,322158.9881585904
776220,322158.9881585904
776281,322158.9881585904
776537,322158.9881585904
776718,322158.9881585904
776786,322158.9881585904
777092,322158.9881585904
777265,322158.9881585904
777365,322158.9881585904
777442,322158.9881585904
777610,322158.9881585904
777612,322158.9881585904
777763,322158.9881585904
777818,322158.9881585904
778020,322158.9881585904
792324,322158.9881585904
792630,322158.9881585904
792713,322158.9881585904
792725,322158.9881585904
792887,322158.9881585904
792939,322158.9881585904
793005,322158.9881585904
793008,322158.9881585904
793066,322158.9881585904
793127,322158.9881585904
793161,322158.9881585904
793409,322158.9881585904
793475,322158.9881585904
793537,322158.9881585904
793642,322158.9881585904
793661,322158.9881585904
793768,322158.9881585904
793977,322158.9881585904
793978,322158.9881585904
794009,322158.9881585904
794521,322158.9881585904
794522,322158.9881585904
794646,322158.9881585904
794657,322158.9881585904
794681,322158.9881585904
794957,322158.9881585904
795043,322158.9881585904
795214,322158.9881585904
795458,322158.9881585904
795504,322158.9881585904
795614,322158.9881585904
795689,322158.9881585904
795690,322158.9881585904
795749,322158.9881585904
795780,322158.9881585904
796046,322158.9881585904
796093,322158.9881585904
796230,322158.9881585904
796239,322158.9881585904
796407,322158.9881585904
796414,322158.9881585904
796526,322158.9881585904
796611,322158.9881585904
796612,322158.9881585904
796693,322158.9881585904
796941,322158.9881585904
797000,322158.9881585904
797301,322158.9881585904
797320,322158.9881585904
797501,322158.9881585904
797556,322158.9881585904
797602,322158.9881585904
797607,322158.9881585904
797650,322158.9881585904
797759,322158.9881585904
797840,322158.9881585904
797920,322158.9881585904
797955,322158.9881585904
797986,322158.9881585904
798122,322158.9881585904
798154,322158.9881585904
799016,322158.9881585904
799634,322158.9881585904
799788,322158.9881585904
800114,322158.9881585904
800138,322158.9881585904
800424,322158.9881585904
800449,322158.9881585904
800510,322158.9881585904
800532,322158.9881585904
800541,322158.9881585904
800609,322158.9881585904
800668,322158.9881585904
800744,322158.9881585904
800866,322158.9881585904
800903,322158.9881585904
800916,322158.9881585904
801752,322158.9881585904
801804,322158.9881585904
801847,322158.9881585904
801858,322158.9881585904
802128,322158.9881585904
802258,322158.9881585904
802295,322158.9881585904
802341,322158.9881585904
802386,322158.9881585904
802424,322158.9881585904
802445,322158.9881585904
802668,322158.9881585904
802700,322158.9881585904
802704,322158.9881585904
802728,322158.9881585904
802910,322158.9881585904
803292,322158.9881585904
803311,322158.9881585904
803329,322158.9881585904
803374,322158.9881585904
803536,322158.9881585904
803639,322158.9881585904
804024,322158.9881585904
804212,322158.9881585904
804231,322158.9881585904
804291,322158.9881585904
804531,322158.9881585904
804598,322158.9881585904
804627,322158.9881585904
804631,322158.9881585904
804637,322158.9881585904
804655,322158.9881585904
804744,322158.9881585904
804766,322158.9881585904
804807,322158.9881585904
805014,322158.9881585904
805098,322158.9881585904
805194,322158.9881585904
805373,322158.9881585904
805394,322158.9881585904
805486,322158.9881585904
805500,322158.9881585904
805630,322158.9881585904
805757,322158.9881585904
806068,322158.9881585904
806144,322158.9881585904
806361,322158.9881585904
806422,322158.9881585904
806448,322158.9881585904
806622,322158.9881585904
806748,322158.9881585904
806977,322158.9881585904
806994,322158.9881585904
807158,322158.9881585904
807182,322158.9881585904
807185,322158.9881585904
807247,322158.9881585904
807280,322158.9881585904
807366,322158.9881585904
807797,322158.9881585904
808029,322158.9881585904
808116,322158.9881585904
808193,322158.9881585904
808317,322158.9881585904
808398,322158.9881585904
808402,322158.9881585904
808665,322158.9881585904
808694,322158.9881585904
809040,322158.9881585904
809598,322158.9881585904
809658,322158.9881585904
810178,322158.9881585904
810217,322158.9881585904
810247,322158.9881585904
810250,322158.9881585904
810315,322158.9881585904
810593,322158.9881585904
810694,322158.9881585904
810750,322158.9881585904
810752,322158.9881585904
810823,322158.9881585904
811013,322158.9881585904
811014,322158.9881585904
811029,322158.9881585904
811033,322158.9881585904
811079,322158.9881585904
811149,322158.9881585904
811154,322158.9881585904
811318,322158.9881585904
811572,322158.9881585904
811752,322158.9881585904
811825,322158.9881585904
811863,322158.9881585904
811890,322158.9881585904
812013,322158.9881585904
812020,322158.9881585904
812190,322158.9881585904
812277,322158.9881585904
812281,322158.9881585904
812496,322158.9881585904
813366,322158.9881585904
813513,322158.9881585904
813541,322158.9881585904
813723,322158.9881585904
813854,322158.9881585904
813900,322158.9881585904
813905,322158.9881585904
813991,322158.9881585904
814439,322158.9881585904
814562,322158.9881585904
814741,322158.9881585904
814748,322158.9881585904
814792,322158.9881585904
814808,322158.9881585904
814955,322158.9881585904
815240,322158.9881585904
815395,322158.9881585904
815501,322158.9881585904
815512,322158.9881585904
815573,322158.9881585904
815588,322158.9881585904
815670,322158.9881585904
815688,322158.9881585904
815690,322158.9881585904
815696,322158.9881585904
815763,322158.9881585904
815988,322158.9881585904
816064,322158.9881585904
816242,322158.9881585904
816290,322158.9881585904
816334,322158.9881585904
816744,322158.9881585904
816890,322158.9881585904
816995,322158.9881585904
816999,322158.9881585904
817070,322158.9881585904
817184,322158.9881585904
817220,322158.9881585904
817222,322158.9881585904
817335,322158.9881585904
817398,322158.9881585904
817401,322158.9881585904
817469,322158.9881585904
817478,322158.9881585904
817485,322158.9881585904
849254,322158.9881585904
849335,322158.9881585904
849583,322158.9881585904
849628,322158.9881585904
849715,322158.9881585904
849938,322158.9881585904
850070,322158.9881585904
850071,322158.9881585904
850074,322158.9881585904
850143,322158.9881585904
850650,322158.9881585904
850688,322158.9881585904
850706,322158.9881585904
851200,322158.9881585904
851362,322158.9881585904
851404,322158.9881585904
851791,322158.9881585904
851810,322158.9881585904
851844,322158.9881585904
851885,322158.9881585904
851929,322158.9881585904
852009,322158.9881585904
852060,322158.9881585904
852108,322158.9881585904
852166,322158.9881585904
852210,322158.9881585904
852356,322158.9881585904
852727,322158.9881585904
852786,322158.9881585904
852794,322158.9881585904
852798,322158.9881585904
852811,322158.9881585904
852983,322158.9881585904
853152,322158.9881585904
853212,322158.9881585904
853308,322158.9881585904
853360,322158.9881585904
853400,322158.9881585904
853448,322158.9881585904
853547,322158.9881585904
853738,322158.9881585904
853999,322158.9881585904
854058,322158.9881585904
854206,322158.9881585904
854316,322158.9881585904
854372,322158.9881585904
854548,322158.9881585904
854627,322158.9881585904
854717,322158.9881585904
854804,322158.9881585904
854850,322158.9881585904
855254,322158.9881585904
855290,322158.9881585904
855591,322158.9881585904
855835,322158.9881585904
856006,322158.9881585904
856174,322158.9881585904
856192,322158.9881585904
856247,322158.9881585904
856511,322158.9881585904
856637,322158.9881585904
856638,322158.9881585904
856646,322158.9881585904
856699,322158.9881585904
856869,322158.9881585904
856903,322158.9881585904
857014,322158.9881585904
857021,322158.9881585904
857337,322158.9881585904
857466,322158.9881585904
857561,322158.9881585904
857715,322158.9881585904
857930,322158.9881585904
857933,322158.9881585904
857984,322158.9881585904
858020,322158.9881585904
858115,322158.9881585904
858187,322158.9881585904
858284,322158.9881585904
858313,322158.9881585904
858343,322158.9881585904
858367,322158.9881585904
858368,322158.9881585904
858391,322158.9881585904
858467,322158.9881585904
858620,322158.9881585904
858789,322158.9881585904
858910,322158.9881585904
858923,322158.9881585904
858925,322158.9881585904
859089,322158.9881585904
859208,322158.9881585904
859213,322158.9881585904
859448,322158.9881585904
859735,322158.9881585904
859737,322158.9881585904
859952,322158.9881585904
860006,322158.9881585904
860132,322158.9881585904
860301,322158.9881585904
860323,322158.9881585904
860335,322158.9881585904
860364,322158.9881585904
860502,322158.9881585904
860548,322158.9881585904
860582,322158.9881585904
860748,322158.9881585904
860775,322158.9881585904
860948,322158.9881585904
861031,322158.9881585904
861333,322158.9881585904
861384,322158.9881585904
861474,322158.9881585904
861714,322158.9881585904
861731,322158.9881585904
861732,322158.9881585904
861737,322158.9881585904
861820,322158.9881585904
861885,322158.9881585904
862030,322158.9881585904
862188,322158.9881585904
862261,322158.9881585904
862281,322158.9881585904
862618,322158.9881585904
862788,322158.9881585904
862799,322158.9881585904
862968,322158.9881585904
862970,322158.9881585904
862972,322158.9881585904
863013,322158.9881585904
863030,322158.9881585904
863134,322158.9881585904
863308,322158.9881585904
863598,322158.9881585904
863775,322158.9881585904
863870,322158.9881585904
863876,322158.9881585904
863878,322158.9881585904
863962,322158.9881585904
864003,322158.9881585904
864031,322158.9881585904
864076,322158.9881585904
864259,322158.9881585904
864264,322158.9881585904
864392,322158.9881585904
864413,322158.9881585904
864696,322158.9881585904
864957,322158.9881585904
864967,322158.9881585904
865059,322158.9881585904
865088,322158.9881585904
865172,322158.9881585904
865294,322158.9881585904
865295,322158.9881585904
865397,322158.9881585904
865837,322158.9881585904
865915,322158.9881585904
865988,322158.9881585904
866170,322158.9881585904
866219,322158.9881585904
866221,322158.9881585904
866233,322158.9881585904
866670,322158.9881585904
866690,322158.9881585904
866710,322158.9881585904
866832,322158.9881585904
866953,322158.9881585904
867179,322158.9881585904
867437,322158.9881585904
867463,322158.9881585904
867734,322158.9881585904
867910,322158.9881585904
868080,322158.9881585904
868188,322158.9881585904
868288,322158.9881585904
868374,322158.9881585904
868833,322158.9881585904
869107,322158.9881585904
869128,322158.9881585904
869129,322158.9881585904
869138,322158.9881585904
869231,322158.9881585904
869299,322158.9881585904
869366,322158.9881585904
869499,322158.9881585904
869632,322158.9881585904
869658,322158.9881585904
869693,322158.9881585904
870083,322158.9881585904
870420,322158.9881585904
870666,322158.9881585904
870737,322158.9881585904
870738,322158.9881585904
870742,322158.9881585904
870773,322158.9881585904
870921,322158.9881585904
871140,322158.9881585904
871143,322158.9881585904
871239,322158.9881585904
871264,322158.9881585904
871783,322158.9881585904
871887,322158.9881585904
872186,322158.9881585904
872351,322158.9881585904
872453,322158.9881585904
872615,322158.9881585904
873114,322158.9881585904
873126,322158.9881585904
873173,322158.9881585904
873306,322158.9881585904
874035,322158.9881585904
874087,322158.9881585904
874106,322158.9881585904
874111,322158.9881585904
874132,322158.9881585904
874172,322158.9881585904
874299,322158.9881585904
874301,322158.9881585904
874678,322158.9881585904
875005,322158.9881585904
875040,322158.9881585904
875084,322158.9881585904
875343,322158.9881585904
875373,322158.9881585904
875694,322158.9881585904
875715,322158.9881585904
875883,322158.9881585904
875956,322158.9881585904
876188,322158.9881585904
876243,322158.9881585904
876248,322158.9881585904
876298,322158.9881585904
876348,322158.9881585904
876525,322158.9881585904
876573,322158.9881585904
876658,322158.9881585904
876802,322158.9881585904
877045,322158.9881585904
877057,322158.9881585904
877061,322158.9881585904
877082,322158.9881585904
877159,322158.9881585904
877356,322158.9881585904
877405,322158.9881585904
877586,322158.9881585904
877678,322158.9881585904
877695,322158.9881585904
877858,322158.9881585904
877986,322158.9881585904
877992,322158.9881585904
877993,322158.9881585904
877999,322158.9881585904
878136,322158.9881585904
878160,322158.9881585904
878162,322158.9881585904
878163,322158.9881585904
878164,322158.9881585904
878185,322158.9881585904
878259,322158.9881585904
878329,322158.9881585904
878421,322158.9881585904
878447,322158.9881585904
878983,322158.9881585904
879011,322158.9881585904
879025,322158.9881585904
879202,322158.9881585904
879262,322158.9881585904
879410,322158.9881585904
879445,322158.9881585904
879490,322158.9881585904
879704,322158.9881585904
879837,322158.9881585904
879874,322158.9881585904
879899,322158.9881585904
879907,322158.9881585904
880010,322158.9881585904
880022,322158.9881585904
880054,322158.9881585904
880204,322158.9881585904
880277,322158.9881585904
880443,322158.9881585904
880473,322158.9881585904
880481,322158.9881585904
880488,322158.9881585904
880535,322158.9881585904
880552,322158.9881585904
880554,322158.9881585904
880659,322158.9881585904
880698,322158.9881585904
880710,322158.9881585904
880760,322158.9881585904
880910,322158.9881585904
881195,322158.9881585904
881204,322158.9881585904
881269,322158.9881585904
881271,322158.9881585904
881536,322158.9881585904
881648,322158.9881585904
881673,322158.9881585904
881944,322158.9881585904
882063,322158.9881585904
882221,322158.9881585904
882324,322158.9881585904
882337,322158.9881585904
882438,322158.9881585904
882778,322158.9881585904
882904,322158.9881585904
882962,322158.9881585904
883438,322158.9881585904
883576,322158.9881585904
883600,322158.9881585904
883704,322158.9881585904
883831,322158.9881585904
884093,322158.9881585904
884099,322158.9881585904
884231,322158.9881585904
884499,322158.9881585904
884561,322158.9881585904
884563,322158.9881585904
884654,322158.9881585904
917473,322158.9881585904
917675,322158.9881585904
917724,322158.9881585904
918021,322158.9881585904
918033,322158.9881585904
918035,322158.9881585904
918495,322158.9881585904
918508,322158.9881585904
918559,322158.9881585904
918632,322158.9881585904
918906,322158.9881585904
918909,322158.9881585904
918921,322158.9881585904
919282,322158.9881585904
919294,322158.9881585904
919346,322158.9881585904
919348,322158.9881585904
919349,322158.9881585904
919389,322158.9881585904
919475,322158.9881585904
919477,322158.9881585904
919478,322158.9881585904
919577,322158.9881585904
919708,322158.9881585904
919726,322158.9881585904
919736,322158.9881585904
919757,322158.9881585904
919778,322158.9881585904
919891,322158.9881585904
919997,322158.9881585904
920012,322158.9881585904
920013,322158.9881585904
920137,322158.9881585904
920258,322158.9881585904
920314,322158.9881585904
920322,322158.9881585904
922004,322158.9881585904
922014,322158.9881585904
922214,322158.9881585904
922244,322158.9881585904
1024686,322158.9881585904
1024698,322158.9881585904
1024801,322158.9881585904
1025018,322158.9881585904
1025058,322158.9881585904
1025061,322158.9881585904
1025080,322158.9881585904
1025173,322158.9881585904
1025211,322158.9881585904
1025298,322158.9881585904
1025315,322158.9881585904
1025346,322158.9881585904
1025350,322158.9881585904
1026050,322158.9881585904
1026150,322158.9881585904
1026439,322158.9881585904
1026667,322158.9881585904
1026670,322158.9881585904
1026853,322158.9881585904
1026857,322158.9881585904
1027120,322158.9881585904
1027152,322158.9881585904
1027154,322158.9881585904
1027285,322158.9881585904
1027287,322158.9881585904
1027289,322158.9881585904
1027304,322158.9881585904
1027312,322158.9881585904
1027564,322158.9881585904
1027908,322158.9881585904
1028089,322158.9881585904
1028529,322158.9881585904
1028591,322158.9881585904
1028658,322158.9881585904
1028708,322158.9881585904
1028749,322158.9881585904
1028829,322158.9881585904
1028874,322158.9881585904
1029454,322158.9881585904
1029472,322158.9881585904
1029518,322158.9881585904
1029744,322158.9881585904
1029859,322158.9881585904
1030059,322158.9881585904
1030097,322158.9881585904
1030101,322158.9881585904
1030123,322158.9881585904
1030203,322158.9881585904
1030283,322158.9881585904
1030444,322158.9881585904
1030455,322158.9881585904
1030459,322158.9881585904
1030503,322158.9881585904
1030736,322158.9881585904
1030804,322158.9881585904
1030937,322158.9881585904
1031066,322158.9881585904
1031181,322158.9881585904
1031311,322158.9881585904
1031478,322158.9881585904
1031619,322158.9881585904
1031690,322158.9881585904
1031854,322158.9881585904
1031858,322158.9881585904
1031906,322158.9881585904
1031920,322158.9881585904
1031942,322158.9881585904
1032259,322158.9881585904
1032333,322158.9881585904
1032385,322158.9881585904
1032393,322158.9881585904
1032599,322158.9881585904
1032620,322158.9881585904
1032637,322158.9881585904
1032669,322158.9881585904
1032731,322158.9881585904
1032777,322158.9881585904
1032887,322158.9881585904
1032923,322158.9881585904
1032932,322158.9881585904
1033063,322158.9881585904
1033091,322158.9881585904
1033395,322158.9881585904
1033445,322158.9881585904
1033457,322158.9881585904
1033533,322158.9881585904
1033712,322158.9881585904
1033894,322158.9881585904
1033932,322158.9881585904
1033937,322158.9881585904
1033988,322158.9881585904
1033989,322158.9881585904
1034003,322158.9881585904
1034012,322158.9881585904
1034047,322158.9881585904
1034062,322158.9881585904
1034064,322158.9881585904
1034065,322158.9881585904
1034066,322158.9881585904
1034068,322158.9881585904
1034078,322158.9881585904
1034088,322158.9881585904
1034300,322158.9881585904
1034363,322158.9881585904
1034496,322158.9881585904
1034605,322158.9881585904
1034670,322158.9881585904
1034716,322158.9881585904
1034718,322158.9881585904
1034778,322158.9881585904
1034779,322158.9881585904
1034803,322158.9881585904
1034837,322158.9881585904
1034944,322158.9881585904
1035106,322158.9881585904
1035111,322158.9881585904
1035166,322158.9881585904
1035490,322158.9881585904
1035494,322158.9881585904
1035524,322158.9881585904
1035548,322158.9881585904
1035564,322158.9881585904
1035605,322158.9881585904
1035785,322158.9881585904
1035893,322158.9881585904
1036037,322158.9881585904
1036072,322158.9881585904
1036103,322158.9881585904
1036226,322158.9881585904
1037508,322158.9881585904
1037509,322158.9881585904
1037613,322158.9881585904
1037615,322158.9881585904
1037616,322158.9881585904
1037617,322158.9881585904
1037619,322158.9881585904
1037699,322158.9881585904
1037850,322158.9881585904
1037908,322158.9881585904
1038175,322158.9881585904
1038180,322158.9881585904
1038183,322158.9881585904
1038322,322158.9881585904
1038432,322158.9881585904
1038447,322158.9881585904
1038448,322158.9881585904
1038494,322158.9881585904
1038509,322158.9881585904
1038512,322158.9881585904
1038516,322158.9881585904
1038517,322158.9881585904
1038532,322158.9881585904
1038541,322158.9881585904
1038551,322158.9881585904
1038600,322158.9881585904
1038788,322158.9881585904
1038956,322158.9881585904
1038957,322158.9881585904
1039041,322158.9881585904
1039176,322158.9881585904
1039208,322158.9881585904
1039427,322158.9881585904
1039430,322158.9881585904
1039434,322158.9881585904
1039449,322158.9881585904
1039523,322158.9881585904
1039795,322158.9881585904
1039810,322158.9881585904
1039879,322158.9881585904
1040038,322158.9881585904
1040077,322158.9881585904
1040154,322158.9881585904
1040155,322158.9881585904
1040245,322158.9881585904
1040616,322158.9881585904
1040659,322158.9881585904
1040829,322158.9881585904
1040841,322158.9881585904
1041077,322158.9881585904
1041312,322158.9881585904
1041324,322158.9881585904
1041354,322158.9881585904
1041377,322158.9881585904
1041469,322158.9881585904
1041480,322158.9881585904
1041501,322158.9881585904
1041515,322158.9881585904
1041815,322158.9881585904
1041945,322158.9881585904
1041997,322158.9881585904
1042010,322158.9881585904
1042250,322158.9881585904
1042254,322158.9881585904
1042365,322158.9881585904
1042421,322158.9881585904
1042710,322158.9881585904
1043106,322158.9881585904
1043116,322158.9881585904
1043117,322158.9881585904
1043349,322158.9881585904
1043369,322158.9881585904
1043413,322158.9881585904
1043475,322158.9881585904
1043480,322158.9881585904
1043482,322158.9881585904
1043492,322158.9881585904
1043501,322158.9881585904
1043542,322158.9881585904
1043603,322158.9881585904
1043620,322158.9881585904
1043688,322158.9881585904
1043779,322158.9881585904
1043799,322158.9881585904
1043891,322158.9881585904
1043892,322158.9881585904
1043945,322158.9881585904
1044186,322158.9881585904
1044193,322158.9881585904
1044204,322158.9881585904
1044205,322158.9881585904
1044215,322158.9881585904
1044236,322158.9881585904
1044277,322158.9881585904
1044296,322158.9881585904
1044297,322158.9881585904
1044356,322158.9881585904
1044456,322158.9881585904
1044496,322158.9881585904
1044569,322158.9881585904
1044700,322158.9881585904
1044742,322158.9881585904
1044802,322158.9881585904
1044803,322158.9881585904
1044813,322158.9881585904
1044832,322158.9881585904
1044867,322158.9881585904
1045016,322158.9881585904
1045148,322158.9881585904
1045209,322158.9881585904
1045223,322158.9881585904
1045320,322158.9881585904
1045323,322158.9881585904
1045414,322158.9881585904
1045572,322158.9881585904
1045573,322158.9881585904
1045595,322158.9881585904
1045679,322158.9881585904
1045724,322158.9881585904
1045725,322158.9881585904
1045730,322158.9881585904
1045799,322158.9881585904
1045886,322158.9881585904
1045930,322158.9881585904
1045955,322158.9881585904
1045981,322158.9881585904
1046127,322158.9881585904
1046209,322158.9881585904
1046212,322158.9881585904
1046225,322158.9881585904
1046231,322158.9881585904
1046257,322158.9881585904
1046283,322158.9881585904
1046328,322158.9881585904
1046331,322158.9881585904
1046356,322158.9881585904
1046430,322158.9881585904
1046462,322158.9881585904
1046488,322158.9881585904
1046498,322158.9881585904
1046576,322158.9881585904
1046593,322158.9881585904
1046597,322158.9881585904
1046633,322158.9881585904
1046719,322158.9881585904
1046832,322158.9881585904
1046844,322158.9881585904
1046861,322158.9881585904
1046862,322158.9881585904
1046875,322158.9881585904
1046947,322158.9881585904
1046952,322158.9881585904
1046992,322158.9881585904
1047083,322158.9881585904
1047115,322158.9881585904
1047118,322158.9881585904
1047172,322158.9881585904
1047190,322158.9881585904
1047193,322158.9881585904
1047257,322158.9881585904
1047273,322158.9881585904
1047480,322158.9881585904
1047498,322158.9881585904
1047543,322158.9881585904
1047617,322158.9881585904
1047712,322158.9881585904
1047901,322158.9881585904
1047986,322158.9881585904
1048124,322158.9881585904
1048181,322158.9881585904
1048203,322158.9881585904
1048241,322158.9881585904
1048292,322158.9881585904
1048310,322158.9881585904
1048513,322158.9881585904
1048631,322158.9881585904
1049174,322158.9881585904
1049242,322158.9881585904
1049249,322158.9881585904
1049252,322158.9881585904
1049305,322158.9881585904
1049306,322158.9881585904
1049317,322158.9881585904
1049322,322158.9881585904
1049326,322158.9881585904
1049334,322158.9881585904
1049336,322158.9881585904
1049377,322158.9881585904
1049418,322158.9881585904
1049447,322158.9881585904
1049476,322158.9881585904
1049480,322158.9881585904
1049490,322158.9881585904
1049498,322158.9881585904
1049499,322158.9881585904
1049504,322158.9881585904
1049505,322158.9881585904
1049521,322158.9881585904
1049551,322158.9881585904
1049557,322158.9881585904
1049586,322158.9881585904
1049673,322158.9881585904
1049674,322158.9881585904
1049684,322158.9881585904
1049721,322158.9881585904
1049728,322158.9881585904
1049744,322158.9881585904
1049769,322158.9881585904
1049783,322158.9881585904
1049881,322158.9881585904
1049888,322158.9881585904
1049902,322158.9881585904
1049929,322158.9881585904
1050083,322158.9881585904
1050117,322158.9881585904
1050132,322158.9881585904
1050134,322158.9881585904
1050140,322158.9881585904
1050208,322158.9881585904
1050240,322158.9881585904
1050279,322158.9881585904
1050338,322158.9881585904
1050362,322158.9881585904
1050433,322158.9881585904
1050457,322158.9881585904
1050501,322158.9881585904
1050574,322158.9881585904
1050594,322158.9881585904
1050656,322158.9881585904
1050862,322158.9881585904
1050863,322158.9881585904
1050909,322158.9881585904
1050939,322158.9881585904
1050946,322158.9881585904
1050995,322158.9881585904
1051015,322158.9881585904
1051038,322158.9881585904
1051097,322158.9881585904
1051130,322158.9881585904
1051148,322158.9881585904
1051151,322158.9881585904
1051239,322158.9881585904
1051244,322158.9881585904
1051288,322158.9881585904
1051313,322158.9881585904
1051314,322158.9881585904
1051354,322158.9881585904
1051440,322158.9881585904
1051504,322158.9881585904
1051585,322158.9881585904
1051651,322158.9881585904
1051887,322158.9881585904
1051929,322158.9881585904
1052048,322158.9881585904
1052213,322158.9881585904
1052363,322158.9881585904
1052422,322158.9881585904
1052438,322158.9881585904
1052484,322158.9881585904
1052505,322158.9881585904
1052581,322158.9881585904
1052622,322158.9881585904
1052708,322158.9881585904
1052827,322158.9881585904
1052838,322158.9881585904
1052871,322158.9881585904
1052891,322158.9881585904
1053088,322158.9881585904
1053226,322158.9881585904
1053352,322158.9881585904
1053730,322158.9881585904
1053935,322158.9881585904
1054083,322158.9881585904
1054093,322158.9881585904
1054179,322158.9881585904
1054262,322158.9881585904
1054334,322158.9881585904
1054358,322158.9881585904
1054564,322158.9881585904
1054624,322158.9881585904
1054633,322158.9881585904
1054796,322158.9881585904
1054801,322158.9881585904
1054937,322158.9881585904
1054961,322158.9881585904
1055035,322158.9881585904
1055041,322158.9881585904
1055092,322158.9881585904
1055135,322158.9881585904
1055232,322158.9881585904
1055233,322158.9881585904
1055361,322158.9881585904
1055407,322158.9881585904
1055408,322158.9881585904
1055462,322158.9881585904
1055471,322158.9881585904
1055681,322158.9881585904
1055727,322158.9881585904
1055783,322158.9881585904
1055884,322158.9881585904
1055885,322158.9881585904
1055936,322158.9881585904
1055950,322158.9881585904
1055976,322158.9881585904
1056019,322158.9881585904
1056287,322158.9881585904
1056414,322158.9881585904
1056599,322158.9881585904
1056744,322158.9881585904
1056825,322158.9881585904
1056826,322158.9881585904
1056908,322158.9881585904
1056914,322158.9881585904
1056944,322158.9881585904
1057065,322158.9881585904
1057090,322158.9881585904
1057091,322158.9881585904
1057148,322158.9881585904
1057149,322158.9881585904
1057150,322158.9881585904
1057151,322158.9881585904
1057152,322158.9881585904
1057153,322158.9881585904
1057234,322158.9881585904
1057297,322158.9881585904
1057375,322158.9881585904
1057507,322158.9881585904
1057887,322158.9881585904
1057947,322158.9881585904
1057950,322158.9881585904
1057955,322158.9881585904
1057965,322158.9881585904
1058044,322158.9881585904
1058078,322158.9881585904
1058101,322158.9881585904
1058176,322158.9881585904
1058333,322158.9881585904
1058334,322158.9881585904
1058599,322158.9881585904
1058796,322158.9881585904
1058801,322158.9881585904
1058802,322158.9881585904
1058822,322158.9881585904
1058928,322158.9881585904
1058931,322158.9881585904
1059002,322158.9881585904
1059048,322158.9881585904
1059114,322158.9881585904
1059119,322158.9881585904
1059129,322158.9881585904
1059188,322158.9881585904
1059376,322158.9881585904
1059388,322158.9881585904
1059539,322158.9881585904
1059545,322158.9881585904
1059547,322158.9881585904
1059555,322158.9881585904
1059586,322158.9881585904
1059624,322158.9881585904
1059665,322158.9881585904
1059675,322158.9881585904
1059677,322158.9881585904
1059748,322158.9881585904
1059846,322158.9881585904
1059865,322158.9881585904
1059892,322158.9881585904
1059967,322158.9881585904
1059984,322158.9881585904
1059989,322158.9881585904
1060018,322158.9881585904
1060098,322158.9881585904
1060175,322158.9881585904
1060194,322158.9881585904
1060278,322158.9881585904
1060355,322158.9881585904
1060363,322158.9881585904
1060389,322158.9881585904
1060551,322158.9881585904
1060564,322158.9881585904
1060584,322158.9881585904
1060585,322158.9881585904
1060754,322158.9881585904
1060785,322158.9881585904
1060795,322158.9881585904
1060797,322158.9881585904
1060800,322158.9881585904
1060854,322158.9881585904
1060907,322158.9881585904
1060916,322158.9881585904
1060943,322158.9881585904
1060944,322158.9881585904
1061025,322158.9881585904
1061064,322158.9881585904
1061103,322158.9881585904
1061329,322158.9881585904
1061352,322158.9881585904
1061419,322158.9881585904
1061472,322158.9881585904
1061474,322158.9881585904
1061489,322158.9881585904
1061521,322158.9881585904
1061613,322158.9881585904
1061628,322158.9881585904
1061716,322158.9881585904
1061773,322158.9881585904
1061906,322158.9881585904
1061981,322158.9881585904
1062059,322158.9881585904
1062062,322158.9881585904
1062154,322158.9881585904
1062179,322158.9881585904
1062215,322158.9881585904
1062231,322158.9881585904
1062234,322158.9881585904
1062235,322158.9881585904
1062237,322158.9881585904
1150057,322158.9881585904
1150061,322158.9881585904
1150062,322158.9881585904
1150302,322158.9881585904
1150304,322158.9881585904
1150307,322158.9881585904
1150308,322158.9881585904
1150312,322158.9881585904
1150313,322158.9881585904
1150315,322158.9881585904
1150318,322158.9881585904
1150709,322158.9881585904
1150711,322158.9881585904
1150714,322158.9881585904
1150716,322158.9881585904
1150721,322158.9881585904
1150722,322158.9881585904
1150723,322158.9881585904
1150727,322158.9881585904
1150729,322158.9881585904
1150732,322158.9881585904
1150733,322158.9881585904
1150739,322158.9881585904
1150741,322158.9881585904
1150744,322158.9881585904
1150751,322158.9881585904
1158788,322158.9881585904
1158790,322158.9881585904
1158794,322158.9881585904
1158798,322158.9881585904
1158802,322158.9881585904
1158803,322158.9881585904
1158804,322158.9881585904
1158972,322158.9881585904
1158973,322158.9881585904
1158979,322158.9881585904
1158980,322158.9881585904
1158982,322158.9881585904
1159208,322158.9881585904
1159224,322158.9881585904
1159254,322158.9881585904
1159717,322158.9881585904
1159725,322158.9881585904
1159755,322158.9881585904
1159756,322158.9881585904
1159757,322158.9881585904
1159758,322158.9881585904
1159760,322158.9881585904
1159762,322158.9881585904
1159764,322158.9881585904
1160340,322158.9881585904
1160342,322158.9881585904
1160347,322158.9881585904
1160348,322158.9881585904
1160352,322158.9881585904
1160353,322158.9881585904
1160357,322158.9881585904
1160368,322158.9881585904
1160370,322158.9881585904
1160372,322158.9881585904
1160628,322158.9881585904
1160633,322158.9881585904
1160635,322158.9881585904
1160642,322158.9881585904
1160644,322158.9881585904
1160646,322158.9881585904
1160651,322158.9881585904
1160652,322158.9881585904
1160659,322158.9881585904
1160663,322158.9881585904
1160877,322158.9881585904
1160879,322158.9881585904
1160881,322158.9881585904
1160884,322158.9881585904
1160887,322158.9881585904
1160891,322158.9881585904
1160892,322158.9881585904
1160893,322158.9881585904
1160897,322158.9881585904
1160900,322158.9881585904
1160901,322158.9881585904
1160903,322158.9881585904
1160909,322158.9881585904
1160910,322158.9881585904
1160913,322158.9881585904
1160916,322158.9881585904
1162333,322158.9881585904
1162334,322158.9881585904
1162374,322158.9881585904
1162376,322158.9881585904
1162380,322158.9881585904
1162381,322158.9881585904
1162382,322158.9881585904
1162385,322158.9881585904
1162386,322158.9881585904
1162638,322158.9881585904
1162639,322158.9881585904
1162640,322158.9881585904
1162641,322158.9881585904
1162643,322158.9881585904
1162707,322158.9881585904
1162708,322158.9881585904
1162764,322158.9881585904
1162899,322158.9881585904
1162918,322158.9881585904
1162924,322158.9881585904
1162925,322158.9881585904
1162926,322158.9881585904
1162927,322158.9881585904
1163023,322158.9881585904
1163027,322158.9881585904
1163028,322158.9881585904
1163039,322158.9881585904
1163040,322158.9881585904
1163042,322158.9881585904
1163043,322158.9881585904
1163044,322158.9881585904
1163047,322158.9881585904
1163050,322158.9881585904
1163083,322158.9881585904
1163086,322158.9881585904
1163089,322158.9881585904
1163090,322158.9881585904
1163091,322158.9881585904
1163092,322158.9881585904
1163093,322158.9881585904
1163095,322158.9881585904
1163096,322158.9881585904
1163264,322158.9881585904
1163271,322158.9881585904
1164020,322158.9881585904
1164022,322158.9881585904
1164028,322158.9881585904
1164565,322158.9881585904
1164567,322158.9881585904
1164571,322158.9881585904
1164576,322158.9881585904
1164578,322158.9881585904
1164580,322158.9881585904
1164581,322158.9881585904
1164582,322158.9881585904
1164583,322158.9881585904
1164617,322158.9881585904
1164618,322158.9881585904
1164622,322158.9881585904
1164625,322158.9881585904
1164627,322158.9881585904
1164629,322158.9881585904
1164911,322158.9881585904
1164914,322158.9881585904
1164916,322158.9881585904
1164936,322158.9881585904
1164938,322158.9881585904
1164940,322158.9881585904
1167361,322158.9881585904
1167364,322158.9881585904
1167369,322158.9881585904
1167373,322158.9881585904
1167374,322158.9881585904
1167375,322158.9881585904
1167383,322158.9881585904
1167385,322158.9881585904
1167387,322158.9881585904
1167388,322158.9881585904
1167392,322158.9881585904
1167397,322158.9881585904
1167398,322158.9881585904
1167399,322158.9881585904
1167401,322158.9881585904
1167402,322158.9881585904
1167403,322158.9881585904
1167404,322158.9881585904
1167405,322158.9881585904
1167406,322158.9881585904
1167407,322158.9881585904
1167409,322158.9881585904
1167410,322158.9881585904
1167411,322158.9881585904
1167412,322158.9881585904
1167413,322158.9881585904
1167414,322158.9881585904
1167426,322158.9881585904
1167429,322158.9881585904
1167430,322158.9881585904
1167431,322158.9881585904
1167437,322158.9881585904
1167439,322158.9881585904
1171188,322158.9881585904
1171191,322158.9881585904
1171194,322158.9881585904
1171195,322158.9881585904
1171196,322158.9881585904
1171200,322158.9881585904
1171201,322158.9881585904
1171203,322158.9881585904
1171204,322158.9881585904
1171205,322158.9881585904
1171362,322158.9881585904
1171367,322158.9881585904
1172945,322158.9881585904
1172952,322158.9881585904
1173341,322158.9881585904
1173343,322158.9881585904
1173347,322158.9881585904
1173351,322158.9881585904
1173353,322158.9881585904
1173355,322158.9881585904
1173356,322158.9881585904
1173358,322158.9881585904
1173362,322158.9881585904
1173364,322158.9881585904
1174252,322158.9881585904
1174253,322158.9881585904
1174258,322158.9881585904
1174265,322158.9881585904
1174280,322158.9881585904
1174393,322158.9881585904
1174395,322158.9881585904
1174396,322158.9881585904
1174397,322158.9881585904
1174398,322158.9881585904
1174400,322158.9881585904
1174404,322158.9881585904
1174405,322158.9881585904
1174407,322158.9881585904
1174456,322158.9881585904
1174460,322158.9881585904
1174462,322158.9881585904
1174465,322158.9881585904
1174466,322158.9881585904
1174468,322158.9881585904
1174469,322158.9881585904
1174471,322158.9881585904
1174472,322158.9881585904
1174473,322158.9881585904
1174475,322158.9881585904
1174491,322158.9881585904
1174496,322158.9881585904
1174501,322158.9881585904
1174592,322158.9881585904
1174593,322158.9881585904
1174595,322158.9881585904
1174596,322158.9881585904
1174598,322158.9881585904
1174599,322158.9881585904
1174602,322158.9881585904
1174607,322158.9881585904
1174608,322158.9881585904
1174732,322158.9881585904
1174738,322158.9881585904
1174742,322158.9881585904
1174743,322158.9881585904
1174748,322158.9881585904
1175538,322158.9881585904
1175539,322158.9881585904
1175543,322158.9881585904
1175547,322158.9881585904
1175548,322158.9881585904
1175550,322158.9881585904
1176289,322158.9881585904
1176758,322158.9881585904
1176759,322158.9881585904
1176764,322158.9881585904
1176772,322158.9881585904
1177110,322158.9881585904
1177116,322158.9881585904
1177118,322158.9881585904
1177121,322158.9881585904
1177122,322158.9881585904
1177125,322158.9881585904
1177822,322158.9881585904
1178019,322158.9881585904
1178024,322158.9881585904
1179391,322158.9881585904
1179392,322158.9881585904
1179393,322158.9881585904
1179512,322158.9881585904
1179513,322158.9881585904
1179516,322158.9881585904
1179517,322158.9881585904
1179518,322158.9881585904
1179526,322158.9881585904
1179527,322158.9881585904
1179540,322158.9881585904
1179542,322158.9881585904
1179543,322158.9881585904
1179546,322158.9881585904
1179548,322158.9881585904
1179552,322158.9881585904
1179554,322158.9881585904
1179555,322158.9881585904
1179557,322158.9881585904
1179944,322158.9881585904
1179948,322158.9881585904
1179949,322158.9881585904
1179952,322158.9881585904
1179953,322158.9881585904
1179955,322158.9881585904
1180044,322158.9881585904
1180046,322158.9881585904
1180047,322158.9881585904
1180048,322158.9881585904
1180049,322158.9881585904
1180050,322158.9881585904
1180051,322158.9881585904
1180053,322158.9881585904
1180054,322158.9881585904
1180056,322158.9881585904
1180060,322158.9881585904
1180070,322158.9881585904
1180073,322158.9881585904
1180078,322158.9881585904
1180080,322158.9881585904
1180241,322158.9881585904
1180242,322158.9881585904
1180243,322158.9881585904
1180251,322158.9881585904
1180253,322158.9881585904
1180254,322158.9881585904
1180255,322158.9881585904
1180257,322158.9881585904
1180452,322158.9881585904
1180461,322158.9881585904
1180464,322158.9881585904
1180465,322158.9881585904
1180466,322158.9881585904
1180467,322158.9881585904
1180469,322158.9881585904
1180471,322158.9881585904
1180472,322158.9881585904
1180474,322158.9881585904
1180479,322158.9881585904
1180481,322158.9881585904
1180482,322158.9881585904
1180484,322158.9881585904
1180485,322158.9881585904
1180487,322158.9881585904
1180619,322158.9881585904
1180622,322158.9881585904
1180628,322158.9881585904
1180629,322158.9881585904
1180630,322158.9881585904
1180701,322158.9881585904
1180702,322158.9881585904
1180704,322158.9881585904
1180707,322158.9881585904
1180708,322158.9881585904
1180711,322158.9881585904
1180712,322158.9881585904
1180716,322158.9881585904
1180717,322158.9881585904
1180732,322158.9881585904
1180733,322158.9881585904
1180734,322158.9881585904
1180735,322158.9881585904
1180738,322158.9881585904
1180739,322158.9881585904
1180741,322158.9881585904
1180743,322158.9881585904
1180744,322158.9881585904
1180748,322158.9881585904
1180749,322158.9881585904
1180770,322158.9881585904
1180771,322158.9881585904
1180774,322158.9881585904
1180777,322158.9881585904
1180938,322158.9881585904
1180945,322158.9881585904
1180951,322158.9881585904
1180954,322158.9881585904
1180967,322158.9881585904
1180976,322158.9881585904
1180977,322158.9881585904
1181989,322158.9881585904
1182023,322158.9881585904
1182025,322158.9881585904
1182026,322158.9881585904
1182030,322158.9881585904
1182033,322158.9881585904
1182314,322158.9881585904
1182315,322158.9881585904
1182316,322158.9881585904
1182317,322158.9881585904
1182321,322158.9881585904
1182322,322158.9881585904
1182323,322158.9881585904
1182628,322158.9881585904
1182650,322158.9881585904
1182652,322158.9881585904
1182654,322158.9881585904
1182655,322158.9881585904
1182744,322158.9881585904
1182745,322158.9881585904
1182746,322158.9881585904
1182748,322158.9881585904
1182749,322158.9881585904
1182754,322158.9881585904
1182756,322158.9881585904
1182757,322158.9881585904
1183211,322158.9881585904
1183213,322158.9881585904
1183689,322158.9881585904
1183690,322158.9881585904
1183691,322158.9881585904
1183692,322158.9881585904
1184185,322158.9881585904
1184271,322158.9881585904
1184272,322158.9881585904
1184678,322158.9881585904
1184679,322158.9881585904
1184680,322158.9881585904
1184730,322158.9881585904
1184731,322158.9881585904
1184772,322158.9881585904
1184775,322158.9881585904
1184780,322158.9881585904
1184783,322158.9881585904
1184806,322158.9881585904
1184809,322158.9881585904
1184956,322158.9881585904
1185123,322158.9881585904
1185129,322158.9881585904
1185141,322158.9881585904
1185144,322158.9881585904
1185145,322158.9881585904
1185150,322158.9881585904
1185316,322158.9881585904
1185317,322158.9881585904
1185326,322158.9881585904
1185328,322158.9881585904
1185330,322158.9881585904
1185331,322158.9881585904
1185722,322158.9881585904
1185744,322158.9881585904
1185746,322158.9881585904
1185748,322158.9881585904
1185818,322158.9881585904
1185819,322158.9881585904
1186256,322158.9881585904
1186257,322158.9881585904
1186258,322158.9881585904
1186260,322158.9881585904
1186261,322158.9881585904
1186284,322158.9881585904
1186288,322158.9881585904
1186368,322158.9881585904
1186370,322158.9881585904
1186371,322158.9881585904
1186373,322158.9881585904
1186374,322158.9881585904
1186376,322158.9881585904
1186379,322158.9881585904
1186380,322158.9881585904
1186827,322158.9881585904
1186830,322158.9881585904
1186831,322158.9881585904
1186832,322158.9881585904
1186834,322158.9881585904
1186835,322158.9881585904
1186837,322158.9881585904
1186840,322158.9881585904
1187587,322158.9881585904
1187625,322158.9881585904
1187626,322158.9881585904
1187628,322158.9881585904
1187839,322158.9881585904
1187840,322158.9881585904
1187842,322158.9881585904
1187843,322158.9881585904
1187844,322158.9881585904
1187851,322158.9881585904
1187853,322158.9881585904
1187854,322158.9881585904
1188373,322158.9881585904
1188428,322158.9881585904
1188429,322158.9881585904
1188430,322158.9881585904
1188431,322158.9881585904
1188439,322158.9881585904
1188440,322158.9881585904
1188442,322158.9881585904
1188484,322158.9881585904
1188485,322158.9881585904
1188487,322158.9881585904
1188488,322158.9881585904
1188490,322158.9881585904
1188493,322158.9881585904
1188499,322158.9881585904
1188519,322158.9881585904
1188531,322158.9881585904
1188535,322158.9881585904
1188538,322158.9881585904
1188539,322158.9881585904
1188577,322158.9881585904
1188578,322158.9881585904
1188581,322158.9881585904
1189583,322158.9881585904
1189587,322158.9881585904
1189590,322158.9881585904
1189593,322158.9881585904
1189594,322158.9881585904
1189595,322158.9881585904
1189596,322158.9881585904
1189599,322158.9881585904
1189600,322158.9881585904
1189603,322158.9881585904
1189605,322158.9881585904
1189606,322158.9881585904
1189610,322158.9881585904
1189611,322158.9881585904
1191966,322158.9881585904
1191971,322158.9881585904
1191972,322158.9881585904
1192091,322158.9881585904
1192096,322158.9881585904
1192970,322158.9881585904
1192973,322158.9881585904
1193162,322158.9881585904
1193163,322158.9881585904
1193168,322158.9881585904
1193169,322158.9881585904
1193170,322158.9881585904
1193171,322158.9881585904
1193543,322158.9881585904
1193676,322158.9881585904
1193751,322158.9881585904
1193761,322158.9881585904
1193775,322158.9881585904
1193777,322158.9881585904
1193779,322158.9881585904
1193782,322158.9881585904
1193783,322158.9881585904
1193836,322158.9881585904
1193848,322158.9881585904
1193849,322158.9881585904
1193850,322158.9881585904
1193855,322158.9881585904
1193857,322158.9881585904
1193859,322158.9881585904
1193861,322158.9881585904
1193862,322158.9881585904
1193863,322158.9881585904
1193864,322158.9881585904
1193866,322158.9881585904
1193915,322158.9881585904
1193925,322158.9881585904
1193927,322158.9881585904
1193952,322158.9881585904
1193953,322158.9881585904
1193954,322158.9881585904
1193955,322158.9881585904
1193956,322158.9881585904
1193957,322158.9881585904
1194415,322158.9881585904
1194922,322158.9881585904
1194977,322158.9881585904
1195222,322158.9881585904
1195223,322158.9881585904
1195224,322158.9881585904
1195225,322158.9881585904
1195425,322158.9881585904
1195426,322158.9881585904
1195432,322158.9881585904
1195891,322158.9881585904
1195892,322158.9881585904
1195893,322158.9881585904
1195900,322158.9881585904
1195901,322158.9881585904
1195903,322158.9881585904
1196019,322158.9881585904
1196842,322158.9881585904
1196844,322158.9881585904
1196847,322158.9881585904
1196872,322158.9881585904
1196892,322158.9881585904
1196893,322158.9881585904
1196894,322158.9881585904
1196895,322158.9881585904
1196904,322158.9881585904
1196912,322158.9881585904
1196913,322158.9881585904
1196993,322158.9881585904
1196994,322158.9881585904
1196998,322158.9881585904
1196999,322158.9881585904
1197000,322158.9881585904
1197002,322158.9881585904
1197106,322158.9881585904
1197107,322158.9881585904
1197108,322158.9881585904
1197166,322158.9881585904
1197209,322158.9881585904
1197214,322158.9881585904
1197215,322158.9881585904
1197216,322158.9881585904
1197253,322158.9881585904
1197256,322158.9881585904
1197309,322158.9881585904
1197311,322158.9881585904
1197315,322158.9881585904
1197316,322158.9881585904
1197321,322158.9881585904
1197322,322158.9881585904
1197323,322158.9881585904
1197324,322158.9881585904
1197325,322158.9881585904
1197326,322158.9881585904
1197328,322158.9881585904
1197329,322158.9881585904
1197331,322158.9881585904
1197345,322158.9881585904
1197351,322158.9881585904
1197462,322158.9881585904
1197463,322158.9881585904
1197465,322158.9881585904
1197467,322158.9881585904
1197469,322158.9881585904
1197470,322158.9881585904
1197502,322158.9881585904
1197549,322158.9881585904
1197570,322158.9881585904
1197627,322158.9881585904
1197672,322158.9881585904
1197859,322158.9881585904
1197860,322158.9881585904
1197977,322158.9881585904
1197978,322158.9881585904
1198019,322158.9881585904
1198021,322158.9881585904
1198337,322158.9881585904
1198358,322158.9881585904
1198364,322158.9881585904
1198365,322158.9881585904
1198366,322158.9881585904
1198367,322158.9881585904
1198368,322158.9881585904
1198369,322158.9881585904
1198373,322158.9881585904
1198446,322158.9881585904
1198450,322158.9881585904
1198451,322158.9881585904
1198452,322158.9881585904
1198453,322158.9881585904
1198457,322158.9881585904
1198621,322158.9881585904
1198645,322158.9881585904
1198649,322158.9881585904
1198650,322158.9881585904
1198664,322158.9881585904
1198665,322158.9881585904
1198669,322158.9881585904
1198670,322158.9881585904
1198671,322158.9881585904
1198760,322158.9881585904
1198766,322158.9881585904
1198768,322158.9881585904
1198771,322158.9881585904
1198773,322158.9881585904
715273,322158.9881585904
717643,322158.9881585904
720473,322158.9881585904
722274,322158.9881585904
722610,322158.9881585904
722632,322158.9881585904
724293,322158.9881585904
724296,322158.9881585904
724367,322158.9881585904
724383,322158.9881585904
724402,322158.9881585904
724436,322158.9881585904
724693,322158.9881585904
725035,322158.9881585904
726164,322158.9881585904
728018,322158.9881585904
728963,322158.9881585904
730396,322158.9881585904
730570,322158.9881585904
732096,322158.9881585904
732455,322158.9881585904
733749,322158.9881585904
739805,322158.9881585904
762985,322158.9881585904
765024,322158.9881585904
766318,322158.9881585904
767291,322158.9881585904
768075,322158.9881585904
768187,322158.9881585904
768450,322158.9881585904
768818,322158.9881585904
775095,322158.9881585904
777984,322158.9881585904
780334,322158.9881585904
782037,322158.9881585904
783338,322158.9881585904
788907,322158.9881585904
791183,322158.9881585904
791186,322158.9881585904
800871,322158.9881585904
805218,322158.9881585904
808371,322158.9881585904
810903,322158.9881585904
813910,322158.9881585904
814295,322158.9881585904
816599,322158.9881585904
817980,322158.9881585904
818854,322158.9881585904
821034,322158.9881585904
822425,322158.9881585904
823206,322158.9881585904
823722,322158.9881585904
824962,322158.9881585904
827620,322158.9881585904
829106,322158.9881585904
829983,322158.9881585904
835034,322158.9881585904
835905,322158.9881585904
836853,322158.9881585904
836965,322158.9881585904
837221,322158.9881585904
837226,322158.9881585904
837310,322158.9881585904
837312,322158.9881585904
837322,322158.9881585904
837364,322158.9881585904
837447,322158.9881585904
837450,322158.9881585904
837480,322158.9881585904
837481,322158.9881585904
837534,322158.9881585904
837603,322158.9881585904
837604,322158.9881585904
837695,322158.9881585904
837700,322158.9881585904
838738,322158.9881585904
838739,322158.9881585904
838747,322158.9881585904
839708,322158.9881585904
839728,322158.9881585904
839729,322158.9881585904
839750,322158.9881585904
839751,322158.9881585904
839752,322158.9881585904
839753,322158.9881585904
839754,322158.9881585904
839789,322158.9881585904
839793,322158.9881585904
839796,322158.9881585904
840813,322158.9881585904
843860,322158.9881585904
844526,322158.9881585904
844543,322158.9881585904
844754,322158.9881585904
846486,322158.9881585904
847164,322158.9881585904
848484,322158.9881585904
936754,322158.9881585904
937863,322158.9881585904
937904,322158.9881585904
938417,322158.9881585904
938423,322158.9881585904
938603,322158.9881585904
938622,322158.9881585904
939544,322158.9881585904
940696,322158.9881585904
942465,322158.9881585904
942737,322158.9881585904
943019,322158.9881585904
943421,322158.9881585904
945655,322158.9881585904
947947,322158.9881585904
949288,322158.9881585904
952129,322158.9881585904
952131,322158.9881585904
952904,322158.9881585904
953479,322158.9881585904
954602,322158.9881585904
954929,322158.9881585904
955982,322158.9881585904
958924,322158.9881585904
959475,322158.9881585904
960089,322158.9881585904
960166,322158.9881585904
961081,322158.9881585904
961152,322158.9881585904
961156,322158.9881585904
963917,322158.9881585904
963924,322158.9881585904
963928,322158.9881585904
964509,322158.9881585904
965003,322158.9881585904
967216,322158.9881585904
967710,322158.9881585904
967711,322158.9881585904
967715,322158.9881585904
968678,322158.9881585904
969661,322158.9881585904
970940,322158.9881585904
971513,322158.9881585904
972147,322158.9881585904
972176,322158.9881585904
972866,322158.9881585904
974942,322158.9881585904
974954,322158.9881585904
976609,322158.9881585904
978142,322158.9881585904
978273,322158.9881585904
978277,322158.9881585904
978278,322158.9881585904
978281,322158.9881585904
978860,322158.9881585904
979110,322158.9881585904
979112,322158.9881585904
979516,322158.9881585904
980337,322158.9881585904
980476,322158.9881585904
982006,322158.9881585904
983877,322158.9881585904
983878,322158.9881585904
983879,322158.9881585904
985387,322158.9881585904
985462,322158.9881585904
985808,322158.9881585904
986398,322158.9881585904
987620,322158.9881585904
988304,322158.9881585904
988676,322158.9881585904
989018,322158.9881585904
995698,322158.9881585904
995822,322158.9881585904
1002393,322158.9881585904
1003195,322158.9881585904
1003292,322158.9881585904
1003326,322158.9881585904
1003655,322158.9881585904
1003662,322158.9881585904
1003847,322158.9881585904
1006131,322158.9881585904
1008419,322158.9881585904
1008432,322158.9881585904
1008509,322158.9881585904
1008929,322158.9881585904
1009457,322158.9881585904
1010167,322158.9881585904
1010251,322158.9881585904
1010311,322158.9881585904
1011035,322158.9881585904
1011899,322158.9881585904
1013203,322158.9881585904
1013464,322158.9881585904
1013942,322158.9881585904
1014952,322158.9881585904
1015519,322158.9881585904
1018488,322158.9881585904
1018565,322158.9881585904
1018830,322158.9881585904
1019163,322158.9881585904
1019257,322158.9881585904
1019258,322158.9881585904
1022427,322158.9881585904
1023024,322158.9881585904
1024198,322158.9881585904
1024386,322158.9881585904
1024633,322158.9881585904
1065813,322158.9881585904
1066642,322158.9881585904
1066903,322158.9881585904
1068872,322158.9881585904
1071707,322158.9881585904
1072579,322158.9881585904
1072606,322158.9881585904
1073519,322158.9881585904
1073733,322158.9881585904
1074535,322158.9881585904
1075895,322158.9881585904
1076216,322158.9881585904
1076517,322158.9881585904
1076917,322158.9881585904
1077573,322158.9881585904
1078672,322158.9881585904
1080081,322158.9881585904
1080084,322158.9881585904
1080177,322158.9881585904
1080179,322158.9881585904
1080180,322158.9881585904
1080182,322158.9881585904
1080646,322158.9881585904
1081890,322158.9881585904
1082838,322158.9881585904
1082935,322158.9881585904
1083177,322158.9881585904
1083187,322158.9881585904
1093683,322158.9881585904
1094194,322158.9881585904
1097426,322158.9881585904
1098571,322158.9881585904
1102741,322158.9881585904
1102778,322158.9881585904
1224860,322158.9881585904
1224861,322158.9881585904
1224864,322158.9881585904
1224865,322158.9881585904
1224868,322158.9881585904
1224877,322158.9881585904
1229111,322158.9881585904
1229116,322158.9881585904
1229118,322158.9881585904
1235951,322158.9881585904
1235954,322158.9881585904
1236545,322158.9881585904
1236554,322158.9881585904
1236560,322158.9881585904
1239168,322158.9881585904
1239172,322158.9881585904
1239175,322158.9881585904
1239178,322158.9881585904
1239179,322158.9881585904
1239182,322158.9881585904
1239184,322158.9881585904
1241221,322158.9881585904
1241227,322158.9881585904
1241228,322158.9881585904
96029,318216.3118311705
96056,315681.2167740214
96065,315681.2167740214
96072,295418.6480822002
96079,310474.9758588381
96099,303830.5239093175
96100,303830.5239093175
96136,315681.2167740214
96137,315681.2167740214
96138,315681.2167740214
96140,315681.2167740214
96142,315681.2167740214
96143,315681.2167740214
96193,315681.2167740214
96202,315681.2167740214
96206,315681.2167740214
96207,316142.2515208052
96224,316142.2515208052
96225,316142.2515208052
96227,315681.2167740214
96302,315681.2167740214
96318,315681.2167740214
96339,315681.2167740214
96369,303830.5239093175
96417,315681.2167740214
96432,303830.5239093175
96464,303830.5239093175
96467,315681.2167740214
96471,315681.2167740214
96476,205669.25243039746
96477,205669.25243039746
96481,205669.25243039746
96486,315681.2167740214
96487,315681.2167740214
96515,318216.3118311705
96547,315681.2167740214
96571,315681.2167740214
96574,315681.2167740214
96593,315681.2167740214
96606,295418.6480822002
96648,318216.3118311705
96654,318216.3118311705
96656,316142.2515208052
96661,318216.3118311705
96662,316142.2515208052
96664,288738.63256052835
96668,316142.2515208052
96669,316142.2515208052
96672,316142.2515208052
96678,315681.2167740214
96679,318216.3118311705
96683,318216.3118311705
96713,315681.2167740214
96715,305785.4598159735
96735,305785.4598159735
96742,205669.25243039746
96750,315681.2167740214
96751,318216.3118311705
96758,318216.3118311705
96760,315681.2167740214
96762,318216.3118311705
96765,318216.3118311705
96771,318216.3118311705
96772,318216.3118311705
96782,315681.2167740214
96790,205669.25243039746
96791,315681.2167740214
96816,318216.3118311705
96819,205669.25243039746
96821,315681.2167740214
96838,315681.2167740214
96862,316142.2515208052
96863,316142.2515208052
96869,205669.25243039746
96875,315681.2167740214
96876,315681.2167740214
96896,295418.6480822002
96897,293591.01072342205
96937,295418.6480822002
96946,295418.6480822002
96952,205669.25243039746
96957,315681.2167740214
96986,315681.2167740214
96988,295418.6480822002
96990,295418.6480822002
97005,318216.3118311705
97065,291316.5945109863
97071,205669.25243039746
97077,288738.63256052835
97081,315681.2167740214
97083,315681.2167740214
97093,315681.2167740214
97097,316142.2515208052
97122,205669.25243039746
97125,315681.2167740214
97126,303830.5239093175
97127,315681.2167740214
97129,315681.2167740214
97133,315681.2167740214
97137,315681.2167740214
97139,315681.2167740214
97140,315681.2167740214
97144,315681.2167740214
97146,315681.2167740214
97148,315681.2167740214
97149,315681.2167740214
97152,315681.2167740214
97154,315681.2167740214
97155,315681.2167740214
97161,315681.2167740214
97166,315681.2167740214
97194,315681.2167740214
97210,295418.6480822002
97213,315681.2167740214
97215,315681.2167740214
97217,315681.2167740214
97224,315681.2167740214
97226,288738.63256052835
97229,315681.2167740214
97235,315681.2167740214
97250,318216.3118311705
97263,315681.2167740214
97269,295418.6480822002
97312,295418.6480822002
97318,315681.2167740214
97327,315681.2167740214
97336,315681.2167740214
97447,303830.5239093175
97449,315681.2167740214
97467,358616.1907235009
97482,315681.2167740214
97495,358616.1907235009
97527,315681.2167740214
97531,315681.2167740214
97533,315681.2167740214
97545,315681.2167740214
97550,315681.2167740214
97555,205669.25243039746
97562,288738.63256052835
97564,288738.63256052835
97565,288738.63256052835
97566,288738.63256052835
97573,303830.5239093175
97575,315681.2167740214
97578,205669.25243039746
97579,205669.25243039746
97580,205669.25243039746
97582,205669.25243039746
97583,205669.25243039746
97584,205669.25243039746
97585,205669.25243039746
97586,205669.25243039746
97589,315681.2167740214
97590,315681.2167740214
97677,315681.2167740214
97680,315681.2167740214
97681,315681.2167740214
97686,315681.2167740214
97687,315681.2167740214
97690,315681.2167740214
97692,315681.2167740214
97696,315681.2167740214
97698,315681.2167740214
97699,315681.2167740214
97701,315681.2167740214
97704,318216.3118311705
97707,318216.3118311705
97729,205669.25243039746
97807,318216.3118311705
97808,295418.6480822002
97858,295418.6480822002
97859,315681.2167740214
97861,315681.2167740214
97879,318216.3118311705
97881,318216.3118311705
97885,318216.3118311705
97888,318216.3118311705
97897,315681.2167740214
97907,288738.63256052835
97911,315681.2167740214
97914,295418.6480822002
97927,205669.25243039746
97943,315681.2167740214
97949,205669.25243039746
97967,295418.6480822002
97988,315681.2167740214
97989,318216.3118311705
97990,315681.2167740214
97991,318216.3118311705
97993,315681.2167740214
97996,318216.3118311705
97997,318216.3118311705
97998,315681.2167740214
97999,315681.2167740214
98001,315681.2167740214
98014,295418.6480822002
98016,293591.01072342205
98036,288738.63256052835
98054,205669.25243039746
98063,315681.2167740214
98082,315681.2167740214
98083,315681.2167740214
98085,315681.2167740214
98086,315681.2167740214
98087,318216.3118311705
98090,315681.2167740214
98095,315681.2167740214
98103,295418.6480822002
98108,315681.2167740214
98119,288738.63256052835
98149,205669.25243039746
98164,418169.8152328647
98167,318216.3118311705
98168,295418.6480822002
98204,293534.8409346441
98248,315681.2167740214
98249,318216.3118311705
98257,315681.2167740214
98276,318216.3118311705
98293,301724.1157946172
98301,303830.5239093175
98308,315681.2167740214
98357,315681.2167740214
98358,301724.1157946172
98366,295418.6480822002
98394,315681.2167740214
98400,315681.2167740214
98403,318216.3118311705
98412,315681.2167740214
98413,295418.6480822002
98433,295418.6480822002
98450,288738.63256052835
98451,295418.6480822002
98452,205669.25243039746
98455,315681.2167740214
98462,315681.2167740214
98475,315681.2167740214
98499,303830.5239093175
98525,318216.3118311705
98526,316142.2515208052
98528,295418.6480822002
98531,205669.25243039746
98544,315681.2167740214
98553,315681.2167740214
98573,205669.25243039746
98582,205669.25243039746
98584,205669.25243039746
98585,205669.25243039746
98589,295418.6480822002
98593,305785.4598159735
98596,205669.25243039746
98648,315681.2167740214
98652,295418.6480822002
98653,315681.2167740214
98654,288738.63256052835
98656,205669.25243039746
98710,358616.1907235009
98754,295418.6480822002
98770,318216.3118311705
98780,315681.2167740214
98781,358616.1907235009
98782,358616.1907235009
98789,315681.2167740214
98804,318216.3118311705
98822,318216.3118311705
98823,293534.8409346441
98828,315681.2167740214
98842,205669.25243039746
98843,295418.6480822002
98846,315681.2167740214
98862,318216.3118311705
98863,315681.2167740214
98869,205669.25243039746
98870,205669.25243039746
98874,288738.63256052835
98876,315681.2167740214
98878,315681.2167740214
98883,315681.2167740214
98895,315681.2167740214
98899,315681.2167740214
98900,315681.2167740214
98901,315681.2167740214
98902,315681.2167740214
98905,318216.3118311705
98929,311747.7786749855
98948,295418.6480822002
98979,299615.3647874234
99010,288738.63256052835
99022,303830.5239093175
99035,396416.7362483692
99043,315681.2167740214
99044,315681.2167740214
99048,315681.2167740214
99051,301724.1157946172
99087,295418.6480822002
99098,303830.5239093175
99102,303830.5239093175
99104,315681.2167740214
99105,315681.2167740214
99114,358616.1907235009
99148,311747.7786749855
99163,205669.25243039746
99168,315681.2167740214
99198,315681.2167740214
99200,295418.6480822002
99205,318216.3118311705
99273,315681.2167740214
99277,318216.3118311705
99292,315681.2167740214
99293,315681.2167740214
99298,315681.2167740214
99300,303830.5239093175
99304,315681.2167740214
99305,295418.6480822002
99316,315681.2167740214
99319,288738.63256052835
99341,315681.2167740214
99344,205669.25243039746
99356,315681.2167740214
99360,315681.2167740214
99361,315681.2167740214
99389,295418.6480822002
99399,315681.2167740214
99400,315681.2167740214
99401,205669.25243039746
99421,305785.4598159735
99429,315681.2167740214
99433,315681.2167740214
99436,295418.6480822002
99439,318216.3118311705
99442,315681.2167740214
99450,288738.63256052835
99451,295418.6480822002
99460,358616.1907235009
99475,315681.2167740214
99480,358616.1907235009
99483,305785.4598159735
99529,318216.3118311705
99532,313575.4160337637
99542,315681.2167740214
99575,358616.1907235009
99583,315681.2167740214
99597,205669.25243039746
99601,295418.6480822002
99603,315681.2167740214
99624,205669.25243039746
99625,295418.6480822002
99651,295418.6480822002
99655,295418.6480822002
99673,305785.4598159735
99694,315681.2167740214
99697,315681.2167740214
99698,301724.1157946172
99714,205669.25243039746
99716,315681.2167740214
99717,315681.2167740214
99718,315681.2167740214
99719,315681.2167740214
99728,295418.6480822002
99736,305785.4598159735
99739,295418.6480822002
99751,311747.7786749855
99759,609406.3247037395
99760,311747.7786749855
99761,315681.2167740214
99765,315681.2167740214
99769,211595.28515306776
99812,299510.00069681625
99817,287337.94340652984
99855,237717.6738012533
99868,128363.95404839142
99869,128363.95404839142
99874,128363.95404839142
99895,128363.95404839142
99897,299510.00069681625
99980,257522.32839457208
99982,257522.32839457208
99984,215153.39692525336
99985,296590.9542044587
99990,128363.95404839142
99991,257522.32839457208
100086,285489.53060248005
100110,303970.09830203117
100115,257522.32839457208
100118,257522.32839457208
100119,257522.32839457208
100122,257522.32839457208
100125,257522.32839457208
100126,257522.32839457208
100127,257522.32839457208
100129,257522.32839457208
100130,257522.32839457208
100134,257522.32839457208
100136,257522.32839457208
100156,285489.53060248005
100157,175282.32117351782
100169,299510.00069681625
100171,128363.95404839142
100179,138177.31367606268
100187,126274.38220698992
100192,187070.21808811708
100193,187070.21808811708
100219,149791.6519897289
100243,128363.95404839142
100244,128363.95404839142
100289,257522.32839457208
100297,257522.32839457208
100310,303970.09830203117
100312,292056.8692642044
100327,128363.95404839142
100378,128363.95404839142
100422,128363.95404839142
100447,129831.72338641925
100513,219693.80265609213
100520,128363.95404839142
100532,128363.95404839142
100534,128363.95404839142
100537,128363.95404839142
100550,128363.95404839142
100557,128757.27464294824
100564,128363.95404839142
100571,211070.40574698788
100575,212336.86784820582
100595,128363.95404839142
100596,295598.0268476045
100620,297583.6685059098
100621,295598.0268476045
100648,301813.53415646177
100652,128363.95404839142
100661,299510.00069681625
100677,285489.53060248005
100678,296163.91141626163
100681,296590.9542044587
100708,128363.95404839142
100709,128363.95404839142
100723,303970.09830203117
100730,299510.00069681625
100733,128363.95404839142
100735,128363.95404839142
100736,128363.95404839142
100744,186317.64909158065
100755,128363.95404839142
100774,128363.95404839142
100800,187783.1097641883
100805,128363.95404839142
100812,209450.95977880436
100813,205446.73749714252
100819,127856.7727565333
100821,299510.00069681625
100866,128363.95404839142
100906,299510.00069681625
100942,301853.9814954623
100950,128363.95404839142
101142,208920.1961020739
101185,128363.95404839142
101191,303970.09830203117
101193,288258.0763506789
101283,128363.95404839142
101287,128363.95404839142
101300,257522.32839457208
101308,128363.95404839142
101316,128363.95404839142
101318,257522.32839457208
101326,128363.95404839142
101402,287337.94340652984
101456,128429.98625670013
101469,128363.95404839142
101478,302731.2500779859
101486,210157.52090286385
101499,300142.80276761437
101501,128363.95404839142
101506,204081.66514510836
101512,128363.95404839142
101514,127856.7727565333
101515,127856.7727565333
101527,128363.95404839142
101552,124693.62567355452
101571,128363.95404839142
101583,128363.95404839142
101600,128363.95404839142
101601,128363.95404839142
101603,128363.95404839142
101614,128363.95404839142
101619,303970.09830203117
101642,142849.9515234316
101673,128363.95404839142
101680,303970.09830203117
101694,128363.95404839142
101702,128363.95404839142
101707,300145.18383165164
101720,128363.95404839142
101755,128363.95404839142
101770,128363.95404839142
101780,292056.8692642044
101785,128363.95404839142
101817,211070.40574698788
101913,128363.95404839142
101915,128363.95404839142
101919,128363.95404839142
101976,128363.95404839142
101987,128363.95404839142
102114,128363.95404839142
102116,214481.1932224692
102197,257522.32839457208
102198,188070.27447436764
102217,240803.57503870764
102252,203827.291528959
102299,288258.0763506789
102330,128363.95404839142
102350,128363.95404839142
102352,128363.95404839142
102353,128363.95404839142
102404,128363.95404839142
102405,128363.95404839142
102415,128363.95404839142
102420,178852.27439641635
102442,128363.95404839142
102475,302677.2307015115
102479,292056.8692642044
102511,296163.91141626163
102568,128363.95404839142
102580,128363.95404839142
102593,276947.33600680286
102598,128363.95404839142
102607,128363.95404839142
102637,128363.95404839142
102792,128363.95404839142
102794,128363.95404839142
102837,128363.95404839142
102890,140946.04917388264
102905,128363.95404839142
102910,128363.95404839142
102922,128363.95404839142
102985,128363.95404839142
103028,128363.95404839142
103115,128363.95404839142
103132,128363.95404839142
103138,140946.04917388264
103179,128363.95404839142
103199,128363.95404839142
103244,128363.95404839142
103246,128363.95404839142
103276,264184.85106246994
103283,128363.95404839142
103313,128363.95404839142
103362,292056.8692642044
103392,290106.4891547287
103395,128363.95404839142
103428,128363.95404839142
103436,168696.99586390975
103463,128363.95404839142
103493,293540.596680364
103495,303970.09830203117
103498,303970.09830203117
103504,293540.596680364
103524,296539.9873665512
103527,303970.09830203117
103530,241779.94184751718
103532,162527.34711447754
103534,269675.36885980936
103540,162527.34711447754
103547,293540.596680364
103555,162069.19353898373
103556,303970.09830203117
103557,184409.44013126794
103567,257522.32839457208
103568,293540.596680364
103571,244193.90095115022
103577,244193.90095115022
103578,293540.596680364
103579,223969.6876281096
103595,184900.57274823327
103601,241779.94184751718
103603,244193.90095115022
103604,274389.79860240925
103608,184723.4497461014
103614,191069.44722572315
103620,162527.34711447754
103625,293540.596680364
103627,293540.596680364
103678,293540.596680364
103679,238784.5418244073
103685,303970.09830203117
103716,303970.09830203117
103720,293540.596680364
103778,293540.596680364
103780,303970.09830203117
103785,303970.09830203117
103787,195313.79708763456
103815,128363.95404839142
103816,293540.596680364
103821,293540.596680364
103836,293540.596680364
103845,293540.596680364
103851,293540.596680364
103858,293540.596680364
103859,296539.9873665512
103862,293966.6138037661
103866,184409.44013126794
103873,184760.63659725268
103876,293540.596680364
103879,293540.596680364
103885,184409.44013126794
103889,184409.44013126794
103898,293540.596680364
103899,293540.596680364
103909,274389.79860240925
103911,238784.5418244073
103920,185740.84749112057
103927,293540.596680364
103933,293540.596680364
103946,293540.596680364
103949,293540.596680364
103950,241779.94184751718
103965,183951.2865557741
103997,293540.596680364
104017,238784.5418244073
104028,129723.35568020176
104068,293540.596680364
104077,238784.5418244073
104098,268893.5363962217
104099,293540.596680364
104103,184265.29617060756
104135,293540.596680364
104141,293540.596680364
104148,293540.596680364
104149,293540.596680364
104151,293540.596680364
104154,293540.596680364
104161,293540.596680364
104163,293540.596680364
104165,293540.596680364
104195,293540.596680364
104205,293540.596680364
104218,303970.09830203117
104238,162069.19353898373
104245,293540.596680364
104248,293540.596680364
104252,296539.9873665512
104265,293540.596680364
104266,221433.94609913373
104273,293540.596680364
104274,293540.596680364
104286,303970.09830203117
104290,293540.596680364
104293,303970.09830203117
104299,185740.84749112057
104309,185218.79017274652
104326,293540.596680364
104345,303970.09830203117
104359,293540.596680364
104368,238784.5418244073
104379,303970.09830203117
104381,293540.596680364
104403,184760.63659725268
104414,184723.4497461014
104417,257522.32839457208
104419,293540.596680364
104431,296539.9873665512
104439,162527.34711447754
104445,293540.596680364
104447,293540.596680364
104451,299069.91083074635
104454,162527.34711447754
104456,129723.35568020176
104465,293540.596680364
104473,293540.596680364
104489,303970.09830203117
104492,242744.60101664852
104513,296539.9873665512
104517,293540.596680364
104519,128363.95404839142
104523,185740.84749112057
104524,293540.596680364
104526,128363.95404839142
104533,293540.596680364
104538,293540.596680364
104539,293540.596680364
104545,184723.4497461014
104561,293540.596680364
104598,293540.596680364
104599,293540.596680364
104611,303970.09830203117
104613,184723.4497461014
104623,293540.596680364
104627,303970.09830203117
104628,128363.95404839142
104629,303970.09830203117
104630,303970.09830203117
104640,303970.09830203117
104641,303970.09830203117
104642,303970.09830203117
104665,128363.95404839142
104804,296539.9873665512
104847,303970.09830203117
104861,223969.6876281096
104862,293540.596680364
104863,223969.6876281096
104896,293540.596680364
104899,293540.596680364
104901,183150.05294153455
104906,181400.60682162512
104922,293540.596680364
104924,293540.596680364
104925,293540.596680364
104930,166464.1078972181
104935,296539.9873665512
104936,296539.9873665512
104964,293540.596680364
104965,293540.596680364
104970,299069.91083074635
104973,299069.91083074635
104975,293540.596680364
104979,162527.34711447754
104995,238784.5418244073
104996,266679.96883669944
104998,184891.12774737377
104999,184891.12774737377
105000,184891.12774737377
105024,293540.596680364
105029,244193.90095115022
105037,244193.90095115022
105038,303970.09830203117
105039,293540.596680364
105049,303970.09830203117
105057,293540.596680364
105061,293540.596680364
105065,266679.96883669944
105076,244193.90095115022
105091,293540.596680364
105116,238784.5418244073
105136,293540.596680364
105143,270602.3340600323
105151,303970.09830203117
105160,184265.29617060756
105162,293540.596680364
105170,293540.596680364
105172,293540.596680364
105179,293540.596680364
105184,293540.596680364
105185,296539.9873665512
105197,184409.44013126794
105202,296539.9873665512
105231,303970.09830203117
105232,304614.5149928391
105235,293540.596680364
105249,223714.94952753215
105258,163009.03473058346
105259,303970.09830203117
105272,274389.79860240925
105287,162069.19353898373
105293,188908.6728672566
105304,293540.596680364
105314,238784.5418244073
105315,293540.596680364
105328,293540.596680364
105341,293540.596680364
105344,238784.5418244073
105349,293540.596680364
105350,303970.09830203117
105351,293540.596680364
105362,293540.596680364
105376,293540.596680364
105386,293540.596680364
105392,303970.09830203117
105401,293540.596680364
105409,293540.596680364
105414,293540.596680364
105418,303970.09830203117
105419,296539.9873665512
105425,293540.596680364
105440,293540.596680364
105447,184265.29617060756
105448,184265.29617060756
105452,303970.09830203117
105463,293540.596680364
105464,293540.596680364
105465,293540.596680364
105524,269675.36885980936
105526,184409.44013126794
105531,296539.9873665512
105536,303970.09830203117
105557,303970.09830203117
105633,293540.596680364
105635,293540.596680364
105637,293540.596680364
105674,293540.596680364
105681,296539.9873665512
105703,299069.91083074635
105704,299069.91083074635
105705,299069.91083074635
105706,240722.9214940881
105711,223969.6876281096
105712,223969.6876281096
105719,242342.91011298023
105728,293540.596680364
105734,293540.596680364
105735,293540.596680364
105745,293540.596680364
105749,303970.09830203117
105764,293540.596680364
105765,303970.09830203117
105768,293540.596680364
105772,293540.596680364
105778,293540.596680364
105779,268893.5363962217
105785,293540.596680364
105790,293540.596680364
105806,293540.596680364
105827,293540.596680364
105831,303970.09830203117
105845,293540.596680364
105848,271888.93641933164
105852,293540.596680364
105865,303970.09830203117
105874,293540.596680364
105906,293540.596680364
105910,303970.09830203117
105915,184760.63659725268
105929,185282.69391562673
105945,296539.9873665512
105946,293540.596680364
105947,185282.69391562673
105948,293540.596680364
105954,293540.596680364
105990,274389.79860240925
106000,293540.596680364
106016,293540.596680364
106030,184760.63659725268
106034,238784.5418244073
106035,184760.63659725268
106040,303970.09830203117
106074,162527.34711447754
106139,293540.596680364
106142,293540.596680364
106155,270602.3340600323
106168,296539.9873665512
106177,303970.09830203117
106183,293540.596680364
106184,296539.9873665512
106185,293540.596680364
106201,293540.596680364
106215,274389.79860240925
106233,293540.596680364
106235,238784.5418244073
106236,240722.9214940881
106239,293540.596680364
106241,303970.09830203117
106242,303970.09830203117
106243,293540.596680364
106254,299069.91083074635
106259,184760.63659725268
106263,293540.596680364
106281,296539.9873665512
106282,303970.09830203117
106292,293540.596680364
106294,293966.6138037661
106343,128363.95404839142
106356,238784.5418244073
106359,293540.596680364
106360,293540.596680364
106362,293540.596680364
106390,184760.63659725268
106391,296539.9873665512
106398,296539.9873665512
106442,185218.79017274652
106449,268893.5363962217
106456,293540.596680364
106458,293540.596680364
106467,293540.596680364
106512,271888.93641933164
106522,293540.596680364
106565,303970.09830203117
106572,289001.2226698655
106579,273597.73408314225
106587,293540.596680364
106591,293540.596680364
106599,303970.09830203117
106604,293540.596680364
106618,238784.5418244073
106647,303970.09830203117
106654,303970.09830203117
106665,293540.596680364
106668,303970.09830203117
106678,293540.596680364
106685,293540.596680364
106707,293540.596680364
106727,293540.596680364
106760,181526.84460551213
106776,181526.84460551213
106780,181526.84460551213
106781,181526.84460551213
106783,181526.84460551213
106784,181526.84460551213
106790,181526.84460551213
106792,181526.84460551213
106819,181526.84460551213
106835,181526.84460551213
106845,170762.87570571815
106849,170762.87570571815
106857,181526.84460551213
106858,181526.84460551213
106860,181526.84460551213
106862,181526.84460551213
106871,181526.84460551213
106881,181526.84460551213
106896,181526.84460551213
106900,181526.84460551213
106902,181526.84460551213
106907,181526.84460551213
106918,181526.84460551213
106925,181526.84460551213
106927,181526.84460551213
106929,181526.84460551213
106934,181526.84460551213
106948,181526.84460551213
106949,170762.87570571815
106951,159656.5512180502
106954,181526.84460551213
106965,181526.84460551213
106975,181526.84460551213
106990,181526.84460551213
106992,181526.84460551213
107003,181526.84460551213
107004,163038.71385948238
107015,181526.84460551213
107016,181526.84460551213
107035,181526.84460551213
107058,170762.87570571815
107062,181526.84460551213
107071,181526.84460551213
107086,170762.87570571815
107093,181526.84460551213
107100,181526.84460551213
107122,181526.84460551213
107268,181526.84460551213
107275,181526.84460551213
107357,181526.84460551213
107361,181526.84460551213
107393,181526.84460551213
107395,181526.84460551213
107412,181526.84460551213
107416,181526.84460551213
107428,181526.84460551213
107452,181526.84460551213
107454,181526.84460551213
107464,181526.84460551213
107467,181526.84460551213
107469,181526.84460551213
107470,181526.84460551213
107472,181526.84460551213
107473,181526.84460551213
107487,181526.84460551213
107489,181526.84460551213
107495,181526.84460551213
107497,156309.30468947924
107501,181526.84460551213
107506,181526.84460551213
107510,181526.84460551213
107520,181526.84460551213
107551,177834.9598206235
107556,181526.84460551213
107572,181526.84460551213
107584,181526.84460551213
107594,181526.84460551213
107595,181526.84460551213
107601,181526.84460551213
107614,181526.84460551213
107616,181526.84460551213
107617,181526.84460551213
107619,181526.84460551213
107621,181526.84460551213
107650,181526.84460551213
107656,181526.84460551213
107678,181526.84460551213
107680,156309.30468947924
107684,181526.84460551213
107687,181526.84460551213
107690,181526.84460551213
107692,181526.84460551213
107693,181526.84460551213
107694,181526.84460551213
107695,181526.84460551213
107702,181526.84460551213
107712,181526.84460551213
107718,181526.84460551213
107722,181526.84460551213
107757,159656.5512180502
107762,181526.84460551213
107769,170762.87570571815
107770,170762.87570571815
107771,181526.84460551213
107776,181526.84460551213
107778,181526.84460551213
107788,181526.84460551213
107792,181526.84460551213
107812,181526.84460551213
107831,181526.84460551213
107832,181526.84460551213
107863,163038.71385948238
107871,181526.84460551213
107873,181526.84460551213
107874,181526.84460551213
107875,181526.84460551213
107906,181526.84460551213
107915,181526.84460551213
107916,181526.84460551213
107917,181526.84460551213
107918,181526.84460551213
107919,181526.84460551213
107920,181526.84460551213
107998,181526.84460551213
108021,165262.9088538488
108137,159656.5512180502
108190,181526.84460551213
108231,181526.84460551213
108235,181526.84460551213
108237,181526.84460551213
108246,181526.84460551213
108272,181526.84460551213
108277,164126.26973476738
108281,156309.30468947924
108283,181526.84460551213
108285,181526.84460551213
108340,181526.84460551213
108343,181526.84460551213
108401,177834.9598206235
108406,181526.84460551213
108408,170762.87570571815
108410,181526.84460551213
108429,181526.84460551213
108444,181526.84460551213
108447,181526.84460551213
108465,181526.84460551213
108468,181526.84460551213
108479,181526.84460551213
108496,181526.84460551213
108505,181526.84460551213
108512,181526.84460551213
108518,181526.84460551213
108519,181526.84460551213
108524,181526.84460551213
108527,181526.84460551213
108528,181526.84460551213
108545,181526.84460551213
108548,181526.84460551213
108551,181526.84460551213
108557,181526.84460551213
108558,181526.84460551213
108574,181526.84460551213
108580,181526.84460551213
108581,181526.84460551213
108589,181526.84460551213
108654,181526.84460551213
108658,181526.84460551213
108757,181526.84460551213
108771,181526.84460551213
108778,181526.84460551213
108802,181526.84460551213
108814,181526.84460551213
108816,156309.30468947924
108817,181526.84460551213
108832,181526.84460551213
108855,181526.84460551213
108867,181526.84460551213
108886,181526.84460551213
108900,181526.84460551213
108916,180383.48244913225
108948,181526.84460551213
108960,181526.84460551213
108962,181526.84460551213
108983,181526.84460551213
108984,181526.84460551213
108992,181526.84460551213
108993,181526.84460551213
109002,181526.84460551213
109051,181526.84460551213
109135,181526.84460551213
109157,181526.84460551213
109160,179759.71407178268
109175,181526.84460551213
109189,181526.84460551213
109236,181526.84460551213
109250,181526.84460551213
109251,181526.84460551213
109254,181526.84460551213
109323,181526.84460551213
109368,170762.87570571815
109384,181526.84460551213
109388,181526.84460551213
109389,181526.84460551213
109414,181526.84460551213
109434,170762.87570571815
109448,181526.84460551213
109454,181526.84460551213
109455,181526.84460551213
109456,181526.84460551213
109478,181526.84460551213
109488,181526.84460551213
109499,181526.84460551213
109504,181526.84460551213
109509,181526.84460551213
109523,181526.84460551213
109524,181526.84460551213
109525,181526.84460551213
109526,181526.84460551213
109534,181526.84460551213
109546,181526.84460551213
109566,181526.84460551213
109570,181526.84460551213
109577,181526.84460551213
109586,181526.84460551213
109589,181526.84460551213
109597,181526.84460551213
109608,214775.8550928447
109624,222250.91652715357
109633,205217.55658123843
109634,214775.8550928447
109650,223880.76446670614
109651,223880.76446670614
109653,223880.76446670614
109654,223880.76446670614
109656,205217.55658123843
109658,223880.76446670614
109659,214775.8550928447
109661,214775.8550928447
109667,223880.76446670614
109672,223880.76446670614
109673,223880.76446670614
109674,223880.76446670614
109675,223880.76446670614
109690,223880.76446670614
109698,222250.91652715357
109703,205217.55658123843
109710,222250.91652715357
109711,205217.55658123843
109724,205217.55658123843
109729,223880.76446670614
109736,222250.91652715357
109777,223880.76446670614
109778,205217.55658123843
109779,222250.91652715357
109780,222250.91652715357
109781,205217.55658123843
109794,223880.76446670614
109860,205217.55658123843
109861,214775.8550928447
109867,223880.76446670614
109868,223880.76446670614
109876,223880.76446670614
109891,205217.55658123843
109896,223880.76446670614
109903,222250.91652715357
109905,223880.76446670614
109915,223880.76446670614
109925,205217.55658123843
109959,222250.91652715357
109962,205217.55658123843
109985,222250.91652715357
109986,222250.91652715357
110001,222250.91652715357
110013,205217.55658123843
110024,205217.55658123843
110041,222250.91652715357
110055,220713.52448607064
110056,220713.52448607064
110060,223880.76446670614
110065,205217.55658123843
110079,223880.76446670614
110092,223880.76446670614
110099,222250.91652715357
110108,222250.91652715357
110121,223880.76446670614
110130,205217.55658123843
110132,223880.76446670614
110135,223880.76446670614
110136,223880.76446670614
110137,223880.76446670614
110138,223880.76446670614
110139,223880.76446670614
110148,223880.76446670614
110150,220449.72042423047
110158,223880.76446670614
110160,222250.91652715357
110161,222250.91652715357
110180,205217.55658123843
110223,214775.8550928447
110226,223880.76446670614
110236,222250.91652715357
110248,223880.76446670614
110295,222250.91652715357
110319,222250.91652715357
110327,205217.55658123843
110330,220713.52448607064
110335,223880.76446670614
110345,205217.55658123843
110348,214775.8550928447
110349,214775.8550928447
110351,223880.76446670614
110355,205217.55658123843
110365,222250.91652715357
110380,222250.91652715357
110387,223880.76446670614
110392,223880.76446670614
110393,222250.91652715357
110403,222250.91652715357
110452,205217.55658123843
110462,222250.91652715357
110538,222250.91652715357
110626,222250.91652715357
110628,222250.91652715357
110631,214775.8550928447
110642,223880.76446670614
110672,205217.55658123843
110695,222250.91652715357
110698,222250.91652715357
110716,223880.76446670614
110725,223880.76446670614
110733,205217.55658123843
110742,205217.55658123843
110743,205217.55658123843
110747,223880.76446670614
110758,223880.76446670614
110769,220713.52448607064
110780,216396.83063672166
110790,205217.55658123843
110791,205217.55658123843
110792,222250.91652715357
110795,205217.55658123843
110796,222250.91652715357
110797,222250.91652715357
110798,222250.91652715357
110803,223880.76446670614
110807,222250.91652715357
110817,223880.76446670614
110824,205217.55658123843
110854,223880.76446670614
110872,205217.55658123843
110875,210781.8487410901
110883,205217.55658123843
110902,222250.91652715357
110903,222250.91652715357
110912,205217.55658123843
110914,223880.76446670614
110923,222250.91652715357
110934,223880.76446670614
110938,223880.76446670614
110939,223880.76446670614
110945,223880.76446670614
110948,223880.76446670614
110949,223880.76446670614
110964,222250.91652715357
110980,222250.91652715357
110983,222250.91652715357
110992,223880.76446670614
110993,223880.76446670614
110999,223880.76446670614
111000,223880.76446670614
111001,223880.76446670614
111003,223880.76446670614
111005,223880.76446670614
111008,223880.76446670614
111009,223880.76446670614
111014,222250.91652715357
111018,220449.72042423047
111023,222250.91652715357
111031,223880.76446670614
111035,223880.76446670614
111054,219645.01135756797
111059,223880.76446670614
111079,222250.91652715357
111113,223880.76446670614
111114,223880.76446670614
111117,223880.76446670614
111118,223880.76446670614
111119,223880.76446670614
111120,223880.76446670614
111122,223880.76446670614
111123,223880.76446670614
111124,223880.76446670614
111125,223880.76446670614
111127,223880.76446670614
111129,222250.91652715357
111143,205217.55658123843
111147,223880.76446670614
111148,223880.76446670614
111166,222250.91652715357
111167,223880.76446670614
111168,223880.76446670614
111191,222250.91652715357
111196,205217.55658123843
111197,205217.55658123843
111199,222250.91652715357
111208,223880.76446670614
111216,223880.76446670614
111252,205217.55658123843
111255,222250.91652715357
111319,223880.76446670614
111384,223880.76446670614
111386,205217.55658123843
111388,223880.76446670614
111389,223880.76446670614
111394,222250.91652715357
111395,222250.91652715357
111435,222250.91652715357
111446,181526.84460551213
111457,222250.91652715357
111459,223880.76446670614
111463,223880.76446670614
111477,222250.91652715357
111496,222250.91652715357
111506,223880.76446670614
111507,222250.91652715357
111510,205217.55658123843
111512,222250.91652715357
111523,222250.91652715357
111530,222250.91652715357
111531,220449.72042423047
111534,205217.55658123843
111538,205217.55658123843
111554,205217.55658123843
111573,223880.76446670614
111590,223880.76446670614
111598,223880.76446670614
111608,223880.76446670614
111611,205217.55658123843
111621,205217.55658123843
111628,223880.76446670614
111629,223880.76446670614
111633,222250.91652715357
111636,223880.76446670614
111637,223880.76446670614
111658,223880.76446670614
111665,222250.91652715357
111697,223880.76446670614
111703,223880.76446670614
111774,222250.91652715357
111775,223880.76446670614
111820,222250.91652715357
111839,183678.55998796833
111846,223880.76446670614
111850,223880.76446670614
111856,222250.91652715357
111860,223880.76446670614
111865,181526.84460551213
111883,220449.72042423047
111884,220449.72042423047
111885,220449.72042423047
111894,223880.76446670614
111915,223880.76446670614
111924,223880.76446670614
111939,223880.76446670614
111954,222250.91652715357
111965,222250.91652715357
111970,223880.76446670614
111976,222250.91652715357
111987,223880.76446670614
111988,223880.76446670614
112051,222250.91652715357
112063,223880.76446670614
112068,222250.91652715357
112075,214775.8550928447
112157,223880.76446670614
112162,223880.76446670614
112163,223880.76446670614
112227,223880.76446670614
112230,223880.76446670614
112247,222250.91652715357
112271,222250.91652715357
112297,205217.55658123843
112315,222250.91652715357
112335,205669.25243039746
112353,205669.25243039746
112355,527269.1010055371
112367,205669.25243039746
112375,288738.63256052835
112378,288738.63256052835
112388,211200.24647069906
112412,226659.57892032835
112424,533579.0700765669
112431,205669.25243039746
112465,205669.25243039746
112466,205669.25243039746
112474,205669.25243039746
112486,205669.25243039746
112510,211200.24647069906
112511,211200.24647069906
112512,211200.24647069906
112657,295418.6480822002
112663,295418.6480822002
112673,205669.25243039746
112680,205669.25243039746
112681,205669.25243039746
112694,305527.18457431975
112696,211200.24647069906
112713,211200.24647069906
112716,226659.57892032835
112718,226659.57892032835
112720,211200.24647069906
112726,211200.24647069906
112744,211200.24647069906
112748,211200.24647069906
112755,205669.25243039746
112757,479344.9440017952
112780,205669.25243039746
112793,571520.4458353492
112796,295418.6480822002
112816,521577.4919814159
112822,297686.69132378907
112823,297686.69132378907
112825,297686.69132378907
112828,628933.3604518673
112851,533579.0700765669
112872,293995.8756814279
112874,295879.682828984
112921,493314.90092149103
112925,297686.69132378907
112926,211200.24647069906
112928,297686.69132378907
112929,297686.69132378907
112930,297686.69132378907
112933,533579.0700765669
112938,228679.45113311193
112960,211200.24647069906
112963,211200.24647069906
112970,211200.24647069906
112974,304345.82081359735
112986,207681.42900400746
112987,207681.42900400746
113022,211200.24647069906
113037,302678.7942411959
113109,211200.24647069906
113113,297686.69132378907
113114,297686.69132378907
113163,205669.25243039746
113169,207681.42900400746
113181,215943.59345415543
113206,205669.25243039746
113207,205669.25243039746
113230,207681.42900400746
113231,358616.1907235009
113246,211200.24647069906
113248,207681.42900400746
113313,205669.25243039746
113314,205669.25243039746
113315,205669.25243039746
113320,211200.24647069906
113322,211200.24647069906
113323,211200.24647069906
113326,211200.24647069906
113329,211200.24647069906
113465,295879.682828984
113468,288738.63256052835
113478,211200.24647069906
113488,226970.94382193263
113491,205669.25243039746
113503,205669.25243039746
113552,228679.45113311193
113568,205669.25243039746
113608,211200.24647069906
113613,207681.42900400746
113616,205669.25243039746
113617,205669.25243039746
113630,211200.24647069906
113644,205669.25243039746
113645,205669.25243039746
113657,628933.3604518673
113662,358616.1907235009
113668,228679.45113311193
113703,211200.24647069906
113704,211200.24647069906
113706,358616.1907235009
113711,207681.42900400746
113750,301497.43048047356
113752,205669.25243039746
113762,295879.682828984
113804,297686.69132378907
113809,533579.0700765669
113813,207681.42900400746
113831,207681.42900400746
113871,205669.25243039746
113884,211200.24647069906
113888,205669.25243039746
113890,205669.25243039746
113909,226659.57892032835
113922,304291.55865610135
113950,297686.69132378907
113957,295418.6480822002
113995,215943.59345415543
114001,226659.57892032835
114002,226659.57892032835
114007,207681.42900400746
114030,211200.24647069906
114031,211200.24647069906
114139,207681.42900400746
114172,288738.63256052835
114187,226970.94382193263
114200,205669.25243039746
114204,207681.42900400746
114217,207681.42900400746
114242,205669.25243039746
114253,228679.45113311193
114266,211200.24647069906
114276,211200.24647069906
114334,211200.24647069906
114335,211200.24647069906
114336,211200.24647069906
114337,215943.59345415543
114377,228679.45113311193
114379,358616.1907235009
114396,297686.69132378907
114401,207681.42900400746
114405,207681.42900400746
114407,207681.42900400746
114431,297686.69132378907
114432,297686.69132378907
114440,211200.24647069906
114449,205669.25243039746
114454,211200.24647069906
114458,527269.1010055371
114461,211200.24647069906
114468,533579.0700765669
114560,211200.24647069906
114619,206500.06524328518
114634,205669.25243039746
114649,231444.61128247398
114650,205669.25243039746
114658,205669.25243039746
114661,567131.9303535023
114676,205669.25243039746
114684,493314.90092149103
114688,228679.45113311193
114690,295418.6480822002
114698,358616.1907235009
114702,211200.24647069906
114711,228679.45113311193
114717,211200.24647069906
114721,205669.25243039746
114728,205669.25243039746
114732,205669.25243039746
114736,205669.25243039746
114748,211200.24647069906
114764,358616.1907235009
114780,211200.24647069906
114781,205669.25243039746
114790,205669.25243039746
114804,211200.24647069906
114809,533579.0700765669
114812,218979.38663849677
114816,211200.24647069906
114839,205669.25243039746
114847,205669.25243039746
114884,523216.3727562026
114886,304345.82081359735
114887,304345.82081359735
114893,515883.56748946285
114904,128363.95404839142
114941,128363.95404839142
114950,128363.95404839142
114969,148093.81842430905
114993,128363.95404839142
114997,128363.95404839142
115004,164584.51179446082
115020,128363.95404839142
115025,128363.95404839142
115027,128363.95404839142
115078,128363.95404839142
115080,128363.95404839142
115081,128363.95404839142
115082,128363.95404839142
115085,128363.95404839142
115086,128363.95404839142
115087,128363.95404839142
115088,128363.95404839142
115093,148093.81842430905
115098,128363.95404839142
115099,128363.95404839142
115100,128363.95404839142
115178,128363.95404839142
115179,128363.95404839142
115181,128363.95404839142
115243,148093.81842430905
115261,128363.95404839142
115279,128363.95404839142
115316,128363.95404839142
115318,128363.95404839142
115360,128363.95404839142
115394,128363.95404839142
115403,128363.95404839142
115408,128363.95404839142
115412,128363.95404839142
115417,128363.95404839142
115418,128363.95404839142
115422,128363.95404839142
115479,164584.51179446082
115480,164584.51179446082
115481,164584.51179446082
115482,164584.51179446082
115483,164584.51179446082
115485,164584.51179446082
115488,164584.51179446082
115505,128363.95404839142
115506,128363.95404839142
115507,128363.95404839142
115508,128363.95404839142
115509,128363.95404839142
115510,128363.95404839142
115511,128363.95404839142
115512,128363.95404839142
115514,128363.95404839142
115515,128363.95404839142
115516,128363.95404839142
115517,128363.95404839142
115528,128363.95404839142
115536,128363.95404839142
115537,128363.95404839142
115538,128363.95404839142
115539,128363.95404839142
115541,128363.95404839142
115542,128363.95404839142
115543,128363.95404839142
115544,128363.95404839142
115545,128363.95404839142
115548,128363.95404839142
115551,128363.95404839142
115552,128363.95404839142
115553,128363.95404839142
115554,128363.95404839142
115555,128363.95404839142
115559,128363.95404839142
115597,128363.95404839142
115598,128363.95404839142
115642,128363.95404839142
115652,128363.95404839142
115780,128363.95404839142
115818,128363.95404839142
115896,128363.95404839142
115898,128363.95404839142
115900,128363.95404839142
115902,128363.95404839142
115910,163003.75526102542
115927,128363.95404839142
115980,164584.51179446082
115983,128363.95404839142
116008,128363.95404839142
116056,128363.95404839142
116064,128363.95404839142
116065,128363.95404839142
116066,128363.95404839142
116067,128363.95404839142
116068,128363.95404839142
116069,128363.95404839142
116071,128363.95404839142
116072,128363.95404839142
116094,128363.95404839142
116099,128363.95404839142
116105,128363.95404839142
116152,164584.51179446082
116154,164584.51179446082
116173,128363.95404839142
116174,128363.95404839142
116175,128363.95404839142
116176,128363.95404839142
116178,128363.95404839142
116179,128363.95404839142
116189,128363.95404839142
116190,128363.95404839142
116196,128363.95404839142
116197,128363.95404839142
116198,128363.95404839142
116199,128363.95404839142
116205,128363.95404839142
116269,128363.95404839142
116350,128363.95404839142
116434,128363.95404839142
116435,128363.95404839142
116446,128363.95404839142
116471,128363.95404839142
116501,128363.95404839142
116506,128363.95404839142
116507,128363.95404839142
116508,128363.95404839142
116509,128363.95404839142
116547,128363.95404839142
116562,128363.95404839142
116581,128363.95404839142
116634,128363.95404839142
116635,128363.95404839142
116661,128363.95404839142
116675,128363.95404839142
116690,128363.95404839142
116706,128363.95404839142
116787,128363.95404839142
116890,128363.95404839142
116909,128363.95404839142
116920,128363.95404839142
116926,180383.48244913225
116932,128363.95404839142
116934,170762.87570571815
116937,130542.25173354393
116940,130542.25173354393
116941,130542.25173354393
116942,130542.25173354393
116944,130542.25173354393
116945,164126.26973476738
116947,130542.25173354393
116948,130542.25173354393
116950,165262.9088538488
116957,180383.48244913225
116958,180383.48244913225
116959,180383.48244913225
116960,128363.95404839142
116981,128363.95404839142
116988,128363.95404839142
116992,128363.95404839142
117046,180383.48244913225
117055,128363.95404839142
117076,129437.63348190818
117077,129437.63348190818
117078,129437.63348190818
117093,162069.19353898373
117127,128363.95404839142
117128,128363.95404839142
117137,163038.71385948238
117140,180383.48244913225
117145,165262.9088538488
117174,164126.26973476738
117188,165262.9088538488
117201,180383.48244913225
117212,162069.19353898373
117216,128363.95404839142
117220,128363.95404839142
117222,128363.95404839142
117224,128363.95404839142
117225,128363.95404839142
117226,128363.95404839142
117227,128363.95404839142
117232,128363.95404839142
117236,129437.63348190818
117238,162069.19353898373
117239,128363.95404839142
117245,128363.95404839142
117246,180383.48244913225
117247,180383.48244913225
117253,180383.48244913225
117263,130542.25173354393
117265,169714.445804949
117272,128363.95404839142
117275,129437.63348190818
117278,128363.95404839142
117288,180383.48244913225
117290,128363.95404839142
117313,156309.30468947924
117317,129437.63348190818
117318,129437.63348190818
117325,129437.63348190818
117326,129437.63348190818
117328,129437.63348190818
117331,128363.95404839142
117333,128363.95404839142
117335,128363.95404839142
117345,128363.95404839142
117346,128363.95404839142
117349,129437.63348190818
117359,128363.95404839142
117365,128363.95404839142
117374,181526.84460551213
117416,128363.95404839142
117511,128363.95404839142
117513,129437.63348190818
117514,129437.63348190818
117589,128363.95404839142
117619,128363.95404839142
117632,156309.30468947924
117680,128363.95404839142
117682,128363.95404839142
117688,128363.95404839142
117714,129437.63348190818
117716,128363.95404839142
117718,128363.95404839142
117719,128363.95404839142
117746,129437.63348190818
117750,129437.63348190818
117752,128363.95404839142
117759,181526.84460551213
117772,128363.95404839142
117777,165262.9088538488
117785,128363.95404839142
117788,129437.63348190818
117796,129723.35568020176
117797,165262.9088538488
117803,128363.95404839142
117808,128363.95404839142
117810,156309.30468947924
117821,180383.48244913225
117846,180383.48244913225
117847,180383.48244913225
117848,180383.48244913225
117849,180383.48244913225
117850,180383.48244913225
117851,180383.48244913225
117853,128363.95404839142
117875,152164.23680324486
117888,152164.23680324486
117900,128363.95404839142
117903,164126.26973476738
117906,129437.63348190818
117917,129437.63348190818
117918,163038.71385948238
117919,163038.71385948238
117925,129437.63348190818
117927,156309.30468947924
117931,128363.95404839142
117935,160768.77374320698
117945,180383.48244913225
117953,164126.26973476738
117956,128363.95404839142
117964,128363.95404839142
117965,128363.95404839142
117966,128363.95404839142
117967,128363.95404839142
117968,128363.95404839142
117969,128363.95404839142
117970,128363.95404839142
117974,128363.95404839142
117984,129437.63348190818
117999,129437.63348190818
118001,180383.48244913225
118006,129437.63348190818
118010,151016.85762787872
118020,180383.48244913225
118023,171062.76353757692
118027,129437.63348190818
118030,156309.30468947924
118048,128363.95404839142
118049,129437.63348190818
118056,129437.63348190818
118060,162069.19353898373
118061,129437.63348190818
118062,181526.84460551213
118067,128363.95404839142
118091,128363.95404839142
118094,128363.95404839142
118095,128363.95404839142
118096,128363.95404839142
118097,128363.95404839142
118098,128363.95404839142
118099,128363.95404839142
118100,128363.95404839142
118101,128363.95404839142
118104,129437.63348190818
118109,128363.95404839142
118116,128363.95404839142
118118,128363.95404839142
118125,180383.48244913225
118126,180383.48244913225
118130,180383.48244913225
118132,180383.48244913225
118133,180383.48244913225
118141,180383.48244913225
118148,130542.25173354393
118149,130542.25173354393
118151,128363.95404839142
118157,165262.9088538488
118163,129437.63348190818
118165,128363.95404839142
118168,180383.48244913225
118169,180383.48244913225
118170,180383.48244913225
118178,180383.48244913225
118180,160768.77374320698
118182,160768.77374320698
118186,130542.25173354393
118192,164126.26973476738
118196,128363.95404839142
118198,164126.358218967
118209,129437.63348190818
118218,129437.63348190818
118229,128363.95404839142
118230,128363.95404839142
118244,128363.95404839142
118250,128363.95404839142
118255,181526.84460551213
118316,128363.95404839142
118319,128363.95404839142
118320,128363.95404839142
118323,181526.84460551213
118437,181526.84460551213
118449,170762.87570571815
118461,165262.9088538488
118491,129437.63348190818
118511,129437.63348190818
118533,128363.95404839142
118555,130542.25173354393
118562,128363.95404839142
118575,128363.95404839142
118578,171062.76353757692
118589,128363.95404839142
118590,128363.95404839142
118612,128363.95404839142
118617,129437.63348190818
118627,130542.25173354393
118637,129437.63348190818
118646,130542.25173354393
118647,130542.25173354393
118650,162069.19353898373
118659,165262.9088538488
118668,180383.48244913225
118669,128363.95404839142
118701,129437.63348190818
118704,180383.48244913225
118826,128363.95404839142
118866,170762.87570571815
118867,128363.95404839142
118869,128363.95404839142
118870,128363.95404839142
118871,128363.95404839142
118872,128363.95404839142
118881,170762.87570571815
118893,179288.14841729912
118894,129437.63348190818
118897,179288.14841729912
118899,129437.63348190818
118908,129437.63348190818
118923,165262.9088538488
118944,156309.30468947924
118965,180383.48244913225
118987,165262.9088538488
119087,128363.95404839142
119092,152164.23680324486
119098,180383.48244913225
119099,180383.48244913225
119143,129437.63348190818
119180,129437.63348190818
119190,129437.63348190818
119207,128363.95404839142
119217,180383.48244913225
119236,179364.3667497241
119246,181526.84460551213
119247,193059.52092358362
119248,184752.61256926227
119251,181526.84460551213
119252,181526.84460551213
119255,182661.16224294904
119259,184438.60295442882
119262,211004.53260318906
119264,181526.84460551213
119275,181526.84460551213
119284,181526.84460551213
119285,181526.84460551213
119291,181526.84460551213
119294,181526.84460551213
119305,181526.84460551213
119306,193059.52092358362
119311,217836.13025585387
119326,184752.61256926227
119328,181526.84460551213
119334,181526.84460551213
119338,181526.84460551213
119341,181526.84460551213
119343,178211.83249322654
119345,181526.84460551213
119346,181526.84460551213
119348,181526.84460551213
119351,181526.84460551213
119374,181526.84460551213
119389,184752.61256926227
119397,184752.61256926227
119398,184438.60295442882
119401,184752.61256926227
119402,181526.84460551213
119403,184752.61256926227
119406,181526.84460551213
119446,171062.76353757692
119505,169700.8366118031
119514,169700.8366118031
119515,169700.8366118031
119516,169700.8366118031
119529,181526.84460551213
119549,166199.28864368913
119561,181526.84460551213
119562,185247.9529959074
119567,166199.28864368913
119572,222250.91652715357
119573,181526.84460551213
119574,181526.84460551213
119575,181526.84460551213
119590,181526.84460551213
119591,181526.84460551213
119605,205796.79288301867
119606,205796.79288301867
119608,216759.495682385
119609,212942.91227286987
119611,218216.23428576038
119613,211004.53260318906
119621,181526.84460551213
119637,222250.91652715357
119641,184438.60295442882
119647,181526.84460551213
119648,181526.84460551213
119649,181526.84460551213
119650,222250.91652715357
119656,181526.84460551213
119657,181526.84460551213
119658,181526.84460551213
119673,181526.84460551213
119676,181526.84460551213
119680,181526.84460551213
119683,181526.84460551213
119685,211824.3465486494
119703,222250.91652715357
119709,181526.84460551213
119712,181526.84460551213
119724,181526.84460551213
119731,180047.63188035178
119733,180047.63188035178
119735,180047.63188035178
119748,193059.52092358362
119750,193059.52092358362
119754,182347.1526281156
119759,181526.84460551213
119765,193059.52092358362
119768,181526.84460551213
119770,181526.84460551213
119771,181526.84460551213
119792,181526.84460551213
119794,181526.84460551213
119796,181526.84460551213
119798,184752.61256926227
119804,181526.84460551213
119809,181526.84460551213
119811,184752.61256926227
119813,181526.84460551213
119821,181526.84460551213
119824,181526.84460551213
119825,181526.84460551213
119826,181526.84460551213
119830,181526.84460551213
119831,181526.84460551213
119832,181526.84460551213
119833,181526.84460551213
119834,181526.84460551213
119835,181526.84460551213
119842,181526.84460551213
119847,171062.76353757692
119848,181526.84460551213
119857,181526.84460551213
119871,181526.84460551213
119872,181526.84460551213
119873,181526.84460551213
119876,181526.84460551213
119884,222250.91652715357
119931,181526.84460551213
119932,181526.84460551213
119933,181455.81707603726
119934,181526.84460551213
119937,181526.84460551213
119938,181526.84460551213
119939,181526.84460551213
119944,181526.84460551213
120014,172643.52007101232
120072,184752.61256926227
120077,184752.61256926227
120105,181526.84460551213
120107,181526.84460551213
120111,181526.84460551213
120124,171269.62052165676
120132,211576.85439618296
120133,166199.28864368913
120141,181526.84460551213
120165,211004.53260318906
120166,211004.53260318906
120169,184913.6506106011
120176,193059.52092358362
120177,193059.52092358362
120180,181526.84460551213
120181,181526.84460551213
120193,180047.63188035178
120194,180047.63188035178
120196,180047.63188035178
120205,181526.84460551213
120206,181526.84460551213
120207,216396.83063672166
120208,216396.83063672166
120218,193059.52092358362
120223,222250.91652715357
120231,184752.61256926227
120261,181526.84460551213
120262,181526.84460551213
120263,181526.84460551213
120269,181526.84460551213
120273,181526.84460551213
120279,181526.84460551213
120295,185247.9529959074
120298,214775.8550928447
120302,193059.52092358362
120304,193059.52092358362
120305,193059.52092358362
120306,193059.52092358362
120311,193059.52092358362
120312,193059.52092358362
120314,184752.61256926227
120320,181526.84460551213
120326,181526.84460551213
120327,163344.3782857596
120337,163344.3782857596
120338,163344.3782857596
120339,163344.3782857596
120348,181526.84460551213
120349,181526.84460551213
120350,181526.84460551213
120363,184752.61256926227
120365,181526.84460551213
120371,181526.84460551213
120372,181526.84460551213
120378,211824.3465486494
120381,211824.3465486494
120383,181526.84460551213
120385,181526.84460551213
120414,169067.9490175485
120415,169067.9490175485
120417,181526.84460551213
120419,181526.84460551213
120421,181455.81707603726
120499,165262.9088538488
120500,175126.85374862517
120501,222250.91652715357
120515,181526.84460551213
120516,181526.84460551213
120545,179840.77489627193
120548,181526.84460551213
120561,181526.84460551213
120562,182827.51314436772
120564,184752.61256926227
120569,217439.32844428095
120590,222250.91652715357
120591,222250.91652715357
120592,166199.28864368913
120593,181526.84460551213
120596,179364.3667497241
120597,184438.60295442882
120608,181526.84460551213
120609,181526.84460551213
120614,211004.53260318906
120615,211004.53260318906
120616,211004.53260318906
120629,211004.53260318906
120642,193059.52092358362
120643,181526.84460551213
120646,193059.52092358362
120672,222250.91652715357
120675,184752.61256926227
120676,181526.84460551213
120678,214775.8550928447
120687,181526.84460551213
120688,181526.84460551213
120689,181526.84460551213
120691,181526.84460551213
120692,181526.84460551213
120702,181526.84460551213
120715,193059.52092358362
120720,193059.52092358362
120735,222250.91652715357
120743,181526.84460551213
120744,214775.8550928447
120745,181526.84460551213
120749,181526.84460551213
120756,184752.61256926227
120769,181455.81707603726
120803,181526.84460551213
120810,181526.84460551213
120822,181526.84460551213
120832,193059.52092358362
120833,193059.52092358362
120844,215434.83710234705
120851,181526.84460551213
120886,185387.88914688793
120887,185387.88914688793
120895,222250.91652715357
120903,181526.84460551213
120905,181738.8670619563
120906,181738.8670619563
120910,215434.83710234705
120916,181526.84460551213
120918,181526.84460551213
120920,181526.84460551213
120922,181526.84460551213
120924,181526.84460551213
120925,181526.84460551213
120926,181526.84460551213
120960,181526.84460551213
120970,181526.84460551213
120976,181526.84460551213
121014,213973.2425918723
121019,222250.91652715357
121021,181526.84460551213
121025,222250.91652715357
121030,205217.55658123843
121038,191640.10390884607
121041,205669.25243039746
121042,205669.25243039746
121043,205669.25243039746
121045,205669.25243039746
121046,205669.25243039746
121047,205669.25243039746
121048,205669.25243039746
121049,205669.25243039746
121050,205669.25243039746
121051,205669.25243039746
121061,192091.79975800507
121062,192091.79975800507
121064,192091.79975800507
121068,205217.55658123843
121070,205217.55658123843
121085,192091.79975800507
121097,205217.55658123843
121150,205669.25243039746
121158,205669.25243039746
121159,191640.10390884607
121169,205669.25243039746
121172,205217.55658123843
121187,192091.79975800507
121189,205669.25243039746
121192,205217.55658123843
121193,205217.55658123843
121195,192091.79975800507
121204,205669.25243039746
121208,205217.55658123843
121210,205669.25243039746
121219,205669.25243039746
121224,191640.10390884607
121235,205669.25243039746
121236,205669.25243039746
121238,205669.25243039746
121239,205669.25243039746
121240,205669.25243039746
121241,205669.25243039746
121242,205669.25243039746
121243,205669.25243039746
121244,192091.79975800507
121246,205669.25243039746
121249,205217.55658123843
121251,205669.25243039746
121256,205669.25243039746
121257,205669.25243039746
121258,205669.25243039746
121264,192091.79975800507
121265,191640.10390884607
121270,205669.25243039746
121274,191640.10390884607
121280,205669.25243039746
121282,205669.25243039746
121283,192091.79975800507
121286,192091.79975800507
121295,192091.79975800507
121296,205217.55658123843
121299,205217.55658123843
121300,192091.79975800507
121301,205669.25243039746
121307,205217.55658123843
121308,205217.55658123843
121311,192091.79975800507
121315,205669.25243039746
121320,191640.10390884607
121321,205669.25243039746
121323,205669.25243039746
121324,205669.25243039746
121331,205669.25243039746
121333,205669.25243039746
121335,205669.25243039746
121337,191640.10390884607
121338,191640.10390884607
121339,191640.10390884607
121343,191640.10390884607
121346,205669.25243039746
121347,205669.25243039746
121348,205669.25243039746
121350,205669.25243039746
121351,205669.25243039746
121352,205669.25243039746
121364,205217.55658123843
121365,205217.55658123843
121373,205669.25243039746
121375,191640.10390884607
121376,205217.55658123843
121377,205669.25243039746
121385,205669.25243039746
121397,205217.55658123843
121400,205669.25243039746
121402,192091.79975800507
121408,192091.79975800507
121444,191640.10390884607
121452,205217.55658123843
121455,192091.79975800507
121538,205669.25243039746
121544,205217.55658123843
121597,205217.55658123843
121647,191640.10390884607
121688,205217.55658123843
121697,191640.10390884607
121707,205669.25243039746
121708,205669.25243039746
121710,191640.10390884607
121716,191640.10390884607
121723,205217.55658123843
121739,191640.10390884607
121742,191640.10390884607
121746,191640.10390884607
121751,192091.79975800507
121756,192091.79975800507
121757,205669.25243039746
121765,192091.79975800507
121766,192091.79975800507
121767,192091.79975800507
121771,205669.25243039746
121777,205669.25243039746
121781,191640.10390884607
121787,192091.79975800507
121788,205217.55658123843
121793,205669.25243039746
121802,191640.10390884607
121807,205669.25243039746
121822,205669.25243039746
121824,205669.25243039746
121825,192091.79975800507
121826,192091.79975800507
121829,205217.55658123843
121843,205669.25243039746
121847,205669.25243039746
121848,205669.25243039746
121849,192091.79975800507
121850,205669.25243039746
121854,192091.79975800507
121857,205669.25243039746
121868,205669.25243039746
121878,192091.79975800507
121884,205217.55658123843
121892,192091.79975800507
121899,205217.55658123843
121900,205217.55658123843
121901,205217.55658123843
121909,192091.79975800507
121923,205669.25243039746
121927,205217.55658123843
121930,192091.79975800507
121932,192091.79975800507
121935,192091.79975800507
121941,205669.25243039746
121944,205669.25243039746
121948,205669.25243039746
121954,191640.10390884607
121964,205669.25243039746
121966,205669.25243039746
121970,191640.10390884607
121984,205669.25243039746
121993,205669.25243039746
122033,191640.10390884607
122036,205669.25243039746
122044,191640.10390884607
122165,205669.25243039746
122166,205669.25243039746
122167,192091.79975800507
122168,204835.52047717918
122169,204835.52047717918
122195,192091.79975800507
122197,192091.79975800507
122214,205217.55658123843
122219,205217.55658123843
122225,205669.25243039746
122241,205669.25243039746
122249,205669.25243039746
122262,205217.55658123843
122277,205669.25243039746
122282,205217.55658123843
122294,205669.25243039746
122299,205217.55658123843
122302,205217.55658123843
122311,205669.25243039746
122313,205669.25243039746
122315,191640.10390884607
122318,191640.10390884607
122321,205217.55658123843
122322,205217.55658123843
122323,205217.55658123843
122330,205217.55658123843
122331,205217.55658123843
122332,205217.55658123843
122333,205217.55658123843
122337,205217.55658123843
122340,192091.79975800507
122347,205217.55658123843
122350,192091.79975800507
122351,205669.25243039746
122362,205669.25243039746
122370,205669.25243039746
122371,205669.25243039746
122373,205669.25243039746
122377,205669.25243039746
122382,192091.79975800507
122398,205217.55658123843
122404,205669.25243039746
122405,205669.25243039746
122410,205669.25243039746
122411,191640.10390884607
122412,205669.25243039746
122434,191640.10390884607
122442,191640.10390884607
122454,205669.25243039746
122458,205669.25243039746
122459,205669.25243039746
122467,205669.25243039746
122472,205217.55658123843
122474,205669.25243039746
122475,191640.10390884607
122500,205217.55658123843
122559,205217.55658123843
122560,205669.25243039746
122561,192091.79975800507
122586,192091.79975800507
122599,205669.25243039746
122602,205217.55658123843
122614,205669.25243039746
122616,205669.25243039746
122622,205217.55658123843
122637,192091.79975800507
122644,192091.79975800507
122647,192091.79975800507
122665,205669.25243039746
122667,192091.79975800507
122669,192091.79975800507
122687,205669.25243039746
122695,192091.79975800507
122699,205669.25243039746
122701,192091.79975800507
122703,205217.55658123843
122744,205217.55658123843
122752,205217.55658123843
122762,205217.55658123843
122768,205217.55658123843
122783,205669.25243039746
122784,205669.25243039746
122787,205669.25243039746
122788,192091.79975800507
122792,205217.55658123843
122881,205669.25243039746
122882,192091.79975800507
122900,140905.77425665228
122901,140905.77425665228
122902,140905.77425665228
122903,140905.77425665228
122904,140905.77425665228
122909,175093.47425932784
122927,181526.84460551213
122928,181526.84460551213
122929,181526.84460551213
122932,181526.84460551213
122934,181526.84460551213
122935,181526.84460551213
122947,181526.84460551213
122969,179759.71407178268
122987,181526.84460551213
123070,181526.84460551213
123079,181526.84460551213
123083,181526.84460551213
123092,140905.77425665228
123093,140905.77425665228
123094,140905.77425665228
123095,140905.77425665228
123129,140905.77425665228
123153,175093.47425932784
123165,181526.84460551213
123176,175093.47425932784
123196,140303.51190024384
123248,181526.84460551213
123310,181526.84460551213
123311,181526.84460551213
123312,181526.84460551213
123323,181526.84460551213
123325,181526.84460551213
123326,181526.84460551213
123327,181526.84460551213
123328,181526.84460551213
123331,181526.84460551213
123335,181526.84460551213
123338,181526.84460551213
123400,140303.51190024384
123480,181526.84460551213
123558,181526.84460551213
123572,181526.84460551213
123576,181526.84460551213
123579,181526.84460551213
123580,181526.84460551213
123588,181526.84460551213
123592,181526.84460551213
123595,177834.9598206235
123605,181526.84460551213
123612,181526.84460551213
123620,140905.77425665228
123623,140905.77425665228
123624,140905.77425665228
123657,181526.84460551213
123658,181526.84460551213
123686,140905.77425665228
123734,181526.84460551213
123749,181526.84460551213
123759,142691.1439436562
123760,140303.51190024384
123767,181526.84460551213
123768,181526.84460551213
123808,181526.84460551213
123815,144402.48056052727
123825,181526.84460551213
123835,181526.84460551213
123868,181526.84460551213
123869,181526.84460551213
123870,181526.84460551213
123874,181526.84460551213
123877,181526.84460551213
123892,181526.84460551213
123898,140303.51190024384
123900,142691.1439436562
123903,181526.84460551213
123905,177834.9598206235
124032,181526.84460551213
124034,181526.84460551213
124036,181526.84460551213
124038,177834.9598206235
124039,177834.9598206235
124044,181526.84460551213
124059,181526.84460551213
124070,140905.77425665228
124071,140905.77425665228
124072,140905.77425665228
124073,140905.77425665228
124074,140905.77425665228
124094,181526.84460551213
124096,181526.84460551213
124109,181526.84460551213
124118,177834.9598206235
124125,181526.84460551213
124138,181526.84460551213
124178,181526.84460551213
124187,144402.48056052727
124197,181526.84460551213
124213,140303.51190024384
124214,181526.84460551213
124228,140303.51190024384
124263,181526.84460551213
124339,179759.71407178268
124357,181526.84460551213
124364,144402.48056052727
124380,181526.84460551213
124392,181526.84460551213
124494,144402.48056052727
124500,181526.84460551213
124536,181526.84460551213
124537,181526.84460551213
124540,181526.84460551213
124548,181526.84460551213
124597,181526.84460551213
124642,181526.84460551213
124646,144402.48056052727
124648,144402.48056052727
124662,181526.84460551213
124688,311747.7786749855
124693,293591.01072342205
124707,314282.87373213464
124714,223880.76446670614
124716,311747.7786749855
124731,247420.01866229187
124737,313575.4160337637
124747,311747.7786749855
124759,223880.76446670614
124777,314282.87373213464
124787,311747.7786749855
124796,223880.76446670614
124799,311747.7786749855
124813,223880.76446670614
124819,314282.87373213464
124894,311747.7786749855
124915,311747.7786749855
124962,314282.87373213464
124978,311747.7786749855
124993,311747.7786749855
125005,314282.87373213464
125014,223880.76446670614
125016,311747.7786749855
125020,311747.7786749855
125023,223880.76446670614
125027,311747.7786749855
125044,311747.7786749855
125045,311747.7786749855
125046,223880.76446670614
125050,307518.42655589385
125072,311747.7786749855
125073,311747.7786749855
125086,223880.76446670614
125100,313575.4160337637
125117,286027.65171230765
125118,286027.65171230765
125120,311747.7786749855
125125,223880.76446670614
125130,311747.7786749855
125134,311747.7786749855
125136,311747.7786749855
125141,311747.7786749855
125188,315681.2167740214
125200,311747.7786749855
125203,311747.7786749855
125204,311747.7786749855
125275,223880.76446670614
125291,311747.7786749855
125317,311747.7786749855
125332,311747.7786749855
125345,311747.7786749855
125351,314282.87373213464
125357,311747.7786749855
125359,223880.76446670614
125375,311747.7786749855
125380,311747.7786749855
125404,223880.76446670614
125406,315681.2167740214
125422,311747.7786749855
125431,311747.7786749855
125433,311747.7786749855
125434,223880.76446670614
125435,223880.76446670614
125444,313575.4160337637
125466,311747.7786749855
125506,315681.2167740214
125546,252636.2720777178
125554,315681.2167740214
125568,223880.76446670614
125569,223880.76446670614
125573,311747.7786749855
125579,311747.7786749855
125581,223880.76446670614
125583,307518.42655589385
125587,220926.9243592886
125596,220926.9243592886
125618,314282.87373213464
125621,311747.7786749855
125632,223880.76446670614
125639,315681.2167740214
125642,300277.4659964057
125645,223880.76446670614
125694,311747.7786749855
125695,313575.4160337637
125696,315681.2167740214
125714,223880.76446670614
125716,315681.2167740214
125727,223880.76446670614
125734,311747.7786749855
125736,247420.01866229187
125739,314282.87373213464
125744,315681.2167740214
125756,311747.7786749855
125764,313575.4160337637
125766,311747.7786749855
125776,311747.7786749855
125777,311747.7786749855
125783,311747.7786749855
125784,311747.7786749855
125791,311747.7786749855
125822,315681.2167740214
125824,311747.7786749855
125828,220926.9243592886
125829,223880.76446670614
125841,311747.7786749855
309591,316174.84733472025
309611,231444.61128247398
309613,315681.2167740214
309658,318216.3118311705
309661,318216.3118311705
309667,315681.2167740214
309669,315681.2167740214
309678,256446.70468231276
309692,315681.2167740214
309700,205669.25243039746
309707,318216.3118311705
309714,315681.2167740214
309731,295418.6480822002
309734,205669.25243039746
309735,295418.6480822002
309770,303970.09830203117
309817,223880.76446670614
309819,205217.55658123843
320845,223880.76446670614
320872,223880.76446670614
320929,223880.76446670614
320931,223880.76446670614
320932,223880.76446670614
320937,223880.76446670614
320938,223880.76446670614
320940,223880.76446670614
320948,223880.76446670614
320950,223880.76446670614
320954,223880.76446670614
320969,263317.55985799903
320974,223880.76446670614
320998,223880.76446670614
321002,223880.76446670614
321004,223880.76446670614
321023,222250.91652715357
321055,223880.76446670614
321067,223880.76446670614
321080,223880.76446670614
321083,223880.76446670614
321122,223880.76446670614
321127,223880.76446670614
321128,223880.76446670614
321229,223880.76446670614
321231,223880.76446670614
321249,223880.76446670614
321250,223880.76446670614
321258,223880.76446670614
321259,223880.76446670614
321260,223880.76446670614
321262,223880.76446670614
321270,223880.76446670614
321272,223880.76446670614
321278,264869.77754673193
321286,223880.76446670614
321288,223880.76446670614
321289,223880.76446670614
321307,223880.76446670614
321311,223880.76446670614
321316,223880.76446670614
321317,223880.76446670614
321318,223880.76446670614
321319,223880.76446670614
321321,223880.76446670614
321322,223880.76446670614
321323,223880.76446670614
321324,223880.76446670614
321340,223880.76446670614
321346,223880.76446670614
321352,223880.76446670614
321392,223880.76446670614
321393,223880.76446670614
321399,223880.76446670614
321407,223880.76446670614
321428,223880.76446670614
321429,223880.76446670614
321431,223880.76446670614
321455,223880.76446670614
321463,223880.76446670614
321480,247420.01866229187
321540,223880.76446670614
321551,223880.76446670614
321559,223880.76446670614
321561,223880.76446670614
321567,252636.2720777178
321568,223880.76446670614
321570,223880.76446670614
321573,223880.76446670614
321574,223880.76446670614
321575,223880.76446670614
321577,223880.76446670614
321581,223880.76446670614
321582,223880.76446670614
321583,223880.76446670614
321595,223880.76446670614
321616,223880.76446670614
321656,247420.01866229187
321674,223880.76446670614
321677,223880.76446670614
321730,223880.76446670614
321734,223880.76446670614
321736,223880.76446670614
321737,223880.76446670614
321739,222250.91652715357
321747,263317.55985799903
321749,223880.76446670614
321757,223880.76446670614
321758,223880.76446670614
321762,223880.76446670614
321817,223880.76446670614
321831,223880.76446670614
321834,223880.76446670614
321874,223880.76446670614
321877,223880.76446670614
321883,223880.76446670614
321903,223880.76446670614
321918,223880.76446670614
321940,223880.76446670614
321942,223880.76446670614
321949,205823.0177134439
321950,226053.98917914557
321960,227680.68933144826
321961,227680.68933144826
321965,222250.91652715357
321975,227680.68933144826
321980,289527.44368634856
321989,222250.91652715357
321990,227680.68933144826
322003,183951.2865557741
322025,223880.76446670614
322027,227971.180451964
322029,227680.68933144826
322038,227680.68933144826
322041,293540.596680364
322042,293540.596680364
322045,227680.68933144826
322046,227680.68933144826
322092,222250.91652715357
322107,222476.23882997368
322110,293540.596680364
322111,222250.91652715357
322112,222250.91652715357
322114,222250.91652715357
322115,222250.91652715357
322116,227680.68933144826
322119,222250.91652715357
322121,227680.68933144826
322132,227680.68933144826
322133,227680.68933144826
322144,227680.68933144826
322156,292526.8343725357
322181,166005.9543217243
322197,227680.68933144826
322220,293540.596680364
322244,222250.91652715357
322256,222250.91652715357
322271,226341.33251241143
322281,205823.0177134439
322300,227680.68933144826
322304,226341.33251241143
322310,183951.2865557741
322330,227680.68933144826
322332,227680.68933144826
322335,223880.76446670614
322339,222250.91652715357
322360,227680.68933144826
322362,222250.91652715357
322436,289527.44368634856
322445,293540.596680364
322476,293540.596680364
322494,162069.19353898373
322500,222250.91652715357
322501,222250.91652715357
322505,222250.91652715357
322517,227680.68933144826
322518,293540.596680364
322526,293540.596680364
322527,227680.68933144826
322531,289527.44368634856
322533,227680.68933144826
322534,293540.596680364
322536,293540.596680364
322548,216477.33490990635
322553,222250.91652715357
322579,293540.596680364
322583,227680.68933144826
322591,293540.596680364
322610,221706.64073169374
322620,222250.91652715357
322630,216370.83511926056
322645,223880.76446670614
322651,293540.596680364
322653,227680.68933144826
322671,227680.68933144826
322695,226341.33251241143
322712,286429.9664008854
322715,184265.29617060756
322732,222250.91652715357
322741,221706.64073169374
322744,229334.4056399558
322757,227680.68933144826
322769,219754.02919644568
322786,222250.91652715357
322789,235755.21695773624
322800,189813.03548829336
322807,184900.57274823327
322808,222250.91652715357
322810,227680.68933144826
322816,227680.68933144826
322833,227680.68933144826
322871,222250.91652715357
322980,222250.91652715357
322981,227680.68933144826
322983,222250.91652715357
322984,222250.91652715357
322985,222250.91652715357
322986,222250.91652715357
322987,222250.91652715357
322990,222250.91652715357
323000,222250.91652715357
323002,223880.76446670614
323011,226341.33251241143
323013,293540.596680364
323017,293540.596680364
323032,222250.91652715357
323066,222250.91652715357
323069,227680.68933144826
323077,227680.68933144826
323085,227680.68933144826
323088,227971.180451964
323101,227680.68933144826
323102,227680.68933144826
323122,227680.68933144826
323169,162069.19353898373
323189,222250.91652715357
323192,173231.6069433015
323194,222250.91652715357
323197,227680.68933144826
323198,222250.91652715357
323233,227680.68933144826
323254,223880.76446670614
323308,289527.44368634856
323310,226341.33251241143
323318,210517.21620453437
323325,211743.64910968544
323330,227680.68933144826
323339,226341.33251241143
323342,263262.81673319876
323349,222250.91652715357
323382,180942.45324613136
323396,227680.68933144826
323403,211743.64910968544
323412,229334.4056399558
323413,222250.91652715357
323421,293540.596680364
323425,183951.2865557741
323433,283281.64614992985
323434,189813.03548829336
323446,211004.53260318906
323459,222250.91652715357
323487,222250.91652715357
323518,289527.44368634856
323536,211004.53260318906
323549,289527.44368634856
323552,222250.91652715357
323608,211004.53260318906
323617,223880.76446670614
323622,296539.9873665512
323629,227680.68933144826
323656,223880.76446670614
323664,183951.2865557741
323668,227680.68933144826
323678,222250.91652715357
323703,222250.91652715357
323710,227680.68933144826
323722,293540.596680364
323723,293540.596680364
323780,222250.91652715357
323792,222250.91652715357
323831,223880.76446670614
323894,237354.4400292082
323911,222250.91652715357
323917,222250.91652715357
323926,222250.91652715357
323944,222250.91652715357
324001,222250.91652715357
324006,222250.91652715357
324023,222250.91652715357
324032,222250.91652715357
324058,223880.76446670614
324078,223880.76446670614
324079,222250.91652715357
324118,222250.91652715357
324146,222250.91652715357
324152,222250.91652715357
324158,669242.1578132353
324160,669242.1578132353
324236,669242.1578132353
324287,709525.2311598541
324306,704363.8050019075
324371,709525.2311598541
324381,304614.5149928391
324395,669242.1578132353
324415,704363.8050019075
324417,253456.66052683585
324418,253456.66052683585
324454,304614.5149928391
324455,304614.5149928391
324497,296539.9873665512
324557,709525.2311598541
324596,669242.1578132353
324605,709525.2311598541
324608,709525.2311598541
324616,296539.9873665512
324628,709525.2311598541
324634,704363.8050019075
324666,296539.9873665512
324716,669242.1578132353
324721,693783.8076438509
324723,669242.1578132353
324784,669242.1578132353
324797,704363.8050019075
324814,312932.6989846945
324819,296539.9873665512
324846,709525.2311598541
324904,686975.441477144
324941,669242.1578132353
325010,698945.2338017975
325044,709525.2311598541
325045,304614.5149928391
695288,181526.84460551213
695340,129437.63348190818
695354,162069.19353898373
695495,138349.1876084468
695510,128363.95404839142
695519,303970.09830203117
695520,303970.09830203117
695565,179759.71407178268
695596,181526.84460551213
695610,181526.84460551213
695611,181526.84460551213
695614,181526.84460551213
695615,181526.84460551213
695631,178228.86150514183
695794,222250.91652715357
695813,205669.25243039746
695828,223880.76446670614
695877,223880.76446670614
696061,205669.25243039746
696119,205669.25243039746
696129,493314.90092149103
696183,205217.55658123843
696223,299510.00069681625
696268,181526.84460551213
696269,181526.84460551213
696272,181526.84460551213
696273,181526.84460551213
696329,181526.84460551213
696334,181526.84460551213
696336,181526.84460551213
696337,181526.84460551213
696338,181526.84460551213
696339,181526.84460551213
696340,181526.84460551213
696352,181526.84460551213
696357,181526.84460551213
696508,192616.83876741573
696512,212938.7338890912
696609,205217.55658123843
696610,205217.55658123843
696645,181526.84460551213
712644,322158.9881585904
712653,322158.9881585904
712676,322158.9881585904
712685,322158.9881585904
712690,322158.9881585904
712692,322158.9881585904
712748,322158.9881585904
712750,322158.9881585904
712751,322158.9881585904
712768,322158.9881585904
712776,322158.9881585904
712780,322158.9881585904
712788,322158.9881585904
712794,322158.9881585904
712816,322158.9881585904
712817,322158.9881585904
712818,322158.9881585904
712823,322158.9881585904
712835,322158.9881585904
712852,322158.9881585904
712858,322158.9881585904
712871,322158.9881585904
712880,322158.9881585904
712881,322158.9881585904
712890,322158.9881585904
712901,322158.9881585904
712917,322158.9881585904
712999,322158.9881585904
713027,322158.9881585904
713050,322158.9881585904
713084,322158.9881585904
713098,322158.9881585904
713109,322158.9881585904
713127,322158.9881585904
713151,322158.9881585904
713157,322158.9881585904
713159,322158.9881585904
713160,322158.9881585904
713169,322158.9881585904
713182,322158.9881585904
713190,322158.9881585904
713192,322158.9881585904
713197,322158.9881585904
713213,322158.9881585904
713216,322158.9881585904
713247,322158.9881585904
713251,322158.9881585904
713264,322158.9881585904
713309,322158.9881585904
713319,322158.9881585904
713341,322158.9881585904
713350,322158.9881585904
713375,322158.9881585904
713391,322158.9881585904
713394,322158.9881585904
713420,322158.9881585904
713421,322158.9881585904
713429,322158.9881585904
713432,322158.9881585904
713434,322158.9881585904
713437,322158.9881585904
713469,322158.9881585904
713476,322158.9881585904
713477,322158.9881585904
713501,322158.9881585904
713507,322158.9881585904
713536,322158.9881585904
713544,322158.9881585904
713560,322158.9881585904
713580,322158.9881585904
713651,322158.9881585904
713656,322158.9881585904
713740,322158.9881585904
713800,322158.9881585904
713801,322158.9881585904
713806,322158.9881585904
713820,322158.9881585904
713823,322158.9881585904
713847,322158.9881585904
713864,322158.9881585904
713866,322158.9881585904
713868,322158.9881585904
713878,322158.9881585904
713881,322158.9881585904
713897,322158.9881585904
713934,322158.9881585904
713939,322158.9881585904
713950,322158.9881585904
713991,322158.9881585904
713993,322158.9881585904
714003,322158.9881585904
714017,322158.9881585904
714021,322158.9881585904
714026,322158.9881585904
714064,322158.9881585904
714174,322158.9881585904
714196,322158.9881585904
714262,322158.9881585904
714353,322158.9881585904
714369,322158.9881585904
714374,322158.9881585904
714385,322158.9881585904
714393,322158.9881585904
714398,322158.9881585904
714412,322158.9881585904
714415,322158.9881585904
714417,322158.9881585904
714430,322158.9881585904
714507,322158.9881585904
714555,322158.9881585904
714586,322158.9881585904
714587,322158.9881585904
714609,322158.9881585904
714636,322158.9881585904
714676,322158.9881585904
714689,322158.9881585904
714713,322158.9881585904
714721,322158.9881585904
714725,322158.9881585904
714774,322158.9881585904
714784,322158.9881585904
714821,322158.9881585904
714833,322158.9881585904
714858,322158.9881585904
714864,322158.9881585904
714871,322158.9881585904
714874,322158.9881585904
714890,322158.9881585904
714911,322158.9881585904
714930,322158.9881585904
714957,322158.9881585904
714970,322158.9881585904
715017,322158.9881585904
715034,322158.9881585904
715036,322158.9881585904
715051,322158.9881585904
715078,322158.9881585904
715080,322158.9881585904
715127,322158.9881585904
715142,322158.9881585904
715176,322158.9881585904
715189,322158.9881585904
715195,322158.9881585904
715196,322158.9881585904
715264,322158.9881585904
715291,322158.9881585904
715295,322158.9881585904
715297,322158.9881585904
715305,322158.9881585904
715309,322158.9881585904
715319,322158.9881585904
715321,322158.9881585904
715381,322158.9881585904
715383,322158.9881585904
715402,322158.9881585904
715413,322158.9881585904
715440,322158.9881585904
715490,322158.9881585904
715496,322158.9881585904
715529,322158.9881585904
715546,322158.9881585904
715580,322158.9881585904
715584,322158.9881585904
715594,322158.9881585904
715611,322158.9881585904
715628,322158.9881585904
715643,322158.9881585904
715645,322158.9881585904
715666,322158.9881585904
715669,322158.9881585904
715756,322158.9881585904
715761,322158.9881585904
715771,322158.9881585904
715775,322158.9881585904
715779,322158.9881585904
715783,322158.9881585904
715789,322158.9881585904
715799,322158.9881585904
715801,322158.9881585904
715802,322158.9881585904
715816,322158.9881585904
715819,322158.9881585904
715854,322158.9881585904
715885,322158.9881585904
715904,322158.9881585904
715909,322158.9881585904
715926,322158.9881585904
715960,322158.9881585904
715975,322158.9881585904
715987,322158.9881585904
715991,322158.9881585904
716004,322158.9881585904
716016,322158.9881585904
716034,322158.9881585904
716036,322158.9881585904
716062,322158.9881585904
716088,322158.9881585904
716090,322158.9881585904
716098,322158.9881585904
716112,322158.9881585904
716122,322158.9881585904
716135,322158.9881585904
716165,322158.9881585904
716198,322158.9881585904
716225,322158.9881585904
716229,322158.9881585904
716230,322158.9881585904
716233,322158.9881585904
716243,322158.9881585904
716251,322158.9881585904
716252,322158.9881585904
716270,322158.9881585904
716289,322158.9881585904
716355,322158.9881585904
716367,322158.9881585904
716371,322158.9881585904
716379,322158.9881585904
716381,322158.9881585904
716388,322158.9881585904
716430,322158.9881585904
716437,322158.9881585904
716439,322158.9881585904
716453,322158.9881585904
716459,322158.9881585904
716475,322158.9881585904
716495,322158.9881585904
716516,322158.9881585904
716564,322158.9881585904
716566,322158.9881585904
716646,322158.9881585904
716652,322158.9881585904
716677,322158.9881585904
716680,322158.9881585904
716696,322158.9881585904
716716,322158.9881585904
716750,322158.9881585904
716759,322158.9881585904
716761,322158.9881585904
716822,322158.9881585904
716839,322158.9881585904
716905,322158.9881585904
716942,322158.9881585904
716964,322158.9881585904
717008,322158.9881585904
717022,322158.9881585904
717046,322158.9881585904
717110,322158.9881585904
717123,322158.9881585904
717146,322158.9881585904
717179,322158.9881585904
717184,322158.9881585904
717187,322158.9881585904
717188,322158.9881585904
717189,322158.9881585904
717195,322158.9881585904
717197,322158.9881585904
717227,322158.9881585904
717270,322158.9881585904
717303,322158.9881585904
717333,322158.9881585904
717335,322158.9881585904
717342,322158.9881585904
717358,322158.9881585904
717374,322158.9881585904
717386,322158.9881585904
717417,322158.9881585904
717491,322158.9881585904
717502,322158.9881585904
717549,322158.9881585904
717570,322158.9881585904
717574,322158.9881585904
717602,322158.9881585904
717626,322158.9881585904
717630,322158.9881585904
717635,322158.9881585904
717641,322158.9881585904
717648,322158.9881585904
717652,322158.9881585904
717689,322158.9881585904
717727,322158.9881585904
717783,322158.9881585904
717808,322158.9881585904
717824,322158.9881585904
717869,322158.9881585904
717986,322158.9881585904
717995,322158.9881585904
717997,322158.9881585904
717999,322158.9881585904
718069,322158.9881585904
718109,322158.9881585904
718113,322158.9881585904
718134,322158.9881585904
718135,322158.9881585904
718144,322158.9881585904
718171,322158.9881585904
718212,322158.9881585904
718229,322158.9881585904
718242,322158.9881585904
718310,322158.9881585904
718329,322158.9881585904
718331,322158.9881585904
718349,322158.9881585904
718436,322158.9881585904
718506,322158.9881585904
718581,322158.9881585904
718620,322158.9881585904
718648,322158.9881585904
718653,322158.9881585904
718675,322158.9881585904
718683,322158.9881585904
718696,322158.9881585904
718697,322158.9881585904
718773,322158.9881585904
718786,322158.9881585904
718806,322158.9881585904
718811,322158.9881585904
718812,322158.9881585904
718841,322158.9881585904
718869,322158.9881585904
718891,322158.9881585904
718902,322158.9881585904
718919,322158.9881585904
718930,322158.9881585904
718970,322158.9881585904
719018,322158.9881585904
719060,322158.9881585904
719062,322158.9881585904
719065,322158.9881585904
719076,322158.9881585904
719091,322158.9881585904
719120,322158.9881585904
719146,322158.9881585904
719186,322158.9881585904
719188,322158.9881585904
719197,322158.9881585904
719201,322158.9881585904
719203,322158.9881585904
719208,322158.9881585904
719210,322158.9881585904
719216,322158.9881585904
719224,322158.9881585904
719246,322158.9881585904
719258,322158.9881585904
719300,322158.9881585904
719334,322158.9881585904
719360,322158.9881585904
719377,322158.9881585904
719415,322158.9881585904
719424,322158.9881585904
719429,322158.9881585904
719445,322158.9881585904
719446,322158.9881585904
719469,322158.9881585904
719503,322158.9881585904
719537,322158.9881585904
719593,322158.9881585904
719616,322158.9881585904
719642,322158.9881585904
719655,322158.9881585904
719693,322158.9881585904
719720,322158.9881585904
719747,322158.9881585904
719748,322158.9881585904
719754,322158.9881585904
719784,322158.9881585904
719794,322158.9881585904
719802,322158.9881585904
719806,322158.9881585904
719810,322158.9881585904
719812,322158.9881585904
719828,322158.9881585904
719833,322158.9881585904
719882,322158.9881585904
719895,322158.9881585904
719909,322158.9881585904
719971,322158.9881585904
720043,322158.9881585904
720108,322158.9881585904
720119,322158.9881585904
720163,322158.9881585904
720166,322158.9881585904
720188,322158.9881585904
720194,322158.9881585904
720274,322158.9881585904
720292,322158.9881585904
720296,322158.9881585904
720304,322158.9881585904
720323,322158.9881585904
720342,322158.9881585904
720348,322158.9881585904
720379,322158.9881585904
720386,322158.9881585904
720388,322158.9881585904
720393,322158.9881585904
720398,322158.9881585904
720403,322158.9881585904
720409,322158.9881585904
720440,322158.9881585904
720450,322158.9881585904
720481,322158.9881585904
720530,322158.9881585904
720534,322158.9881585904
720549,322158.9881585904
720550,322158.9881585904
720609,322158.9881585904
720629,322158.9881585904
720646,322158.9881585904
720649,322158.9881585904
720659,322158.9881585904
720745,322158.9881585904
720753,322158.9881585904
720789,322158.9881585904
720879,322158.9881585904
720899,322158.9881585904
720909,322158.9881585904
720925,322158.9881585904
720932,322158.9881585904
720950,322158.9881585904
720956,322158.9881585904
720964,322158.9881585904
720970,322158.9881585904
720997,322158.9881585904
721019,322158.9881585904
721074,322158.9881585904
721104,322158.9881585904
721128,322158.9881585904
721132,322158.9881585904
721135,322158.9881585904
721138,322158.9881585904
721169,322158.9881585904
721241,322158.9881585904
721303,322158.9881585904
721327,322158.9881585904
721355,322158.9881585904
721380,322158.9881585904
721384,322158.9881585904
721403,322158.9881585904
721426,322158.9881585904
721462,322158.9881585904
721473,322158.9881585904
721548,322158.9881585904
721568,322158.9881585904
721574,322158.9881585904
721579,322158.9881585904
721598,322158.9881585904
721634,322158.9881585904
721647,322158.9881585904
721701,322158.9881585904
721727,322158.9881585904
721746,322158.9881585904
721751,322158.9881585904
721773,322158.9881585904
721806,322158.9881585904
721859,322158.9881585904
721869,322158.9881585904
721922,322158.9881585904
722035,322158.9881585904
722036,322158.9881585904
722125,322158.9881585904
722131,322158.9881585904
722173,322158.9881585904
722181,322158.9881585904
722212,322158.9881585904
722250,322158.9881585904
722257,322158.9881585904
722262,322158.9881585904
722278,322158.9881585904
722288,322158.9881585904
722289,322158.9881585904
722312,322158.9881585904
722332,322158.9881585904
722333,322158.9881585904
722344,322158.9881585904
722356,322158.9881585904
722360,322158.9881585904
722388,322158.9881585904
722430,322158.9881585904
722458,322158.9881585904
722486,322158.9881585904
722515,322158.9881585904
722557,322158.9881585904
722582,322158.9881585904
722592,322158.9881585904
722603,322158.9881585904
722611,322158.9881585904
722612,322158.9881585904
722613,322158.9881585904
722617,322158.9881585904
722639,322158.9881585904
722669,322158.9881585904
722794,322158.9881585904
722805,322158.9881585904
722979,322158.9881585904
722991,322158.9881585904
722996,322158.9881585904
723017,322158.9881585904
723054,322158.9881585904
723133,322158.9881585904
723238,322158.9881585904
723261,322158.9881585904
723269,322158.9881585904
723341,322158.9881585904
723364,322158.9881585904
723370,322158.9881585904
723418,322158.9881585904
723439,322158.9881585904
723497,322158.9881585904
723503,322158.9881585904
723527,322158.9881585904
723559,322158.9881585904
723569,322158.9881585904
723575,322158.9881585904
723590,322158.9881585904
723636,322158.9881585904
723646,322158.9881585904
723662,322158.9881585904
723694,322158.9881585904
723703,322158.9881585904
723705,322158.9881585904
723726,322158.9881585904
723746,322158.9881585904
723756,322158.9881585904
723769,322158.9881585904
723775,322158.9881585904
723789,322158.9881585904
723793,322158.9881585904
723826,322158.9881585904
723846,322158.9881585904
723856,322158.9881585904
723936,322158.9881585904
723944,322158.9881585904
723996,322158.9881585904
724017,322158.9881585904
724019,322158.9881585904
724048,322158.9881585904
724049,322158.9881585904
724059,322158.9881585904
724070,322158.9881585904
724209,322158.9881585904
724225,322158.9881585904
724230,322158.9881585904
724234,322158.9881585904
724247,322158.9881585904
724249,322158.9881585904
724273,322158.9881585904
724294,322158.9881585904
724309,322158.9881585904
724315,322158.9881585904
724343,322158.9881585904
724348,322158.9881585904
724352,322158.9881585904
724357,322158.9881585904
724385,322158.9881585904
724424,322158.9881585904
724532,322158.9881585904
724560,322158.9881585904
724606,322158.9881585904
724640,322158.9881585904
724671,322158.9881585904
724797,322158.9881585904
724820,322158.9881585904
724847,322158.9881585904
724947,322158.9881585904
724960,322158.9881585904
724977,322158.9881585904
724987,322158.9881585904
725073,322158.9881585904
725121,322158.9881585904
725177,322158.9881585904
725180,322158.9881585904
725186,322158.9881585904
725367,322158.9881585904
725435,322158.9881585904
725481,322158.9881585904
725560,322158.9881585904
725581,322158.9881585904
725620,322158.9881585904
725646,322158.9881585904
725648,322158.9881585904
725681,322158.9881585904
725683,322158.9881585904
725741,322158.9881585904
725753,322158.9881585904
725778,322158.9881585904
725811,322158.9881585904
725875,322158.9881585904
725997,322158.9881585904
726011,322158.9881585904
726050,322158.9881585904
726064,322158.9881585904
726121,322158.9881585904
726144,322158.9881585904
726145,322158.9881585904
726174,322158.9881585904
726332,322158.9881585904
726351,322158.9881585904
726359,322158.9881585904
726443,322158.9881585904
726459,322158.9881585904
726460,322158.9881585904
726461,322158.9881585904
726470,322158.9881585904
726488,322158.9881585904
726491,322158.9881585904
726518,322158.9881585904
726642,322158.9881585904
726643,322158.9881585904
726678,322158.9881585904
726698,322158.9881585904
726797,322158.9881585904
726850,322158.9881585904
726887,322158.9881585904
726898,322158.9881585904
726904,322158.9881585904
726915,322158.9881585904
726976,322158.9881585904
727014,322158.9881585904
727021,322158.9881585904
727064,322158.9881585904
727101,322158.9881585904
727114,322158.9881585904
727129,322158.9881585904
727142,322158.9881585904
727160,322158.9881585904
727168,322158.9881585904
727178,322158.9881585904
727188,322158.9881585904
727198,322158.9881585904
727202,322158.9881585904
727275,322158.9881585904
727322,322158.9881585904
727334,322158.9881585904
727345,322158.9881585904
727359,322158.9881585904
727364,322158.9881585904
727433,322158.9881585904
727438,322158.9881585904
727490,322158.9881585904
727503,322158.9881585904
727540,322158.9881585904
727542,322158.9881585904
727585,322158.9881585904
727593,322158.9881585904
727615,322158.9881585904
727627,322158.9881585904
727655,322158.9881585904
727691,322158.9881585904
727694,322158.9881585904
727811,322158.9881585904
727895,322158.9881585904
728058,322158.9881585904
728078,322158.9881585904
728243,322158.9881585904
728309,322158.9881585904
728352,322158.9881585904
728363,322158.9881585904
728364,322158.9881585904
728431,322158.9881585904
728500,322158.9881585904
728503,322158.9881585904
728529,322158.9881585904
728582,322158.9881585904
728586,322158.9881585904
728694,322158.9881585904
728709,322158.9881585904
728713,322158.9881585904
728796,322158.9881585904
728798,322158.9881585904
728926,322158.9881585904
728950,322158.9881585904
728966,322158.9881585904
728985,322158.9881585904
729017,322158.9881585904
729075,322158.9881585904
729111,322158.9881585904
729119,322158.9881585904
729136,322158.9881585904
729148,322158.9881585904
729174,322158.9881585904
729177,322158.9881585904
729181,322158.9881585904
729203,322158.9881585904
729210,322158.9881585904
729226,322158.9881585904
729265,322158.9881585904
729341,322158.9881585904
729380,322158.9881585904
729400,322158.9881585904
729445,322158.9881585904
729455,322158.9881585904
729464,322158.9881585904
729510,322158.9881585904
729514,322158.9881585904
729528,322158.9881585904
729536,322158.9881585904
729540,322158.9881585904
729554,322158.9881585904
729607,322158.9881585904
729608,322158.9881585904
729625,322158.9881585904
729641,322158.9881585904
729644,322158.9881585904
729663,322158.9881585904
729721,322158.9881585904
729768,322158.9881585904
729773,322158.9881585904
729782,322158.9881585904
729789,322158.9881585904
729812,322158.9881585904
729831,322158.9881585904
729845,322158.9881585904
729990,322158.9881585904
730059,322158.9881585904
730106,322158.9881585904
730114,322158.9881585904
730131,322158.9881585904
730151,322158.9881585904
730265,322158.9881585904
730294,322158.9881585904
730332,322158.9881585904
730363,322158.9881585904
730414,322158.9881585904
730524,322158.9881585904
730596,322158.9881585904
730640,322158.9881585904
730686,322158.9881585904
730881,322158.9881585904
730894,322158.9881585904
730939,322158.9881585904
731035,322158.9881585904
731059,322158.9881585904
731100,322158.9881585904
731187,322158.9881585904
731206,322158.9881585904
731217,322158.9881585904
731226,322158.9881585904
731245,322158.9881585904
731327,322158.9881585904
731364,322158.9881585904
731419,322158.9881585904
731420,322158.9881585904
731429,322158.9881585904
731450,322158.9881585904
731474,322158.9881585904
731507,322158.9881585904
731508,322158.9881585904
731588,322158.9881585904
731696,322158.9881585904
731757,322158.9881585904
731801,322158.9881585904
731833,322158.9881585904
731851,322158.9881585904
731874,322158.9881585904
732027,322158.9881585904
732100,322158.9881585904
732211,322158.9881585904
732262,322158.9881585904
732403,322158.9881585904
732408,322158.9881585904
732440,322158.9881585904
732456,322158.9881585904
732495,322158.9881585904
732512,322158.9881585904
732513,322158.9881585904
732518,322158.9881585904
732657,322158.9881585904
732818,322158.9881585904
732911,322158.9881585904
732929,322158.9881585904
732954,322158.9881585904
732965,322158.9881585904
732970,322158.9881585904
732998,322158.9881585904
733071,322158.9881585904
733086,322158.9881585904
733135,322158.9881585904
733209,322158.9881585904
733485,322158.9881585904
733560,322158.9881585904
733655,322158.9881585904
733708,322158.9881585904
733722,322158.9881585904
733753,322158.9881585904
733774,322158.9881585904
733855,322158.9881585904
733856,322158.9881585904
733903,322158.9881585904
733907,322158.9881585904
733919,322158.9881585904
734011,322158.9881585904
734023,322158.9881585904
734094,322158.9881585904
734149,322158.9881585904
734159,322158.9881585904
734160,322158.9881585904
734181,322158.9881585904
734275,322158.9881585904
734658,322158.9881585904
734708,322158.9881585904
734725,322158.9881585904
734836,322158.9881585904
735000,322158.9881585904
735007,322158.9881585904
735055,322158.9881585904
735124,322158.9881585904
735158,322158.9881585904
735189,322158.9881585904
735216,322158.9881585904
735230,322158.9881585904
735232,322158.9881585904
735250,322158.9881585904
735298,322158.9881585904
735355,322158.9881585904
735484,322158.9881585904
735490,322158.9881585904
735491,322158.9881585904
735493,322158.9881585904
735505,322158.9881585904
735533,322158.9881585904
735555,322158.9881585904
735561,322158.9881585904
735562,322158.9881585904
735614,322158.9881585904
735627,322158.9881585904
735634,322158.9881585904
735698,322158.9881585904
735797,322158.9881585904
735802,322158.9881585904
735891,322158.9881585904
735983,322158.9881585904
736002,322158.9881585904
736030,322158.9881585904
736051,322158.9881585904
736089,322158.9881585904
736143,322158.9881585904
736169,322158.9881585904
736175,322158.9881585904
736225,322158.9881585904
736311,322158.9881585904
736320,322158.9881585904
736337,322158.9881585904
736397,322158.9881585904
736443,322158.9881585904
736489,322158.9881585904
736635,322158.9881585904
736651,322158.9881585904
736721,322158.9881585904
736740,322158.9881585904
736799,322158.9881585904
736983,322158.9881585904
737015,322158.9881585904
737075,322158.9881585904
737150,322158.9881585904
737209,322158.9881585904
737263,322158.9881585904
737285,322158.9881585904
737397,322158.9881585904
737458,322158.9881585904
737514,322158.9881585904
737665,322158.9881585904
737976,322158.9881585904
738028,322158.9881585904
738143,322158.9881585904
738160,322158.9881585904
738192,322158.9881585904
738314,322158.9881585904
738320,322158.9881585904
738381,322158.9881585904
738406,322158.9881585904
738433,322158.9881585904
738489,322158.9881585904
738491,322158.9881585904
738574,322158.9881585904
738723,322158.9881585904
738880,322158.9881585904
738920,322158.9881585904
739033,322158.9881585904
739042,322158.9881585904
739182,322158.9881585904
739254,322158.9881585904
739359,322158.9881585904
739360,322158.9881585904
739364,322158.9881585904
739430,322158.9881585904
739497,322158.9881585904
739563,322158.9881585904
739581,322158.9881585904
739670,322158.9881585904
739702,322158.9881585904
739717,322158.9881585904
739824,322158.9881585904
740070,322158.9881585904
740158,322158.9881585904
740377,322158.9881585904
740499,322158.9881585904
740572,322158.9881585904
740609,322158.9881585904
740798,322158.9881585904
740914,322158.9881585904
740915,322158.9881585904
740917,322158.9881585904
740932,322158.9881585904
740974,322158.9881585904
740993,322158.9881585904
740998,322158.9881585904
741000,322158.9881585904
741002,322158.9881585904
741008,322158.9881585904
741036,322158.9881585904
741047,322158.9881585904
741111,322158.9881585904
741171,322158.9881585904
741174,322158.9881585904
741203,322158.9881585904
741205,322158.9881585904
741232,322158.9881585904
741270,322158.9881585904
741294,322158.9881585904
741312,322158.9881585904
741313,322158.9881585904
741329,322158.9881585904
741401,322158.9881585904
741416,322158.9881585904
741433,322158.9881585904
741457,322158.9881585904
741533,322158.9881585904
741591,322158.9881585904
741682,322158.9881585904
741699,322158.9881585904
741808,322158.9881585904
741810,322158.9881585904
741811,322158.9881585904
741813,322158.9881585904
741824,322158.9881585904
741842,322158.9881585904
741844,322158.9881585904
741999,322158.9881585904
742049,322158.9881585904
742278,322158.9881585904
742444,322158.9881585904
742500,322158.9881585904
742512,322158.9881585904
742534,322158.9881585904
742552,322158.9881585904
742592,322158.9881585904
742595,322158.9881585904
742813,322158.9881585904
742839,322158.9881585904
743024,322158.9881585904
743072,322158.9881585904
743084,322158.9881585904
743131,322158.9881585904
743197,322158.9881585904
743226,322158.9881585904
743233,322158.9881585904
743243,322158.9881585904
743310,322158.9881585904
743424,322158.9881585904
743645,322158.9881585904
743678,322158.9881585904
743689,322158.9881585904
743736,322158.9881585904
743938,322158.9881585904
744009,322158.9881585904
744134,322158.9881585904
744142,322158.9881585904
744196,322158.9881585904
744806,322158.9881585904
744824,322158.9881585904
744870,322158.9881585904
744879,322158.9881585904
744924,322158.9881585904
745039,322158.9881585904
745099,322158.9881585904
745109,322158.9881585904
745286,322158.9881585904
745287,322158.9881585904
745364,322158.9881585904
745581,322158.9881585904
745614,322158.9881585904
745630,322158.9881585904
745696,322158.9881585904
745726,322158.9881585904
745763,322158.9881585904
745819,322158.9881585904
745898,322158.9881585904
745924,322158.9881585904
745960,322158.9881585904
746269,322158.9881585904
746297,322158.9881585904
746353,322158.9881585904
746361,322158.9881585904
746390,322158.9881585904
746450,322158.9881585904
746513,322158.9881585904
746565,322158.9881585904
746720,322158.9881585904
746732,322158.9881585904
746769,322158.9881585904
746790,322158.9881585904
746846,322158.9881585904
746847,322158.9881585904
746901,322158.9881585904
747013,322158.9881585904
747015,322158.9881585904
747085,322158.9881585904
747090,322158.9881585904
747139,322158.9881585904
747310,322158.9881585904
747474,322158.9881585904
747521,322158.9881585904
747537,322158.9881585904
747736,322158.9881585904
747743,322158.9881585904
747759,322158.9881585904
747810,322158.9881585904
747995,322158.9881585904
748013,322158.9881585904
748040,322158.9881585904
748058,322158.9881585904
748060,322158.9881585904
748073,322158.9881585904
748106,322158.9881585904
748145,322158.9881585904
748150,322158.9881585904
748172,322158.9881585904
748287,322158.9881585904
748308,322158.9881585904
748311,322158.9881585904
748429,322158.9881585904
748523,322158.9881585904
748544,322158.9881585904
748713,322158.9881585904
748836,322158.9881585904
748845,322158.9881585904
748856,322158.9881585904
748895,322158.9881585904
748962,322158.9881585904
749165,322158.9881585904
749218,322158.9881585904
749232,322158.9881585904
749255,322158.9881585904
749452,322158.9881585904
749483,322158.9881585904
749497,322158.9881585904
749502,322158.9881585904
749504,322158.9881585904
749521,322158.9881585904
749571,322158.9881585904
749671,322158.9881585904
749821,322158.9881585904
749975,322158.9881585904
750049,322158.9881585904
750155,322158.9881585904
750174,322158.9881585904
750408,322158.9881585904
750418,322158.9881585904
750441,322158.9881585904
750475,322158.9881585904
750559,322158.9881585904
750579,322158.9881585904
750669,322158.9881585904
750683,322158.9881585904
750740,322158.9881585904
750956,322158.9881585904
751319,322158.9881585904
751352,322158.9881585904
751396,322158.9881585904
751416,322158.9881585904
751421,322158.9881585904
751442,322158.9881585904
751459,322158.9881585904
751587,322158.9881585904
751714,322158.9881585904
751886,322158.9881585904
751971,322158.9881585904
752242,322158.9881585904
752254,322158.9881585904
752310,322158.9881585904
752576,322158.9881585904
752705,322158.9881585904
752895,322158.9881585904
752914,322158.9881585904
752994,322158.9881585904
753036,322158.9881585904
753099,322158.9881585904
753188,322158.9881585904
753196,322158.9881585904
753234,322158.9881585904
753289,322158.9881585904
753295,322158.9881585904
753297,322158.9881585904
753387,322158.9881585904
753393,322158.9881585904
753395,322158.9881585904
753397,322158.9881585904
753399,322158.9881585904
753402,322158.9881585904
753404,322158.9881585904
753405,322158.9881585904
753406,322158.9881585904
753602,322158.9881585904
753948,322158.9881585904
754108,322158.9881585904
754112,322158.9881585904
754292,322158.9881585904
754384,322158.9881585904
754763,322158.9881585904
754978,322158.9881585904
754995,322158.9881585904
755014,322158.9881585904
755055,322158.9881585904
755065,322158.9881585904
755138,322158.9881585904
755226,322158.9881585904
755447,322158.9881585904
755448,322158.9881585904
755575,322158.9881585904
755674,322158.9881585904
755809,322158.9881585904
755892,322158.9881585904
756308,322158.9881585904
756620,322158.9881585904
756836,322158.9881585904
757366,322158.9881585904
757425,322158.9881585904
757539,322158.9881585904
757668,322158.9881585904
757758,322158.9881585904
757792,322158.9881585904
757925,322158.9881585904
757991,322158.9881585904
758122,322158.9881585904
758135,322158.9881585904
758325,322158.9881585904
758344,322158.9881585904
758410,322158.9881585904
758601,322158.9881585904
758674,322158.9881585904
758911,322158.9881585904
759246,322158.9881585904
759339,322158.9881585904
759621,322158.9881585904
759656,322158.9881585904
759823,322158.9881585904
759982,322158.9881585904
760071,322158.9881585904
760135,322158.9881585904
760172,322158.9881585904
760262,322158.9881585904
760514,322158.9881585904
760522,322158.9881585904
760523,322158.9881585904
760607,322158.9881585904
760760,322158.9881585904
760878,322158.9881585904
761015,322158.9881585904
761078,322158.9881585904
761137,322158.9881585904
761182,322158.9881585904
761221,322158.9881585904
761226,322158.9881585904
761245,322158.9881585904
761273,322158.9881585904
761281,322158.9881585904
761297,322158.9881585904
761298,322158.9881585904
761312,322158.9881585904
761418,322158.9881585904
761437,322158.9881585904
761449,322158.9881585904
761451,322158.9881585904
761462,322158.9881585904
761597,322158.9881585904
761616,322158.9881585904
761631,322158.9881585904
761638,322158.9881585904
761660,322158.9881585904
761662,322158.9881585904
761734,322158.9881585904
761737,322158.9881585904
761773,322158.9881585904
761775,322158.9881585904
761781,322158.9881585904
761783,322158.9881585904
761870,322158.9881585904
761928,322158.9881585904
762020,322158.9881585904
762104,322158.9881585904
762106,322158.9881585904
762135,322158.9881585904
762140,322158.9881585904
762146,322158.9881585904
762260,322158.9881585904
762277,322158.9881585904
762395,322158.9881585904
762467,322158.9881585904
762485,322158.9881585904
762509,322158.9881585904
762528,322158.9881585904
762572,322158.9881585904
762642,322158.9881585904
762673,322158.9881585904
762782,322158.9881585904
762792,322158.9881585904
762828,322158.9881585904
762848,322158.9881585904
762862,322158.9881585904
762894,322158.9881585904
762903,322158.9881585904
762924,322158.9881585904
762929,322158.9881585904
762937,322158.9881585904
762941,322158.9881585904
762951,322158.9881585904
762959,322158.9881585904
762965,322158.9881585904
762986,322158.9881585904
763016,322158.9881585904
763021,322158.9881585904
763034,322158.9881585904
763065,322158.9881585904
763068,322158.9881585904
763073,322158.9881585904
763090,322158.9881585904
763152,322158.9881585904
763153,322158.9881585904
763212,322158.9881585904
763270,322158.9881585904
763279,322158.9881585904
763299,322158.9881585904
763300,322158.9881585904
763314,322158.9881585904
763332,322158.9881585904
763333,322158.9881585904
763334,322158.9881585904
763337,322158.9881585904
763338,322158.9881585904
763348,322158.9881585904
763349,322158.9881585904
763351,322158.9881585904
763389,322158.9881585904
763421,322158.9881585904
763424,322158.9881585904
763429,322158.9881585904
763431,322158.9881585904
763433,322158.9881585904
763435,322158.9881585904
763438,322158.9881585904
763439,322158.9881585904
763446,322158.9881585904
763447,322158.9881585904
763448,322158.9881585904
763449,322158.9881585904
763450,322158.9881585904
763452,322158.9881585904
763453,322158.9881585904
763454,322158.9881585904
763457,322158.9881585904
763458,322158.9881585904
763460,322158.9881585904
763464,322158.9881585904
763466,322158.9881585904
763528,322158.9881585904
763572,322158.9881585904
763575,322158.9881585904
763576,322158.9881585904
763591,322158.9881585904
763627,322158.9881585904
763628,322158.9881585904
763629,322158.9881585904
763631,322158.9881585904
763633,322158.9881585904
763634,322158.9881585904
763653,322158.9881585904
763684,322158.9881585904
763733,322158.9881585904
763744,322158.9881585904
763764,322158.9881585904
763781,322158.9881585904
763788,322158.9881585904
763797,322158.9881585904
763842,322158.9881585904
763856,322158.9881585904
763925,322158.9881585904
763942,322158.9881585904
764037,322158.9881585904
764042,322158.9881585904
764044,322158.9881585904
764047,322158.9881585904
764052,322158.9881585904
764103,322158.9881585904
764132,322158.9881585904
764192,322158.9881585904
764215,322158.9881585904
764263,322158.9881585904
764332,322158.9881585904
764347,322158.9881585904
764361,322158.9881585904
764368,322158.9881585904
764413,322158.9881585904
764414,322158.9881585904
764496,322158.9881585904
764544,322158.9881585904
764737,322158.9881585904
764777,322158.9881585904
764797,322158.9881585904
764822,322158.9881585904
764827,322158.9881585904
764828,322158.9881585904
764836,322158.9881585904
764862,322158.9881585904
764907,322158.9881585904
764910,322158.9881585904
764922,322158.9881585904
764946,322158.9881585904
764999,322158.9881585904
765049,322158.9881585904
765056,322158.9881585904
765097,322158.9881585904
765112,322158.9881585904
765115,322158.9881585904
765282,322158.9881585904
765294,322158.9881585904
765352,322158.9881585904
765358,322158.9881585904
765365,322158.9881585904
765396,322158.9881585904
765440,322158.9881585904
765475,322158.9881585904
765494,322158.9881585904
765496,322158.9881585904
765520,322158.9881585904
765527,322158.9881585904
765571,322158.9881585904
765572,322158.9881585904
765599,322158.9881585904
765625,322158.9881585904
765669,322158.9881585904
765676,322158.9881585904
765686,322158.9881585904
765756,322158.9881585904
765760,322158.9881585904
765768,322158.9881585904
765786,322158.9881585904
765832,322158.9881585904
765840,322158.9881585904
765853,322158.9881585904
765854,322158.9881585904
765869,322158.9881585904
765883,322158.9881585904
765884,322158.9881585904
765913,322158.9881585904
765938,322158.9881585904
766020,322158.9881585904
766039,322158.9881585904
766052,322158.9881585904
766076,322158.9881585904
766102,322158.9881585904
766103,322158.9881585904
766106,322158.9881585904
766110,322158.9881585904
766114,322158.9881585904
766137,322158.9881585904
766140,322158.9881585904
766142,322158.9881585904
766151,322158.9881585904
766163,322158.9881585904
766185,322158.9881585904
766212,322158.9881585904
766222,322158.9881585904
766225,322158.9881585904
766250,322158.9881585904
766251,322158.9881585904
766253,322158.9881585904
766259,322158.9881585904
766272,322158.9881585904
766300,322158.9881585904
766328,322158.9881585904
766392,322158.9881585904
766404,322158.9881585904
766416,322158.9881585904
766459,322158.9881585904
766463,322158.9881585904
766464,322158.9881585904
766479,322158.9881585904
766501,322158.9881585904
766550,322158.9881585904
766648,322158.9881585904
766782,322158.9881585904
766785,322158.9881585904
766808,322158.9881585904
766824,322158.9881585904
766883,322158.9881585904
766891,322158.9881585904
766923,322158.9881585904
766951,322158.9881585904
766977,322158.9881585904
766984,322158.9881585904
766998,322158.9881585904
767008,322158.9881585904
767009,322158.9881585904
767047,322158.9881585904
767056,322158.9881585904
767092,322158.9881585904
767132,322158.9881585904
767229,322158.9881585904
767253,322158.9881585904
767260,322158.9881585904
767290,322158.9881585904
767319,322158.9881585904
767321,322158.9881585904
767366,322158.9881585904
767405,322158.9881585904
767407,322158.9881585904
767409,322158.9881585904
767414,322158.9881585904
767465,322158.9881585904
767487,322158.9881585904
767512,322158.9881585904
767558,322158.9881585904
767705,322158.9881585904
767856,322158.9881585904
768002,322158.9881585904
768343,322158.9881585904
768717,322158.9881585904
768790,322158.9881585904
768981,322158.9881585904
769002,322158.9881585904
769155,322158.9881585904
769216,322158.9881585904
769226,322158.9881585904
769575,322158.9881585904
769599,322158.9881585904
769768,322158.9881585904
769812,322158.9881585904
769898,322158.9881585904
769957,322158.9881585904
770294,322158.9881585904
770295,322158.9881585904
770484,322158.9881585904
770520,322158.9881585904
770523,322158.9881585904
770558,322158.9881585904
770682,322158.9881585904
770744,322158.9881585904
770751,322158.9881585904
770765,322158.9881585904
770777,322158.9881585904
770786,322158.9881585904
770972,322158.9881585904
771112,322158.9881585904
771113,322158.9881585904
771117,322158.9881585904
771118,322158.9881585904
771333,322158.9881585904
771397,322158.9881585904
771816,322158.9881585904
771858,322158.9881585904
772028,322158.9881585904
772107,322158.9881585904
772213,322158.9881585904
772214,322158.9881585904
774481,322158.9881585904
774546,322158.9881585904
774699,322158.9881585904
774950,322158.9881585904
775137,322158.9881585904
775139,322158.9881585904
775393,322158.9881585904
775537,322158.9881585904
775560,322158.9881585904
775652,322158.9881585904
775907,322158.9881585904
776742,322158.9881585904
776780,322158.9881585904
776781,322158.9881585904
776783,322158.9881585904
776981,322158.9881585904
777103,322158.9881585904
777106,322158.9881585904
777107,322158.9881585904
777108,322158.9881585904
777110,322158.9881585904
777117,322158.9881585904
777118,322158.9881585904
777121,322158.9881585904
777123,322158.9881585904
777125,322158.9881585904
777210,322158.9881585904
777453,322158.9881585904
777462,322158.9881585904
777464,322158.9881585904
777489,322158.9881585904
777572,322158.9881585904
778274,322158.9881585904
778564,322158.9881585904
778634,322158.9881585904
778678,322158.9881585904
778689,322158.9881585904
778791,322158.9881585904
778830,322158.9881585904
778851,322158.9881585904
778906,322158.9881585904
778948,322158.9881585904
778949,322158.9881585904
778952,322158.9881585904
778953,322158.9881585904
778956,322158.9881585904
778970,322158.9881585904
778976,322158.9881585904
779003,322158.9881585904
779077,322158.9881585904
779114,322158.9881585904
779141,322158.9881585904
779149,322158.9881585904
779215,322158.9881585904
779288,322158.9881585904
779384,322158.9881585904
779391,322158.9881585904
779392,322158.9881585904
779393,322158.9881585904
779705,322158.9881585904
779738,322158.9881585904
779782,322158.9881585904
779867,322158.9881585904
779904,322158.9881585904
779938,322158.9881585904
779977,322158.9881585904
779984,322158.9881585904
780002,322158.9881585904
780020,322158.9881585904
780073,322158.9881585904
780093,322158.9881585904
780095,322158.9881585904
780214,322158.9881585904
780253,322158.9881585904
780353,322158.9881585904
780376,322158.9881585904
780395,322158.9881585904
780419,322158.9881585904
780420,322158.9881585904
780421,322158.9881585904
780564,322158.9881585904
780596,322158.9881585904
780669,322158.9881585904
780694,322158.9881585904
780702,322158.9881585904
780715,322158.9881585904
780724,322158.9881585904
780846,322158.9881585904
780856,322158.9881585904
780863,322158.9881585904
780900,322158.9881585904
780951,322158.9881585904
781145,322158.9881585904
781275,322158.9881585904
781371,322158.9881585904
781416,322158.9881585904
781559,322158.9881585904
781563,322158.9881585904
781572,322158.9881585904
781698,322158.9881585904
781700,322158.9881585904
781825,322158.9881585904
781843,322158.9881585904
781844,322158.9881585904
781845,322158.9881585904
781846,322158.9881585904
781854,322158.9881585904
781859,322158.9881585904
781860,322158.9881585904
781866,322158.9881585904
781946,322158.9881585904
781982,322158.9881585904
782181,322158.9881585904
782201,322158.9881585904
782394,322158.9881585904
782416,322158.9881585904
782443,322158.9881585904
782452,322158.9881585904
782561,322158.9881585904
782627,322158.9881585904
782642,322158.9881585904
782665,322158.9881585904
782671,322158.9881585904
782675,322158.9881585904
782693,322158.9881585904
782705,322158.9881585904
782706,322158.9881585904
782708,322158.9881585904
782717,322158.9881585904
782722,322158.9881585904
782761,322158.9881585904
782782,322158.9881585904
782785,322158.9881585904
782849,322158.9881585904
782946,322158.9881585904
783038,322158.9881585904
783051,322158.9881585904
783056,322158.9881585904
783125,322158.9881585904
783130,322158.9881585904
783231,322158.9881585904
783260,322158.9881585904
783421,322158.9881585904
783512,322158.9881585904
783559,322158.9881585904
783604,322158.9881585904
783607,322158.9881585904
783636,322158.9881585904
783654,322158.9881585904
783811,322158.9881585904
783914,322158.9881585904
783951,322158.9881585904
783978,322158.9881585904
783979,322158.9881585904
784000,322158.9881585904
784012,322158.9881585904
784167,322158.9881585904
784275,322158.9881585904
784431,322158.9881585904
784568,322158.9881585904
784570,322158.9881585904
784737,322158.9881585904
784762,322158.9881585904
784768,322158.9881585904
784842,322158.9881585904
785009,322158.9881585904
785082,322158.9881585904
785261,322158.9881585904
785408,322158.9881585904
785455,322158.9881585904
785514,322158.9881585904
785588,322158.9881585904
785808,322158.9881585904
785820,322158.9881585904
785970,322158.9881585904
785973,322158.9881585904
786182,322158.9881585904
786183,322158.9881585904
786346,322158.9881585904
786447,322158.9881585904
786450,322158.9881585904
786451,322158.9881585904
786452,322158.9881585904
786456,322158.9881585904
786457,322158.9881585904
786484,322158.9881585904
786521,322158.9881585904
786587,322158.9881585904
786628,322158.9881585904
786831,322158.9881585904
786859,322158.9881585904
787068,322158.9881585904
787151,322158.9881585904
787208,322158.9881585904
787215,322158.9881585904
787216,322158.9881585904
787276,322158.9881585904
787281,322158.9881585904
787289,322158.9881585904
787291,322158.9881585904
787331,322158.9881585904
787343,322158.9881585904
787361,322158.9881585904
787369,322158.9881585904
787382,322158.9881585904
787385,322158.9881585904
787401,322158.9881585904
787405,322158.9881585904
787411,322158.9881585904
787454,322158.9881585904
787485,322158.9881585904
787486,322158.9881585904
787489,322158.9881585904
787490,322158.9881585904
787528,322158.9881585904
787529,322158.9881585904
787533,322158.9881585904
787535,322158.9881585904
787538,322158.9881585904
787555,322158.9881585904
787614,322158.9881585904
787634,322158.9881585904
787684,322158.9881585904
787868,322158.9881585904
788008,322158.9881585904
788356,322158.9881585904
788577,322158.9881585904
788645,322158.9881585904
788730,322158.9881585904
788820,322158.9881585904
788990,322158.9881585904
788994,322158.9881585904
789179,322158.9881585904
789327,322158.9881585904
789333,322158.9881585904
789339,322158.9881585904
789374,322158.9881585904
789389,322158.9881585904
789555,322158.9881585904
789568,322158.9881585904
789619,322158.9881585904
789638,322158.9881585904
789709,322158.9881585904
789843,322158.9881585904
789881,322158.9881585904
789964,322158.9881585904
789966,322158.9881585904
790026,322158.9881585904
790038,322158.9881585904
790115,322158.9881585904
790170,322158.9881585904
790184,322158.9881585904
790414,322158.9881585904
790625,322158.9881585904
790725,322158.9881585904
790798,322158.9881585904
790912,322158.9881585904
790918,322158.9881585904
790939,322158.9881585904
791067,322158.9881585904
791077,322158.9881585904
791182,322158.9881585904
791219,322158.9881585904
791221,322158.9881585904
791296,322158.9881585904
791314,322158.9881585904
791379,322158.9881585904
791445,322158.9881585904
791581,322158.9881585904
791589,322158.9881585904
791600,322158.9881585904
791608,322158.9881585904
791617,322158.9881585904
791813,322158.9881585904
791869,322158.9881585904
791870,322158.9881585904
792315,322158.9881585904
792695,322158.9881585904
793171,322158.9881585904
793172,322158.9881585904
793391,322158.9881585904
793620,322158.9881585904
793722,322158.9881585904
793967,322158.9881585904
794344,322158.9881585904
794498,322158.9881585904
794573,322158.9881585904
794576,322158.9881585904
794897,322158.9881585904
794968,322158.9881585904
796060,322158.9881585904
796252,322158.9881585904
796300,322158.9881585904
796537,322158.9881585904
796582,322158.9881585904
797433,322158.9881585904
797488,322158.9881585904
797489,322158.9881585904
797540,322158.9881585904
797866,322158.9881585904
798010,322158.9881585904
798026,322158.9881585904
799178,322158.9881585904
799179,322158.9881585904
799190,322158.9881585904
799234,322158.9881585904
799315,322158.9881585904
799472,322158.9881585904
799498,322158.9881585904
799561,322158.9881585904
799652,322158.9881585904
799732,322158.9881585904
800022,322158.9881585904
800237,322158.9881585904
800456,322158.9881585904
800963,322158.9881585904
801193,322158.9881585904
801250,322158.9881585904
801281,322158.9881585904
801487,322158.9881585904
801497,322158.9881585904
801503,322158.9881585904
801504,322158.9881585904
801727,322158.9881585904
801954,322158.9881585904
802096,322158.9881585904
802163,322158.9881585904
802196,322158.9881585904
802200,322158.9881585904
802270,322158.9881585904
802271,322158.9881585904
802331,322158.9881585904
802349,322158.9881585904
802375,322158.9881585904
802688,322158.9881585904
803023,322158.9881585904
803138,322158.9881585904
803310,322158.9881585904
803839,322158.9881585904
803941,322158.9881585904
804236,322158.9881585904
804237,322158.9881585904
804318,322158.9881585904
804335,322158.9881585904
804516,322158.9881585904
804572,322158.9881585904
804611,322158.9881585904
804663,322158.9881585904
804859,322158.9881585904
805515,322158.9881585904
805577,322158.9881585904
806450,322158.9881585904
806493,322158.9881585904
806508,322158.9881585904
806655,322158.9881585904
806775,322158.9881585904
806865,322158.9881585904
806936,322158.9881585904
806937,322158.9881585904
807537,322158.9881585904
807824,322158.9881585904
807826,322158.9881585904
808024,322158.9881585904
808123,322158.9881585904
808180,322158.9881585904
808340,322158.9881585904
808644,322158.9881585904
808647,322158.9881585904
809443,322158.9881585904
809444,322158.9881585904
809711,322158.9881585904
810556,322158.9881585904
810560,322158.9881585904
810574,322158.9881585904
810705,322158.9881585904
811018,322158.9881585904
811028,322158.9881585904
811104,322158.9881585904
811659,322158.9881585904
811817,322158.9881585904
811944,322158.9881585904
812472,322158.9881585904
812587,322158.9881585904
812588,322158.9881585904
812762,322158.9881585904
812914,322158.9881585904
813322,322158.9881585904
813323,322158.9881585904
813324,322158.9881585904
813361,322158.9881585904
813430,322158.9881585904
813750,322158.9881585904
813797,322158.9881585904
813800,322158.9881585904
814059,322158.9881585904
814159,322158.9881585904
814247,322158.9881585904
814306,322158.9881585904
814308,322158.9881585904
814310,322158.9881585904
814313,322158.9881585904
814338,322158.9881585904
814378,322158.9881585904
814381,322158.9881585904
814390,322158.9881585904
814448,322158.9881585904
814449,322158.9881585904
815043,322158.9881585904
815287,322158.9881585904
815582,322158.9881585904
815585,322158.9881585904
815640,322158.9881585904
816479,322158.9881585904
816525,322158.9881585904
816552,322158.9881585904
816589,322158.9881585904
816592,322158.9881585904
816594,322158.9881585904
816608,322158.9881585904
816611,322158.9881585904
816676,322158.9881585904
816679,322158.9881585904
816850,322158.9881585904
816967,322158.9881585904
816968,322158.9881585904
816969,322158.9881585904
816972,322158.9881585904
816974,322158.9881585904
817091,322158.9881585904
817550,322158.9881585904
817647,322158.9881585904
817658,322158.9881585904
817662,322158.9881585904
817752,322158.9881585904
817883,322158.9881585904
817978,322158.9881585904
818057,322158.9881585904
818059,322158.9881585904
818170,322158.9881585904
818217,322158.9881585904
818229,322158.9881585904
818316,322158.9881585904
818405,322158.9881585904
818412,322158.9881585904
818488,322158.9881585904
818498,322158.9881585904
818519,322158.9881585904
818520,322158.9881585904
818601,322158.9881585904
818620,322158.9881585904
818629,322158.9881585904
818668,322158.9881585904
818906,322158.9881585904
818951,322158.9881585904
818981,322158.9881585904
819022,322158.9881585904
819052,322158.9881585904
819088,322158.9881585904
819090,322158.9881585904
819154,322158.9881585904
819224,322158.9881585904
819477,322158.9881585904
819505,322158.9881585904
819532,322158.9881585904
819599,322158.9881585904
819624,322158.9881585904
819689,322158.9881585904
819690,322158.9881585904
819694,322158.9881585904
819729,322158.9881585904
819737,322158.9881585904
819839,322158.9881585904
819946,322158.9881585904
820010,322158.9881585904
820047,322158.9881585904
820221,322158.9881585904
820343,322158.9881585904
820369,322158.9881585904
820444,322158.9881585904
820485,322158.9881585904
820520,322158.9881585904
820534,322158.9881585904
820549,322158.9881585904
820550,322158.9881585904
820560,322158.9881585904
820576,322158.9881585904
820608,322158.9881585904
820640,322158.9881585904
820668,322158.9881585904
820672,322158.9881585904
820758,322158.9881585904
820763,322158.9881585904
820797,322158.9881585904
820936,322158.9881585904
821001,322158.9881585904
821049,322158.9881585904
821050,322158.9881585904
821087,322158.9881585904
821251,322158.9881585904
821372,322158.9881585904
821381,322158.9881585904
821423,322158.9881585904
821616,322158.9881585904
821664,322158.9881585904
821715,322158.9881585904
821753,322158.9881585904
821791,322158.9881585904
821800,322158.9881585904
821820,322158.9881585904
821825,322158.9881585904
821826,322158.9881585904
821876,322158.9881585904
821888,322158.9881585904
821895,322158.9881585904
822024,322158.9881585904
822169,322158.9881585904
822190,322158.9881585904
822347,322158.9881585904
822354,322158.9881585904
822421,322158.9881585904
822422,322158.9881585904
822432,322158.9881585904
822445,322158.9881585904
822453,322158.9881585904
822456,322158.9881585904
822457,322158.9881585904
822552,322158.9881585904
822622,322158.9881585904
822624,322158.9881585904
822635,322158.9881585904
822656,322158.9881585904
822684,322158.9881585904
822688,322158.9881585904
822777,322158.9881585904
822785,322158.9881585904
822858,322158.9881585904
822880,322158.9881585904
822882,322158.9881585904
822883,322158.9881585904
822930,322158.9881585904
823118,322158.9881585904
823126,322158.9881585904
823190,322158.9881585904
823243,322158.9881585904
823305,322158.9881585904
823338,322158.9881585904
823411,322158.9881585904
823441,322158.9881585904
823596,322158.9881585904
823639,322158.9881585904
823761,322158.9881585904
823773,322158.9881585904
823798,322158.9881585904
823815,322158.9881585904
823830,322158.9881585904
823846,322158.9881585904
823949,322158.9881585904
823958,322158.9881585904
824041,322158.9881585904
824138,322158.9881585904
824141,322158.9881585904
824236,322158.9881585904
824250,322158.9881585904
824261,322158.9881585904
824528,322158.9881585904
824533,322158.9881585904
824564,322158.9881585904
824568,322158.9881585904
824571,322158.9881585904
824575,322158.9881585904
824602,322158.9881585904
824686,322158.9881585904
824788,322158.9881585904
824810,322158.9881585904
824857,322158.9881585904
824886,322158.9881585904
824906,322158.9881585904
825094,322158.9881585904
825107,322158.9881585904
825186,322158.9881585904
825386,322158.9881585904
825462,322158.9881585904
825470,322158.9881585904
825472,322158.9881585904
825473,322158.9881585904
825700,322158.9881585904
825862,322158.9881585904
825950,322158.9881585904
826171,322158.9881585904
826173,322158.9881585904
826309,322158.9881585904
826322,322158.9881585904
826408,322158.9881585904
826453,322158.9881585904
826522,322158.9881585904
826555,322158.9881585904
826607,322158.9881585904
826650,322158.9881585904
826863,322158.9881585904
826864,322158.9881585904
826881,322158.9881585904
826893,322158.9881585904
826896,322158.9881585904
826968,322158.9881585904
826977,322158.9881585904
827191,322158.9881585904
827214,322158.9881585904
827230,322158.9881585904
827234,322158.9881585904
827325,322158.9881585904
827359,322158.9881585904
827399,322158.9881585904
827481,322158.9881585904
827619,322158.9881585904
827688,322158.9881585904
827711,322158.9881585904
827954,322158.9881585904
828025,322158.9881585904
828031,322158.9881585904
828082,322158.9881585904
828144,322158.9881585904
828174,322158.9881585904
828265,322158.9881585904
828273,322158.9881585904
828285,322158.9881585904
828351,322158.9881585904
828477,322158.9881585904
828604,322158.9881585904
828623,322158.9881585904
828718,322158.9881585904
828750,322158.9881585904
828793,322158.9881585904
828812,322158.9881585904
828827,322158.9881585904
828862,322158.9881585904
828965,322158.9881585904
829067,322158.9881585904
829087,322158.9881585904
829171,322158.9881585904
829240,322158.9881585904
829278,322158.9881585904
829282,322158.9881585904
829293,322158.9881585904
829295,322158.9881585904
829318,322158.9881585904
829322,322158.9881585904
829336,322158.9881585904
829344,322158.9881585904
829351,322158.9881585904
829359,322158.9881585904
829367,322158.9881585904
829372,322158.9881585904
829378,322158.9881585904
829383,322158.9881585904
829389,322158.9881585904
829390,322158.9881585904
829395,322158.9881585904
829413,322158.9881585904
829417,322158.9881585904
829419,322158.9881585904
829599,322158.9881585904
829600,322158.9881585904
829612,322158.9881585904
829673,322158.9881585904
829767,322158.9881585904
829883,322158.9881585904
829947,322158.9881585904
830002,322158.9881585904
830122,322158.9881585904
830143,322158.9881585904
830151,322158.9881585904
830160,322158.9881585904
830199,322158.9881585904
830245,322158.9881585904
830262,322158.9881585904
830265,322158.9881585904
830279,322158.9881585904
830280,322158.9881585904
830333,322158.9881585904
830384,322158.9881585904
830410,322158.9881585904
830446,322158.9881585904
830448,322158.9881585904
830535,322158.9881585904
830581,322158.9881585904
830587,322158.9881585904
830702,322158.9881585904
830731,322158.9881585904
830739,322158.9881585904
830764,322158.9881585904
830772,322158.9881585904
830774,322158.9881585904
830971,322158.9881585904
831037,322158.9881585904
831091,322158.9881585904
831105,322158.9881585904
831106,322158.9881585904
831112,322158.9881585904
831247,322158.9881585904
831261,322158.9881585904
831269,322158.9881585904
831321,322158.9881585904
831459,322158.9881585904
831529,322158.9881585904
831628,322158.9881585904
831792,322158.9881585904
831881,322158.9881585904
831882,322158.9881585904
831883,322158.9881585904
831884,322158.9881585904
831910,322158.9881585904
831944,322158.9881585904
831946,322158.9881585904
831947,322158.9881585904
831949,322158.9881585904
831950,322158.9881585904
831960,322158.9881585904
831961,322158.9881585904
831974,322158.9881585904
832022,322158.9881585904
832156,322158.9881585904
832213,322158.9881585904
832254,322158.9881585904
832261,322158.9881585904
832343,322158.9881585904
832367,322158.9881585904
832436,322158.9881585904
832439,322158.9881585904
832460,322158.9881585904
832470,322158.9881585904
832511,322158.9881585904
832513,322158.9881585904
832624,322158.9881585904
832707,322158.9881585904
832726,322158.9881585904
832780,322158.9881585904
832924,322158.9881585904
832953,322158.9881585904
833013,322158.9881585904
833045,322158.9881585904
833051,322158.9881585904
833052,322158.9881585904
833055,322158.9881585904
833056,322158.9881585904
833057,322158.9881585904
833058,322158.9881585904
833091,322158.9881585904
833216,322158.9881585904
833233,322158.9881585904
833350,322158.9881585904
833459,322158.9881585904
833510,322158.9881585904
833525,322158.9881585904
833527,322158.9881585904
833554,322158.9881585904
833634,322158.9881585904
833668,322158.9881585904
833688,322158.9881585904
833789,322158.9881585904
833827,322158.9881585904
833846,322158.9881585904
833858,322158.9881585904
833886,322158.9881585904
833925,322158.9881585904
833968,322158.9881585904
834026,322158.9881585904
834042,322158.9881585904
834049,322158.9881585904
834113,322158.9881585904
834265,322158.9881585904
834280,322158.9881585904
834315,322158.9881585904
834335,322158.9881585904
834341,322158.9881585904
834343,322158.9881585904
834348,322158.9881585904
834350,322158.9881585904
834391,322158.9881585904
834443,322158.9881585904
834451,322158.9881585904
834514,322158.9881585904
834613,322158.9881585904
834616,322158.9881585904
834623,322158.9881585904
834662,322158.9881585904
834702,322158.9881585904
834746,322158.9881585904
834751,322158.9881585904
834764,322158.9881585904
834785,322158.9881585904
834788,322158.9881585904
834836,322158.9881585904
834858,322158.9881585904
834903,322158.9881585904
834917,322158.9881585904
834959,322158.9881585904
835037,322158.9881585904
835090,322158.9881585904
835122,322158.9881585904
835129,322158.9881585904
835137,322158.9881585904
835262,322158.9881585904
835290,322158.9881585904
835307,322158.9881585904
835336,322158.9881585904
835361,322158.9881585904
835388,322158.9881585904
835459,322158.9881585904
835465,322158.9881585904
835522,322158.9881585904
835523,322158.9881585904
835635,322158.9881585904
835651,322158.9881585904
835661,322158.9881585904
835673,322158.9881585904
835692,322158.9881585904
835759,322158.9881585904
835813,322158.9881585904
835814,322158.9881585904
835816,322158.9881585904
835884,322158.9881585904
835965,322158.9881585904
836013,322158.9881585904
836041,322158.9881585904
836103,322158.9881585904
836173,322158.9881585904
836254,322158.9881585904
836316,322158.9881585904
836341,322158.9881585904
836417,322158.9881585904
836550,322158.9881585904
836555,322158.9881585904
836556,322158.9881585904
836559,322158.9881585904
836561,322158.9881585904
836562,322158.9881585904
836563,322158.9881585904
836564,322158.9881585904
836566,322158.9881585904
836735,322158.9881585904
836782,322158.9881585904
836821,322158.9881585904
837005,322158.9881585904
837092,322158.9881585904
837095,322158.9881585904
837197,322158.9881585904
837467,322158.9881585904
837506,322158.9881585904
837521,322158.9881585904
837550,322158.9881585904
837592,322158.9881585904
837618,322158.9881585904
837632,322158.9881585904
837642,322158.9881585904
837658,322158.9881585904
837769,322158.9881585904
837779,322158.9881585904
837784,322158.9881585904
837831,322158.9881585904
837832,322158.9881585904
837836,322158.9881585904
837961,322158.9881585904
838054,322158.9881585904
838186,322158.9881585904
838254,322158.9881585904
838257,322158.9881585904
838287,322158.9881585904
838374,322158.9881585904
838443,322158.9881585904
838471,322158.9881585904
838609,322158.9881585904
838636,322158.9881585904
838681,322158.9881585904
838696,322158.9881585904
838729,322158.9881585904
838745,322158.9881585904
838778,322158.9881585904
838834,322158.9881585904
838840,322158.9881585904
839042,322158.9881585904
839134,322158.9881585904
839179,322158.9881585904
839299,322158.9881585904
839328,322158.9881585904
839358,322158.9881585904
839379,322158.9881585904
839481,322158.9881585904
839688,322158.9881585904
839804,322158.9881585904
839807,322158.9881585904
839857,322158.9881585904
839875,322158.9881585904
839896,322158.9881585904
839906,322158.9881585904
839907,322158.9881585904
839912,322158.9881585904
839923,322158.9881585904
839964,322158.9881585904
840015,322158.9881585904
840075,322158.9881585904
840137,322158.9881585904
840187,322158.9881585904
840267,322158.9881585904
840277,322158.9881585904
840279,322158.9881585904
840282,322158.9881585904
840284,322158.9881585904
840287,322158.9881585904
840313,322158.9881585904
840333,322158.9881585904
840334,322158.9881585904
840337,322158.9881585904
840425,322158.9881585904
840558,322158.9881585904
840569,322158.9881585904
840632,322158.9881585904
840829,322158.9881585904
840859,322158.9881585904
840895,322158.9881585904
840951,322158.9881585904
841008,322158.9881585904
841041,322158.9881585904
841075,322158.9881585904
841077,322158.9881585904
841273,322158.9881585904
841289,322158.9881585904
841313,322158.9881585904
841337,322158.9881585904
841354,322158.9881585904
841376,322158.9881585904
841400,322158.9881585904
841446,322158.9881585904
841484,322158.9881585904
841515,322158.9881585904
841521,322158.9881585904
841536,322158.9881585904
841557,322158.9881585904
841585,322158.9881585904
841696,322158.9881585904
841763,322158.9881585904
841803,322158.9881585904
841851,322158.9881585904
841869,322158.9881585904
841984,322158.9881585904
842034,322158.9881585904
842041,322158.9881585904
842044,322158.9881585904
842056,322158.9881585904
842219,322158.9881585904
842222,322158.9881585904
842243,322158.9881585904
842245,322158.9881585904
842350,322158.9881585904
842357,322158.9881585904
842459,322158.9881585904
842460,322158.9881585904
842623,322158.9881585904
842624,322158.9881585904
842791,322158.9881585904
842797,322158.9881585904
842808,322158.9881585904
842868,322158.9881585904
842953,322158.9881585904
842960,322158.9881585904
843026,322158.9881585904
843041,322158.9881585904
843066,322158.9881585904
843070,322158.9881585904
843072,322158.9881585904
843183,322158.9881585904
843192,322158.9881585904
843194,322158.9881585904
843197,322158.9881585904
843201,322158.9881585904
843205,322158.9881585904
843339,322158.9881585904
843353,322158.9881585904
843397,322158.9881585904
843417,322158.9881585904
843468,322158.9881585904
843471,322158.9881585904
843505,322158.9881585904
843512,322158.9881585904
843536,322158.9881585904
843564,322158.9881585904
843575,322158.9881585904
843622,322158.9881585904
843737,322158.9881585904
843742,322158.9881585904
843767,322158.9881585904
843770,322158.9881585904
843784,322158.9881585904
843794,322158.9881585904
843797,322158.9881585904
843906,322158.9881585904
843914,322158.9881585904
843942,322158.9881585904
843943,322158.9881585904
843979,322158.9881585904
843980,322158.9881585904
843993,322158.9881585904
844008,322158.9881585904
844035,322158.9881585904
844085,322158.9881585904
844097,322158.9881585904
844104,322158.9881585904
844109,322158.9881585904
844110,322158.9881585904
844126,322158.9881585904
844162,322158.9881585904
844165,322158.9881585904
844198,322158.9881585904
844211,322158.9881585904
844233,322158.9881585904
844310,322158.9881585904
844316,322158.9881585904
844329,322158.9881585904
844338,322158.9881585904
844468,322158.9881585904
844503,322158.9881585904
844536,322158.9881585904
844539,322158.9881585904
844564,322158.9881585904
844590,322158.9881585904
844617,322158.9881585904
844640,322158.9881585904
844716,322158.9881585904
844747,322158.9881585904
844748,322158.9881585904
844755,322158.9881585904
844762,322158.9881585904
844789,322158.9881585904
844804,322158.9881585904
844846,322158.9881585904
844847,322158.9881585904
844849,322158.9881585904
844855,322158.9881585904
844856,322158.9881585904
844857,322158.9881585904
844862,322158.9881585904
844886,322158.9881585904
844915,322158.9881585904
844925,322158.9881585904
844991,322158.9881585904
844993,322158.9881585904
845024,322158.9881585904
845033,322158.9881585904
845082,322158.9881585904
845083,322158.9881585904
845096,322158.9881585904
845106,322158.9881585904
845107,322158.9881585904
845121,322158.9881585904
845124,322158.9881585904
845155,322158.9881585904
845166,322158.9881585904
845183,322158.9881585904
845217,322158.9881585904
845244,322158.9881585904
845251,322158.9881585904
845344,322158.9881585904
845370,322158.9881585904
845397,322158.9881585904
845405,322158.9881585904
845471,322158.9881585904
845486,322158.9881585904
845528,322158.9881585904
845534,322158.9881585904
845545,322158.9881585904
845594,322158.9881585904
845685,322158.9881585904
845705,322158.9881585904
845720,322158.9881585904
845802,322158.9881585904
845879,322158.9881585904
845943,322158.9881585904
845962,322158.9881585904
846140,322158.9881585904
846147,322158.9881585904
846152,322158.9881585904
846284,322158.9881585904
846499,322158.9881585904
846556,322158.9881585904
846559,322158.9881585904
846573,322158.9881585904
846575,322158.9881585904
846768,322158.9881585904
846871,322158.9881585904
846968,322158.9881585904
847095,322158.9881585904
847100,322158.9881585904
847161,322158.9881585904
847191,322158.9881585904
847227,322158.9881585904
847230,322158.9881585904
847306,322158.9881585904
847476,322158.9881585904
847537,322158.9881585904
847657,322158.9881585904
847727,322158.9881585904
847766,322158.9881585904
847773,322158.9881585904
847809,322158.9881585904
847861,322158.9881585904
847892,322158.9881585904
847917,322158.9881585904
847950,322158.9881585904
848039,322158.9881585904
848093,322158.9881585904
848095,322158.9881585904
848112,322158.9881585904
848157,322158.9881585904
848164,322158.9881585904
848302,322158.9881585904
848330,322158.9881585904
848365,322158.9881585904
848375,322158.9881585904
848386,322158.9881585904
848437,322158.9881585904
848493,322158.9881585904
848543,322158.9881585904
848549,322158.9881585904
848623,322158.9881585904
848661,322158.9881585904
848707,322158.9881585904
848775,322158.9881585904
848843,322158.9881585904
848978,322158.9881585904
848989,322158.9881585904
849002,322158.9881585904
849024,322158.9881585904
849047,322158.9881585904
849062,322158.9881585904
849064,322158.9881585904
936612,322158.9881585904
936685,322158.9881585904
936696,322158.9881585904
936725,322158.9881585904
936735,322158.9881585904
936772,322158.9881585904
936806,322158.9881585904
936808,322158.9881585904
936854,322158.9881585904
936871,322158.9881585904
936899,322158.9881585904
936915,322158.9881585904
936923,322158.9881585904
936950,322158.9881585904
936973,322158.9881585904
937001,322158.9881585904
937003,322158.9881585904
937056,322158.9881585904
937090,322158.9881585904
937110,322158.9881585904
937130,322158.9881585904
937183,322158.9881585904
937255,322158.9881585904
937276,322158.9881585904
937318,322158.9881585904
937335,322158.9881585904
937337,322158.9881585904
937358,322158.9881585904
937360,322158.9881585904
937362,322158.9881585904
937390,322158.9881585904
937462,322158.9881585904
937472,322158.9881585904
937477,322158.9881585904
937493,322158.9881585904
937518,322158.9881585904
937519,322158.9881585904
937555,322158.9881585904
937658,322158.9881585904
937662,322158.9881585904
937663,322158.9881585904
937665,322158.9881585904
937676,322158.9881585904
937694,322158.9881585904
937735,322158.9881585904
937740,322158.9881585904
937751,322158.9881585904
937776,322158.9881585904
937780,322158.9881585904
937812,322158.9881585904
937813,322158.9881585904
937943,322158.9881585904
938043,322158.9881585904
938056,322158.9881585904
938064,322158.9881585904
938068,322158.9881585904
938080,322158.9881585904
938114,322158.9881585904
938187,322158.9881585904
938204,322158.9881585904
938206,322158.9881585904
938209,322158.9881585904
938212,322158.9881585904
938232,322158.9881585904
938233,322158.9881585904
938349,322158.9881585904
938350,322158.9881585904
938351,322158.9881585904
938354,322158.9881585904
938361,322158.9881585904
938362,322158.9881585904
938363,322158.9881585904
938433,322158.9881585904
938579,322158.9881585904
938635,322158.9881585904
938636,322158.9881585904
938637,322158.9881585904
938639,322158.9881585904
938651,322158.9881585904
938670,322158.9881585904
938703,322158.9881585904
938705,322158.9881585904
938715,322158.9881585904
938733,322158.9881585904
938812,322158.9881585904
938814,322158.9881585904
938894,322158.9881585904
938913,322158.9881585904
938938,322158.9881585904
938957,322158.9881585904
938990,322158.9881585904
939010,322158.9881585904
939028,322158.9881585904
939075,322158.9881585904
939121,322158.9881585904
939133,322158.9881585904
939146,322158.9881585904
939224,322158.9881585904
939227,322158.9881585904
939256,322158.9881585904
939297,322158.9881585904
939305,322158.9881585904
939310,322158.9881585904
939349,322158.9881585904
939360,322158.9881585904
939392,322158.9881585904
939400,322158.9881585904
939409,322158.9881585904
939411,322158.9881585904
939414,322158.9881585904
939420,322158.9881585904
939421,322158.9881585904
939438,322158.9881585904
939494,322158.9881585904
939496,322158.9881585904
939497,322158.9881585904
939501,322158.9881585904
939587,322158.9881585904
939589,322158.9881585904
939629,322158.9881585904
939636,322158.9881585904
939645,322158.9881585904
939650,322158.9881585904
939666,322158.9881585904
939669,322158.9881585904
939711,322158.9881585904
939877,322158.9881585904
939886,322158.9881585904
939890,322158.9881585904
939892,322158.9881585904
939905,322158.9881585904
939930,322158.9881585904
939935,322158.9881585904
939960,322158.9881585904
939964,322158.9881585904
939970,322158.9881585904
940066,322158.9881585904
940094,322158.9881585904
940095,322158.9881585904
940096,322158.9881585904
940118,322158.9881585904
940138,322158.9881585904
940168,322158.9881585904
940172,322158.9881585904
940240,322158.9881585904
940262,322158.9881585904
940282,322158.9881585904
940283,322158.9881585904
940336,322158.9881585904
940389,322158.9881585904
940487,322158.9881585904
940552,322158.9881585904
940571,322158.9881585904
940579,322158.9881585904
940602,322158.9881585904
940627,322158.9881585904
940735,322158.9881585904
940740,322158.9881585904
940742,322158.9881585904
940767,322158.9881585904
940788,322158.9881585904
940807,322158.9881585904
940855,322158.9881585904
940868,322158.9881585904
940875,322158.9881585904
940876,322158.9881585904
940890,322158.9881585904
940950,322158.9881585904
941026,322158.9881585904
941059,322158.9881585904
941089,322158.9881585904
941112,322158.9881585904
941121,322158.9881585904
941123,322158.9881585904
941146,322158.9881585904
941344,322158.9881585904
941346,322158.9881585904
941369,322158.9881585904
941370,322158.9881585904
941373,322158.9881585904
941384,322158.9881585904
941500,322158.9881585904
941524,322158.9881585904
941554,322158.9881585904
941713,322158.9881585904
941780,322158.9881585904
941782,322158.9881585904
941786,322158.9881585904
941790,322158.9881585904
941791,322158.9881585904
941792,322158.9881585904
941793,322158.9881585904
941797,322158.9881585904
941798,322158.9881585904
941801,322158.9881585904
941810,322158.9881585904
941826,322158.9881585904
941843,322158.9881585904
941862,322158.9881585904
941864,322158.9881585904
941867,322158.9881585904
941875,322158.9881585904
941876,322158.9881585904
941881,322158.9881585904
941883,322158.9881585904
941884,322158.9881585904
941891,322158.9881585904
941919,322158.9881585904
941959,322158.9881585904
942057,322158.9881585904
942070,322158.9881585904
942098,322158.9881585904
942103,322158.9881585904
942105,322158.9881585904
942106,322158.9881585904
942109,322158.9881585904
942111,322158.9881585904
942113,322158.9881585904
942115,322158.9881585904
942116,322158.9881585904
942130,322158.9881585904
942139,322158.9881585904
942145,322158.9881585904
942168,322158.9881585904
942177,322158.9881585904
942181,322158.9881585904
942196,322158.9881585904
942210,322158.9881585904
942217,322158.9881585904
942275,322158.9881585904
942370,322158.9881585904
942375,322158.9881585904
942383,322158.9881585904
942415,322158.9881585904
942422,322158.9881585904
942463,322158.9881585904
942469,322158.9881585904
942480,322158.9881585904
942488,322158.9881585904
942583,322158.9881585904
942628,322158.9881585904
942635,322158.9881585904
942636,322158.9881585904
942651,322158.9881585904
942653,322158.9881585904
942655,322158.9881585904
942657,322158.9881585904
942741,322158.9881585904
942753,322158.9881585904
942779,322158.9881585904
942802,322158.9881585904
942843,322158.9881585904
942844,322158.9881585904
942890,322158.9881585904
942964,322158.9881585904
942968,322158.9881585904
942969,322158.9881585904
942985,322158.9881585904
942989,322158.9881585904
942990,322158.9881585904
943022,322158.9881585904
943032,322158.9881585904
943039,322158.9881585904
943044,322158.9881585904
943112,322158.9881585904
943140,322158.9881585904
943141,322158.9881585904
943143,322158.9881585904
943145,322158.9881585904
943149,322158.9881585904
943167,322158.9881585904
943193,322158.9881585904
943238,322158.9881585904
943352,322158.9881585904
943368,322158.9881585904
943373,322158.9881585904
943397,322158.9881585904
943398,322158.9881585904
943402,322158.9881585904
943412,322158.9881585904
943473,322158.9881585904
943478,322158.9881585904
943482,322158.9881585904
943484,322158.9881585904
943489,322158.9881585904
943497,322158.9881585904
943503,322158.9881585904
943504,322158.9881585904
943505,322158.9881585904
943592,322158.9881585904
943684,322158.9881585904
943693,322158.9881585904
943696,322158.9881585904
943698,322158.9881585904
943699,322158.9881585904
943750,322158.9881585904
943756,322158.9881585904
943782,322158.9881585904
943783,322158.9881585904
943810,322158.9881585904
943821,322158.9881585904
943822,322158.9881585904
943872,322158.9881585904
943889,322158.9881585904
943928,322158.9881585904
943939,322158.9881585904
943944,322158.9881585904
943953,322158.9881585904
943954,322158.9881585904
943955,322158.9881585904
943960,322158.9881585904
943964,322158.9881585904
943968,322158.9881585904
943969,322158.9881585904
943985,322158.9881585904
944000,322158.9881585904
944002,322158.9881585904
944018,322158.9881585904
944025,322158.9881585904
944030,322158.9881585904
944101,322158.9881585904
944105,322158.9881585904
944256,322158.9881585904
944265,322158.9881585904
944289,322158.9881585904
944295,322158.9881585904
944305,322158.9881585904
944306,322158.9881585904
944312,322158.9881585904
944341,322158.9881585904
944342,322158.9881585904
944347,322158.9881585904
944360,322158.9881585904
944384,322158.9881585904
944425,322158.9881585904
944434,322158.9881585904
944435,322158.9881585904
944436,322158.9881585904
944442,322158.9881585904
944552,322158.9881585904
944568,322158.9881585904
944662,322158.9881585904
944671,322158.9881585904
944683,322158.9881585904
944887,322158.9881585904
944902,322158.9881585904
944906,322158.9881585904
944913,322158.9881585904
944921,322158.9881585904
944935,322158.9881585904
944942,322158.9881585904
944943,322158.9881585904
944955,322158.9881585904
944967,322158.9881585904
945015,322158.9881585904
945046,322158.9881585904
945082,322158.9881585904
945116,322158.9881585904
945151,322158.9881585904
945180,322158.9881585904
945181,322158.9881585904
945182,322158.9881585904
945273,322158.9881585904
945283,322158.9881585904
945305,322158.9881585904
945332,322158.9881585904
945388,322158.9881585904
945444,322158.9881585904
945448,322158.9881585904
945453,322158.9881585904
945454,322158.9881585904
945470,322158.9881585904
945495,322158.9881585904
945498,322158.9881585904
945505,322158.9881585904
945513,322158.9881585904
945554,322158.9881585904
945590,322158.9881585904
945627,322158.9881585904
945628,322158.9881585904
945629,322158.9881585904
945630,322158.9881585904
945749,322158.9881585904
945790,322158.9881585904
945801,322158.9881585904
945838,322158.9881585904
945839,322158.9881585904
945840,322158.9881585904
945843,322158.9881585904
945880,322158.9881585904
945900,322158.9881585904
945901,322158.9881585904
945902,322158.9881585904
945903,322158.9881585904
945940,322158.9881585904
945942,322158.9881585904
945945,322158.9881585904
945946,322158.9881585904
945952,322158.9881585904
945965,322158.9881585904
945967,322158.9881585904
945997,322158.9881585904
945998,322158.9881585904
946016,322158.9881585904
946307,322158.9881585904
946318,322158.9881585904
946327,322158.9881585904
946351,322158.9881585904
946358,322158.9881585904
946373,322158.9881585904
946376,322158.9881585904
946385,322158.9881585904
946386,322158.9881585904
946397,322158.9881585904
946398,322158.9881585904
946401,322158.9881585904
946403,322158.9881585904
946433,322158.9881585904
946446,322158.9881585904
946447,322158.9881585904
946448,322158.9881585904
946462,322158.9881585904
946463,322158.9881585904
946492,322158.9881585904
946496,322158.9881585904
946540,322158.9881585904
946541,322158.9881585904
946591,322158.9881585904
946601,322158.9881585904
946638,322158.9881585904
946640,322158.9881585904
946653,322158.9881585904
946678,322158.9881585904
946687,322158.9881585904
946688,322158.9881585904
946689,322158.9881585904
946716,322158.9881585904
946732,322158.9881585904
946738,322158.9881585904
946746,322158.9881585904
946779,322158.9881585904
946784,322158.9881585904
946788,322158.9881585904
946820,322158.9881585904
946836,322158.9881585904
946870,322158.9881585904
946873,322158.9881585904
946896,322158.9881585904
946944,322158.9881585904
946972,322158.9881585904
946973,322158.9881585904
947007,322158.9881585904
947031,322158.9881585904
947057,322158.9881585904
947141,322158.9881585904
947176,322158.9881585904
947187,322158.9881585904
947206,322158.9881585904
947216,322158.9881585904
947274,322158.9881585904
947300,322158.9881585904
947332,322158.9881585904
947383,322158.9881585904
947395,322158.9881585904
947405,322158.9881585904
947436,322158.9881585904
947473,322158.9881585904
947495,322158.9881585904
947530,322158.9881585904
947537,322158.9881585904
947552,322158.9881585904
947564,322158.9881585904
947584,322158.9881585904
947625,322158.9881585904
947677,322158.9881585904
947689,322158.9881585904
947698,322158.9881585904
947699,322158.9881585904
947700,322158.9881585904
947701,322158.9881585904
947702,322158.9881585904
947725,322158.9881585904
947743,322158.9881585904
947833,322158.9881585904
947872,322158.9881585904
947881,322158.9881585904
947930,322158.9881585904
947977,322158.9881585904
948034,322158.9881585904
948036,322158.9881585904
948039,322158.9881585904
948066,322158.9881585904
948107,322158.9881585904
948115,322158.9881585904
948121,322158.9881585904
948137,322158.9881585904
948148,322158.9881585904
948306,322158.9881585904
948339,322158.9881585904
948361,322158.9881585904
948386,322158.9881585904
948387,322158.9881585904
948388,322158.9881585904
948423,322158.9881585904
948470,322158.9881585904
948479,322158.9881585904
948484,322158.9881585904
948486,322158.9881585904
948598,322158.9881585904
948607,322158.9881585904
948629,322158.9881585904
948630,322158.9881585904
948631,322158.9881585904
948632,322158.9881585904
948633,322158.9881585904
948641,322158.9881585904
948643,322158.9881585904
948651,322158.9881585904
948652,322158.9881585904
948675,322158.9881585904
948740,322158.9881585904
948743,322158.9881585904
948744,322158.9881585904
948745,322158.9881585904
948774,322158.9881585904
948789,322158.9881585904
948807,322158.9881585904
948808,322158.9881585904
948809,322158.9881585904
948813,322158.9881585904
948816,322158.9881585904
948819,322158.9881585904
948830,322158.9881585904
948870,322158.9881585904
948912,322158.9881585904
948941,322158.9881585904
949105,322158.9881585904
949143,322158.9881585904
949144,322158.9881585904
949147,322158.9881585904
949248,322158.9881585904
949250,322158.9881585904
949278,322158.9881585904
949283,322158.9881585904
949293,322158.9881585904
949340,322158.9881585904
949379,322158.9881585904
949426,322158.9881585904
949427,322158.9881585904
949428,322158.9881585904
949431,322158.9881585904
949443,322158.9881585904
949474,322158.9881585904
949492,322158.9881585904
949501,322158.9881585904
949517,322158.9881585904
949518,322158.9881585904
949519,322158.9881585904
949529,322158.9881585904
949544,322158.9881585904
949545,322158.9881585904
949584,322158.9881585904
949592,322158.9881585904
949593,322158.9881585904
949627,322158.9881585904
949651,322158.9881585904
949661,322158.9881585904
949762,322158.9881585904
949815,322158.9881585904
949827,322158.9881585904
949858,322158.9881585904
949933,322158.9881585904
949934,322158.9881585904
949943,322158.9881585904
949960,322158.9881585904
950036,322158.9881585904
950037,322158.9881585904
950038,322158.9881585904
950039,322158.9881585904
950044,322158.9881585904
950060,322158.9881585904
950088,322158.9881585904
950194,322158.9881585904
950227,322158.9881585904
950234,322158.9881585904
950303,322158.9881585904
950339,322158.9881585904
950374,322158.9881585904
950378,322158.9881585904
950382,322158.9881585904
950385,322158.9881585904
950489,322158.9881585904
950576,322158.9881585904
950581,322158.9881585904
950583,322158.9881585904
950584,322158.9881585904
950585,322158.9881585904
950607,322158.9881585904
950630,322158.9881585904
950634,322158.9881585904
950664,322158.9881585904
950671,322158.9881585904
950686,322158.9881585904
950746,322158.9881585904
950751,322158.9881585904
950916,322158.9881585904
951001,322158.9881585904
951065,322158.9881585904
951129,322158.9881585904
951162,322158.9881585904
951195,322158.9881585904
951200,322158.9881585904
951201,322158.9881585904
951405,322158.9881585904
951412,322158.9881585904
951454,322158.9881585904
951460,322158.9881585904
951463,322158.9881585904
951471,322158.9881585904
951553,322158.9881585904
951564,322158.9881585904
951646,322158.9881585904
951663,322158.9881585904
951687,322158.9881585904
951692,322158.9881585904
951704,322158.9881585904
951780,322158.9881585904
951782,322158.9881585904
951915,322158.9881585904
951963,322158.9881585904
951975,322158.9881585904
951988,322158.9881585904
952013,322158.9881585904
952025,322158.9881585904
952036,322158.9881585904
952096,322158.9881585904
952268,322158.9881585904
952271,322158.9881585904
952273,322158.9881585904
952448,322158.9881585904
952466,322158.9881585904
952537,322158.9881585904
952541,322158.9881585904
952545,322158.9881585904
952546,322158.9881585904
952566,322158.9881585904
952651,322158.9881585904
952689,322158.9881585904
952699,322158.9881585904
952773,322158.9881585904
952778,322158.9881585904
952818,322158.9881585904
952900,322158.9881585904
952916,322158.9881585904
953005,322158.9881585904
953024,322158.9881585904
953047,322158.9881585904
953057,322158.9881585904
953161,322158.9881585904
953163,322158.9881585904
953176,322158.9881585904
953177,322158.9881585904
953181,322158.9881585904
953182,322158.9881585904
953227,322158.9881585904
953228,322158.9881585904
953237,322158.9881585904
953293,322158.9881585904
953325,322158.9881585904
953326,322158.9881585904
953330,322158.9881585904
953375,322158.9881585904
953481,322158.9881585904
953486,322158.9881585904
953512,322158.9881585904
953552,322158.9881585904
953564,322158.9881585904
953626,322158.9881585904
953702,322158.9881585904
953744,322158.9881585904
953778,322158.9881585904
953795,322158.9881585904
953797,322158.9881585904
953857,322158.9881585904
953894,322158.9881585904
953920,322158.9881585904
953922,322158.9881585904
953931,322158.9881585904
953965,322158.9881585904
954066,322158.9881585904
954138,322158.9881585904
954190,322158.9881585904
954216,322158.9881585904
954292,322158.9881585904
954302,322158.9881585904
954319,322158.9881585904
954351,322158.9881585904
954413,322158.9881585904
954419,322158.9881585904
954452,322158.9881585904
954503,322158.9881585904
954505,322158.9881585904
954535,322158.9881585904
954548,322158.9881585904
954563,322158.9881585904
954578,322158.9881585904
954584,322158.9881585904
954608,322158.9881585904
954615,322158.9881585904
954627,322158.9881585904
954649,322158.9881585904
954700,322158.9881585904
954717,322158.9881585904
954721,322158.9881585904
954735,322158.9881585904
954747,322158.9881585904
954762,322158.9881585904
954787,322158.9881585904
954809,322158.9881585904
954828,322158.9881585904
954831,322158.9881585904
954867,322158.9881585904
954868,322158.9881585904
954880,322158.9881585904
954892,322158.9881585904
954911,322158.9881585904
954926,322158.9881585904
954928,322158.9881585904
954955,322158.9881585904
954963,322158.9881585904
954972,322158.9881585904
954992,322158.9881585904
955082,322158.9881585904
955110,322158.9881585904
955132,322158.9881585904
955142,322158.9881585904
955152,322158.9881585904
955153,322158.9881585904
955160,322158.9881585904
955162,322158.9881585904
955164,322158.9881585904
955189,322158.9881585904
955190,322158.9881585904
955207,322158.9881585904
955287,322158.9881585904
955308,322158.9881585904
955309,322158.9881585904
955361,322158.9881585904
955376,322158.9881585904
955429,322158.9881585904
955444,322158.9881585904
955445,322158.9881585904
955456,322158.9881585904
955502,322158.9881585904
955525,322158.9881585904
955528,322158.9881585904
955541,322158.9881585904
955557,322158.9881585904
955562,322158.9881585904
955575,322158.9881585904
955601,322158.9881585904
955609,322158.9881585904
955639,322158.9881585904
955664,322158.9881585904
955682,322158.9881585904
955700,322158.9881585904
955727,322158.9881585904
955782,322158.9881585904
955786,322158.9881585904
955801,322158.9881585904
955815,322158.9881585904
955864,322158.9881585904
955926,322158.9881585904
955932,322158.9881585904
955939,322158.9881585904
955961,322158.9881585904
955974,322158.9881585904
955994,322158.9881585904
956001,322158.9881585904
956005,322158.9881585904
956031,322158.9881585904
956035,322158.9881585904
956036,322158.9881585904
956038,322158.9881585904
956042,322158.9881585904
956044,322158.9881585904
956046,322158.9881585904
956050,322158.9881585904
956051,322158.9881585904
956130,322158.9881585904
956137,322158.9881585904
956144,322158.9881585904
956156,322158.9881585904
956187,322158.9881585904
956223,322158.9881585904
956246,322158.9881585904
956263,322158.9881585904
956304,322158.9881585904
956308,322158.9881585904
956488,322158.9881585904
956523,322158.9881585904
956535,322158.9881585904
956556,322158.9881585904
956558,322158.9881585904
956600,322158.9881585904
956627,322158.9881585904
956631,322158.9881585904
956661,322158.9881585904
956687,322158.9881585904
956694,322158.9881585904
956767,322158.9881585904
956774,322158.9881585904
956907,322158.9881585904
956962,322158.9881585904
956966,322158.9881585904
957053,322158.9881585904
957065,322158.9881585904
957149,322158.9881585904
957192,322158.9881585904
957242,322158.9881585904
957408,322158.9881585904
957420,322158.9881585904
957421,322158.9881585904
957444,322158.9881585904
957446,322158.9881585904
957539,322158.9881585904
957550,322158.9881585904
957566,322158.9881585904
957573,322158.9881585904
957608,322158.9881585904
957648,322158.9881585904
957674,322158.9881585904
957675,322158.9881585904
957676,322158.9881585904
957679,322158.9881585904
957684,322158.9881585904
957685,322158.9881585904
957687,322158.9881585904
957699,322158.9881585904
957708,322158.9881585904
957709,322158.9881585904
957720,322158.9881585904
957724,322158.9881585904
957725,322158.9881585904
957749,322158.9881585904
957758,322158.9881585904
957793,322158.9881585904
957840,322158.9881585904
957852,322158.9881585904
957875,322158.9881585904
957955,322158.9881585904
957967,322158.9881585904
957971,322158.9881585904
957987,322158.9881585904
958016,322158.9881585904
958019,322158.9881585904
958038,322158.9881585904
958045,322158.9881585904
958063,322158.9881585904
958116,322158.9881585904
958119,322158.9881585904
958190,322158.9881585904
958198,322158.9881585904
958259,322158.9881585904
958270,322158.9881585904
958285,322158.9881585904
958288,322158.9881585904
958345,322158.9881585904
958383,322158.9881585904
958422,322158.9881585904
958425,322158.9881585904
958428,322158.9881585904
958430,322158.9881585904
958447,322158.9881585904
958454,322158.9881585904
958455,322158.9881585904
958456,322158.9881585904
958493,322158.9881585904
958512,322158.9881585904
958516,322158.9881585904
958517,322158.9881585904
958519,322158.9881585904
958526,322158.9881585904
958527,322158.9881585904
958533,322158.9881585904
958535,322158.9881585904
958538,322158.9881585904
958565,322158.9881585904
958569,322158.9881585904
958570,322158.9881585904
958572,322158.9881585904
958601,322158.9881585904
958657,322158.9881585904
958666,322158.9881585904
958667,322158.9881585904
958671,322158.9881585904
958675,322158.9881585904
958676,322158.9881585904
958679,322158.9881585904
958693,322158.9881585904
958694,322158.9881585904
958697,322158.9881585904
958698,322158.9881585904
958705,322158.9881585904
958707,322158.9881585904
958770,322158.9881585904
958783,322158.9881585904
958791,322158.9881585904
958792,322158.9881585904
958793,322158.9881585904
958797,322158.9881585904
958799,322158.9881585904
958831,322158.9881585904
958839,322158.9881585904
958896,322158.9881585904
958898,322158.9881585904
958985,322158.9881585904
959021,322158.9881585904
959030,322158.9881585904
959031,322158.9881585904
959060,322158.9881585904
959112,322158.9881585904
959114,322158.9881585904
959117,322158.9881585904
959118,322158.9881585904
959121,322158.9881585904
959122,322158.9881585904
959123,322158.9881585904
959124,322158.9881585904
959125,322158.9881585904
959126,322158.9881585904
959128,322158.9881585904
959129,322158.9881585904
959130,322158.9881585904
959131,322158.9881585904
959133,322158.9881585904
959134,322158.9881585904
959142,322158.9881585904
959153,322158.9881585904
959154,322158.9881585904
959166,322158.9881585904
959224,322158.9881585904
959227,322158.9881585904
959265,322158.9881585904
959323,322158.9881585904
959324,322158.9881585904
959357,322158.9881585904
959362,322158.9881585904
959394,322158.9881585904
959419,322158.9881585904
959433,322158.9881585904
959451,322158.9881585904
959466,322158.9881585904
959468,322158.9881585904
959469,322158.9881585904
959476,322158.9881585904
959683,322158.9881585904
959723,322158.9881585904
959725,322158.9881585904
959726,322158.9881585904
959728,322158.9881585904
959741,322158.9881585904
959742,322158.9881585904
959743,322158.9881585904
959744,322158.9881585904
959757,322158.9881585904
959759,322158.9881585904
959940,322158.9881585904
959967,322158.9881585904
960018,322158.9881585904
960029,322158.9881585904
960058,322158.9881585904
960091,322158.9881585904
960118,322158.9881585904
960163,322158.9881585904
960165,322158.9881585904
960169,322158.9881585904
960226,322158.9881585904
960235,322158.9881585904
960241,322158.9881585904
960274,322158.9881585904
960275,322158.9881585904
960284,322158.9881585904
960286,322158.9881585904
960287,322158.9881585904
960289,322158.9881585904
960290,322158.9881585904
960310,322158.9881585904
960340,322158.9881585904
960362,322158.9881585904
960393,322158.9881585904
960410,322158.9881585904
960431,322158.9881585904
960451,322158.9881585904
960478,322158.9881585904
960529,322158.9881585904
960530,322158.9881585904
960581,322158.9881585904
960597,322158.9881585904
960598,322158.9881585904
960634,322158.9881585904
960687,322158.9881585904
960863,322158.9881585904
960913,322158.9881585904
960931,322158.9881585904
960946,322158.9881585904
960947,322158.9881585904
960983,322158.9881585904
961006,322158.9881585904
961035,322158.9881585904
961042,322158.9881585904
961048,322158.9881585904
961123,322158.9881585904
961141,322158.9881585904
961143,322158.9881585904
961183,322158.9881585904
961216,322158.9881585904
961226,322158.9881585904
961246,322158.9881585904
961256,322158.9881585904
961289,322158.9881585904
961337,322158.9881585904
961387,322158.9881585904
961389,322158.9881585904
961395,322158.9881585904
961408,322158.9881585904
961419,322158.9881585904
961420,322158.9881585904
961421,322158.9881585904
961452,322158.9881585904
961461,322158.9881585904
961478,322158.9881585904
961488,322158.9881585904
961489,322158.9881585904
961522,322158.9881585904
961530,322158.9881585904
961548,322158.9881585904
961574,322158.9881585904
961601,322158.9881585904
961605,322158.9881585904
961608,322158.9881585904
961609,322158.9881585904
961699,322158.9881585904
961715,322158.9881585904
961768,322158.9881585904
961788,322158.9881585904
961789,322158.9881585904
961790,322158.9881585904
961791,322158.9881585904
961792,322158.9881585904
961817,322158.9881585904
961822,322158.9881585904
961854,322158.9881585904
961872,322158.9881585904
961877,322158.9881585904
961882,322158.9881585904
962051,322158.9881585904
962065,322158.9881585904
962066,322158.9881585904
962080,322158.9881585904
962082,322158.9881585904
962083,322158.9881585904
962090,322158.9881585904
962109,322158.9881585904
962116,322158.9881585904
962141,322158.9881585904
962144,322158.9881585904
962159,322158.9881585904
962160,322158.9881585904
962165,322158.9881585904
962176,322158.9881585904
962178,322158.9881585904
962179,322158.9881585904
962180,322158.9881585904
962181,322158.9881585904
962182,322158.9881585904
962184,322158.9881585904
962186,322158.9881585904
962217,322158.9881585904
962219,322158.9881585904
962225,322158.9881585904
962235,322158.9881585904
962236,322158.9881585904
962263,322158.9881585904
962287,322158.9881585904
962316,322158.9881585904
962319,322158.9881585904
962336,322158.9881585904
962412,322158.9881585904
962416,322158.9881585904
962419,322158.9881585904
962438,322158.9881585904
962448,322158.9881585904
962501,322158.9881585904
962520,322158.9881585904
962546,322158.9881585904
962551,322158.9881585904
962559,322158.9881585904
962567,322158.9881585904
962572,322158.9881585904
962579,322158.9881585904
962585,322158.9881585904
962586,322158.9881585904
962591,322158.9881585904
962592,322158.9881585904
962630,322158.9881585904
962635,322158.9881585904
962677,322158.9881585904
962728,322158.9881585904
962755,322158.9881585904
962778,322158.9881585904
962796,322158.9881585904
962835,322158.9881585904
962839,322158.9881585904
962845,322158.9881585904
962907,322158.9881585904
962922,322158.9881585904
963001,322158.9881585904
963003,322158.9881585904
963019,322158.9881585904
963020,322158.9881585904
963022,322158.9881585904
963023,322158.9881585904
963041,322158.9881585904
963049,322158.9881585904
963118,322158.9881585904
963122,322158.9881585904
963130,322158.9881585904
963165,322158.9881585904
963199,322158.9881585904
963205,322158.9881585904
963229,322158.9881585904
963313,322158.9881585904
963314,322158.9881585904
963319,322158.9881585904
963325,322158.9881585904
963327,322158.9881585904
963340,322158.9881585904
963362,322158.9881585904
963366,322158.9881585904
963375,322158.9881585904
963378,322158.9881585904
963381,322158.9881585904
963447,322158.9881585904
963472,322158.9881585904
963488,322158.9881585904
963490,322158.9881585904
963539,322158.9881585904
963651,322158.9881585904
963676,322158.9881585904
963682,322158.9881585904
963837,322158.9881585904
963857,322158.9881585904
963905,322158.9881585904
963929,322158.9881585904
963960,322158.9881585904
963971,322158.9881585904
963973,322158.9881585904
963986,322158.9881585904
964018,322158.9881585904
964048,322158.9881585904
964049,322158.9881585904
964055,322158.9881585904
964098,322158.9881585904
964135,322158.9881585904
964156,322158.9881585904
964157,322158.9881585904
964171,322158.9881585904
964207,322158.9881585904
964208,322158.9881585904
964209,322158.9881585904
964271,322158.9881585904
964304,322158.9881585904
964312,322158.9881585904
964314,322158.9881585904
964333,322158.9881585904
964369,322158.9881585904
964488,322158.9881585904
964527,322158.9881585904
964570,322158.9881585904
964580,322158.9881585904
964591,322158.9881585904
964592,322158.9881585904
964593,322158.9881585904
964595,322158.9881585904
964622,322158.9881585904
964625,322158.9881585904
964642,322158.9881585904
964705,322158.9881585904
964813,322158.9881585904
964839,322158.9881585904
964849,322158.9881585904
964911,322158.9881585904
964984,322158.9881585904
964997,322158.9881585904
965033,322158.9881585904
965053,322158.9881585904
965089,322158.9881585904
965099,322158.9881585904
965116,322158.9881585904
965131,322158.9881585904
965145,322158.9881585904
965153,322158.9881585904
965176,322158.9881585904
965182,322158.9881585904
965184,322158.9881585904
965201,322158.9881585904
965216,322158.9881585904
965242,322158.9881585904
965260,322158.9881585904
965262,322158.9881585904
965305,322158.9881585904
965315,322158.9881585904
965320,322158.9881585904
965321,322158.9881585904
965322,322158.9881585904
965324,322158.9881585904
965325,322158.9881585904
965326,322158.9881585904
965341,322158.9881585904
965342,322158.9881585904
965346,322158.9881585904
965349,322158.9881585904
965438,322158.9881585904
965466,322158.9881585904
965474,322158.9881585904
965499,322158.9881585904
965515,322158.9881585904
965560,322158.9881585904
965648,322158.9881585904
965688,322158.9881585904
965717,322158.9881585904
965754,322158.9881585904
965792,322158.9881585904
965794,322158.9881585904
965821,322158.9881585904
965856,322158.9881585904
965860,322158.9881585904
965954,322158.9881585904
965967,322158.9881585904
965968,322158.9881585904
965975,322158.9881585904
965981,322158.9881585904
965989,322158.9881585904
965993,322158.9881585904
966015,322158.9881585904
966059,322158.9881585904
966070,322158.9881585904
966074,322158.9881585904
966123,322158.9881585904
966139,322158.9881585904
966205,322158.9881585904
966220,322158.9881585904
966221,322158.9881585904
966238,322158.9881585904
966269,322158.9881585904
966276,322158.9881585904
966385,322158.9881585904
966397,322158.9881585904
966400,322158.9881585904
966406,322158.9881585904
966407,322158.9881585904
966413,322158.9881585904
966548,322158.9881585904
966549,322158.9881585904
966562,322158.9881585904
966579,322158.9881585904
966639,322158.9881585904
966650,322158.9881585904
966654,322158.9881585904
966664,322158.9881585904
966674,322158.9881585904
966692,322158.9881585904
966729,322158.9881585904
966732,322158.9881585904
966736,322158.9881585904
966737,322158.9881585904
966740,322158.9881585904
966773,322158.9881585904
966776,322158.9881585904
966777,322158.9881585904
966785,322158.9881585904
966863,322158.9881585904
966867,322158.9881585904
966884,322158.9881585904
967014,322158.9881585904
967027,322158.9881585904
967032,322158.9881585904
967048,322158.9881585904
967051,322158.9881585904
967073,322158.9881585904
967078,322158.9881585904
967082,322158.9881585904
967103,322158.9881585904
967105,322158.9881585904
967112,322158.9881585904
967117,322158.9881585904
967166,322158.9881585904
967193,322158.9881585904
967213,322158.9881585904
967243,322158.9881585904
967255,322158.9881585904
967256,322158.9881585904
967274,322158.9881585904
967362,322158.9881585904
967411,322158.9881585904
967424,322158.9881585904
967430,322158.9881585904
967440,322158.9881585904
967447,322158.9881585904
967477,322158.9881585904
967478,322158.9881585904
967479,322158.9881585904
967480,322158.9881585904
967481,322158.9881585904
967482,322158.9881585904
967517,322158.9881585904
967546,322158.9881585904
967589,322158.9881585904
967639,322158.9881585904
967656,322158.9881585904
967666,322158.9881585904
967726,322158.9881585904
967727,322158.9881585904
967768,322158.9881585904
967803,322158.9881585904
967816,322158.9881585904
967891,322158.9881585904
967966,322158.9881585904
967985,322158.9881585904
967996,322158.9881585904
968019,322158.9881585904
968035,322158.9881585904
968063,322158.9881585904
968149,322158.9881585904
968159,322158.9881585904
968186,322158.9881585904
968187,322158.9881585904
968188,322158.9881585904
968215,322158.9881585904
968217,322158.9881585904
968228,322158.9881585904
968232,322158.9881585904
968238,322158.9881585904
968240,322158.9881585904
968277,322158.9881585904
968292,322158.9881585904
968333,322158.9881585904
968353,322158.9881585904
968365,322158.9881585904
968442,322158.9881585904
968487,322158.9881585904
968527,322158.9881585904
968535,322158.9881585904
968598,322158.9881585904
968605,322158.9881585904
968628,322158.9881585904
968631,322158.9881585904
968633,322158.9881585904
968723,322158.9881585904
968786,322158.9881585904
968788,322158.9881585904
968812,322158.9881585904
968839,322158.9881585904
968898,322158.9881585904
968899,322158.9881585904
968907,322158.9881585904
968908,322158.9881585904
968942,322158.9881585904
968974,322158.9881585904
968981,322158.9881585904
968986,322158.9881585904
968991,322158.9881585904
969006,322158.9881585904
969040,322158.9881585904
969050,322158.9881585904
969082,322158.9881585904
969083,322158.9881585904
969126,322158.9881585904
969168,322158.9881585904
969211,322158.9881585904
969215,322158.9881585904
969216,322158.9881585904
969312,322158.9881585904
969313,322158.9881585904
969332,322158.9881585904
969338,322158.9881585904
969382,322158.9881585904
969384,322158.9881585904
969386,322158.9881585904
969420,322158.9881585904
969432,322158.9881585904
969434,322158.9881585904
969465,322158.9881585904
969484,322158.9881585904
969486,322158.9881585904
969510,322158.9881585904
969529,322158.9881585904
969551,322158.9881585904
969572,322158.9881585904
969592,322158.9881585904
969597,322158.9881585904
969753,322158.9881585904
969763,322158.9881585904
969791,322158.9881585904
969793,322158.9881585904
969821,322158.9881585904
969838,322158.9881585904
969862,322158.9881585904
969873,322158.9881585904
969882,322158.9881585904
969889,322158.9881585904
969891,322158.9881585904
969926,322158.9881585904
969928,322158.9881585904
969929,322158.9881585904
969933,322158.9881585904
969954,322158.9881585904
970078,322158.9881585904
970079,322158.9881585904
970210,322158.9881585904
970216,322158.9881585904
970312,322158.9881585904
970329,322158.9881585904
970398,322158.9881585904
970400,322158.9881585904
970401,322158.9881585904
970404,322158.9881585904
970405,322158.9881585904
970412,322158.9881585904
970427,322158.9881585904
970442,322158.9881585904
970459,322158.9881585904
970491,322158.9881585904
970585,322158.9881585904
970587,322158.9881585904
970654,322158.9881585904
970657,322158.9881585904
970705,322158.9881585904
970711,322158.9881585904
970714,322158.9881585904
970728,322158.9881585904
970764,322158.9881585904
970771,322158.9881585904
970786,322158.9881585904
970817,322158.9881585904
970868,322158.9881585904
970888,322158.9881585904
970947,322158.9881585904
970961,322158.9881585904
970980,322158.9881585904
970988,322158.9881585904
971011,322158.9881585904
971020,322158.9881585904
971029,322158.9881585904
971033,322158.9881585904
971083,322158.9881585904
971088,322158.9881585904
971102,322158.9881585904
971111,322158.9881585904
971160,322158.9881585904
971222,322158.9881585904
971235,322158.9881585904
971238,322158.9881585904
971248,322158.9881585904
971264,322158.9881585904
971332,322158.9881585904
971401,322158.9881585904
971433,322158.9881585904
971445,322158.9881585904
971483,322158.9881585904
971505,322158.9881585904
971510,322158.9881585904
971557,322158.9881585904
971558,322158.9881585904
971561,322158.9881585904
971563,322158.9881585904
971591,322158.9881585904
971615,322158.9881585904
971627,322158.9881585904
971633,322158.9881585904
971661,322158.9881585904
971666,322158.9881585904
971673,322158.9881585904
971685,322158.9881585904
971688,322158.9881585904
971731,322158.9881585904
971733,322158.9881585904
971748,322158.9881585904
971779,322158.9881585904
971780,322158.9881585904
971794,322158.9881585904
971800,322158.9881585904
971828,322158.9881585904
971852,322158.9881585904
971853,322158.9881585904
971869,322158.9881585904
971893,322158.9881585904
971896,322158.9881585904
971941,322158.9881585904
971953,322158.9881585904
971973,322158.9881585904
971981,322158.9881585904
972061,322158.9881585904
972062,322158.9881585904
972118,322158.9881585904
972189,322158.9881585904
972259,322158.9881585904
972279,322158.9881585904
972291,322158.9881585904
972303,322158.9881585904
972341,322158.9881585904
972396,322158.9881585904
972409,322158.9881585904
972423,322158.9881585904
972428,322158.9881585904
972438,322158.9881585904
972457,322158.9881585904
972463,322158.9881585904
972466,322158.9881585904
972471,322158.9881585904
972475,322158.9881585904
972507,322158.9881585904
972521,322158.9881585904
972525,322158.9881585904
972565,322158.9881585904
972580,322158.9881585904
972715,322158.9881585904
972769,322158.9881585904
972838,322158.9881585904
972842,322158.9881585904
972867,322158.9881585904
972923,322158.9881585904
973030,322158.9881585904
973244,322158.9881585904
973273,322158.9881585904
973296,322158.9881585904
973300,322158.9881585904
973304,322158.9881585904
973322,322158.9881585904
973360,322158.9881585904
973361,322158.9881585904
973392,322158.9881585904
973393,322158.9881585904
973399,322158.9881585904
973409,322158.9881585904
973625,322158.9881585904
973626,322158.9881585904
973674,322158.9881585904
973790,322158.9881585904
973799,322158.9881585904
973800,322158.9881585904
973808,322158.9881585904
973816,322158.9881585904
973848,322158.9881585904
973849,322158.9881585904
973850,322158.9881585904
973852,322158.9881585904
973913,322158.9881585904
973914,322158.9881585904
973919,322158.9881585904
973923,322158.9881585904
973931,322158.9881585904
973933,322158.9881585904
973936,322158.9881585904
973937,322158.9881585904
973938,322158.9881585904
973939,322158.9881585904
973974,322158.9881585904
973997,322158.9881585904
973998,322158.9881585904
974004,322158.9881585904
974009,322158.9881585904
974010,322158.9881585904
974011,322158.9881585904
974029,322158.9881585904
974044,322158.9881585904
974062,322158.9881585904
974122,322158.9881585904
974123,322158.9881585904
974125,322158.9881585904
974128,322158.9881585904
974129,322158.9881585904
974130,322158.9881585904
974132,322158.9881585904
974138,322158.9881585904
974182,322158.9881585904
974209,322158.9881585904
974288,322158.9881585904
974291,322158.9881585904
974321,322158.9881585904
974325,322158.9881585904
974329,322158.9881585904
974335,322158.9881585904
974337,322158.9881585904
974363,322158.9881585904
974365,322158.9881585904
974370,322158.9881585904
974406,322158.9881585904
974407,322158.9881585904
974432,322158.9881585904
974460,322158.9881585904
974472,322158.9881585904
974498,322158.9881585904
974527,322158.9881585904
974566,322158.9881585904
974570,322158.9881585904
974571,322158.9881585904
974605,322158.9881585904
974625,322158.9881585904
974627,322158.9881585904
974737,322158.9881585904
974748,322158.9881585904
974756,322158.9881585904
974802,322158.9881585904
974803,322158.9881585904
974848,322158.9881585904
974863,322158.9881585904
974957,322158.9881585904
974995,322158.9881585904
975004,322158.9881585904
975034,322158.9881585904
975045,322158.9881585904
975064,322158.9881585904
975094,322158.9881585904
975113,322158.9881585904
975121,322158.9881585904
975142,322158.9881585904
975189,322158.9881585904
975204,322158.9881585904
975684,322158.9881585904
975738,322158.9881585904
975893,322158.9881585904
975960,322158.9881585904
975965,322158.9881585904
975971,322158.9881585904
975973,322158.9881585904
976102,322158.9881585904
976136,322158.9881585904
976176,322158.9881585904
976194,322158.9881585904
976223,322158.9881585904
976790,322158.9881585904
976796,322158.9881585904
976831,322158.9881585904
976844,322158.9881585904
976846,322158.9881585904
976869,322158.9881585904
976876,322158.9881585904
976942,322158.9881585904
976948,322158.9881585904
977106,322158.9881585904
977126,322158.9881585904
977160,322158.9881585904
977222,322158.9881585904
977224,322158.9881585904
977232,322158.9881585904
977312,322158.9881585904
977316,322158.9881585904
977321,322158.9881585904
977324,322158.9881585904
977326,322158.9881585904
977344,322158.9881585904
977374,322158.9881585904
977376,322158.9881585904
977377,322158.9881585904
977379,322158.9881585904
977412,322158.9881585904
977458,322158.9881585904
977460,322158.9881585904
977464,322158.9881585904
977488,322158.9881585904
977506,322158.9881585904
977613,322158.9881585904
977650,322158.9881585904
977652,322158.9881585904
977653,322158.9881585904
977658,322158.9881585904
977661,322158.9881585904
977687,322158.9881585904
977726,322158.9881585904
977754,322158.9881585904
977778,322158.9881585904
977783,322158.9881585904
977790,322158.9881585904
977815,322158.9881585904
977816,322158.9881585904
977850,322158.9881585904
977854,322158.9881585904
977860,322158.9881585904
977892,322158.9881585904
977893,322158.9881585904
977908,322158.9881585904
977923,322158.9881585904
977960,322158.9881585904
977971,322158.9881585904
978147,322158.9881585904
978197,322158.9881585904
978202,322158.9881585904
978203,322158.9881585904
978279,322158.9881585904
978321,322158.9881585904
978322,322158.9881585904
978325,322158.9881585904
978329,322158.9881585904
978331,322158.9881585904
978334,322158.9881585904
978348,322158.9881585904
978375,322158.9881585904
978425,322158.9881585904
978427,322158.9881585904
978429,322158.9881585904
978432,322158.9881585904
978444,322158.9881585904
978449,322158.9881585904
978673,322158.9881585904
978695,322158.9881585904
978730,322158.9881585904
978731,322158.9881585904
978753,322158.9881585904
978765,322158.9881585904
978789,322158.9881585904
978795,322158.9881585904
978858,322158.9881585904
978906,322158.9881585904
978909,322158.9881585904
978910,322158.9881585904
978912,322158.9881585904
978935,322158.9881585904
978958,322158.9881585904
978959,322158.9881585904
978999,322158.9881585904
979014,322158.9881585904
979050,322158.9881585904
979051,322158.9881585904
979084,322158.9881585904
979101,322158.9881585904
979108,322158.9881585904
979121,322158.9881585904
979131,322158.9881585904
979175,322158.9881585904
979191,322158.9881585904
979243,322158.9881585904
979248,322158.9881585904
979249,322158.9881585904
979256,322158.9881585904
979279,322158.9881585904
979282,322158.9881585904
979283,322158.9881585904
979319,322158.9881585904
979358,322158.9881585904
979369,322158.9881585904
979393,322158.9881585904
979403,322158.9881585904
979443,322158.9881585904
979445,322158.9881585904
979447,322158.9881585904
979449,322158.9881585904
979453,322158.9881585904
979457,322158.9881585904
979458,322158.9881585904
979468,322158.9881585904
979551,322158.9881585904
979584,322158.9881585904
979587,322158.9881585904
979595,322158.9881585904
979642,322158.9881585904
979659,322158.9881585904
979665,322158.9881585904
979679,322158.9881585904
979743,322158.9881585904
979750,322158.9881585904
979751,322158.9881585904
979812,322158.9881585904
979832,322158.9881585904
979837,322158.9881585904
979853,322158.9881585904
979854,322158.9881585904
979931,322158.9881585904
980083,322158.9881585904
980197,322158.9881585904
980233,322158.9881585904
980239,322158.9881585904
980240,322158.9881585904
980273,322158.9881585904
980329,322158.9881585904
980330,322158.9881585904
980349,322158.9881585904
980411,322158.9881585904
980460,322158.9881585904
980526,322158.9881585904
980552,322158.9881585904
980564,322158.9881585904
980566,322158.9881585904
980601,322158.9881585904
980692,322158.9881585904
980751,322158.9881585904
980849,322158.9881585904
980863,322158.9881585904
980864,322158.9881585904
980867,322158.9881585904
980942,322158.9881585904
980981,322158.9881585904
981136,322158.9881585904
981167,322158.9881585904
981169,322158.9881585904
981268,322158.9881585904
981269,322158.9881585904
981270,322158.9881585904
981332,322158.9881585904
981380,322158.9881585904
981464,322158.9881585904
981671,322158.9881585904
981683,322158.9881585904
981684,322158.9881585904
981685,322158.9881585904
981689,322158.9881585904
981696,322158.9881585904
981697,322158.9881585904
981698,322158.9881585904
981699,322158.9881585904
981714,322158.9881585904
981742,322158.9881585904
981894,322158.9881585904
981947,322158.9881585904
982012,322158.9881585904
982055,322158.9881585904
982274,322158.9881585904
982285,322158.9881585904
983029,322158.9881585904
983030,322158.9881585904
983126,322158.9881585904
983170,322158.9881585904
983293,322158.9881585904
983294,322158.9881585904
983298,322158.9881585904
983374,322158.9881585904
983378,322158.9881585904
983651,322158.9881585904
983752,322158.9881585904
984096,322158.9881585904
984122,322158.9881585904
984320,322158.9881585904
984322,322158.9881585904
984733,322158.9881585904
984734,322158.9881585904
984768,322158.9881585904
984892,322158.9881585904
985039,322158.9881585904
985041,322158.9881585904
985042,322158.9881585904
985043,322158.9881585904
985119,322158.9881585904
985151,322158.9881585904
985154,322158.9881585904
985156,322158.9881585904
985159,322158.9881585904
985161,322158.9881585904
985165,322158.9881585904
985166,322158.9881585904
985167,322158.9881585904
985313,322158.9881585904
985320,322158.9881585904
985337,322158.9881585904
985364,322158.9881585904
985407,322158.9881585904
985520,322158.9881585904
985545,322158.9881585904
985670,322158.9881585904
985683,322158.9881585904
985684,322158.9881585904
985767,322158.9881585904
985811,322158.9881585904
985813,322158.9881585904
985814,322158.9881585904
985815,322158.9881585904
985818,322158.9881585904
985840,322158.9881585904
985841,322158.9881585904
985981,322158.9881585904
986056,322158.9881585904
986103,322158.9881585904
986115,322158.9881585904
986139,322158.9881585904
986207,322158.9881585904
986208,322158.9881585904
986212,322158.9881585904
986213,322158.9881585904
986214,322158.9881585904
986274,322158.9881585904
986275,322158.9881585904
986390,322158.9881585904
986417,322158.9881585904
986512,322158.9881585904
986616,322158.9881585904
986618,322158.9881585904
987237,322158.9881585904
987240,322158.9881585904
987247,322158.9881585904
987346,322158.9881585904
987563,322158.9881585904
987614,322158.9881585904
987631,322158.9881585904
987671,322158.9881585904
987844,322158.9881585904
987916,322158.9881585904
987959,322158.9881585904
988030,322158.9881585904
988085,322158.9881585904
988120,322158.9881585904
988128,322158.9881585904
988131,322158.9881585904
988330,322158.9881585904
988404,322158.9881585904
988522,322158.9881585904
988664,322158.9881585904
988763,322158.9881585904
988798,322158.9881585904
988844,322158.9881585904
988874,322158.9881585904
988876,322158.9881585904
988929,322158.9881585904
988942,322158.9881585904
988993,322158.9881585904
989061,322158.9881585904
989298,322158.9881585904
989301,322158.9881585904
989302,322158.9881585904
989305,322158.9881585904
989372,322158.9881585904
989373,322158.9881585904
989378,322158.9881585904
989379,322158.9881585904
989380,322158.9881585904
989419,322158.9881585904
989524,322158.9881585904
989588,322158.9881585904
989589,322158.9881585904
989592,322158.9881585904
989593,322158.9881585904
989666,322158.9881585904
989733,322158.9881585904
989814,322158.9881585904
989873,322158.9881585904
989876,322158.9881585904
989903,322158.9881585904
989933,322158.9881585904
989942,322158.9881585904
989988,322158.9881585904
989990,322158.9881585904
989996,322158.9881585904
990011,322158.9881585904
990133,322158.9881585904
990149,322158.9881585904
990150,322158.9881585904
990151,322158.9881585904
990152,322158.9881585904
990166,322158.9881585904
990272,322158.9881585904
990286,322158.9881585904
990330,322158.9881585904
991069,322158.9881585904
991073,322158.9881585904
991157,322158.9881585904
991199,322158.9881585904
991266,322158.9881585904
991272,322158.9881585904
991278,322158.9881585904
991349,322158.9881585904
991352,322158.9881585904
991425,322158.9881585904
991464,322158.9881585904
991467,322158.9881585904
991468,322158.9881585904
991469,322158.9881585904
991475,322158.9881585904
991477,322158.9881585904
991480,322158.9881585904
991487,322158.9881585904
991490,322158.9881585904
991616,322158.9881585904
991701,322158.9881585904
991703,322158.9881585904
991720,322158.9881585904
991738,322158.9881585904
991812,322158.9881585904
991825,322158.9881585904
991826,322158.9881585904
991832,322158.9881585904
991836,322158.9881585904
991895,322158.9881585904
991908,322158.9881585904
991913,322158.9881585904
991940,322158.9881585904
992565,322158.9881585904
992574,322158.9881585904
992717,322158.9881585904
992721,322158.9881585904
992722,322158.9881585904
992724,322158.9881585904
992726,322158.9881585904
992727,322158.9881585904
992728,322158.9881585904
992745,322158.9881585904
992746,322158.9881585904
992775,322158.9881585904
992783,322158.9881585904
992832,322158.9881585904
992874,322158.9881585904
992899,322158.9881585904
992904,322158.9881585904
992948,322158.9881585904
992977,322158.9881585904
992988,322158.9881585904
993216,322158.9881585904
993459,322158.9881585904
993468,322158.9881585904
993509,322158.9881585904
993527,322158.9881585904
994032,322158.9881585904
994088,322158.9881585904
994215,322158.9881585904
994299,322158.9881585904
994506,322158.9881585904
994507,322158.9881585904
994530,322158.9881585904
994764,322158.9881585904
994812,322158.9881585904
994814,322158.9881585904
994834,322158.9881585904
994906,322158.9881585904
994936,322158.9881585904
994956,322158.9881585904
994960,322158.9881585904
994983,322158.9881585904
994991,322158.9881585904
994995,322158.9881585904
995000,322158.9881585904
995001,322158.9881585904
995007,322158.9881585904
995008,322158.9881585904
995021,322158.9881585904
995031,322158.9881585904
995035,322158.9881585904
995036,322158.9881585904
995042,322158.9881585904
995044,322158.9881585904
995055,322158.9881585904
995057,322158.9881585904
995076,322158.9881585904
995118,322158.9881585904
995133,322158.9881585904
995142,322158.9881585904
995260,322158.9881585904
995313,322158.9881585904
995352,322158.9881585904
995366,322158.9881585904
995437,322158.9881585904
995479,322158.9881585904
995619,322158.9881585904
995646,322158.9881585904
995669,322158.9881585904
995780,322158.9881585904
995874,322158.9881585904
995916,322158.9881585904
995946,322158.9881585904
995947,322158.9881585904
995948,322158.9881585904
996053,322158.9881585904
996103,322158.9881585904
996178,322158.9881585904
996180,322158.9881585904
996184,322158.9881585904
996364,322158.9881585904
996473,322158.9881585904
996581,322158.9881585904
996796,322158.9881585904
996804,322158.9881585904
997041,322158.9881585904
997166,322158.9881585904
997167,322158.9881585904
997168,322158.9881585904
997186,322158.9881585904
997196,322158.9881585904
997244,322158.9881585904
997245,322158.9881585904
997392,322158.9881585904
997403,322158.9881585904
997443,322158.9881585904
997541,322158.9881585904
997542,322158.9881585904
997691,322158.9881585904
997755,322158.9881585904
997773,322158.9881585904
997774,322158.9881585904
997795,322158.9881585904
997808,322158.9881585904
997935,322158.9881585904
998092,322158.9881585904
998095,322158.9881585904
998098,322158.9881585904
998275,322158.9881585904
998276,322158.9881585904
998376,322158.9881585904
998498,322158.9881585904
998564,322158.9881585904
998567,322158.9881585904
998574,322158.9881585904
998575,322158.9881585904
998577,322158.9881585904
998615,322158.9881585904
998616,322158.9881585904
998620,322158.9881585904
998621,322158.9881585904
998622,322158.9881585904
998624,322158.9881585904
998645,322158.9881585904
998646,322158.9881585904
998649,322158.9881585904
998650,322158.9881585904
998651,322158.9881585904
998862,322158.9881585904
998925,322158.9881585904
999025,322158.9881585904
999050,322158.9881585904
999543,322158.9881585904
999625,322158.9881585904
999712,322158.9881585904
999754,322158.9881585904
999960,322158.9881585904
1000541,322158.9881585904
1000644,322158.9881585904
1000692,322158.9881585904
1000727,322158.9881585904
1001116,322158.9881585904
1001294,322158.9881585904
1001409,322158.9881585904
1001421,322158.9881585904
1001616,322158.9881585904
1001945,322158.9881585904
1001991,322158.9881585904
1002183,322158.9881585904
1002319,322158.9881585904
1002326,322158.9881585904
1002411,322158.9881585904
1002412,322158.9881585904
1002571,322158.9881585904
1002606,322158.9881585904
1002607,322158.9881585904
1002626,322158.9881585904
1002643,322158.9881585904
1002658,322158.9881585904
1002678,322158.9881585904
1002694,322158.9881585904
1002727,322158.9881585904
1002742,322158.9881585904
1002822,322158.9881585904
1002827,322158.9881585904
1002861,322158.9881585904
1002863,322158.9881585904
1002864,322158.9881585904
1002865,322158.9881585904
1003030,322158.9881585904
1003043,322158.9881585904
1003047,322158.9881585904
1003089,322158.9881585904
1003171,322158.9881585904
1003257,322158.9881585904
1003435,322158.9881585904
1003611,322158.9881585904
1003612,322158.9881585904
1003619,322158.9881585904
1003639,322158.9881585904
1003692,322158.9881585904
1003816,322158.9881585904
1003817,322158.9881585904
1003836,322158.9881585904
1003840,322158.9881585904
1003859,322158.9881585904
1003902,322158.9881585904
1003907,322158.9881585904
1003940,322158.9881585904
1003956,322158.9881585904
1003974,322158.9881585904
1003976,322158.9881585904
1003980,322158.9881585904
1003985,322158.9881585904
1003988,322158.9881585904
1004037,322158.9881585904
1004051,322158.9881585904
1004069,322158.9881585904
1004074,322158.9881585904
1004075,322158.9881585904
1004084,322158.9881585904
1004189,322158.9881585904
1004217,322158.9881585904
1004262,322158.9881585904
1004284,322158.9881585904
1004331,322158.9881585904
1004336,322158.9881585904
1004413,322158.9881585904
1004421,322158.9881585904
1004490,322158.9881585904
1004566,322158.9881585904
1004579,322158.9881585904
1004675,322158.9881585904
1004832,322158.9881585904
1004935,322158.9881585904
1005039,322158.9881585904
1005060,322158.9881585904
1005124,322158.9881585904
1005127,322158.9881585904
1005128,322158.9881585904
1005129,322158.9881585904
1005130,322158.9881585904
1005132,322158.9881585904
1005134,322158.9881585904
1005138,322158.9881585904
1005236,322158.9881585904
1005238,322158.9881585904
1005262,322158.9881585904
1005413,322158.9881585904
1005464,322158.9881585904
1005466,322158.9881585904
1005467,322158.9881585904
1005547,322158.9881585904
1005674,322158.9881585904
1005675,322158.9881585904
1005710,322158.9881585904
1005732,322158.9881585904
1005936,322158.9881585904
1005980,322158.9881585904
1005986,322158.9881585904
1005987,322158.9881585904
1006073,322158.9881585904
1006141,322158.9881585904
1006421,322158.9881585904
1006494,322158.9881585904
1006532,322158.9881585904
1006557,322158.9881585904
1006674,322158.9881585904
1006675,322158.9881585904
1006761,322158.9881585904
1006797,322158.9881585904
1006798,322158.9881585904
1006876,322158.9881585904
1006880,322158.9881585904
1006988,322158.9881585904
1007061,322158.9881585904
1007082,322158.9881585904
1007101,322158.9881585904
1007108,322158.9881585904
1007109,322158.9881585904
1007172,322158.9881585904
1007233,322158.9881585904
1007235,322158.9881585904
1007239,322158.9881585904
1007271,322158.9881585904
1007352,322158.9881585904
1007401,322158.9881585904
1007430,322158.9881585904
1007571,322158.9881585904
1007600,322158.9881585904
1007789,322158.9881585904
1007797,322158.9881585904
1007830,322158.9881585904
1007849,322158.9881585904
1007856,322158.9881585904
1007857,322158.9881585904
1007917,322158.9881585904
1007967,322158.9881585904
1007994,322158.9881585904
1008148,322158.9881585904
1008157,322158.9881585904
1008169,322158.9881585904
1008170,322158.9881585904
1008173,322158.9881585904
1008307,322158.9881585904
1008308,322158.9881585904
1008352,322158.9881585904
1008357,322158.9881585904
1008358,322158.9881585904
1008361,322158.9881585904
1008386,322158.9881585904
1008418,322158.9881585904
1008428,322158.9881585904
1008433,322158.9881585904
1008501,322158.9881585904
1008510,322158.9881585904
1008550,322158.9881585904
1008563,322158.9881585904
1008564,322158.9881585904
1008595,322158.9881585904
1008641,322158.9881585904
1008677,322158.9881585904
1008707,322158.9881585904
1008732,322158.9881585904
1008734,322158.9881585904
1008741,322158.9881585904
1008744,322158.9881585904
1008749,322158.9881585904
1008759,322158.9881585904
1008760,322158.9881585904
1008803,322158.9881585904
1008804,322158.9881585904
1008805,322158.9881585904
1008829,322158.9881585904
1008833,322158.9881585904
1008838,322158.9881585904
1008855,322158.9881585904
1008862,322158.9881585904
1008878,322158.9881585904
1008892,322158.9881585904
1008914,322158.9881585904
1008927,322158.9881585904
1008932,322158.9881585904
1009016,322158.9881585904
1009077,322158.9881585904
1009084,322158.9881585904
1009088,322158.9881585904
1009218,322158.9881585904
1009229,322158.9881585904
1009308,322158.9881585904
1009310,322158.9881585904
1009337,322158.9881585904
1009366,322158.9881585904
1009424,322158.9881585904
1009487,322158.9881585904
1009509,322158.9881585904
1009510,322158.9881585904
1009517,322158.9881585904
1009520,322158.9881585904
1009528,322158.9881585904
1009530,322158.9881585904
1009531,322158.9881585904
1009532,322158.9881585904
1009533,322158.9881585904
1009534,322158.9881585904
1009535,322158.9881585904
1009590,322158.9881585904
1009596,322158.9881585904
1009672,322158.9881585904
1009736,322158.9881585904
1009859,322158.9881585904
1009864,322158.9881585904
1009866,322158.9881585904
1009891,322158.9881585904
1009942,322158.9881585904
1009948,322158.9881585904
1009965,322158.9881585904
1009970,322158.9881585904
1010054,322158.9881585904
1010066,322158.9881585904
1010068,322158.9881585904
1010069,322158.9881585904
1010104,322158.9881585904
1010110,322158.9881585904
1010185,322158.9881585904
1010186,322158.9881585904
1010276,322158.9881585904
1010411,322158.9881585904
1010542,322158.9881585904
1010544,322158.9881585904
1010584,322158.9881585904
1010592,322158.9881585904
1010667,322158.9881585904
1010678,322158.9881585904
1010679,322158.9881585904
1010680,322158.9881585904
1010686,322158.9881585904
1010704,322158.9881585904
1010740,322158.9881585904
1010833,322158.9881585904
1010913,322158.9881585904
1010950,322158.9881585904
1010951,322158.9881585904
1010980,322158.9881585904
1010999,322158.9881585904
1011028,322158.9881585904
1011032,322158.9881585904
1011122,322158.9881585904
1011132,322158.9881585904
1011134,322158.9881585904
1011135,322158.9881585904
1011148,322158.9881585904
1011150,322158.9881585904
1011203,322158.9881585904
1011204,322158.9881585904
1011275,322158.9881585904
1011335,322158.9881585904
1011414,322158.9881585904
1011429,322158.9881585904
1011430,322158.9881585904
1011489,322158.9881585904
1011573,322158.9881585904
1011574,322158.9881585904
1011701,322158.9881585904
1011778,322158.9881585904
1011854,322158.9881585904
1011914,322158.9881585904
1012038,322158.9881585904
1012128,322158.9881585904
1012273,322158.9881585904
1012311,322158.9881585904
1012320,322158.9881585904
1012331,322158.9881585904
1012332,322158.9881585904
1012339,322158.9881585904
1012507,322158.9881585904
1012542,322158.9881585904
1012574,322158.9881585904
1012587,322158.9881585904
1012712,322158.9881585904
1012714,322158.9881585904
1012716,322158.9881585904
1012752,322158.9881585904
1012830,322158.9881585904
1012898,322158.9881585904
1012945,322158.9881585904
1013031,322158.9881585904
1013155,322158.9881585904
1013161,322158.9881585904
1013177,322158.9881585904
1013187,322158.9881585904
1013234,322158.9881585904
1013244,322158.9881585904
1013288,322158.9881585904
1013290,322158.9881585904
1013352,322158.9881585904
1013443,322158.9881585904
1013494,322158.9881585904
1013507,322158.9881585904
1013544,322158.9881585904
1013547,322158.9881585904
1013630,322158.9881585904
1013704,322158.9881585904
1013740,322158.9881585904
1013742,322158.9881585904
1013743,322158.9881585904
1013786,322158.9881585904
1013962,322158.9881585904
1014083,322158.9881585904
1014108,322158.9881585904
1014164,322158.9881585904
1014237,322158.9881585904
1014240,322158.9881585904
1014368,322158.9881585904
1014476,322158.9881585904
1014483,322158.9881585904
1014498,322158.9881585904
1014551,322158.9881585904
1014571,322158.9881585904
1014624,322158.9881585904
1014635,322158.9881585904
1014637,322158.9881585904
1014638,322158.9881585904
1014641,322158.9881585904
1014665,322158.9881585904
1014669,322158.9881585904
1014738,322158.9881585904
1014928,322158.9881585904
1014999,322158.9881585904
1015031,322158.9881585904
1015103,322158.9881585904
1015125,322158.9881585904
1015134,322158.9881585904
1015243,322158.9881585904
1015347,322158.9881585904
1015350,322158.9881585904
1015360,322158.9881585904
1015361,322158.9881585904
1015366,322158.9881585904
1015403,322158.9881585904
1015482,322158.9881585904
1015484,322158.9881585904
1015485,322158.9881585904
1015486,322158.9881585904
1015502,322158.9881585904
1015524,322158.9881585904
1015534,322158.9881585904
1015540,322158.9881585904
1015557,322158.9881585904
1015579,322158.9881585904
1015597,322158.9881585904
1015681,322158.9881585904
1015697,322158.9881585904
1015714,322158.9881585904
1015804,322158.9881585904
1015824,322158.9881585904
1015843,322158.9881585904
1015872,322158.9881585904
1015908,322158.9881585904
1015909,322158.9881585904
1015911,322158.9881585904
1015919,322158.9881585904
1015920,322158.9881585904
1016040,322158.9881585904
1016042,322158.9881585904
1016098,322158.9881585904
1016117,322158.9881585904
1016413,322158.9881585904
1016734,322158.9881585904
1016888,322158.9881585904
1016927,322158.9881585904
1017116,322158.9881585904
1017118,322158.9881585904
1017166,322158.9881585904
1017176,322158.9881585904
1017264,322158.9881585904
1017383,322158.9881585904
1017418,322158.9881585904
1017424,322158.9881585904
1017427,322158.9881585904
1017428,322158.9881585904
1017503,322158.9881585904
1017563,322158.9881585904
1017579,322158.9881585904
1017600,322158.9881585904
1017626,322158.9881585904
1017637,322158.9881585904
1017693,322158.9881585904
1017750,322158.9881585904
1017763,322158.9881585904
1017782,322158.9881585904
1017792,322158.9881585904
1017846,322158.9881585904
1017992,322158.9881585904
1017998,322158.9881585904
1018079,322158.9881585904
1018135,322158.9881585904
1018136,322158.9881585904
1018166,322158.9881585904
1018229,322158.9881585904
1018248,322158.9881585904
1018257,322158.9881585904
1018417,322158.9881585904
1018421,322158.9881585904
1018428,322158.9881585904
1018486,322158.9881585904
1018523,322158.9881585904
1018598,322158.9881585904
1018621,322158.9881585904
1018671,322158.9881585904
1018822,322158.9881585904
1018943,322158.9881585904
1019039,322158.9881585904
1019057,322158.9881585904
1019062,322158.9881585904
1019149,322158.9881585904
1019151,322158.9881585904
1019206,322158.9881585904
1019298,322158.9881585904
1019309,322158.9881585904
1019343,322158.9881585904
1019366,322158.9881585904
1019367,322158.9881585904
1019432,322158.9881585904
1019561,322158.9881585904
1019575,322158.9881585904
1019659,322158.9881585904
1019668,322158.9881585904
1019672,322158.9881585904
1019681,322158.9881585904
1019683,322158.9881585904
1019686,322158.9881585904
1019696,322158.9881585904
1019720,322158.9881585904
1019763,322158.9881585904
1019835,322158.9881585904
1019872,322158.9881585904
1019903,322158.9881585904
1019908,322158.9881585904
1019958,322158.9881585904
1020047,322158.9881585904
1020124,322158.9881585904
1020278,322158.9881585904
1020508,322158.9881585904
1020554,322158.9881585904
1020672,322158.9881585904
1020673,322158.9881585904
1020745,322158.9881585904
1020844,322158.9881585904
1021039,322158.9881585904
1021263,322158.9881585904
1021316,322158.9881585904
1021412,322158.9881585904
1021444,322158.9881585904
1021447,322158.9881585904
1021453,322158.9881585904
1021485,322158.9881585904
1021500,322158.9881585904
1021509,322158.9881585904
1021520,322158.9881585904
1021560,322158.9881585904
1021605,322158.9881585904
1021606,322158.9881585904
1021607,322158.9881585904
1021749,322158.9881585904
1021765,322158.9881585904
1021768,322158.9881585904
1021770,322158.9881585904
1021833,322158.9881585904
1021834,322158.9881585904
1021855,322158.9881585904
1021973,322158.9881585904
1022085,322158.9881585904
1022163,322158.9881585904
1022166,322158.9881585904
1022273,322158.9881585904
1022312,322158.9881585904
1022388,322158.9881585904
1022399,322158.9881585904
1022582,322158.9881585904
1022587,322158.9881585904
1022588,322158.9881585904
1022596,322158.9881585904
1022614,322158.9881585904
1022695,322158.9881585904
1022704,322158.9881585904
1022715,322158.9881585904
1022716,322158.9881585904
1022717,322158.9881585904
1022718,322158.9881585904
1022719,322158.9881585904
1022721,322158.9881585904
1022750,322158.9881585904
1022753,322158.9881585904
1022755,322158.9881585904
1022756,322158.9881585904
1022760,322158.9881585904
1022781,322158.9881585904
1022782,322158.9881585904
1022787,322158.9881585904
1022790,322158.9881585904
1022794,322158.9881585904
1022795,322158.9881585904
1022796,322158.9881585904
1022798,322158.9881585904
1022800,322158.9881585904
1022801,322158.9881585904
1022802,322158.9881585904
1022844,322158.9881585904
1022848,322158.9881585904
1022960,322158.9881585904
1023168,322158.9881585904
1023169,322158.9881585904
1023172,322158.9881585904
1023173,322158.9881585904
1023209,322158.9881585904
1023230,322158.9881585904
1023304,322158.9881585904
1023340,322158.9881585904
1023351,322158.9881585904
1023393,322158.9881585904
1023450,322158.9881585904
1023458,322158.9881585904
1023465,322158.9881585904
1023468,322158.9881585904
1023501,322158.9881585904
1023505,322158.9881585904
1023508,322158.9881585904
1023511,322158.9881585904
1023512,322158.9881585904
1023513,322158.9881585904
1023514,322158.9881585904
1023518,322158.9881585904
1023520,322158.9881585904
1023521,322158.9881585904
1023552,322158.9881585904
1023559,322158.9881585904
1023590,322158.9881585904
1023664,322158.9881585904
1023676,322158.9881585904
1023677,322158.9881585904
1023744,322158.9881585904
1023764,322158.9881585904
1023774,322158.9881585904
1024012,322158.9881585904
1024071,322158.9881585904
1024126,322158.9881585904
1024133,322158.9881585904
1024324,322158.9881585904
1024371,322158.9881585904
1024444,322158.9881585904
1024449,322158.9881585904
1024456,322158.9881585904
1024463,322158.9881585904
1024474,322158.9881585904
1024477,322158.9881585904
1024508,322158.9881585904
1024529,322158.9881585904
1024536,322158.9881585904
1024590,322158.9881585904
1024625,322158.9881585904
1024628,322158.9881585904
1024636,322158.9881585904
1062270,322158.9881585904
1062278,322158.9881585904
1062287,322158.9881585904
1062389,322158.9881585904
1062404,322158.9881585904
1062442,322158.9881585904
1062482,322158.9881585904
1062512,322158.9881585904
1062516,322158.9881585904
1062537,322158.9881585904
1062557,322158.9881585904
1062572,322158.9881585904
1062643,322158.9881585904
1062645,322158.9881585904
1062676,322158.9881585904
1062691,322158.9881585904
1062714,322158.9881585904
1062737,322158.9881585904
1062839,322158.9881585904
1062840,322158.9881585904
1062844,322158.9881585904
1062946,322158.9881585904
1062972,322158.9881585904
1062991,322158.9881585904
1063009,322158.9881585904
1063010,322158.9881585904
1063011,322158.9881585904
1063045,322158.9881585904
1063050,322158.9881585904
1063051,322158.9881585904
1063070,322158.9881585904
1063106,322158.9881585904
1063130,322158.9881585904
1063217,322158.9881585904
1063317,322158.9881585904
1063480,322158.9881585904
1063535,322158.9881585904
1063601,322158.9881585904
1063668,322158.9881585904
1063704,322158.9881585904
1063829,322158.9881585904
1063862,322158.9881585904
1063906,322158.9881585904
1063923,322158.9881585904
1064029,322158.9881585904
1064042,322158.9881585904
1064047,322158.9881585904
1064050,322158.9881585904
1064059,322158.9881585904
1064061,322158.9881585904
1064082,322158.9881585904
1064093,322158.9881585904
1064155,322158.9881585904
1064165,322158.9881585904
1064170,322158.9881585904
1064189,322158.9881585904
1064253,322158.9881585904
1064260,322158.9881585904
1064263,322158.9881585904
1064289,322158.9881585904
1064327,322158.9881585904
1064340,322158.9881585904
1064342,322158.9881585904
1064347,322158.9881585904
1064358,322158.9881585904
1064389,322158.9881585904
1064391,322158.9881585904
1064393,322158.9881585904
1064415,322158.9881585904
1064420,322158.9881585904
1064421,322158.9881585904
1064424,322158.9881585904
1064425,322158.9881585904
1064433,322158.9881585904
1064438,322158.9881585904
1064469,322158.9881585904
1064535,322158.9881585904
1064536,322158.9881585904
1064538,322158.9881585904
1064539,322158.9881585904
1064552,322158.9881585904
1064556,322158.9881585904
1064605,322158.9881585904
1064632,322158.9881585904
1064660,322158.9881585904
1064707,322158.9881585904
1064708,322158.9881585904
1064709,322158.9881585904
1064715,322158.9881585904
1064718,322158.9881585904
1064724,322158.9881585904
1064774,322158.9881585904
1064782,322158.9881585904
1064786,322158.9881585904
1064791,322158.9881585904
1064836,322158.9881585904
1064856,322158.9881585904
1064863,322158.9881585904
1064870,322158.9881585904
1064872,322158.9881585904
1064873,322158.9881585904
1064904,322158.9881585904
1064906,322158.9881585904
1064997,322158.9881585904
1064998,322158.9881585904
1065033,322158.9881585904
1065055,322158.9881585904
1065146,322158.9881585904
1065162,322158.9881585904
1065164,322158.9881585904
1065198,322158.9881585904
1065199,322158.9881585904
1065201,322158.9881585904
1065202,322158.9881585904
1065203,322158.9881585904
1065246,322158.9881585904
1065262,322158.9881585904
1065274,322158.9881585904
1065275,322158.9881585904
1065297,322158.9881585904
1065304,322158.9881585904
1065320,322158.9881585904
1065322,322158.9881585904
1065328,322158.9881585904
1065359,322158.9881585904
1065372,322158.9881585904
1065374,322158.9881585904
1065377,322158.9881585904
1065396,322158.9881585904
1065406,322158.9881585904
1065413,322158.9881585904
1065448,322158.9881585904
1065477,322158.9881585904
1065483,322158.9881585904
1065488,322158.9881585904
1065529,322158.9881585904
1065572,322158.9881585904
1065607,322158.9881585904
1065613,322158.9881585904
1065615,322158.9881585904
1065617,322158.9881585904
1065619,322158.9881585904
1065621,322158.9881585904
1065641,322158.9881585904
1065658,322158.9881585904
1065662,322158.9881585904
1065702,322158.9881585904
1065761,322158.9881585904
1065771,322158.9881585904
1065835,322158.9881585904
1065838,322158.9881585904
1065848,322158.9881585904
1065852,322158.9881585904
1065855,322158.9881585904
1065857,322158.9881585904
1065859,322158.9881585904
1065883,322158.9881585904
1065901,322158.9881585904
1065927,322158.9881585904
1065939,322158.9881585904
1065940,322158.9881585904
1065970,322158.9881585904
1065973,322158.9881585904
1066009,322158.9881585904
1066029,322158.9881585904
1066035,322158.9881585904
1066052,322158.9881585904
1066060,322158.9881585904
1066082,322158.9881585904
1066109,322158.9881585904
1066119,322158.9881585904
1066134,322158.9881585904
1066159,322158.9881585904
1066160,322158.9881585904
1066161,322158.9881585904
1066162,322158.9881585904
1066163,322158.9881585904
1066170,322158.9881585904
1066171,322158.9881585904
1066172,322158.9881585904
1066174,322158.9881585904
1066191,322158.9881585904
1066194,322158.9881585904
1066245,322158.9881585904
1066361,322158.9881585904
1066365,322158.9881585904
1066375,322158.9881585904
1066378,322158.9881585904
1066379,322158.9881585904
1066409,322158.9881585904
1066413,322158.9881585904
1066448,322158.9881585904
1066476,322158.9881585904
1066524,322158.9881585904
1066548,322158.9881585904
1066602,322158.9881585904
1066603,322158.9881585904
1066605,322158.9881585904
1066643,322158.9881585904
1066644,322158.9881585904
1066664,322158.9881585904
1066730,322158.9881585904
1066734,322158.9881585904
1066736,322158.9881585904
1066759,322158.9881585904
1066761,322158.9881585904
1066772,322158.9881585904
1066792,322158.9881585904
1066795,322158.9881585904
1066832,322158.9881585904
1066845,322158.9881585904
1066847,322158.9881585904
1066938,322158.9881585904
1066944,322158.9881585904
1066988,322158.9881585904
1066996,322158.9881585904
1067005,322158.9881585904
1067009,322158.9881585904
1067011,322158.9881585904
1067037,322158.9881585904
1067063,322158.9881585904
1067064,322158.9881585904
1067088,322158.9881585904
1067115,322158.9881585904
1067119,322158.9881585904
1067291,322158.9881585904
1067363,322158.9881585904
1067374,322158.9881585904
1067395,322158.9881585904
1067402,322158.9881585904
1067412,322158.9881585904
1067425,322158.9881585904
1067428,322158.9881585904
1067430,322158.9881585904
1067435,322158.9881585904
1067478,322158.9881585904
1067512,322158.9881585904
1067533,322158.9881585904
1067536,322158.9881585904
1067549,322158.9881585904
1067555,322158.9881585904
1067557,322158.9881585904
1067570,322158.9881585904
1067575,322158.9881585904
1067577,322158.9881585904
1067578,322158.9881585904
1067584,322158.9881585904
1067596,322158.9881585904
1067598,322158.9881585904
1067614,322158.9881585904
1067631,322158.9881585904
1067649,322158.9881585904
1067652,322158.9881585904
1067687,322158.9881585904
1067688,322158.9881585904
1067704,322158.9881585904
1067705,322158.9881585904
1067731,322158.9881585904
1067746,322158.9881585904
1067756,322158.9881585904
1067777,322158.9881585904
1067793,322158.9881585904
1067808,322158.9881585904
1067821,322158.9881585904
1067834,322158.9881585904
1067846,322158.9881585904
1067850,322158.9881585904
1067853,322158.9881585904
1067863,322158.9881585904
1067913,322158.9881585904
1067914,322158.9881585904
1067962,322158.9881585904
1067999,322158.9881585904
1068022,322158.9881585904
1068055,322158.9881585904
1068076,322158.9881585904
1068078,322158.9881585904
1068136,322158.9881585904
1068137,322158.9881585904
1068155,322158.9881585904
1068157,322158.9881585904
1068158,322158.9881585904
1068173,322158.9881585904
1068240,322158.9881585904
1068266,322158.9881585904
1068324,322158.9881585904
1068360,322158.9881585904
1068386,322158.9881585904
1068396,322158.9881585904
1068406,322158.9881585904
1068409,322158.9881585904
1068414,322158.9881585904
1068466,322158.9881585904
1068489,322158.9881585904
1068501,322158.9881585904
1068520,322158.9881585904
1068533,322158.9881585904
1068611,322158.9881585904
1068645,322158.9881585904
1068683,322158.9881585904
1068685,322158.9881585904
1068698,322158.9881585904
1068703,322158.9881585904
1068737,322158.9881585904
1068751,322158.9881585904
1068752,322158.9881585904
1068797,322158.9881585904
1068824,322158.9881585904
1068840,322158.9881585904
1068894,322158.9881585904
1068949,322158.9881585904
1068954,322158.9881585904
1068960,322158.9881585904
1069002,322158.9881585904
1069029,322158.9881585904
1069034,322158.9881585904
1069058,322158.9881585904
1069115,322158.9881585904
1069117,322158.9881585904
1069137,322158.9881585904
1069138,322158.9881585904
1069204,322158.9881585904
1069246,322158.9881585904
1069293,322158.9881585904
1069308,322158.9881585904
1069388,322158.9881585904
1069416,322158.9881585904
1069429,322158.9881585904
1069430,322158.9881585904
1069489,322158.9881585904
1069539,322158.9881585904
1069541,322158.9881585904
1069543,322158.9881585904
1069544,322158.9881585904
1069545,322158.9881585904
1069602,322158.9881585904
1069619,322158.9881585904
1069633,322158.9881585904
1069662,322158.9881585904
1069672,322158.9881585904
1069673,322158.9881585904
1069712,322158.9881585904
1069750,322158.9881585904
1069782,322158.9881585904
1069813,322158.9881585904
1069835,322158.9881585904
1069857,322158.9881585904
1069881,322158.9881585904
1069973,322158.9881585904
1069981,322158.9881585904
1069982,322158.9881585904
1070002,322158.9881585904
1070067,322158.9881585904
1070070,322158.9881585904
1070084,322158.9881585904
1070089,322158.9881585904
1070103,322158.9881585904
1070165,322158.9881585904
1070183,322158.9881585904
1070185,322158.9881585904
1070208,322158.9881585904
1070245,322158.9881585904
1070308,322158.9881585904
1070362,322158.9881585904
1070374,322158.9881585904
1070378,322158.9881585904
1070388,322158.9881585904
1070394,322158.9881585904
1070438,322158.9881585904
1070454,322158.9881585904
1070455,322158.9881585904
1070456,322158.9881585904
1070463,322158.9881585904
1070467,322158.9881585904
1070469,322158.9881585904
1070498,322158.9881585904
1070501,322158.9881585904
1070516,322158.9881585904
1070554,322158.9881585904
1070570,322158.9881585904
1070573,322158.9881585904
1070643,322158.9881585904
1070656,322158.9881585904
1070675,322158.9881585904
1070677,322158.9881585904
1070707,322158.9881585904
1070760,322158.9881585904
1070770,322158.9881585904
1070862,322158.9881585904
1070866,322158.9881585904
1070907,322158.9881585904
1070916,322158.9881585904
1071031,322158.9881585904
1071038,322158.9881585904
1071042,322158.9881585904
1071045,322158.9881585904
1071046,322158.9881585904
1071118,322158.9881585904
1071145,322158.9881585904
1071161,322158.9881585904
1071166,322158.9881585904
1071202,322158.9881585904
1071335,322158.9881585904
1071349,322158.9881585904
1071350,322158.9881585904
1071356,322158.9881585904
1071357,322158.9881585904
1071360,322158.9881585904
1071370,322158.9881585904
1071376,322158.9881585904
1071378,322158.9881585904
1071390,322158.9881585904
1071413,322158.9881585904
1071414,322158.9881585904
1071415,322158.9881585904
1071419,322158.9881585904
1071427,322158.9881585904
1071430,322158.9881585904
1071434,322158.9881585904
1071481,322158.9881585904
1071503,322158.9881585904
1071504,322158.9881585904
1071532,322158.9881585904
1071537,322158.9881585904
1071551,322158.9881585904
1071574,322158.9881585904
1071613,322158.9881585904
1071621,322158.9881585904
1071651,322158.9881585904
1071653,322158.9881585904
1071669,322158.9881585904
1071704,322158.9881585904
1071722,322158.9881585904
1071727,322158.9881585904
1071737,322158.9881585904
1071740,322158.9881585904
1071782,322158.9881585904
1071889,322158.9881585904
1071899,322158.9881585904
1071920,322158.9881585904
1071948,322158.9881585904
1071950,322158.9881585904
1071983,322158.9881585904
1071997,322158.9881585904
1072066,322158.9881585904
1072080,322158.9881585904
1072081,322158.9881585904
1072086,322158.9881585904
1072176,322158.9881585904
1072178,322158.9881585904
1072201,322158.9881585904
1072204,322158.9881585904
1072219,322158.9881585904
1072229,322158.9881585904
1072242,322158.9881585904
1072245,322158.9881585904
1072249,322158.9881585904
1072259,322158.9881585904
1072306,322158.9881585904
1072320,322158.9881585904
1072326,322158.9881585904
1072334,322158.9881585904
1072345,322158.9881585904
1072353,322158.9881585904
1072382,322158.9881585904
1072387,322158.9881585904
1072403,322158.9881585904
1072484,322158.9881585904
1072487,322158.9881585904
1072490,322158.9881585904
1072493,322158.9881585904
1072503,322158.9881585904
1072536,322158.9881585904
1072548,322158.9881585904
1072599,322158.9881585904
1072627,322158.9881585904
1072632,322158.9881585904
1072681,322158.9881585904
1072729,322158.9881585904
1072752,322158.9881585904
1072775,322158.9881585904
1072776,322158.9881585904
1072779,322158.9881585904
1072780,322158.9881585904
1072784,322158.9881585904
1072800,322158.9881585904
1072809,322158.9881585904
1072819,322158.9881585904
1072842,322158.9881585904
1072873,322158.9881585904
1072880,322158.9881585904
1072894,322158.9881585904
1072901,322158.9881585904
1072913,322158.9881585904
1072929,322158.9881585904
1072973,322158.9881585904
1073092,322158.9881585904
1073108,322158.9881585904
1073195,322158.9881585904
1073200,322158.9881585904
1073209,322158.9881585904
1073215,322158.9881585904
1073216,322158.9881585904
1073217,322158.9881585904
1073218,322158.9881585904
1073219,322158.9881585904
1073220,322158.9881585904
1073221,322158.9881585904
1073222,322158.9881585904
1073223,322158.9881585904
1073224,322158.9881585904
1073225,322158.9881585904
1073226,322158.9881585904
1073228,322158.9881585904
1073229,322158.9881585904
1073234,322158.9881585904
1073238,322158.9881585904
1073240,322158.9881585904
1073251,322158.9881585904
1073388,322158.9881585904
1073391,322158.9881585904
1073420,322158.9881585904
1073428,322158.9881585904
1073465,322158.9881585904
1073471,322158.9881585904
1073484,322158.9881585904
1073529,322158.9881585904
1073563,322158.9881585904
1073604,322158.9881585904
1073621,322158.9881585904
1073622,322158.9881585904
1073626,322158.9881585904
1073663,322158.9881585904
1073675,322158.9881585904
1073681,322158.9881585904
1073695,322158.9881585904
1073753,322158.9881585904
1073779,322158.9881585904
1073844,322158.9881585904
1073846,322158.9881585904
1074053,322158.9881585904
1074196,322158.9881585904
1074279,322158.9881585904
1074340,322158.9881585904
1074532,322158.9881585904
1074540,322158.9881585904
1074548,322158.9881585904
1074550,322158.9881585904
1074554,322158.9881585904
1074575,322158.9881585904
1074579,322158.9881585904
1074603,322158.9881585904
1074607,322158.9881585904
1074608,322158.9881585904
1074643,322158.9881585904
1074677,322158.9881585904
1074682,322158.9881585904
1074697,322158.9881585904
1074710,322158.9881585904
1074741,322158.9881585904
1074816,322158.9881585904
1074821,322158.9881585904
1074882,322158.9881585904
1074943,322158.9881585904
1074946,322158.9881585904
1074968,322158.9881585904
1074991,322158.9881585904
1075071,322158.9881585904
1075075,322158.9881585904
1075078,322158.9881585904
1075192,322158.9881585904
1075221,322158.9881585904
1075262,322158.9881585904
1075320,322158.9881585904
1075321,322158.9881585904
1075527,322158.9881585904
1075555,322158.9881585904
1075566,322158.9881585904
1075576,322158.9881585904
1075621,322158.9881585904
1075623,322158.9881585904
1075669,322158.9881585904
1075694,322158.9881585904
1075794,322158.9881585904
1075855,322158.9881585904
1075875,322158.9881585904
1075876,322158.9881585904
1075878,322158.9881585904
1075902,322158.9881585904
1075981,322158.9881585904
1076017,322158.9881585904
1076028,322158.9881585904
1076116,322158.9881585904
1076133,322158.9881585904
1076153,322158.9881585904
1076223,322158.9881585904
1076232,322158.9881585904
1076237,322158.9881585904
1076242,322158.9881585904
1076246,322158.9881585904
1076250,322158.9881585904
1076256,322158.9881585904
1076265,322158.9881585904
1076270,322158.9881585904
1076275,322158.9881585904
1076282,322158.9881585904
1076297,322158.9881585904
1076314,322158.9881585904
1076342,322158.9881585904
1076353,322158.9881585904
1076399,322158.9881585904
1076400,322158.9881585904
1076410,322158.9881585904
1076411,322158.9881585904
1076419,322158.9881585904
1076451,322158.9881585904
1076453,322158.9881585904
1076479,322158.9881585904
1076502,322158.9881585904
1076505,322158.9881585904
1076512,322158.9881585904
1076516,322158.9881585904
1076615,322158.9881585904
1076618,322158.9881585904
1076619,322158.9881585904
1076637,322158.9881585904
1076655,322158.9881585904
1076670,322158.9881585904
1076672,322158.9881585904
1076751,322158.9881585904
1076780,322158.9881585904
1076822,322158.9881585904
1076837,322158.9881585904
1076848,322158.9881585904
1076851,322158.9881585904
1076867,322158.9881585904
1076870,322158.9881585904
1076873,322158.9881585904
1076877,322158.9881585904
1076899,322158.9881585904
1076928,322158.9881585904
1076931,322158.9881585904
1077002,322158.9881585904
1077007,322158.9881585904
1077008,322158.9881585904
1077013,322158.9881585904
1077024,322158.9881585904
1077043,322158.9881585904
1077056,322158.9881585904
1077067,322158.9881585904
1077162,322158.9881585904
1077187,322158.9881585904
1077265,322158.9881585904
1077596,322158.9881585904
1077624,322158.9881585904
1077752,322158.9881585904
1077787,322158.9881585904
1077884,322158.9881585904
1078098,322158.9881585904
1078219,322158.9881585904
1078257,322158.9881585904
1078341,322158.9881585904
1078355,322158.9881585904
1078360,322158.9881585904
1078409,322158.9881585904
1078431,322158.9881585904
1078454,322158.9881585904
1078476,322158.9881585904
1078477,322158.9881585904
1078497,322158.9881585904
1078545,322158.9881585904
1078556,322158.9881585904
1078564,322158.9881585904
1078585,322158.9881585904
1078640,322158.9881585904
1078648,322158.9881585904
1078660,322158.9881585904
1078685,322158.9881585904
1078699,322158.9881585904
1078723,322158.9881585904
1078725,322158.9881585904
1078736,322158.9881585904
1078773,322158.9881585904
1078806,322158.9881585904
1078814,322158.9881585904
1078885,322158.9881585904
1078899,322158.9881585904
1078908,322158.9881585904
1078969,322158.9881585904
1079020,322158.9881585904
1079036,322158.9881585904
1079059,322158.9881585904
1079068,322158.9881585904
1079153,322158.9881585904
1079183,322158.9881585904
1079230,322158.9881585904
1079254,322158.9881585904
1079277,322158.9881585904
1079282,322158.9881585904
1079294,322158.9881585904
1079320,322158.9881585904
1079334,322158.9881585904
1079343,322158.9881585904
1079356,322158.9881585904
1079382,322158.9881585904
1079459,322158.9881585904
1079463,322158.9881585904
1079464,322158.9881585904
1079479,322158.9881585904
1079483,322158.9881585904
1079497,322158.9881585904
1079498,322158.9881585904
1079503,322158.9881585904
1079504,322158.9881585904
1079528,322158.9881585904
1079568,322158.9881585904
1079600,322158.9881585904
1079607,322158.9881585904
1079608,322158.9881585904
1079612,322158.9881585904
1079618,322158.9881585904
1079705,322158.9881585904
1079766,322158.9881585904
1079842,322158.9881585904
1079850,322158.9881585904
1079853,322158.9881585904
1079868,322158.9881585904
1079892,322158.9881585904
1079895,322158.9881585904
1079928,322158.9881585904
1079992,322158.9881585904
1079994,322158.9881585904
1079995,322158.9881585904
1080005,322158.9881585904
1080008,322158.9881585904
1080010,322158.9881585904
1080011,322158.9881585904
1080015,322158.9881585904
1080025,322158.9881585904
1080028,322158.9881585904
1080030,322158.9881585904
1080032,322158.9881585904
1080034,322158.9881585904
1080037,322158.9881585904
1080063,322158.9881585904
1080064,322158.9881585904
1080065,322158.9881585904
1080066,322158.9881585904
1080069,322158.9881585904
1080072,322158.9881585904
1080077,322158.9881585904
1080111,322158.9881585904
1080133,322158.9881585904
1080147,322158.9881585904
1080162,322158.9881585904
1080187,322158.9881585904
1080200,322158.9881585904
1080279,322158.9881585904
1080290,322158.9881585904
1080292,322158.9881585904
1080299,322158.9881585904
1080327,322158.9881585904
1080328,322158.9881585904
1080332,322158.9881585904
1080334,322158.9881585904
1080342,322158.9881585904
1080343,322158.9881585904
1080364,322158.9881585904
1080379,322158.9881585904
1080382,322158.9881585904
1080383,322158.9881585904
1080399,322158.9881585904
1080401,322158.9881585904
1080426,322158.9881585904
1080440,322158.9881585904
1080450,322158.9881585904
1080465,322158.9881585904
1080482,322158.9881585904
1080485,322158.9881585904
1080507,322158.9881585904
1080562,322158.9881585904
1080606,322158.9881585904
1080621,322158.9881585904
1080633,322158.9881585904
1080663,322158.9881585904
1080670,322158.9881585904
1080752,322158.9881585904
1080755,322158.9881585904
1080757,322158.9881585904
1080776,322158.9881585904
1080802,322158.9881585904
1080807,322158.9881585904
1080836,322158.9881585904
1080849,322158.9881585904
1080858,322158.9881585904
1080859,322158.9881585904
1080914,322158.9881585904
1080921,322158.9881585904
1080937,322158.9881585904
1080977,322158.9881585904
1080980,322158.9881585904
1080983,322158.9881585904
1081011,322158.9881585904
1081038,322158.9881585904
1081055,322158.9881585904
1081112,322158.9881585904
1081125,322158.9881585904
1081153,322158.9881585904
1081170,322158.9881585904
1081201,322158.9881585904
1081232,322158.9881585904
1081267,322158.9881585904
1081351,322158.9881585904
1081356,322158.9881585904
1081395,322158.9881585904
1081435,322158.9881585904
1081436,322158.9881585904
1081442,322158.9881585904
1081472,322158.9881585904
1081487,322158.9881585904
1081508,322158.9881585904
1081512,322158.9881585904
1081528,322158.9881585904
1081552,322158.9881585904
1081575,322158.9881585904
1081706,322158.9881585904
1081782,322158.9881585904
1081785,322158.9881585904
1081787,322158.9881585904
1081832,322158.9881585904
1081833,322158.9881585904
1081838,322158.9881585904
1081841,322158.9881585904
1081843,322158.9881585904
1081844,322158.9881585904
1081848,322158.9881585904
1081869,322158.9881585904
1081902,322158.9881585904
1081903,322158.9881585904
1081908,322158.9881585904
1081924,322158.9881585904
1081936,322158.9881585904
1081949,322158.9881585904
1081970,322158.9881585904
1082039,322158.9881585904
1082045,322158.9881585904
1082046,322158.9881585904
1082048,322158.9881585904
1082118,322158.9881585904
1082145,322158.9881585904
1082147,322158.9881585904
1082163,322158.9881585904
1082251,322158.9881585904
1082254,322158.9881585904
1082255,322158.9881585904
1082327,322158.9881585904
1082342,322158.9881585904
1082343,322158.9881585904
1082360,322158.9881585904
1082376,322158.9881585904
1082382,322158.9881585904
1082390,322158.9881585904
1082417,322158.9881585904
1082420,322158.9881585904
1082432,322158.9881585904
1082441,322158.9881585904
1082442,322158.9881585904
1082461,322158.9881585904
1082482,322158.9881585904
1082483,322158.9881585904
1082488,322158.9881585904
1082504,322158.9881585904
1082508,322158.9881585904
1082533,322158.9881585904
1082548,322158.9881585904
1082549,322158.9881585904
1082586,322158.9881585904
1082640,322158.9881585904
1082677,322158.9881585904
1082833,322158.9881585904
1082840,322158.9881585904
1082846,322158.9881585904
1082857,322158.9881585904
1082863,322158.9881585904
1082867,322158.9881585904
1082927,322158.9881585904
1082928,322158.9881585904
1082958,322158.9881585904
1083026,322158.9881585904
1083029,322158.9881585904
1083052,322158.9881585904
1083095,322158.9881585904
1083118,322158.9881585904
1083122,322158.9881585904
1083137,322158.9881585904
1083208,322158.9881585904
1083251,322158.9881585904
1083264,322158.9881585904
1083284,322158.9881585904
1083291,322158.9881585904
1083296,322158.9881585904
1083300,322158.9881585904
1083303,322158.9881585904
1083345,322158.9881585904
1083382,322158.9881585904
1083388,322158.9881585904
1083392,322158.9881585904
1083402,322158.9881585904
1083405,322158.9881585904
1083495,322158.9881585904
1083545,322158.9881585904
1086147,322158.9881585904
1086216,322158.9881585904
1086243,322158.9881585904
1086254,322158.9881585904
1086282,322158.9881585904
1086309,322158.9881585904
1086312,322158.9881585904
1086333,322158.9881585904
1086344,322158.9881585904
1086616,322158.9881585904
1086670,322158.9881585904
1086770,322158.9881585904
1086802,322158.9881585904
1086813,322158.9881585904
1086818,322158.9881585904
1086819,322158.9881585904
1086820,322158.9881585904
1086826,322158.9881585904
1086827,322158.9881585904
1086842,322158.9881585904
1086844,322158.9881585904
1086846,322158.9881585904
1086847,322158.9881585904
1086848,322158.9881585904
1086864,322158.9881585904
1086917,322158.9881585904
1086918,322158.9881585904
1086963,322158.9881585904
1086991,322158.9881585904
1086999,322158.9881585904
1087035,322158.9881585904
1087054,322158.9881585904
1087111,322158.9881585904
1087112,322158.9881585904
1087115,322158.9881585904
1087116,322158.9881585904
1087132,322158.9881585904
1087135,322158.9881585904
1087193,322158.9881585904
1087235,322158.9881585904
1087237,322158.9881585904
1087238,322158.9881585904
1087241,322158.9881585904
1087288,322158.9881585904
1087329,322158.9881585904
1087340,322158.9881585904
1087346,322158.9881585904
1087349,322158.9881585904
1087375,322158.9881585904
1087389,322158.9881585904
1087406,322158.9881585904
1087423,322158.9881585904
1087432,322158.9881585904
1093650,322158.9881585904
1093654,322158.9881585904
1093657,322158.9881585904
1093659,322158.9881585904
1093661,322158.9881585904
1093675,322158.9881585904
1093684,322158.9881585904
1093703,322158.9881585904
1093710,322158.9881585904
1093711,322158.9881585904
1093718,322158.9881585904
1093725,322158.9881585904
1093808,322158.9881585904
1093813,322158.9881585904
1093816,322158.9881585904
1093817,322158.9881585904
1093845,322158.9881585904
1093848,322158.9881585904
1093904,322158.9881585904
1093906,322158.9881585904
1093909,322158.9881585904
1093920,322158.9881585904
1093958,322158.9881585904
1093960,322158.9881585904
1094005,322158.9881585904
1094008,322158.9881585904
1094012,322158.9881585904
1094018,322158.9881585904
1094108,322158.9881585904
1094111,322158.9881585904
1094126,322158.9881585904
1094128,322158.9881585904
1094133,322158.9881585904
1094136,322158.9881585904
1094142,322158.9881585904
1094151,322158.9881585904
1094174,322158.9881585904
1094196,322158.9881585904
1094198,322158.9881585904
1094232,322158.9881585904
1094299,322158.9881585904
1094334,322158.9881585904
1094348,322158.9881585904
1094353,322158.9881585904
1094362,322158.9881585904
1094412,322158.9881585904
1094416,322158.9881585904
1094419,322158.9881585904
1094463,322158.9881585904
1094464,322158.9881585904
1094519,322158.9881585904
1094530,322158.9881585904
1094531,322158.9881585904
1094538,322158.9881585904
1094590,322158.9881585904
1094633,322158.9881585904
1094660,322158.9881585904
1094668,322158.9881585904
1094694,322158.9881585904
1094714,322158.9881585904
1094717,322158.9881585904
1094747,322158.9881585904
1094771,322158.9881585904
1094773,322158.9881585904
1094779,322158.9881585904
1094810,322158.9881585904
1094817,322158.9881585904
1094818,322158.9881585904
1094822,322158.9881585904
1094855,322158.9881585904
1094858,322158.9881585904
1094864,322158.9881585904
1094895,322158.9881585904
1094910,322158.9881585904
1094939,322158.9881585904
1094960,322158.9881585904
1095019,322158.9881585904
1095021,322158.9881585904
1095025,322158.9881585904
1095029,322158.9881585904
1095031,322158.9881585904
1095067,322158.9881585904
1095105,322158.9881585904
1095126,322158.9881585904
1095135,322158.9881585904
1095139,322158.9881585904
1095146,322158.9881585904
1095292,322158.9881585904
1095313,322158.9881585904
1095326,322158.9881585904
1095334,322158.9881585904
1095343,322158.9881585904
1095383,322158.9881585904
1095399,322158.9881585904
1095416,322158.9881585904
1095448,322158.9881585904
1095478,322158.9881585904
1095480,322158.9881585904
1095496,322158.9881585904
1095500,322158.9881585904
1095529,322158.9881585904
1095536,322158.9881585904
1095552,322158.9881585904
1095588,322158.9881585904
1095624,322158.9881585904
1095650,322158.9881585904
1095691,322158.9881585904
1095735,322158.9881585904
1095799,322158.9881585904
1095804,322158.9881585904
1095810,322158.9881585904
1095827,322158.9881585904
1095841,322158.9881585904
1095853,322158.9881585904
1095860,322158.9881585904
1095866,322158.9881585904
1095906,322158.9881585904
1095907,322158.9881585904
1095926,322158.9881585904
1095949,322158.9881585904
1096078,322158.9881585904
1096079,322158.9881585904
1096090,322158.9881585904
1096148,322158.9881585904
1096213,322158.9881585904
1096235,322158.9881585904
1096271,322158.9881585904
1096279,322158.9881585904
1096316,322158.9881585904
1096318,322158.9881585904
1096335,322158.9881585904
1096339,322158.9881585904
1096405,322158.9881585904
1096417,322158.9881585904
1096464,322158.9881585904
1096480,322158.9881585904
1096484,322158.9881585904
1096513,322158.9881585904
1096539,322158.9881585904
1096546,322158.9881585904
1096550,322158.9881585904
1096556,322158.9881585904
1096573,322158.9881585904
1096583,322158.9881585904
1096585,322158.9881585904
1096590,322158.9881585904
1096593,322158.9881585904
1096600,322158.9881585904
1096627,322158.9881585904
1096631,322158.9881585904
1096691,322158.9881585904
1096700,322158.9881585904
1096716,322158.9881585904
1096723,322158.9881585904
1096749,322158.9881585904
1096777,322158.9881585904
1096784,322158.9881585904
1096858,322158.9881585904
1096873,322158.9881585904
1096921,322158.9881585904
1096936,322158.9881585904
1096968,322158.9881585904
1096972,322158.9881585904
1097023,322158.9881585904
1097024,322158.9881585904
1097040,322158.9881585904
1097041,322158.9881585904
1097045,322158.9881585904
1097078,322158.9881585904
1097079,322158.9881585904
1097082,322158.9881585904
1097084,322158.9881585904
1097102,322158.9881585904
1097259,322158.9881585904
1097283,322158.9881585904
1097365,322158.9881585904
1097366,322158.9881585904
1097476,322158.9881585904
1097499,322158.9881585904
1097500,322158.9881585904
1097511,322158.9881585904
1097514,322158.9881585904
1097544,322158.9881585904
1097562,322158.9881585904
1097569,322158.9881585904
1097597,322158.9881585904
1097609,322158.9881585904
1097635,322158.9881585904
1097650,322158.9881585904
1097655,322158.9881585904
1097659,322158.9881585904
1097664,322158.9881585904
1097673,322158.9881585904
1097675,322158.9881585904
1097698,322158.9881585904
1097718,322158.9881585904
1097755,322158.9881585904
1097767,322158.9881585904
1097777,322158.9881585904
1097778,322158.9881585904
1097795,322158.9881585904
1097861,322158.9881585904
1097886,322158.9881585904
1097887,322158.9881585904
1097888,322158.9881585904
1097928,322158.9881585904
1097949,322158.9881585904
1097975,322158.9881585904
1097993,322158.9881585904
1097994,322158.9881585904
1098066,322158.9881585904
1098122,322158.9881585904
1098125,322158.9881585904
1098140,322158.9881585904
1098199,322158.9881585904
1098213,322158.9881585904
1098215,322158.9881585904
1098219,322158.9881585904
1098228,322158.9881585904
1098252,322158.9881585904
1098268,322158.9881585904
1098275,322158.9881585904
1098362,322158.9881585904
1098365,322158.9881585904
1098396,322158.9881585904
1098468,322158.9881585904
1098495,322158.9881585904
1098569,322158.9881585904
1098588,322158.9881585904
1098633,322158.9881585904
1098693,322158.9881585904
1098698,322158.9881585904
1098706,322158.9881585904
1098771,322158.9881585904
1098971,322158.9881585904
1098987,322158.9881585904
1098991,322158.9881585904
1098994,322158.9881585904
1099004,322158.9881585904
1099021,322158.9881585904
1099030,322158.9881585904
1099038,322158.9881585904
1099039,322158.9881585904
1099045,322158.9881585904
1099133,322158.9881585904
1099137,322158.9881585904
1099153,322158.9881585904
1099180,322158.9881585904
1099183,322158.9881585904
1099184,322158.9881585904
1099199,322158.9881585904
1099315,322158.9881585904
1099316,322158.9881585904
1099320,322158.9881585904
1099323,322158.9881585904
1099326,322158.9881585904
1099329,322158.9881585904
1099335,322158.9881585904
1099338,322158.9881585904
1099342,322158.9881585904
1099350,322158.9881585904
1099351,322158.9881585904
1099359,322158.9881585904
1099364,322158.9881585904
1099366,322158.9881585904
1099382,322158.9881585904
1099383,322158.9881585904
1099407,322158.9881585904
1099414,322158.9881585904
1099441,322158.9881585904
1099447,322158.9881585904
1099465,322158.9881585904
1099469,322158.9881585904
1099488,322158.9881585904
1099520,322158.9881585904
1099562,322158.9881585904
1099567,322158.9881585904
1099623,322158.9881585904
1099651,322158.9881585904
1099664,322158.9881585904
1099665,322158.9881585904
1099671,322158.9881585904
1099702,322158.9881585904
1099722,322158.9881585904
1099725,322158.9881585904
1099726,322158.9881585904
1099728,322158.9881585904
1099729,322158.9881585904
1099734,322158.9881585904
1099740,322158.9881585904
1099743,322158.9881585904
1099768,322158.9881585904
1099774,322158.9881585904
1099796,322158.9881585904
1099815,322158.9881585904
1099837,322158.9881585904
1099916,322158.9881585904
1099928,322158.9881585904
1099941,322158.9881585904
1099946,322158.9881585904
1099948,322158.9881585904
1099950,322158.9881585904
1099972,322158.9881585904
1099995,322158.9881585904
1099996,322158.9881585904
1100056,322158.9881585904
1100076,322158.9881585904
1100169,322158.9881585904
1100171,322158.9881585904
1100178,322158.9881585904
1100189,322158.9881585904
1100191,322158.9881585904
1100192,322158.9881585904
1100194,322158.9881585904
1100205,322158.9881585904
1100224,322158.9881585904
1100257,322158.9881585904
1100317,322158.9881585904
1100329,322158.9881585904
1100345,322158.9881585904
1100388,322158.9881585904
1100391,322158.9881585904
1100460,322158.9881585904
1100509,322158.9881585904
1100516,322158.9881585904
1100532,322158.9881585904
1100537,322158.9881585904
1100548,322158.9881585904
1100583,322158.9881585904
1100596,322158.9881585904
1100601,322158.9881585904
1100611,322158.9881585904
1100619,322158.9881585904
1100658,322158.9881585904
1100660,322158.9881585904
1100674,322158.9881585904
1100682,322158.9881585904
1100692,322158.9881585904
1100719,322158.9881585904
1100743,322158.9881585904
1100780,322158.9881585904
1100810,322158.9881585904
1100829,322158.9881585904
1100840,322158.9881585904
1100852,322158.9881585904
1100865,322158.9881585904
1100897,322158.9881585904
1100931,322158.9881585904
1100932,322158.9881585904
1100938,322158.9881585904
1100944,322158.9881585904
1100945,322158.9881585904
1100946,322158.9881585904
1100947,322158.9881585904
1100948,322158.9881585904
1100953,322158.9881585904
1100955,322158.9881585904
1100957,322158.9881585904
1100960,322158.9881585904
1100962,322158.9881585904
1100984,322158.9881585904
1100985,322158.9881585904
1101003,322158.9881585904
1101004,322158.9881585904
1101005,322158.9881585904
1101006,322158.9881585904
1101007,322158.9881585904
1101012,322158.9881585904
1101064,322158.9881585904
1101073,322158.9881585904
1101084,322158.9881585904
1101086,322158.9881585904
1101094,322158.9881585904
1101102,322158.9881585904
1101127,322158.9881585904
1101173,322158.9881585904
1101180,322158.9881585904
1101202,322158.9881585904
1101203,322158.9881585904
1101207,322158.9881585904
1101208,322158.9881585904
1101232,322158.9881585904
1101240,322158.9881585904
1101252,322158.9881585904
1101258,322158.9881585904
1101263,322158.9881585904
1101276,322158.9881585904
1101292,322158.9881585904
1101294,322158.9881585904
1101303,322158.9881585904
1101319,322158.9881585904
1101326,322158.9881585904
1101330,322158.9881585904
1101331,322158.9881585904
1101333,322158.9881585904
1101335,322158.9881585904
1101351,322158.9881585904
1101378,322158.9881585904
1101418,322158.9881585904
1101423,322158.9881585904
1101428,322158.9881585904
1101517,322158.9881585904
1101591,322158.9881585904
1101616,322158.9881585904
1101739,322158.9881585904
1101759,322158.9881585904
1101799,322158.9881585904
1101800,322158.9881585904
1101801,322158.9881585904
1101814,322158.9881585904
1101859,322158.9881585904
1101869,322158.9881585904
1101901,322158.9881585904
1101931,322158.9881585904
1101932,322158.9881585904
1101976,322158.9881585904
1102031,322158.9881585904
1102046,322158.9881585904
1102066,322158.9881585904
1102090,322158.9881585904
1102112,322158.9881585904
1102117,322158.9881585904
1102119,322158.9881585904
1102123,322158.9881585904
1102135,322158.9881585904
1102169,322158.9881585904
1102170,322158.9881585904
1102240,322158.9881585904
1102248,322158.9881585904
1102273,322158.9881585904
1102307,322158.9881585904
1102332,322158.9881585904
1102413,322158.9881585904
1102414,322158.9881585904
1102415,322158.9881585904
1102416,322158.9881585904
1102417,322158.9881585904
1102422,322158.9881585904
1102423,322158.9881585904
1102430,322158.9881585904
1102431,322158.9881585904
1102434,322158.9881585904
1102452,322158.9881585904
1102470,322158.9881585904
1102505,322158.9881585904
1102509,322158.9881585904
1102527,322158.9881585904
1102537,322158.9881585904
1102564,322158.9881585904
1102603,322158.9881585904
1102608,322158.9881585904
1102646,322158.9881585904
1102647,322158.9881585904
1102650,322158.9881585904
1102655,322158.9881585904
1102657,322158.9881585904
1102660,322158.9881585904
1102685,322158.9881585904
1102688,322158.9881585904
1102699,322158.9881585904
1102704,322158.9881585904
1102705,322158.9881585904
1102728,322158.9881585904
1102735,322158.9881585904
1102750,322158.9881585904
1102770,322158.9881585904
1102790,322158.9881585904
1102797,322158.9881585904
1102800,322158.9881585904
1102806,322158.9881585904
1102844,322158.9881585904
1102862,322158.9881585904
1102908,322158.9881585904
1102909,322158.9881585904
1102959,322158.9881585904
1102970,322158.9881585904
1102986,322158.9881585904
1103044,322158.9881585904
1103076,322158.9881585904
1103095,322158.9881585904
1103226,322158.9881585904
1103227,322158.9881585904
1103228,322158.9881585904
1103229,322158.9881585904
1103249,322158.9881585904
1103253,322158.9881585904
1103258,322158.9881585904
1103264,322158.9881585904
1103265,322158.9881585904
1103278,322158.9881585904
1103279,322158.9881585904
1103282,322158.9881585904
1103361,322158.9881585904
1103386,322158.9881585904
1103396,322158.9881585904
1103402,322158.9881585904
1103403,322158.9881585904
1103404,322158.9881585904
1103418,322158.9881585904
1103419,322158.9881585904
1103431,322158.9881585904
1103481,322158.9881585904
1103489,322158.9881585904
1103584,322158.9881585904
1103598,322158.9881585904
1103600,322158.9881585904
1103604,322158.9881585904
1103606,322158.9881585904
1103614,322158.9881585904
1103646,322158.9881585904
1103668,322158.9881585904
1103669,322158.9881585904
1103678,322158.9881585904
1103711,322158.9881585904
1103726,322158.9881585904
1103731,322158.9881585904
1103735,322158.9881585904
1103741,322158.9881585904
1103838,322158.9881585904
1103903,322158.9881585904
1103914,322158.9881585904
1103991,322158.9881585904
1103997,322158.9881585904
1104005,322158.9881585904
1104027,322158.9881585904
1104035,322158.9881585904
1104045,322158.9881585904
1104073,322158.9881585904
1104122,322158.9881585904
1104123,322158.9881585904
1104132,322158.9881585904
1104247,322158.9881585904
1104252,322158.9881585904
1104265,322158.9881585904
1104276,322158.9881585904
1104292,322158.9881585904
1104347,322158.9881585904
1104357,322158.9881585904
1104358,322158.9881585904
1104369,322158.9881585904
1104944,322158.9881585904
1104946,322158.9881585904
1104949,322158.9881585904
1104951,322158.9881585904
1104953,322158.9881585904
1104955,322158.9881585904
1104972,322158.9881585904
1105018,322158.9881585904
1105021,322158.9881585904
1105024,322158.9881585904
1105025,322158.9881585904
1105044,322158.9881585904
1105046,322158.9881585904
1105047,322158.9881585904
1105050,322158.9881585904
1105051,322158.9881585904
1105052,322158.9881585904
1105053,322158.9881585904
1105071,322158.9881585904
1105081,322158.9881585904
1105207,322158.9881585904
1105210,322158.9881585904
1105265,322158.9881585904
1105266,322158.9881585904
1105267,322158.9881585904
1105268,322158.9881585904
1105280,322158.9881585904
1105281,322158.9881585904
1105282,322158.9881585904
1105376,322158.9881585904
1105429,322158.9881585904
1105465,322158.9881585904
1105493,322158.9881585904
1105496,322158.9881585904
1105557,322158.9881585904
1105558,322158.9881585904
1105575,322158.9881585904
1105576,322158.9881585904
1105581,322158.9881585904
1105621,322158.9881585904
1105622,322158.9881585904
1105698,322158.9881585904
1105699,322158.9881585904
1105700,322158.9881585904
1105702,322158.9881585904
1105705,322158.9881585904
1105706,322158.9881585904
1105711,322158.9881585904
1105799,322158.9881585904
1105802,322158.9881585904
1105803,322158.9881585904
1105805,322158.9881585904
1105806,322158.9881585904
1105807,322158.9881585904
1105828,322158.9881585904
1105830,322158.9881585904
1105831,322158.9881585904
1105832,322158.9881585904
1105849,322158.9881585904
1105855,322158.9881585904
1105898,322158.9881585904
1105899,322158.9881585904
1105935,322158.9881585904
1105989,322158.9881585904
1106068,322158.9881585904
1106069,322158.9881585904
1106073,322158.9881585904
1106085,322158.9881585904
1106086,322158.9881585904
1106135,322158.9881585904
1106164,322158.9881585904
1106193,322158.9881585904
1106196,322158.9881585904
1106244,322158.9881585904
1106253,322158.9881585904
1106256,322158.9881585904
1106586,322158.9881585904
1106587,322158.9881585904
1106588,322158.9881585904
1106589,322158.9881585904
1106600,322158.9881585904
1106608,322158.9881585904
1106715,322158.9881585904
1106789,322158.9881585904
1106790,322158.9881585904
1106791,322158.9881585904
1106792,322158.9881585904
1106793,322158.9881585904
1106794,322158.9881585904
1106869,322158.9881585904
1106954,322158.9881585904
1107205,322158.9881585904
1107331,322158.9881585904
1107333,322158.9881585904
1107389,322158.9881585904
1107390,322158.9881585904
1107392,322158.9881585904
1107394,322158.9881585904
1107395,322158.9881585904
1107469,322158.9881585904
1107483,322158.9881585904
1107491,322158.9881585904
1107667,322158.9881585904
1107772,322158.9881585904
1107775,322158.9881585904
1107785,322158.9881585904
1107786,322158.9881585904
1107787,322158.9881585904
1202392,322158.9881585904
1202393,322158.9881585904
1202395,322158.9881585904
1202440,322158.9881585904
1202550,322158.9881585904
1202552,322158.9881585904
1202577,322158.9881585904
1202580,322158.9881585904
1202842,322158.9881585904
1202844,322158.9881585904
1202860,322158.9881585904
1202861,322158.9881585904
1202869,322158.9881585904
1202876,322158.9881585904
1202892,322158.9881585904
1202903,322158.9881585904
1214273,322158.9881585904
1214280,322158.9881585904
1214445,322158.9881585904
1214448,322158.9881585904
1214449,322158.9881585904
1214464,322158.9881585904
1214572,322158.9881585904
1214574,322158.9881585904
1214584,322158.9881585904
1214608,322158.9881585904
1214640,322158.9881585904
1214643,322158.9881585904
1214651,322158.9881585904
1214652,322158.9881585904
1214657,322158.9881585904
1214661,322158.9881585904
1214673,322158.9881585904
1214675,322158.9881585904
1214679,322158.9881585904
1214703,322158.9881585904
1215040,322158.9881585904
1215050,322158.9881585904
1215134,322158.9881585904
1215138,322158.9881585904
1215362,322158.9881585904
1215366,322158.9881585904
1215368,322158.9881585904
1215369,322158.9881585904
1215374,322158.9881585904
1215388,322158.9881585904
1215448,322158.9881585904
1215451,322158.9881585904
1215486,322158.9881585904
1215488,322158.9881585904
1215496,322158.9881585904
1215498,322158.9881585904
1215555,322158.9881585904
1215556,322158.9881585904
1215560,322158.9881585904
1215573,322158.9881585904
1215591,322158.9881585904
1215596,322158.9881585904
1215746,322158.9881585904
1215748,322158.9881585904
1215754,322158.9881585904
1215756,322158.9881585904
1215758,322158.9881585904
1215761,322158.9881585904
1215762,322158.9881585904
1215766,322158.9881585904
1215767,322158.9881585904
1215776,322158.9881585904
1215784,322158.9881585904
1215791,322158.9881585904
1215796,322158.9881585904
1215797,322158.9881585904
1215798,322158.9881585904
1215806,322158.9881585904
1215810,322158.9881585904
1216439,322158.9881585904
1217024,322158.9881585904
1217029,322158.9881585904
1217034,322158.9881585904
1217036,322158.9881585904
1217037,322158.9881585904
1217038,322158.9881585904
1217233,322158.9881585904
1217234,322158.9881585904
1217247,322158.9881585904
1217248,322158.9881585904
1217250,322158.9881585904
1217540,322158.9881585904
1217556,322158.9881585904
1217557,322158.9881585904
1217559,322158.9881585904
1217578,322158.9881585904
1217875,322158.9881585904
1217881,322158.9881585904
1219303,322158.9881585904
1219356,322158.9881585904
1219361,322158.9881585904
1219426,322158.9881585904
1219482,322158.9881585904
1219492,322158.9881585904
1219515,322158.9881585904
1219518,322158.9881585904
1219520,322158.9881585904
1219620,322158.9881585904
1219653,322158.9881585904
1219665,322158.9881585904
1219668,322158.9881585904
1219670,322158.9881585904
1219706,322158.9881585904
1219714,322158.9881585904
1219756,322158.9881585904
1220007,322158.9881585904
1220137,322158.9881585904
1220139,322158.9881585904
1220671,322158.9881585904
1220690,322158.9881585904
1220731,322158.9881585904
1220732,322158.9881585904
1220739,322158.9881585904
1222082,322158.9881585904
1222084,322158.9881585904
1222087,322158.9881585904
1222182,322158.9881585904
1222183,322158.9881585904
1222194,322158.9881585904
1222252,322158.9881585904
1223720,322158.9881585904
1223812,322158.9881585904
1223816,322158.9881585904
1223827,322158.9881585904
1223836,322158.9881585904
1223838,322158.9881585904
1223841,322158.9881585904
1223860,322158.9881585904
1223861,322158.9881585904
1223863,322158.9881585904
1223867,322158.9881585904
1223875,322158.9881585904
1223892,322158.9881585904
1223897,322158.9881585904
1224003,322158.9881585904
1224006,322158.9881585904
1224010,322158.9881585904
1224014,322158.9881585904
1224033,322158.9881585904
1224068,322158.9881585904
1224071,322158.9881585904
1224121,322158.9881585904
1224146,322158.9881585904
1224153,322158.9881585904
1224653,322158.9881585904
1224668,322158.9881585904
1224776,322158.9881585904
1224788,322158.9881585904
1225148,322158.9881585904
1225155,322158.9881585904
1225157,322158.9881585904
1225159,322158.9881585904
1225238,322158.9881585904
1225323,322158.9881585904
1225362,322158.9881585904
1225363,322158.9881585904
1225376,322158.9881585904
1225378,322158.9881585904
1225818,322158.9881585904
1226392,322158.9881585904
1226394,322158.9881585904
1226516,322158.9881585904
1226517,322158.9881585904
1226741,322158.9881585904
1226743,322158.9881585904
1226745,322158.9881585904
1226748,322158.9881585904
1226749,322158.9881585904
1226782,322158.9881585904
1226789,322158.9881585904
1226799,322158.9881585904
1226860,322158.9881585904
1226867,322158.9881585904
1226963,322158.9881585904
1227068,322158.9881585904
1227072,322158.9881585904
1227075,322158.9881585904
1227080,322158.9881585904
1227083,322158.9881585904
1227087,322158.9881585904
1227113,322158.9881585904
1227115,322158.9881585904
1227127,322158.9881585904
1227165,322158.9881585904
1227292,322158.9881585904
1227294,322158.9881585904
1227296,322158.9881585904
1227675,322158.9881585904
1227679,322158.9881585904
1227680,322158.9881585904
1227687,322158.9881585904
1227690,322158.9881585904
1227707,322158.9881585904
1227708,322158.9881585904
1227709,322158.9881585904
1227720,322158.9881585904
1227815,322158.9881585904
1227857,322158.9881585904
1227859,322158.9881585904
1227865,322158.9881585904
1227902,322158.9881585904
1227904,322158.9881585904
1227921,322158.9881585904
1227928,322158.9881585904
1227948,322158.9881585904
1227951,322158.9881585904
1228096,322158.9881585904
1228098,322158.9881585904
1228597,322158.9881585904
1228622,322158.9881585904
1228630,322158.9881585904
1228639,322158.9881585904
1228640,322158.9881585904
1228821,322158.9881585904
1228828,322158.9881585904
1228829,322158.9881585904
1228966,322158.9881585904
1228972,322158.9881585904
1228973,322158.9881585904
1228974,322158.9881585904
1228985,322158.9881585904
1229013,322158.9881585904
1229016,322158.9881585904
1229018,322158.9881585904
1229020,322158.9881585904
1229022,322158.9881585904
1229028,322158.9881585904
1229030,322158.9881585904
1229031,322158.9881585904
1229038,322158.9881585904
1229176,322158.9881585904
1229188,322158.9881585904
1229190,322158.9881585904
1229201,322158.9881585904
1229212,322158.9881585904
1229218,322158.9881585904
1229220,322158.9881585904
1229224,322158.9881585904
1229225,322158.9881585904
1229462,322158.9881585904
1229540,322158.9881585904
1229541,322158.9881585904
1229591,322158.9881585904
1229597,322158.9881585904
1229598,322158.9881585904
1230015,322158.9881585904
1230020,322158.9881585904
1230030,322158.9881585904
1230031,322158.9881585904
1230037,322158.9881585904
1230038,322158.9881585904
1230039,322158.9881585904
1230040,322158.9881585904
1230045,322158.9881585904
1230070,322158.9881585904
1231407,322158.9881585904
1231410,322158.9881585904
1231549,322158.9881585904
1231551,322158.9881585904
1231558,322158.9881585904
1231661,322158.9881585904
1231688,322158.9881585904
1231696,322158.9881585904
1231704,322158.9881585904
1231710,322158.9881585904
1231711,322158.9881585904
1231719,322158.9881585904
1231753,322158.9881585904
1231846,322158.9881585904
1231908,322158.9881585904
1231938,322158.9881585904
1231982,322158.9881585904
1232000,322158.9881585904
1232001,322158.9881585904
1232002,322158.9881585904
1232475,322158.9881585904
1232477,322158.9881585904
1232484,322158.9881585904
1232490,322158.9881585904
1232637,322158.9881585904
1232646,322158.9881585904
1232662,322158.9881585904
1233033,322158.9881585904
1233038,322158.9881585904
1233250,322158.9881585904
1233263,322158.9881585904
1233265,322158.9881585904
1233268,322158.9881585904
1233307,322158.9881585904
1233314,322158.9881585904
1233329,322158.9881585904
1233345,322158.9881585904
1233349,322158.9881585904
1233447,322158.9881585904
1233450,322158.9881585904
1233453,322158.9881585904
1233462,322158.9881585904
1233465,322158.9881585904
1233471,322158.9881585904
1233474,322158.9881585904
1233479,322158.9881585904
1233487,322158.9881585904
1233488,322158.9881585904
1233490,322158.9881585904
1233493,322158.9881585904
1233495,322158.9881585904
1233497,322158.9881585904
1233542,322158.9881585904
1233552,322158.9881585904
1233557,322158.9881585904
1233567,322158.9881585904
1233568,322158.9881585904
1233569,322158.9881585904
1233683,322158.9881585904
1233764,322158.9881585904
1233861,322158.9881585904
1233877,322158.9881585904
1233987,322158.9881585904
1233989,322158.9881585904
1234069,322158.9881585904
1234103,322158.9881585904
1234104,322158.9881585904
1234343,322158.9881585904
1234348,322158.9881585904
1234349,322158.9881585904
1234495,322158.9881585904
1234496,322158.9881585904
1234497,322158.9881585904
1234499,322158.9881585904
1234515,322158.9881585904
1234516,322158.9881585904
1234528,322158.9881585904
1234612,322158.9881585904
1234760,322158.9881585904
1234763,322158.9881585904
1234766,322158.9881585904
1234772,322158.9881585904
1234818,322158.9881585904
1235137,322158.9881585904
1235157,322158.9881585904
1235163,322158.9881585904
1235168,322158.9881585904
1235169,322158.9881585904
1235170,322158.9881585904
1235228,322158.9881585904
1235244,322158.9881585904
1235266,322158.9881585904
1235290,322158.9881585904
1235294,322158.9881585904
1235303,322158.9881585904
1235312,322158.9881585904
1235314,322158.9881585904
1235337,322158.9881585904
1235354,322158.9881585904
1235360,322158.9881585904
1235386,322158.9881585904
1235538,322158.9881585904
1235542,322158.9881585904
1235546,322158.9881585904
1235552,322158.9881585904
1235662,322158.9881585904
1235678,322158.9881585904
1235679,322158.9881585904
1235688,322158.9881585904
1235689,322158.9881585904
1235741,322158.9881585904
1235742,322158.9881585904
1235744,322158.9881585904
1235745,322158.9881585904
1235746,322158.9881585904
1235747,322158.9881585904
1235786,322158.9881585904
1235796,322158.9881585904
1235824,322158.9881585904
1235825,322158.9881585904
1235874,322158.9881585904
1235885,322158.9881585904
1235886,322158.9881585904
1235887,322158.9881585904
1235916,322158.9881585904
1235996,322158.9881585904
1235997,322158.9881585904
1236001,322158.9881585904
1236007,322158.9881585904
1236009,322158.9881585904
1236010,322158.9881585904
1236082,322158.9881585904
1236126,322158.9881585904
1236137,322158.9881585904
1236150,322158.9881585904
1236152,322158.9881585904
1236160,322158.9881585904
1236162,322158.9881585904
1236183,322158.9881585904
1236186,322158.9881585904
1236189,322158.9881585904
1236201,322158.9881585904
1236353,322158.9881585904
1236355,322158.9881585904
1236463,322158.9881585904
1236479,322158.9881585904
1236480,322158.9881585904
1236822,322158.9881585904
1236911,322158.9881585904
1236986,322158.9881585904
1236991,322158.9881585904
1236993,322158.9881585904
1237029,322158.9881585904
1237033,322158.9881585904
1237049,322158.9881585904
1237051,322158.9881585904
1237164,322158.9881585904
1237170,322158.9881585904
1237492,322158.9881585904
1237495,322158.9881585904
1237545,322158.9881585904
1237979,322158.9881585904
1237998,322158.9881585904
1238015,322158.9881585904
1238100,322158.9881585904
1238115,322158.9881585904
1238129,322158.9881585904
1238182,322158.9881585904
1238190,322158.9881585904
1238195,322158.9881585904
1238198,322158.9881585904
1238207,322158.9881585904
1238213,322158.9881585904
1238216,322158.9881585904
1238226,322158.9881585904
1238229,322158.9881585904
1238231,322158.9881585904
1238232,322158.9881585904
1238237,322158.9881585904
1238241,322158.9881585904
1238242,322158.9881585904
1238244,322158.9881585904
1238245,322158.9881585904
1238258,322158.9881585904
1238259,322158.9881585904
1238261,322158.9881585904
1238263,322158.9881585904
1238264,322158.9881585904
1238384,322158.9881585904
1238386,322158.9881585904
1238419,322158.9881585904
1238422,322158.9881585904
1238435,322158.9881585904
1238439,322158.9881585904
1238572,322158.9881585904
1238582,322158.9881585904
1238589,322158.9881585904
1238614,322158.9881585904
1238793,322158.9881585904
1238800,322158.9881585904
1238802,322158.9881585904
1238807,322158.9881585904
1238812,322158.9881585904
1238813,322158.9881585904
1238814,322158.9881585904
1238827,322158.9881585904
1238834,322158.9881585904
1238964,322158.9881585904
1238965,322158.9881585904
1239003,322158.9881585904
1239006,322158.9881585904
1239029,322158.9881585904
1239054,322158.9881585904
1239062,322158.9881585904
1239067,322158.9881585904
1239078,322158.9881585904
1239100,322158.9881585904
1239106,322158.9881585904
1239112,322158.9881585904
1239158,322158.9881585904
1239160,322158.9881585904
1239161,322158.9881585904
1239162,322158.9881585904
1239239,322158.9881585904
1239260,322158.9881585904
1239261,322158.9881585904
1239271,322158.9881585904
1239276,322158.9881585904
1239278,322158.9881585904
1239294,322158.9881585904
1239313,322158.9881585904
1239402,322158.9881585904
1239482,322158.9881585904
1239483,322158.9881585904
1239484,322158.9881585904
1239485,322158.9881585904
1239490,322158.9881585904
1239519,322158.9881585904
1239527,322158.9881585904
1239532,322158.9881585904
1239533,322158.9881585904
1239534,322158.9881585904
1239535,322158.9881585904
1239537,322158.9881585904
1239558,322158.9881585904
1239566,322158.9881585904
1239568,322158.9881585904
1239577,322158.9881585904
1239578,322158.9881585904
1239585,322158.9881585904
1239589,322158.9881585904
1239598,322158.9881585904
1239601,322158.9881585904
1239963,322158.9881585904
1239978,322158.9881585904
1239994,322158.9881585904
1240122,322158.9881585904
1240137,322158.9881585904
1240202,322158.9881585904
1240229,322158.9881585904
1240235,322158.9881585904
1240281,322158.9881585904
1240283,322158.9881585904
1240338,322158.9881585904
1240418,322158.9881585904
1240441,322158.9881585904
1240442,322158.9881585904
1240444,322158.9881585904
1240448,322158.9881585904
1240464,322158.9881585904
1240465,322158.9881585904
1240498,322158.9881585904
1240504,322158.9881585904
1240505,322158.9881585904
1240516,322158.9881585904
1240535,322158.9881585904
1240539,322158.9881585904
1240540,322158.9881585904
1240617,322158.9881585904
1240649,322158.9881585904
1240720,322158.9881585904
1240728,322158.9881585904
1240735,322158.9881585904
1240736,322158.9881585904
1240977,322158.9881585904
1240979,322158.9881585904
1241045,322158.9881585904
1241069,322158.9881585904
1241079,322158.9881585904
1241087,322158.9881585904
1241091,322158.9881585904
1241093,322158.9881585904
1241095,322158.9881585904
1241101,322158.9881585904
1241103,322158.9881585904
1241115,322158.9881585904
1241117,322158.9881585904
1241128,322158.9881585904
1241130,322158.9881585904
1241139,322158.9881585904
1241151,322158.9881585904
1241289,322158.9881585904
1241295,322158.9881585904
1241453,322158.9881585904
1241454,322158.9881585904
1241459,322158.9881585904
1241460,322158.9881585904
1241478,322158.9881585904
1241488,322158.9881585904
1241744,322158.9881585904
1241746,322158.9881585904
1241753,322158.9881585904
1241756,322158.9881585904
1241757,322158.9881585904
1241760,322158.9881585904
1241761,322158.9881585904
1241764,322158.9881585904
1241795,322158.9881585904
1241796,322158.9881585904
1241798,322158.9881585904
1241803,322158.9881585904
1241804,322158.9881585904
1241807,322158.9881585904
1241810,322158.9881585904
1241813,322158.9881585904
1241826,322158.9881585904
1241833,322158.9881585904
1241834,322158.9881585904
1241837,322158.9881585904
1241842,322158.9881585904
1241843,322158.9881585904
1241897,322158.9881585904
1241913,322158.9881585904
1241975,322158.9881585904
1241978,322158.9881585904
1241980,322158.9881585904
1241981,322158.9881585904
1241983,322158.9881585904
1242077,322158.9881585904
1242080,322158.9881585904
1242082,322158.9881585904
1242090,322158.9881585904
1242092,322158.9881585904
1242118,322158.9881585904
1242119,322158.9881585904
1242131,322158.9881585904
1242132,322158.9881585904
1242135,322158.9881585904
1242139,322158.9881585904
70723,128363.95404839142
71009,293540.596680364
71030,140303.51190024384
71670,140905.77425665228
71671,140905.77425665228
71694,223880.76446670614
71697,128363.95404839142
71717,223880.76446670614
71727,181526.84460551213
71785,181526.84460551213
72264,583425.5176756934
72276,295418.6480822002
72325,184630.13156860013
72326,128363.95404839142
72327,315681.2167740214
72548,301724.1157946172
72571,296539.9873665512
72713,181526.84460551213
696861,178228.86150514183
696875,128363.95404839142
696882,183156.50266959425
