id,price
264893,155018.7724028996
264899,155018.7724028996
264910,155018.7724028996
264915,155018.7724028996
264919,155018.7724028996
264928,155018.7724028996
264932,163118.8118307187
264935,163118.8118307187
264939,155018.7724028996
264944,163118.8118307187
264954,155018.7724028996
264955,155018.7724028996
264969,293508.33234520844
264978,155018.7724028996
264983,155018.7724028996
264984,155018.7724028996
264985,155018.7724028996
265031,163118.8118307187
265032,163118.8118307187
265058,155018.7724028996
265066,155018.7724028996
265068,155018.7724028996
265069,178953.1493162023
265070,155018.7724028996
265077,155018.7724028996
265090,338499.38731590606
265094,163118.8118307187
265101,155018.7724028996
265102,155018.7724028996
265105,163118.8118307187
265106,155018.7724028996
265108,155018.7724028996
265115,155018.7724028996
265147,155018.7724028996
265152,163118.8118307187
265153,163118.8118307187
265170,155018.7724028996
265176,163118.8118307187
265187,155018.7724028996
265189,155018.7724028996
265198,155018.7724028996
265225,181633.32933198346
265233,155906.2166320024
265237,155018.7724028996
265253,152176.83176588916
265280,152176.83176588916
265287,150530.7039312929
265293,152176.83176588916
265296,152176.83176588916
265307,152176.83176588916
265308,152176.83176588916
265312,150530.7039312929
265313,150530.7039312929
265314,152176.83176588916
265315,152176.83176588916
265320,152176.83176588916
265333,152176.83176588916
265346,152176.83176588916
265351,152176.83176588916
265356,152176.83176588916
265357,150530.7039312929
265358,152176.83176588916
265363,152176.83176588916
265369,150530.7039312929
265372,152176.83176588916
265402,152176.83176588916
265406,150530.7039312929
265420,152176.83176588916
265436,150530.7039312929
265438,152176.83176588916
265442,152176.83176588916
265449,152176.83176588916
265452,152176.83176588916
265455,152176.83176588916
265461,152176.83176588916
265465,152176.83176588916
265481,150530.7039312929
265488,152176.83176588916
265501,150530.7039312929
265514,152176.83176588916
265515,152176.83176588916
265516,152176.83176588916
265517,152176.83176588916
265526,152176.83176588916
265533,152176.83176588916
265539,152176.83176588916
265543,150530.7039312929
265544,150530.7039312929
265556,150530.7039312929
265559,159721.73264490845
265561,150530.7039312929
265584,159721.73264490845
265586,150530.7039312929
265587,150530.7039312929
265588,159721.73264490845
265593,156596.7908004989
265596,150530.7039312929
265607,150530.7039312929
265608,150530.7039312929
265610,159721.73264490845
265613,159721.73264490845
265653,150530.7039312929
265663,159721.73264490845
265669,150530.7039312929
265675,150530.7039312929
265699,150530.7039312929
265701,150530.7039312929
265703,159721.73264490845
265704,159721.73264490845
265743,159721.73264490845
265748,150530.7039312929
265759,159721.73264490845
265795,150530.7039312929
265797,159721.73264490845
265805,150530.7039312929
265806,150530.7039312929
265810,150530.7039312929
265819,150530.7039312929
265820,159721.73264490845
265833,159721.73264490845
265834,150530.7039312929
265843,275842.18371316366
265851,303604.1927561576
265862,254393.86101498085
265864,303604.1927561576
265869,292296.6214167042
265887,303604.1927561576
265907,292296.6214167042
265913,279593.703371086
265921,287631.81369221
265923,303604.1927561576
265925,272502.8769451857
265957,303604.1927561576
265958,293370.8433379393
265960,292296.6214167042
265963,287631.81369221
265969,293370.8433379393
266004,306591.2481503372
266028,303604.1927561576
266029,287631.81369221
266032,283862.66408707044
266034,283862.66408707044
266055,269752.78743214486
266075,292296.6214167042
266077,292296.6214167042
266080,303604.1927561576
266093,293370.8433379393
266094,310049.542464716
266100,287631.81369221
266116,287631.81369221
266129,173556.79767686164
266144,262437.3125273407
266160,262437.3125273407
266165,204805.63607062196
266196,204505.22812426754
266199,274284.21506478894
266202,283862.66408707044
266210,204505.22812426754
266211,251174.3634362358
266213,271973.95469734
266218,159721.73264490845
266219,274284.21506478894
266220,159721.73264490845
266234,262437.3125273407
266241,202280.7588842104
266248,204505.22812426754
266251,159721.73264490845
266256,159721.73264490845
266259,159721.73264490845
266274,287631.81369221
266275,173556.79767686164
266276,159721.73264490845
266279,203008.41899541335
266280,264316.6310239968
266281,203342.1413896027
266299,271973.95469734
266300,262437.3125273407
266305,159721.73264490845
266314,203342.1413896027
266315,159721.73264490845
266329,240673.16463239735
266332,150530.7039312929
266350,150530.7039312929
266368,150530.7039312929
266375,150530.7039312929
266381,150530.7039312929
266382,150530.7039312929
266393,150530.7039312929
266394,150530.7039312929
266402,150530.7039312929
266406,150530.7039312929
266423,150530.7039312929
266424,150530.7039312929
266438,150530.7039312929
266454,150530.7039312929
266463,150530.7039312929
266465,149851.3585420303
266479,150530.7039312929
266480,150530.7039312929
266485,150530.7039312929
266486,150530.7039312929
266496,150530.7039312929
266508,150530.7039312929
266510,150530.7039312929
266511,150530.7039312929
266512,150530.7039312929
266514,150530.7039312929
266517,150530.7039312929
266539,150530.7039312929
266542,150530.7039312929
266545,150530.7039312929
266548,150530.7039312929
266550,150530.7039312929
266556,150530.7039312929
266559,150530.7039312929
266565,150530.7039312929
266568,150530.7039312929
266569,150530.7039312929
266575,150530.7039312929
266580,150530.7039312929
266581,150530.7039312929
266582,150530.7039312929
266583,150530.7039312929
266602,199382.64008496932
266606,161367.8604795047
266618,161367.8604795047
266619,199382.64008496932
266620,161367.8604795047
266624,199222.75909629304
266626,161367.8604795047
266662,161367.8604795047
266667,199222.75909629304
266668,160753.89575121913
266677,161367.8604795047
266681,156096.92277610427
266682,199222.75909629304
266690,199222.75909629304
266694,199222.75909629304
266695,199222.75909629304
266698,161367.8604795047
266699,161367.8604795047
266727,199382.64008496932
266729,161367.8604795047
266731,199222.75909629304
266732,161367.8604795047
266740,184819.84527087788
266744,161367.8604795047
266748,161367.8604795047
266768,161367.8604795047
266770,183166.43034037898
266771,197979.05830507644
266778,161367.8604795047
266779,161367.8604795047
266781,161367.8604795047
266785,200810.9513395685
266809,161367.8604795047
266819,161367.8604795047
266821,161367.8604795047
266824,161367.8604795047
266830,199222.75909629304
266831,161367.8604795047
266845,161367.8604795047
266846,159721.73264490845
266847,159721.73264490845
266851,159721.73264490845
266858,159721.73264490845
266859,159721.73264490845
266862,159721.73264490845
266863,159721.73264490845
266864,159721.73264490845
266872,159721.73264490845
266875,159721.73264490845
266877,159721.73264490845
266882,159721.73264490845
266883,159721.73264490845
266886,159721.73264490845
266918,159721.73264490845
266919,159721.73264490845
266920,159721.73264490845
266953,159721.73264490845
266954,159721.73264490845
266955,159042.38725564585
266957,159721.73264490845
266965,159721.73264490845
266966,159721.73264490845
266969,159721.73264490845
266984,159042.38725564585
266989,159721.73264490845
266990,159721.73264490845
267015,159721.73264490845
267016,159721.73264490845
267017,159721.73264490845
267018,159721.73264490845
267019,159721.73264490845
267020,159721.73264490845
267025,159042.38725564585
267028,159721.73264490845
267041,159721.73264490845
267054,159721.73264490845
267082,159721.73264490845
267084,159721.73264490845
267085,159721.73264490845
267103,150530.7039312929
267104,150530.7039312929
267106,150530.7039312929
267113,150530.7039312929
267126,150530.7039312929
267128,150530.7039312929
267131,150530.7039312929
267138,150530.7039312929
267147,150530.7039312929
267153,150530.7039312929
267154,150530.7039312929
267171,150530.7039312929
267173,150530.7039312929
267188,150530.7039312929
267198,150530.7039312929
267199,150530.7039312929
267218,152176.83176588916
267220,152176.83176588916
267221,152176.83176588916
267245,152176.83176588916
267247,152176.83176588916
267248,152176.83176588916
267249,152176.83176588916
267253,152176.83176588916
267269,152176.83176588916
267271,152176.83176588916
267274,152176.83176588916
267281,152176.83176588916
267303,152176.83176588916
267305,152176.83176588916
267306,152176.83176588916
267307,152176.83176588916
267309,151562.86703760357
267311,152176.83176588916
267312,152176.83176588916
267315,152176.83176588916
267331,152176.83176588916
267338,152176.83176588916
267342,152176.83176588916
267344,152176.83176588916
267346,152176.83176588916
267366,152176.83176588916
267369,152176.83176588916
267371,152176.83176588916
267375,152176.83176588916
267376,152176.83176588916
267379,152176.83176588916
267381,152176.83176588916
267382,152176.83176588916
267407,152176.83176588916
267422,152176.83176588916
267424,152176.83176588916
267428,152176.83176588916
267431,152176.83176588916
267434,152176.83176588916
267437,150981.7327832054
267438,152176.83176588916
267439,152176.83176588916
267440,152176.83176588916
267441,152176.83176588916
267443,152176.83176588916
267460,202280.7588842104
267463,203342.1413896027
267494,198059.67236162827
267510,198059.67236162827
267515,200195.27678825564
267520,198059.67236162827
267522,203342.1413896027
267523,203342.1413896027
267524,198059.67236162827
267544,198059.67236162827
267546,198059.67236162827
267551,204416.36331083777
267553,203347.4145919563
267563,198059.67236162827
267584,202280.7588842104
267585,198059.67236162827
267587,198059.67236162827
267598,198059.67236162827
267602,200195.27678825564
267614,203342.1413896027
267617,200195.27678825564
267619,203342.1413896027
267620,198059.67236162827
267623,198059.67236162827
267627,198059.67236162827
267633,201211.8101653289
267644,200195.27678825564
267667,146203.48870570495
267738,149851.3585420303
267740,149851.3585420303
267743,146203.48870570495
267778,149851.3585420303
267779,149851.3585420303
267799,147827.0147984998
267800,149851.3585420303
267814,147827.0147984998
267816,148930.51729925012
267833,147827.0147984998
267834,149851.3585420303
267836,148930.51729925012
267847,157609.18551296924
267858,156097.53207011413
267891,159042.38725564585
267896,156097.53207011413
267899,158121.54601286564
267900,158121.54601286564
267902,158121.54601286564
267908,156097.53207011413
267924,158121.54601286564
267933,158121.54601286564
267936,159042.38725564585
267939,158121.54601286564
267941,159042.38725564585
267942,158121.54601286564
267967,156097.53207011413
267970,159042.38725564585
267980,156097.53207011413
267990,159042.38725564585
267992,156097.53207011413
267994,158121.54601286564
267995,158121.54601286564
267999,158121.54601286564
268003,159042.38725564585
268020,159042.38725564585
268033,158121.54601286564
268041,149851.3585420303
268056,150530.7039312929
268067,150530.7039312929
268070,150530.7039312929
268071,150530.7039312929
268121,148930.51729925012
268144,150530.7039312929
268145,150530.7039312929
268147,149851.3585420303
268149,149851.3585420303
268150,149851.3585420303
268157,150530.7039312929
268159,149851.3585420303
268161,149851.3585420303
268175,152871.90711971873
268189,149851.3585420303
268208,150530.7039312929
308905,152176.83176588916
312310,340528.01656952524
312331,159721.73264490845
695165,199222.75909629304
695166,202534.77788867
695170,158121.54601286564
695176,148930.51729925012
695178,159721.73264490845
695181,159721.73264490845
695183,159721.73264490845
695185,262437.3125273407
695196,161367.8604795047
695203,150530.7039312929
695205,203443.8456188752
695207,146203.48870570495
695236,159721.73264490845
695238,159721.73264490845
695252,150530.7039312929
695257,159721.73264490845
713635,344781.18552340113
714108,344781.18552340113
714284,344781.18552340113
714645,344781.18552340113
714753,344781.18552340113
714863,344781.18552340113
714924,344781.18552340113
715132,344781.18552340113
715405,344781.18552340113
715433,344781.18552340113
715694,344781.18552340113
715746,344781.18552340113
715898,344781.18552340113
715902,344781.18552340113
715996,344781.18552340113
716065,344781.18552340113
716097,344781.18552340113
716329,344781.18552340113
716360,344781.18552340113
716377,344781.18552340113
716484,344781.18552340113
716541,344781.18552340113
716634,344781.18552340113
716888,344781.18552340113
717017,344781.18552340113
717109,344781.18552340113
717307,344781.18552340113
717459,344781.18552340113
717524,344781.18552340113
717568,344781.18552340113
717688,344781.18552340113
717690,344781.18552340113
717797,344781.18552340113
717829,344781.18552340113
717945,344781.18552340113
717983,344781.18552340113
718276,344781.18552340113
718584,344781.18552340113
718617,344781.18552340113
718717,344781.18552340113
718867,344781.18552340113
718943,344781.18552340113
718997,344781.18552340113
719116,344781.18552340113
719132,344781.18552340113
719287,344781.18552340113
719579,344781.18552340113
719846,344781.18552340113
719893,344781.18552340113
720041,344781.18552340113
720088,344781.18552340113
720180,344781.18552340113
720249,344781.18552340113
720261,344781.18552340113
720293,344781.18552340113
720364,344781.18552340113
720455,344781.18552340113
720564,344781.18552340113
720679,344781.18552340113
720725,344781.18552340113
720817,344781.18552340113
720854,344781.18552340113
720920,344781.18552340113
721130,344781.18552340113
721266,344781.18552340113
721531,344781.18552340113
721844,344781.18552340113
721882,344781.18552340113
722050,344781.18552340113
722151,344781.18552340113
722225,344781.18552340113
722264,344781.18552340113
722516,344781.18552340113
722520,344781.18552340113
722594,344781.18552340113
722649,344781.18552340113
722769,344781.18552340113
724397,344781.18552340113
724457,344781.18552340113
724486,344781.18552340113
724488,344781.18552340113
724574,344781.18552340113
724620,344781.18552340113
724674,344781.18552340113
724767,344781.18552340113
724786,344781.18552340113
724908,344781.18552340113
725124,344781.18552340113
725211,344781.18552340113
725280,344781.18552340113
725364,344781.18552340113
725393,344781.18552340113
725425,344781.18552340113
725455,344781.18552340113
725547,344781.18552340113
725814,344781.18552340113
725829,344781.18552340113
725999,344781.18552340113
726088,344781.18552340113
726214,344781.18552340113
726348,344781.18552340113
726542,344781.18552340113
726620,344781.18552340113
726910,344781.18552340113
727068,344781.18552340113
727229,344781.18552340113
727458,344781.18552340113
727699,344781.18552340113
728077,344781.18552340113
728089,344781.18552340113
728272,344781.18552340113
728553,344781.18552340113
728592,344781.18552340113
728640,344781.18552340113
728663,344781.18552340113
729105,344781.18552340113
729267,344781.18552340113
729622,344781.18552340113
730128,344781.18552340113
730298,344781.18552340113
730619,344781.18552340113
730712,344781.18552340113
731061,344781.18552340113
731131,344781.18552340113
731142,344781.18552340113
731240,344781.18552340113
731527,344781.18552340113
731655,344781.18552340113
731841,344781.18552340113
731925,344781.18552340113
732382,344781.18552340113
732568,344781.18552340113
732810,344781.18552340113
732969,344781.18552340113
733029,344781.18552340113
733077,344781.18552340113
733091,344781.18552340113
733208,344781.18552340113
733226,344781.18552340113
733230,344781.18552340113
733238,344781.18552340113
733347,344781.18552340113
733542,344781.18552340113
734153,344781.18552340113
734154,344781.18552340113
734176,344781.18552340113
734212,344781.18552340113
734217,344781.18552340113
734258,344781.18552340113
734334,344781.18552340113
734397,344781.18552340113
734666,344781.18552340113
734674,344781.18552340113
734675,344781.18552340113
734724,344781.18552340113
734919,344781.18552340113
735058,344781.18552340113
735319,344781.18552340113
735691,344781.18552340113
735730,344781.18552340113
735875,344781.18552340113
736019,344781.18552340113
736274,344781.18552340113
736752,344781.18552340113
736842,344781.18552340113
736845,344781.18552340113
736880,344781.18552340113
737208,344781.18552340113
737501,344781.18552340113
737652,344781.18552340113
737722,344781.18552340113
738039,344781.18552340113
738057,344781.18552340113
738082,344781.18552340113
738665,344781.18552340113
738841,344781.18552340113
739007,344781.18552340113
739075,344781.18552340113
739255,344781.18552340113
739492,344781.18552340113
740378,344781.18552340113
740535,344781.18552340113
741340,344781.18552340113
741408,344781.18552340113
741684,344781.18552340113
742269,344781.18552340113
742430,344781.18552340113
742608,344781.18552340113
742744,344781.18552340113
742791,344781.18552340113
742826,344781.18552340113
742881,344781.18552340113
742899,344781.18552340113
743231,344781.18552340113
743527,344781.18552340113
743534,344781.18552340113
743562,344781.18552340113
743664,344781.18552340113
743926,344781.18552340113
744027,344781.18552340113
744337,344781.18552340113
744508,344781.18552340113
744690,344781.18552340113
745006,344781.18552340113
745047,344781.18552340113
745193,344781.18552340113
745245,344781.18552340113
745515,344781.18552340113
746017,344781.18552340113
746053,344781.18552340113
746265,344781.18552340113
746355,344781.18552340113
746375,344781.18552340113
746382,344781.18552340113
746483,344781.18552340113
746772,344781.18552340113
746949,344781.18552340113
746954,344781.18552340113
746984,344781.18552340113
748310,344781.18552340113
748476,344781.18552340113
748712,344781.18552340113
748736,344781.18552340113
748773,344781.18552340113
748803,344781.18552340113
749336,344781.18552340113
749657,344781.18552340113
749755,344781.18552340113
749845,344781.18552340113
750054,344781.18552340113
750136,344781.18552340113
750580,344781.18552340113
750771,344781.18552340113
751301,344781.18552340113
751365,344781.18552340113
751450,344781.18552340113
751496,344781.18552340113
751560,344781.18552340113
751799,344781.18552340113
751846,344781.18552340113
751847,344781.18552340113
751897,344781.18552340113
751958,344781.18552340113
751960,344781.18552340113
752204,344781.18552340113
752309,344781.18552340113
752365,344781.18552340113
752608,344781.18552340113
752648,344781.18552340113
752691,344781.18552340113
752814,344781.18552340113
752877,344781.18552340113
753069,344781.18552340113
753118,344781.18552340113
753224,344781.18552340113
753227,344781.18552340113
753248,344781.18552340113
753391,344781.18552340113
753482,344781.18552340113
753516,344781.18552340113
753532,344781.18552340113
753563,344781.18552340113
753651,344781.18552340113
753842,344781.18552340113
754089,344781.18552340113
754090,344781.18552340113
754125,344781.18552340113
754506,344781.18552340113
754620,344781.18552340113
754630,344781.18552340113
754802,344781.18552340113
754861,344781.18552340113
754927,344781.18552340113
754936,344781.18552340113
755034,344781.18552340113
755072,344781.18552340113
755075,344781.18552340113
755879,344781.18552340113
756141,344781.18552340113
757137,344781.18552340113
757268,344781.18552340113
757525,344781.18552340113
757552,344781.18552340113
757671,344781.18552340113
757699,344781.18552340113
757723,344781.18552340113
757778,344781.18552340113
757807,344781.18552340113
757810,344781.18552340113
758073,344781.18552340113
758157,344781.18552340113
758385,344781.18552340113
758409,344781.18552340113
758503,344781.18552340113
758531,344781.18552340113
758589,344781.18552340113
758722,344781.18552340113
758785,344781.18552340113
758793,344781.18552340113
758855,344781.18552340113
758943,344781.18552340113
758961,344781.18552340113
759020,344781.18552340113
759066,344781.18552340113
759073,344781.18552340113
759076,344781.18552340113
759330,344781.18552340113
760184,344781.18552340113
760381,344781.18552340113
760382,344781.18552340113
760545,344781.18552340113
760920,344781.18552340113
767749,344781.18552340113
767766,344781.18552340113
767960,344781.18552340113
768051,344781.18552340113
771578,344781.18552340113
771667,344781.18552340113
771785,344781.18552340113
771860,344781.18552340113
772094,344781.18552340113
772238,344781.18552340113
772563,344781.18552340113
772956,344781.18552340113
773061,344781.18552340113
773111,344781.18552340113
773288,344781.18552340113
773498,344781.18552340113
773599,344781.18552340113
773705,344781.18552340113
773905,344781.18552340113
773965,344781.18552340113
773973,344781.18552340113
774075,344781.18552340113
774236,344781.18552340113
774296,344781.18552340113
774423,344781.18552340113
774558,344781.18552340113
774559,344781.18552340113
774858,344781.18552340113
774859,344781.18552340113
774860,344781.18552340113
774861,344781.18552340113
774863,344781.18552340113
774864,344781.18552340113
774865,344781.18552340113
774866,344781.18552340113
774870,344781.18552340113
774874,344781.18552340113
774908,344781.18552340113
774914,344781.18552340113
775168,344781.18552340113
775205,344781.18552340113
775210,344781.18552340113
775320,344781.18552340113
775438,344781.18552340113
775442,344781.18552340113
775443,344781.18552340113
775444,344781.18552340113
775445,344781.18552340113
775447,344781.18552340113
775448,344781.18552340113
775554,344781.18552340113
775555,344781.18552340113
775586,344781.18552340113
775612,344781.18552340113
775729,344781.18552340113
775785,344781.18552340113
775911,344781.18552340113
776126,344781.18552340113
776220,344781.18552340113
776281,344781.18552340113
776537,344781.18552340113
776718,344781.18552340113
776786,344781.18552340113
777092,344781.18552340113
777265,344781.18552340113
777365,344781.18552340113
777442,344781.18552340113
777610,344781.18552340113
777612,344781.18552340113
777763,344781.18552340113
777818,344781.18552340113
778020,344781.18552340113
792324,344781.18552340113
792630,344781.18552340113
792713,344781.18552340113
792725,344781.18552340113
792887,344781.18552340113
792939,344781.18552340113
793005,344781.18552340113
793008,344781.18552340113
793066,344781.18552340113
793127,344781.18552340113
793161,344781.18552340113
793409,344781.18552340113
793475,344781.18552340113
793537,344781.18552340113
793642,344781.18552340113
793661,344781.18552340113
793768,344781.18552340113
793977,344781.18552340113
793978,344781.18552340113
794009,344781.18552340113
794521,344781.18552340113
794522,344781.18552340113
794646,344781.18552340113
794657,344781.18552340113
794681,344781.18552340113
794957,344781.18552340113
795043,344781.18552340113
795214,344781.18552340113
795458,344781.18552340113
795504,344781.18552340113
795614,344781.18552340113
795689,344781.18552340113
795690,344781.18552340113
795749,344781.18552340113
795780,344781.18552340113
796046,344781.18552340113
796093,344781.18552340113
796230,344781.18552340113
796239,344781.18552340113
796407,344781.18552340113
796414,344781.18552340113
796526,344781.18552340113
796611,344781.18552340113
796612,344781.18552340113
796693,344781.18552340113
796941,344781.18552340113
797000,344781.18552340113
797301,344781.18552340113
797320,344781.18552340113
797501,344781.18552340113
797556,344781.18552340113
797602,344781.18552340113
797607,344781.18552340113
797650,344781.18552340113
797759,344781.18552340113
797840,344781.18552340113
797920,344781.18552340113
797955,344781.18552340113
797986,344781.18552340113
798122,344781.18552340113
798154,344781.18552340113
799016,344781.18552340113
799634,344781.18552340113
799788,344781.18552340113
800114,344781.18552340113
800138,344781.18552340113
800424,344781.18552340113
800449,344781.18552340113
800510,344781.18552340113
800532,344781.18552340113
800541,344781.18552340113
800609,344781.18552340113
800668,344781.18552340113
800744,344781.18552340113
800866,344781.18552340113
800903,344781.18552340113
800916,344781.18552340113
801752,344781.18552340113
801804,344781.18552340113
801847,344781.18552340113
801858,344781.18552340113
802128,344781.18552340113
802258,344781.18552340113
802295,344781.18552340113
802341,344781.18552340113
802386,344781.18552340113
802424,344781.18552340113
802445,344781.18552340113
802668,344781.18552340113
802700,344781.18552340113
802704,344781.18552340113
802728,344781.18552340113
802910,344781.18552340113
803292,344781.18552340113
803311,344781.18552340113
803329,344781.18552340113
803374,344781.18552340113
803536,344781.18552340113
803639,344781.18552340113
804024,344781.18552340113
804212,344781.18552340113
804231,344781.18552340113
804291,344781.18552340113
804531,344781.18552340113
804598,344781.18552340113
804627,344781.18552340113
804631,344781.18552340113
804637,344781.18552340113
804655,344781.18552340113
804744,344781.18552340113
804766,344781.18552340113
804807,344781.18552340113
805014,344781.18552340113
805098,344781.18552340113
805194,344781.18552340113
805373,344781.18552340113
805394,344781.18552340113
805486,344781.18552340113
805500,344781.18552340113
805630,344781.18552340113
805757,344781.18552340113
806068,344781.18552340113
806144,344781.18552340113
806361,344781.18552340113
806422,344781.18552340113
806448,344781.18552340113
806622,344781.18552340113
806748,344781.18552340113
806977,344781.18552340113
806994,344781.18552340113
807158,344781.18552340113
807182,344781.18552340113
807185,344781.18552340113
807247,344781.18552340113
807280,344781.18552340113
807366,344781.18552340113
807797,344781.18552340113
808029,344781.18552340113
808116,344781.18552340113
808193,344781.18552340113
808317,344781.18552340113
808398,344781.18552340113
808402,344781.18552340113
808665,344781.18552340113
808694,344781.18552340113
809040,344781.18552340113
809598,344781.18552340113
809658,344781.18552340113
810178,344781.18552340113
810217,344781.18552340113
810247,344781.18552340113
810250,344781.18552340113
810315,344781.18552340113
810593,344781.18552340113
810694,344781.18552340113
810750,344781.18552340113
810752,344781.18552340113
810823,344781.18552340113
811013,344781.18552340113
811014,344781.18552340113
811029,344781.18552340113
811033,344781.18552340113
811079,344781.18552340113
811149,344781.18552340113
811154,344781.18552340113
811318,344781.18552340113
811572,344781.18552340113
811752,344781.18552340113
811825,344781.18552340113
811863,344781.18552340113
811890,344781.18552340113
812013,344781.18552340113
812020,344781.18552340113
812190,344781.18552340113
812277,344781.18552340113
812281,344781.18552340113
812496,344781.18552340113
813366,344781.18552340113
813513,344781.18552340113
813541,344781.18552340113
813723,344781.18552340113
813854,344781.18552340113
813900,344781.18552340113
813905,344781.18552340113
813991,344781.18552340113
814439,344781.18552340113
814562,344781.18552340113
814741,344781.18552340113
814748,344781.18552340113
814792,344781.18552340113
814808,344781.18552340113
814955,344781.18552340113
815240,344781.18552340113
815395,344781.18552340113
815501,344781.18552340113
815512,344781.18552340113
815573,344781.18552340113
815588,344781.18552340113
815670,344781.18552340113
815688,344781.18552340113
815690,344781.18552340113
815696,344781.18552340113
815763,344781.18552340113
815988,344781.18552340113
816064,344781.18552340113
816242,344781.18552340113
816290,344781.18552340113
816334,344781.18552340113
816744,344781.18552340113
816890,344781.18552340113
816995,344781.18552340113
816999,344781.18552340113
817070,344781.18552340113
817184,344781.18552340113
817220,344781.18552340113
817222,344781.18552340113
817335,344781.18552340113
817398,344781.18552340113
817401,344781.18552340113
817469,344781.18552340113
817478,344781.18552340113
817485,344781.18552340113
849254,344781.18552340113
849335,344781.18552340113
849583,344781.18552340113
849628,344781.18552340113
849715,344781.18552340113
849938,344781.18552340113
850070,344781.18552340113
850071,344781.18552340113
850074,344781.18552340113
850143,344781.18552340113
850650,344781.18552340113
850688,344781.18552340113
850706,344781.18552340113
851200,344781.18552340113
851362,344781.18552340113
851404,344781.18552340113
851791,344781.18552340113
851810,344781.18552340113
851844,344781.18552340113
851885,344781.18552340113
851929,344781.18552340113
852009,344781.18552340113
852060,344781.18552340113
852108,344781.18552340113
852166,344781.18552340113
852210,344781.18552340113
852356,344781.18552340113
852727,344781.18552340113
852786,344781.18552340113
852794,344781.18552340113
852798,344781.18552340113
852811,344781.18552340113
852983,344781.18552340113
853152,344781.18552340113
853212,344781.18552340113
853308,344781.18552340113
853360,344781.18552340113
853400,344781.18552340113
853448,344781.18552340113
853547,344781.18552340113
853738,344781.18552340113
853999,344781.18552340113
854058,344781.18552340113
854206,344781.18552340113
854316,344781.18552340113
854372,344781.18552340113
854548,344781.18552340113
854627,344781.18552340113
854717,344781.18552340113
854804,344781.18552340113
854850,344781.18552340113
855254,344781.18552340113
855290,344781.18552340113
855591,344781.18552340113
855835,344781.18552340113
856006,344781.18552340113
856174,344781.18552340113
856192,344781.18552340113
856247,344781.18552340113
856511,344781.18552340113
856637,344781.18552340113
856638,344781.18552340113
856646,344781.18552340113
856699,344781.18552340113
856869,344781.18552340113
856903,344781.18552340113
857014,344781.18552340113
857021,344781.18552340113
857337,344781.18552340113
857466,344781.18552340113
857561,344781.18552340113
857715,344781.18552340113
857930,344781.18552340113
857933,344781.18552340113
857984,344781.18552340113
858020,344781.18552340113
858115,344781.18552340113
858187,344781.18552340113
858284,344781.18552340113
858313,344781.18552340113
858343,344781.18552340113
858367,344781.18552340113
858368,344781.18552340113
858391,344781.18552340113
858467,344781.18552340113
858620,344781.18552340113
858789,344781.18552340113
858910,344781.18552340113
858923,344781.18552340113
858925,344781.18552340113
859089,344781.18552340113
859208,344781.18552340113
859213,344781.18552340113
859448,344781.18552340113
859735,344781.18552340113
859737,344781.18552340113
859952,344781.18552340113
860006,344781.18552340113
860132,344781.18552340113
860301,344781.18552340113
860323,344781.18552340113
860335,344781.18552340113
860364,344781.18552340113
860502,344781.18552340113
860548,344781.18552340113
860582,344781.18552340113
860748,344781.18552340113
860775,344781.18552340113
860948,344781.18552340113
861031,344781.18552340113
861333,344781.18552340113
861384,344781.18552340113
861474,344781.18552340113
861714,344781.18552340113
861731,344781.18552340113
861732,344781.18552340113
861737,344781.18552340113
861820,344781.18552340113
861885,344781.18552340113
862030,344781.18552340113
862188,344781.18552340113
862261,344781.18552340113
862281,344781.18552340113
862618,344781.18552340113
862788,344781.18552340113
862799,344781.18552340113
862968,344781.18552340113
862970,344781.18552340113
862972,344781.18552340113
863013,344781.18552340113
863030,344781.18552340113
863134,344781.18552340113
863308,344781.18552340113
863598,344781.18552340113
863775,344781.18552340113
863870,344781.18552340113
863876,344781.18552340113
863878,344781.18552340113
863962,344781.18552340113
864003,344781.18552340113
864031,344781.18552340113
864076,344781.18552340113
864259,344781.18552340113
864264,344781.18552340113
864392,344781.18552340113
864413,344781.18552340113
864696,344781.18552340113
864957,344781.18552340113
864967,344781.18552340113
865059,344781.18552340113
865088,344781.18552340113
865172,344781.18552340113
865294,344781.18552340113
865295,344781.18552340113
865397,344781.18552340113
865837,344781.18552340113
865915,344781.18552340113
865988,344781.18552340113
866170,344781.18552340113
866219,344781.18552340113
866221,344781.18552340113
866233,344781.18552340113
866670,344781.18552340113
866690,344781.18552340113
866710,344781.18552340113
866832,344781.18552340113
866953,344781.18552340113
867179,344781.18552340113
867437,344781.18552340113
867463,344781.18552340113
867734,344781.18552340113
867910,344781.18552340113
868080,344781.18552340113
868188,344781.18552340113
868288,344781.18552340113
868374,344781.18552340113
868833,344781.18552340113
869107,344781.18552340113
869128,344781.18552340113
869129,344781.18552340113
869138,344781.18552340113
869231,344781.18552340113
869299,344781.18552340113
869366,344781.18552340113
869499,344781.18552340113
869632,344781.18552340113
869658,344781.18552340113
869693,344781.18552340113
870083,344781.18552340113
870420,344781.18552340113
870666,344781.18552340113
870737,344781.18552340113
870738,344781.18552340113
870742,344781.18552340113
870773,344781.18552340113
870921,344781.18552340113
871140,344781.18552340113
871143,344781.18552340113
871239,344781.18552340113
871264,344781.18552340113
871783,344781.18552340113
871887,344781.18552340113
872186,344781.18552340113
872351,344781.18552340113
872453,344781.18552340113
872615,344781.18552340113
873114,344781.18552340113
873126,344781.18552340113
873173,344781.18552340113
873306,344781.18552340113
874035,344781.18552340113
874087,344781.18552340113
874106,344781.18552340113
874111,344781.18552340113
874132,344781.18552340113
874172,344781.18552340113
874299,344781.18552340113
874301,344781.18552340113
874678,344781.18552340113
875005,344781.18552340113
875040,344781.18552340113
875084,344781.18552340113
875343,344781.18552340113
875373,344781.18552340113
875694,344781.18552340113
875715,344781.18552340113
875883,344781.18552340113
875956,344781.18552340113
876188,344781.18552340113
876243,344781.18552340113
876248,344781.18552340113
876298,344781.18552340113
876348,344781.18552340113
876525,344781.18552340113
876573,344781.18552340113
876658,344781.18552340113
876802,344781.18552340113
877045,344781.18552340113
877057,344781.18552340113
877061,344781.18552340113
877082,344781.18552340113
877159,344781.18552340113
877356,344781.18552340113
877405,344781.18552340113
877586,344781.18552340113
877678,344781.18552340113
877695,344781.18552340113
877858,344781.18552340113
877986,344781.18552340113
877992,344781.18552340113
877993,344781.18552340113
877999,344781.18552340113
878136,344781.18552340113
878160,344781.18552340113
878162,344781.18552340113
878163,344781.18552340113
878164,344781.18552340113
878185,344781.18552340113
878259,344781.18552340113
878329,344781.18552340113
878421,344781.18552340113
878447,344781.18552340113
878983,344781.18552340113
879011,344781.18552340113
879025,344781.18552340113
879202,344781.18552340113
879262,344781.18552340113
879410,344781.18552340113
879445,344781.18552340113
879490,344781.18552340113
879704,344781.18552340113
879837,344781.18552340113
879874,344781.18552340113
879899,344781.18552340113
879907,344781.18552340113
880010,344781.18552340113
880022,344781.18552340113
880054,344781.18552340113
880204,344781.18552340113
880277,344781.18552340113
880443,344781.18552340113
880473,344781.18552340113
880481,344781.18552340113
880488,344781.18552340113
880535,344781.18552340113
880552,344781.18552340113
880554,344781.18552340113
880659,344781.18552340113
880698,344781.18552340113
880710,344781.18552340113
880760,344781.18552340113
880910,344781.18552340113
881195,344781.18552340113
881204,344781.18552340113
881269,344781.18552340113
881271,344781.18552340113
881536,344781.18552340113
881648,344781.18552340113
881673,344781.18552340113
881944,344781.18552340113
882063,344781.18552340113
882221,344781.18552340113
882324,344781.18552340113
882337,344781.18552340113
882438,344781.18552340113
882778,344781.18552340113
882904,344781.18552340113
882962,344781.18552340113
883438,344781.18552340113
883576,344781.18552340113
883600,344781.18552340113
883704,344781.18552340113
883831,344781.18552340113
884093,344781.18552340113
884099,344781.18552340113
884231,344781.18552340113
884499,344781.18552340113
884561,344781.18552340113
884563,344781.18552340113
884654,344781.18552340113
917473,344781.18552340113
917675,344781.18552340113
917724,344781.18552340113
918021,344781.18552340113
918033,344781.18552340113
918035,344781.18552340113
918495,344781.18552340113
918508,344781.18552340113
918559,344781.18552340113
918632,344781.18552340113
918906,344781.18552340113
918909,344781.18552340113
918921,344781.18552340113
919282,344781.18552340113
919294,344781.18552340113
919346,344781.18552340113
919348,344781.18552340113
919349,344781.18552340113
919389,344781.18552340113
919475,344781.18552340113
919477,344781.18552340113
919478,344781.18552340113
919577,344781.18552340113
919708,344781.18552340113
919726,344781.18552340113
919736,344781.18552340113
919757,344781.18552340113
919778,344781.18552340113
919891,344781.18552340113
919997,344781.18552340113
920012,344781.18552340113
920013,344781.18552340113
920137,344781.18552340113
920258,344781.18552340113
920314,344781.18552340113
920322,344781.18552340113
922004,344781.18552340113
922014,344781.18552340113
922214,344781.18552340113
922244,344781.18552340113
1024686,344781.18552340113
1024698,344781.18552340113
1024801,344781.18552340113
1025018,344781.18552340113
1025058,344781.18552340113
1025061,344781.18552340113
1025080,344781.18552340113
1025173,344781.18552340113
1025211,344781.18552340113
1025298,344781.18552340113
1025315,344781.18552340113
1025346,344781.18552340113
1025350,344781.18552340113
1026050,344781.18552340113
1026150,344781.18552340113
1026439,344781.18552340113
1026667,344781.18552340113
1026670,344781.18552340113
1026853,344781.18552340113
1026857,344781.18552340113
1027120,344781.18552340113
1027152,344781.18552340113
1027154,344781.18552340113
1027285,344781.18552340113
1027287,344781.18552340113
1027289,344781.18552340113
1027304,344781.18552340113
1027312,344781.18552340113
1027564,344781.18552340113
1027908,344781.18552340113
1028089,344781.18552340113
1028529,344781.18552340113
1028591,344781.18552340113
1028658,344781.18552340113
1028708,344781.18552340113
1028749,344781.18552340113
1028829,344781.18552340113
1028874,344781.18552340113
1029454,344781.18552340113
1029472,344781.18552340113
1029518,344781.18552340113
1029744,344781.18552340113
1029859,344781.18552340113
1030059,344781.18552340113
1030097,344781.18552340113
1030101,344781.18552340113
1030123,344781.18552340113
1030203,344781.18552340113
1030283,344781.18552340113
1030444,344781.18552340113
1030455,344781.18552340113
1030459,344781.18552340113
1030503,344781.18552340113
1030736,344781.18552340113
1030804,344781.18552340113
1030937,344781.18552340113
1031066,344781.18552340113
1031181,344781.18552340113
1031311,344781.18552340113
1031478,344781.18552340113
1031619,344781.18552340113
1031690,344781.18552340113
1031854,344781.18552340113
1031858,344781.18552340113
1031906,344781.18552340113
1031920,344781.18552340113
1031942,344781.18552340113
1032259,344781.18552340113
1032333,344781.18552340113
1032385,344781.18552340113
1032393,344781.18552340113
1032599,344781.18552340113
1032620,344781.18552340113
1032637,344781.18552340113
1032669,344781.18552340113
1032731,344781.18552340113
1032777,344781.18552340113
1032887,344781.18552340113
1032923,344781.18552340113
1032932,344781.18552340113
1033063,344781.18552340113
1033091,344781.18552340113
1033395,344781.18552340113
1033445,344781.18552340113
1033457,344781.18552340113
1033533,344781.18552340113
1033712,344781.18552340113
1033894,344781.18552340113
1033932,344781.18552340113
1033937,344781.18552340113
1033988,344781.18552340113
1033989,344781.18552340113
1034003,344781.18552340113
1034012,344781.18552340113
1034047,344781.18552340113
1034062,344781.18552340113
1034064,344781.18552340113
1034065,344781.18552340113
1034066,344781.18552340113
1034068,344781.18552340113
1034078,344781.18552340113
1034088,344781.18552340113
1034300,344781.18552340113
1034363,344781.18552340113
1034496,344781.18552340113
1034605,344781.18552340113
1034670,344781.18552340113
1034716,344781.18552340113
1034718,344781.18552340113
1034778,344781.18552340113
1034779,344781.18552340113
1034803,344781.18552340113
1034837,344781.18552340113
1034944,344781.18552340113
1035106,344781.18552340113
1035111,344781.18552340113
1035166,344781.18552340113
1035490,344781.18552340113
1035494,344781.18552340113
1035524,344781.18552340113
1035548,344781.18552340113
1035564,344781.18552340113
1035605,344781.18552340113
1035785,344781.18552340113
1035893,344781.18552340113
1036037,344781.18552340113
1036072,344781.18552340113
1036103,344781.18552340113
1036226,344781.18552340113
1037508,344781.18552340113
1037509,344781.18552340113
1037613,344781.18552340113
1037615,344781.18552340113
1037616,344781.18552340113
1037617,344781.18552340113
1037619,344781.18552340113
1037699,344781.18552340113
1037850,344781.18552340113
1037908,344781.18552340113
1038175,344781.18552340113
1038180,344781.18552340113
1038183,344781.18552340113
1038322,344781.18552340113
1038432,344781.18552340113
1038447,344781.18552340113
1038448,344781.18552340113
1038494,344781.18552340113
1038509,344781.18552340113
1038512,344781.18552340113
1038516,344781.18552340113
1038517,344781.18552340113
1038532,344781.18552340113
1038541,344781.18552340113
1038551,344781.18552340113
1038600,344781.18552340113
1038788,344781.18552340113
1038956,344781.18552340113
1038957,344781.18552340113
1039041,344781.18552340113
1039176,344781.18552340113
1039208,344781.18552340113
1039427,344781.18552340113
1039430,344781.18552340113
1039434,344781.18552340113
1039449,344781.18552340113
1039523,344781.18552340113
1039795,344781.18552340113
1039810,344781.18552340113
1039879,344781.18552340113
1040038,344781.18552340113
1040077,344781.18552340113
1040154,344781.18552340113
1040155,344781.18552340113
1040245,344781.18552340113
1040616,344781.18552340113
1040659,344781.18552340113
1040829,344781.18552340113
1040841,344781.18552340113
1041077,344781.18552340113
1041312,344781.18552340113
1041324,344781.18552340113
1041354,344781.18552340113
1041377,344781.18552340113
1041469,344781.18552340113
1041480,344781.18552340113
1041501,344781.18552340113
1041515,344781.18552340113
1041815,344781.18552340113
1041945,344781.18552340113
1041997,344781.18552340113
1042010,344781.18552340113
1042250,344781.18552340113
1042254,344781.18552340113
1042365,344781.18552340113
1042421,344781.18552340113
1042710,344781.18552340113
1043106,344781.18552340113
1043116,344781.18552340113
1043117,344781.18552340113
1043349,344781.18552340113
1043369,344781.18552340113
1043413,344781.18552340113
1043475,344781.18552340113
1043480,344781.18552340113
1043482,344781.18552340113
1043492,344781.18552340113
1043501,344781.18552340113
1043542,344781.18552340113
1043603,344781.18552340113
1043620,344781.18552340113
1043688,344781.18552340113
1043779,344781.18552340113
1043799,344781.18552340113
1043891,344781.18552340113
1043892,344781.18552340113
1043945,344781.18552340113
1044186,344781.18552340113
1044193,344781.18552340113
1044204,344781.18552340113
1044205,344781.18552340113
1044215,344781.18552340113
1044236,344781.18552340113
1044277,344781.18552340113
1044296,344781.18552340113
1044297,344781.18552340113
1044356,344781.18552340113
1044456,344781.18552340113
1044496,344781.18552340113
1044569,344781.18552340113
1044700,344781.18552340113
1044742,344781.18552340113
1044802,344781.18552340113
1044803,344781.18552340113
1044813,344781.18552340113
1044832,344781.18552340113
1044867,344781.18552340113
1045016,344781.18552340113
1045148,344781.18552340113
1045209,344781.18552340113
1045223,344781.18552340113
1045320,344781.18552340113
1045323,344781.18552340113
1045414,344781.18552340113
1045572,344781.18552340113
1045573,344781.18552340113
1045595,344781.18552340113
1045679,344781.18552340113
1045724,344781.18552340113
1045725,344781.18552340113
1045730,344781.18552340113
1045799,344781.18552340113
1045886,344781.18552340113
1045930,344781.18552340113
1045955,344781.18552340113
1045981,344781.18552340113
1046127,344781.18552340113
1046209,344781.18552340113
1046212,344781.18552340113
1046225,344781.18552340113
1046231,344781.18552340113
1046257,344781.18552340113
1046283,344781.18552340113
1046328,344781.18552340113
1046331,344781.18552340113
1046356,344781.18552340113
1046430,344781.18552340113
1046462,344781.18552340113
1046488,344781.18552340113
1046498,344781.18552340113
1046576,344781.18552340113
1046593,344781.18552340113
1046597,344781.18552340113
1046633,344781.18552340113
1046719,344781.18552340113
1046832,344781.18552340113
1046844,344781.18552340113
1046861,344781.18552340113
1046862,344781.18552340113
1046875,344781.18552340113
1046947,344781.18552340113
1046952,344781.18552340113
1046992,344781.18552340113
1047083,344781.18552340113
1047115,344781.18552340113
1047118,344781.18552340113
1047172,344781.18552340113
1047190,344781.18552340113
1047193,344781.18552340113
1047257,344781.18552340113
1047273,344781.18552340113
1047480,344781.18552340113
1047498,344781.18552340113
1047543,344781.18552340113
1047617,344781.18552340113
1047712,344781.18552340113
1047901,344781.18552340113
1047986,344781.18552340113
1048124,344781.18552340113
1048181,344781.18552340113
1048203,344781.18552340113
1048241,344781.18552340113
1048292,344781.18552340113
1048310,344781.18552340113
1048513,344781.18552340113
1048631,344781.18552340113
1049174,344781.18552340113
1049242,344781.18552340113
1049249,344781.18552340113
1049252,344781.18552340113
1049305,344781.18552340113
1049306,344781.18552340113
1049317,344781.18552340113
1049322,344781.18552340113
1049326,344781.18552340113
1049334,344781.18552340113
1049336,344781.18552340113
1049377,344781.18552340113
1049418,344781.18552340113
1049447,344781.18552340113
1049476,344781.18552340113
1049480,344781.18552340113
1049490,344781.18552340113
1049498,344781.18552340113
1049499,344781.18552340113
1049504,344781.18552340113
1049505,344781.18552340113
1049521,344781.18552340113
1049551,344781.18552340113
1049557,344781.18552340113
1049586,344781.18552340113
1049673,344781.18552340113
1049674,344781.18552340113
1049684,344781.18552340113
1049721,344781.18552340113
1049728,344781.18552340113
1049744,344781.18552340113
1049769,344781.18552340113
1049783,344781.18552340113
1049881,344781.18552340113
1049888,344781.18552340113
1049902,344781.18552340113
1049929,344781.18552340113
1050083,344781.18552340113
1050117,344781.18552340113
1050132,344781.18552340113
1050134,344781.18552340113
1050140,344781.18552340113
1050208,344781.18552340113
1050240,344781.18552340113
1050279,344781.18552340113
1050338,344781.18552340113
1050362,344781.18552340113
1050433,344781.18552340113
1050457,344781.18552340113
1050501,344781.18552340113
1050574,344781.18552340113
1050594,344781.18552340113
1050656,344781.18552340113
1050862,344781.18552340113
1050863,344781.18552340113
1050909,344781.18552340113
1050939,344781.18552340113
1050946,344781.18552340113
1050995,344781.18552340113
1051015,344781.18552340113
1051038,344781.18552340113
1051097,344781.18552340113
1051130,344781.18552340113
1051148,344781.18552340113
1051151,344781.18552340113
1051239,344781.18552340113
1051244,344781.18552340113
1051288,344781.18552340113
1051313,344781.18552340113
1051314,344781.18552340113
1051354,344781.18552340113
1051440,344781.18552340113
1051504,344781.18552340113
1051585,344781.18552340113
1051651,344781.18552340113
1051887,344781.18552340113
1051929,344781.18552340113
1052048,344781.18552340113
1052213,344781.18552340113
1052363,344781.18552340113
1052422,344781.18552340113
1052438,344781.18552340113
1052484,344781.18552340113
1052505,344781.18552340113
1052581,344781.18552340113
1052622,344781.18552340113
1052708,344781.18552340113
1052827,344781.18552340113
1052838,344781.18552340113
1052871,344781.18552340113
1052891,344781.18552340113
1053088,344781.18552340113
1053226,344781.18552340113
1053352,344781.18552340113
1053730,344781.18552340113
1053935,344781.18552340113
1054083,344781.18552340113
1054093,344781.18552340113
1054179,344781.18552340113
1054262,344781.18552340113
1054334,344781.18552340113
1054358,344781.18552340113
1054564,344781.18552340113
1054624,344781.18552340113
1054633,344781.18552340113
1054796,344781.18552340113
1054801,344781.18552340113
1054937,344781.18552340113
1054961,344781.18552340113
1055035,344781.18552340113
1055041,344781.18552340113
1055092,344781.18552340113
1055135,344781.18552340113
1055232,344781.18552340113
1055233,344781.18552340113
1055361,344781.18552340113
1055407,344781.18552340113
1055408,344781.18552340113
1055462,344781.18552340113
1055471,344781.18552340113
1055681,344781.18552340113
1055727,344781.18552340113
1055783,344781.18552340113
1055884,344781.18552340113
1055885,344781.18552340113
1055936,344781.18552340113
1055950,344781.18552340113
1055976,344781.18552340113
1056019,344781.18552340113
1056287,344781.18552340113
1056414,344781.18552340113
1056599,344781.18552340113
1056744,344781.18552340113
1056825,344781.18552340113
1056826,344781.18552340113
1056908,344781.18552340113
1056914,344781.18552340113
1056944,344781.18552340113
1057065,344781.18552340113
1057090,344781.18552340113
1057091,344781.18552340113
1057148,344781.18552340113
1057149,344781.18552340113
1057150,344781.18552340113
1057151,344781.18552340113
1057152,344781.18552340113
1057153,344781.18552340113
1057234,344781.18552340113
1057297,344781.18552340113
1057375,344781.18552340113
1057507,344781.18552340113
1057887,344781.18552340113
1057947,344781.18552340113
1057950,344781.18552340113
1057955,344781.18552340113
1057965,344781.18552340113
1058044,344781.18552340113
1058078,344781.18552340113
1058101,344781.18552340113
1058176,344781.18552340113
1058333,344781.18552340113
1058334,344781.18552340113
1058599,344781.18552340113
1058796,344781.18552340113
1058801,344781.18552340113
1058802,344781.18552340113
1058822,344781.18552340113
1058928,344781.18552340113
1058931,344781.18552340113
1059002,344781.18552340113
1059048,344781.18552340113
1059114,344781.18552340113
1059119,344781.18552340113
1059129,344781.18552340113
1059188,344781.18552340113
1059376,344781.18552340113
1059388,344781.18552340113
1059539,344781.18552340113
1059545,344781.18552340113
1059547,344781.18552340113
1059555,344781.18552340113
1059586,344781.18552340113
1059624,344781.18552340113
1059665,344781.18552340113
1059675,344781.18552340113
1059677,344781.18552340113
1059748,344781.18552340113
1059846,344781.18552340113
1059865,344781.18552340113
1059892,344781.18552340113
1059967,344781.18552340113
1059984,344781.18552340113
1059989,344781.18552340113
1060018,344781.18552340113
1060098,344781.18552340113
1060175,344781.18552340113
1060194,344781.18552340113
1060278,344781.18552340113
1060355,344781.18552340113
1060363,344781.18552340113
1060389,344781.18552340113
1060551,344781.18552340113
1060564,344781.18552340113
1060584,344781.18552340113
1060585,344781.18552340113
1060754,344781.18552340113
1060785,344781.18552340113
1060795,344781.18552340113
1060797,344781.18552340113
1060800,344781.18552340113
1060854,344781.18552340113
1060907,344781.18552340113
1060916,344781.18552340113
1060943,344781.18552340113
1060944,344781.18552340113
1061025,344781.18552340113
1061064,344781.18552340113
1061103,344781.18552340113
1061329,344781.18552340113
1061352,344781.18552340113
1061419,344781.18552340113
1061472,344781.18552340113
1061474,344781.18552340113
1061489,344781.18552340113
1061521,344781.18552340113
1061613,344781.18552340113
1061628,344781.18552340113
1061716,344781.18552340113
1061773,344781.18552340113
1061906,344781.18552340113
1061981,344781.18552340113
1062059,344781.18552340113
1062062,344781.18552340113
1062154,344781.18552340113
1062179,344781.18552340113
1062215,344781.18552340113
1062231,344781.18552340113
1062234,344781.18552340113
1062235,344781.18552340113
1062237,344781.18552340113
1150057,344781.18552340113
1150061,344781.18552340113
1150062,344781.18552340113
1150302,344781.18552340113
1150304,344781.18552340113
1150307,344781.18552340113
1150308,344781.18552340113
1150312,344781.18552340113
1150313,344781.18552340113
1150315,344781.18552340113
1150318,344781.18552340113
1150709,344781.18552340113
1150711,344781.18552340113
1150714,344781.18552340113
1150716,344781.18552340113
1150721,344781.18552340113
1150722,344781.18552340113
1150723,344781.18552340113
1150727,344781.18552340113
1150729,344781.18552340113
1150732,344781.18552340113
1150733,344781.18552340113
1150739,344781.18552340113
1150741,344781.18552340113
1150744,344781.18552340113
1150751,344781.18552340113
1158788,344781.18552340113
1158790,344781.18552340113
1158794,344781.18552340113
1158798,344781.18552340113
1158802,344781.18552340113
1158803,344781.18552340113
1158804,344781.18552340113
1158972,344781.18552340113
1158973,344781.18552340113
1158979,344781.18552340113
1158980,344781.18552340113
1158982,344781.18552340113
1159208,344781.18552340113
1159224,344781.18552340113
1159254,344781.18552340113
1159717,344781.18552340113
1159725,344781.18552340113
1159755,344781.18552340113
1159756,344781.18552340113
1159757,344781.18552340113
1159758,344781.18552340113
1159760,344781.18552340113
1159762,344781.18552340113
1159764,344781.18552340113
1160340,344781.18552340113
1160342,344781.18552340113
1160347,344781.18552340113
1160348,344781.18552340113
1160352,344781.18552340113
1160353,344781.18552340113
1160357,344781.18552340113
1160368,344781.18552340113
1160370,344781.18552340113
1160372,344781.18552340113
1160628,344781.18552340113
1160633,344781.18552340113
1160635,344781.18552340113
1160642,344781.18552340113
1160644,344781.18552340113
1160646,344781.18552340113
1160651,344781.18552340113
1160652,344781.18552340113
1160659,344781.18552340113
1160663,344781.18552340113
1160877,344781.18552340113
1160879,344781.18552340113
1160881,344781.18552340113
1160884,344781.18552340113
1160887,344781.18552340113
1160891,344781.18552340113
1160892,344781.18552340113
1160893,344781.18552340113
1160897,344781.18552340113
1160900,344781.18552340113
1160901,344781.18552340113
1160903,344781.18552340113
1160909,344781.18552340113
1160910,344781.18552340113
1160913,344781.18552340113
1160916,344781.18552340113
1162333,344781.18552340113
1162334,344781.18552340113
1162374,344781.18552340113
1162376,344781.18552340113
1162380,344781.18552340113
1162381,344781.18552340113
1162382,344781.18552340113
1162385,344781.18552340113
1162386,344781.18552340113
1162638,344781.18552340113
1162639,344781.18552340113
1162640,344781.18552340113
1162641,344781.18552340113
1162643,344781.18552340113
1162707,344781.18552340113
1162708,344781.18552340113
1162764,344781.18552340113
1162899,344781.18552340113
1162918,344781.18552340113
1162924,344781.18552340113
1162925,344781.18552340113
1162926,344781.18552340113
1162927,344781.18552340113
1163023,344781.18552340113
1163027,344781.18552340113
1163028,344781.18552340113
1163039,344781.18552340113
1163040,344781.18552340113
1163042,344781.18552340113
1163043,344781.18552340113
1163044,344781.18552340113
1163047,344781.18552340113
1163050,344781.18552340113
1163083,344781.18552340113
1163086,344781.18552340113
1163089,344781.18552340113
1163090,344781.18552340113
1163091,344781.18552340113
1163092,344781.18552340113
1163093,344781.18552340113
1163095,344781.18552340113
1163096,344781.18552340113
1163264,344781.18552340113
1163271,344781.18552340113
1164020,344781.18552340113
1164022,344781.18552340113
1164028,344781.18552340113
1164565,344781.18552340113
1164567,344781.18552340113
1164571,344781.18552340113
1164576,344781.18552340113
1164578,344781.18552340113
1164580,344781.18552340113
1164581,344781.18552340113
1164582,344781.18552340113
1164583,344781.18552340113
1164617,344781.18552340113
1164618,344781.18552340113
1164622,344781.18552340113
1164625,344781.18552340113
1164627,344781.18552340113
1164629,344781.18552340113
1164911,344781.18552340113
1164914,344781.18552340113
1164916,344781.18552340113
1164936,344781.18552340113
1164938,344781.18552340113
1164940,344781.18552340113
1167361,344781.18552340113
1167364,344781.18552340113
1167369,344781.18552340113
1167373,344781.18552340113
1167374,344781.18552340113
1167375,344781.18552340113
1167383,344781.18552340113
1167385,344781.18552340113
1167387,344781.18552340113
1167388,344781.18552340113
1167392,344781.18552340113
1167397,344781.18552340113
1167398,344781.18552340113
1167399,344781.18552340113
1167401,344781.18552340113
1167402,344781.18552340113
1167403,344781.18552340113
1167404,344781.18552340113
1167405,344781.18552340113
1167406,344781.18552340113
1167407,344781.18552340113
1167409,344781.18552340113
1167410,344781.18552340113
1167411,344781.18552340113
1167412,344781.18552340113
1167413,344781.18552340113
1167414,344781.18552340113
1167426,344781.18552340113
1167429,344781.18552340113
1167430,344781.18552340113
1167431,344781.18552340113
1167437,344781.18552340113
1167439,344781.18552340113
1171188,344781.18552340113
1171191,344781.18552340113
1171194,344781.18552340113
1171195,344781.18552340113
1171196,344781.18552340113
1171200,344781.18552340113
1171201,344781.18552340113
1171203,344781.18552340113
1171204,344781.18552340113
1171205,344781.18552340113
1171362,344781.18552340113
1171367,344781.18552340113
1172945,344781.18552340113
1172952,344781.18552340113
1173341,344781.18552340113
1173343,344781.18552340113
1173347,344781.18552340113
1173351,344781.18552340113
1173353,344781.18552340113
1173355,344781.18552340113
1173356,344781.18552340113
1173358,344781.18552340113
1173362,344781.18552340113
1173364,344781.18552340113
1174252,344781.18552340113
1174253,344781.18552340113
1174258,344781.18552340113
1174265,344781.18552340113
1174280,344781.18552340113
1174393,344781.18552340113
1174395,344781.18552340113
1174396,344781.18552340113
1174397,344781.18552340113
1174398,344781.18552340113
1174400,344781.18552340113
1174404,344781.18552340113
1174405,344781.18552340113
1174407,344781.18552340113
1174456,344781.18552340113
1174460,344781.18552340113
1174462,344781.18552340113
1174465,344781.18552340113
1174466,344781.18552340113
1174468,344781.18552340113
1174469,344781.18552340113
1174471,344781.18552340113
1174472,344781.18552340113
1174473,344781.18552340113
1174475,344781.18552340113
1174491,344781.18552340113
1174496,344781.18552340113
1174501,344781.18552340113
1174592,344781.18552340113
1174593,344781.18552340113
1174595,344781.18552340113
1174596,344781.18552340113
1174598,344781.18552340113
1174599,344781.18552340113
1174602,344781.18552340113
1174607,344781.18552340113
1174608,344781.18552340113
1174732,344781.18552340113
1174738,344781.18552340113
1174742,344781.18552340113
1174743,344781.18552340113
1174748,344781.18552340113
1175538,344781.18552340113
1175539,344781.18552340113
1175543,344781.18552340113
1175547,344781.18552340113
1175548,344781.18552340113
1175550,344781.18552340113
1176289,344781.18552340113
1176758,344781.18552340113
1176759,344781.18552340113
1176764,344781.18552340113
1176772,344781.18552340113
1177110,344781.18552340113
1177116,344781.18552340113
1177118,344781.18552340113
1177121,344781.18552340113
1177122,344781.18552340113
1177125,344781.18552340113
1177822,344781.18552340113
1178019,344781.18552340113
1178024,344781.18552340113
1179391,344781.18552340113
1179392,344781.18552340113
1179393,344781.18552340113
1179512,344781.18552340113
1179513,344781.18552340113
1179516,344781.18552340113
1179517,344781.18552340113
1179518,344781.18552340113
1179526,344781.18552340113
1179527,344781.18552340113
1179540,344781.18552340113
1179542,344781.18552340113
1179543,344781.18552340113
1179546,344781.18552340113
1179548,344781.18552340113
1179552,344781.18552340113
1179554,344781.18552340113
1179555,344781.18552340113
1179557,344781.18552340113
1179944,344781.18552340113
1179948,344781.18552340113
1179949,344781.18552340113
1179952,344781.18552340113
1179953,344781.18552340113
1179955,344781.18552340113
1180044,344781.18552340113
1180046,344781.18552340113
1180047,344781.18552340113
1180048,344781.18552340113
1180049,344781.18552340113
1180050,344781.18552340113
1180051,344781.18552340113
1180053,344781.18552340113
1180054,344781.18552340113
1180056,344781.18552340113
1180060,344781.18552340113
1180070,344781.18552340113
1180073,344781.18552340113
1180078,344781.18552340113
1180080,344781.18552340113
1180241,344781.18552340113
1180242,344781.18552340113
1180243,344781.18552340113
1180251,344781.18552340113
1180253,344781.18552340113
1180254,344781.18552340113
1180255,344781.18552340113
1180257,344781.18552340113
1180452,344781.18552340113
1180461,344781.18552340113
1180464,344781.18552340113
1180465,344781.18552340113
1180466,344781.18552340113
1180467,344781.18552340113
1180469,344781.18552340113
1180471,344781.18552340113
1180472,344781.18552340113
1180474,344781.18552340113
1180479,344781.18552340113
1180481,344781.18552340113
1180482,344781.18552340113
1180484,344781.18552340113
1180485,344781.18552340113
1180487,344781.18552340113
1180619,344781.18552340113
1180622,344781.18552340113
1180628,344781.18552340113
1180629,344781.18552340113
1180630,344781.18552340113
1180701,344781.18552340113
1180702,344781.18552340113
1180704,344781.18552340113
1180707,344781.18552340113
1180708,344781.18552340113
1180711,344781.18552340113
1180712,344781.18552340113
1180716,344781.18552340113
1180717,344781.18552340113
1180732,344781.18552340113
1180733,344781.18552340113
1180734,344781.18552340113
1180735,344781.18552340113
1180738,344781.18552340113
1180739,344781.18552340113
1180741,344781.18552340113
1180743,344781.18552340113
1180744,344781.18552340113
1180748,344781.18552340113
1180749,344781.18552340113
1180770,344781.18552340113
1180771,344781.18552340113
1180774,344781.18552340113
1180777,344781.18552340113
1180938,344781.18552340113
1180945,344781.18552340113
1180951,344781.18552340113
1180954,344781.18552340113
1180967,344781.18552340113
1180976,344781.18552340113
1180977,344781.18552340113
1181989,344781.18552340113
1182023,344781.18552340113
1182025,344781.18552340113
1182026,344781.18552340113
1182030,344781.18552340113
1182033,344781.18552340113
1182314,344781.18552340113
1182315,344781.18552340113
1182316,344781.18552340113
1182317,344781.18552340113
1182321,344781.18552340113
1182322,344781.18552340113
1182323,344781.18552340113
1182628,344781.18552340113
1182650,344781.18552340113
1182652,344781.18552340113
1182654,344781.18552340113
1182655,344781.18552340113
1182744,344781.18552340113
1182745,344781.18552340113
1182746,344781.18552340113
1182748,344781.18552340113
1182749,344781.18552340113
1182754,344781.18552340113
1182756,344781.18552340113
1182757,344781.18552340113
1183211,344781.18552340113
1183213,344781.18552340113
1183689,344781.18552340113
1183690,344781.18552340113
1183691,344781.18552340113
1183692,344781.18552340113
1184185,344781.18552340113
1184271,344781.18552340113
1184272,344781.18552340113
1184678,344781.18552340113
1184679,344781.18552340113
1184680,344781.18552340113
1184730,344781.18552340113
1184731,344781.18552340113
1184772,344781.18552340113
1184775,344781.18552340113
1184780,344781.18552340113
1184783,344781.18552340113
1184806,344781.18552340113
1184809,344781.18552340113
1184956,344781.18552340113
1185123,344781.18552340113
1185129,344781.18552340113
1185141,344781.18552340113
1185144,344781.18552340113
1185145,344781.18552340113
1185150,344781.18552340113
1185316,344781.18552340113
1185317,344781.18552340113
1185326,344781.18552340113
1185328,344781.18552340113
1185330,344781.18552340113
1185331,344781.18552340113
1185722,344781.18552340113
1185744,344781.18552340113
1185746,344781.18552340113
1185748,344781.18552340113
1185818,344781.18552340113
1185819,344781.18552340113
1186256,344781.18552340113
1186257,344781.18552340113
1186258,344781.18552340113
1186260,344781.18552340113
1186261,344781.18552340113
1186284,344781.18552340113
1186288,344781.18552340113
1186368,344781.18552340113
1186370,344781.18552340113
1186371,344781.18552340113
1186373,344781.18552340113
1186374,344781.18552340113
1186376,344781.18552340113
1186379,344781.18552340113
1186380,344781.18552340113
1186827,344781.18552340113
1186830,344781.18552340113
1186831,344781.18552340113
1186832,344781.18552340113
1186834,344781.18552340113
1186835,344781.18552340113
1186837,344781.18552340113
1186840,344781.18552340113
1187587,344781.18552340113
1187625,344781.18552340113
1187626,344781.18552340113
1187628,344781.18552340113
1187839,344781.18552340113
1187840,344781.18552340113
1187842,344781.18552340113
1187843,344781.18552340113
1187844,344781.18552340113
1187851,344781.18552340113
1187853,344781.18552340113
1187854,344781.18552340113
1188373,344781.18552340113
1188428,344781.18552340113
1188429,344781.18552340113
1188430,344781.18552340113
1188431,344781.18552340113
1188439,344781.18552340113
1188440,344781.18552340113
1188442,344781.18552340113
1188484,344781.18552340113
1188485,344781.18552340113
1188487,344781.18552340113
1188488,344781.18552340113
1188490,344781.18552340113
1188493,344781.18552340113
1188499,344781.18552340113
1188519,344781.18552340113
1188531,344781.18552340113
1188535,344781.18552340113
1188538,344781.18552340113
1188539,344781.18552340113
1188577,344781.18552340113
1188578,344781.18552340113
1188581,344781.18552340113
1189583,344781.18552340113
1189587,344781.18552340113
1189590,344781.18552340113
1189593,344781.18552340113
1189594,344781.18552340113
1189595,344781.18552340113
1189596,344781.18552340113
1189599,344781.18552340113
1189600,344781.18552340113
1189603,344781.18552340113
1189605,344781.18552340113
1189606,344781.18552340113
1189610,344781.18552340113
1189611,344781.18552340113
1191966,344781.18552340113
1191971,344781.18552340113
1191972,344781.18552340113
1192091,344781.18552340113
1192096,344781.18552340113
1192970,344781.18552340113
1192973,344781.18552340113
1193162,344781.18552340113
1193163,344781.18552340113
1193168,344781.18552340113
1193169,344781.18552340113
1193170,344781.18552340113
1193171,344781.18552340113
1193543,344781.18552340113
1193676,344781.18552340113
1193751,344781.18552340113
1193761,344781.18552340113
1193775,344781.18552340113
1193777,344781.18552340113
1193779,344781.18552340113
1193782,344781.18552340113
1193783,344781.18552340113
1193836,344781.18552340113
1193848,344781.18552340113
1193849,344781.18552340113
1193850,344781.18552340113
1193855,344781.18552340113
1193857,344781.18552340113
1193859,344781.18552340113
1193861,344781.18552340113
1193862,344781.18552340113
1193863,344781.18552340113
1193864,344781.18552340113
1193866,344781.18552340113
1193915,344781.18552340113
1193925,344781.18552340113
1193927,344781.18552340113
1193952,344781.18552340113
1193953,344781.18552340113
1193954,344781.18552340113
1193955,344781.18552340113
1193956,344781.18552340113
1193957,344781.18552340113
1194415,344781.18552340113
1194922,344781.18552340113
1194977,344781.18552340113
1195222,344781.18552340113
1195223,344781.18552340113
1195224,344781.18552340113
1195225,344781.18552340113
1195425,344781.18552340113
1195426,344781.18552340113
1195432,344781.18552340113
1195891,344781.18552340113
1195892,344781.18552340113
1195893,344781.18552340113
1195900,344781.18552340113
1195901,344781.18552340113
1195903,344781.18552340113
1196019,344781.18552340113
1196842,344781.18552340113
1196844,344781.18552340113
1196847,344781.18552340113
1196872,344781.18552340113
1196892,344781.18552340113
1196893,344781.18552340113
1196894,344781.18552340113
1196895,344781.18552340113
1196904,344781.18552340113
1196912,344781.18552340113
1196913,344781.18552340113
1196993,344781.18552340113
1196994,344781.18552340113
1196998,344781.18552340113
1196999,344781.18552340113
1197000,344781.18552340113
1197002,344781.18552340113
1197106,344781.18552340113
1197107,344781.18552340113
1197108,344781.18552340113
1197166,344781.18552340113
1197209,344781.18552340113
1197214,344781.18552340113
1197215,344781.18552340113
1197216,344781.18552340113
1197253,344781.18552340113
1197256,344781.18552340113
1197309,344781.18552340113
1197311,344781.18552340113
1197315,344781.18552340113
1197316,344781.18552340113
1197321,344781.18552340113
1197322,344781.18552340113
1197323,344781.18552340113
1197324,344781.18552340113
1197325,344781.18552340113
1197326,344781.18552340113
1197328,344781.18552340113
1197329,344781.18552340113
1197331,344781.18552340113
1197345,344781.18552340113
1197351,344781.18552340113
1197462,344781.18552340113
1197463,344781.18552340113
1197465,344781.18552340113
1197467,344781.18552340113
1197469,344781.18552340113
1197470,344781.18552340113
1197502,344781.18552340113
1197549,344781.18552340113
1197570,344781.18552340113
1197627,344781.18552340113
1197672,344781.18552340113
1197859,344781.18552340113
1197860,344781.18552340113
1197977,344781.18552340113
1197978,344781.18552340113
1198019,344781.18552340113
1198021,344781.18552340113
1198337,344781.18552340113
1198358,344781.18552340113
1198364,344781.18552340113
1198365,344781.18552340113
1198366,344781.18552340113
1198367,344781.18552340113
1198368,344781.18552340113
1198369,344781.18552340113
1198373,344781.18552340113
1198446,344781.18552340113
1198450,344781.18552340113
1198451,344781.18552340113
1198452,344781.18552340113
1198453,344781.18552340113
1198457,344781.18552340113
1198621,344781.18552340113
1198645,344781.18552340113
1198649,344781.18552340113
1198650,344781.18552340113
1198664,344781.18552340113
1198665,344781.18552340113
1198669,344781.18552340113
1198670,344781.18552340113
1198671,344781.18552340113
1198760,344781.18552340113
1198766,344781.18552340113
1198768,344781.18552340113
1198771,344781.18552340113
1198773,344781.18552340113
715273,344781.18552340113
717643,344781.18552340113
720473,344781.18552340113
722274,344781.18552340113
722610,344781.18552340113
722632,344781.18552340113
724293,344781.18552340113
724296,344781.18552340113
724367,344781.18552340113
724383,344781.18552340113
724402,344781.18552340113
724436,344781.18552340113
724693,344781.18552340113
725035,344781.18552340113
726164,344781.18552340113
728018,344781.18552340113
728963,344781.18552340113
730396,344781.18552340113
730570,344781.18552340113
732096,344781.18552340113
732455,344781.18552340113
733749,344781.18552340113
739805,344781.18552340113
762985,344781.18552340113
765024,344781.18552340113
766318,344781.18552340113
767291,344781.18552340113
768075,344781.18552340113
768187,344781.18552340113
768450,344781.18552340113
768818,344781.18552340113
775095,344781.18552340113
777984,344781.18552340113
780334,344781.18552340113
782037,344781.18552340113
783338,344781.18552340113
788907,344781.18552340113
791183,344781.18552340113
791186,344781.18552340113
800871,344781.18552340113
805218,344781.18552340113
808371,344781.18552340113
810903,344781.18552340113
813910,344781.18552340113
814295,344781.18552340113
816599,344781.18552340113
817980,344781.18552340113
818854,344781.18552340113
821034,344781.18552340113
822425,344781.18552340113
823206,344781.18552340113
823722,344781.18552340113
824962,344781.18552340113
827620,344781.18552340113
829106,344781.18552340113
829983,344781.18552340113
835034,344781.18552340113
835905,344781.18552340113
836853,344781.18552340113
836965,344781.18552340113
837221,344781.18552340113
837226,344781.18552340113
837310,344781.18552340113
837312,344781.18552340113
837322,344781.18552340113
837364,344781.18552340113
837447,344781.18552340113
837450,344781.18552340113
837480,344781.18552340113
837481,344781.18552340113
837534,344781.18552340113
837603,344781.18552340113
837604,344781.18552340113
837695,344781.18552340113
837700,344781.18552340113
838738,344781.18552340113
838739,344781.18552340113
838747,344781.18552340113
839708,344781.18552340113
839728,344781.18552340113
839729,344781.18552340113
839750,344781.18552340113
839751,344781.18552340113
839752,344781.18552340113
839753,344781.18552340113
839754,344781.18552340113
839789,344781.18552340113
839793,344781.18552340113
839796,344781.18552340113
840813,344781.18552340113
843860,344781.18552340113
844526,344781.18552340113
844543,344781.18552340113
844754,344781.18552340113
846486,344781.18552340113
847164,344781.18552340113
848484,344781.18552340113
936754,344781.18552340113
937863,344781.18552340113
937904,344781.18552340113
938417,344781.18552340113
938423,344781.18552340113
938603,344781.18552340113
938622,344781.18552340113
939544,344781.18552340113
940696,344781.18552340113
942465,344781.18552340113
942737,344781.18552340113
943019,344781.18552340113
943421,344781.18552340113
945655,344781.18552340113
947947,344781.18552340113
949288,344781.18552340113
952129,344781.18552340113
952131,344781.18552340113
952904,344781.18552340113
953479,344781.18552340113
954602,344781.18552340113
954929,344781.18552340113
955982,344781.18552340113
958924,344781.18552340113
959475,344781.18552340113
960089,344781.18552340113
960166,344781.18552340113
961081,344781.18552340113
961152,344781.18552340113
961156,344781.18552340113
963917,344781.18552340113
963924,344781.18552340113
963928,344781.18552340113
964509,344781.18552340113
965003,344781.18552340113
967216,344781.18552340113
967710,344781.18552340113
967711,344781.18552340113
967715,344781.18552340113
968678,344781.18552340113
969661,344781.18552340113
970940,344781.18552340113
971513,344781.18552340113
972147,344781.18552340113
972176,344781.18552340113
972866,344781.18552340113
974942,344781.18552340113
974954,344781.18552340113
976609,344781.18552340113
978142,344781.18552340113
978273,344781.18552340113
978277,344781.18552340113
978278,344781.18552340113
978281,344781.18552340113
978860,344781.18552340113
979110,344781.18552340113
979112,344781.18552340113
979516,344781.18552340113
980337,344781.18552340113
980476,344781.18552340113
982006,344781.18552340113
983877,344781.18552340113
983878,344781.18552340113
983879,344781.18552340113
985387,344781.18552340113
985462,344781.18552340113
985808,344781.18552340113
986398,344781.18552340113
987620,344781.18552340113
988304,344781.18552340113
988676,344781.18552340113
989018,344781.18552340113
995698,344781.18552340113
995822,344781.18552340113
1002393,344781.18552340113
1003195,344781.18552340113
1003292,344781.18552340113
1003326,344781.18552340113
1003655,344781.18552340113
1003662,344781.18552340113
1003847,344781.18552340113
1006131,344781.18552340113
1008419,344781.18552340113
1008432,344781.18552340113
1008509,344781.18552340113
1008929,344781.18552340113
1009457,344781.18552340113
1010167,344781.18552340113
1010251,344781.18552340113
1010311,344781.18552340113
1011035,344781.18552340113
1011899,344781.18552340113
1013203,344781.18552340113
1013464,344781.18552340113
1013942,344781.18552340113
1014952,344781.18552340113
1015519,344781.18552340113
1018488,344781.18552340113
1018565,344781.18552340113
1018830,344781.18552340113
1019163,344781.18552340113
1019257,344781.18552340113
1019258,344781.18552340113
1022427,344781.18552340113
1023024,344781.18552340113
1024198,344781.18552340113
1024386,344781.18552340113
1024633,344781.18552340113
1065813,344781.18552340113
1066642,344781.18552340113
1066903,344781.18552340113
1068872,344781.18552340113
1071707,344781.18552340113
1072579,344781.18552340113
1072606,344781.18552340113
1073519,344781.18552340113
1073733,344781.18552340113
1074535,344781.18552340113
1075895,344781.18552340113
1076216,344781.18552340113
1076517,344781.18552340113
1076917,344781.18552340113
1077573,344781.18552340113
1078672,344781.18552340113
1080081,344781.18552340113
1080084,344781.18552340113
1080177,344781.18552340113
1080179,344781.18552340113
1080180,344781.18552340113
1080182,344781.18552340113
1080646,344781.18552340113
1081890,344781.18552340113
1082838,344781.18552340113
1082935,344781.18552340113
1083177,344781.18552340113
1083187,344781.18552340113
1093683,344781.18552340113
1094194,344781.18552340113
1097426,344781.18552340113
1098571,344781.18552340113
1102741,344781.18552340113
1102778,344781.18552340113
1224860,344781.18552340113
1224861,344781.18552340113
1224864,344781.18552340113
1224865,344781.18552340113
1224868,344781.18552340113
1224877,344781.18552340113
1229111,344781.18552340113
1229116,344781.18552340113
1229118,344781.18552340113
1235951,344781.18552340113
1235954,344781.18552340113
1236545,344781.18552340113
1236554,344781.18552340113
1236560,344781.18552340113
1239168,344781.18552340113
1239172,344781.18552340113
1239175,344781.18552340113
1239178,344781.18552340113
1239179,344781.18552340113
1239182,344781.18552340113
1239184,344781.18552340113
1241221,344781.18552340113
1241227,344781.18552340113
1241228,344781.18552340113
96029,293370.8433379393
96056,293370.8433379393
96065,293370.8433379393
96072,280023.2447105182
96079,285695.6431511714
96099,280870.1006655545
96100,280870.1006655545
96136,293370.8433379393
96137,293370.8433379393
96138,293370.8433379393
96140,293370.8433379393
96142,293370.8433379393
96143,293370.8433379393
96193,293370.8433379393
96202,293370.8433379393
96206,293370.8433379393
96207,293370.8433379393
96224,293370.8433379393
96225,293370.8433379393
96227,293370.8433379393
96302,293370.8433379393
96318,293370.8433379393
96339,293370.8433379393
96369,280870.1006655545
96417,293370.8433379393
96432,280870.1006655545
96464,280870.1006655545
96467,293370.8433379393
96471,293370.8433379393
96476,204416.36331083777
96477,204416.36331083777
96481,204416.36331083777
96486,293370.8433379393
96487,293370.8433379393
96515,293370.8433379393
96547,293370.8433379393
96571,293370.8433379393
96574,293370.8433379393
96593,293370.8433379393
96606,277712.9843430694
96648,293370.8433379393
96654,293370.8433379393
96656,293370.8433379393
96661,293370.8433379393
96662,293370.8433379393
96664,256690.05912580204
96668,293370.8433379393
96669,293370.8433379393
96672,293370.8433379393
96678,293370.8433379393
96679,293370.8433379393
96683,293370.8433379393
96713,293370.8433379393
96715,280870.1006655545
96735,280870.1006655545
96742,204416.36331083777
96750,293370.8433379393
96751,293370.8433379393
96758,293370.8433379393
96760,293370.8433379393
96762,293370.8433379393
96765,293370.8433379393
96771,293370.8433379393
96772,293370.8433379393
96782,293370.8433379393
96790,204416.36331083777
96791,293370.8433379393
96816,293370.8433379393
96819,204416.36331083777
96821,293370.8433379393
96838,293370.8433379393
96862,293370.8433379393
96863,293370.8433379393
96869,204416.36331083777
96875,293370.8433379393
96876,293370.8433379393
96896,272395.25181927514
96897,278949.0227892832
96937,280023.2447105182
96946,280023.2447105182
96952,204416.36331083777
96957,293370.8433379393
96986,293370.8433379393
96988,280023.2447105182
96990,280023.2447105182
97005,293370.8433379393
97065,278949.0227892832
97071,204416.36331083777
97077,256690.05912580204
97081,293370.8433379393
97083,293370.8433379393
97093,293370.8433379393
97097,293370.8433379393
97122,204416.36331083777
97125,293370.8433379393
97126,280870.1006655545
97127,293370.8433379393
97129,293370.8433379393
97133,293370.8433379393
97137,293370.8433379393
97139,293370.8433379393
97140,293370.8433379393
97144,293370.8433379393
97146,293370.8433379393
97148,293370.8433379393
97149,293370.8433379393
97152,293370.8433379393
97154,293370.8433379393
97155,293370.8433379393
97161,293370.8433379393
97166,293370.8433379393
97194,293370.8433379393
97210,280023.2447105182
97213,293370.8433379393
97215,293370.8433379393
97217,293370.8433379393
97224,293370.8433379393
97226,256690.05912580204
97229,293370.8433379393
97235,293370.8433379393
97250,293370.8433379393
97263,293370.8433379393
97269,280023.2447105182
97312,280023.2447105182
97318,293370.8433379393
97327,293370.8433379393
97336,293370.8433379393
97447,280870.1006655545
97449,293370.8433379393
97467,546192.2627305454
97482,293370.8433379393
97495,546192.2627305454
97527,293370.8433379393
97531,293370.8433379393
97533,293370.8433379393
97545,293370.8433379393
97550,293370.8433379393
97555,204416.36331083777
97562,256690.05912580204
97564,256690.05912580204
97565,256690.05912580204
97566,256690.05912580204
97573,280870.1006655545
97575,293370.8433379393
97578,204416.36331083777
97579,204416.36331083777
97580,204416.36331083777
97582,204416.36331083777
97583,204416.36331083777
97584,204416.36331083777
97585,204416.36331083777
97586,204416.36331083777
97589,293370.8433379393
97590,293370.8433379393
97677,293370.8433379393
97680,293370.8433379393
97681,293370.8433379393
97686,293370.8433379393
97687,293370.8433379393
97690,293370.8433379393
97692,293370.8433379393
97696,293370.8433379393
97698,293370.8433379393
97699,293370.8433379393
97701,293370.8433379393
97704,293370.8433379393
97707,293370.8433379393
97729,204416.36331083777
97807,293370.8433379393
97808,280023.2447105182
97858,280023.2447105182
97859,293370.8433379393
97861,293370.8433379393
97879,293370.8433379393
97881,293370.8433379393
97885,293370.8433379393
97888,293370.8433379393
97897,293370.8433379393
97907,256690.05912580204
97911,293370.8433379393
97914,280023.2447105182
97927,204416.36331083777
97943,293370.8433379393
97949,204416.36331083777
97967,280023.2447105182
97988,293370.8433379393
97989,293370.8433379393
97990,293370.8433379393
97991,293370.8433379393
97993,293370.8433379393
97996,293370.8433379393
97997,293370.8433379393
97998,293370.8433379393
97999,293370.8433379393
98001,293370.8433379393
98014,277712.9843430694
98016,278949.0227892832
98036,256690.05912580204
98054,204416.36331083777
98063,293370.8433379393
98082,293370.8433379393
98083,293370.8433379393
98085,293370.8433379393
98086,293370.8433379393
98087,293370.8433379393
98090,293370.8433379393
98095,293370.8433379393
98103,272395.25181927514
98108,293370.8433379393
98119,256690.05912580204
98149,204416.36331083777
98164,546192.2627305454
98167,293370.8433379393
98168,272395.25181927514
98204,261901.55575971998
98248,293370.8433379393
98249,293370.8433379393
98257,293370.8433379393
98276,293370.8433379393
98293,280023.2447105182
98301,280870.1006655545
98308,293370.8433379393
98357,293370.8433379393
98358,280023.2447105182
98366,280023.2447105182
98394,293370.8433379393
98400,293370.8433379393
98403,293370.8433379393
98412,293370.8433379393
98413,277712.9843430694
98433,277712.9843430694
98450,256690.05912580204
98451,272395.25181927514
98452,204416.36331083777
98455,293370.8433379393
98462,293370.8433379393
98475,293370.8433379393
98499,280870.1006655545
98525,293370.8433379393
98526,293370.8433379393
98528,277712.9843430694
98531,204416.36331083777
98544,293370.8433379393
98553,293370.8433379393
98573,204416.36331083777
98582,204416.36331083777
98584,204416.36331083777
98585,204416.36331083777
98589,272395.25181927514
98593,280870.1006655545
98596,203342.1413896027
98648,293370.8433379393
98652,280023.2447105182
98653,293370.8433379393
98654,256690.05912580204
98656,204416.36331083777
98710,546192.2627305454
98754,277712.9843430694
98770,293370.8433379393
98780,293370.8433379393
98781,546192.2627305454
98782,546192.2627305454
98789,293370.8433379393
98804,293370.8433379393
98822,293370.8433379393
98823,261901.55575971998
98828,293370.8433379393
98842,204416.36331083777
98843,277712.9843430694
98846,293370.8433379393
98862,293370.8433379393
98863,293370.8433379393
98869,204416.36331083777
98870,204416.36331083777
98874,256690.05912580204
98876,293370.8433379393
98878,293370.8433379393
98883,293370.8433379393
98895,293370.8433379393
98899,293370.8433379393
98900,293370.8433379393
98901,293370.8433379393
98902,293370.8433379393
98905,293370.8433379393
98929,292296.6214167042
98948,280023.2447105182
98979,280023.2447105182
99010,256690.05912580204
99022,280870.1006655545
99035,546192.2627305454
99043,293370.8433379393
99044,293370.8433379393
99048,293370.8433379393
99051,280023.2447105182
99087,277712.9843430694
99098,280870.1006655545
99102,280870.1006655545
99104,293370.8433379393
99105,293370.8433379393
99114,546192.2627305454
99148,292296.6214167042
99163,204416.36331083777
99168,293370.8433379393
99198,293370.8433379393
99200,280023.2447105182
99205,293370.8433379393
99273,293370.8433379393
99277,293370.8433379393
99292,293370.8433379393
99293,293370.8433379393
99298,293370.8433379393
99300,280870.1006655545
99304,293370.8433379393
99305,280023.2447105182
99316,293370.8433379393
99319,256690.05912580204
99341,293370.8433379393
99344,204416.36331083777
99356,293370.8433379393
99360,293370.8433379393
99361,293370.8433379393
99389,280023.2447105182
99399,293370.8433379393
99400,293370.8433379393
99401,204416.36331083777
99421,281516.46874247136
99429,293370.8433379393
99433,293370.8433379393
99436,280023.2447105182
99439,293370.8433379393
99442,293370.8433379393
99450,256690.05912580204
99451,277712.9843430694
99460,546192.2627305454
99475,293370.8433379393
99480,533215.4062878278
99483,280870.1006655545
99529,293370.8433379393
99532,293370.8433379393
99542,293370.8433379393
99575,546192.2627305454
99583,293370.8433379393
99597,204416.36331083777
99601,280023.2447105182
99603,293370.8433379393
99624,204416.36331083777
99625,277712.9843430694
99651,277712.9843430694
99655,277712.9843430694
99673,280870.1006655545
99694,293370.8433379393
99697,293370.8433379393
99698,280023.2447105182
99714,204416.36331083777
99716,293370.8433379393
99717,293370.8433379393
99718,293370.8433379393
99719,293370.8433379393
99728,280023.2447105182
99736,280870.1006655545
99739,267353.7573013769
99751,292296.6214167042
99759,546192.2627305454
99760,292296.6214167042
99761,293370.8433379393
99765,293370.8433379393
99769,252833.29395437994
99812,354923.8293812941
99817,331337.49528004555
99855,313336.6046986588
99868,155018.7724028996
99869,155018.7724028996
99874,155018.7724028996
99895,155018.7724028996
99897,354923.8293812941
99980,289923.27363160084
99982,289923.27363160084
99984,310490.0925407468
99985,338499.38731590606
99990,155906.2166320024
99991,289923.27363160084
100086,327998.18851206766
100110,354923.8293812941
100115,289923.27363160084
100118,289923.27363160084
100119,289923.27363160084
100122,289923.27363160084
100125,289923.27363160084
100126,289923.27363160084
100127,289923.27363160084
100129,289923.27363160084
100130,289923.27363160084
100134,289923.27363160084
100136,289923.27363160084
100156,327998.18851206766
100157,181633.32933198346
100169,354923.8293812941
100171,155018.7724028996
100179,181633.32933198346
100187,155906.2166320024
100192,317975.54813278024
100193,317975.54813278024
100219,155906.2166320024
100243,155018.7724028996
100244,155018.7724028996
100289,289923.27363160084
100297,289923.27363160084
100310,354923.8293812941
100312,325469.49408724316
100327,155018.7724028996
100378,155018.7724028996
100422,155018.7724028996
100447,155906.2166320024
100513,310490.0925407468
100520,155018.7724028996
100532,155018.7724028996
100534,155018.7724028996
100537,155018.7724028996
100550,155018.7724028996
100557,155906.2166320024
100564,155018.7724028996
100571,181633.32933198346
100575,184479.84148989554
100595,155906.2166320024
100596,340528.01656952524
100620,346971.36702725163
100621,340528.01656952524
100648,341345.8994738181
100652,155018.7724028996
100661,351914.53633653885
100677,327998.18851206766
100678,338499.38731590606
100681,338499.38731590606
100708,155018.7724028996
100709,155018.7724028996
100723,351914.53633653885
100730,354923.8293812941
100733,155018.7724028996
100735,155018.7724028996
100736,155018.7724028996
100744,181633.32933198346
100755,155018.7724028996
100774,155018.7724028996
100800,310490.0925407468
100805,155018.7724028996
100812,184479.84148989554
100813,181633.32933198346
100819,155906.2166320024
100821,354923.8293812941
100866,155906.2166320024
100906,354923.8293812941
100942,341345.8994738181
100950,155018.7724028996
101142,236191.19104626044
101185,155018.7724028996
101191,354923.8293812941
101193,330844.7006699797
101283,155018.7724028996
101287,155018.7724028996
101300,289923.27363160084
101308,155018.7724028996
101316,155018.7724028996
101318,289923.27363160084
101326,155018.7724028996
101402,331337.49528004555
101456,155906.2166320024
101469,155018.7724028996
101478,341345.8994738181
101486,184479.84148989554
101499,341345.8994738181
101501,155018.7724028996
101506,181633.32933198346
101512,155018.7724028996
101514,155906.2166320024
101515,155906.2166320024
101527,155018.7724028996
101552,155906.2166320024
101571,155018.7724028996
101583,155018.7724028996
101600,155018.7724028996
101601,155018.7724028996
101603,155018.7724028996
101614,155018.7724028996
101619,354923.8293812941
101642,266315.062622837
101673,155018.7724028996
101680,354923.8293812941
101694,155018.7724028996
101702,155018.7724028996
101707,341345.8994738181
101720,155018.7724028996
101755,155018.7724028996
101770,155018.7724028996
101780,325469.49408724316
101785,155018.7724028996
101817,184479.84148989554
101913,155018.7724028996
101915,155018.7724028996
101919,155018.7724028996
101976,155018.7724028996
101987,155018.7724028996
102114,155018.7724028996
102116,255679.80611229196
102197,289923.27363160084
102198,310490.0925407468
102217,313336.6046986588
102252,181633.32933198346
102299,325469.49408724316
102330,155018.7724028996
102350,155018.7724028996
102352,155018.7724028996
102353,155018.7724028996
102404,155018.7724028996
102405,155018.7724028996
102415,155018.7724028996
102420,155906.2166320024
102442,155018.7724028996
102475,341345.8994738181
102479,330844.7006699797
102511,338499.38731590606
102568,155018.7724028996
102580,155906.2166320024
102593,318836.13339194504
102598,155018.7724028996
102607,155018.7724028996
102637,155018.7724028996
102792,155018.7724028996
102794,155018.7724028996
102837,163118.8118307187
102890,165178.17347611208
102905,155018.7724028996
102910,155018.7724028996
102922,155018.7724028996
102985,155018.7724028996
103028,155018.7724028996
103115,155018.7724028996
103132,155018.7724028996
103138,165178.17347611208
103179,155018.7724028996
103199,155018.7724028996
103244,155018.7724028996
103246,155018.7724028996
103276,293262.58039957867
103283,155018.7724028996
103313,163118.8118307187
103362,325469.49408724316
103392,334184.00743795757
103395,155018.7724028996
103428,155906.2166320024
103436,165178.17347611208
103463,155018.7724028996
103493,303604.1927561576
103495,354923.8293812941
103498,354923.8293812941
103504,303604.1927561576
103524,310049.542464716
103527,354923.8293812941
103530,274375.61257282994
103532,155906.2166320024
103534,284876.81137666834
103540,155906.2166320024
103547,303604.1927561576
103555,156097.53207011413
103556,354923.8293812941
103557,165552.7936326504
103567,286712.97046935884
103568,303604.1927561576
103571,275842.18371316366
103577,275842.18371316366
103578,303604.1927561576
103579,267003.34825189953
103595,192621.30489690398
103601,274375.61257282994
103603,275842.18371316366
103604,283004.07574902417
103608,170516.6531589164
103614,225788.87952045474
103620,155906.2166320024
103625,303604.1927561576
103627,299242.3914911161
103678,303604.1927561576
103679,272502.8769451857
103685,354923.8293812941
103716,391609.80363247945
103720,303604.1927561576
103778,303604.1927561576
103780,354923.8293812941
103785,366347.3643501091
103787,234132.30808739003
103815,155906.2166320024
103816,303604.1927561576
103821,303604.1927561576
103836,303604.1927561576
103845,303604.1927561576
103851,299242.3914911161
103858,303604.1927561576
103859,310049.542464716
103862,308606.35841190314
103866,165552.7936326504
103873,167836.4731431352
103876,310792.09918067313
103879,303604.1927561576
103885,165552.7936326504
103889,165552.7936326504
103898,303604.1927561576
103899,303604.1927561576
103909,286236.86629275465
103911,272502.8769451857
103920,213296.3770756414
103927,303604.1927561576
103933,303604.1927561576
103946,299242.3914911161
103949,303604.1927561576
103950,274375.61257282994
103965,165552.7936326504
103997,303604.1927561576
104017,272502.8769451857
104028,155906.2166320024
104068,303604.1927561576
104077,272502.8769451857
104098,283004.07574902417
104099,303604.1927561576
104103,170707.96859702814
104135,306555.8808138242
104141,303604.1927561576
104148,303604.1927561576
104149,303604.1927561576
104151,303604.1927561576
104154,303604.1927561576
104161,303604.1927561576
104163,303604.1927561576
104165,303604.1927561576
104195,303604.1927561576
104205,303604.1927561576
104218,354923.8293812941
104238,156097.53207011413
104245,303604.1927561576
104248,303604.1927561576
104252,310049.542464716
104265,303604.1927561576
104266,267003.34825189953
104273,310792.09918067313
104274,303604.1927561576
104286,366347.3643501091
104290,303604.1927561576
104293,366347.3643501091
104299,197101.94327529692
104309,170516.6531589164
104326,303604.1927561576
104345,438949.6444788958
104359,303604.1927561576
104368,272502.8769451857
104379,354923.8293812941
104381,303604.1927561576
104403,170707.96859702814
104414,170516.6531589164
104417,286712.97046935884
104419,303604.1927561576
104431,310049.542464716
104439,155906.2166320024
104445,306555.8808138242
104447,303604.1927561576
104451,317587.46105652285
104454,155906.2166320024
104456,155906.2166320024
104465,303604.1927561576
104473,303604.1927561576
104489,391609.80363247945
104492,274375.61257282994
104513,310049.542464716
104517,299242.3914911161
104519,155906.2166320024
104523,213296.3770756414
104524,303604.1927561576
104526,155906.2166320024
104533,303604.1927561576
104538,303604.1927561576
104539,303604.1927561576
104545,170516.6531589164
104561,303604.1927561576
104598,303604.1927561576
104599,303604.1927561576
104611,391609.80363247945
104613,170516.6531589164
104623,303604.1927561576
104627,354923.8293812941
104628,155018.7724028996
104629,354923.8293812941
104630,354923.8293812941
104640,354923.8293812941
104641,354923.8293812941
104642,354923.8293812941
104665,155906.2166320024
104804,310049.542464716
104847,354923.8293812941
104861,267003.34825189953
104862,303604.1927561576
104863,267003.34825189953
104896,303604.1927561576
104899,303604.1927561576
104901,163491.3822448955
104906,162760.91644178814
104922,303604.1927561576
104924,303604.1927561576
104925,303604.1927561576
104930,155906.2166320024
104935,310049.542464716
104936,310049.542464716
104964,303604.1927561576
104965,303604.1927561576
104970,314002.4023429151
104973,314002.4023429151
104975,303604.1927561576
104979,155906.2166320024
104995,272502.8769451857
104996,283004.07574902417
104998,165552.7936326504
104999,165552.7936326504
105000,165552.7936326504
105024,303604.1927561576
105029,275842.18371316366
105037,275842.18371316366
105038,354923.8293812941
105039,303604.1927561576
105049,354923.8293812941
105057,303604.1927561576
105061,303604.1927561576
105065,283004.07574902417
105076,275842.18371316366
105091,303604.1927561576
105116,272502.8769451857
105136,303604.1927561576
105143,283004.07574902417
105151,354923.8293812941
105160,170707.96859702814
105162,310792.09918067313
105170,303604.1927561576
105172,303604.1927561576
105179,303604.1927561576
105184,303604.1927561576
105185,310049.542464716
105197,165552.7936326504
105202,310049.542464716
105231,354923.8293812941
105232,388915.6146972017
105235,303604.1927561576
105249,267003.34825189953
105258,155906.2166320024
105259,354923.8293812941
105272,283004.07574902417
105287,156097.53207011413
105293,214416.9874813695
105304,303604.1927561576
105314,272502.8769451857
105315,299242.3914911161
105328,303604.1927561576
105341,303604.1927561576
105344,272502.8769451857
105349,303604.1927561576
105350,354923.8293812941
105351,303604.1927561576
105362,303604.1927561576
105376,303604.1927561576
105386,299242.3914911161
105392,354923.8293812941
105401,303604.1927561576
105409,303604.1927561576
105414,303604.1927561576
105418,354923.8293812941
105419,310049.542464716
105425,303604.1927561576
105440,303604.1927561576
105447,170707.96859702814
105448,170707.96859702814
105452,354923.8293812941
105463,303604.1927561576
105464,303604.1927561576
105465,303604.1927561576
105524,284876.81137666834
105526,165552.7936326504
105531,310049.542464716
105536,354923.8293812941
105557,438949.6444788958
105633,303604.1927561576
105635,303604.1927561576
105637,303604.1927561576
105674,303604.1927561576
105681,310049.542464716
105703,314002.4023429151
105704,314002.4023429151
105705,314002.4023429151
105706,272502.8769451857
105711,267003.34825189953
105712,267003.34825189953
105719,275842.18371316366
105728,303604.1927561576
105734,303604.1927561576
105735,310792.09918067313
105745,303604.1927561576
105749,354923.8293812941
105764,303604.1927561576
105765,354923.8293812941
105768,303604.1927561576
105772,303604.1927561576
105778,303604.1927561576
105779,283004.07574902417
105785,303604.1927561576
105790,303604.1927561576
105806,303604.1927561576
105827,303604.1927561576
105831,354923.8293812941
105845,303604.1927561576
105848,284876.81137666834
105852,303604.1927561576
105865,354923.8293812941
105874,303604.1927561576
105906,303604.1927561576
105910,354923.8293812941
105915,170516.6531589164
105929,213296.3770756414
105945,310049.542464716
105946,303604.1927561576
105947,213296.3770756414
105948,303604.1927561576
105954,303604.1927561576
105990,283004.07574902417
106000,303604.1927561576
106016,303604.1927561576
106030,170707.96859702814
106034,272502.8769451857
106035,170707.96859702814
106040,354923.8293812941
106074,155906.2166320024
106139,303604.1927561576
106142,303604.1927561576
106155,283004.07574902417
106168,310049.542464716
106177,354923.8293812941
106183,303604.1927561576
106184,310049.542464716
106185,303604.1927561576
106201,303604.1927561576
106215,283004.07574902417
106233,303604.1927561576
106235,272502.8769451857
106236,272502.8769451857
106239,303604.1927561576
106241,354923.8293812941
106242,354923.8293812941
106243,303604.1927561576
106254,317587.46105652285
106259,170707.96859702814
106263,303604.1927561576
106281,310049.542464716
106282,354923.8293812941
106292,303604.1927561576
106294,308606.35841190314
106343,155018.7724028996
106356,272502.8769451857
106359,303604.1927561576
106360,303604.1927561576
106362,303604.1927561576
106390,170707.96859702814
106391,310049.542464716
106398,310049.542464716
106442,167836.4731431352
106449,283004.07574902417
106456,303604.1927561576
106458,303604.1927561576
106467,303604.1927561576
106512,284876.81137666834
106522,303604.1927561576
106565,354923.8293812941
106572,294709.3214886458
106579,284876.81137666834
106587,303604.1927561576
106591,303604.1927561576
106599,354923.8293812941
106604,299242.3914911161
106618,272502.8769451857
106647,354923.8293812941
106654,354923.8293812941
106665,303604.1927561576
106668,354923.8293812941
106678,303604.1927561576
106685,303604.1927561576
106707,303604.1927561576
106727,303604.1927561576
106760,159721.73264490845
106776,159721.73264490845
106780,159721.73264490845
106781,159721.73264490845
106783,159721.73264490845
106784,159721.73264490845
106790,159721.73264490845
106792,159721.73264490845
106819,159721.73264490845
106835,159721.73264490845
106845,159042.38725564585
106849,159042.38725564585
106857,159721.73264490845
106858,159721.73264490845
106860,159721.73264490845
106862,159721.73264490845
106871,159721.73264490845
106881,159721.73264490845
106896,159721.73264490845
106900,159721.73264490845
106902,159721.73264490845
106907,159721.73264490845
106918,159721.73264490845
106925,159721.73264490845
106927,159721.73264490845
106929,159721.73264490845
106934,159721.73264490845
106948,159721.73264490845
106949,159042.38725564585
106951,159042.38725564585
106954,159721.73264490845
106965,159721.73264490845
106975,159721.73264490845
106990,159721.73264490845
106992,159721.73264490845
107003,159721.73264490845
107004,159042.38725564585
107015,159721.73264490845
107016,159721.73264490845
107035,159721.73264490845
107058,159042.38725564585
107062,159721.73264490845
107071,159721.73264490845
107086,159042.38725564585
107093,159721.73264490845
107100,159721.73264490845
107122,159721.73264490845
107268,159721.73264490845
107275,159721.73264490845
107357,159721.73264490845
107361,159721.73264490845
107393,159721.73264490845
107395,159721.73264490845
107412,159721.73264490845
107416,159721.73264490845
107428,159721.73264490845
107452,159721.73264490845
107454,159721.73264490845
107464,159721.73264490845
107467,159721.73264490845
107469,159721.73264490845
107470,159721.73264490845
107472,159721.73264490845
107473,159721.73264490845
107487,159721.73264490845
107489,159721.73264490845
107495,159721.73264490845
107497,159042.38725564585
107501,159721.73264490845
107506,159721.73264490845
107510,159721.73264490845
107520,159721.73264490845
107551,158283.78015049512
107556,159721.73264490845
107572,159721.73264490845
107584,159721.73264490845
107594,159721.73264490845
107595,159721.73264490845
107601,159721.73264490845
107614,159721.73264490845
107616,159721.73264490845
107617,159721.73264490845
107619,159721.73264490845
107621,159721.73264490845
107650,159721.73264490845
107656,159721.73264490845
107678,159721.73264490845
107680,159042.38725564585
107684,159721.73264490845
107687,159721.73264490845
107690,159721.73264490845
107692,159721.73264490845
107693,159721.73264490845
107694,159721.73264490845
107695,159721.73264490845
107702,159721.73264490845
107712,159721.73264490845
107718,159721.73264490845
107722,159721.73264490845
107757,159042.38725564585
107762,159721.73264490845
107769,159042.38725564585
107770,159042.38725564585
107771,159721.73264490845
107776,159721.73264490845
107778,159721.73264490845
107788,159721.73264490845
107792,159721.73264490845
107812,159721.73264490845
107831,159721.73264490845
107832,159721.73264490845
107863,159042.38725564585
107871,159721.73264490845
107873,159721.73264490845
107874,159721.73264490845
107875,159721.73264490845
107906,159721.73264490845
107915,159721.73264490845
107916,159721.73264490845
107917,159721.73264490845
107918,159721.73264490845
107919,159721.73264490845
107920,159721.73264490845
107998,159721.73264490845
108021,159042.38725564585
108137,159042.38725564585
108190,159721.73264490845
108231,159721.73264490845
108235,159721.73264490845
108237,159721.73264490845
108246,159721.73264490845
108272,159721.73264490845
108277,159042.38725564585
108281,159042.38725564585
108283,159721.73264490845
108285,159721.73264490845
108340,159721.73264490845
108343,159721.73264490845
108401,158283.78015049512
108406,159721.73264490845
108408,159042.38725564585
108410,159721.73264490845
108429,159721.73264490845
108444,159721.73264490845
108447,159721.73264490845
108465,159721.73264490845
108468,159721.73264490845
108479,159721.73264490845
108496,159721.73264490845
108505,159721.73264490845
108512,159721.73264490845
108518,159721.73264490845
108519,159721.73264490845
108524,159721.73264490845
108527,159721.73264490845
108528,159721.73264490845
108545,159721.73264490845
108548,159721.73264490845
108551,159721.73264490845
108557,159721.73264490845
108558,159721.73264490845
108574,159721.73264490845
108580,159721.73264490845
108581,159721.73264490845
108589,159721.73264490845
108654,159721.73264490845
108658,159721.73264490845
108757,159721.73264490845
108771,159721.73264490845
108778,159721.73264490845
108802,159721.73264490845
108814,159721.73264490845
108816,159042.38725564585
108817,159721.73264490845
108832,159721.73264490845
108855,159721.73264490845
108867,159721.73264490845
108886,159721.73264490845
108900,159721.73264490845
108916,159042.38725564585
108948,159721.73264490845
108960,159721.73264490845
108962,159721.73264490845
108983,159721.73264490845
108984,159721.73264490845
108992,159721.73264490845
108993,159721.73264490845
109002,159721.73264490845
109051,159721.73264490845
109135,159721.73264490845
109157,159721.73264490845
109160,158283.78015049512
109175,159721.73264490845
109189,159721.73264490845
109236,159721.73264490845
109250,159721.73264490845
109251,159721.73264490845
109254,159721.73264490845
109323,159721.73264490845
109368,159042.38725564585
109384,159721.73264490845
109388,159721.73264490845
109389,159721.73264490845
109414,159721.73264490845
109434,159042.38725564585
109448,159721.73264490845
109454,159721.73264490845
109455,159721.73264490845
109456,159721.73264490845
109478,159721.73264490845
109488,159721.73264490845
109499,159721.73264490845
109504,159721.73264490845
109509,159721.73264490845
109523,159721.73264490845
109524,159721.73264490845
109525,159721.73264490845
109526,159721.73264490845
109534,159721.73264490845
109546,159721.73264490845
109566,159721.73264490845
109570,159721.73264490845
109577,159721.73264490845
109586,159721.73264490845
109589,159721.73264490845
109597,159721.73264490845
109608,251174.3634362358
109624,262437.3125273407
109633,203342.1413896027
109634,251174.3634362358
109650,283862.66408707044
109651,283862.66408707044
109653,283862.66408707044
109654,287631.81369221
109656,203342.1413896027
109658,283862.66408707044
109659,251174.3634362358
109661,251174.3634362358
109667,283862.66408707044
109672,287631.81369221
109673,283862.66408707044
109674,283862.66408707044
109675,283862.66408707044
109690,283862.66408707044
109698,262437.3125273407
109703,203342.1413896027
109710,266607.87727785774
109711,203342.1413896027
109724,202280.7588842104
109729,283862.66408707044
109736,262437.3125273407
109777,277624.089722685
109778,202280.7588842104
109779,267509.03383628966
109780,264316.6310239968
109781,203342.1413896027
109794,283862.66408707044
109860,203342.1413896027
109861,251174.3634362358
109867,287631.81369221
109868,287631.81369221
109876,283862.66408707044
109891,204505.22812426754
109896,283862.66408707044
109903,267509.03383628966
109905,283862.66408707044
109915,283862.66408707044
109925,204665.1091129438
109959,267509.03383628966
109962,203342.1413896027
109985,264466.3665874034
109986,264466.3665874034
110001,266345.6850840595
110013,203342.1413896027
110024,203342.1413896027
110041,264316.6310239968
110055,271973.95469734
110056,271973.95469734
110060,283862.66408707044
110065,202280.7588842104
110079,283862.66408707044
110092,283862.66408707044
110099,267509.03383628966
110108,262437.3125273407
110121,283862.66408707044
110130,203342.1413896027
110132,283862.66408707044
110135,283862.66408707044
110136,283862.66408707044
110137,283862.66408707044
110138,283862.66408707044
110139,283862.66408707044
110148,287631.81369221
110150,287631.81369221
110158,283862.66408707044
110160,262437.3125273407
110161,262437.3125273407
110180,203342.1413896027
110223,251174.3634362358
110226,283862.66408707044
110236,264316.6310239968
110248,283862.66408707044
110295,262437.3125273407
110319,262437.3125273407
110327,202280.7588842104
110330,271973.95469734
110335,283862.66408707044
110345,203342.1413896027
110348,251174.3634362358
110349,251174.3634362358
110351,277624.089722685
110355,203342.1413896027
110365,267509.03383628966
110380,264316.6310239968
110387,283862.66408707044
110392,283862.66408707044
110393,264316.6310239968
110403,262437.3125273407
110452,203342.1413896027
110462,267509.03383628966
110538,267509.03383628966
110626,267509.03383628966
110628,267509.03383628966
110631,251174.3634362358
110642,287631.81369221
110672,204665.1091129438
110695,267509.03383628966
110698,262437.3125273407
110716,283862.66408707044
110725,287631.81369221
110733,204665.1091129438
110742,203342.1413896027
110743,203342.1413896027
110747,283862.66408707044
110758,283862.66408707044
110769,274284.21506478894
110780,251174.3634362358
110790,204665.1091129438
110791,204665.1091129438
110792,267509.03383628966
110795,204665.1091129438
110796,262437.3125273407
110797,262437.3125273407
110798,262437.3125273407
110803,283862.66408707044
110807,266345.6850840595
110817,283862.66408707044
110824,204665.1091129438
110854,283862.66408707044
110872,203342.1413896027
110875,244012.47140037525
110883,203342.1413896027
110902,266345.6850840595
110903,264466.3665874034
110912,203342.1413896027
110914,283862.66408707044
110923,264316.6310239968
110934,283862.66408707044
110938,283862.66408707044
110939,283862.66408707044
110945,283862.66408707044
110948,283862.66408707044
110949,283862.66408707044
110964,264316.6310239968
110980,262437.3125273407
110983,262437.3125273407
110992,283862.66408707044
110993,283862.66408707044
110999,283862.66408707044
111000,283862.66408707044
111001,283862.66408707044
111003,283862.66408707044
111005,283862.66408707044
111008,283862.66408707044
111009,283862.66408707044
111014,262437.3125273407
111018,287631.81369221
111023,262437.3125273407
111031,283862.66408707044
111035,283862.66408707044
111054,233275.515798496
111059,283862.66408707044
111079,262437.3125273407
111113,283862.66408707044
111114,283862.66408707044
111117,283862.66408707044
111118,283862.66408707044
111119,283862.66408707044
111120,283862.66408707044
111122,283862.66408707044
111123,283862.66408707044
111124,283862.66408707044
111125,283862.66408707044
111127,283862.66408707044
111129,264316.6310239968
111143,203342.1413896027
111147,283862.66408707044
111148,283862.66408707044
111166,264316.6310239968
111167,283862.66408707044
111168,283862.66408707044
111191,262437.3125273407
111196,204665.1091129438
111197,204665.1091129438
111199,262437.3125273407
111208,283862.66408707044
111216,276401.3005587932
111252,203342.1413896027
111255,262437.3125273407
111319,287631.81369221
111384,287631.81369221
111386,203342.1413896027
111388,283862.66408707044
111389,287631.81369221
111394,266345.6850840595
111395,266345.6850840595
111435,264466.3665874034
111446,159721.73264490845
111457,267509.03383628966
111459,287631.81369221
111463,287631.81369221
111477,267509.03383628966
111496,262437.3125273407
111506,283862.66408707044
111507,264316.6310239968
111510,204665.1091129438
111512,262437.3125273407
111523,266345.6850840595
111530,267509.03383628966
111531,287631.81369221
111534,203342.1413896027
111538,204665.1091129438
111554,203342.1413896027
111573,283862.66408707044
111590,287631.81369221
111598,283862.66408707044
111608,283862.66408707044
111611,202280.7588842104
111621,203342.1413896027
111628,283862.66408707044
111629,283862.66408707044
111633,264316.6310239968
111636,283862.66408707044
111637,283862.66408707044
111658,283862.66408707044
111665,267509.03383628966
111697,283862.66408707044
111703,283862.66408707044
111774,264316.6310239968
111775,287631.81369221
111820,264316.6310239968
111839,204937.4098523721
111846,283862.66408707044
111850,283862.66408707044
111856,266607.87727785774
111860,283862.66408707044
111865,159721.73264490845
111883,287631.81369221
111884,287631.81369221
111885,287631.81369221
111894,287631.81369221
111915,283862.66408707044
111924,275317.12364689284
111939,283862.66408707044
111954,264466.3665874034
111965,262437.3125273407
111970,287631.81369221
111976,262437.3125273407
111987,287631.81369221
111988,283862.66408707044
112051,267509.03383628966
112063,283862.66408707044
112068,264466.3665874034
112075,251174.3634362358
112157,283862.66408707044
112162,287631.81369221
112163,287631.81369221
112227,287631.81369221
112230,287631.81369221
112247,267509.03383628966
112271,266345.6850840595
112297,203342.1413896027
112315,262437.3125273407
112335,204416.36331083777
112353,204416.36331083777
112355,489947.8235612122
112367,204416.36331083777
112375,256690.05912580204
112378,256690.05912580204
112388,208498.3094449502
112412,209805.2749243135
112424,498965.20525340067
112431,204416.36331083777
112465,204416.36331083777
112466,204416.36331083777
112474,204416.36331083777
112486,204416.36331083777
112510,208498.3094449502
112511,208498.3094449502
112512,208498.3094449502
112657,277712.9843430694
112663,280023.2447105182
112673,204416.36331083777
112680,204416.36331083777
112681,204416.36331083777
112694,491500.57647975365
112696,208498.3094449502
112713,208498.3094449502
112716,209805.2749243135
112718,209805.2749243135
112720,208498.3094449502
112726,208498.3094449502
112744,208498.3094449502
112748,208498.3094449502
112755,204416.36331083777
112757,491500.57647975365
112780,204416.36331083777
112793,500272.170732764
112796,280023.2447105182
112816,420799.93715155614
112822,409956.16233816405
112823,409956.16233816405
112825,409956.16233816405
112828,546192.2627305454
112851,498965.20525340067
112872,261901.55575971998
112874,280023.2447105182
112921,492102.45567966707
112925,409956.16233816405
112926,208498.3094449502
112928,409956.16233816405
112929,409956.16233816405
112930,409956.16233816405
112933,498965.20525340067
112938,209805.2749243135
112960,208498.3094449502
112963,208498.3094449502
112970,208498.3094449502
112974,491500.57647975365
112986,204416.36331083777
112987,204416.36331083777
113022,208498.3094449502
113037,421343.5922178368
113109,208498.3094449502
113113,409956.16233816405
113114,409956.16233816405
113163,204416.36331083777
113169,204416.36331083777
113181,209805.2749243135
113206,204416.36331083777
113207,204416.36331083777
113230,204416.36331083777
113231,546192.2627305454
113246,207656.87993667962
113248,204416.36331083777
113313,204416.36331083777
113314,204416.36331083777
113315,204416.36331083777
113320,208498.3094449502
113322,208498.3094449502
113323,208498.3094449502
113326,208498.3094449502
113329,208498.3094449502
113465,280023.2447105182
113468,256690.05912580204
113478,208498.3094449502
113488,219211.15330088657
113491,204416.36331083777
113503,204416.36331083777
113552,209805.2749243135
113568,204416.36331083777
113608,208498.3094449502
113613,204416.36331083777
113616,204416.36331083777
113617,204416.36331083777
113630,208498.3094449502
113644,204416.36331083777
113645,204416.36331083777
113657,546192.2627305454
113662,546192.2627305454
113668,209805.2749243135
113703,208498.3094449502
113704,208498.3094449502
113706,546192.2627305454
113711,204416.36331083777
113750,421343.5922178368
113752,204416.36331083777
113762,280023.2447105182
113804,409956.16233816405
113809,498965.20525340067
113813,204416.36331083777
113831,204416.36331083777
113871,204416.36331083777
113884,208498.3094449502
113888,204416.36331083777
113890,204416.36331083777
113909,209805.2749243135
113922,280870.1006655545
113950,409956.16233816405
113957,280023.2447105182
113995,209805.2749243135
114001,209805.2749243135
114002,209805.2749243135
114007,204416.36331083777
114030,208498.3094449502
114031,208498.3094449502
114139,204416.36331083777
114172,256690.05912580204
114187,219211.15330088657
114200,204416.36331083777
114204,204416.36331083777
114217,204416.36331083777
114242,204416.36331083777
114253,209805.2749243135
114266,208498.3094449502
114276,208498.3094449502
114334,208498.3094449502
114335,208498.3094449502
114336,208498.3094449502
114337,209805.2749243135
114377,209805.2749243135
114379,546192.2627305454
114396,409956.16233816405
114401,204416.36331083777
114405,204416.36331083777
114407,204416.36331083777
114431,409956.16233816405
114432,409956.16233816405
114440,208498.3094449502
114449,204416.36331083777
114454,208498.3094449502
114458,472104.1872412447
114461,208498.3094449502
114468,498965.20525340067
114560,208498.3094449502
114619,204416.36331083777
114634,204416.36331083777
114649,221582.17746226166
114650,204416.36331083777
114658,204416.36331083777
114661,546192.2627305454
114676,204416.36331083777
114684,492102.45567966707
114688,209805.2749243135
114690,280023.2447105182
114698,546192.2627305454
114702,208498.3094449502
114711,209805.2749243135
114717,208498.3094449502
114721,204416.36331083777
114728,204416.36331083777
114732,204416.36331083777
114736,204416.36331083777
114748,208498.3094449502
114764,546192.2627305454
114780,208498.3094449502
114781,204416.36331083777
114790,204416.36331083777
114804,208498.3094449502
114809,498965.20525340067
114812,209805.2749243135
114816,208498.3094449502
114839,204416.36331083777
114847,204416.36331083777
114884,492102.45567966707
114886,463556.3440970323
114887,463556.3440970323
114893,491500.57647975365
114904,155018.7724028996
114941,155018.7724028996
114950,155018.7724028996
114969,155906.2166320024
114993,155018.7724028996
114997,155018.7724028996
115004,155906.2166320024
115020,155018.7724028996
115025,155018.7724028996
115027,155018.7724028996
115078,155018.7724028996
115080,155018.7724028996
115081,155018.7724028996
115082,155018.7724028996
115085,155018.7724028996
115086,155018.7724028996
115087,155018.7724028996
115088,155018.7724028996
115093,155906.2166320024
115098,155018.7724028996
115099,155018.7724028996
115100,155018.7724028996
115178,155018.7724028996
115179,155018.7724028996
115181,155018.7724028996
115243,155906.2166320024
115261,155018.7724028996
115279,155018.7724028996
115316,155018.7724028996
115318,155018.7724028996
115360,155018.7724028996
115394,155018.7724028996
115403,155018.7724028996
115408,155018.7724028996
115412,155018.7724028996
115417,155018.7724028996
115418,155018.7724028996
115422,155018.7724028996
115479,155906.2166320024
115480,155906.2166320024
115481,155906.2166320024
115482,155906.2166320024
115483,155906.2166320024
115485,155906.2166320024
115488,155906.2166320024
115505,155018.7724028996
115506,155018.7724028996
115507,155018.7724028996
115508,155018.7724028996
115509,155018.7724028996
115510,155018.7724028996
115511,155018.7724028996
115512,155018.7724028996
115514,155018.7724028996
115515,155018.7724028996
115516,155018.7724028996
115517,155018.7724028996
115528,155018.7724028996
115536,155018.7724028996
115537,155018.7724028996
115538,155018.7724028996
115539,155018.7724028996
115541,155018.7724028996
115542,155018.7724028996
115543,155018.7724028996
115544,155018.7724028996
115545,155018.7724028996
115548,155018.7724028996
115551,155018.7724028996
115552,155018.7724028996
115553,155018.7724028996
115554,155018.7724028996
115555,155018.7724028996
115559,155018.7724028996
115597,155018.7724028996
115598,155018.7724028996
115642,155018.7724028996
115652,155018.7724028996
115780,155018.7724028996
115818,155018.7724028996
115896,155018.7724028996
115898,155018.7724028996
115900,155018.7724028996
115902,155018.7724028996
115910,155906.2166320024
115927,155018.7724028996
115980,155906.2166320024
115983,155906.2166320024
116008,155018.7724028996
116056,155018.7724028996
116064,155018.7724028996
116065,155018.7724028996
116066,155018.7724028996
116067,155018.7724028996
116068,155018.7724028996
116069,155018.7724028996
116071,155018.7724028996
116072,155018.7724028996
116094,155018.7724028996
116099,155018.7724028996
116105,155018.7724028996
116152,155906.2166320024
116154,155906.2166320024
116173,155018.7724028996
116174,155018.7724028996
116175,155018.7724028996
116176,155018.7724028996
116178,155018.7724028996
116179,155018.7724028996
116189,155018.7724028996
116190,155018.7724028996
116196,155018.7724028996
116197,155018.7724028996
116198,155018.7724028996
116199,155018.7724028996
116205,155018.7724028996
116269,155018.7724028996
116350,155018.7724028996
116434,155018.7724028996
116435,155018.7724028996
116446,155018.7724028996
116471,155018.7724028996
116501,155018.7724028996
116506,155018.7724028996
116507,155018.7724028996
116508,155018.7724028996
116509,155018.7724028996
116547,155018.7724028996
116562,155018.7724028996
116581,155018.7724028996
116634,155018.7724028996
116635,155018.7724028996
116661,155018.7724028996
116675,155018.7724028996
116690,155018.7724028996
116706,155018.7724028996
116787,155018.7724028996
116890,155018.7724028996
116909,155018.7724028996
116920,156642.29849569444
116926,159042.38725564585
116932,156097.53207011413
116934,159042.38725564585
116937,159042.38725564585
116940,159042.38725564585
116941,159042.38725564585
116942,159042.38725564585
116944,159042.38725564585
116945,159042.38725564585
116947,159042.38725564585
116948,159042.38725564585
116950,159042.38725564585
116957,159042.38725564585
116958,159042.38725564585
116959,159042.38725564585
116960,157609.18551296924
116981,156097.53207011413
116988,157609.18551296924
116992,156642.29849569444
117046,159042.38725564585
117055,156097.53207011413
117076,158121.54601286564
117077,158121.54601286564
117078,158121.54601286564
117093,158121.54601286564
117127,156097.53207011413
117128,156097.53207011413
117137,159042.38725564585
117140,159042.38725564585
117145,159042.38725564585
117174,159042.38725564585
117188,159042.38725564585
117201,159042.38725564585
117212,158121.54601286564
117216,156097.53207011413
117220,156097.53207011413
117222,156097.53207011413
117224,156097.53207011413
117225,156097.53207011413
117226,156097.53207011413
117227,156642.29849569444
117232,156097.53207011413
117236,158121.54601286564
117238,156642.29849569444
117239,157609.18551296924
117245,156642.29849569444
117246,159042.38725564585
117247,159042.38725564585
117253,159042.38725564585
117263,159042.38725564585
117265,159042.38725564585
117272,156642.29849569444
117275,158121.54601286564
117278,156097.53207011413
117288,159042.38725564585
117290,156642.29849569444
117313,159042.38725564585
117317,158121.54601286564
117318,158121.54601286564
117325,158121.54601286564
117326,158121.54601286564
117328,158121.54601286564
117331,156097.53207011413
117333,156097.53207011413
117335,156097.53207011413
117345,156097.53207011413
117346,156097.53207011413
117349,158121.54601286564
117359,156097.53207011413
117365,156097.53207011413
117374,159721.73264490845
117416,157609.18551296924
117511,156097.53207011413
117513,158121.54601286564
117514,158121.54601286564
117589,156097.53207011413
117619,156097.53207011413
117632,159042.38725564585
117680,157609.18551296924
117682,157609.18551296924
117688,156097.53207011413
117714,158121.54601286564
117716,156097.53207011413
117718,157609.18551296924
117719,156097.53207011413
117746,158121.54601286564
117750,158121.54601286564
117752,157609.18551296924
117759,159721.73264490845
117772,157609.18551296924
117777,159042.38725564585
117785,156097.53207011413
117788,158121.54601286564
117796,156642.29849569444
117797,159042.38725564585
117803,156097.53207011413
117808,156642.29849569444
117810,159042.38725564585
117821,159042.38725564585
117846,159042.38725564585
117847,159042.38725564585
117848,159042.38725564585
117849,159042.38725564585
117850,159042.38725564585
117851,159042.38725564585
117853,156097.53207011413
117875,159042.38725564585
117888,159042.38725564585
117900,156097.53207011413
117903,159042.38725564585
117906,158121.54601286564
117917,158121.54601286564
117918,159042.38725564585
117919,159042.38725564585
117925,158121.54601286564
117927,159042.38725564585
117931,157609.18551296924
117935,159042.38725564585
117945,159042.38725564585
117953,159042.38725564585
117956,156097.53207011413
117964,157609.18551296924
117965,157609.18551296924
117966,157609.18551296924
117967,157609.18551296924
117968,157609.18551296924
117969,157609.18551296924
117970,157609.18551296924
117974,157609.18551296924
117984,158121.54601286564
117999,158121.54601286564
118001,159042.38725564585
118006,158121.54601286564
118010,159042.38725564585
118020,159042.38725564585
118023,159042.38725564585
118027,158121.54601286564
118030,159042.38725564585
118048,156097.53207011413
118049,158121.54601286564
118056,158121.54601286564
118060,158121.54601286564
118061,158121.54601286564
118062,159721.73264490845
118067,157609.18551296924
118091,156097.53207011413
118094,156097.53207011413
118095,156642.29849569444
118096,156097.53207011413
118097,156097.53207011413
118098,156097.53207011413
118099,156642.29849569444
118100,156097.53207011413
118101,156097.53207011413
118104,158121.54601286564
118109,155018.7724028996
118116,156097.53207011413
118118,156097.53207011413
118125,159042.38725564585
118126,159042.38725564585
118130,159042.38725564585
118132,159042.38725564585
118133,159042.38725564585
118141,159042.38725564585
118148,159042.38725564585
118149,159042.38725564585
118151,156642.29849569444
118157,159042.38725564585
118163,158121.54601286564
118165,156097.53207011413
118168,159042.38725564585
118169,159042.38725564585
118170,159042.38725564585
118178,159042.38725564585
118180,159042.38725564585
118182,159042.38725564585
118186,159042.38725564585
118192,159042.38725564585
118196,156642.29849569444
118198,156097.53207011413
118209,158121.54601286564
118218,158121.54601286564
118229,156097.53207011413
118230,156097.53207011413
118244,156097.53207011413
118250,156642.29849569444
118255,159721.73264490845
118316,156097.53207011413
118319,156097.53207011413
118320,156097.53207011413
118323,159721.73264490845
118437,159721.73264490845
118449,159042.38725564585
118461,159042.38725564585
118491,158121.54601286564
118511,158121.54601286564
118533,156097.53207011413
118555,159042.38725564585
118562,156097.53207011413
118575,157609.18551296924
118578,159042.38725564585
118589,157609.18551296924
118590,157609.18551296924
118612,157609.18551296924
118617,158121.54601286564
118627,159042.38725564585
118637,158121.54601286564
118646,158121.54601286564
118647,158121.54601286564
118650,156642.29849569444
118659,159042.38725564585
118668,159042.38725564585
118669,156097.53207011413
118701,158121.54601286564
118704,159042.38725564585
118826,157609.18551296924
118866,159042.38725564585
118867,157609.18551296924
118869,157609.18551296924
118870,156097.53207011413
118871,156097.53207011413
118872,156097.53207011413
118881,159042.38725564585
118893,159042.38725564585
118894,158121.54601286564
118897,159042.38725564585
118899,158121.54601286564
118908,158121.54601286564
118923,159042.38725564585
118944,159042.38725564585
118965,159042.38725564585
118987,159042.38725564585
119087,156642.29849569444
119092,159042.38725564585
119098,159042.38725564585
119099,159042.38725564585
119143,158121.54601286564
119180,158121.54601286564
119190,158121.54601286564
119207,156097.53207011413
119217,159042.38725564585
119236,159721.73264490845
119246,159721.73264490845
119247,219040.74703606803
119248,173652.82378255983
119251,159721.73264490845
119252,159721.73264490845
119255,173047.25130181556
119259,168083.39177554953
119262,243287.08973039815
119264,159721.73264490845
119275,159721.73264490845
119284,159721.73264490845
119285,159721.73264490845
119291,159721.73264490845
119294,159721.73264490845
119305,159721.73264490845
119306,219646.31951681233
119311,251174.3634362358
119326,172731.98253977962
119328,159721.73264490845
119334,159721.73264490845
119338,159721.73264490845
119341,159721.73264490845
119343,159042.38725564585
119345,159721.73264490845
119346,159721.73264490845
119348,159721.73264490845
119351,159721.73264490845
119374,159721.73264490845
119389,173652.82378255983
119397,173652.82378255983
119398,168688.9642562938
119401,173652.82378255983
119402,159721.73264490845
119403,173652.82378255983
119406,159721.73264490845
119446,159042.38725564585
119505,159042.38725564585
119514,159042.38725564585
119515,159042.38725564585
119516,159042.38725564585
119529,159721.73264490845
119549,159042.38725564585
119561,159721.73264490845
119562,173652.82378255983
119567,159042.38725564585
119572,263940.08364041685
119573,159721.73264490845
119574,159721.73264490845
119575,159721.73264490845
119590,159721.73264490845
119591,159721.73264490845
119605,241565.32500503433
119606,241565.32500503433
119608,243287.08973039815
119609,243287.08973039815
119611,243287.08973039815
119613,243287.08973039815
119621,159721.73264490845
119637,264466.3665874034
119641,168083.39177554953
119647,159721.73264490845
119648,159721.73264490845
119649,159721.73264490845
119650,264466.3665874034
119656,159721.73264490845
119657,159721.73264490845
119658,159721.73264490845
119673,159721.73264490845
119676,159721.73264490845
119680,159721.73264490845
119683,159721.73264490845
119685,247231.96897912034
119703,262203.56005043635
119709,159721.73264490845
119712,159721.73264490845
119724,159721.73264490845
119731,159721.73264490845
119733,159721.73264490845
119735,159721.73264490845
119748,219646.31951681233
119750,219646.31951681233
119754,168083.39177554953
119759,159721.73264490845
119765,219646.31951681233
119768,159721.73264490845
119770,159721.73264490845
119771,159721.73264490845
119792,159721.73264490845
119794,159721.73264490845
119796,159721.73264490845
119798,173652.82378255983
119804,159721.73264490845
119809,159721.73264490845
119811,173652.82378255983
119813,159721.73264490845
119821,159721.73264490845
119824,159721.73264490845
119825,159721.73264490845
119826,159721.73264490845
119830,159721.73264490845
119831,159721.73264490845
119832,159721.73264490845
119833,159721.73264490845
119834,159721.73264490845
119835,159721.73264490845
119842,159721.73264490845
119847,159042.38725564585
119848,159721.73264490845
119857,159721.73264490845
119871,159721.73264490845
119872,159721.73264490845
119873,159721.73264490845
119876,159721.73264490845
119884,264466.3665874034
119931,159721.73264490845
119932,159721.73264490845
119933,159721.73264490845
119934,159721.73264490845
119937,159721.73264490845
119938,159721.73264490845
119939,159721.73264490845
119944,159721.73264490845
120014,159042.38725564585
120072,173652.82378255983
120077,173047.25130181556
120105,159721.73264490845
120107,159721.73264490845
120111,159721.73264490845
120124,159042.38725564585
120132,247231.96897912034
120133,159042.38725564585
120141,159721.73264490845
120165,243287.08973039815
120166,243287.08973039815
120169,159721.73264490845
120176,219040.74703606803
120177,219040.74703606803
120180,159721.73264490845
120181,159721.73264490845
120193,159721.73264490845
120194,159721.73264490845
120196,159721.73264490845
120205,159721.73264490845
120206,159721.73264490845
120207,251174.3634362358
120208,251174.3634362358
120218,219040.74703606803
120223,264466.3665874034
120231,173652.82378255983
120261,159721.73264490845
120262,159721.73264490845
120263,159721.73264490845
120269,159721.73264490845
120273,159721.73264490845
120279,159721.73264490845
120295,173652.82378255983
120298,251174.3634362358
120302,219646.31951681233
120304,219646.31951681233
120305,219646.31951681233
120306,219646.31951681233
120311,219646.31951681233
120312,219646.31951681233
120314,173047.25130181556
120320,159721.73264490845
120326,159721.73264490845
120327,158121.54601286564
120337,158121.54601286564
120338,158121.54601286564
120339,158121.54601286564
120348,159721.73264490845
120349,159721.73264490845
120350,159721.73264490845
120363,173652.82378255983
120365,159721.73264490845
120371,159721.73264490845
120372,159721.73264490845
120378,247231.96897912034
120381,247231.96897912034
120383,159721.73264490845
120385,159721.73264490845
120414,159042.38725564585
120415,159042.38725564585
120417,159721.73264490845
120419,159721.73264490845
120421,159721.73264490845
120499,159042.38725564585
120500,159042.38725564585
120501,265051.2376253415
120515,159721.73264490845
120516,159721.73264490845
120545,159721.73264490845
120548,159721.73264490845
120561,159721.73264490845
120562,159721.73264490845
120564,173047.25130181556
120569,254393.86101498085
120590,264466.3665874034
120591,264466.3665874034
120592,159042.38725564585
120593,159721.73264490845
120596,159721.73264490845
120597,167768.1230135136
120608,159721.73264490845
120609,159721.73264490845
120614,243287.08973039815
120615,243287.08973039815
120616,243287.08973039815
120629,243287.08973039815
120642,219040.74703606803
120643,159721.73264490845
120646,219040.74703606803
120672,264466.3665874034
120675,173652.82378255983
120676,159721.73264490845
120678,251174.3634362358
120687,159721.73264490845
120688,159721.73264490845
120689,159721.73264490845
120691,159721.73264490845
120692,159721.73264490845
120702,159721.73264490845
120715,219646.31951681233
120720,219646.31951681233
120735,262437.3125273407
120743,159721.73264490845
120744,251174.3634362358
120745,159721.73264490845
120749,159721.73264490845
120756,173652.82378255983
120769,159721.73264490845
120803,159721.73264490845
120810,159721.73264490845
120822,159721.73264490845
120832,219040.74703606803
120833,219040.74703606803
120844,251174.3634362358
120851,159721.73264490845
120886,189431.28924263938
120887,189431.28924263938
120895,263940.08364041685
120903,159721.73264490845
120905,159721.73264490845
120906,159721.73264490845
120910,251174.3634362358
120916,159721.73264490845
120918,159721.73264490845
120920,159721.73264490845
120922,159721.73264490845
120924,159721.73264490845
120925,159721.73264490845
120926,159721.73264490845
120960,159721.73264490845
120970,159721.73264490845
120976,159721.73264490845
121014,252302.2609378666
121019,265051.2376253415
121021,159721.73264490845
121025,264466.3665874034
121030,201211.8101653289
121038,198059.67236162827
121041,202280.7588842104
121042,204416.36331083777
121043,204416.36331083777
121045,204416.36331083777
121046,204416.36331083777
121047,204416.36331083777
121048,204416.36331083777
121049,204416.36331083777
121050,204416.36331083777
121051,204416.36331083777
121061,198059.67236162827
121062,198059.67236162827
121064,198059.67236162827
121068,203342.1413896027
121070,203342.1413896027
121085,198059.67236162827
121097,202280.7588842104
121150,201211.8101653289
121158,202280.7588842104
121159,198059.67236162827
121169,202280.7588842104
121172,202280.7588842104
121187,198059.67236162827
121189,203347.4145919563
121192,203342.1413896027
121193,203342.1413896027
121195,200195.27678825564
121204,201211.8101653289
121208,201211.8101653289
121210,201211.8101653289
121219,204416.36331083777
121224,198059.67236162827
121235,204416.36331083777
121236,204416.36331083777
121238,204416.36331083777
121239,204416.36331083777
121240,204416.36331083777
121241,204416.36331083777
121242,204416.36331083777
121243,204416.36331083777
121244,198059.67236162827
121246,202280.7588842104
121249,201211.8101653289
121251,201211.8101653289
121256,203347.4145919563
121257,203347.4145919563
121258,203347.4145919563
121264,198059.67236162827
121265,198059.67236162827
121270,204416.36331083777
121274,198059.67236162827
121280,204416.36331083777
121282,204416.36331083777
121283,198059.67236162827
121286,198059.67236162827
121295,200195.27678825564
121296,202280.7588842104
121299,202280.7588842104
121300,198059.67236162827
121301,201211.8101653289
121307,202280.7588842104
121308,202280.7588842104
121311,200195.27678825564
121315,201211.8101653289
121320,198059.67236162827
121321,204416.36331083777
121323,203342.1413896027
121324,203342.1413896027
121331,203342.1413896027
121333,203342.1413896027
121335,203342.1413896027
121337,198059.67236162827
121338,198059.67236162827
121339,198059.67236162827
121343,198059.67236162827
121346,201211.8101653289
121347,201211.8101653289
121348,201211.8101653289
121350,201211.8101653289
121351,201211.8101653289
121352,201211.8101653289
121364,203342.1413896027
121365,203342.1413896027
121373,201211.8101653289
121375,198059.67236162827
121376,202280.7588842104
121377,201211.8101653289
121385,201211.8101653289
121397,202280.7588842104
121400,201211.8101653289
121402,198059.67236162827
121408,198059.67236162827
121444,198059.67236162827
121452,202280.7588842104
121455,198059.67236162827
121538,201211.8101653289
121544,202280.7588842104
121597,202280.7588842104
121647,198059.67236162827
121688,202280.7588842104
121697,198059.67236162827
121707,201211.8101653289
121708,201211.8101653289
121710,198059.67236162827
121716,198059.67236162827
121723,201211.8101653289
121739,198059.67236162827
121742,198059.67236162827
121746,198059.67236162827
121751,198059.67236162827
121756,200195.27678825564
121757,201211.8101653289
121765,200195.27678825564
121766,200195.27678825564
121767,200195.27678825564
121771,203347.4145919563
121777,202280.7588842104
121781,198059.67236162827
121787,198059.67236162827
121788,202280.7588842104
121793,204416.36331083777
121802,198059.67236162827
121807,201211.8101653289
121822,204416.36331083777
121824,201211.8101653289
121825,198059.67236162827
121826,198059.67236162827
121829,202280.7588842104
121843,202280.7588842104
121847,203347.4145919563
121848,203347.4145919563
121849,200195.27678825564
121850,203347.4145919563
121854,198059.67236162827
121857,202280.7588842104
121868,202280.7588842104
121878,200195.27678825564
121884,202280.7588842104
121892,198059.67236162827
121899,202280.7588842104
121900,202280.7588842104
121901,202280.7588842104
121909,200195.27678825564
121923,202280.7588842104
121927,201211.8101653289
121930,198059.67236162827
121932,198059.67236162827
121935,198059.67236162827
121941,202280.7588842104
121944,201211.8101653289
121948,201211.8101653289
121954,198059.67236162827
121964,204416.36331083777
121966,201211.8101653289
121970,198059.67236162827
121984,201211.8101653289
121993,202280.7588842104
122033,198059.67236162827
122036,203342.1413896027
122044,198059.67236162827
122165,203347.4145919563
122166,203347.4145919563
122167,198059.67236162827
122168,201211.8101653289
122169,201211.8101653289
122195,198059.67236162827
122197,200195.27678825564
122214,201211.8101653289
122219,202280.7588842104
122225,203347.4145919563
122241,201211.8101653289
122249,202280.7588842104
122262,202280.7588842104
122277,202280.7588842104
122282,202280.7588842104
122294,202280.7588842104
122299,202280.7588842104
122302,202280.7588842104
122311,201211.8101653289
122313,202280.7588842104
122315,198059.67236162827
122318,198059.67236162827
122321,201211.8101653289
122322,201211.8101653289
122323,202280.7588842104
122330,203342.1413896027
122331,203342.1413896027
122332,203342.1413896027
122333,203342.1413896027
122337,202280.7588842104
122340,198059.67236162827
122347,201211.8101653289
122350,198059.67236162827
122351,201211.8101653289
122362,201211.8101653289
122370,203347.4145919563
122371,203347.4145919563
122373,203347.4145919563
122377,203347.4145919563
122382,200195.27678825564
122398,203342.1413896027
122404,204416.36331083777
122405,201211.8101653289
122410,203347.4145919563
122411,198059.67236162827
122412,202280.7588842104
122434,198059.67236162827
122442,198059.67236162827
122454,201211.8101653289
122458,201211.8101653289
122459,201211.8101653289
122467,201211.8101653289
122472,203342.1413896027
122474,201211.8101653289
122475,198059.67236162827
122500,202280.7588842104
122559,202280.7588842104
122560,201211.8101653289
122561,198059.67236162827
122586,198059.67236162827
122599,201211.8101653289
122602,201211.8101653289
122614,202280.7588842104
122616,202280.7588842104
122622,202280.7588842104
122637,200195.27678825564
122644,200195.27678825564
122647,198059.67236162827
122665,203347.4145919563
122667,200195.27678825564
122669,198059.67236162827
122687,201211.8101653289
122695,198059.67236162827
122699,203342.1413896027
122701,198059.67236162827
122703,202280.7588842104
122744,202280.7588842104
122752,202280.7588842104
122762,201211.8101653289
122768,203342.1413896027
122783,201211.8101653289
122784,203342.1413896027
122787,201211.8101653289
122788,198059.67236162827
122792,202280.7588842104
122881,201211.8101653289
122882,198059.67236162827
122900,150530.7039312929
122901,150530.7039312929
122902,150530.7039312929
122903,150530.7039312929
122904,150530.7039312929
122909,156925.39144641263
122927,159721.73264490845
122928,159721.73264490845
122929,159721.73264490845
122932,159721.73264490845
122934,159721.73264490845
122935,159721.73264490845
122947,159721.73264490845
122969,158283.78015049512
122987,159721.73264490845
123070,159721.73264490845
123079,159721.73264490845
123083,159721.73264490845
123092,150530.7039312929
123093,150530.7039312929
123094,150530.7039312929
123095,150530.7039312929
123129,150530.7039312929
123153,156925.39144641263
123165,159721.73264490845
123176,156925.39144641263
123196,150530.7039312929
123248,159721.73264490845
123310,159721.73264490845
123311,159721.73264490845
123312,159721.73264490845
123323,159721.73264490845
123325,159721.73264490845
123326,159721.73264490845
123327,159721.73264490845
123328,159721.73264490845
123331,159721.73264490845
123335,159721.73264490845
123338,159721.73264490845
123400,150530.7039312929
123480,159721.73264490845
123558,159721.73264490845
123572,159721.73264490845
123576,159721.73264490845
123579,159721.73264490845
123580,159721.73264490845
123588,159721.73264490845
123592,159721.73264490845
123595,158283.78015049512
123605,159721.73264490845
123612,159721.73264490845
123620,150530.7039312929
123623,150530.7039312929
123624,150530.7039312929
123657,159721.73264490845
123658,159721.73264490845
123686,150530.7039312929
123734,159721.73264490845
123749,159721.73264490845
123759,150530.7039312929
123760,150530.7039312929
123767,159721.73264490845
123768,159721.73264490845
123808,159721.73264490845
123815,150530.7039312929
123825,159721.73264490845
123835,159721.73264490845
123868,159721.73264490845
123869,159721.73264490845
123870,159721.73264490845
123874,159721.73264490845
123877,159721.73264490845
123892,159721.73264490845
123898,150530.7039312929
123900,150530.7039312929
123903,159721.73264490845
123905,157913.9492742451
124032,159721.73264490845
124034,159721.73264490845
124036,159721.73264490845
124038,158283.78015049512
124039,158283.78015049512
124044,159721.73264490845
124059,159721.73264490845
124070,150530.7039312929
124071,150530.7039312929
124072,150530.7039312929
124073,150530.7039312929
124074,150530.7039312929
124094,159721.73264490845
124096,159721.73264490845
124109,159721.73264490845
124118,157913.9492742451
124125,159721.73264490845
124138,159721.73264490845
124178,159721.73264490845
124187,150530.7039312929
124197,159721.73264490845
124213,150530.7039312929
124214,159721.73264490845
124228,150530.7039312929
124263,159721.73264490845
124339,158283.78015049512
124357,159721.73264490845
124364,150530.7039312929
124380,159721.73264490845
124392,159721.73264490845
124494,150530.7039312929
124500,159721.73264490845
124536,159721.73264490845
124537,159721.73264490845
124540,159721.73264490845
124548,159721.73264490845
124597,159721.73264490845
124642,159721.73264490845
124646,150530.7039312929
124648,150530.7039312929
124662,159721.73264490845
124688,292296.6214167042
124693,278949.0227892832
124707,292296.6214167042
124714,287631.81369221
124716,292296.6214167042
124731,287631.81369221
124737,293370.8433379393
124747,292296.6214167042
124759,287631.81369221
124777,292296.6214167042
124787,292296.6214167042
124796,287631.81369221
124799,292296.6214167042
124813,287631.81369221
124819,292296.6214167042
124894,292296.6214167042
124915,292296.6214167042
124962,292296.6214167042
124978,292296.6214167042
124993,292296.6214167042
125005,292296.6214167042
125014,287631.81369221
125016,292296.6214167042
125020,292296.6214167042
125023,287631.81369221
125027,292296.6214167042
125044,292296.6214167042
125045,292296.6214167042
125046,287631.81369221
125050,290815.7042421597
125072,292296.6214167042
125073,292296.6214167042
125086,287631.81369221
125100,293370.8433379393
125117,289127.0610383636
125118,289127.0610383636
125120,292296.6214167042
125125,287631.81369221
125130,292296.6214167042
125134,292296.6214167042
125136,292296.6214167042
125141,292296.6214167042
125188,293370.8433379393
125200,292296.6214167042
125203,292296.6214167042
125204,292296.6214167042
125275,287631.81369221
125291,292296.6214167042
125317,292296.6214167042
125332,292296.6214167042
125345,292296.6214167042
125351,292296.6214167042
125357,292296.6214167042
125359,287631.81369221
125375,292296.6214167042
125380,292296.6214167042
125404,287631.81369221
125406,293370.8433379393
125422,292296.6214167042
125431,292296.6214167042
125433,292296.6214167042
125434,287631.81369221
125435,287631.81369221
125444,293370.8433379393
125466,292296.6214167042
125506,293370.8433379393
125546,287631.81369221
125554,293370.8433379393
125568,287631.81369221
125569,287631.81369221
125573,292296.6214167042
125579,292296.6214167042
125581,287631.81369221
125583,292296.6214167042
125587,275131.07101982523
125596,275131.07101982523
125618,292296.6214167042
125621,292296.6214167042
125632,287631.81369221
125639,293370.8433379393
125642,289127.0610383636
125645,287631.81369221
125694,292296.6214167042
125695,293370.8433379393
125696,293370.8433379393
125714,287631.81369221
125716,293370.8433379393
125727,287631.81369221
125734,292296.6214167042
125736,287631.81369221
125739,292296.6214167042
125744,293370.8433379393
125756,292296.6214167042
125764,293370.8433379393
125766,292296.6214167042
125776,292296.6214167042
125777,292296.6214167042
125783,292296.6214167042
125784,292296.6214167042
125791,292296.6214167042
125822,293370.8433379393
125824,292296.6214167042
125828,275131.07101982523
125829,287631.81369221
125841,292296.6214167042
309591,293370.8433379393
309611,221582.17746226166
309613,293370.8433379393
309658,293370.8433379393
309661,306591.2481503372
309667,293370.8433379393
309669,293370.8433379393
309678,271973.95469734
309692,293370.8433379393
309700,204416.36331083777
309707,293370.8433379393
309714,293370.8433379393
309731,280023.2447105182
309734,204416.36331083777
309735,280023.2447105182
309770,354923.8293812941
309817,287631.81369221
309819,201211.8101653289
320845,287631.81369221
320872,287631.81369221
320929,287631.81369221
320931,287631.81369221
320932,287631.81369221
320937,287631.81369221
320938,287631.81369221
320940,283862.66408707044
320948,283862.66408707044
320950,283862.66408707044
320954,287631.81369221
320969,287631.81369221
320974,287631.81369221
320998,287631.81369221
321002,287631.81369221
321004,287631.81369221
321023,267509.03383628966
321055,287631.81369221
321067,287631.81369221
321080,287631.81369221
321083,283862.66408707044
321122,287631.81369221
321127,287631.81369221
321128,287631.81369221
321229,283862.66408707044
321231,283862.66408707044
321249,283862.66408707044
321250,283862.66408707044
321258,287631.81369221
321259,283862.66408707044
321260,287631.81369221
321262,287631.81369221
321270,287631.81369221
321272,287631.81369221
321278,287631.81369221
321286,287631.81369221
321288,287631.81369221
321289,287631.81369221
321307,287631.81369221
321311,287631.81369221
321316,287631.81369221
321317,287631.81369221
321318,287631.81369221
321319,287631.81369221
321321,287631.81369221
321322,287631.81369221
321323,287631.81369221
321324,287631.81369221
321340,287631.81369221
321346,287631.81369221
321352,287631.81369221
321392,287631.81369221
321393,287631.81369221
321399,283862.66408707044
321407,287631.81369221
321428,287631.81369221
321429,287631.81369221
321431,287631.81369221
321455,287631.81369221
321463,283862.66408707044
321480,287631.81369221
321540,283862.66408707044
321551,287631.81369221
321559,287631.81369221
321561,287631.81369221
321567,287631.81369221
321568,287631.81369221
321570,287631.81369221
321573,287631.81369221
321574,287631.81369221
321575,283862.66408707044
321577,287631.81369221
321581,287631.81369221
321582,287631.81369221
321583,287631.81369221
321595,287631.81369221
321616,287631.81369221
321656,287631.81369221
321674,287631.81369221
321677,283862.66408707044
321730,287631.81369221
321734,287631.81369221
321736,287631.81369221
321737,287631.81369221
321739,265051.2376253415
321747,287631.81369221
321749,287631.81369221
321757,287631.81369221
321758,287631.81369221
321762,287631.81369221
321817,287631.81369221
321831,287631.81369221
321834,283862.66408707044
321874,287631.81369221
321877,283862.66408707044
321883,283862.66408707044
321903,287631.81369221
321918,287631.81369221
321940,287631.81369221
321942,287631.81369221
321949,267003.34825189953
321950,294709.3214886458
321960,303604.1927561576
321961,303604.1927561576
321965,265656.8101060858
321975,310049.542464716
321980,303604.1927561576
321989,265656.8101060858
321990,307248.01259737485
322003,166288.87549634243
322025,279593.703371086
322027,388915.6146972017
322029,303604.1927561576
322038,310049.542464716
322041,303604.1927561576
322042,303604.1927561576
322045,303604.1927561576
322046,303604.1927561576
322092,269752.78743214486
322107,283004.07574902417
322110,303604.1927561576
322111,269752.78743214486
322112,269752.78743214486
322114,269752.78743214486
322115,269752.78743214486
322116,303604.1927561576
322119,269752.78743214486
322121,310049.542464716
322132,310049.542464716
322133,310049.542464716
322144,303604.1927561576
322156,310049.542464716
322181,157609.18551296924
322197,303604.1927561576
322220,303604.1927561576
322244,265656.8101060858
322256,265656.8101060858
322271,303604.1927561576
322281,267003.34825189953
322300,303604.1927561576
322304,303604.1927561576
322310,166288.87549634243
322330,303604.1927561576
322332,303604.1927561576
322335,279593.703371086
322339,265656.8101060858
322360,310049.542464716
322362,265656.8101060858
322436,303604.1927561576
322445,303604.1927561576
322476,303604.1927561576
322494,156097.53207011413
322500,269752.78743214486
322501,269752.78743214486
322505,269752.78743214486
322517,303604.1927561576
322518,303604.1927561576
322526,303604.1927561576
322527,303604.1927561576
322531,303604.1927561576
322533,303604.1927561576
322534,303604.1927561576
322536,303604.1927561576
322548,254393.86101498085
322553,265656.8101060858
322579,303604.1927561576
322583,310049.542464716
322591,303604.1927561576
322610,283004.07574902417
322620,265656.8101060858
322630,254393.86101498085
322645,283862.66408707044
322651,303604.1927561576
322653,310049.542464716
322671,303604.1927561576
322695,305866.84918441187
322712,303604.1927561576
322715,170707.96859702814
322732,265656.8101060858
322741,283004.07574902417
322744,310049.542464716
322757,310049.542464716
322769,283004.07574902417
322786,265656.8101060858
322789,388915.6146972017
322800,215383.8744986443
322807,189116.0204806035
322808,269752.78743214486
322810,303604.1927561576
322816,303604.1927561576
322833,303604.1927561576
322871,269752.78743214486
322980,269752.78743214486
322981,303604.1927561576
322983,269752.78743214486
322984,269752.78743214486
322985,269752.78743214486
322986,269752.78743214486
322987,269752.78743214486
322990,269752.78743214486
323000,265656.8101060858
323002,283862.66408707044
323011,310049.542464716
323013,303604.1927561576
323017,303604.1927561576
323032,265656.8101060858
323066,269752.78743214486
323069,310049.542464716
323077,303604.1927561576
323085,303604.1927561576
323088,388915.6146972017
323101,310049.542464716
323102,303604.1927561576
323122,303604.1927561576
323169,156097.53207011413
323189,269752.78743214486
323192,157609.18551296924
323194,265656.8101060858
323197,310049.542464716
323198,265656.8101060858
323233,307248.01259737485
323254,283862.66408707044
323308,303604.1927561576
323310,310049.542464716
323318,243892.6622111424
323325,272502.8769451857
323330,303604.1927561576
323339,301770.87185835274
323342,303604.1927561576
323349,265656.8101060858
323382,162952.23187989986
323396,303604.1927561576
323403,272502.8769451857
323412,303604.1927561576
323413,265656.8101060858
323421,303604.1927561576
323425,166288.87549634243
323433,310049.542464716
323434,214416.9874813695
323446,243892.6622111424
323459,265656.8101060858
323487,265656.8101060858
323518,303604.1927561576
323536,243892.6622111424
323549,303604.1927561576
323552,265656.8101060858
323608,243892.6622111424
323617,277624.089722685
323622,310049.542464716
323629,303604.1927561576
323656,283862.66408707044
323664,166288.87549634243
323668,303604.1927561576
323678,269752.78743214486
323703,265656.8101060858
323710,303604.1927561576
323722,303604.1927561576
323723,303604.1927561576
323780,265051.2376253415
323792,269752.78743214486
323831,283862.66408707044
323894,425528.8062288653
323911,265656.8101060858
323917,265656.8101060858
323926,265051.2376253415
323944,265656.8101060858
324001,265051.2376253415
324006,269752.78743214486
324023,265051.2376253415
324032,266951.25756480376
324058,283862.66408707044
324078,283862.66408707044
324079,265656.8101060858
324118,265656.8101060858
324146,265656.8101060858
324152,269752.78743214486
324158,426410.66248218215
324160,418906.9629509636
324236,426410.66248218215
324287,557349.5601356531
324306,483673.9916736709
324371,505210.1443307664
324381,355149.4624131865
324395,418906.9629509636
324415,498182.2442509753
324417,426410.66248218215
324418,426410.66248218215
324454,388915.6146972017
324455,388915.6146972017
324497,310049.542464716
324557,505210.1443307664
324596,426410.66248218215
324605,505210.1443307664
324608,557349.5601356531
324616,310049.542464716
324628,505210.1443307664
324634,483673.9916736709
324666,310049.542464716
324716,418906.9629509636
324721,483673.9916736709
324723,426410.66248218215
324784,418906.9629509636
324797,483673.9916736709
324814,388915.6146972017
324819,310049.542464716
324846,505210.1443307664
324904,450260.5015139498
324941,426410.66248218215
325010,505210.1443307664
325044,505210.1443307664
325045,388915.6146972017
695288,159721.73264490845
695340,158121.54601286564
695354,156097.53207011413
695495,146203.48870570495
695510,155018.7724028996
695519,354923.8293812941
695520,354923.8293812941
695565,158283.78015049512
695596,159721.73264490845
695610,159721.73264490845
695611,159721.73264490845
695614,159721.73264490845
695615,159721.73264490845
695631,159042.38725564585
695794,262437.3125273407
695813,204416.36331083777
695828,283862.66408707044
695877,287631.81369221
696061,204416.36331083777
696119,204416.36331083777
696129,492102.45567966707
696183,203443.8456188752
696223,354923.8293812941
696268,159721.73264490845
696269,159721.73264490845
696272,159721.73264490845
696273,159721.73264490845
696329,159721.73264490845
696334,159721.73264490845
696336,159721.73264490845
696337,159721.73264490845
696338,159721.73264490845
696339,159721.73264490845
696340,159721.73264490845
696352,159721.73264490845
696357,159721.73264490845
696508,199222.75909629304
696512,199870.29533476732
696609,202280.7588842104
696610,203342.1413896027
696645,159721.73264490845
712644,344781.18552340113
712653,344781.18552340113
712676,344781.18552340113
712685,344781.18552340113
712690,344781.18552340113
712692,344781.18552340113
712748,344781.18552340113
712750,344781.18552340113
712751,344781.18552340113
712768,344781.18552340113
712776,344781.18552340113
712780,344781.18552340113
712788,344781.18552340113
712794,344781.18552340113
712816,344781.18552340113
712817,344781.18552340113
712818,344781.18552340113
712823,344781.18552340113
712835,344781.18552340113
712852,344781.18552340113
712858,344781.18552340113
712871,344781.18552340113
712880,344781.18552340113
712881,344781.18552340113
712890,344781.18552340113
712901,344781.18552340113
712917,344781.18552340113
712999,344781.18552340113
713027,344781.18552340113
713050,344781.18552340113
713084,344781.18552340113
713098,344781.18552340113
713109,344781.18552340113
713127,344781.18552340113
713151,344781.18552340113
713157,344781.18552340113
713159,344781.18552340113
713160,344781.18552340113
713169,344781.18552340113
713182,344781.18552340113
713190,344781.18552340113
713192,344781.18552340113
713197,344781.18552340113
713213,344781.18552340113
713216,344781.18552340113
713247,344781.18552340113
713251,344781.18552340113
713264,344781.18552340113
713309,344781.18552340113
713319,344781.18552340113
713341,344781.18552340113
713350,344781.18552340113
713375,344781.18552340113
713391,344781.18552340113
713394,344781.18552340113
713420,344781.18552340113
713421,344781.18552340113
713429,344781.18552340113
713432,344781.18552340113
713434,344781.18552340113
713437,344781.18552340113
713469,344781.18552340113
713476,344781.18552340113
713477,344781.18552340113
713501,344781.18552340113
713507,344781.18552340113
713536,344781.18552340113
713544,344781.18552340113
713560,344781.18552340113
713580,344781.18552340113
713651,344781.18552340113
713656,344781.18552340113
713740,344781.18552340113
713800,344781.18552340113
713801,344781.18552340113
713806,344781.18552340113
713820,344781.18552340113
713823,344781.18552340113
713847,344781.18552340113
713864,344781.18552340113
713866,344781.18552340113
713868,344781.18552340113
713878,344781.18552340113
713881,344781.18552340113
713897,344781.18552340113
713934,344781.18552340113
713939,344781.18552340113
713950,344781.18552340113
713991,344781.18552340113
713993,344781.18552340113
714003,344781.18552340113
714017,344781.18552340113
714021,344781.18552340113
714026,344781.18552340113
714064,344781.18552340113
714174,344781.18552340113
714196,344781.18552340113
714262,344781.18552340113
714353,344781.18552340113
714369,344781.18552340113
714374,344781.18552340113
714385,344781.18552340113
714393,344781.18552340113
714398,344781.18552340113
714412,344781.18552340113
714415,344781.18552340113
714417,344781.18552340113
714430,344781.18552340113
714507,344781.18552340113
714555,344781.18552340113
714586,344781.18552340113
714587,344781.18552340113
714609,344781.18552340113
714636,344781.18552340113
714676,344781.18552340113
714689,344781.18552340113
714713,344781.18552340113
714721,344781.18552340113
714725,344781.18552340113
714774,344781.18552340113
714784,344781.18552340113
714821,344781.18552340113
714833,344781.18552340113
714858,344781.18552340113
714864,344781.18552340113
714871,344781.18552340113
714874,344781.18552340113
714890,344781.18552340113
714911,344781.18552340113
714930,344781.18552340113
714957,344781.18552340113
714970,344781.18552340113
715017,344781.18552340113
715034,344781.18552340113
715036,344781.18552340113
715051,344781.18552340113
715078,344781.18552340113
715080,344781.18552340113
715127,344781.18552340113
715142,344781.18552340113
715176,344781.18552340113
715189,344781.18552340113
715195,344781.18552340113
715196,344781.18552340113
715264,344781.18552340113
715291,344781.18552340113
715295,344781.18552340113
715297,344781.18552340113
715305,344781.18552340113
715309,344781.18552340113
715319,344781.18552340113
715321,344781.18552340113
715381,344781.18552340113
715383,344781.18552340113
715402,344781.18552340113
715413,344781.18552340113
715440,344781.18552340113
715490,344781.18552340113
715496,344781.18552340113
715529,344781.18552340113
715546,344781.18552340113
715580,344781.18552340113
715584,344781.18552340113
715594,344781.18552340113
715611,344781.18552340113
715628,344781.18552340113
715643,344781.18552340113
715645,344781.18552340113
715666,344781.18552340113
715669,344781.18552340113
715756,344781.18552340113
715761,344781.18552340113
715771,344781.18552340113
715775,344781.18552340113
715779,344781.18552340113
715783,344781.18552340113
715789,344781.18552340113
715799,344781.18552340113
715801,344781.18552340113
715802,344781.18552340113
715816,344781.18552340113
715819,344781.18552340113
715854,344781.18552340113
715885,344781.18552340113
715904,344781.18552340113
715909,344781.18552340113
715926,344781.18552340113
715960,344781.18552340113
715975,344781.18552340113
715987,344781.18552340113
715991,344781.18552340113
716004,344781.18552340113
716016,344781.18552340113
716034,344781.18552340113
716036,344781.18552340113
716062,344781.18552340113
716088,344781.18552340113
716090,344781.18552340113
716098,344781.18552340113
716112,344781.18552340113
716122,344781.18552340113
716135,344781.18552340113
716165,344781.18552340113
716198,344781.18552340113
716225,344781.18552340113
716229,344781.18552340113
716230,344781.18552340113
716233,344781.18552340113
716243,344781.18552340113
716251,344781.18552340113
716252,344781.18552340113
716270,344781.18552340113
716289,344781.18552340113
716355,344781.18552340113
716367,344781.18552340113
716371,344781.18552340113
716379,344781.18552340113
716381,344781.18552340113
716388,344781.18552340113
716430,344781.18552340113
716437,344781.18552340113
716439,344781.18552340113
716453,344781.18552340113
716459,344781.18552340113
716475,344781.18552340113
716495,344781.18552340113
716516,344781.18552340113
716564,344781.18552340113
716566,344781.18552340113
716646,344781.18552340113
716652,344781.18552340113
716677,344781.18552340113
716680,344781.18552340113
716696,344781.18552340113
716716,344781.18552340113
716750,344781.18552340113
716759,344781.18552340113
716761,344781.18552340113
716822,344781.18552340113
716839,344781.18552340113
716905,344781.18552340113
716942,344781.18552340113
716964,344781.18552340113
717008,344781.18552340113
717022,344781.18552340113
717046,344781.18552340113
717110,344781.18552340113
717123,344781.18552340113
717146,344781.18552340113
717179,344781.18552340113
717184,344781.18552340113
717187,344781.18552340113
717188,344781.18552340113
717189,344781.18552340113
717195,344781.18552340113
717197,344781.18552340113
717227,344781.18552340113
717270,344781.18552340113
717303,344781.18552340113
717333,344781.18552340113
717335,344781.18552340113
717342,344781.18552340113
717358,344781.18552340113
717374,344781.18552340113
717386,344781.18552340113
717417,344781.18552340113
717491,344781.18552340113
717502,344781.18552340113
717549,344781.18552340113
717570,344781.18552340113
717574,344781.18552340113
717602,344781.18552340113
717626,344781.18552340113
717630,344781.18552340113
717635,344781.18552340113
717641,344781.18552340113
717648,344781.18552340113
717652,344781.18552340113
717689,344781.18552340113
717727,344781.18552340113
717783,344781.18552340113
717808,344781.18552340113
717824,344781.18552340113
717869,344781.18552340113
717986,344781.18552340113
717995,344781.18552340113
717997,344781.18552340113
717999,344781.18552340113
718069,344781.18552340113
718109,344781.18552340113
718113,344781.18552340113
718134,344781.18552340113
718135,344781.18552340113
718144,344781.18552340113
718171,344781.18552340113
718212,344781.18552340113
718229,344781.18552340113
718242,344781.18552340113
718310,344781.18552340113
718329,344781.18552340113
718331,344781.18552340113
718349,344781.18552340113
718436,344781.18552340113
718506,344781.18552340113
718581,344781.18552340113
718620,344781.18552340113
718648,344781.18552340113
718653,344781.18552340113
718675,344781.18552340113
718683,344781.18552340113
718696,344781.18552340113
718697,344781.18552340113
718773,344781.18552340113
718786,344781.18552340113
718806,344781.18552340113
718811,344781.18552340113
718812,344781.18552340113
718841,344781.18552340113
718869,344781.18552340113
718891,344781.18552340113
718902,344781.18552340113
718919,344781.18552340113
718930,344781.18552340113
718970,344781.18552340113
719018,344781.18552340113
719060,344781.18552340113
719062,344781.18552340113
719065,344781.18552340113
719076,344781.18552340113
719091,344781.18552340113
719120,344781.18552340113
719146,344781.18552340113
719186,344781.18552340113
719188,344781.18552340113
719197,344781.18552340113
719201,344781.18552340113
719203,344781.18552340113
719208,344781.18552340113
719210,344781.18552340113
719216,344781.18552340113
719224,344781.18552340113
719246,344781.18552340113
719258,344781.18552340113
719300,344781.18552340113
719334,344781.18552340113
719360,344781.18552340113
719377,344781.18552340113
719415,344781.18552340113
719424,344781.18552340113
719429,344781.18552340113
719445,344781.18552340113
719446,344781.18552340113
719469,344781.18552340113
719503,344781.18552340113
719537,344781.18552340113
719593,344781.18552340113
719616,344781.18552340113
719642,344781.18552340113
719655,344781.18552340113
719693,344781.18552340113
719720,344781.18552340113
719747,344781.18552340113
719748,344781.18552340113
719754,344781.18552340113
719784,344781.18552340113
719794,344781.18552340113
719802,344781.18552340113
719806,344781.18552340113
719810,344781.18552340113
719812,344781.18552340113
719828,344781.18552340113
719833,344781.18552340113
719882,344781.18552340113
719895,344781.18552340113
719909,344781.18552340113
719971,344781.18552340113
720043,344781.18552340113
720108,344781.18552340113
720119,344781.18552340113
720163,344781.18552340113
720166,344781.18552340113
720188,344781.18552340113
720194,344781.18552340113
720274,344781.18552340113
720292,344781.18552340113
720296,344781.18552340113
720304,344781.18552340113
720323,344781.18552340113
720342,344781.18552340113
720348,344781.18552340113
720379,344781.18552340113
720386,344781.18552340113
720388,344781.18552340113
720393,344781.18552340113
720398,344781.18552340113
720403,344781.18552340113
720409,344781.18552340113
720440,344781.18552340113
720450,344781.18552340113
720481,344781.18552340113
720530,344781.18552340113
720534,344781.18552340113
720549,344781.18552340113
720550,344781.18552340113
720609,344781.18552340113
720629,344781.18552340113
720646,344781.18552340113
720649,344781.18552340113
720659,344781.18552340113
720745,344781.18552340113
720753,344781.18552340113
720789,344781.18552340113
720879,344781.18552340113
720899,344781.18552340113
720909,344781.18552340113
720925,344781.18552340113
720932,344781.18552340113
720950,344781.18552340113
720956,344781.18552340113
720964,344781.18552340113
720970,344781.18552340113
720997,344781.18552340113
721019,344781.18552340113
721074,344781.18552340113
721104,344781.18552340113
721128,344781.18552340113
721132,344781.18552340113
721135,344781.18552340113
721138,344781.18552340113
721169,344781.18552340113
721241,344781.18552340113
721303,344781.18552340113
721327,344781.18552340113
721355,344781.18552340113
721380,344781.18552340113
721384,344781.18552340113
721403,344781.18552340113
721426,344781.18552340113
721462,344781.18552340113
721473,344781.18552340113
721548,344781.18552340113
721568,344781.18552340113
721574,344781.18552340113
721579,344781.18552340113
721598,344781.18552340113
721634,344781.18552340113
721647,344781.18552340113
721701,344781.18552340113
721727,344781.18552340113
721746,344781.18552340113
721751,344781.18552340113
721773,344781.18552340113
721806,344781.18552340113
721859,344781.18552340113
721869,344781.18552340113
721922,344781.18552340113
722035,344781.18552340113
722036,344781.18552340113
722125,344781.18552340113
722131,344781.18552340113
722173,344781.18552340113
722181,344781.18552340113
722212,344781.18552340113
722250,344781.18552340113
722257,344781.18552340113
722262,344781.18552340113
722278,344781.18552340113
722288,344781.18552340113
722289,344781.18552340113
722312,344781.18552340113
722332,344781.18552340113
722333,344781.18552340113
722344,344781.18552340113
722356,344781.18552340113
722360,344781.18552340113
722388,344781.18552340113
722430,344781.18552340113
722458,344781.18552340113
722486,344781.18552340113
722515,344781.18552340113
722557,344781.18552340113
722582,344781.18552340113
722592,344781.18552340113
722603,344781.18552340113
722611,344781.18552340113
722612,344781.18552340113
722613,344781.18552340113
722617,344781.18552340113
722639,344781.18552340113
722669,344781.18552340113
722794,344781.18552340113
722805,344781.18552340113
722979,344781.18552340113
722991,344781.18552340113
722996,344781.18552340113
723017,344781.18552340113
723054,344781.18552340113
723133,344781.18552340113
723238,344781.18552340113
723261,344781.18552340113
723269,344781.18552340113
723341,344781.18552340113
723364,344781.18552340113
723370,344781.18552340113
723418,344781.18552340113
723439,344781.18552340113
723497,344781.18552340113
723503,344781.18552340113
723527,344781.18552340113
723559,344781.18552340113
723569,344781.18552340113
723575,344781.18552340113
723590,344781.18552340113
723636,344781.18552340113
723646,344781.18552340113
723662,344781.18552340113
723694,344781.18552340113
723703,344781.18552340113
723705,344781.18552340113
723726,344781.18552340113
723746,344781.18552340113
723756,344781.18552340113
723769,344781.18552340113
723775,344781.18552340113
723789,344781.18552340113
723793,344781.18552340113
723826,344781.18552340113
723846,344781.18552340113
723856,344781.18552340113
723936,344781.18552340113
723944,344781.18552340113
723996,344781.18552340113
724017,344781.18552340113
724019,344781.18552340113
724048,344781.18552340113
724049,344781.18552340113
724059,344781.18552340113
724070,344781.18552340113
724209,344781.18552340113
724225,344781.18552340113
724230,344781.18552340113
724234,344781.18552340113
724247,344781.18552340113
724249,344781.18552340113
724273,344781.18552340113
724294,344781.18552340113
724309,344781.18552340113
724315,344781.18552340113
724343,344781.18552340113
724348,344781.18552340113
724352,344781.18552340113
724357,344781.18552340113
724385,344781.18552340113
724424,344781.18552340113
724532,344781.18552340113
724560,344781.18552340113
724606,344781.18552340113
724640,344781.18552340113
724671,344781.18552340113
724797,344781.18552340113
724820,344781.18552340113
724847,344781.18552340113
724947,344781.18552340113
724960,344781.18552340113
724977,344781.18552340113
724987,344781.18552340113
725073,344781.18552340113
725121,344781.18552340113
725177,344781.18552340113
725180,344781.18552340113
725186,344781.18552340113
725367,344781.18552340113
725435,344781.18552340113
725481,344781.18552340113
725560,344781.18552340113
725581,344781.18552340113
725620,344781.18552340113
725646,344781.18552340113
725648,344781.18552340113
725681,344781.18552340113
725683,344781.18552340113
725741,344781.18552340113
725753,344781.18552340113
725778,344781.18552340113
725811,344781.18552340113
725875,344781.18552340113
725997,344781.18552340113
726011,344781.18552340113
726050,344781.18552340113
726064,344781.18552340113
726121,344781.18552340113
726144,344781.18552340113
726145,344781.18552340113
726174,344781.18552340113
726332,344781.18552340113
726351,344781.18552340113
726359,344781.18552340113
726443,344781.18552340113
726459,344781.18552340113
726460,344781.18552340113
726461,344781.18552340113
726470,344781.18552340113
726488,344781.18552340113
726491,344781.18552340113
726518,344781.18552340113
726642,344781.18552340113
726643,344781.18552340113
726678,344781.18552340113
726698,344781.18552340113
726797,344781.18552340113
726850,344781.18552340113
726887,344781.18552340113
726898,344781.18552340113
726904,344781.18552340113
726915,344781.18552340113
726976,344781.18552340113
727014,344781.18552340113
727021,344781.18552340113
727064,344781.18552340113
727101,344781.18552340113
727114,344781.18552340113
727129,344781.18552340113
727142,344781.18552340113
727160,344781.18552340113
727168,344781.18552340113
727178,344781.18552340113
727188,344781.18552340113
727198,344781.18552340113
727202,344781.18552340113
727275,344781.18552340113
727322,344781.18552340113
727334,344781.18552340113
727345,344781.18552340113
727359,344781.18552340113
727364,344781.18552340113
727433,344781.18552340113
727438,344781.18552340113
727490,344781.18552340113
727503,344781.18552340113
727540,344781.18552340113
727542,344781.18552340113
727585,344781.18552340113
727593,344781.18552340113
727615,344781.18552340113
727627,344781.18552340113
727655,344781.18552340113
727691,344781.18552340113
727694,344781.18552340113
727811,344781.18552340113
727895,344781.18552340113
728058,344781.18552340113
728078,344781.18552340113
728243,344781.18552340113
728309,344781.18552340113
728352,344781.18552340113
728363,344781.18552340113
728364,344781.18552340113
728431,344781.18552340113
728500,344781.18552340113
728503,344781.18552340113
728529,344781.18552340113
728582,344781.18552340113
728586,344781.18552340113
728694,344781.18552340113
728709,344781.18552340113
728713,344781.18552340113
728796,344781.18552340113
728798,344781.18552340113
728926,344781.18552340113
728950,344781.18552340113
728966,344781.18552340113
728985,344781.18552340113
729017,344781.18552340113
729075,344781.18552340113
729111,344781.18552340113
729119,344781.18552340113
729136,344781.18552340113
729148,344781.18552340113
729174,344781.18552340113
729177,344781.18552340113
729181,344781.18552340113
729203,344781.18552340113
729210,344781.18552340113
729226,344781.18552340113
729265,344781.18552340113
729341,344781.18552340113
729380,344781.18552340113
729400,344781.18552340113
729445,344781.18552340113
729455,344781.18552340113
729464,344781.18552340113
729510,344781.18552340113
729514,344781.18552340113
729528,344781.18552340113
729536,344781.18552340113
729540,344781.18552340113
729554,344781.18552340113
729607,344781.18552340113
729608,344781.18552340113
729625,344781.18552340113
729641,344781.18552340113
729644,344781.18552340113
729663,344781.18552340113
729721,344781.18552340113
729768,344781.18552340113
729773,344781.18552340113
729782,344781.18552340113
729789,344781.18552340113
729812,344781.18552340113
729831,344781.18552340113
729845,344781.18552340113
729990,344781.18552340113
730059,344781.18552340113
730106,344781.18552340113
730114,344781.18552340113
730131,344781.18552340113
730151,344781.18552340113
730265,344781.18552340113
730294,344781.18552340113
730332,344781.18552340113
730363,344781.18552340113
730414,344781.18552340113
730524,344781.18552340113
730596,344781.18552340113
730640,344781.18552340113
730686,344781.18552340113
730881,344781.18552340113
730894,344781.18552340113
730939,344781.18552340113
731035,344781.18552340113
731059,344781.18552340113
731100,344781.18552340113
731187,344781.18552340113
731206,344781.18552340113
731217,344781.18552340113
731226,344781.18552340113
731245,344781.18552340113
731327,344781.18552340113
731364,344781.18552340113
731419,344781.18552340113
731420,344781.18552340113
731429,344781.18552340113
731450,344781.18552340113
731474,344781.18552340113
731507,344781.18552340113
731508,344781.18552340113
731588,344781.18552340113
731696,344781.18552340113
731757,344781.18552340113
731801,344781.18552340113
731833,344781.18552340113
731851,344781.18552340113
731874,344781.18552340113
732027,344781.18552340113
732100,344781.18552340113
732211,344781.18552340113
732262,344781.18552340113
732403,344781.18552340113
732408,344781.18552340113
732440,344781.18552340113
732456,344781.18552340113
732495,344781.18552340113
732512,344781.18552340113
732513,344781.18552340113
732518,344781.18552340113
732657,344781.18552340113
732818,344781.18552340113
732911,344781.18552340113
732929,344781.18552340113
732954,344781.18552340113
732965,344781.18552340113
732970,344781.18552340113
732998,344781.18552340113
733071,344781.18552340113
733086,344781.18552340113
733135,344781.18552340113
733209,344781.18552340113
733485,344781.18552340113
733560,344781.18552340113
733655,344781.18552340113
733708,344781.18552340113
733722,344781.18552340113
733753,344781.18552340113
733774,344781.18552340113
733855,344781.18552340113
733856,344781.18552340113
733903,344781.18552340113
733907,344781.18552340113
733919,344781.18552340113
734011,344781.18552340113
734023,344781.18552340113
734094,344781.18552340113
734149,344781.18552340113
734159,344781.18552340113
734160,344781.18552340113
734181,344781.18552340113
734275,344781.18552340113
734658,344781.18552340113
734708,344781.18552340113
734725,344781.18552340113
734836,344781.18552340113
735000,344781.18552340113
735007,344781.18552340113
735055,344781.18552340113
735124,344781.18552340113
735158,344781.18552340113
735189,344781.18552340113
735216,344781.18552340113
735230,344781.18552340113
735232,344781.18552340113
735250,344781.18552340113
735298,344781.18552340113
735355,344781.18552340113
735484,344781.18552340113
735490,344781.18552340113
735491,344781.18552340113
735493,344781.18552340113
735505,344781.18552340113
735533,344781.18552340113
735555,344781.18552340113
735561,344781.18552340113
735562,344781.18552340113
735614,344781.18552340113
735627,344781.18552340113
735634,344781.18552340113
735698,344781.18552340113
735797,344781.18552340113
735802,344781.18552340113
735891,344781.18552340113
735983,344781.18552340113
736002,344781.18552340113
736030,344781.18552340113
736051,344781.18552340113
736089,344781.18552340113
736143,344781.18552340113
736169,344781.18552340113
736175,344781.18552340113
736225,344781.18552340113
736311,344781.18552340113
736320,344781.18552340113
736337,344781.18552340113
736397,344781.18552340113
736443,344781.18552340113
736489,344781.18552340113
736635,344781.18552340113
736651,344781.18552340113
736721,344781.18552340113
736740,344781.18552340113
736799,344781.18552340113
736983,344781.18552340113
737015,344781.18552340113
737075,344781.18552340113
737150,344781.18552340113
737209,344781.18552340113
737263,344781.18552340113
737285,344781.18552340113
737397,344781.18552340113
737458,344781.18552340113
737514,344781.18552340113
737665,344781.18552340113
737976,344781.18552340113
738028,344781.18552340113
738143,344781.18552340113
738160,344781.18552340113
738192,344781.18552340113
738314,344781.18552340113
738320,344781.18552340113
738381,344781.18552340113
738406,344781.18552340113
738433,344781.18552340113
738489,344781.18552340113
738491,344781.18552340113
738574,344781.18552340113
738723,344781.18552340113
738880,344781.18552340113
738920,344781.18552340113
739033,344781.18552340113
739042,344781.18552340113
739182,344781.18552340113
739254,344781.18552340113
739359,344781.18552340113
739360,344781.18552340113
739364,344781.18552340113
739430,344781.18552340113
739497,344781.18552340113
739563,344781.18552340113
739581,344781.18552340113
739670,344781.18552340113
739702,344781.18552340113
739717,344781.18552340113
739824,344781.18552340113
740070,344781.18552340113
740158,344781.18552340113
740377,344781.18552340113
740499,344781.18552340113
740572,344781.18552340113
740609,344781.18552340113
740798,344781.18552340113
740914,344781.18552340113
740915,344781.18552340113
740917,344781.18552340113
740932,344781.18552340113
740974,344781.18552340113
740993,344781.18552340113
740998,344781.18552340113
741000,344781.18552340113
741002,344781.18552340113
741008,344781.18552340113
741036,344781.18552340113
741047,344781.18552340113
741111,344781.18552340113
741171,344781.18552340113
741174,344781.18552340113
741203,344781.18552340113
741205,344781.18552340113
741232,344781.18552340113
741270,344781.18552340113
741294,344781.18552340113
741312,344781.18552340113
741313,344781.18552340113
741329,344781.18552340113
741401,344781.18552340113
741416,344781.18552340113
741433,344781.18552340113
741457,344781.18552340113
741533,344781.18552340113
741591,344781.18552340113
741682,344781.18552340113
741699,344781.18552340113
741808,344781.18552340113
741810,344781.18552340113
741811,344781.18552340113
741813,344781.18552340113
741824,344781.18552340113
741842,344781.18552340113
741844,344781.18552340113
741999,344781.18552340113
742049,344781.18552340113
742278,344781.18552340113
742444,344781.18552340113
742500,344781.18552340113
742512,344781.18552340113
742534,344781.18552340113
742552,344781.18552340113
742592,344781.18552340113
742595,344781.18552340113
742813,344781.18552340113
742839,344781.18552340113
743024,344781.18552340113
743072,344781.18552340113
743084,344781.18552340113
743131,344781.18552340113
743197,344781.18552340113
743226,344781.18552340113
743233,344781.18552340113
743243,344781.18552340113
743310,344781.18552340113
743424,344781.18552340113
743645,344781.18552340113
743678,344781.18552340113
743689,344781.18552340113
743736,344781.18552340113
743938,344781.18552340113
744009,344781.18552340113
744134,344781.18552340113
744142,344781.18552340113
744196,344781.18552340113
744806,344781.18552340113
744824,344781.18552340113
744870,344781.18552340113
744879,344781.18552340113
744924,344781.18552340113
745039,344781.18552340113
745099,344781.18552340113
745109,344781.18552340113
745286,344781.18552340113
745287,344781.18552340113
745364,344781.18552340113
745581,344781.18552340113
745614,344781.18552340113
745630,344781.18552340113
745696,344781.18552340113
745726,344781.18552340113
745763,344781.18552340113
745819,344781.18552340113
745898,344781.18552340113
745924,344781.18552340113
745960,344781.18552340113
746269,344781.18552340113
746297,344781.18552340113
746353,344781.18552340113
746361,344781.18552340113
746390,344781.18552340113
746450,344781.18552340113
746513,344781.18552340113
746565,344781.18552340113
746720,344781.18552340113
746732,344781.18552340113
746769,344781.18552340113
746790,344781.18552340113
746846,344781.18552340113
746847,344781.18552340113
746901,344781.18552340113
747013,344781.18552340113
747015,344781.18552340113
747085,344781.18552340113
747090,344781.18552340113
747139,344781.18552340113
747310,344781.18552340113
747474,344781.18552340113
747521,344781.18552340113
747537,344781.18552340113
747736,344781.18552340113
747743,344781.18552340113
747759,344781.18552340113
747810,344781.18552340113
747995,344781.18552340113
748013,344781.18552340113
748040,344781.18552340113
748058,344781.18552340113
748060,344781.18552340113
748073,344781.18552340113
748106,344781.18552340113
748145,344781.18552340113
748150,344781.18552340113
748172,344781.18552340113
748287,344781.18552340113
748308,344781.18552340113
748311,344781.18552340113
748429,344781.18552340113
748523,344781.18552340113
748544,344781.18552340113
748713,344781.18552340113
748836,344781.18552340113
748845,344781.18552340113
748856,344781.18552340113
748895,344781.18552340113
748962,344781.18552340113
749165,344781.18552340113
749218,344781.18552340113
749232,344781.18552340113
749255,344781.18552340113
749452,344781.18552340113
749483,344781.18552340113
749497,344781.18552340113
749502,344781.18552340113
749504,344781.18552340113
749521,344781.18552340113
749571,344781.18552340113
749671,344781.18552340113
749821,344781.18552340113
749975,344781.18552340113
750049,344781.18552340113
750155,344781.18552340113
750174,344781.18552340113
750408,344781.18552340113
750418,344781.18552340113
750441,344781.18552340113
750475,344781.18552340113
750559,344781.18552340113
750579,344781.18552340113
750669,344781.18552340113
750683,344781.18552340113
750740,344781.18552340113
750956,344781.18552340113
751319,344781.18552340113
751352,344781.18552340113
751396,344781.18552340113
751416,344781.18552340113
751421,344781.18552340113
751442,344781.18552340113
751459,344781.18552340113
751587,344781.18552340113
751714,344781.18552340113
751886,344781.18552340113
751971,344781.18552340113
752242,344781.18552340113
752254,344781.18552340113
752310,344781.18552340113
752576,344781.18552340113
752705,344781.18552340113
752895,344781.18552340113
752914,344781.18552340113
752994,344781.18552340113
753036,344781.18552340113
753099,344781.18552340113
753188,344781.18552340113
753196,344781.18552340113
753234,344781.18552340113
753289,344781.18552340113
753295,344781.18552340113
753297,344781.18552340113
753387,344781.18552340113
753393,344781.18552340113
753395,344781.18552340113
753397,344781.18552340113
753399,344781.18552340113
753402,344781.18552340113
753404,344781.18552340113
753405,344781.18552340113
753406,344781.18552340113
753602,344781.18552340113
753948,344781.18552340113
754108,344781.18552340113
754112,344781.18552340113
754292,344781.18552340113
754384,344781.18552340113
754763,344781.18552340113
754978,344781.18552340113
754995,344781.18552340113
755014,344781.18552340113
755055,344781.18552340113
755065,344781.18552340113
755138,344781.18552340113
755226,344781.18552340113
755447,344781.18552340113
755448,344781.18552340113
755575,344781.18552340113
755674,344781.18552340113
755809,344781.18552340113
755892,344781.18552340113
756308,344781.18552340113
756620,344781.18552340113
756836,344781.18552340113
757366,344781.18552340113
757425,344781.18552340113
757539,344781.18552340113
757668,344781.18552340113
757758,344781.18552340113
757792,344781.18552340113
757925,344781.18552340113
757991,344781.18552340113
758122,344781.18552340113
758135,344781.18552340113
758325,344781.18552340113
758344,344781.18552340113
758410,344781.18552340113
758601,344781.18552340113
758674,344781.18552340113
758911,344781.18552340113
759246,344781.18552340113
759339,344781.18552340113
759621,344781.18552340113
759656,344781.18552340113
759823,344781.18552340113
759982,344781.18552340113
760071,344781.18552340113
760135,344781.18552340113
760172,344781.18552340113
760262,344781.18552340113
760514,344781.18552340113
760522,344781.18552340113
760523,344781.18552340113
760607,344781.18552340113
760760,344781.18552340113
760878,344781.18552340113
761015,344781.18552340113
761078,344781.18552340113
761137,344781.18552340113
761182,344781.18552340113
761221,344781.18552340113
761226,344781.18552340113
761245,344781.18552340113
761273,344781.18552340113
761281,344781.18552340113
761297,344781.18552340113
761298,344781.18552340113
761312,344781.18552340113
761418,344781.18552340113
761437,344781.18552340113
761449,344781.18552340113
761451,344781.18552340113
761462,344781.18552340113
761597,344781.18552340113
761616,344781.18552340113
761631,344781.18552340113
761638,344781.18552340113
761660,344781.18552340113
761662,344781.18552340113
761734,344781.18552340113
761737,344781.18552340113
761773,344781.18552340113
761775,344781.18552340113
761781,344781.18552340113
761783,344781.18552340113
761870,344781.18552340113
761928,344781.18552340113
762020,344781.18552340113
762104,344781.18552340113
762106,344781.18552340113
762135,344781.18552340113
762140,344781.18552340113
762146,344781.18552340113
762260,344781.18552340113
762277,344781.18552340113
762395,344781.18552340113
762467,344781.18552340113
762485,344781.18552340113
762509,344781.18552340113
762528,344781.18552340113
762572,344781.18552340113
762642,344781.18552340113
762673,344781.18552340113
762782,344781.18552340113
762792,344781.18552340113
762828,344781.18552340113
762848,344781.18552340113
762862,344781.18552340113
762894,344781.18552340113
762903,344781.18552340113
762924,344781.18552340113
762929,344781.18552340113
762937,344781.18552340113
762941,344781.18552340113
762951,344781.18552340113
762959,344781.18552340113
762965,344781.18552340113
762986,344781.18552340113
763016,344781.18552340113
763021,344781.18552340113
763034,344781.18552340113
763065,344781.18552340113
763068,344781.18552340113
763073,344781.18552340113
763090,344781.18552340113
763152,344781.18552340113
763153,344781.18552340113
763212,344781.18552340113
763270,344781.18552340113
763279,344781.18552340113
763299,344781.18552340113
763300,344781.18552340113
763314,344781.18552340113
763332,344781.18552340113
763333,344781.18552340113
763334,344781.18552340113
763337,344781.18552340113
763338,344781.18552340113
763348,344781.18552340113
763349,344781.18552340113
763351,344781.18552340113
763389,344781.18552340113
763421,344781.18552340113
763424,344781.18552340113
763429,344781.18552340113
763431,344781.18552340113
763433,344781.18552340113
763435,344781.18552340113
763438,344781.18552340113
763439,344781.18552340113
763446,344781.18552340113
763447,344781.18552340113
763448,344781.18552340113
763449,344781.18552340113
763450,344781.18552340113
763452,344781.18552340113
763453,344781.18552340113
763454,344781.18552340113
763457,344781.18552340113
763458,344781.18552340113
763460,344781.18552340113
763464,344781.18552340113
763466,344781.18552340113
763528,344781.18552340113
763572,344781.18552340113
763575,344781.18552340113
763576,344781.18552340113
763591,344781.18552340113
763627,344781.18552340113
763628,344781.18552340113
763629,344781.18552340113
763631,344781.18552340113
763633,344781.18552340113
763634,344781.18552340113
763653,344781.18552340113
763684,344781.18552340113
763733,344781.18552340113
763744,344781.18552340113
763764,344781.18552340113
763781,344781.18552340113
763788,344781.18552340113
763797,344781.18552340113
763842,344781.18552340113
763856,344781.18552340113
763925,344781.18552340113
763942,344781.18552340113
764037,344781.18552340113
764042,344781.18552340113
764044,344781.18552340113
764047,344781.18552340113
764052,344781.18552340113
764103,344781.18552340113
764132,344781.18552340113
764192,344781.18552340113
764215,344781.18552340113
764263,344781.18552340113
764332,344781.18552340113
764347,344781.18552340113
764361,344781.18552340113
764368,344781.18552340113
764413,344781.18552340113
764414,344781.18552340113
764496,344781.18552340113
764544,344781.18552340113
764737,344781.18552340113
764777,344781.18552340113
764797,344781.18552340113
764822,344781.18552340113
764827,344781.18552340113
764828,344781.18552340113
764836,344781.18552340113
764862,344781.18552340113
764907,344781.18552340113
764910,344781.18552340113
764922,344781.18552340113
764946,344781.18552340113
764999,344781.18552340113
765049,344781.18552340113
765056,344781.18552340113
765097,344781.18552340113
765112,344781.18552340113
765115,344781.18552340113
765282,344781.18552340113
765294,344781.18552340113
765352,344781.18552340113
765358,344781.18552340113
765365,344781.18552340113
765396,344781.18552340113
765440,344781.18552340113
765475,344781.18552340113
765494,344781.18552340113
765496,344781.18552340113
765520,344781.18552340113
765527,344781.18552340113
765571,344781.18552340113
765572,344781.18552340113
765599,344781.18552340113
765625,344781.18552340113
765669,344781.18552340113
765676,344781.18552340113
765686,344781.18552340113
765756,344781.18552340113
765760,344781.18552340113
765768,344781.18552340113
765786,344781.18552340113
765832,344781.18552340113
765840,344781.18552340113
765853,344781.18552340113
765854,344781.18552340113
765869,344781.18552340113
765883,344781.18552340113
765884,344781.18552340113
765913,344781.18552340113
765938,344781.18552340113
766020,344781.18552340113
766039,344781.18552340113
766052,344781.18552340113
766076,344781.18552340113
766102,344781.18552340113
766103,344781.18552340113
766106,344781.18552340113
766110,344781.18552340113
766114,344781.18552340113
766137,344781.18552340113
766140,344781.18552340113
766142,344781.18552340113
766151,344781.18552340113
766163,344781.18552340113
766185,344781.18552340113
766212,344781.18552340113
766222,344781.18552340113
766225,344781.18552340113
766250,344781.18552340113
766251,344781.18552340113
766253,344781.18552340113
766259,344781.18552340113
766272,344781.18552340113
766300,344781.18552340113
766328,344781.18552340113
766392,344781.18552340113
766404,344781.18552340113
766416,344781.18552340113
766459,344781.18552340113
766463,344781.18552340113
766464,344781.18552340113
766479,344781.18552340113
766501,344781.18552340113
766550,344781.18552340113
766648,344781.18552340113
766782,344781.18552340113
766785,344781.18552340113
766808,344781.18552340113
766824,344781.18552340113
766883,344781.18552340113
766891,344781.18552340113
766923,344781.18552340113
766951,344781.18552340113
766977,344781.18552340113
766984,344781.18552340113
766998,344781.18552340113
767008,344781.18552340113
767009,344781.18552340113
767047,344781.18552340113
767056,344781.18552340113
767092,344781.18552340113
767132,344781.18552340113
767229,344781.18552340113
767253,344781.18552340113
767260,344781.18552340113
767290,344781.18552340113
767319,344781.18552340113
767321,344781.18552340113
767366,344781.18552340113
767405,344781.18552340113
767407,344781.18552340113
767409,344781.18552340113
767414,344781.18552340113
767465,344781.18552340113
767487,344781.18552340113
767512,344781.18552340113
767558,344781.18552340113
767705,344781.18552340113
767856,344781.18552340113
768002,344781.18552340113
768343,344781.18552340113
768717,344781.18552340113
768790,344781.18552340113
768981,344781.18552340113
769002,344781.18552340113
769155,344781.18552340113
769216,344781.18552340113
769226,344781.18552340113
769575,344781.18552340113
769599,344781.18552340113
769768,344781.18552340113
769812,344781.18552340113
769898,344781.18552340113
769957,344781.18552340113
770294,344781.18552340113
770295,344781.18552340113
770484,344781.18552340113
770520,344781.18552340113
770523,344781.18552340113
770558,344781.18552340113
770682,344781.18552340113
770744,344781.18552340113
770751,344781.18552340113
770765,344781.18552340113
770777,344781.18552340113
770786,344781.18552340113
770972,344781.18552340113
771112,344781.18552340113
771113,344781.18552340113
771117,344781.18552340113
771118,344781.18552340113
771333,344781.18552340113
771397,344781.18552340113
771816,344781.18552340113
771858,344781.18552340113
772028,344781.18552340113
772107,344781.18552340113
772213,344781.18552340113
772214,344781.18552340113
774481,344781.18552340113
774546,344781.18552340113
774699,344781.18552340113
774950,344781.18552340113
775137,344781.18552340113
775139,344781.18552340113
775393,344781.18552340113
775537,344781.18552340113
775560,344781.18552340113
775652,344781.18552340113
775907,344781.18552340113
776742,344781.18552340113
776780,344781.18552340113
776781,344781.18552340113
776783,344781.18552340113
776981,344781.18552340113
777103,344781.18552340113
777106,344781.18552340113
777107,344781.18552340113
777108,344781.18552340113
777110,344781.18552340113
777117,344781.18552340113
777118,344781.18552340113
777121,344781.18552340113
777123,344781.18552340113
777125,344781.18552340113
777210,344781.18552340113
777453,344781.18552340113
777462,344781.18552340113
777464,344781.18552340113
777489,344781.18552340113
777572,344781.18552340113
778274,344781.18552340113
778564,344781.18552340113
778634,344781.18552340113
778678,344781.18552340113
778689,344781.18552340113
778791,344781.18552340113
778830,344781.18552340113
778851,344781.18552340113
778906,344781.18552340113
778948,344781.18552340113
778949,344781.18552340113
778952,344781.18552340113
778953,344781.18552340113
778956,344781.18552340113
778970,344781.18552340113
778976,344781.18552340113
779003,344781.18552340113
779077,344781.18552340113
779114,344781.18552340113
779141,344781.18552340113
779149,344781.18552340113
779215,344781.18552340113
779288,344781.18552340113
779384,344781.18552340113
779391,344781.18552340113
779392,344781.18552340113
779393,344781.18552340113
779705,344781.18552340113
779738,344781.18552340113
779782,344781.18552340113
779867,344781.18552340113
779904,344781.18552340113
779938,344781.18552340113
779977,344781.18552340113
779984,344781.18552340113
780002,344781.18552340113
780020,344781.18552340113
780073,344781.18552340113
780093,344781.18552340113
780095,344781.18552340113
780214,344781.18552340113
780253,344781.18552340113
780353,344781.18552340113
780376,344781.18552340113
780395,344781.18552340113
780419,344781.18552340113
780420,344781.18552340113
780421,344781.18552340113
780564,344781.18552340113
780596,344781.18552340113
780669,344781.18552340113
780694,344781.18552340113
780702,344781.18552340113
780715,344781.18552340113
780724,344781.18552340113
780846,344781.18552340113
780856,344781.18552340113
780863,344781.18552340113
780900,344781.18552340113
780951,344781.18552340113
781145,344781.18552340113
781275,344781.18552340113
781371,344781.18552340113
781416,344781.18552340113
781559,344781.18552340113
781563,344781.18552340113
781572,344781.18552340113
781698,344781.18552340113
781700,344781.18552340113
781825,344781.18552340113
781843,344781.18552340113
781844,344781.18552340113
781845,344781.18552340113
781846,344781.18552340113
781854,344781.18552340113
781859,344781.18552340113
781860,344781.18552340113
781866,344781.18552340113
781946,344781.18552340113
781982,344781.18552340113
782181,344781.18552340113
782201,344781.18552340113
782394,344781.18552340113
782416,344781.18552340113
782443,344781.18552340113
782452,344781.18552340113
782561,344781.18552340113
782627,344781.18552340113
782642,344781.18552340113
782665,344781.18552340113
782671,344781.18552340113
782675,344781.18552340113
782693,344781.18552340113
782705,344781.18552340113
782706,344781.18552340113
782708,344781.18552340113
782717,344781.18552340113
782722,344781.18552340113
782761,344781.18552340113
782782,344781.18552340113
782785,344781.18552340113
782849,344781.18552340113
782946,344781.18552340113
783038,344781.18552340113
783051,344781.18552340113
783056,344781.18552340113
783125,344781.18552340113
783130,344781.18552340113
783231,344781.18552340113
783260,344781.18552340113
783421,344781.18552340113
783512,344781.18552340113
783559,344781.18552340113
783604,344781.18552340113
783607,344781.18552340113
783636,344781.18552340113
783654,344781.18552340113
783811,344781.18552340113
783914,344781.18552340113
783951,344781.18552340113
783978,344781.18552340113
783979,344781.18552340113
784000,344781.18552340113
784012,344781.18552340113
784167,344781.18552340113
784275,344781.18552340113
784431,344781.18552340113
784568,344781.18552340113
784570,344781.18552340113
784737,344781.18552340113
784762,344781.18552340113
784768,344781.18552340113
784842,344781.18552340113
785009,344781.18552340113
785082,344781.18552340113
785261,344781.18552340113
785408,344781.18552340113
785455,344781.18552340113
785514,344781.18552340113
785588,344781.18552340113
785808,344781.18552340113
785820,344781.18552340113
785970,344781.18552340113
785973,344781.18552340113
786182,344781.18552340113
786183,344781.18552340113
786346,344781.18552340113
786447,344781.18552340113
786450,344781.18552340113
786451,344781.18552340113
786452,344781.18552340113
786456,344781.18552340113
786457,344781.18552340113
786484,344781.18552340113
786521,344781.18552340113
786587,344781.18552340113
786628,344781.18552340113
786831,344781.18552340113
786859,344781.18552340113
787068,344781.18552340113
787151,344781.18552340113
787208,344781.18552340113
787215,344781.18552340113
787216,344781.18552340113
787276,344781.18552340113
787281,344781.18552340113
787289,344781.18552340113
787291,344781.18552340113
787331,344781.18552340113
787343,344781.18552340113
787361,344781.18552340113
787369,344781.18552340113
787382,344781.18552340113
787385,344781.18552340113
787401,344781.18552340113
787405,344781.18552340113
787411,344781.18552340113
787454,344781.18552340113
787485,344781.18552340113
787486,344781.18552340113
787489,344781.18552340113
787490,344781.18552340113
787528,344781.18552340113
787529,344781.18552340113
787533,344781.18552340113
787535,344781.18552340113
787538,344781.18552340113
787555,344781.18552340113
787614,344781.18552340113
787634,344781.18552340113
787684,344781.18552340113
787868,344781.18552340113
788008,344781.18552340113
788356,344781.18552340113
788577,344781.18552340113
788645,344781.18552340113
788730,344781.18552340113
788820,344781.18552340113
788990,344781.18552340113
788994,344781.18552340113
789179,344781.18552340113
789327,344781.18552340113
789333,344781.18552340113
789339,344781.18552340113
789374,344781.18552340113
789389,344781.18552340113
789555,344781.18552340113
789568,344781.18552340113
789619,344781.18552340113
789638,344781.18552340113
789709,344781.18552340113
789843,344781.18552340113
789881,344781.18552340113
789964,344781.18552340113
789966,344781.18552340113
790026,344781.18552340113
790038,344781.18552340113
790115,344781.18552340113
790170,344781.18552340113
790184,344781.18552340113
790414,344781.18552340113
790625,344781.18552340113
790725,344781.18552340113
790798,344781.18552340113
790912,344781.18552340113
790918,344781.18552340113
790939,344781.18552340113
791067,344781.18552340113
791077,344781.18552340113
791182,344781.18552340113
791219,344781.18552340113
791221,344781.18552340113
791296,344781.18552340113
791314,344781.18552340113
791379,344781.18552340113
791445,344781.18552340113
791581,344781.18552340113
791589,344781.18552340113
791600,344781.18552340113
791608,344781.18552340113
791617,344781.18552340113
791813,344781.18552340113
791869,344781.18552340113
791870,344781.18552340113
792315,344781.18552340113
792695,344781.18552340113
793171,344781.18552340113
793172,344781.18552340113
793391,344781.18552340113
793620,344781.18552340113
793722,344781.18552340113
793967,344781.18552340113
794344,344781.18552340113
794498,344781.18552340113
794573,344781.18552340113
794576,344781.18552340113
794897,344781.18552340113
794968,344781.18552340113
796060,344781.18552340113
796252,344781.18552340113
796300,344781.18552340113
796537,344781.18552340113
796582,344781.18552340113
797433,344781.18552340113
797488,344781.18552340113
797489,344781.18552340113
797540,344781.18552340113
797866,344781.18552340113
798010,344781.18552340113
798026,344781.18552340113
799178,344781.18552340113
799179,344781.18552340113
799190,344781.18552340113
799234,344781.18552340113
799315,344781.18552340113
799472,344781.18552340113
799498,344781.18552340113
799561,344781.18552340113
799652,344781.18552340113
799732,344781.18552340113
800022,344781.18552340113
800237,344781.18552340113
800456,344781.18552340113
800963,344781.18552340113
801193,344781.18552340113
801250,344781.18552340113
801281,344781.18552340113
801487,344781.18552340113
801497,344781.18552340113
801503,344781.18552340113
801504,344781.18552340113
801727,344781.18552340113
801954,344781.18552340113
802096,344781.18552340113
802163,344781.18552340113
802196,344781.18552340113
802200,344781.18552340113
802270,344781.18552340113
802271,344781.18552340113
802331,344781.18552340113
802349,344781.18552340113
802375,344781.18552340113
802688,344781.18552340113
803023,344781.18552340113
803138,344781.18552340113
803310,344781.18552340113
803839,344781.18552340113
803941,344781.18552340113
804236,344781.18552340113
804237,344781.18552340113
804318,344781.18552340113
804335,344781.18552340113
804516,344781.18552340113
804572,344781.18552340113
804611,344781.18552340113
804663,344781.18552340113
804859,344781.18552340113
805515,344781.18552340113
805577,344781.18552340113
806450,344781.18552340113
806493,344781.18552340113
806508,344781.18552340113
806655,344781.18552340113
806775,344781.18552340113
806865,344781.18552340113
806936,344781.18552340113
806937,344781.18552340113
807537,344781.18552340113
807824,344781.18552340113
807826,344781.18552340113
808024,344781.18552340113
808123,344781.18552340113
808180,344781.18552340113
808340,344781.18552340113
808644,344781.18552340113
808647,344781.18552340113
809443,344781.18552340113
809444,344781.18552340113
809711,344781.18552340113
810556,344781.18552340113
810560,344781.18552340113
810574,344781.18552340113
810705,344781.18552340113
811018,344781.18552340113
811028,344781.18552340113
811104,344781.18552340113
811659,344781.18552340113
811817,344781.18552340113
811944,344781.18552340113
812472,344781.18552340113
812587,344781.18552340113
812588,344781.18552340113
812762,344781.18552340113
812914,344781.18552340113
813322,344781.18552340113
813323,344781.18552340113
813324,344781.18552340113
813361,344781.18552340113
813430,344781.18552340113
813750,344781.18552340113
813797,344781.18552340113
813800,344781.18552340113
814059,344781.18552340113
814159,344781.18552340113
814247,344781.18552340113
814306,344781.18552340113
814308,344781.18552340113
814310,344781.18552340113
814313,344781.18552340113
814338,344781.18552340113
814378,344781.18552340113
814381,344781.18552340113
814390,344781.18552340113
814448,344781.18552340113
814449,344781.18552340113
815043,344781.18552340113
815287,344781.18552340113
815582,344781.18552340113
815585,344781.18552340113
815640,344781.18552340113
816479,344781.18552340113
816525,344781.18552340113
816552,344781.18552340113
816589,344781.18552340113
816592,344781.18552340113
816594,344781.18552340113
816608,344781.18552340113
816611,344781.18552340113
816676,344781.18552340113
816679,344781.18552340113
816850,344781.18552340113
816967,344781.18552340113
816968,344781.18552340113
816969,344781.18552340113
816972,344781.18552340113
816974,344781.18552340113
817091,344781.18552340113
817550,344781.18552340113
817647,344781.18552340113
817658,344781.18552340113
817662,344781.18552340113
817752,344781.18552340113
817883,344781.18552340113
817978,344781.18552340113
818057,344781.18552340113
818059,344781.18552340113
818170,344781.18552340113
818217,344781.18552340113
818229,344781.18552340113
818316,344781.18552340113
818405,344781.18552340113
818412,344781.18552340113
818488,344781.18552340113
818498,344781.18552340113
818519,344781.18552340113
818520,344781.18552340113
818601,344781.18552340113
818620,344781.18552340113
818629,344781.18552340113
818668,344781.18552340113
818906,344781.18552340113
818951,344781.18552340113
818981,344781.18552340113
819022,344781.18552340113
819052,344781.18552340113
819088,344781.18552340113
819090,344781.18552340113
819154,344781.18552340113
819224,344781.18552340113
819477,344781.18552340113
819505,344781.18552340113
819532,344781.18552340113
819599,344781.18552340113
819624,344781.18552340113
819689,344781.18552340113
819690,344781.18552340113
819694,344781.18552340113
819729,344781.18552340113
819737,344781.18552340113
819839,344781.18552340113
819946,344781.18552340113
820010,344781.18552340113
820047,344781.18552340113
820221,344781.18552340113
820343,344781.18552340113
820369,344781.18552340113
820444,344781.18552340113
820485,344781.18552340113
820520,344781.18552340113
820534,344781.18552340113
820549,344781.18552340113
820550,344781.18552340113
820560,344781.18552340113
820576,344781.18552340113
820608,344781.18552340113
820640,344781.18552340113
820668,344781.18552340113
820672,344781.18552340113
820758,344781.18552340113
820763,344781.18552340113
820797,344781.18552340113
820936,344781.18552340113
821001,344781.18552340113
821049,344781.18552340113
821050,344781.18552340113
821087,344781.18552340113
821251,344781.18552340113
821372,344781.18552340113
821381,344781.18552340113
821423,344781.18552340113
821616,344781.18552340113
821664,344781.18552340113
821715,344781.18552340113
821753,344781.18552340113
821791,344781.18552340113
821800,344781.18552340113
821820,344781.18552340113
821825,344781.18552340113
821826,344781.18552340113
821876,344781.18552340113
821888,344781.18552340113
821895,344781.18552340113
822024,344781.18552340113
822169,344781.18552340113
822190,344781.18552340113
822347,344781.18552340113
822354,344781.18552340113
822421,344781.18552340113
822422,344781.18552340113
822432,344781.18552340113
822445,344781.18552340113
822453,344781.18552340113
822456,344781.18552340113
822457,344781.18552340113
822552,344781.18552340113
822622,344781.18552340113
822624,344781.18552340113
822635,344781.18552340113
822656,344781.18552340113
822684,344781.18552340113
822688,344781.18552340113
822777,344781.18552340113
822785,344781.18552340113
822858,344781.18552340113
822880,344781.18552340113
822882,344781.18552340113
822883,344781.18552340113
822930,344781.18552340113
823118,344781.18552340113
823126,344781.18552340113
823190,344781.18552340113
823243,344781.18552340113
823305,344781.18552340113
823338,344781.18552340113
823411,344781.18552340113
823441,344781.18552340113
823596,344781.18552340113
823639,344781.18552340113
823761,344781.18552340113
823773,344781.18552340113
823798,344781.18552340113
823815,344781.18552340113
823830,344781.18552340113
823846,344781.18552340113
823949,344781.18552340113
823958,344781.18552340113
824041,344781.18552340113
824138,344781.18552340113
824141,344781.18552340113
824236,344781.18552340113
824250,344781.18552340113
824261,344781.18552340113
824528,344781.18552340113
824533,344781.18552340113
824564,344781.18552340113
824568,344781.18552340113
824571,344781.18552340113
824575,344781.18552340113
824602,344781.18552340113
824686,344781.18552340113
824788,344781.18552340113
824810,344781.18552340113
824857,344781.18552340113
824886,344781.18552340113
824906,344781.18552340113
825094,344781.18552340113
825107,344781.18552340113
825186,344781.18552340113
825386,344781.18552340113
825462,344781.18552340113
825470,344781.18552340113
825472,344781.18552340113
825473,344781.18552340113
825700,344781.18552340113
825862,344781.18552340113
825950,344781.18552340113
826171,344781.18552340113
826173,344781.18552340113
826309,344781.18552340113
826322,344781.18552340113
826408,344781.18552340113
826453,344781.18552340113
826522,344781.18552340113
826555,344781.18552340113
826607,344781.18552340113
826650,344781.18552340113
826863,344781.18552340113
826864,344781.18552340113
826881,344781.18552340113
826893,344781.18552340113
826896,344781.18552340113
826968,344781.18552340113
826977,344781.18552340113
827191,344781.18552340113
827214,344781.18552340113
827230,344781.18552340113
827234,344781.18552340113
827325,344781.18552340113
827359,344781.18552340113
827399,344781.18552340113
827481,344781.18552340113
827619,344781.18552340113
827688,344781.18552340113
827711,344781.18552340113
827954,344781.18552340113
828025,344781.18552340113
828031,344781.18552340113
828082,344781.18552340113
828144,344781.18552340113
828174,344781.18552340113
828265,344781.18552340113
828273,344781.18552340113
828285,344781.18552340113
828351,344781.18552340113
828477,344781.18552340113
828604,344781.18552340113
828623,344781.18552340113
828718,344781.18552340113
828750,344781.18552340113
828793,344781.18552340113
828812,344781.18552340113
828827,344781.18552340113
828862,344781.18552340113
828965,344781.18552340113
829067,344781.18552340113
829087,344781.18552340113
829171,344781.18552340113
829240,344781.18552340113
829278,344781.18552340113
829282,344781.18552340113
829293,344781.18552340113
829295,344781.18552340113
829318,344781.18552340113
829322,344781.18552340113
829336,344781.18552340113
829344,344781.18552340113
829351,344781.18552340113
829359,344781.18552340113
829367,344781.18552340113
829372,344781.18552340113
829378,344781.18552340113
829383,344781.18552340113
829389,344781.18552340113
829390,344781.18552340113
829395,344781.18552340113
829413,344781.18552340113
829417,344781.18552340113
829419,344781.18552340113
829599,344781.18552340113
829600,344781.18552340113
829612,344781.18552340113
829673,344781.18552340113
829767,344781.18552340113
829883,344781.18552340113
829947,344781.18552340113
830002,344781.18552340113
830122,344781.18552340113
830143,344781.18552340113
830151,344781.18552340113
830160,344781.18552340113
830199,344781.18552340113
830245,344781.18552340113
830262,344781.18552340113
830265,344781.18552340113
830279,344781.18552340113
830280,344781.18552340113
830333,344781.18552340113
830384,344781.18552340113
830410,344781.18552340113
830446,344781.18552340113
830448,344781.18552340113
830535,344781.18552340113
830581,344781.18552340113
830587,344781.18552340113
830702,344781.18552340113
830731,344781.18552340113
830739,344781.18552340113
830764,344781.18552340113
830772,344781.18552340113
830774,344781.18552340113
830971,344781.18552340113
831037,344781.18552340113
831091,344781.18552340113
831105,344781.18552340113
831106,344781.18552340113
831112,344781.18552340113
831247,344781.18552340113
831261,344781.18552340113
831269,344781.18552340113
831321,344781.18552340113
831459,344781.18552340113
831529,344781.18552340113
831628,344781.18552340113
831792,344781.18552340113
831881,344781.18552340113
831882,344781.18552340113
831883,344781.18552340113
831884,344781.18552340113
831910,344781.18552340113
831944,344781.18552340113
831946,344781.18552340113
831947,344781.18552340113
831949,344781.18552340113
831950,344781.18552340113
831960,344781.18552340113
831961,344781.18552340113
831974,344781.18552340113
832022,344781.18552340113
832156,344781.18552340113
832213,344781.18552340113
832254,344781.18552340113
832261,344781.18552340113
832343,344781.18552340113
832367,344781.18552340113
832436,344781.18552340113
832439,344781.18552340113
832460,344781.18552340113
832470,344781.18552340113
832511,344781.18552340113
832513,344781.18552340113
832624,344781.18552340113
832707,344781.18552340113
832726,344781.18552340113
832780,344781.18552340113
832924,344781.18552340113
832953,344781.18552340113
833013,344781.18552340113
833045,344781.18552340113
833051,344781.18552340113
833052,344781.18552340113
833055,344781.18552340113
833056,344781.18552340113
833057,344781.18552340113
833058,344781.18552340113
833091,344781.18552340113
833216,344781.18552340113
833233,344781.18552340113
833350,344781.18552340113
833459,344781.18552340113
833510,344781.18552340113
833525,344781.18552340113
833527,344781.18552340113
833554,344781.18552340113
833634,344781.18552340113
833668,344781.18552340113
833688,344781.18552340113
833789,344781.18552340113
833827,344781.18552340113
833846,344781.18552340113
833858,344781.18552340113
833886,344781.18552340113
833925,344781.18552340113
833968,344781.18552340113
834026,344781.18552340113
834042,344781.18552340113
834049,344781.18552340113
834113,344781.18552340113
834265,344781.18552340113
834280,344781.18552340113
834315,344781.18552340113
834335,344781.18552340113
834341,344781.18552340113
834343,344781.18552340113
834348,344781.18552340113
834350,344781.18552340113
834391,344781.18552340113
834443,344781.18552340113
834451,344781.18552340113
834514,344781.18552340113
834613,344781.18552340113
834616,344781.18552340113
834623,344781.18552340113
834662,344781.18552340113
834702,344781.18552340113
834746,344781.18552340113
834751,344781.18552340113
834764,344781.18552340113
834785,344781.18552340113
834788,344781.18552340113
834836,344781.18552340113
834858,344781.18552340113
834903,344781.18552340113
834917,344781.18552340113
834959,344781.18552340113
835037,344781.18552340113
835090,344781.18552340113
835122,344781.18552340113
835129,344781.18552340113
835137,344781.18552340113
835262,344781.18552340113
835290,344781.18552340113
835307,344781.18552340113
835336,344781.18552340113
835361,344781.18552340113
835388,344781.18552340113
835459,344781.18552340113
835465,344781.18552340113
835522,344781.18552340113
835523,344781.18552340113
835635,344781.18552340113
835651,344781.18552340113
835661,344781.18552340113
835673,344781.18552340113
835692,344781.18552340113
835759,344781.18552340113
835813,344781.18552340113
835814,344781.18552340113
835816,344781.18552340113
835884,344781.18552340113
835965,344781.18552340113
836013,344781.18552340113
836041,344781.18552340113
836103,344781.18552340113
836173,344781.18552340113
836254,344781.18552340113
836316,344781.18552340113
836341,344781.18552340113
836417,344781.18552340113
836550,344781.18552340113
836555,344781.18552340113
836556,344781.18552340113
836559,344781.18552340113
836561,344781.18552340113
836562,344781.18552340113
836563,344781.18552340113
836564,344781.18552340113
836566,344781.18552340113
836735,344781.18552340113
836782,344781.18552340113
836821,344781.18552340113
837005,344781.18552340113
837092,344781.18552340113
837095,344781.18552340113
837197,344781.18552340113
837467,344781.18552340113
837506,344781.18552340113
837521,344781.18552340113
837550,344781.18552340113
837592,344781.18552340113
837618,344781.18552340113
837632,344781.18552340113
837642,344781.18552340113
837658,344781.18552340113
837769,344781.18552340113
837779,344781.18552340113
837784,344781.18552340113
837831,344781.18552340113
837832,344781.18552340113
837836,344781.18552340113
837961,344781.18552340113
838054,344781.18552340113
838186,344781.18552340113
838254,344781.18552340113
838257,344781.18552340113
838287,344781.18552340113
838374,344781.18552340113
838443,344781.18552340113
838471,344781.18552340113
838609,344781.18552340113
838636,344781.18552340113
838681,344781.18552340113
838696,344781.18552340113
838729,344781.18552340113
838745,344781.18552340113
838778,344781.18552340113
838834,344781.18552340113
838840,344781.18552340113
839042,344781.18552340113
839134,344781.18552340113
839179,344781.18552340113
839299,344781.18552340113
839328,344781.18552340113
839358,344781.18552340113
839379,344781.18552340113
839481,344781.18552340113
839688,344781.18552340113
839804,344781.18552340113
839807,344781.18552340113
839857,344781.18552340113
839875,344781.18552340113
839896,344781.18552340113
839906,344781.18552340113
839907,344781.18552340113
839912,344781.18552340113
839923,344781.18552340113
839964,344781.18552340113
840015,344781.18552340113
840075,344781.18552340113
840137,344781.18552340113
840187,344781.18552340113
840267,344781.18552340113
840277,344781.18552340113
840279,344781.18552340113
840282,344781.18552340113
840284,344781.18552340113
840287,344781.18552340113
840313,344781.18552340113
840333,344781.18552340113
840334,344781.18552340113
840337,344781.18552340113
840425,344781.18552340113
840558,344781.18552340113
840569,344781.18552340113
840632,344781.18552340113
840829,344781.18552340113
840859,344781.18552340113
840895,344781.18552340113
840951,344781.18552340113
841008,344781.18552340113
841041,344781.18552340113
841075,344781.18552340113
841077,344781.18552340113
841273,344781.18552340113
841289,344781.18552340113
841313,344781.18552340113
841337,344781.18552340113
841354,344781.18552340113
841376,344781.18552340113
841400,344781.18552340113
841446,344781.18552340113
841484,344781.18552340113
841515,344781.18552340113
841521,344781.18552340113
841536,344781.18552340113
841557,344781.18552340113
841585,344781.18552340113
841696,344781.18552340113
841763,344781.18552340113
841803,344781.18552340113
841851,344781.18552340113
841869,344781.18552340113
841984,344781.18552340113
842034,344781.18552340113
842041,344781.18552340113
842044,344781.18552340113
842056,344781.18552340113
842219,344781.18552340113
842222,344781.18552340113
842243,344781.18552340113
842245,344781.18552340113
842350,344781.18552340113
842357,344781.18552340113
842459,344781.18552340113
842460,344781.18552340113
842623,344781.18552340113
842624,344781.18552340113
842791,344781.18552340113
842797,344781.18552340113
842808,344781.18552340113
842868,344781.18552340113
842953,344781.18552340113
842960,344781.18552340113
843026,344781.18552340113
843041,344781.18552340113
843066,344781.18552340113
843070,344781.18552340113
843072,344781.18552340113
843183,344781.18552340113
843192,344781.18552340113
843194,344781.18552340113
843197,344781.18552340113
843201,344781.18552340113
843205,344781.18552340113
843339,344781.18552340113
843353,344781.18552340113
843397,344781.18552340113
843417,344781.18552340113
843468,344781.18552340113
843471,344781.18552340113
843505,344781.18552340113
843512,344781.18552340113
843536,344781.18552340113
843564,344781.18552340113
843575,344781.18552340113
843622,344781.18552340113
843737,344781.18552340113
843742,344781.18552340113
843767,344781.18552340113
843770,344781.18552340113
843784,344781.18552340113
843794,344781.18552340113
843797,344781.18552340113
843906,344781.18552340113
843914,344781.18552340113
843942,344781.18552340113
843943,344781.18552340113
843979,344781.18552340113
843980,344781.18552340113
843993,344781.18552340113
844008,344781.18552340113
844035,344781.18552340113
844085,344781.18552340113
844097,344781.18552340113
844104,344781.18552340113
844109,344781.18552340113
844110,344781.18552340113
844126,344781.18552340113
844162,344781.18552340113
844165,344781.18552340113
844198,344781.18552340113
844211,344781.18552340113
844233,344781.18552340113
844310,344781.18552340113
844316,344781.18552340113
844329,344781.18552340113
844338,344781.18552340113
844468,344781.18552340113
844503,344781.18552340113
844536,344781.18552340113
844539,344781.18552340113
844564,344781.18552340113
844590,344781.18552340113
844617,344781.18552340113
844640,344781.18552340113
844716,344781.18552340113
844747,344781.18552340113
844748,344781.18552340113
844755,344781.18552340113
844762,344781.18552340113
844789,344781.18552340113
844804,344781.18552340113
844846,344781.18552340113
844847,344781.18552340113
844849,344781.18552340113
844855,344781.18552340113
844856,344781.18552340113
844857,344781.18552340113
844862,344781.18552340113
844886,344781.18552340113
844915,344781.18552340113
844925,344781.18552340113
844991,344781.18552340113
844993,344781.18552340113
845024,344781.18552340113
845033,344781.18552340113
845082,344781.18552340113
845083,344781.18552340113
845096,344781.18552340113
845106,344781.18552340113
845107,344781.18552340113
845121,344781.18552340113
845124,344781.18552340113
845155,344781.18552340113
845166,344781.18552340113
845183,344781.18552340113
845217,344781.18552340113
845244,344781.18552340113
845251,344781.18552340113
845344,344781.18552340113
845370,344781.18552340113
845397,344781.18552340113
845405,344781.18552340113
845471,344781.18552340113
845486,344781.18552340113
845528,344781.18552340113
845534,344781.18552340113
845545,344781.18552340113
845594,344781.18552340113
845685,344781.18552340113
845705,344781.18552340113
845720,344781.18552340113
845802,344781.18552340113
845879,344781.18552340113
845943,344781.18552340113
845962,344781.18552340113
846140,344781.18552340113
846147,344781.18552340113
846152,344781.18552340113
846284,344781.18552340113
846499,344781.18552340113
846556,344781.18552340113
846559,344781.18552340113
846573,344781.18552340113
846575,344781.18552340113
846768,344781.18552340113
846871,344781.18552340113
846968,344781.18552340113
847095,344781.18552340113
847100,344781.18552340113
847161,344781.18552340113
847191,344781.18552340113
847227,344781.18552340113
847230,344781.18552340113
847306,344781.18552340113
847476,344781.18552340113
847537,344781.18552340113
847657,344781.18552340113
847727,344781.18552340113
847766,344781.18552340113
847773,344781.18552340113
847809,344781.18552340113
847861,344781.18552340113
847892,344781.18552340113
847917,344781.18552340113
847950,344781.18552340113
848039,344781.18552340113
848093,344781.18552340113
848095,344781.18552340113
848112,344781.18552340113
848157,344781.18552340113
848164,344781.18552340113
848302,344781.18552340113
848330,344781.18552340113
848365,344781.18552340113
848375,344781.18552340113
848386,344781.18552340113
848437,344781.18552340113
848493,344781.18552340113
848543,344781.18552340113
848549,344781.18552340113
848623,344781.18552340113
848661,344781.18552340113
848707,344781.18552340113
848775,344781.18552340113
848843,344781.18552340113
848978,344781.18552340113
848989,344781.18552340113
849002,344781.18552340113
849024,344781.18552340113
849047,344781.18552340113
849062,344781.18552340113
849064,344781.18552340113
936612,344781.18552340113
936685,344781.18552340113
936696,344781.18552340113
936725,344781.18552340113
936735,344781.18552340113
936772,344781.18552340113
936806,344781.18552340113
936808,344781.18552340113
936854,344781.18552340113
936871,344781.18552340113
936899,344781.18552340113
936915,344781.18552340113
936923,344781.18552340113
936950,344781.18552340113
936973,344781.18552340113
937001,344781.18552340113
937003,344781.18552340113
937056,344781.18552340113
937090,344781.18552340113
937110,344781.18552340113
937130,344781.18552340113
937183,344781.18552340113
937255,344781.18552340113
937276,344781.18552340113
937318,344781.18552340113
937335,344781.18552340113
937337,344781.18552340113
937358,344781.18552340113
937360,344781.18552340113
937362,344781.18552340113
937390,344781.18552340113
937462,344781.18552340113
937472,344781.18552340113
937477,344781.18552340113
937493,344781.18552340113
937518,344781.18552340113
937519,344781.18552340113
937555,344781.18552340113
937658,344781.18552340113
937662,344781.18552340113
937663,344781.18552340113
937665,344781.18552340113
937676,344781.18552340113
937694,344781.18552340113
937735,344781.18552340113
937740,344781.18552340113
937751,344781.18552340113
937776,344781.18552340113
937780,344781.18552340113
937812,344781.18552340113
937813,344781.18552340113
937943,344781.18552340113
938043,344781.18552340113
938056,344781.18552340113
938064,344781.18552340113
938068,344781.18552340113
938080,344781.18552340113
938114,344781.18552340113
938187,344781.18552340113
938204,344781.18552340113
938206,344781.18552340113
938209,344781.18552340113
938212,344781.18552340113
938232,344781.18552340113
938233,344781.18552340113
938349,344781.18552340113
938350,344781.18552340113
938351,344781.18552340113
938354,344781.18552340113
938361,344781.18552340113
938362,344781.18552340113
938363,344781.18552340113
938433,344781.18552340113
938579,344781.18552340113
938635,344781.18552340113
938636,344781.18552340113
938637,344781.18552340113
938639,344781.18552340113
938651,344781.18552340113
938670,344781.18552340113
938703,344781.18552340113
938705,344781.18552340113
938715,344781.18552340113
938733,344781.18552340113
938812,344781.18552340113
938814,344781.18552340113
938894,344781.18552340113
938913,344781.18552340113
938938,344781.18552340113
938957,344781.18552340113
938990,344781.18552340113
939010,344781.18552340113
939028,344781.18552340113
939075,344781.18552340113
939121,344781.18552340113
939133,344781.18552340113
939146,344781.18552340113
939224,344781.18552340113
939227,344781.18552340113
939256,344781.18552340113
939297,344781.18552340113
939305,344781.18552340113
939310,344781.18552340113
939349,344781.18552340113
939360,344781.18552340113
939392,344781.18552340113
939400,344781.18552340113
939409,344781.18552340113
939411,344781.18552340113
939414,344781.18552340113
939420,344781.18552340113
939421,344781.18552340113
939438,344781.18552340113
939494,344781.18552340113
939496,344781.18552340113
939497,344781.18552340113
939501,344781.18552340113
939587,344781.18552340113
939589,344781.18552340113
939629,344781.18552340113
939636,344781.18552340113
939645,344781.18552340113
939650,344781.18552340113
939666,344781.18552340113
939669,344781.18552340113
939711,344781.18552340113
939877,344781.18552340113
939886,344781.18552340113
939890,344781.18552340113
939892,344781.18552340113
939905,344781.18552340113
939930,344781.18552340113
939935,344781.18552340113
939960,344781.18552340113
939964,344781.18552340113
939970,344781.18552340113
940066,344781.18552340113
940094,344781.18552340113
940095,344781.18552340113
940096,344781.18552340113
940118,344781.18552340113
940138,344781.18552340113
940168,344781.18552340113
940172,344781.18552340113
940240,344781.18552340113
940262,344781.18552340113
940282,344781.18552340113
940283,344781.18552340113
940336,344781.18552340113
940389,344781.18552340113
940487,344781.18552340113
940552,344781.18552340113
940571,344781.18552340113
940579,344781.18552340113
940602,344781.18552340113
940627,344781.18552340113
940735,344781.18552340113
940740,344781.18552340113
940742,344781.18552340113
940767,344781.18552340113
940788,344781.18552340113
940807,344781.18552340113
940855,344781.18552340113
940868,344781.18552340113
940875,344781.18552340113
940876,344781.18552340113
940890,344781.18552340113
940950,344781.18552340113
941026,344781.18552340113
941059,344781.18552340113
941089,344781.18552340113
941112,344781.18552340113
941121,344781.18552340113
941123,344781.18552340113
941146,344781.18552340113
941344,344781.18552340113
941346,344781.18552340113
941369,344781.18552340113
941370,344781.18552340113
941373,344781.18552340113
941384,344781.18552340113
941500,344781.18552340113
941524,344781.18552340113
941554,344781.18552340113
941713,344781.18552340113
941780,344781.18552340113
941782,344781.18552340113
941786,344781.18552340113
941790,344781.18552340113
941791,344781.18552340113
941792,344781.18552340113
941793,344781.18552340113
941797,344781.18552340113
941798,344781.18552340113
941801,344781.18552340113
941810,344781.18552340113
941826,344781.18552340113
941843,344781.18552340113
941862,344781.18552340113
941864,344781.18552340113
941867,344781.18552340113
941875,344781.18552340113
941876,344781.18552340113
941881,344781.18552340113
941883,344781.18552340113
941884,344781.18552340113
941891,344781.18552340113
941919,344781.18552340113
941959,344781.18552340113
942057,344781.18552340113
942070,344781.18552340113
942098,344781.18552340113
942103,344781.18552340113
942105,344781.18552340113
942106,344781.18552340113
942109,344781.18552340113
942111,344781.18552340113
942113,344781.18552340113
942115,344781.18552340113
942116,344781.18552340113
942130,344781.18552340113
942139,344781.18552340113
942145,344781.18552340113
942168,344781.18552340113
942177,344781.18552340113
942181,344781.18552340113
942196,344781.18552340113
942210,344781.18552340113
942217,344781.18552340113
942275,344781.18552340113
942370,344781.18552340113
942375,344781.18552340113
942383,344781.18552340113
942415,344781.18552340113
942422,344781.18552340113
942463,344781.18552340113
942469,344781.18552340113
942480,344781.18552340113
942488,344781.18552340113
942583,344781.18552340113
942628,344781.18552340113
942635,344781.18552340113
942636,344781.18552340113
942651,344781.18552340113
942653,344781.18552340113
942655,344781.18552340113
942657,344781.18552340113
942741,344781.18552340113
942753,344781.18552340113
942779,344781.18552340113
942802,344781.18552340113
942843,344781.18552340113
942844,344781.18552340113
942890,344781.18552340113
942964,344781.18552340113
942968,344781.18552340113
942969,344781.18552340113
942985,344781.18552340113
942989,344781.18552340113
942990,344781.18552340113
943022,344781.18552340113
943032,344781.18552340113
943039,344781.18552340113
943044,344781.18552340113
943112,344781.18552340113
943140,344781.18552340113
943141,344781.18552340113
943143,344781.18552340113
943145,344781.18552340113
943149,344781.18552340113
943167,344781.18552340113
943193,344781.18552340113
943238,344781.18552340113
943352,344781.18552340113
943368,344781.18552340113
943373,344781.18552340113
943397,344781.18552340113
943398,344781.18552340113
943402,344781.18552340113
943412,344781.18552340113
943473,344781.18552340113
943478,344781.18552340113
943482,344781.18552340113
943484,344781.18552340113
943489,344781.18552340113
943497,344781.18552340113
943503,344781.18552340113
943504,344781.18552340113
943505,344781.18552340113
943592,344781.18552340113
943684,344781.18552340113
943693,344781.18552340113
943696,344781.18552340113
943698,344781.18552340113
943699,344781.18552340113
943750,344781.18552340113
943756,344781.18552340113
943782,344781.18552340113
943783,344781.18552340113
943810,344781.18552340113
943821,344781.18552340113
943822,344781.18552340113
943872,344781.18552340113
943889,344781.18552340113
943928,344781.18552340113
943939,344781.18552340113
943944,344781.18552340113
943953,344781.18552340113
943954,344781.18552340113
943955,344781.18552340113
943960,344781.18552340113
943964,344781.18552340113
943968,344781.18552340113
943969,344781.18552340113
943985,344781.18552340113
944000,344781.18552340113
944002,344781.18552340113
944018,344781.18552340113
944025,344781.18552340113
944030,344781.18552340113
944101,344781.18552340113
944105,344781.18552340113
944256,344781.18552340113
944265,344781.18552340113
944289,344781.18552340113
944295,344781.18552340113
944305,344781.18552340113
944306,344781.18552340113
944312,344781.18552340113
944341,344781.18552340113
944342,344781.18552340113
944347,344781.18552340113
944360,344781.18552340113
944384,344781.18552340113
944425,344781.18552340113
944434,344781.18552340113
944435,344781.18552340113
944436,344781.18552340113
944442,344781.18552340113
944552,344781.18552340113
944568,344781.18552340113
944662,344781.18552340113
944671,344781.18552340113
944683,344781.18552340113
944887,344781.18552340113
944902,344781.18552340113
944906,344781.18552340113
944913,344781.18552340113
944921,344781.18552340113
944935,344781.18552340113
944942,344781.18552340113
944943,344781.18552340113
944955,344781.18552340113
944967,344781.18552340113
945015,344781.18552340113
945046,344781.18552340113
945082,344781.18552340113
945116,344781.18552340113
945151,344781.18552340113
945180,344781.18552340113
945181,344781.18552340113
945182,344781.18552340113
945273,344781.18552340113
945283,344781.18552340113
945305,344781.18552340113
945332,344781.18552340113
945388,344781.18552340113
945444,344781.18552340113
945448,344781.18552340113
945453,344781.18552340113
945454,344781.18552340113
945470,344781.18552340113
945495,344781.18552340113
945498,344781.18552340113
945505,344781.18552340113
945513,344781.18552340113
945554,344781.18552340113
945590,344781.18552340113
945627,344781.18552340113
945628,344781.18552340113
945629,344781.18552340113
945630,344781.18552340113
945749,344781.18552340113
945790,344781.18552340113
945801,344781.18552340113
945838,344781.18552340113
945839,344781.18552340113
945840,344781.18552340113
945843,344781.18552340113
945880,344781.18552340113
945900,344781.18552340113
945901,344781.18552340113
945902,344781.18552340113
945903,344781.18552340113
945940,344781.18552340113
945942,344781.18552340113
945945,344781.18552340113
945946,344781.18552340113
945952,344781.18552340113
945965,344781.18552340113
945967,344781.18552340113
945997,344781.18552340113
945998,344781.18552340113
946016,344781.18552340113
946307,344781.18552340113
946318,344781.18552340113
946327,344781.18552340113
946351,344781.18552340113
946358,344781.18552340113
946373,344781.18552340113
946376,344781.18552340113
946385,344781.18552340113
946386,344781.18552340113
946397,344781.18552340113
946398,344781.18552340113
946401,344781.18552340113
946403,344781.18552340113
946433,344781.18552340113
946446,344781.18552340113
946447,344781.18552340113
946448,344781.18552340113
946462,344781.18552340113
946463,344781.18552340113
946492,344781.18552340113
946496,344781.18552340113
946540,344781.18552340113
946541,344781.18552340113
946591,344781.18552340113
946601,344781.18552340113
946638,344781.18552340113
946640,344781.18552340113
946653,344781.18552340113
946678,344781.18552340113
946687,344781.18552340113
946688,344781.18552340113
946689,344781.18552340113
946716,344781.18552340113
946732,344781.18552340113
946738,344781.18552340113
946746,344781.18552340113
946779,344781.18552340113
946784,344781.18552340113
946788,344781.18552340113
946820,344781.18552340113
946836,344781.18552340113
946870,344781.18552340113
946873,344781.18552340113
946896,344781.18552340113
946944,344781.18552340113
946972,344781.18552340113
946973,344781.18552340113
947007,344781.18552340113
947031,344781.18552340113
947057,344781.18552340113
947141,344781.18552340113
947176,344781.18552340113
947187,344781.18552340113
947206,344781.18552340113
947216,344781.18552340113
947274,344781.18552340113
947300,344781.18552340113
947332,344781.18552340113
947383,344781.18552340113
947395,344781.18552340113
947405,344781.18552340113
947436,344781.18552340113
947473,344781.18552340113
947495,344781.18552340113
947530,344781.18552340113
947537,344781.18552340113
947552,344781.18552340113
947564,344781.18552340113
947584,344781.18552340113
947625,344781.18552340113
947677,344781.18552340113
947689,344781.18552340113
947698,344781.18552340113
947699,344781.18552340113
947700,344781.18552340113
947701,344781.18552340113
947702,344781.18552340113
947725,344781.18552340113
947743,344781.18552340113
947833,344781.18552340113
947872,344781.18552340113
947881,344781.18552340113
947930,344781.18552340113
947977,344781.18552340113
948034,344781.18552340113
948036,344781.18552340113
948039,344781.18552340113
948066,344781.18552340113
948107,344781.18552340113
948115,344781.18552340113
948121,344781.18552340113
948137,344781.18552340113
948148,344781.18552340113
948306,344781.18552340113
948339,344781.18552340113
948361,344781.18552340113
948386,344781.18552340113
948387,344781.18552340113
948388,344781.18552340113
948423,344781.18552340113
948470,344781.18552340113
948479,344781.18552340113
948484,344781.18552340113
948486,344781.18552340113
948598,344781.18552340113
948607,344781.18552340113
948629,344781.18552340113
948630,344781.18552340113
948631,344781.18552340113
948632,344781.18552340113
948633,344781.18552340113
948641,344781.18552340113
948643,344781.18552340113
948651,344781.18552340113
948652,344781.18552340113
948675,344781.18552340113
948740,344781.18552340113
948743,344781.18552340113
948744,344781.18552340113
948745,344781.18552340113
948774,344781.18552340113
948789,344781.18552340113
948807,344781.18552340113
948808,344781.18552340113
948809,344781.18552340113
948813,344781.18552340113
948816,344781.18552340113
948819,344781.18552340113
948830,344781.18552340113
948870,344781.18552340113
948912,344781.18552340113
948941,344781.18552340113
949105,344781.18552340113
949143,344781.18552340113
949144,344781.18552340113
949147,344781.18552340113
949248,344781.18552340113
949250,344781.18552340113
949278,344781.18552340113
949283,344781.18552340113
949293,344781.18552340113
949340,344781.18552340113
949379,344781.18552340113
949426,344781.18552340113
949427,344781.18552340113
949428,344781.18552340113
949431,344781.18552340113
949443,344781.18552340113
949474,344781.18552340113
949492,344781.18552340113
949501,344781.18552340113
949517,344781.18552340113
949518,344781.18552340113
949519,344781.18552340113
949529,344781.18552340113
949544,344781.18552340113
949545,344781.18552340113
949584,344781.18552340113
949592,344781.18552340113
949593,344781.18552340113
949627,344781.18552340113
949651,344781.18552340113
949661,344781.18552340113
949762,344781.18552340113
949815,344781.18552340113
949827,344781.18552340113
949858,344781.18552340113
949933,344781.18552340113
949934,344781.18552340113
949943,344781.18552340113
949960,344781.18552340113
950036,344781.18552340113
950037,344781.18552340113
950038,344781.18552340113
950039,344781.18552340113
950044,344781.18552340113
950060,344781.18552340113
950088,344781.18552340113
950194,344781.18552340113
950227,344781.18552340113
950234,344781.18552340113
950303,344781.18552340113
950339,344781.18552340113
950374,344781.18552340113
950378,344781.18552340113
950382,344781.18552340113
950385,344781.18552340113
950489,344781.18552340113
950576,344781.18552340113
950581,344781.18552340113
950583,344781.18552340113
950584,344781.18552340113
950585,344781.18552340113
950607,344781.18552340113
950630,344781.18552340113
950634,344781.18552340113
950664,344781.18552340113
950671,344781.18552340113
950686,344781.18552340113
950746,344781.18552340113
950751,344781.18552340113
950916,344781.18552340113
951001,344781.18552340113
951065,344781.18552340113
951129,344781.18552340113
951162,344781.18552340113
951195,344781.18552340113
951200,344781.18552340113
951201,344781.18552340113
951405,344781.18552340113
951412,344781.18552340113
951454,344781.18552340113
951460,344781.18552340113
951463,344781.18552340113
951471,344781.18552340113
951553,344781.18552340113
951564,344781.18552340113
951646,344781.18552340113
951663,344781.18552340113
951687,344781.18552340113
951692,344781.18552340113
951704,344781.18552340113
951780,344781.18552340113
951782,344781.18552340113
951915,344781.18552340113
951963,344781.18552340113
951975,344781.18552340113
951988,344781.18552340113
952013,344781.18552340113
952025,344781.18552340113
952036,344781.18552340113
952096,344781.18552340113
952268,344781.18552340113
952271,344781.18552340113
952273,344781.18552340113
952448,344781.18552340113
952466,344781.18552340113
952537,344781.18552340113
952541,344781.18552340113
952545,344781.18552340113
952546,344781.18552340113
952566,344781.18552340113
952651,344781.18552340113
952689,344781.18552340113
952699,344781.18552340113
952773,344781.18552340113
952778,344781.18552340113
952818,344781.18552340113
952900,344781.18552340113
952916,344781.18552340113
953005,344781.18552340113
953024,344781.18552340113
953047,344781.18552340113
953057,344781.18552340113
953161,344781.18552340113
953163,344781.18552340113
953176,344781.18552340113
953177,344781.18552340113
953181,344781.18552340113
953182,344781.18552340113
953227,344781.18552340113
953228,344781.18552340113
953237,344781.18552340113
953293,344781.18552340113
953325,344781.18552340113
953326,344781.18552340113
953330,344781.18552340113
953375,344781.18552340113
953481,344781.18552340113
953486,344781.18552340113
953512,344781.18552340113
953552,344781.18552340113
953564,344781.18552340113
953626,344781.18552340113
953702,344781.18552340113
953744,344781.18552340113
953778,344781.18552340113
953795,344781.18552340113
953797,344781.18552340113
953857,344781.18552340113
953894,344781.18552340113
953920,344781.18552340113
953922,344781.18552340113
953931,344781.18552340113
953965,344781.18552340113
954066,344781.18552340113
954138,344781.18552340113
954190,344781.18552340113
954216,344781.18552340113
954292,344781.18552340113
954302,344781.18552340113
954319,344781.18552340113
954351,344781.18552340113
954413,344781.18552340113
954419,344781.18552340113
954452,344781.18552340113
954503,344781.18552340113
954505,344781.18552340113
954535,344781.18552340113
954548,344781.18552340113
954563,344781.18552340113
954578,344781.18552340113
954584,344781.18552340113
954608,344781.18552340113
954615,344781.18552340113
954627,344781.18552340113
954649,344781.18552340113
954700,344781.18552340113
954717,344781.18552340113
954721,344781.18552340113
954735,344781.18552340113
954747,344781.18552340113
954762,344781.18552340113
954787,344781.18552340113
954809,344781.18552340113
954828,344781.18552340113
954831,344781.18552340113
954867,344781.18552340113
954868,344781.18552340113
954880,344781.18552340113
954892,344781.18552340113
954911,344781.18552340113
954926,344781.18552340113
954928,344781.18552340113
954955,344781.18552340113
954963,344781.18552340113
954972,344781.18552340113
954992,344781.18552340113
955082,344781.18552340113
955110,344781.18552340113
955132,344781.18552340113
955142,344781.18552340113
955152,344781.18552340113
955153,344781.18552340113
955160,344781.18552340113
955162,344781.18552340113
955164,344781.18552340113
955189,344781.18552340113
955190,344781.18552340113
955207,344781.18552340113
955287,344781.18552340113
955308,344781.18552340113
955309,344781.18552340113
955361,344781.18552340113
955376,344781.18552340113
955429,344781.18552340113
955444,344781.18552340113
955445,344781.18552340113
955456,344781.18552340113
955502,344781.18552340113
955525,344781.18552340113
955528,344781.18552340113
955541,344781.18552340113
955557,344781.18552340113
955562,344781.18552340113
955575,344781.18552340113
955601,344781.18552340113
955609,344781.18552340113
955639,344781.18552340113
955664,344781.18552340113
955682,344781.18552340113
955700,344781.18552340113
955727,344781.18552340113
955782,344781.18552340113
955786,344781.18552340113
955801,344781.18552340113
955815,344781.18552340113
955864,344781.18552340113
955926,344781.18552340113
955932,344781.18552340113
955939,344781.18552340113
955961,344781.18552340113
955974,344781.18552340113
955994,344781.18552340113
956001,344781.18552340113
956005,344781.18552340113
956031,344781.18552340113
956035,344781.18552340113
956036,344781.18552340113
956038,344781.18552340113
956042,344781.18552340113
956044,344781.18552340113
956046,344781.18552340113
956050,344781.18552340113
956051,344781.18552340113
956130,344781.18552340113
956137,344781.18552340113
956144,344781.18552340113
956156,344781.18552340113
956187,344781.18552340113
956223,344781.18552340113
956246,344781.18552340113
956263,344781.18552340113
956304,344781.18552340113
956308,344781.18552340113
956488,344781.18552340113
956523,344781.18552340113
956535,344781.18552340113
956556,344781.18552340113
956558,344781.18552340113
956600,344781.18552340113
956627,344781.18552340113
956631,344781.18552340113
956661,344781.18552340113
956687,344781.18552340113
956694,344781.18552340113
956767,344781.18552340113
956774,344781.18552340113
956907,344781.18552340113
956962,344781.18552340113
956966,344781.18552340113
957053,344781.18552340113
957065,344781.18552340113
957149,344781.18552340113
957192,344781.18552340113
957242,344781.18552340113
957408,344781.18552340113
957420,344781.18552340113
957421,344781.18552340113
957444,344781.18552340113
957446,344781.18552340113
957539,344781.18552340113
957550,344781.18552340113
957566,344781.18552340113
957573,344781.18552340113
957608,344781.18552340113
957648,344781.18552340113
957674,344781.18552340113
957675,344781.18552340113
957676,344781.18552340113
957679,344781.18552340113
957684,344781.18552340113
957685,344781.18552340113
957687,344781.18552340113
957699,344781.18552340113
957708,344781.18552340113
957709,344781.18552340113
957720,344781.18552340113
957724,344781.18552340113
957725,344781.18552340113
957749,344781.18552340113
957758,344781.18552340113
957793,344781.18552340113
957840,344781.18552340113
957852,344781.18552340113
957875,344781.18552340113
957955,344781.18552340113
957967,344781.18552340113
957971,344781.18552340113
957987,344781.18552340113
958016,344781.18552340113
958019,344781.18552340113
958038,344781.18552340113
958045,344781.18552340113
958063,344781.18552340113
958116,344781.18552340113
958119,344781.18552340113
958190,344781.18552340113
958198,344781.18552340113
958259,344781.18552340113
958270,344781.18552340113
958285,344781.18552340113
958288,344781.18552340113
958345,344781.18552340113
958383,344781.18552340113
958422,344781.18552340113
958425,344781.18552340113
958428,344781.18552340113
958430,344781.18552340113
958447,344781.18552340113
958454,344781.18552340113
958455,344781.18552340113
958456,344781.18552340113
958493,344781.18552340113
958512,344781.18552340113
958516,344781.18552340113
958517,344781.18552340113
958519,344781.18552340113
958526,344781.18552340113
958527,344781.18552340113
958533,344781.18552340113
958535,344781.18552340113
958538,344781.18552340113
958565,344781.18552340113
958569,344781.18552340113
958570,344781.18552340113
958572,344781.18552340113
958601,344781.18552340113
958657,344781.18552340113
958666,344781.18552340113
958667,344781.18552340113
958671,344781.18552340113
958675,344781.18552340113
958676,344781.18552340113
958679,344781.18552340113
958693,344781.18552340113
958694,344781.18552340113
958697,344781.18552340113
958698,344781.18552340113
958705,344781.18552340113
958707,344781.18552340113
958770,344781.18552340113
958783,344781.18552340113
958791,344781.18552340113
958792,344781.18552340113
958793,344781.18552340113
958797,344781.18552340113
958799,344781.18552340113
958831,344781.18552340113
958839,344781.18552340113
958896,344781.18552340113
958898,344781.18552340113
958985,344781.18552340113
959021,344781.18552340113
959030,344781.18552340113
959031,344781.18552340113
959060,344781.18552340113
959112,344781.18552340113
959114,344781.18552340113
959117,344781.18552340113
959118,344781.18552340113
959121,344781.18552340113
959122,344781.18552340113
959123,344781.18552340113
959124,344781.18552340113
959125,344781.18552340113
959126,344781.18552340113
959128,344781.18552340113
959129,344781.18552340113
959130,344781.18552340113
959131,344781.18552340113
959133,344781.18552340113
959134,344781.18552340113
959142,344781.18552340113
959153,344781.18552340113
959154,344781.18552340113
959166,344781.18552340113
959224,344781.18552340113
959227,344781.18552340113
959265,344781.18552340113
959323,344781.18552340113
959324,344781.18552340113
959357,344781.18552340113
959362,344781.18552340113
959394,344781.18552340113
959419,344781.18552340113
959433,344781.18552340113
959451,344781.18552340113
959466,344781.18552340113
959468,344781.18552340113
959469,344781.18552340113
959476,344781.18552340113
959683,344781.18552340113
959723,344781.18552340113
959725,344781.18552340113
959726,344781.18552340113
959728,344781.18552340113
959741,344781.18552340113
959742,344781.18552340113
959743,344781.18552340113
959744,344781.18552340113
959757,344781.18552340113
959759,344781.18552340113
959940,344781.18552340113
959967,344781.18552340113
960018,344781.18552340113
960029,344781.18552340113
960058,344781.18552340113
960091,344781.18552340113
960118,344781.18552340113
960163,344781.18552340113
960165,344781.18552340113
960169,344781.18552340113
960226,344781.18552340113
960235,344781.18552340113
960241,344781.18552340113
960274,344781.18552340113
960275,344781.18552340113
960284,344781.18552340113
960286,344781.18552340113
960287,344781.18552340113
960289,344781.18552340113
960290,344781.18552340113
960310,344781.18552340113
960340,344781.18552340113
960362,344781.18552340113
960393,344781.18552340113
960410,344781.18552340113
960431,344781.18552340113
960451,344781.18552340113
960478,344781.18552340113
960529,344781.18552340113
960530,344781.18552340113
960581,344781.18552340113
960597,344781.18552340113
960598,344781.18552340113
960634,344781.18552340113
960687,344781.18552340113
960863,344781.18552340113
960913,344781.18552340113
960931,344781.18552340113
960946,344781.18552340113
960947,344781.18552340113
960983,344781.18552340113
961006,344781.18552340113
961035,344781.18552340113
961042,344781.18552340113
961048,344781.18552340113
961123,344781.18552340113
961141,344781.18552340113
961143,344781.18552340113
961183,344781.18552340113
961216,344781.18552340113
961226,344781.18552340113
961246,344781.18552340113
961256,344781.18552340113
961289,344781.18552340113
961337,344781.18552340113
961387,344781.18552340113
961389,344781.18552340113
961395,344781.18552340113
961408,344781.18552340113
961419,344781.18552340113
961420,344781.18552340113
961421,344781.18552340113
961452,344781.18552340113
961461,344781.18552340113
961478,344781.18552340113
961488,344781.18552340113
961489,344781.18552340113
961522,344781.18552340113
961530,344781.18552340113
961548,344781.18552340113
961574,344781.18552340113
961601,344781.18552340113
961605,344781.18552340113
961608,344781.18552340113
961609,344781.18552340113
961699,344781.18552340113
961715,344781.18552340113
961768,344781.18552340113
961788,344781.18552340113
961789,344781.18552340113
961790,344781.18552340113
961791,344781.18552340113
961792,344781.18552340113
961817,344781.18552340113
961822,344781.18552340113
961854,344781.18552340113
961872,344781.18552340113
961877,344781.18552340113
961882,344781.18552340113
962051,344781.18552340113
962065,344781.18552340113
962066,344781.18552340113
962080,344781.18552340113
962082,344781.18552340113
962083,344781.18552340113
962090,344781.18552340113
962109,344781.18552340113
962116,344781.18552340113
962141,344781.18552340113
962144,344781.18552340113
962159,344781.18552340113
962160,344781.18552340113
962165,344781.18552340113
962176,344781.18552340113
962178,344781.18552340113
962179,344781.18552340113
962180,344781.18552340113
962181,344781.18552340113
962182,344781.18552340113
962184,344781.18552340113
962186,344781.18552340113
962217,344781.18552340113
962219,344781.18552340113
962225,344781.18552340113
962235,344781.18552340113
962236,344781.18552340113
962263,344781.18552340113
962287,344781.18552340113
962316,344781.18552340113
962319,344781.18552340113
962336,344781.18552340113
962412,344781.18552340113
962416,344781.18552340113
962419,344781.18552340113
962438,344781.18552340113
962448,344781.18552340113
962501,344781.18552340113
962520,344781.18552340113
962546,344781.18552340113
962551,344781.18552340113
962559,344781.18552340113
962567,344781.18552340113
962572,344781.18552340113
962579,344781.18552340113
962585,344781.18552340113
962586,344781.18552340113
962591,344781.18552340113
962592,344781.18552340113
962630,344781.18552340113
962635,344781.18552340113
962677,344781.18552340113
962728,344781.18552340113
962755,344781.18552340113
962778,344781.18552340113
962796,344781.18552340113
962835,344781.18552340113
962839,344781.18552340113
962845,344781.18552340113
962907,344781.18552340113
962922,344781.18552340113
963001,344781.18552340113
963003,344781.18552340113
963019,344781.18552340113
963020,344781.18552340113
963022,344781.18552340113
963023,344781.18552340113
963041,344781.18552340113
963049,344781.18552340113
963118,344781.18552340113
963122,344781.18552340113
963130,344781.18552340113
963165,344781.18552340113
963199,344781.18552340113
963205,344781.18552340113
963229,344781.18552340113
963313,344781.18552340113
963314,344781.18552340113
963319,344781.18552340113
963325,344781.18552340113
963327,344781.18552340113
963340,344781.18552340113
963362,344781.18552340113
963366,344781.18552340113
963375,344781.18552340113
963378,344781.18552340113
963381,344781.18552340113
963447,344781.18552340113
963472,344781.18552340113
963488,344781.18552340113
963490,344781.18552340113
963539,344781.18552340113
963651,344781.18552340113
963676,344781.18552340113
963682,344781.18552340113
963837,344781.18552340113
963857,344781.18552340113
963905,344781.18552340113
963929,344781.18552340113
963960,344781.18552340113
963971,344781.18552340113
963973,344781.18552340113
963986,344781.18552340113
964018,344781.18552340113
964048,344781.18552340113
964049,344781.18552340113
964055,344781.18552340113
964098,344781.18552340113
964135,344781.18552340113
964156,344781.18552340113
964157,344781.18552340113
964171,344781.18552340113
964207,344781.18552340113
964208,344781.18552340113
964209,344781.18552340113
964271,344781.18552340113
964304,344781.18552340113
964312,344781.18552340113
964314,344781.18552340113
964333,344781.18552340113
964369,344781.18552340113
964488,344781.18552340113
964527,344781.18552340113
964570,344781.18552340113
964580,344781.18552340113
964591,344781.18552340113
964592,344781.18552340113
964593,344781.18552340113
964595,344781.18552340113
964622,344781.18552340113
964625,344781.18552340113
964642,344781.18552340113
964705,344781.18552340113
964813,344781.18552340113
964839,344781.18552340113
964849,344781.18552340113
964911,344781.18552340113
964984,344781.18552340113
964997,344781.18552340113
965033,344781.18552340113
965053,344781.18552340113
965089,344781.18552340113
965099,344781.18552340113
965116,344781.18552340113
965131,344781.18552340113
965145,344781.18552340113
965153,344781.18552340113
965176,344781.18552340113
965182,344781.18552340113
965184,344781.18552340113
965201,344781.18552340113
965216,344781.18552340113
965242,344781.18552340113
965260,344781.18552340113
965262,344781.18552340113
965305,344781.18552340113
965315,344781.18552340113
965320,344781.18552340113
965321,344781.18552340113
965322,344781.18552340113
965324,344781.18552340113
965325,344781.18552340113
965326,344781.18552340113
965341,344781.18552340113
965342,344781.18552340113
965346,344781.18552340113
965349,344781.18552340113
965438,344781.18552340113
965466,344781.18552340113
965474,344781.18552340113
965499,344781.18552340113
965515,344781.18552340113
965560,344781.18552340113
965648,344781.18552340113
965688,344781.18552340113
965717,344781.18552340113
965754,344781.18552340113
965792,344781.18552340113
965794,344781.18552340113
965821,344781.18552340113
965856,344781.18552340113
965860,344781.18552340113
965954,344781.18552340113
965967,344781.18552340113
965968,344781.18552340113
965975,344781.18552340113
965981,344781.18552340113
965989,344781.18552340113
965993,344781.18552340113
966015,344781.18552340113
966059,344781.18552340113
966070,344781.18552340113
966074,344781.18552340113
966123,344781.18552340113
966139,344781.18552340113
966205,344781.18552340113
966220,344781.18552340113
966221,344781.18552340113
966238,344781.18552340113
966269,344781.18552340113
966276,344781.18552340113
966385,344781.18552340113
966397,344781.18552340113
966400,344781.18552340113
966406,344781.18552340113
966407,344781.18552340113
966413,344781.18552340113
966548,344781.18552340113
966549,344781.18552340113
966562,344781.18552340113
966579,344781.18552340113
966639,344781.18552340113
966650,344781.18552340113
966654,344781.18552340113
966664,344781.18552340113
966674,344781.18552340113
966692,344781.18552340113
966729,344781.18552340113
966732,344781.18552340113
966736,344781.18552340113
966737,344781.18552340113
966740,344781.18552340113
966773,344781.18552340113
966776,344781.18552340113
966777,344781.18552340113
966785,344781.18552340113
966863,344781.18552340113
966867,344781.18552340113
966884,344781.18552340113
967014,344781.18552340113
967027,344781.18552340113
967032,344781.18552340113
967048,344781.18552340113
967051,344781.18552340113
967073,344781.18552340113
967078,344781.18552340113
967082,344781.18552340113
967103,344781.18552340113
967105,344781.18552340113
967112,344781.18552340113
967117,344781.18552340113
967166,344781.18552340113
967193,344781.18552340113
967213,344781.18552340113
967243,344781.18552340113
967255,344781.18552340113
967256,344781.18552340113
967274,344781.18552340113
967362,344781.18552340113
967411,344781.18552340113
967424,344781.18552340113
967430,344781.18552340113
967440,344781.18552340113
967447,344781.18552340113
967477,344781.18552340113
967478,344781.18552340113
967479,344781.18552340113
967480,344781.18552340113
967481,344781.18552340113
967482,344781.18552340113
967517,344781.18552340113
967546,344781.18552340113
967589,344781.18552340113
967639,344781.18552340113
967656,344781.18552340113
967666,344781.18552340113
967726,344781.18552340113
967727,344781.18552340113
967768,344781.18552340113
967803,344781.18552340113
967816,344781.18552340113
967891,344781.18552340113
967966,344781.18552340113
967985,344781.18552340113
967996,344781.18552340113
968019,344781.18552340113
968035,344781.18552340113
968063,344781.18552340113
968149,344781.18552340113
968159,344781.18552340113
968186,344781.18552340113
968187,344781.18552340113
968188,344781.18552340113
968215,344781.18552340113
968217,344781.18552340113
968228,344781.18552340113
968232,344781.18552340113
968238,344781.18552340113
968240,344781.18552340113
968277,344781.18552340113
968292,344781.18552340113
968333,344781.18552340113
968353,344781.18552340113
968365,344781.18552340113
968442,344781.18552340113
968487,344781.18552340113
968527,344781.18552340113
968535,344781.18552340113
968598,344781.18552340113
968605,344781.18552340113
968628,344781.18552340113
968631,344781.18552340113
968633,344781.18552340113
968723,344781.18552340113
968786,344781.18552340113
968788,344781.18552340113
968812,344781.18552340113
968839,344781.18552340113
968898,344781.18552340113
968899,344781.18552340113
968907,344781.18552340113
968908,344781.18552340113
968942,344781.18552340113
968974,344781.18552340113
968981,344781.18552340113
968986,344781.18552340113
968991,344781.18552340113
969006,344781.18552340113
969040,344781.18552340113
969050,344781.18552340113
969082,344781.18552340113
969083,344781.18552340113
969126,344781.18552340113
969168,344781.18552340113
969211,344781.18552340113
969215,344781.18552340113
969216,344781.18552340113
969312,344781.18552340113
969313,344781.18552340113
969332,344781.18552340113
969338,344781.18552340113
969382,344781.18552340113
969384,344781.18552340113
969386,344781.18552340113
969420,344781.18552340113
969432,344781.18552340113
969434,344781.18552340113
969465,344781.18552340113
969484,344781.18552340113
969486,344781.18552340113
969510,344781.18552340113
969529,344781.18552340113
969551,344781.18552340113
969572,344781.18552340113
969592,344781.18552340113
969597,344781.18552340113
969753,344781.18552340113
969763,344781.18552340113
969791,344781.18552340113
969793,344781.18552340113
969821,344781.18552340113
969838,344781.18552340113
969862,344781.18552340113
969873,344781.18552340113
969882,344781.18552340113
969889,344781.18552340113
969891,344781.18552340113
969926,344781.18552340113
969928,344781.18552340113
969929,344781.18552340113
969933,344781.18552340113
969954,344781.18552340113
970078,344781.18552340113
970079,344781.18552340113
970210,344781.18552340113
970216,344781.18552340113
970312,344781.18552340113
970329,344781.18552340113
970398,344781.18552340113
970400,344781.18552340113
970401,344781.18552340113
970404,344781.18552340113
970405,344781.18552340113
970412,344781.18552340113
970427,344781.18552340113
970442,344781.18552340113
970459,344781.18552340113
970491,344781.18552340113
970585,344781.18552340113
970587,344781.18552340113
970654,344781.18552340113
970657,344781.18552340113
970705,344781.18552340113
970711,344781.18552340113
970714,344781.18552340113
970728,344781.18552340113
970764,344781.18552340113
970771,344781.18552340113
970786,344781.18552340113
970817,344781.18552340113
970868,344781.18552340113
970888,344781.18552340113
970947,344781.18552340113
970961,344781.18552340113
970980,344781.18552340113
970988,344781.18552340113
971011,344781.18552340113
971020,344781.18552340113
971029,344781.18552340113
971033,344781.18552340113
971083,344781.18552340113
971088,344781.18552340113
971102,344781.18552340113
971111,344781.18552340113
971160,344781.18552340113
971222,344781.18552340113
971235,344781.18552340113
971238,344781.18552340113
971248,344781.18552340113
971264,344781.18552340113
971332,344781.18552340113
971401,344781.18552340113
971433,344781.18552340113
971445,344781.18552340113
971483,344781.18552340113
971505,344781.18552340113
971510,344781.18552340113
971557,344781.18552340113
971558,344781.18552340113
971561,344781.18552340113
971563,344781.18552340113
971591,344781.18552340113
971615,344781.18552340113
971627,344781.18552340113
971633,344781.18552340113
971661,344781.18552340113
971666,344781.18552340113
971673,344781.18552340113
971685,344781.18552340113
971688,344781.18552340113
971731,344781.18552340113
971733,344781.18552340113
971748,344781.18552340113
971779,344781.18552340113
971780,344781.18552340113
971794,344781.18552340113
971800,344781.18552340113
971828,344781.18552340113
971852,344781.18552340113
971853,344781.18552340113
971869,344781.18552340113
971893,344781.18552340113
971896,344781.18552340113
971941,344781.18552340113
971953,344781.18552340113
971973,344781.18552340113
971981,344781.18552340113
972061,344781.18552340113
972062,344781.18552340113
972118,344781.18552340113
972189,344781.18552340113
972259,344781.18552340113
972279,344781.18552340113
972291,344781.18552340113
972303,344781.18552340113
972341,344781.18552340113
972396,344781.18552340113
972409,344781.18552340113
972423,344781.18552340113
972428,344781.18552340113
972438,344781.18552340113
972457,344781.18552340113
972463,344781.18552340113
972466,344781.18552340113
972471,344781.18552340113
972475,344781.18552340113
972507,344781.18552340113
972521,344781.18552340113
972525,344781.18552340113
972565,344781.18552340113
972580,344781.18552340113
972715,344781.18552340113
972769,344781.18552340113
972838,344781.18552340113
972842,344781.18552340113
972867,344781.18552340113
972923,344781.18552340113
973030,344781.18552340113
973244,344781.18552340113
973273,344781.18552340113
973296,344781.18552340113
973300,344781.18552340113
973304,344781.18552340113
973322,344781.18552340113
973360,344781.18552340113
973361,344781.18552340113
973392,344781.18552340113
973393,344781.18552340113
973399,344781.18552340113
973409,344781.18552340113
973625,344781.18552340113
973626,344781.18552340113
973674,344781.18552340113
973790,344781.18552340113
973799,344781.18552340113
973800,344781.18552340113
973808,344781.18552340113
973816,344781.18552340113
973848,344781.18552340113
973849,344781.18552340113
973850,344781.18552340113
973852,344781.18552340113
973913,344781.18552340113
973914,344781.18552340113
973919,344781.18552340113
973923,344781.18552340113
973931,344781.18552340113
973933,344781.18552340113
973936,344781.18552340113
973937,344781.18552340113
973938,344781.18552340113
973939,344781.18552340113
973974,344781.18552340113
973997,344781.18552340113
973998,344781.18552340113
974004,344781.18552340113
974009,344781.18552340113
974010,344781.18552340113
974011,344781.18552340113
974029,344781.18552340113
974044,344781.18552340113
974062,344781.18552340113
974122,344781.18552340113
974123,344781.18552340113
974125,344781.18552340113
974128,344781.18552340113
974129,344781.18552340113
974130,344781.18552340113
974132,344781.18552340113
974138,344781.18552340113
974182,344781.18552340113
974209,344781.18552340113
974288,344781.18552340113
974291,344781.18552340113
974321,344781.18552340113
974325,344781.18552340113
974329,344781.18552340113
974335,344781.18552340113
974337,344781.18552340113
974363,344781.18552340113
974365,344781.18552340113
974370,344781.18552340113
974406,344781.18552340113
974407,344781.18552340113
974432,344781.18552340113
974460,344781.18552340113
974472,344781.18552340113
974498,344781.18552340113
974527,344781.18552340113
974566,344781.18552340113
974570,344781.18552340113
974571,344781.18552340113
974605,344781.18552340113
974625,344781.18552340113
974627,344781.18552340113
974737,344781.18552340113
974748,344781.18552340113
974756,344781.18552340113
974802,344781.18552340113
974803,344781.18552340113
974848,344781.18552340113
974863,344781.18552340113
974957,344781.18552340113
974995,344781.18552340113
975004,344781.18552340113
975034,344781.18552340113
975045,344781.18552340113
975064,344781.18552340113
975094,344781.18552340113
975113,344781.18552340113
975121,344781.18552340113
975142,344781.18552340113
975189,344781.18552340113
975204,344781.18552340113
975684,344781.18552340113
975738,344781.18552340113
975893,344781.18552340113
975960,344781.18552340113
975965,344781.18552340113
975971,344781.18552340113
975973,344781.18552340113
976102,344781.18552340113
976136,344781.18552340113
976176,344781.18552340113
976194,344781.18552340113
976223,344781.18552340113
976790,344781.18552340113
976796,344781.18552340113
976831,344781.18552340113
976844,344781.18552340113
976846,344781.18552340113
976869,344781.18552340113
976876,344781.18552340113
976942,344781.18552340113
976948,344781.18552340113
977106,344781.18552340113
977126,344781.18552340113
977160,344781.18552340113
977222,344781.18552340113
977224,344781.18552340113
977232,344781.18552340113
977312,344781.18552340113
977316,344781.18552340113
977321,344781.18552340113
977324,344781.18552340113
977326,344781.18552340113
977344,344781.18552340113
977374,344781.18552340113
977376,344781.18552340113
977377,344781.18552340113
977379,344781.18552340113
977412,344781.18552340113
977458,344781.18552340113
977460,344781.18552340113
977464,344781.18552340113
977488,344781.18552340113
977506,344781.18552340113
977613,344781.18552340113
977650,344781.18552340113
977652,344781.18552340113
977653,344781.18552340113
977658,344781.18552340113
977661,344781.18552340113
977687,344781.18552340113
977726,344781.18552340113
977754,344781.18552340113
977778,344781.18552340113
977783,344781.18552340113
977790,344781.18552340113
977815,344781.18552340113
977816,344781.18552340113
977850,344781.18552340113
977854,344781.18552340113
977860,344781.18552340113
977892,344781.18552340113
977893,344781.18552340113
977908,344781.18552340113
977923,344781.18552340113
977960,344781.18552340113
977971,344781.18552340113
978147,344781.18552340113
978197,344781.18552340113
978202,344781.18552340113
978203,344781.18552340113
978279,344781.18552340113
978321,344781.18552340113
978322,344781.18552340113
978325,344781.18552340113
978329,344781.18552340113
978331,344781.18552340113
978334,344781.18552340113
978348,344781.18552340113
978375,344781.18552340113
978425,344781.18552340113
978427,344781.18552340113
978429,344781.18552340113
978432,344781.18552340113
978444,344781.18552340113
978449,344781.18552340113
978673,344781.18552340113
978695,344781.18552340113
978730,344781.18552340113
978731,344781.18552340113
978753,344781.18552340113
978765,344781.18552340113
978789,344781.18552340113
978795,344781.18552340113
978858,344781.18552340113
978906,344781.18552340113
978909,344781.18552340113
978910,344781.18552340113
978912,344781.18552340113
978935,344781.18552340113
978958,344781.18552340113
978959,344781.18552340113
978999,344781.18552340113
979014,344781.18552340113
979050,344781.18552340113
979051,344781.18552340113
979084,344781.18552340113
979101,344781.18552340113
979108,344781.18552340113
979121,344781.18552340113
979131,344781.18552340113
979175,344781.18552340113
979191,344781.18552340113
979243,344781.18552340113
979248,344781.18552340113
979249,344781.18552340113
979256,344781.18552340113
979279,344781.18552340113
979282,344781.18552340113
979283,344781.18552340113
979319,344781.18552340113
979358,344781.18552340113
979369,344781.18552340113
979393,344781.18552340113
979403,344781.18552340113
979443,344781.18552340113
979445,344781.18552340113
979447,344781.18552340113
979449,344781.18552340113
979453,344781.18552340113
979457,344781.18552340113
979458,344781.18552340113
979468,344781.18552340113
979551,344781.18552340113
979584,344781.18552340113
979587,344781.18552340113
979595,344781.18552340113
979642,344781.18552340113
979659,344781.18552340113
979665,344781.18552340113
979679,344781.18552340113
979743,344781.18552340113
979750,344781.18552340113
979751,344781.18552340113
979812,344781.18552340113
979832,344781.18552340113
979837,344781.18552340113
979853,344781.18552340113
979854,344781.18552340113
979931,344781.18552340113
980083,344781.18552340113
980197,344781.18552340113
980233,344781.18552340113
980239,344781.18552340113
980240,344781.18552340113
980273,344781.18552340113
980329,344781.18552340113
980330,344781.18552340113
980349,344781.18552340113
980411,344781.18552340113
980460,344781.18552340113
980526,344781.18552340113
980552,344781.18552340113
980564,344781.18552340113
980566,344781.18552340113
980601,344781.18552340113
980692,344781.18552340113
980751,344781.18552340113
980849,344781.18552340113
980863,344781.18552340113
980864,344781.18552340113
980867,344781.18552340113
980942,344781.18552340113
980981,344781.18552340113
981136,344781.18552340113
981167,344781.18552340113
981169,344781.18552340113
981268,344781.18552340113
981269,344781.18552340113
981270,344781.18552340113
981332,344781.18552340113
981380,344781.18552340113
981464,344781.18552340113
981671,344781.18552340113
981683,344781.18552340113
981684,344781.18552340113
981685,344781.18552340113
981689,344781.18552340113
981696,344781.18552340113
981697,344781.18552340113
981698,344781.18552340113
981699,344781.18552340113
981714,344781.18552340113
981742,344781.18552340113
981894,344781.18552340113
981947,344781.18552340113
982012,344781.18552340113
982055,344781.18552340113
982274,344781.18552340113
982285,344781.18552340113
983029,344781.18552340113
983030,344781.18552340113
983126,344781.18552340113
983170,344781.18552340113
983293,344781.18552340113
983294,344781.18552340113
983298,344781.18552340113
983374,344781.18552340113
983378,344781.18552340113
983651,344781.18552340113
983752,344781.18552340113
984096,344781.18552340113
984122,344781.18552340113
984320,344781.18552340113
984322,344781.18552340113
984733,344781.18552340113
984734,344781.18552340113
984768,344781.18552340113
984892,344781.18552340113
985039,344781.18552340113
985041,344781.18552340113
985042,344781.18552340113
985043,344781.18552340113
985119,344781.18552340113
985151,344781.18552340113
985154,344781.18552340113
985156,344781.18552340113
985159,344781.18552340113
985161,344781.18552340113
985165,344781.18552340113
985166,344781.18552340113
985167,344781.18552340113
985313,344781.18552340113
985320,344781.18552340113
985337,344781.18552340113
985364,344781.18552340113
985407,344781.18552340113
985520,344781.18552340113
985545,344781.18552340113
985670,344781.18552340113
985683,344781.18552340113
985684,344781.18552340113
985767,344781.18552340113
985811,344781.18552340113
985813,344781.18552340113
985814,344781.18552340113
985815,344781.18552340113
985818,344781.18552340113
985840,344781.18552340113
985841,344781.18552340113
985981,344781.18552340113
986056,344781.18552340113
986103,344781.18552340113
986115,344781.18552340113
986139,344781.18552340113
986207,344781.18552340113
986208,344781.18552340113
986212,344781.18552340113
986213,344781.18552340113
986214,344781.18552340113
986274,344781.18552340113
986275,344781.18552340113
986390,344781.18552340113
986417,344781.18552340113
986512,344781.18552340113
986616,344781.18552340113
986618,344781.18552340113
987237,344781.18552340113
987240,344781.18552340113
987247,344781.18552340113
987346,344781.18552340113
987563,344781.18552340113
987614,344781.18552340113
987631,344781.18552340113
987671,344781.18552340113
987844,344781.18552340113
987916,344781.18552340113
987959,344781.18552340113
988030,344781.18552340113
988085,344781.18552340113
988120,344781.18552340113
988128,344781.18552340113
988131,344781.18552340113
988330,344781.18552340113
988404,344781.18552340113
988522,344781.18552340113
988664,344781.18552340113
988763,344781.18552340113
988798,344781.18552340113
988844,344781.18552340113
988874,344781.18552340113
988876,344781.18552340113
988929,344781.18552340113
988942,344781.18552340113
988993,344781.18552340113
989061,344781.18552340113
989298,344781.18552340113
989301,344781.18552340113
989302,344781.18552340113
989305,344781.18552340113
989372,344781.18552340113
989373,344781.18552340113
989378,344781.18552340113
989379,344781.18552340113
989380,344781.18552340113
989419,344781.18552340113
989524,344781.18552340113
989588,344781.18552340113
989589,344781.18552340113
989592,344781.18552340113
989593,344781.18552340113
989666,344781.18552340113
989733,344781.18552340113
989814,344781.18552340113
989873,344781.18552340113
989876,344781.18552340113
989903,344781.18552340113
989933,344781.18552340113
989942,344781.18552340113
989988,344781.18552340113
989990,344781.18552340113
989996,344781.18552340113
990011,344781.18552340113
990133,344781.18552340113
990149,344781.18552340113
990150,344781.18552340113
990151,344781.18552340113
990152,344781.18552340113
990166,344781.18552340113
990272,344781.18552340113
990286,344781.18552340113
990330,344781.18552340113
991069,344781.18552340113
991073,344781.18552340113
991157,344781.18552340113
991199,344781.18552340113
991266,344781.18552340113
991272,344781.18552340113
991278,344781.18552340113
991349,344781.18552340113
991352,344781.18552340113
991425,344781.18552340113
991464,344781.18552340113
991467,344781.18552340113
991468,344781.18552340113
991469,344781.18552340113
991475,344781.18552340113
991477,344781.18552340113
991480,344781.18552340113
991487,344781.18552340113
991490,344781.18552340113
991616,344781.18552340113
991701,344781.18552340113
991703,344781.18552340113
991720,344781.18552340113
991738,344781.18552340113
991812,344781.18552340113
991825,344781.18552340113
991826,344781.18552340113
991832,344781.18552340113
991836,344781.18552340113
991895,344781.18552340113
991908,344781.18552340113
991913,344781.18552340113
991940,344781.18552340113
992565,344781.18552340113
992574,344781.18552340113
992717,344781.18552340113
992721,344781.18552340113
992722,344781.18552340113
992724,344781.18552340113
992726,344781.18552340113
992727,344781.18552340113
992728,344781.18552340113
992745,344781.18552340113
992746,344781.18552340113
992775,344781.18552340113
992783,344781.18552340113
992832,344781.18552340113
992874,344781.18552340113
992899,344781.18552340113
992904,344781.18552340113
992948,344781.18552340113
992977,344781.18552340113
992988,344781.18552340113
993216,344781.18552340113
993459,344781.18552340113
993468,344781.18552340113
993509,344781.18552340113
993527,344781.18552340113
994032,344781.18552340113
994088,344781.18552340113
994215,344781.18552340113
994299,344781.18552340113
994506,344781.18552340113
994507,344781.18552340113
994530,344781.18552340113
994764,344781.18552340113
994812,344781.18552340113
994814,344781.18552340113
994834,344781.18552340113
994906,344781.18552340113
994936,344781.18552340113
994956,344781.18552340113
994960,344781.18552340113
994983,344781.18552340113
994991,344781.18552340113
994995,344781.18552340113
995000,344781.18552340113
995001,344781.18552340113
995007,344781.18552340113
995008,344781.18552340113
995021,344781.18552340113
995031,344781.18552340113
995035,344781.18552340113
995036,344781.18552340113
995042,344781.18552340113
995044,344781.18552340113
995055,344781.18552340113
995057,344781.18552340113
995076,344781.18552340113
995118,344781.18552340113
995133,344781.18552340113
995142,344781.18552340113
995260,344781.18552340113
995313,344781.18552340113
995352,344781.18552340113
995366,344781.18552340113
995437,344781.18552340113
995479,344781.18552340113
995619,344781.18552340113
995646,344781.18552340113
995669,344781.18552340113
995780,344781.18552340113
995874,344781.18552340113
995916,344781.18552340113
995946,344781.18552340113
995947,344781.18552340113
995948,344781.18552340113
996053,344781.18552340113
996103,344781.18552340113
996178,344781.18552340113
996180,344781.18552340113
996184,344781.18552340113
996364,344781.18552340113
996473,344781.18552340113
996581,344781.18552340113
996796,344781.18552340113
996804,344781.18552340113
997041,344781.18552340113
997166,344781.18552340113
997167,344781.18552340113
997168,344781.18552340113
997186,344781.18552340113
997196,344781.18552340113
997244,344781.18552340113
997245,344781.18552340113
997392,344781.18552340113
997403,344781.18552340113
997443,344781.18552340113
997541,344781.18552340113
997542,344781.18552340113
997691,344781.18552340113
997755,344781.18552340113
997773,344781.18552340113
997774,344781.18552340113
997795,344781.18552340113
997808,344781.18552340113
997935,344781.18552340113
998092,344781.18552340113
998095,344781.18552340113
998098,344781.18552340113
998275,344781.18552340113
998276,344781.18552340113
998376,344781.18552340113
998498,344781.18552340113
998564,344781.18552340113
998567,344781.18552340113
998574,344781.18552340113
998575,344781.18552340113
998577,344781.18552340113
998615,344781.18552340113
998616,344781.18552340113
998620,344781.18552340113
998621,344781.18552340113
998622,344781.18552340113
998624,344781.18552340113
998645,344781.18552340113
998646,344781.18552340113
998649,344781.18552340113
998650,344781.18552340113
998651,344781.18552340113
998862,344781.18552340113
998925,344781.18552340113
999025,344781.18552340113
999050,344781.18552340113
999543,344781.18552340113
999625,344781.18552340113
999712,344781.18552340113
999754,344781.18552340113
999960,344781.18552340113
1000541,344781.18552340113
1000644,344781.18552340113
1000692,344781.18552340113
1000727,344781.18552340113
1001116,344781.18552340113
1001294,344781.18552340113
1001409,344781.18552340113
1001421,344781.18552340113
1001616,344781.18552340113
1001945,344781.18552340113
1001991,344781.18552340113
1002183,344781.18552340113
1002319,344781.18552340113
1002326,344781.18552340113
1002411,344781.18552340113
1002412,344781.18552340113
1002571,344781.18552340113
1002606,344781.18552340113
1002607,344781.18552340113
1002626,344781.18552340113
1002643,344781.18552340113
1002658,344781.18552340113
1002678,344781.18552340113
1002694,344781.18552340113
1002727,344781.18552340113
1002742,344781.18552340113
1002822,344781.18552340113
1002827,344781.18552340113
1002861,344781.18552340113
1002863,344781.18552340113
1002864,344781.18552340113
1002865,344781.18552340113
1003030,344781.18552340113
1003043,344781.18552340113
1003047,344781.18552340113
1003089,344781.18552340113
1003171,344781.18552340113
1003257,344781.18552340113
1003435,344781.18552340113
1003611,344781.18552340113
1003612,344781.18552340113
1003619,344781.18552340113
1003639,344781.18552340113
1003692,344781.18552340113
1003816,344781.18552340113
1003817,344781.18552340113
1003836,344781.18552340113
1003840,344781.18552340113
1003859,344781.18552340113
1003902,344781.18552340113
1003907,344781.18552340113
1003940,344781.18552340113
1003956,344781.18552340113
1003974,344781.18552340113
1003976,344781.18552340113
1003980,344781.18552340113
1003985,344781.18552340113
1003988,344781.18552340113
1004037,344781.18552340113
1004051,344781.18552340113
1004069,344781.18552340113
1004074,344781.18552340113
1004075,344781.18552340113
1004084,344781.18552340113
1004189,344781.18552340113
1004217,344781.18552340113
1004262,344781.18552340113
1004284,344781.18552340113
1004331,344781.18552340113
1004336,344781.18552340113
1004413,344781.18552340113
1004421,344781.18552340113
1004490,344781.18552340113
1004566,344781.18552340113
1004579,344781.18552340113
1004675,344781.18552340113
1004832,344781.18552340113
1004935,344781.18552340113
1005039,344781.18552340113
1005060,344781.18552340113
1005124,344781.18552340113
1005127,344781.18552340113
1005128,344781.18552340113
1005129,344781.18552340113
1005130,344781.18552340113
1005132,344781.18552340113
1005134,344781.18552340113
1005138,344781.18552340113
1005236,344781.18552340113
1005238,344781.18552340113
1005262,344781.18552340113
1005413,344781.18552340113
1005464,344781.18552340113
1005466,344781.18552340113
1005467,344781.18552340113
1005547,344781.18552340113
1005674,344781.18552340113
1005675,344781.18552340113
1005710,344781.18552340113
1005732,344781.18552340113
1005936,344781.18552340113
1005980,344781.18552340113
1005986,344781.18552340113
1005987,344781.18552340113
1006073,344781.18552340113
1006141,344781.18552340113
1006421,344781.18552340113
1006494,344781.18552340113
1006532,344781.18552340113
1006557,344781.18552340113
1006674,344781.18552340113
1006675,344781.18552340113
1006761,344781.18552340113
1006797,344781.18552340113
1006798,344781.18552340113
1006876,344781.18552340113
1006880,344781.18552340113
1006988,344781.18552340113
1007061,344781.18552340113
1007082,344781.18552340113
1007101,344781.18552340113
1007108,344781.18552340113
1007109,344781.18552340113
1007172,344781.18552340113
1007233,344781.18552340113
1007235,344781.18552340113
1007239,344781.18552340113
1007271,344781.18552340113
1007352,344781.18552340113
1007401,344781.18552340113
1007430,344781.18552340113
1007571,344781.18552340113
1007600,344781.18552340113
1007789,344781.18552340113
1007797,344781.18552340113
1007830,344781.18552340113
1007849,344781.18552340113
1007856,344781.18552340113
1007857,344781.18552340113
1007917,344781.18552340113
1007967,344781.18552340113
1007994,344781.18552340113
1008148,344781.18552340113
1008157,344781.18552340113
1008169,344781.18552340113
1008170,344781.18552340113
1008173,344781.18552340113
1008307,344781.18552340113
1008308,344781.18552340113
1008352,344781.18552340113
1008357,344781.18552340113
1008358,344781.18552340113
1008361,344781.18552340113
1008386,344781.18552340113
1008418,344781.18552340113
1008428,344781.18552340113
1008433,344781.18552340113
1008501,344781.18552340113
1008510,344781.18552340113
1008550,344781.18552340113
1008563,344781.18552340113
1008564,344781.18552340113
1008595,344781.18552340113
1008641,344781.18552340113
1008677,344781.18552340113
1008707,344781.18552340113
1008732,344781.18552340113
1008734,344781.18552340113
1008741,344781.18552340113
1008744,344781.18552340113
1008749,344781.18552340113
1008759,344781.18552340113
1008760,344781.18552340113
1008803,344781.18552340113
1008804,344781.18552340113
1008805,344781.18552340113
1008829,344781.18552340113
1008833,344781.18552340113
1008838,344781.18552340113
1008855,344781.18552340113
1008862,344781.18552340113
1008878,344781.18552340113
1008892,344781.18552340113
1008914,344781.18552340113
1008927,344781.18552340113
1008932,344781.18552340113
1009016,344781.18552340113
1009077,344781.18552340113
1009084,344781.18552340113
1009088,344781.18552340113
1009218,344781.18552340113
1009229,344781.18552340113
1009308,344781.18552340113
1009310,344781.18552340113
1009337,344781.18552340113
1009366,344781.18552340113
1009424,344781.18552340113
1009487,344781.18552340113
1009509,344781.18552340113
1009510,344781.18552340113
1009517,344781.18552340113
1009520,344781.18552340113
1009528,344781.18552340113
1009530,344781.18552340113
1009531,344781.18552340113
1009532,344781.18552340113
1009533,344781.18552340113
1009534,344781.18552340113
1009535,344781.18552340113
1009590,344781.18552340113
1009596,344781.18552340113
1009672,344781.18552340113
1009736,344781.18552340113
1009859,344781.18552340113
1009864,344781.18552340113
1009866,344781.18552340113
1009891,344781.18552340113
1009942,344781.18552340113
1009948,344781.18552340113
1009965,344781.18552340113
1009970,344781.18552340113
1010054,344781.18552340113
1010066,344781.18552340113
1010068,344781.18552340113
1010069,344781.18552340113
1010104,344781.18552340113
1010110,344781.18552340113
1010185,344781.18552340113
1010186,344781.18552340113
1010276,344781.18552340113
1010411,344781.18552340113
1010542,344781.18552340113
1010544,344781.18552340113
1010584,344781.18552340113
1010592,344781.18552340113
1010667,344781.18552340113
1010678,344781.18552340113
1010679,344781.18552340113
1010680,344781.18552340113
1010686,344781.18552340113
1010704,344781.18552340113
1010740,344781.18552340113
1010833,344781.18552340113
1010913,344781.18552340113
1010950,344781.18552340113
1010951,344781.18552340113
1010980,344781.18552340113
1010999,344781.18552340113
1011028,344781.18552340113
1011032,344781.18552340113
1011122,344781.18552340113
1011132,344781.18552340113
1011134,344781.18552340113
1011135,344781.18552340113
1011148,344781.18552340113
1011150,344781.18552340113
1011203,344781.18552340113
1011204,344781.18552340113
1011275,344781.18552340113
1011335,344781.18552340113
1011414,344781.18552340113
1011429,344781.18552340113
1011430,344781.18552340113
1011489,344781.18552340113
1011573,344781.18552340113
1011574,344781.18552340113
1011701,344781.18552340113
1011778,344781.18552340113
1011854,344781.18552340113
1011914,344781.18552340113
1012038,344781.18552340113
1012128,344781.18552340113
1012273,344781.18552340113
1012311,344781.18552340113
1012320,344781.18552340113
1012331,344781.18552340113
1012332,344781.18552340113
1012339,344781.18552340113
1012507,344781.18552340113
1012542,344781.18552340113
1012574,344781.18552340113
1012587,344781.18552340113
1012712,344781.18552340113
1012714,344781.18552340113
1012716,344781.18552340113
1012752,344781.18552340113
1012830,344781.18552340113
1012898,344781.18552340113
1012945,344781.18552340113
1013031,344781.18552340113
1013155,344781.18552340113
1013161,344781.18552340113
1013177,344781.18552340113
1013187,344781.18552340113
1013234,344781.18552340113
1013244,344781.18552340113
1013288,344781.18552340113
1013290,344781.18552340113
1013352,344781.18552340113
1013443,344781.18552340113
1013494,344781.18552340113
1013507,344781.18552340113
1013544,344781.18552340113
1013547,344781.18552340113
1013630,344781.18552340113
1013704,344781.18552340113
1013740,344781.18552340113
1013742,344781.18552340113
1013743,344781.18552340113
1013786,344781.18552340113
1013962,344781.18552340113
1014083,344781.18552340113
1014108,344781.18552340113
1014164,344781.18552340113
1014237,344781.18552340113
1014240,344781.18552340113
1014368,344781.18552340113
1014476,344781.18552340113
1014483,344781.18552340113
1014498,344781.18552340113
1014551,344781.18552340113
1014571,344781.18552340113
1014624,344781.18552340113
1014635,344781.18552340113
1014637,344781.18552340113
1014638,344781.18552340113
1014641,344781.18552340113
1014665,344781.18552340113
1014669,344781.18552340113
1014738,344781.18552340113
1014928,344781.18552340113
1014999,344781.18552340113
1015031,344781.18552340113
1015103,344781.18552340113
1015125,344781.18552340113
1015134,344781.18552340113
1015243,344781.18552340113
1015347,344781.18552340113
1015350,344781.18552340113
1015360,344781.18552340113
1015361,344781.18552340113
1015366,344781.18552340113
1015403,344781.18552340113
1015482,344781.18552340113
1015484,344781.18552340113
1015485,344781.18552340113
1015486,344781.18552340113
1015502,344781.18552340113
1015524,344781.18552340113
1015534,344781.18552340113
1015540,344781.18552340113
1015557,344781.18552340113
1015579,344781.18552340113
1015597,344781.18552340113
1015681,344781.18552340113
1015697,344781.18552340113
1015714,344781.18552340113
1015804,344781.18552340113
1015824,344781.18552340113
1015843,344781.18552340113
1015872,344781.18552340113
1015908,344781.18552340113
1015909,344781.18552340113
1015911,344781.18552340113
1015919,344781.18552340113
1015920,344781.18552340113
1016040,344781.18552340113
1016042,344781.18552340113
1016098,344781.18552340113
1016117,344781.18552340113
1016413,344781.18552340113
1016734,344781.18552340113
1016888,344781.18552340113
1016927,344781.18552340113
1017116,344781.18552340113
1017118,344781.18552340113
1017166,344781.18552340113
1017176,344781.18552340113
1017264,344781.18552340113
1017383,344781.18552340113
1017418,344781.18552340113
1017424,344781.18552340113
1017427,344781.18552340113
1017428,344781.18552340113
1017503,344781.18552340113
1017563,344781.18552340113
1017579,344781.18552340113
1017600,344781.18552340113
1017626,344781.18552340113
1017637,344781.18552340113
1017693,344781.18552340113
1017750,344781.18552340113
1017763,344781.18552340113
1017782,344781.18552340113
1017792,344781.18552340113
1017846,344781.18552340113
1017992,344781.18552340113
1017998,344781.18552340113
1018079,344781.18552340113
1018135,344781.18552340113
1018136,344781.18552340113
1018166,344781.18552340113
1018229,344781.18552340113
1018248,344781.18552340113
1018257,344781.18552340113
1018417,344781.18552340113
1018421,344781.18552340113
1018428,344781.18552340113
1018486,344781.18552340113
1018523,344781.18552340113
1018598,344781.18552340113
1018621,344781.18552340113
1018671,344781.18552340113
1018822,344781.18552340113
1018943,344781.18552340113
1019039,344781.18552340113
1019057,344781.18552340113
1019062,344781.18552340113
1019149,344781.18552340113
1019151,344781.18552340113
1019206,344781.18552340113
1019298,344781.18552340113
1019309,344781.18552340113
1019343,344781.18552340113
1019366,344781.18552340113
1019367,344781.18552340113
1019432,344781.18552340113
1019561,344781.18552340113
1019575,344781.18552340113
1019659,344781.18552340113
1019668,344781.18552340113
1019672,344781.18552340113
1019681,344781.18552340113
1019683,344781.18552340113
1019686,344781.18552340113
1019696,344781.18552340113
1019720,344781.18552340113
1019763,344781.18552340113
1019835,344781.18552340113
1019872,344781.18552340113
1019903,344781.18552340113
1019908,344781.18552340113
1019958,344781.18552340113
1020047,344781.18552340113
1020124,344781.18552340113
1020278,344781.18552340113
1020508,344781.18552340113
1020554,344781.18552340113
1020672,344781.18552340113
1020673,344781.18552340113
1020745,344781.18552340113
1020844,344781.18552340113
1021039,344781.18552340113
1021263,344781.18552340113
1021316,344781.18552340113
1021412,344781.18552340113
1021444,344781.18552340113
1021447,344781.18552340113
1021453,344781.18552340113
1021485,344781.18552340113
1021500,344781.18552340113
1021509,344781.18552340113
1021520,344781.18552340113
1021560,344781.18552340113
1021605,344781.18552340113
1021606,344781.18552340113
1021607,344781.18552340113
1021749,344781.18552340113
1021765,344781.18552340113
1021768,344781.18552340113
1021770,344781.18552340113
1021833,344781.18552340113
1021834,344781.18552340113
1021855,344781.18552340113
1021973,344781.18552340113
1022085,344781.18552340113
1022163,344781.18552340113
1022166,344781.18552340113
1022273,344781.18552340113
1022312,344781.18552340113
1022388,344781.18552340113
1022399,344781.18552340113
1022582,344781.18552340113
1022587,344781.18552340113
1022588,344781.18552340113
1022596,344781.18552340113
1022614,344781.18552340113
1022695,344781.18552340113
1022704,344781.18552340113
1022715,344781.18552340113
1022716,344781.18552340113
1022717,344781.18552340113
1022718,344781.18552340113
1022719,344781.18552340113
1022721,344781.18552340113
1022750,344781.18552340113
1022753,344781.18552340113
1022755,344781.18552340113
1022756,344781.18552340113
1022760,344781.18552340113
1022781,344781.18552340113
1022782,344781.18552340113
1022787,344781.18552340113
1022790,344781.18552340113
1022794,344781.18552340113
1022795,344781.18552340113
1022796,344781.18552340113
1022798,344781.18552340113
1022800,344781.18552340113
1022801,344781.18552340113
1022802,344781.18552340113
1022844,344781.18552340113
1022848,344781.18552340113
1022960,344781.18552340113
1023168,344781.18552340113
1023169,344781.18552340113
1023172,344781.18552340113
1023173,344781.18552340113
1023209,344781.18552340113
1023230,344781.18552340113
1023304,344781.18552340113
1023340,344781.18552340113
1023351,344781.18552340113
1023393,344781.18552340113
1023450,344781.18552340113
1023458,344781.18552340113
1023465,344781.18552340113
1023468,344781.18552340113
1023501,344781.18552340113
1023505,344781.18552340113
1023508,344781.18552340113
1023511,344781.18552340113
1023512,344781.18552340113
1023513,344781.18552340113
1023514,344781.18552340113
1023518,344781.18552340113
1023520,344781.18552340113
1023521,344781.18552340113
1023552,344781.18552340113
1023559,344781.18552340113
1023590,344781.18552340113
1023664,344781.18552340113
1023676,344781.18552340113
1023677,344781.18552340113
1023744,344781.18552340113
1023764,344781.18552340113
1023774,344781.18552340113
1024012,344781.18552340113
1024071,344781.18552340113
1024126,344781.18552340113
1024133,344781.18552340113
1024324,344781.18552340113
1024371,344781.18552340113
1024444,344781.18552340113
1024449,344781.18552340113
1024456,344781.18552340113
1024463,344781.18552340113
1024474,344781.18552340113
1024477,344781.18552340113
1024508,344781.18552340113
1024529,344781.18552340113
1024536,344781.18552340113
1024590,344781.18552340113
1024625,344781.18552340113
1024628,344781.18552340113
1024636,344781.18552340113
1062270,344781.18552340113
1062278,344781.18552340113
1062287,344781.18552340113
1062389,344781.18552340113
1062404,344781.18552340113
1062442,344781.18552340113
1062482,344781.18552340113
1062512,344781.18552340113
1062516,344781.18552340113
1062537,344781.18552340113
1062557,344781.18552340113
1062572,344781.18552340113
1062643,344781.18552340113
1062645,344781.18552340113
1062676,344781.18552340113
1062691,344781.18552340113
1062714,344781.18552340113
1062737,344781.18552340113
1062839,344781.18552340113
1062840,344781.18552340113
1062844,344781.18552340113
1062946,344781.18552340113
1062972,344781.18552340113
1062991,344781.18552340113
1063009,344781.18552340113
1063010,344781.18552340113
1063011,344781.18552340113
1063045,344781.18552340113
1063050,344781.18552340113
1063051,344781.18552340113
1063070,344781.18552340113
1063106,344781.18552340113
1063130,344781.18552340113
1063217,344781.18552340113
1063317,344781.18552340113
1063480,344781.18552340113
1063535,344781.18552340113
1063601,344781.18552340113
1063668,344781.18552340113
1063704,344781.18552340113
1063829,344781.18552340113
1063862,344781.18552340113
1063906,344781.18552340113
1063923,344781.18552340113
1064029,344781.18552340113
1064042,344781.18552340113
1064047,344781.18552340113
1064050,344781.18552340113
1064059,344781.18552340113
1064061,344781.18552340113
1064082,344781.18552340113
1064093,344781.18552340113
1064155,344781.18552340113
1064165,344781.18552340113
1064170,344781.18552340113
1064189,344781.18552340113
1064253,344781.18552340113
1064260,344781.18552340113
1064263,344781.18552340113
1064289,344781.18552340113
1064327,344781.18552340113
1064340,344781.18552340113
1064342,344781.18552340113
1064347,344781.18552340113
1064358,344781.18552340113
1064389,344781.18552340113
1064391,344781.18552340113
1064393,344781.18552340113
1064415,344781.18552340113
1064420,344781.18552340113
1064421,344781.18552340113
1064424,344781.18552340113
1064425,344781.18552340113
1064433,344781.18552340113
1064438,344781.18552340113
1064469,344781.18552340113
1064535,344781.18552340113
1064536,344781.18552340113
1064538,344781.18552340113
1064539,344781.18552340113
1064552,344781.18552340113
1064556,344781.18552340113
1064605,344781.18552340113
1064632,344781.18552340113
1064660,344781.18552340113
1064707,344781.18552340113
1064708,344781.18552340113
1064709,344781.18552340113
1064715,344781.18552340113
1064718,344781.18552340113
1064724,344781.18552340113
1064774,344781.18552340113
1064782,344781.18552340113
1064786,344781.18552340113
1064791,344781.18552340113
1064836,344781.18552340113
1064856,344781.18552340113
1064863,344781.18552340113
1064870,344781.18552340113
1064872,344781.18552340113
1064873,344781.18552340113
1064904,344781.18552340113
1064906,344781.18552340113
1064997,344781.18552340113
1064998,344781.18552340113
1065033,344781.18552340113
1065055,344781.18552340113
1065146,344781.18552340113
1065162,344781.18552340113
1065164,344781.18552340113
1065198,344781.18552340113
1065199,344781.18552340113
1065201,344781.18552340113
1065202,344781.18552340113
1065203,344781.18552340113
1065246,344781.18552340113
1065262,344781.18552340113
1065274,344781.18552340113
1065275,344781.18552340113
1065297,344781.18552340113
1065304,344781.18552340113
1065320,344781.18552340113
1065322,344781.18552340113
1065328,344781.18552340113
1065359,344781.18552340113
1065372,344781.18552340113
1065374,344781.18552340113
1065377,344781.18552340113
1065396,344781.18552340113
1065406,344781.18552340113
1065413,344781.18552340113
1065448,344781.18552340113
1065477,344781.18552340113
1065483,344781.18552340113
1065488,344781.18552340113
1065529,344781.18552340113
1065572,344781.18552340113
1065607,344781.18552340113
1065613,344781.18552340113
1065615,344781.18552340113
1065617,344781.18552340113
1065619,344781.18552340113
1065621,344781.18552340113
1065641,344781.18552340113
1065658,344781.18552340113
1065662,344781.18552340113
1065702,344781.18552340113
1065761,344781.18552340113
1065771,344781.18552340113
1065835,344781.18552340113
1065838,344781.18552340113
1065848,344781.18552340113
1065852,344781.18552340113
1065855,344781.18552340113
1065857,344781.18552340113
1065859,344781.18552340113
1065883,344781.18552340113
1065901,344781.18552340113
1065927,344781.18552340113
1065939,344781.18552340113
1065940,344781.18552340113
1065970,344781.18552340113
1065973,344781.18552340113
1066009,344781.18552340113
1066029,344781.18552340113
1066035,344781.18552340113
1066052,344781.18552340113
1066060,344781.18552340113
1066082,344781.18552340113
1066109,344781.18552340113
1066119,344781.18552340113
1066134,344781.18552340113
1066159,344781.18552340113
1066160,344781.18552340113
1066161,344781.18552340113
1066162,344781.18552340113
1066163,344781.18552340113
1066170,344781.18552340113
1066171,344781.18552340113
1066172,344781.18552340113
1066174,344781.18552340113
1066191,344781.18552340113
1066194,344781.18552340113
1066245,344781.18552340113
1066361,344781.18552340113
1066365,344781.18552340113
1066375,344781.18552340113
1066378,344781.18552340113
1066379,344781.18552340113
1066409,344781.18552340113
1066413,344781.18552340113
1066448,344781.18552340113
1066476,344781.18552340113
1066524,344781.18552340113
1066548,344781.18552340113
1066602,344781.18552340113
1066603,344781.18552340113
1066605,344781.18552340113
1066643,344781.18552340113
1066644,344781.18552340113
1066664,344781.18552340113
1066730,344781.18552340113
1066734,344781.18552340113
1066736,344781.18552340113
1066759,344781.18552340113
1066761,344781.18552340113
1066772,344781.18552340113
1066792,344781.18552340113
1066795,344781.18552340113
1066832,344781.18552340113
1066845,344781.18552340113
1066847,344781.18552340113
1066938,344781.18552340113
1066944,344781.18552340113
1066988,344781.18552340113
1066996,344781.18552340113
1067005,344781.18552340113
1067009,344781.18552340113
1067011,344781.18552340113
1067037,344781.18552340113
1067063,344781.18552340113
1067064,344781.18552340113
1067088,344781.18552340113
1067115,344781.18552340113
1067119,344781.18552340113
1067291,344781.18552340113
1067363,344781.18552340113
1067374,344781.18552340113
1067395,344781.18552340113
1067402,344781.18552340113
1067412,344781.18552340113
1067425,344781.18552340113
1067428,344781.18552340113
1067430,344781.18552340113
1067435,344781.18552340113
1067478,344781.18552340113
1067512,344781.18552340113
1067533,344781.18552340113
1067536,344781.18552340113
1067549,344781.18552340113
1067555,344781.18552340113
1067557,344781.18552340113
1067570,344781.18552340113
1067575,344781.18552340113
1067577,344781.18552340113
1067578,344781.18552340113
1067584,344781.18552340113
1067596,344781.18552340113
1067598,344781.18552340113
1067614,344781.18552340113
1067631,344781.18552340113
1067649,344781.18552340113
1067652,344781.18552340113
1067687,344781.18552340113
1067688,344781.18552340113
1067704,344781.18552340113
1067705,344781.18552340113
1067731,344781.18552340113
1067746,344781.18552340113
1067756,344781.18552340113
1067777,344781.18552340113
1067793,344781.18552340113
1067808,344781.18552340113
1067821,344781.18552340113
1067834,344781.18552340113
1067846,344781.18552340113
1067850,344781.18552340113
1067853,344781.18552340113
1067863,344781.18552340113
1067913,344781.18552340113
1067914,344781.18552340113
1067962,344781.18552340113
1067999,344781.18552340113
1068022,344781.18552340113
1068055,344781.18552340113
1068076,344781.18552340113
1068078,344781.18552340113
1068136,344781.18552340113
1068137,344781.18552340113
1068155,344781.18552340113
1068157,344781.18552340113
1068158,344781.18552340113
1068173,344781.18552340113
1068240,344781.18552340113
1068266,344781.18552340113
1068324,344781.18552340113
1068360,344781.18552340113
1068386,344781.18552340113
1068396,344781.18552340113
1068406,344781.18552340113
1068409,344781.18552340113
1068414,344781.18552340113
1068466,344781.18552340113
1068489,344781.18552340113
1068501,344781.18552340113
1068520,344781.18552340113
1068533,344781.18552340113
1068611,344781.18552340113
1068645,344781.18552340113
1068683,344781.18552340113
1068685,344781.18552340113
1068698,344781.18552340113
1068703,344781.18552340113
1068737,344781.18552340113
1068751,344781.18552340113
1068752,344781.18552340113
1068797,344781.18552340113
1068824,344781.18552340113
1068840,344781.18552340113
1068894,344781.18552340113
1068949,344781.18552340113
1068954,344781.18552340113
1068960,344781.18552340113
1069002,344781.18552340113
1069029,344781.18552340113
1069034,344781.18552340113
1069058,344781.18552340113
1069115,344781.18552340113
1069117,344781.18552340113
1069137,344781.18552340113
1069138,344781.18552340113
1069204,344781.18552340113
1069246,344781.18552340113
1069293,344781.18552340113
1069308,344781.18552340113
1069388,344781.18552340113
1069416,344781.18552340113
1069429,344781.18552340113
1069430,344781.18552340113
1069489,344781.18552340113
1069539,344781.18552340113
1069541,344781.18552340113
1069543,344781.18552340113
1069544,344781.18552340113
1069545,344781.18552340113
1069602,344781.18552340113
1069619,344781.18552340113
1069633,344781.18552340113
1069662,344781.18552340113
1069672,344781.18552340113
1069673,344781.18552340113
1069712,344781.18552340113
1069750,344781.18552340113
1069782,344781.18552340113
1069813,344781.18552340113
1069835,344781.18552340113
1069857,344781.18552340113
1069881,344781.18552340113
1069973,344781.18552340113
1069981,344781.18552340113
1069982,344781.18552340113
1070002,344781.18552340113
1070067,344781.18552340113
1070070,344781.18552340113
1070084,344781.18552340113
1070089,344781.18552340113
1070103,344781.18552340113
1070165,344781.18552340113
1070183,344781.18552340113
1070185,344781.18552340113
1070208,344781.18552340113
1070245,344781.18552340113
1070308,344781.18552340113
1070362,344781.18552340113
1070374,344781.18552340113
1070378,344781.18552340113
1070388,344781.18552340113
1070394,344781.18552340113
1070438,344781.18552340113
1070454,344781.18552340113
1070455,344781.18552340113
1070456,344781.18552340113
1070463,344781.18552340113
1070467,344781.18552340113
1070469,344781.18552340113
1070498,344781.18552340113
1070501,344781.18552340113
1070516,344781.18552340113
1070554,344781.18552340113
1070570,344781.18552340113
1070573,344781.18552340113
1070643,344781.18552340113
1070656,344781.18552340113
1070675,344781.18552340113
1070677,344781.18552340113
1070707,344781.18552340113
1070760,344781.18552340113
1070770,344781.18552340113
1070862,344781.18552340113
1070866,344781.18552340113
1070907,344781.18552340113
1070916,344781.18552340113
1071031,344781.18552340113
1071038,344781.18552340113
1071042,344781.18552340113
1071045,344781.18552340113
1071046,344781.18552340113
1071118,344781.18552340113
1071145,344781.18552340113
1071161,344781.18552340113
1071166,344781.18552340113
1071202,344781.18552340113
1071335,344781.18552340113
1071349,344781.18552340113
1071350,344781.18552340113
1071356,344781.18552340113
1071357,344781.18552340113
1071360,344781.18552340113
1071370,344781.18552340113
1071376,344781.18552340113
1071378,344781.18552340113
1071390,344781.18552340113
1071413,344781.18552340113
1071414,344781.18552340113
1071415,344781.18552340113
1071419,344781.18552340113
1071427,344781.18552340113
1071430,344781.18552340113
1071434,344781.18552340113
1071481,344781.18552340113
1071503,344781.18552340113
1071504,344781.18552340113
1071532,344781.18552340113
1071537,344781.18552340113
1071551,344781.18552340113
1071574,344781.18552340113
1071613,344781.18552340113
1071621,344781.18552340113
1071651,344781.18552340113
1071653,344781.18552340113
1071669,344781.18552340113
1071704,344781.18552340113
1071722,344781.18552340113
1071727,344781.18552340113
1071737,344781.18552340113
1071740,344781.18552340113
1071782,344781.18552340113
1071889,344781.18552340113
1071899,344781.18552340113
1071920,344781.18552340113
1071948,344781.18552340113
1071950,344781.18552340113
1071983,344781.18552340113
1071997,344781.18552340113
1072066,344781.18552340113
1072080,344781.18552340113
1072081,344781.18552340113
1072086,344781.18552340113
1072176,344781.18552340113
1072178,344781.18552340113
1072201,344781.18552340113
1072204,344781.18552340113
1072219,344781.18552340113
1072229,344781.18552340113
1072242,344781.18552340113
1072245,344781.18552340113
1072249,344781.18552340113
1072259,344781.18552340113
1072306,344781.18552340113
1072320,344781.18552340113
1072326,344781.18552340113
1072334,344781.18552340113
1072345,344781.18552340113
1072353,344781.18552340113
1072382,344781.18552340113
1072387,344781.18552340113
1072403,344781.18552340113
1072484,344781.18552340113
1072487,344781.18552340113
1072490,344781.18552340113
1072493,344781.18552340113
1072503,344781.18552340113
1072536,344781.18552340113
1072548,344781.18552340113
1072599,344781.18552340113
1072627,344781.18552340113
1072632,344781.18552340113
1072681,344781.18552340113
1072729,344781.18552340113
1072752,344781.18552340113
1072775,344781.18552340113
1072776,344781.18552340113
1072779,344781.18552340113
1072780,344781.18552340113
1072784,344781.18552340113
1072800,344781.18552340113
1072809,344781.18552340113
1072819,344781.18552340113
1072842,344781.18552340113
1072873,344781.18552340113
1072880,344781.18552340113
1072894,344781.18552340113
1072901,344781.18552340113
1072913,344781.18552340113
1072929,344781.18552340113
1072973,344781.18552340113
1073092,344781.18552340113
1073108,344781.18552340113
1073195,344781.18552340113
1073200,344781.18552340113
1073209,344781.18552340113
1073215,344781.18552340113
1073216,344781.18552340113
1073217,344781.18552340113
1073218,344781.18552340113
1073219,344781.18552340113
1073220,344781.18552340113
1073221,344781.18552340113
1073222,344781.18552340113
1073223,344781.18552340113
1073224,344781.18552340113
1073225,344781.18552340113
1073226,344781.18552340113
1073228,344781.18552340113
1073229,344781.18552340113
1073234,344781.18552340113
1073238,344781.18552340113
1073240,344781.18552340113
1073251,344781.18552340113
1073388,344781.18552340113
1073391,344781.18552340113
1073420,344781.18552340113
1073428,344781.18552340113
1073465,344781.18552340113
1073471,344781.18552340113
1073484,344781.18552340113
1073529,344781.18552340113
1073563,344781.18552340113
1073604,344781.18552340113
1073621,344781.18552340113
1073622,344781.18552340113
1073626,344781.18552340113
1073663,344781.18552340113
1073675,344781.18552340113
1073681,344781.18552340113
1073695,344781.18552340113
1073753,344781.18552340113
1073779,344781.18552340113
1073844,344781.18552340113
1073846,344781.18552340113
1074053,344781.18552340113
1074196,344781.18552340113
1074279,344781.18552340113
1074340,344781.18552340113
1074532,344781.18552340113
1074540,344781.18552340113
1074548,344781.18552340113
1074550,344781.18552340113
1074554,344781.18552340113
1074575,344781.18552340113
1074579,344781.18552340113
1074603,344781.18552340113
1074607,344781.18552340113
1074608,344781.18552340113
1074643,344781.18552340113
1074677,344781.18552340113
1074682,344781.18552340113
1074697,344781.18552340113
1074710,344781.18552340113
1074741,344781.18552340113
1074816,344781.18552340113
1074821,344781.18552340113
1074882,344781.18552340113
1074943,344781.18552340113
1074946,344781.18552340113
1074968,344781.18552340113
1074991,344781.18552340113
1075071,344781.18552340113
1075075,344781.18552340113
1075078,344781.18552340113
1075192,344781.18552340113
1075221,344781.18552340113
1075262,344781.18552340113
1075320,344781.18552340113
1075321,344781.18552340113
1075527,344781.18552340113
1075555,344781.18552340113
1075566,344781.18552340113
1075576,344781.18552340113
1075621,344781.18552340113
1075623,344781.18552340113
1075669,344781.18552340113
1075694,344781.18552340113
1075794,344781.18552340113
1075855,344781.18552340113
1075875,344781.18552340113
1075876,344781.18552340113
1075878,344781.18552340113
1075902,344781.18552340113
1075981,344781.18552340113
1076017,344781.18552340113
1076028,344781.18552340113
1076116,344781.18552340113
1076133,344781.18552340113
1076153,344781.18552340113
1076223,344781.18552340113
1076232,344781.18552340113
1076237,344781.18552340113
1076242,344781.18552340113
1076246,344781.18552340113
1076250,344781.18552340113
1076256,344781.18552340113
1076265,344781.18552340113
1076270,344781.18552340113
1076275,344781.18552340113
1076282,344781.18552340113
1076297,344781.18552340113
1076314,344781.18552340113
1076342,344781.18552340113
1076353,344781.18552340113
1076399,344781.18552340113
1076400,344781.18552340113
1076410,344781.18552340113
1076411,344781.18552340113
1076419,344781.18552340113
1076451,344781.18552340113
1076453,344781.18552340113
1076479,344781.18552340113
1076502,344781.18552340113
1076505,344781.18552340113
1076512,344781.18552340113
1076516,344781.18552340113
1076615,344781.18552340113
1076618,344781.18552340113
1076619,344781.18552340113
1076637,344781.18552340113
1076655,344781.18552340113
1076670,344781.18552340113
1076672,344781.18552340113
1076751,344781.18552340113
1076780,344781.18552340113
1076822,344781.18552340113
1076837,344781.18552340113
1076848,344781.18552340113
1076851,344781.18552340113
1076867,344781.18552340113
1076870,344781.18552340113
1076873,344781.18552340113
1076877,344781.18552340113
1076899,344781.18552340113
1076928,344781.18552340113
1076931,344781.18552340113
1077002,344781.18552340113
1077007,344781.18552340113
1077008,344781.18552340113
1077013,344781.18552340113
1077024,344781.18552340113
1077043,344781.18552340113
1077056,344781.18552340113
1077067,344781.18552340113
1077162,344781.18552340113
1077187,344781.18552340113
1077265,344781.18552340113
1077596,344781.18552340113
1077624,344781.18552340113
1077752,344781.18552340113
1077787,344781.18552340113
1077884,344781.18552340113
1078098,344781.18552340113
1078219,344781.18552340113
1078257,344781.18552340113
1078341,344781.18552340113
1078355,344781.18552340113
1078360,344781.18552340113
1078409,344781.18552340113
1078431,344781.18552340113
1078454,344781.18552340113
1078476,344781.18552340113
1078477,344781.18552340113
1078497,344781.18552340113
1078545,344781.18552340113
1078556,344781.18552340113
1078564,344781.18552340113
1078585,344781.18552340113
1078640,344781.18552340113
1078648,344781.18552340113
1078660,344781.18552340113
1078685,344781.18552340113
1078699,344781.18552340113
1078723,344781.18552340113
1078725,344781.18552340113
1078736,344781.18552340113
1078773,344781.18552340113
1078806,344781.18552340113
1078814,344781.18552340113
1078885,344781.18552340113
1078899,344781.18552340113
1078908,344781.18552340113
1078969,344781.18552340113
1079020,344781.18552340113
1079036,344781.18552340113
1079059,344781.18552340113
1079068,344781.18552340113
1079153,344781.18552340113
1079183,344781.18552340113
1079230,344781.18552340113
1079254,344781.18552340113
1079277,344781.18552340113
1079282,344781.18552340113
1079294,344781.18552340113
1079320,344781.18552340113
1079334,344781.18552340113
1079343,344781.18552340113
1079356,344781.18552340113
1079382,344781.18552340113
1079459,344781.18552340113
1079463,344781.18552340113
1079464,344781.18552340113
1079479,344781.18552340113
1079483,344781.18552340113
1079497,344781.18552340113
1079498,344781.18552340113
1079503,344781.18552340113
1079504,344781.18552340113
1079528,344781.18552340113
1079568,344781.18552340113
1079600,344781.18552340113
1079607,344781.18552340113
1079608,344781.18552340113
1079612,344781.18552340113
1079618,344781.18552340113
1079705,344781.18552340113
1079766,344781.18552340113
1079842,344781.18552340113
1079850,344781.18552340113
1079853,344781.18552340113
1079868,344781.18552340113
1079892,344781.18552340113
1079895,344781.18552340113
1079928,344781.18552340113
1079992,344781.18552340113
1079994,344781.18552340113
1079995,344781.18552340113
1080005,344781.18552340113
1080008,344781.18552340113
1080010,344781.18552340113
1080011,344781.18552340113
1080015,344781.18552340113
1080025,344781.18552340113
1080028,344781.18552340113
1080030,344781.18552340113
1080032,344781.18552340113
1080034,344781.18552340113
1080037,344781.18552340113
1080063,344781.18552340113
1080064,344781.18552340113
1080065,344781.18552340113
1080066,344781.18552340113
1080069,344781.18552340113
1080072,344781.18552340113
1080077,344781.18552340113
1080111,344781.18552340113
1080133,344781.18552340113
1080147,344781.18552340113
1080162,344781.18552340113
1080187,344781.18552340113
1080200,344781.18552340113
1080279,344781.18552340113
1080290,344781.18552340113
1080292,344781.18552340113
1080299,344781.18552340113
1080327,344781.18552340113
1080328,344781.18552340113
1080332,344781.18552340113
1080334,344781.18552340113
1080342,344781.18552340113
1080343,344781.18552340113
1080364,344781.18552340113
1080379,344781.18552340113
1080382,344781.18552340113
1080383,344781.18552340113
1080399,344781.18552340113
1080401,344781.18552340113
1080426,344781.18552340113
1080440,344781.18552340113
1080450,344781.18552340113
1080465,344781.18552340113
1080482,344781.18552340113
1080485,344781.18552340113
1080507,344781.18552340113
1080562,344781.18552340113
1080606,344781.18552340113
1080621,344781.18552340113
1080633,344781.18552340113
1080663,344781.18552340113
1080670,344781.18552340113
1080752,344781.18552340113
1080755,344781.18552340113
1080757,344781.18552340113
1080776,344781.18552340113
1080802,344781.18552340113
1080807,344781.18552340113
1080836,344781.18552340113
1080849,344781.18552340113
1080858,344781.18552340113
1080859,344781.18552340113
1080914,344781.18552340113
1080921,344781.18552340113
1080937,344781.18552340113
1080977,344781.18552340113
1080980,344781.18552340113
1080983,344781.18552340113
1081011,344781.18552340113
1081038,344781.18552340113
1081055,344781.18552340113
1081112,344781.18552340113
1081125,344781.18552340113
1081153,344781.18552340113
1081170,344781.18552340113
1081201,344781.18552340113
1081232,344781.18552340113
1081267,344781.18552340113
1081351,344781.18552340113
1081356,344781.18552340113
1081395,344781.18552340113
1081435,344781.18552340113
1081436,344781.18552340113
1081442,344781.18552340113
1081472,344781.18552340113
1081487,344781.18552340113
1081508,344781.18552340113
1081512,344781.18552340113
1081528,344781.18552340113
1081552,344781.18552340113
1081575,344781.18552340113
1081706,344781.18552340113
1081782,344781.18552340113
1081785,344781.18552340113
1081787,344781.18552340113
1081832,344781.18552340113
1081833,344781.18552340113
1081838,344781.18552340113
1081841,344781.18552340113
1081843,344781.18552340113
1081844,344781.18552340113
1081848,344781.18552340113
1081869,344781.18552340113
1081902,344781.18552340113
1081903,344781.18552340113
1081908,344781.18552340113
1081924,344781.18552340113
1081936,344781.18552340113
1081949,344781.18552340113
1081970,344781.18552340113
1082039,344781.18552340113
1082045,344781.18552340113
1082046,344781.18552340113
1082048,344781.18552340113
1082118,344781.18552340113
1082145,344781.18552340113
1082147,344781.18552340113
1082163,344781.18552340113
1082251,344781.18552340113
1082254,344781.18552340113
1082255,344781.18552340113
1082327,344781.18552340113
1082342,344781.18552340113
1082343,344781.18552340113
1082360,344781.18552340113
1082376,344781.18552340113
1082382,344781.18552340113
1082390,344781.18552340113
1082417,344781.18552340113
1082420,344781.18552340113
1082432,344781.18552340113
1082441,344781.18552340113
1082442,344781.18552340113
1082461,344781.18552340113
1082482,344781.18552340113
1082483,344781.18552340113
1082488,344781.18552340113
1082504,344781.18552340113
1082508,344781.18552340113
1082533,344781.18552340113
1082548,344781.18552340113
1082549,344781.18552340113
1082586,344781.18552340113
1082640,344781.18552340113
1082677,344781.18552340113
1082833,344781.18552340113
1082840,344781.18552340113
1082846,344781.18552340113
1082857,344781.18552340113
1082863,344781.18552340113
1082867,344781.18552340113
1082927,344781.18552340113
1082928,344781.18552340113
1082958,344781.18552340113
1083026,344781.18552340113
1083029,344781.18552340113
1083052,344781.18552340113
1083095,344781.18552340113
1083118,344781.18552340113
1083122,344781.18552340113
1083137,344781.18552340113
1083208,344781.18552340113
1083251,344781.18552340113
1083264,344781.18552340113
1083284,344781.18552340113
1083291,344781.18552340113
1083296,344781.18552340113
1083300,344781.18552340113
1083303,344781.18552340113
1083345,344781.18552340113
1083382,344781.18552340113
1083388,344781.18552340113
1083392,344781.18552340113
1083402,344781.18552340113
1083405,344781.18552340113
1083495,344781.18552340113
1083545,344781.18552340113
1086147,344781.18552340113
1086216,344781.18552340113
1086243,344781.18552340113
1086254,344781.18552340113
1086282,344781.18552340113
1086309,344781.18552340113
1086312,344781.18552340113
1086333,344781.18552340113
1086344,344781.18552340113
1086616,344781.18552340113
1086670,344781.18552340113
1086770,344781.18552340113
1086802,344781.18552340113
1086813,344781.18552340113
1086818,344781.18552340113
1086819,344781.18552340113
1086820,344781.18552340113
1086826,344781.18552340113
1086827,344781.18552340113
1086842,344781.18552340113
1086844,344781.18552340113
1086846,344781.18552340113
1086847,344781.18552340113
1086848,344781.18552340113
1086864,344781.18552340113
1086917,344781.18552340113
1086918,344781.18552340113
1086963,344781.18552340113
1086991,344781.18552340113
1086999,344781.18552340113
1087035,344781.18552340113
1087054,344781.18552340113
1087111,344781.18552340113
1087112,344781.18552340113
1087115,344781.18552340113
1087116,344781.18552340113
1087132,344781.18552340113
1087135,344781.18552340113
1087193,344781.18552340113
1087235,344781.18552340113
1087237,344781.18552340113
1087238,344781.18552340113
1087241,344781.18552340113
1087288,344781.18552340113
1087329,344781.18552340113
1087340,344781.18552340113
1087346,344781.18552340113
1087349,344781.18552340113
1087375,344781.18552340113
1087389,344781.18552340113
1087406,344781.18552340113
1087423,344781.18552340113
1087432,344781.18552340113
1093650,344781.18552340113
1093654,344781.18552340113
1093657,344781.18552340113
1093659,344781.18552340113
1093661,344781.18552340113
1093675,344781.18552340113
1093684,344781.18552340113
1093703,344781.18552340113
1093710,344781.18552340113
1093711,344781.18552340113
1093718,344781.18552340113
1093725,344781.18552340113
1093808,344781.18552340113
1093813,344781.18552340113
1093816,344781.18552340113
1093817,344781.18552340113
1093845,344781.18552340113
1093848,344781.18552340113
1093904,344781.18552340113
1093906,344781.18552340113
1093909,344781.18552340113
1093920,344781.18552340113
1093958,344781.18552340113
1093960,344781.18552340113
1094005,344781.18552340113
1094008,344781.18552340113
1094012,344781.18552340113
1094018,344781.18552340113
1094108,344781.18552340113
1094111,344781.18552340113
1094126,344781.18552340113
1094128,344781.18552340113
1094133,344781.18552340113
1094136,344781.18552340113
1094142,344781.18552340113
1094151,344781.18552340113
1094174,344781.18552340113
1094196,344781.18552340113
1094198,344781.18552340113
1094232,344781.18552340113
1094299,344781.18552340113
1094334,344781.18552340113
1094348,344781.18552340113
1094353,344781.18552340113
1094362,344781.18552340113
1094412,344781.18552340113
1094416,344781.18552340113
1094419,344781.18552340113
1094463,344781.18552340113
1094464,344781.18552340113
1094519,344781.18552340113
1094530,344781.18552340113
1094531,344781.18552340113
1094538,344781.18552340113
1094590,344781.18552340113
1094633,344781.18552340113
1094660,344781.18552340113
1094668,344781.18552340113
1094694,344781.18552340113
1094714,344781.18552340113
1094717,344781.18552340113
1094747,344781.18552340113
1094771,344781.18552340113
1094773,344781.18552340113
1094779,344781.18552340113
1094810,344781.18552340113
1094817,344781.18552340113
1094818,344781.18552340113
1094822,344781.18552340113
1094855,344781.18552340113
1094858,344781.18552340113
1094864,344781.18552340113
1094895,344781.18552340113
1094910,344781.18552340113
1094939,344781.18552340113
1094960,344781.18552340113
1095019,344781.18552340113
1095021,344781.18552340113
1095025,344781.18552340113
1095029,344781.18552340113
1095031,344781.18552340113
1095067,344781.18552340113
1095105,344781.18552340113
1095126,344781.18552340113
1095135,344781.18552340113
1095139,344781.18552340113
1095146,344781.18552340113
1095292,344781.18552340113
1095313,344781.18552340113
1095326,344781.18552340113
1095334,344781.18552340113
1095343,344781.18552340113
1095383,344781.18552340113
1095399,344781.18552340113
1095416,344781.18552340113
1095448,344781.18552340113
1095478,344781.18552340113
1095480,344781.18552340113
1095496,344781.18552340113
1095500,344781.18552340113
1095529,344781.18552340113
1095536,344781.18552340113
1095552,344781.18552340113
1095588,344781.18552340113
1095624,344781.18552340113
1095650,344781.18552340113
1095691,344781.18552340113
1095735,344781.18552340113
1095799,344781.18552340113
1095804,344781.18552340113
1095810,344781.18552340113
1095827,344781.18552340113
1095841,344781.18552340113
1095853,344781.18552340113
1095860,344781.18552340113
1095866,344781.18552340113
1095906,344781.18552340113
1095907,344781.18552340113
1095926,344781.18552340113
1095949,344781.18552340113
1096078,344781.18552340113
1096079,344781.18552340113
1096090,344781.18552340113
1096148,344781.18552340113
1096213,344781.18552340113
1096235,344781.18552340113
1096271,344781.18552340113
1096279,344781.18552340113
1096316,344781.18552340113
1096318,344781.18552340113
1096335,344781.18552340113
1096339,344781.18552340113
1096405,344781.18552340113
1096417,344781.18552340113
1096464,344781.18552340113
1096480,344781.18552340113
1096484,344781.18552340113
1096513,344781.18552340113
1096539,344781.18552340113
1096546,344781.18552340113
1096550,344781.18552340113
1096556,344781.18552340113
1096573,344781.18552340113
1096583,344781.18552340113
1096585,344781.18552340113
1096590,344781.18552340113
1096593,344781.18552340113
1096600,344781.18552340113
1096627,344781.18552340113
1096631,344781.18552340113
1096691,344781.18552340113
1096700,344781.18552340113
1096716,344781.18552340113
1096723,344781.18552340113
1096749,344781.18552340113
1096777,344781.18552340113
1096784,344781.18552340113
1096858,344781.18552340113
1096873,344781.18552340113
1096921,344781.18552340113
1096936,344781.18552340113
1096968,344781.18552340113
1096972,344781.18552340113
1097023,344781.18552340113
1097024,344781.18552340113
1097040,344781.18552340113
1097041,344781.18552340113
1097045,344781.18552340113
1097078,344781.18552340113
1097079,344781.18552340113
1097082,344781.18552340113
1097084,344781.18552340113
1097102,344781.18552340113
1097259,344781.18552340113
1097283,344781.18552340113
1097365,344781.18552340113
1097366,344781.18552340113
1097476,344781.18552340113
1097499,344781.18552340113
1097500,344781.18552340113
1097511,344781.18552340113
1097514,344781.18552340113
1097544,344781.18552340113
1097562,344781.18552340113
1097569,344781.18552340113
1097597,344781.18552340113
1097609,344781.18552340113
1097635,344781.18552340113
1097650,344781.18552340113
1097655,344781.18552340113
1097659,344781.18552340113
1097664,344781.18552340113
1097673,344781.18552340113
1097675,344781.18552340113
1097698,344781.18552340113
1097718,344781.18552340113
1097755,344781.18552340113
1097767,344781.18552340113
1097777,344781.18552340113
1097778,344781.18552340113
1097795,344781.18552340113
1097861,344781.18552340113
1097886,344781.18552340113
1097887,344781.18552340113
1097888,344781.18552340113
1097928,344781.18552340113
1097949,344781.18552340113
1097975,344781.18552340113
1097993,344781.18552340113
1097994,344781.18552340113
1098066,344781.18552340113
1098122,344781.18552340113
1098125,344781.18552340113
1098140,344781.18552340113
1098199,344781.18552340113
1098213,344781.18552340113
1098215,344781.18552340113
1098219,344781.18552340113
1098228,344781.18552340113
1098252,344781.18552340113
1098268,344781.18552340113
1098275,344781.18552340113
1098362,344781.18552340113
1098365,344781.18552340113
1098396,344781.18552340113
1098468,344781.18552340113
1098495,344781.18552340113
1098569,344781.18552340113
1098588,344781.18552340113
1098633,344781.18552340113
1098693,344781.18552340113
1098698,344781.18552340113
1098706,344781.18552340113
1098771,344781.18552340113
1098971,344781.18552340113
1098987,344781.18552340113
1098991,344781.18552340113
1098994,344781.18552340113
1099004,344781.18552340113
1099021,344781.18552340113
1099030,344781.18552340113
1099038,344781.18552340113
1099039,344781.18552340113
1099045,344781.18552340113
1099133,344781.18552340113
1099137,344781.18552340113
1099153,344781.18552340113
1099180,344781.18552340113
1099183,344781.18552340113
1099184,344781.18552340113
1099199,344781.18552340113
1099315,344781.18552340113
1099316,344781.18552340113
1099320,344781.18552340113
1099323,344781.18552340113
1099326,344781.18552340113
1099329,344781.18552340113
1099335,344781.18552340113
1099338,344781.18552340113
1099342,344781.18552340113
1099350,344781.18552340113
1099351,344781.18552340113
1099359,344781.18552340113
1099364,344781.18552340113
1099366,344781.18552340113
1099382,344781.18552340113
1099383,344781.18552340113
1099407,344781.18552340113
1099414,344781.18552340113
1099441,344781.18552340113
1099447,344781.18552340113
1099465,344781.18552340113
1099469,344781.18552340113
1099488,344781.18552340113
1099520,344781.18552340113
1099562,344781.18552340113
1099567,344781.18552340113
1099623,344781.18552340113
1099651,344781.18552340113
1099664,344781.18552340113
1099665,344781.18552340113
1099671,344781.18552340113
1099702,344781.18552340113
1099722,344781.18552340113
1099725,344781.18552340113
1099726,344781.18552340113
1099728,344781.18552340113
1099729,344781.18552340113
1099734,344781.18552340113
1099740,344781.18552340113
1099743,344781.18552340113
1099768,344781.18552340113
1099774,344781.18552340113
1099796,344781.18552340113
1099815,344781.18552340113
1099837,344781.18552340113
1099916,344781.18552340113
1099928,344781.18552340113
1099941,344781.18552340113
1099946,344781.18552340113
1099948,344781.18552340113
1099950,344781.18552340113
1099972,344781.18552340113
1099995,344781.18552340113
1099996,344781.18552340113
1100056,344781.18552340113
1100076,344781.18552340113
1100169,344781.18552340113
1100171,344781.18552340113
1100178,344781.18552340113
1100189,344781.18552340113
1100191,344781.18552340113
1100192,344781.18552340113
1100194,344781.18552340113
1100205,344781.18552340113
1100224,344781.18552340113
1100257,344781.18552340113
1100317,344781.18552340113
1100329,344781.18552340113
1100345,344781.18552340113
1100388,344781.18552340113
1100391,344781.18552340113
1100460,344781.18552340113
1100509,344781.18552340113
1100516,344781.18552340113
1100532,344781.18552340113
1100537,344781.18552340113
1100548,344781.18552340113
1100583,344781.18552340113
1100596,344781.18552340113
1100601,344781.18552340113
1100611,344781.18552340113
1100619,344781.18552340113
1100658,344781.18552340113
1100660,344781.18552340113
1100674,344781.18552340113
1100682,344781.18552340113
1100692,344781.18552340113
1100719,344781.18552340113
1100743,344781.18552340113
1100780,344781.18552340113
1100810,344781.18552340113
1100829,344781.18552340113
1100840,344781.18552340113
1100852,344781.18552340113
1100865,344781.18552340113
1100897,344781.18552340113
1100931,344781.18552340113
1100932,344781.18552340113
1100938,344781.18552340113
1100944,344781.18552340113
1100945,344781.18552340113
1100946,344781.18552340113
1100947,344781.18552340113
1100948,344781.18552340113
1100953,344781.18552340113
1100955,344781.18552340113
1100957,344781.18552340113
1100960,344781.18552340113
1100962,344781.18552340113
1100984,344781.18552340113
1100985,344781.18552340113
1101003,344781.18552340113
1101004,344781.18552340113
1101005,344781.18552340113
1101006,344781.18552340113
1101007,344781.18552340113
1101012,344781.18552340113
1101064,344781.18552340113
1101073,344781.18552340113
1101084,344781.18552340113
1101086,344781.18552340113
1101094,344781.18552340113
1101102,344781.18552340113
1101127,344781.18552340113
1101173,344781.18552340113
1101180,344781.18552340113
1101202,344781.18552340113
1101203,344781.18552340113
1101207,344781.18552340113
1101208,344781.18552340113
1101232,344781.18552340113
1101240,344781.18552340113
1101252,344781.18552340113
1101258,344781.18552340113
1101263,344781.18552340113
1101276,344781.18552340113
1101292,344781.18552340113
1101294,344781.18552340113
1101303,344781.18552340113
1101319,344781.18552340113
1101326,344781.18552340113
1101330,344781.18552340113
1101331,344781.18552340113
1101333,344781.18552340113
1101335,344781.18552340113
1101351,344781.18552340113
1101378,344781.18552340113
1101418,344781.18552340113
1101423,344781.18552340113
1101428,344781.18552340113
1101517,344781.18552340113
1101591,344781.18552340113
1101616,344781.18552340113
1101739,344781.18552340113
1101759,344781.18552340113
1101799,344781.18552340113
1101800,344781.18552340113
1101801,344781.18552340113
1101814,344781.18552340113
1101859,344781.18552340113
1101869,344781.18552340113
1101901,344781.18552340113
1101931,344781.18552340113
1101932,344781.18552340113
1101976,344781.18552340113
1102031,344781.18552340113
1102046,344781.18552340113
1102066,344781.18552340113
1102090,344781.18552340113
1102112,344781.18552340113
1102117,344781.18552340113
1102119,344781.18552340113
1102123,344781.18552340113
1102135,344781.18552340113
1102169,344781.18552340113
1102170,344781.18552340113
1102240,344781.18552340113
1102248,344781.18552340113
1102273,344781.18552340113
1102307,344781.18552340113
1102332,344781.18552340113
1102413,344781.18552340113
1102414,344781.18552340113
1102415,344781.18552340113
1102416,344781.18552340113
1102417,344781.18552340113
1102422,344781.18552340113
1102423,344781.18552340113
1102430,344781.18552340113
1102431,344781.18552340113
1102434,344781.18552340113
1102452,344781.18552340113
1102470,344781.18552340113
1102505,344781.18552340113
1102509,344781.18552340113
1102527,344781.18552340113
1102537,344781.18552340113
1102564,344781.18552340113
1102603,344781.18552340113
1102608,344781.18552340113
1102646,344781.18552340113
1102647,344781.18552340113
1102650,344781.18552340113
1102655,344781.18552340113
1102657,344781.18552340113
1102660,344781.18552340113
1102685,344781.18552340113
1102688,344781.18552340113
1102699,344781.18552340113
1102704,344781.18552340113
1102705,344781.18552340113
1102728,344781.18552340113
1102735,344781.18552340113
1102750,344781.18552340113
1102770,344781.18552340113
1102790,344781.18552340113
1102797,344781.18552340113
1102800,344781.18552340113
1102806,344781.18552340113
1102844,344781.18552340113
1102862,344781.18552340113
1102908,344781.18552340113
1102909,344781.18552340113
1102959,344781.18552340113
1102970,344781.18552340113
1102986,344781.18552340113
1103044,344781.18552340113
1103076,344781.18552340113
1103095,344781.18552340113
1103226,344781.18552340113
1103227,344781.18552340113
1103228,344781.18552340113
1103229,344781.18552340113
1103249,344781.18552340113
1103253,344781.18552340113
1103258,344781.18552340113
1103264,344781.18552340113
1103265,344781.18552340113
1103278,344781.18552340113
1103279,344781.18552340113
1103282,344781.18552340113
1103361,344781.18552340113
1103386,344781.18552340113
1103396,344781.18552340113
1103402,344781.18552340113
1103403,344781.18552340113
1103404,344781.18552340113
1103418,344781.18552340113
1103419,344781.18552340113
1103431,344781.18552340113
1103481,344781.18552340113
1103489,344781.18552340113
1103584,344781.18552340113
1103598,344781.18552340113
1103600,344781.18552340113
1103604,344781.18552340113
1103606,344781.18552340113
1103614,344781.18552340113
1103646,344781.18552340113
1103668,344781.18552340113
1103669,344781.18552340113
1103678,344781.18552340113
1103711,344781.18552340113
1103726,344781.18552340113
1103731,344781.18552340113
1103735,344781.18552340113
1103741,344781.18552340113
1103838,344781.18552340113
1103903,344781.18552340113
1103914,344781.18552340113
1103991,344781.18552340113
1103997,344781.18552340113
1104005,344781.18552340113
1104027,344781.18552340113
1104035,344781.18552340113
1104045,344781.18552340113
1104073,344781.18552340113
1104122,344781.18552340113
1104123,344781.18552340113
1104132,344781.18552340113
1104247,344781.18552340113
1104252,344781.18552340113
1104265,344781.18552340113
1104276,344781.18552340113
1104292,344781.18552340113
1104347,344781.18552340113
1104357,344781.18552340113
1104358,344781.18552340113
1104369,344781.18552340113
1104944,344781.18552340113
1104946,344781.18552340113
1104949,344781.18552340113
1104951,344781.18552340113
1104953,344781.18552340113
1104955,344781.18552340113
1104972,344781.18552340113
1105018,344781.18552340113
1105021,344781.18552340113
1105024,344781.18552340113
1105025,344781.18552340113
1105044,344781.18552340113
1105046,344781.18552340113
1105047,344781.18552340113
1105050,344781.18552340113
1105051,344781.18552340113
1105052,344781.18552340113
1105053,344781.18552340113
1105071,344781.18552340113
1105081,344781.18552340113
1105207,344781.18552340113
1105210,344781.18552340113
1105265,344781.18552340113
1105266,344781.18552340113
1105267,344781.18552340113
1105268,344781.18552340113
1105280,344781.18552340113
1105281,344781.18552340113
1105282,344781.18552340113
1105376,344781.18552340113
1105429,344781.18552340113
1105465,344781.18552340113
1105493,344781.18552340113
1105496,344781.18552340113
1105557,344781.18552340113
1105558,344781.18552340113
1105575,344781.18552340113
1105576,344781.18552340113
1105581,344781.18552340113
1105621,344781.18552340113
1105622,344781.18552340113
1105698,344781.18552340113
1105699,344781.18552340113
1105700,344781.18552340113
1105702,344781.18552340113
1105705,344781.18552340113
1105706,344781.18552340113
1105711,344781.18552340113
1105799,344781.18552340113
1105802,344781.18552340113
1105803,344781.18552340113
1105805,344781.18552340113
1105806,344781.18552340113
1105807,344781.18552340113
1105828,344781.18552340113
1105830,344781.18552340113
1105831,344781.18552340113
1105832,344781.18552340113
1105849,344781.18552340113
1105855,344781.18552340113
1105898,344781.18552340113
1105899,344781.18552340113
1105935,344781.18552340113
1105989,344781.18552340113
1106068,344781.18552340113
1106069,344781.18552340113
1106073,344781.18552340113
1106085,344781.18552340113
1106086,344781.18552340113
1106135,344781.18552340113
1106164,344781.18552340113
1106193,344781.18552340113
1106196,344781.18552340113
1106244,344781.18552340113
1106253,344781.18552340113
1106256,344781.18552340113
1106586,344781.18552340113
1106587,344781.18552340113
1106588,344781.18552340113
1106589,344781.18552340113
1106600,344781.18552340113
1106608,344781.18552340113
1106715,344781.18552340113
1106789,344781.18552340113
1106790,344781.18552340113
1106791,344781.18552340113
1106792,344781.18552340113
1106793,344781.18552340113
1106794,344781.18552340113
1106869,344781.18552340113
1106954,344781.18552340113
1107205,344781.18552340113
1107331,344781.18552340113
1107333,344781.18552340113
1107389,344781.18552340113
1107390,344781.18552340113
1107392,344781.18552340113
1107394,344781.18552340113
1107395,344781.18552340113
1107469,344781.18552340113
1107483,344781.18552340113
1107491,344781.18552340113
1107667,344781.18552340113
1107772,344781.18552340113
1107775,344781.18552340113
1107785,344781.18552340113
1107786,344781.18552340113
1107787,344781.18552340113
1202392,344781.18552340113
1202393,344781.18552340113
1202395,344781.18552340113
1202440,344781.18552340113
1202550,344781.18552340113
1202552,344781.18552340113
1202577,344781.18552340113
1202580,344781.18552340113
1202842,344781.18552340113
1202844,344781.18552340113
1202860,344781.18552340113
1202861,344781.18552340113
1202869,344781.18552340113
1202876,344781.18552340113
1202892,344781.18552340113
1202903,344781.18552340113
1214273,344781.18552340113
1214280,344781.18552340113
1214445,344781.18552340113
1214448,344781.18552340113
1214449,344781.18552340113
1214464,344781.18552340113
1214572,344781.18552340113
1214574,344781.18552340113
1214584,344781.18552340113
1214608,344781.18552340113
1214640,344781.18552340113
1214643,344781.18552340113
1214651,344781.18552340113
1214652,344781.18552340113
1214657,344781.18552340113
1214661,344781.18552340113
1214673,344781.18552340113
1214675,344781.18552340113
1214679,344781.18552340113
1214703,344781.18552340113
1215040,344781.18552340113
1215050,344781.18552340113
1215134,344781.18552340113
1215138,344781.18552340113
1215362,344781.18552340113
1215366,344781.18552340113
1215368,344781.18552340113
1215369,344781.18552340113
1215374,344781.18552340113
1215388,344781.18552340113
1215448,344781.18552340113
1215451,344781.18552340113
1215486,344781.18552340113
1215488,344781.18552340113
1215496,344781.18552340113
1215498,344781.18552340113
1215555,344781.18552340113
1215556,344781.18552340113
1215560,344781.18552340113
1215573,344781.18552340113
1215591,344781.18552340113
1215596,344781.18552340113
1215746,344781.18552340113
1215748,344781.18552340113
1215754,344781.18552340113
1215756,344781.18552340113
1215758,344781.18552340113
1215761,344781.18552340113
1215762,344781.18552340113
1215766,344781.18552340113
1215767,344781.18552340113
1215776,344781.18552340113
1215784,344781.18552340113
1215791,344781.18552340113
1215796,344781.18552340113
1215797,344781.18552340113
1215798,344781.18552340113
1215806,344781.18552340113
1215810,344781.18552340113
1216439,344781.18552340113
1217024,344781.18552340113
1217029,344781.18552340113
1217034,344781.18552340113
1217036,344781.18552340113
1217037,344781.18552340113
1217038,344781.18552340113
1217233,344781.18552340113
1217234,344781.18552340113
1217247,344781.18552340113
1217248,344781.18552340113
1217250,344781.18552340113
1217540,344781.18552340113
1217556,344781.18552340113
1217557,344781.18552340113
1217559,344781.18552340113
1217578,344781.18552340113
1217875,344781.18552340113
1217881,344781.18552340113
1219303,344781.18552340113
1219356,344781.18552340113
1219361,344781.18552340113
1219426,344781.18552340113
1219482,344781.18552340113
1219492,344781.18552340113
1219515,344781.18552340113
1219518,344781.18552340113
1219520,344781.18552340113
1219620,344781.18552340113
1219653,344781.18552340113
1219665,344781.18552340113
1219668,344781.18552340113
1219670,344781.18552340113
1219706,344781.18552340113
1219714,344781.18552340113
1219756,344781.18552340113
1220007,344781.18552340113
1220137,344781.18552340113
1220139,344781.18552340113
1220671,344781.18552340113
1220690,344781.18552340113
1220731,344781.18552340113
1220732,344781.18552340113
1220739,344781.18552340113
1222082,344781.18552340113
1222084,344781.18552340113
1222087,344781.18552340113
1222182,344781.18552340113
1222183,344781.18552340113
1222194,344781.18552340113
1222252,344781.18552340113
1223720,344781.18552340113
1223812,344781.18552340113
1223816,344781.18552340113
1223827,344781.18552340113
1223836,344781.18552340113
1223838,344781.18552340113
1223841,344781.18552340113
1223860,344781.18552340113
1223861,344781.18552340113
1223863,344781.18552340113
1223867,344781.18552340113
1223875,344781.18552340113
1223892,344781.18552340113
1223897,344781.18552340113
1224003,344781.18552340113
1224006,344781.18552340113
1224010,344781.18552340113
1224014,344781.18552340113
1224033,344781.18552340113
1224068,344781.18552340113
1224071,344781.18552340113
1224121,344781.18552340113
1224146,344781.18552340113
1224153,344781.18552340113
1224653,344781.18552340113
1224668,344781.18552340113
1224776,344781.18552340113
1224788,344781.18552340113
1225148,344781.18552340113
1225155,344781.18552340113
1225157,344781.18552340113
1225159,344781.18552340113
1225238,344781.18552340113
1225323,344781.18552340113
1225362,344781.18552340113
1225363,344781.18552340113
1225376,344781.18552340113
1225378,344781.18552340113
1225818,344781.18552340113
1226392,344781.18552340113
1226394,344781.18552340113
1226516,344781.18552340113
1226517,344781.18552340113
1226741,344781.18552340113
1226743,344781.18552340113
1226745,344781.18552340113
1226748,344781.18552340113
1226749,344781.18552340113
1226782,344781.18552340113
1226789,344781.18552340113
1226799,344781.18552340113
1226860,344781.18552340113
1226867,344781.18552340113
1226963,344781.18552340113
1227068,344781.18552340113
1227072,344781.18552340113
1227075,344781.18552340113
1227080,344781.18552340113
1227083,344781.18552340113
1227087,344781.18552340113
1227113,344781.18552340113
1227115,344781.18552340113
1227127,344781.18552340113
1227165,344781.18552340113
1227292,344781.18552340113
1227294,344781.18552340113
1227296,344781.18552340113
1227675,344781.18552340113
1227679,344781.18552340113
1227680,344781.18552340113
1227687,344781.18552340113
1227690,344781.18552340113
1227707,344781.18552340113
1227708,344781.18552340113
1227709,344781.18552340113
1227720,344781.18552340113
1227815,344781.18552340113
1227857,344781.18552340113
1227859,344781.18552340113
1227865,344781.18552340113
1227902,344781.18552340113
1227904,344781.18552340113
1227921,344781.18552340113
1227928,344781.18552340113
1227948,344781.18552340113
1227951,344781.18552340113
1228096,344781.18552340113
1228098,344781.18552340113
1228597,344781.18552340113
1228622,344781.18552340113
1228630,344781.18552340113
1228639,344781.18552340113
1228640,344781.18552340113
1228821,344781.18552340113
1228828,344781.18552340113
1228829,344781.18552340113
1228966,344781.18552340113
1228972,344781.18552340113
1228973,344781.18552340113
1228974,344781.18552340113
1228985,344781.18552340113
1229013,344781.18552340113
1229016,344781.18552340113
1229018,344781.18552340113
1229020,344781.18552340113
1229022,344781.18552340113
1229028,344781.18552340113
1229030,344781.18552340113
1229031,344781.18552340113
1229038,344781.18552340113
1229176,344781.18552340113
1229188,344781.18552340113
1229190,344781.18552340113
1229201,344781.18552340113
1229212,344781.18552340113
1229218,344781.18552340113
1229220,344781.18552340113
1229224,344781.18552340113
1229225,344781.18552340113
1229462,344781.18552340113
1229540,344781.18552340113
1229541,344781.18552340113
1229591,344781.18552340113
1229597,344781.18552340113
1229598,344781.18552340113
1230015,344781.18552340113
1230020,344781.18552340113
1230030,344781.18552340113
1230031,344781.18552340113
1230037,344781.18552340113
1230038,344781.18552340113
1230039,344781.18552340113
1230040,344781.18552340113
1230045,344781.18552340113
1230070,344781.18552340113
1231407,344781.18552340113
1231410,344781.18552340113
1231549,344781.18552340113
1231551,344781.18552340113
1231558,344781.18552340113
1231661,344781.18552340113
1231688,344781.18552340113
1231696,344781.18552340113
1231704,344781.18552340113
1231710,344781.18552340113
1231711,344781.18552340113
1231719,344781.18552340113
1231753,344781.18552340113
1231846,344781.18552340113
1231908,344781.18552340113
1231938,344781.18552340113
1231982,344781.18552340113
1232000,344781.18552340113
1232001,344781.18552340113
1232002,344781.18552340113
1232475,344781.18552340113
1232477,344781.18552340113
1232484,344781.18552340113
1232490,344781.18552340113
1232637,344781.18552340113
1232646,344781.18552340113
1232662,344781.18552340113
1233033,344781.18552340113
1233038,344781.18552340113
1233250,344781.18552340113
1233263,344781.18552340113
1233265,344781.18552340113
1233268,344781.18552340113
1233307,344781.18552340113
1233314,344781.18552340113
1233329,344781.18552340113
1233345,344781.18552340113
1233349,344781.18552340113
1233447,344781.18552340113
1233450,344781.18552340113
1233453,344781.18552340113
1233462,344781.18552340113
1233465,344781.18552340113
1233471,344781.18552340113
1233474,344781.18552340113
1233479,344781.18552340113
1233487,344781.18552340113
1233488,344781.18552340113
1233490,344781.18552340113
1233493,344781.18552340113
1233495,344781.18552340113
1233497,344781.18552340113
1233542,344781.18552340113
1233552,344781.18552340113
1233557,344781.18552340113
1233567,344781.18552340113
1233568,344781.18552340113
1233569,344781.18552340113
1233683,344781.18552340113
1233764,344781.18552340113
1233861,344781.18552340113
1233877,344781.18552340113
1233987,344781.18552340113
1233989,344781.18552340113
1234069,344781.18552340113
1234103,344781.18552340113
1234104,344781.18552340113
1234343,344781.18552340113
1234348,344781.18552340113
1234349,344781.18552340113
1234495,344781.18552340113
1234496,344781.18552340113
1234497,344781.18552340113
1234499,344781.18552340113
1234515,344781.18552340113
1234516,344781.18552340113
1234528,344781.18552340113
1234612,344781.18552340113
1234760,344781.18552340113
1234763,344781.18552340113
1234766,344781.18552340113
1234772,344781.18552340113
1234818,344781.18552340113
1235137,344781.18552340113
1235157,344781.18552340113
1235163,344781.18552340113
1235168,344781.18552340113
1235169,344781.18552340113
1235170,344781.18552340113
1235228,344781.18552340113
1235244,344781.18552340113
1235266,344781.18552340113
1235290,344781.18552340113
1235294,344781.18552340113
1235303,344781.18552340113
1235312,344781.18552340113
1235314,344781.18552340113
1235337,344781.18552340113
1235354,344781.18552340113
1235360,344781.18552340113
1235386,344781.18552340113
1235538,344781.18552340113
1235542,344781.18552340113
1235546,344781.18552340113
1235552,344781.18552340113
1235662,344781.18552340113
1235678,344781.18552340113
1235679,344781.18552340113
1235688,344781.18552340113
1235689,344781.18552340113
1235741,344781.18552340113
1235742,344781.18552340113
1235744,344781.18552340113
1235745,344781.18552340113
1235746,344781.18552340113
1235747,344781.18552340113
1235786,344781.18552340113
1235796,344781.18552340113
1235824,344781.18552340113
1235825,344781.18552340113
1235874,344781.18552340113
1235885,344781.18552340113
1235886,344781.18552340113
1235887,344781.18552340113
1235916,344781.18552340113
1235996,344781.18552340113
1235997,344781.18552340113
1236001,344781.18552340113
1236007,344781.18552340113
1236009,344781.18552340113
1236010,344781.18552340113
1236082,344781.18552340113
1236126,344781.18552340113
1236137,344781.18552340113
1236150,344781.18552340113
1236152,344781.18552340113
1236160,344781.18552340113
1236162,344781.18552340113
1236183,344781.18552340113
1236186,344781.18552340113
1236189,344781.18552340113
1236201,344781.18552340113
1236353,344781.18552340113
1236355,344781.18552340113
1236463,344781.18552340113
1236479,344781.18552340113
1236480,344781.18552340113
1236822,344781.18552340113
1236911,344781.18552340113
1236986,344781.18552340113
1236991,344781.18552340113
1236993,344781.18552340113
1237029,344781.18552340113
1237033,344781.18552340113
1237049,344781.18552340113
1237051,344781.18552340113
1237164,344781.18552340113
1237170,344781.18552340113
1237492,344781.18552340113
1237495,344781.18552340113
1237545,344781.18552340113
1237979,344781.18552340113
1237998,344781.18552340113
1238015,344781.18552340113
1238100,344781.18552340113
1238115,344781.18552340113
1238129,344781.18552340113
1238182,344781.18552340113
1238190,344781.18552340113
1238195,344781.18552340113
1238198,344781.18552340113
1238207,344781.18552340113
1238213,344781.18552340113
1238216,344781.18552340113
1238226,344781.18552340113
1238229,344781.18552340113
1238231,344781.18552340113
1238232,344781.18552340113
1238237,344781.18552340113
1238241,344781.18552340113
1238242,344781.18552340113
1238244,344781.18552340113
1238245,344781.18552340113
1238258,344781.18552340113
1238259,344781.18552340113
1238261,344781.18552340113
1238263,344781.18552340113
1238264,344781.18552340113
1238384,344781.18552340113
1238386,344781.18552340113
1238419,344781.18552340113
1238422,344781.18552340113
1238435,344781.18552340113
1238439,344781.18552340113
1238572,344781.18552340113
1238582,344781.18552340113
1238589,344781.18552340113
1238614,344781.18552340113
1238793,344781.18552340113
1238800,344781.18552340113
1238802,344781.18552340113
1238807,344781.18552340113
1238812,344781.18552340113
1238813,344781.18552340113
1238814,344781.18552340113
1238827,344781.18552340113
1238834,344781.18552340113
1238964,344781.18552340113
1238965,344781.18552340113
1239003,344781.18552340113
1239006,344781.18552340113
1239029,344781.18552340113
1239054,344781.18552340113
1239062,344781.18552340113
1239067,344781.18552340113
1239078,344781.18552340113
1239100,344781.18552340113
1239106,344781.18552340113
1239112,344781.18552340113
1239158,344781.18552340113
1239160,344781.18552340113
1239161,344781.18552340113
1239162,344781.18552340113
1239239,344781.18552340113
1239260,344781.18552340113
1239261,344781.18552340113
1239271,344781.18552340113
1239276,344781.18552340113
1239278,344781.18552340113
1239294,344781.18552340113
1239313,344781.18552340113
1239402,344781.18552340113
1239482,344781.18552340113
1239483,344781.18552340113
1239484,344781.18552340113
1239485,344781.18552340113
1239490,344781.18552340113
1239519,344781.18552340113
1239527,344781.18552340113
1239532,344781.18552340113
1239533,344781.18552340113
1239534,344781.18552340113
1239535,344781.18552340113
1239537,344781.18552340113
1239558,344781.18552340113
1239566,344781.18552340113
1239568,344781.18552340113
1239577,344781.18552340113
1239578,344781.18552340113
1239585,344781.18552340113
1239589,344781.18552340113
1239598,344781.18552340113
1239601,344781.18552340113
1239963,344781.18552340113
1239978,344781.18552340113
1239994,344781.18552340113
1240122,344781.18552340113
1240137,344781.18552340113
1240202,344781.18552340113
1240229,344781.18552340113
1240235,344781.18552340113
1240281,344781.18552340113
1240283,344781.18552340113
1240338,344781.18552340113
1240418,344781.18552340113
1240441,344781.18552340113
1240442,344781.18552340113
1240444,344781.18552340113
1240448,344781.18552340113
1240464,344781.18552340113
1240465,344781.18552340113
1240498,344781.18552340113
1240504,344781.18552340113
1240505,344781.18552340113
1240516,344781.18552340113
1240535,344781.18552340113
1240539,344781.18552340113
1240540,344781.18552340113
1240617,344781.18552340113
1240649,344781.18552340113
1240720,344781.18552340113
1240728,344781.18552340113
1240735,344781.18552340113
1240736,344781.18552340113
1240977,344781.18552340113
1240979,344781.18552340113
1241045,344781.18552340113
1241069,344781.18552340113
1241079,344781.18552340113
1241087,344781.18552340113
1241091,344781.18552340113
1241093,344781.18552340113
1241095,344781.18552340113
1241101,344781.18552340113
1241103,344781.18552340113
1241115,344781.18552340113
1241117,344781.18552340113
1241128,344781.18552340113
1241130,344781.18552340113
1241139,344781.18552340113
1241151,344781.18552340113
1241289,344781.18552340113
1241295,344781.18552340113
1241453,344781.18552340113
1241454,344781.18552340113
1241459,344781.18552340113
1241460,344781.18552340113
1241478,344781.18552340113
1241488,344781.18552340113
1241744,344781.18552340113
1241746,344781.18552340113
1241753,344781.18552340113
1241756,344781.18552340113
1241757,344781.18552340113
1241760,344781.18552340113
1241761,344781.18552340113
1241764,344781.18552340113
1241795,344781.18552340113
1241796,344781.18552340113
1241798,344781.18552340113
1241803,344781.18552340113
1241804,344781.18552340113
1241807,344781.18552340113
1241810,344781.18552340113
1241813,344781.18552340113
1241826,344781.18552340113
1241833,344781.18552340113
1241834,344781.18552340113
1241837,344781.18552340113
1241842,344781.18552340113
1241843,344781.18552340113
1241897,344781.18552340113
1241913,344781.18552340113
1241975,344781.18552340113
1241978,344781.18552340113
1241980,344781.18552340113
1241981,344781.18552340113
1241983,344781.18552340113
1242077,344781.18552340113
1242080,344781.18552340113
1242082,344781.18552340113
1242090,344781.18552340113
1242092,344781.18552340113
1242118,344781.18552340113
1242119,344781.18552340113
1242131,344781.18552340113
1242132,344781.18552340113
1242135,344781.18552340113
1242139,344781.18552340113
70723,155018.7724028996
71009,303604.1927561576
71030,150530.7039312929
71670,150530.7039312929
71671,150530.7039312929
71694,287631.81369221
71697,155018.7724028996
71717,287631.81369221
71727,159721.73264490845
71785,159721.73264490845
72264,583057.3391326375
72276,272395.25181927514
72325,155906.2166320024
72326,155018.7724028996
72327,293370.8433379393
72548,280023.2447105182
72571,310049.542464716
72713,159721.73264490845
696861,159042.38725564585
696875,155018.7724028996
696882,168923.88438677843
