id,price
264893,690970.85
264899,297821.586
264910,276980.0
264915,111800.326
264919,76432.656
264928,158125.502
264932,121782.0
264935,116150.0
264939,228645.2
264944,116969.6
264954,175361.738
264955,171387.99
264969,955344.878
264978,157684.4393333333
264983,134037.95
264984,94848.442
264985,114016.558
265031,168278.25
265032,157529.8
265058,310414.7393333334
265066,332673.11883333337
265068,131391.364
265069,668902.446
265070,131435.586
265077,124757.76766666668
265090,710065.8
265094,406788.1426666667
265101,160985.502
265102,134789.384
265105,176603.4
265106,135951.732
265108,139100.59
265115,175897.99
265147,76432.656
265152,158611.526
265153,206527.544
265170,615947.342
265176,88285.592
265187,405692.30438095244
265189,114645.75
265198,567044.196
265225,107039.342
265233,214500.558
265237,354762.996
265253,236745.8
265280,370934.036
265287,209158.0
265293,123652.0
265296,188550.8
265307,285317.228
265308,235842.8
265312,220825.4
265313,128156.19
265314,239086.4
265315,214642.8
265320,186266.95
265333,280788.738
265346,186266.95
265351,272728.0
265356,126471.8
265357,112948.598
265358,109676.6
265363,325053.8
265369,129068.661
265372,243974.042
265402,240296.6
265406,218673.708
265420,336855.754
265436,259140.194
265438,216523.666
265442,134169.2
265449,161071.2
265452,253231.8
265455,122646.15
265461,561594.8
265465,141526.0
265481,151110.8
265488,442279.738
265501,82259.48800000001
265514,257551.6
265515,115406.8
265516,114271.168
265517,310215.2
265526,205474.0
265533,450409.78
265539,135949.2
265543,92802.294
265544,133637.6
265556,158761.4
265559,260619.034
265561,346708.612
265584,234372.802
265586,165367.2
265587,161689.4
265588,248249.42466666666
265593,344235.878
265596,328838.2
265607,179754.4
265608,174004.78
265610,158221.65
265613,333933.184
265653,314131.2
265663,183438.0
265669,385178.46685714286
265675,145367.8
265699,470236.55
265701,249922.0
265703,354509.902
265704,354854.902
265743,354321.902
265748,117096.4
265759,216147.172
265795,345136.82933333336
265797,260004.438
265805,349169.8
265806,163469.4
265810,163890.01044444446
265819,189704.148
265820,304926.128
265833,194551.85
265834,86509.93666666668
265843,645270.8
265851,573310.274
265862,604608.824
265864,1673322.0
265869,238304.86
265887,602286.14
265907,482562.6
265913,1973021.248
265921,109703.82
265923,380000.0
265925,737731.8
265957,237015.84
265958,1502939.8326666667
265960,227185.118
265963,150591.85
265969,936316.804
266004,662674.332
266028,205751.588
266029,951708.91
266032,909687.3440000002
266034,709577.76
266055,987843.038
266075,1105450.694
266077,1105450.694
266080,237015.84
266093,868780.0
266094,880880.0
266100,867466.42
266116,1092749.0
266129,538602.324
266144,450000.0
266160,819399.9953333333
266165,557511.7826666667
266196,241923.016
266199,415754.74
266202,162012.696
266210,271762.384
266211,703244.9
266213,298756.068
266218,288560.2706666666
266219,278365.146
266220,411138.124
266234,324287.272
266241,145242.274
266248,253690.584
266251,255216.558
266256,273406.796
266259,350000.0
266274,239591.672
266275,325091.398
266276,481380.4693333333
266279,260845.04333333333
266280,547576.1
266281,355001.5053333334
266299,435902.228
266300,319228.36
266305,98471.28190476188
266314,589818.5
266315,543036.038
266329,93669.98666666666
266332,173260.0
266350,165467.538
266368,219186.0
266375,253316.0
266381,207946.0
266382,153793.8
266393,121102.79
266394,339796.7226666666
266402,115980.598
266406,219289.64
266423,270099.534
266424,101362.612
266438,271419.598
266454,151434.0
266463,110144.582
266465,156366.4
266479,181809.4
266480,241840.0
266485,161811.352
266486,184019.8
266496,426344.44
266508,306876.2
266510,162372.738
266511,282327.198
266512,167623.596
266514,284905.6
266517,279794.0
266539,147593.788
266542,246682.774
266545,82937.36450000001
266548,386326.8
266550,275619.4
266556,216395.0
266559,280725.6
266565,149224.12
266568,404471.8
266569,264804.994
266575,213892.26666666666
266580,222020.636
266581,244629.2
266582,260993.3075
266583,235554.0
266602,517902.0
266606,291499.97533333336
266618,338346.85
266619,389773.0
266620,148228.488
266624,225689.43104761906
266626,384169.0646666667
266662,151084.262
266667,343228.996
266668,410845.4
266677,617143.412
266681,322888.724
266682,375960.4493333334
266690,261246.508
266694,271379.672
266695,271379.672
266698,447954.16266666667
266699,318931.66
266727,604404.0
266729,598358.6533333332
266731,312371.92733333335
266732,465636.6
266740,860528.4
266744,414223.744
266748,430558.4
266768,207489.00903333334
266770,731014.3333333333
266771,644192.912
266778,335577.128
266779,488614.0
266781,282769.46
266785,715301.8
266809,567209.4546666668
266819,338498.4
266821,559827.924
266824,206762.746
266830,643842.8
266831,690393.598
266845,451142.916
266846,254364.924
266847,355558.532
266851,339590.562
266858,180716.6369777778
266859,609739.4834285714
266862,672331.1221904762
266863,364378.352
266864,529589.6653333333
266872,207846.12
266875,373455.8593333334
266877,565488.304
266882,274758.324
266883,141446.0
266886,381777.0
266918,161732.89666666667
266919,516043.336
266920,206207.7
266953,494456.712
266954,353968.8
266955,511978.648
266957,521056.919
266965,701423.3753333334
266966,254634.924
266969,277980.94
266984,380424.724
266989,350858.742
266990,196173.2
267015,233211.01142857142
267016,234231.01142857142
267017,234231.01142857142
267018,133921.881
267019,194778.4
267020,195046.4
267025,511978.648
267028,656076.0
267041,195581.2
267054,234265.01142857142
267082,207044.184
267084,693883.266095238
267085,631239.0414285713
267103,281224.332
267104,111415.038
267106,222707.2
267113,203453.674
267126,182135.46
267128,127709.784
267131,198237.2
267138,129312.2
267147,159680.802
267153,181943.828
267154,137320.6
267171,186839.0
267173,130879.2
267188,184090.082
267198,186751.0
267199,186477.0
267218,239123.4
267220,248953.2
267221,160904.812
267245,311965.802
267247,141674.6
267248,181031.17
267249,209097.332
267253,213062.4
267269,258400.0
267271,237645.0
267274,406534.8
267281,248760.0
267303,222741.794
267305,324440.998
267306,200366.4
267307,136655.2
267309,223926.0
267311,205881.4
267312,253402.0
267315,331978.0
267331,158605.0
267338,175754.0
267342,135872.0
267344,137601.8
267346,258379.8
267366,190966.134
267369,155106.8
267371,149365.006
267375,165419.536
267376,164093.37
267379,123132.78
267381,252058.2
267382,232868.0
267407,154478.34
267422,152594.05714285714
267424,230392.6
267428,131614.73266666668
267431,157709.8
267434,139306.6
267437,170031.8
267438,192449.65
267439,155150.4
267440,212354.872
267441,239490.4
267443,211431.2
267460,413296.66800000006
267463,1815544.8
267494,690811.3573333333
267510,415013.22857142857
267515,386858.496
267520,370812.994
267522,669267.624
267523,616588.4906666668
267524,389710.2
267544,255488.31599999996
267546,289461.9026666666
267551,410753.764
267553,471597.286
267563,339391.38
267584,545195.89
267585,398161.8246666667
267587,517056.99999999994
267598,428505.6
267602,248197.066
267614,407377.56
267617,644529.498
267619,743815.0446666667
267620,382676.132
267623,250317.006
267627,182261.13
267633,192780.14733333336
267644,458672.4285714286
267667,115770.34
267738,151976.0
267740,141914.2
267743,293635.498
267778,166065.264
267779,171410.2
267799,161300.0
267800,181222.0
267814,318774.05
267816,194503.763
267833,152344.54
267834,122807.37
267836,320111.25
267847,135232.3486666667
267858,305773.25533333333
267891,293733.548
267896,323213.022
267899,153778.17119999998
267900,268432.226
267902,331373.212
267908,656435.6483333333
267924,342391.54
267933,163693.1133333333
267936,429637.2
267939,281734.738
267941,435000.0
267942,274967.73133333336
267967,138231.796
267970,166667.27457142857
267980,155890.828
267990,173445.032
267992,354164.602
267994,249627.0
267995,68301.132
267999,209611.2
268003,435000.0
268020,215349.596
268033,402451.43
268041,144158.032
268056,130737.34
268067,327248.702
268070,99807.234
268071,536883.648
268121,544758.5124444445
268144,222618.002
268145,398130.978
268147,140671.066
268149,189923.744
268150,140671.066
268157,169217.2
268159,354129.8
268161,591463.014
268175,301213.8
268189,198884.0
268208,161597.8
308905,160545.0
312310,700711.374
312331,471560.788
695165,514624.0
695166,229500.0
695170,346295.926
695176,580675.872
695178,304289.636
695181,381230.541
695183,487958.32
695185,660613.5506999999
695196,324957.336
695203,278061.2
695205,209500.0
695207,178229.138
695236,361184.638
695238,228271.034
695252,229983.8
695257,770804.65
713635,330135.796
714108,173413.2
714284,272970.018
714645,695254.0
714753,570063.988
714863,989388.0
714924,627288.2
715132,192540.376
715405,228411.59333333335
715433,570576.0
715694,357431.994
715746,173428.2
715898,212621.98
715902,218192.2
715996,666349.6
716065,312433.82
716097,861348.0
716329,156193.65
716360,376405.592
716377,579495.6
716484,241920.396
716541,354867.996
716634,384127.034
716888,624214.0
717017,356397.788
717109,241900.992
717307,373187.7486666667
717459,354491.398
717524,314596.8
717568,282390.0
717688,284696.1
717690,849924.0
717797,379327.582
717829,323730.006
717945,874560.0
717983,660665.8
718276,609127.8
718584,338005.8
718617,216667.0
718717,342139.626
718867,420168.89714285714
718943,560268.976
718997,392542.404
719116,165434.0
719132,401262.5
719287,240123.998
719579,620318.88
719846,194401.0
719893,264676.618
720041,346067.05
720088,349093.2
720180,256201.2
720249,194436.284
720261,382698.772
720293,234583.6
720364,253349.42
720455,327359.992
720564,194536.032
720679,265384.7
720725,194927.2289047619
720817,300936.15
720854,321708.192
720920,275707.638
721130,203577.36
721266,243274.14
721531,234281.0
721844,173256.322
721882,329269.968
722050,176588.8
722151,158109.4
722225,963266.0
722264,275482.6
722516,381395.0
722520,202142.6
722594,553437.8
722649,130821.102
722769,178465.8
724397,297822.736
724457,428586.6
724486,337963.598
724488,1737000.332
724574,408167.4
724620,661042.52
724674,330420.31
724767,722662.586
724786,518622.092
724908,791383.69
725124,241549.0
725211,439064.4
725280,444577.6
725364,441418.0
725393,546916.0
725425,417986.798
725455,333812.994
725547,426880.634
725814,228199.6
725829,204516.0
725999,1056340.204
726088,292227.294
726214,287435.4
726348,212395.0
726542,266704.858
726620,276225.618
726910,268918.03
727068,461347.2
727229,126187.2
727458,327468.6633333334
727699,360708.828
728077,101880.0
728089,363716.994
728272,297963.16
728553,545462.88
728592,183395.036
728640,311292.394
728663,202384.66
729105,271034.58
729267,186685.6
729622,260315.0073333333
730128,149176.0
730298,155951.4
730619,152979.2
730712,263331.684
731061,169652.6
731131,192891.798
731142,487822.0
731240,233409.216
731527,197591.98
731655,348525.996
731841,285816.792
731925,192423.2
732382,144398.398
732568,261560.842
732810,335223.198
732969,218743.8
733029,368014.8
733077,766279.6
733091,638988.8
733208,170609.4
733226,235699.688
733230,155430.19933333332
733238,272783.7
733347,387685.66
733542,448814.16
734153,148290.138
734154,255970.598
734176,587048.8
734212,572837.8
734217,425205.872
734258,358342.474
734334,455259.4
734397,409725.04
734666,270047.004
734674,216518.846
734675,195918.738
734724,701894.0
734919,305672.342
735058,398982.66
735319,352716.05
735691,256454.8
735730,431392.99
735875,240419.4
736019,232746.18
736274,214894.36
736752,341174.6
736842,160418.0
736845,587819.0
736880,290242.8
737208,218749.998
737501,360000.0
737652,380682.592
737722,750153.8
738039,426581.8
738057,325112.182
738082,394558.4041666666
738665,276369.756
738841,302337.25
739007,160555.398
739075,210308.6
739255,520093.8
739492,249802.4
740378,502540.398
740535,100866.18
741340,456781.16
741408,152631.596
741684,204839.38
742269,289465.86
742430,385440.85866666667
742608,540129.96
742744,320910.8
742791,193918.2
742826,219105.0
742881,220903.3106666667
742899,151761.2
743231,265408.596
743527,495475.0
743534,182424.899
743562,159131.4
743664,385440.85866666667
743926,524997.8
744027,374914.698
744337,278411.45
744508,256557.38
744690,284202.12
745006,255802.11119999998
745047,276383.006
745193,249464.6
745245,169627.996
745515,261495.388
746017,423574.6
746053,149460.4
746265,653618.6
746355,725026.0
746375,204833.6
746382,323206.794
746483,191670.598
746772,155162.0
746949,197715.78
746954,227379.112
746984,130792.6
748310,237275.776
748476,291003.6
748712,461773.32
748736,162324.2
748773,174431.8
748803,505756.375
749336,176587.6815
749657,174398.6
749755,324871.798
749845,136156.999
750054,392063.6
750136,221395.58
750580,295271.674
750771,549600.0
751301,142168.8
751365,227217.4
751450,667541.798
751496,921123.2
751560,761850.0
751799,253380.114
751846,133508.597
751847,182844.19
751897,448550.94
751958,244103.392
751960,369258.4
752204,198422.182
752309,670647.2
752365,198250.398
752608,194739.0
752648,179982.3
752691,237225.19
752814,213732.398
752877,243413.278
753069,236177.596
753118,140880.6
753224,441755.82
753227,246447.838
753248,144504.8
753391,292289.0
753482,255821.938
753516,386201.236
753532,341106.768
753563,183870.796
753651,1112452.0
753842,172866.2
754089,190140.8
754090,239793.772
754125,275074.072
754506,330195.178
754620,158442.6
754630,387295.9
754802,194247.996
754861,229448.4
754927,223551.196
754936,494441.998
755034,233509.4
755072,187215.988
755075,136841.0
755879,195819.98
756141,330574.498
757137,502850.0
757268,215183.5
757525,270320.584
757552,274701.8
757671,269129.776
757699,157420.2
757723,229622.898
757778,172515.2
757807,346991.4
757810,460432.8
758073,231348.038
758157,192905.57
758385,473192.0
758409,148632.4
758503,149474.8
758531,217591.642
758589,217403.9013333333
758722,136690.774
758785,318116.978
758793,238245.262
758855,363395.24
758943,344182.79
758961,208684.8
759020,338543.2
759066,218569.98
759073,227248.0
759076,327674.894
759330,297994.8
760184,241052.578
760381,588586.976
760382,588586.976
760545,540185.594
760920,231329.0
767749,227573.198
767766,221117.4
767960,239390.798
768051,204814.68
771578,201874.2
771667,379491.54206666665
771785,118104.13866666667
771860,170676.0463333333
772094,188154.798
772238,171283.0
772563,430332.0
772956,220603.2
773061,257686.018
773111,256107.038
773288,185287.6
773498,699376.6
773599,376537.596
773705,192026.506
773905,122526.0
773965,386657.38
773973,165661.1
774075,316496.98
774236,112353.68
774296,323019.8272714286
774423,255871.2
774558,326597.00296666665
774559,342087.182
774858,196012.2
774859,229495.16
774860,239813.6
774861,215539.98
774863,281972.94
774864,199726.22
774865,305382.988
774866,208473.2
774870,314599.6
774874,154541.398
774908,342789.0
774914,265136.3576452381
775168,293517.66
775205,247309.796
775210,385619.31806666666
775320,335139.2276666667
775438,233123.904
775442,226865.0
775443,208211.2
775444,209809.8
775445,235788.6
775447,206235.0
775448,176845.6
775554,299576.75
775555,127855.38
775586,273164.194
775612,346416.8
775729,143644.4
775785,153627.0
775911,201049.6
776126,149069.6
776220,421995.1126666667
776281,242283.8
776537,568398.8
776718,239876.6
776786,218889.0
777092,382223.002
777265,191511.6
777365,374429.352
777442,223882.928
777610,646242.0
777612,175000.0
777763,223485.586
777818,337587.0
778020,226296.866
792324,523388.6
792630,223952.14
792713,117518.306
792725,301783.128
792887,366799.994
792939,536922.0
793005,233562.20733333335
793008,261320.52
793066,152855.646
793127,339864.798
793161,185848.93
793409,193003.598
793475,296113.0
793537,429055.478
793642,225649.6
793661,179173.496
793768,297051.004
793977,906745.8
793978,272679.59
794009,580074.6
794521,165865.388
794522,163943.19666666666
794646,192026.91
794657,266922.256
794681,341699.27
794957,338454.5
795043,171294.588
795214,168161.8
795458,157082.6
795504,381368.998
795614,201107.8
795689,327414.246
795690,352136.64
795749,321003.0056666666
795780,333283.966
796046,365967.796
796093,124643.598
796230,404917.3
796239,364629.606
796407,757151.0
796414,309639.2
796526,211904.6
796611,233882.8
796612,256176.958
796693,169529.4
796941,284392.748
797000,335743.558
797301,334970.178
797320,260550.156
797501,242530.2
797556,366416.4
797602,170243.42
797607,170243.42
797650,288713.1
797759,738420.0
797840,303624.57
797920,157884.05
797955,150520.93
797986,312723.752
798122,393974.778
798154,546406.4
799016,189955.398
799634,193841.584
799788,542681.0
800114,224763.4
800138,265399.0
800424,146771.54214644898
800449,873725.95
800510,549666.0
800532,168244.4
800541,265640.5461
800609,280050.85
800668,245000.0
800744,427339.7
800866,309431.236
800903,450370.728
800916,335844.17569999996
801752,280548.6
801804,239388.78
801847,610085.532
801858,198707.596
802128,483099.8
802258,213330.198
802295,253077.55
802341,426800.016
802386,903784.4
802424,171656.78
802445,159554.98
802668,388433.794
802700,155210.734
802704,256918.4
802728,371155.8
802910,189246.582
803292,307846.6
803311,95919.66866666666
803329,148457.146
803374,272950.798
803536,377963.3
803639,462259.38
804024,227858.98
804212,779197.2
804231,209450.6
804291,477984.794
804531,171209.832
804598,170243.42
804627,159423.2
804631,204598.6
804637,473967.2
804655,192119.568
804744,250026.2457
804766,157688.3
804807,130000.0
805014,660135.4
805098,741054.4
805194,354813.9253333334
805373,585084.0
805394,357128.2
805486,165103.398
805500,408132.0
805630,270251.58
805757,267196.6
806068,480378.0
806144,127346.2
806361,193115.166
806422,339536.14
806448,270435.842
806622,218508.38
806748,303536.398
806977,357996.0
806994,370739.0
807158,111103.57952380952
807182,181510.776
807185,173329.392
807247,109947.786
807280,385945.58
807366,191965.794
807797,279774.024
808029,311709.776
808116,302214.59512142855
808193,725280.75
808317,228325.8
808398,207662.198
808402,473827.76
808665,230000.0
808694,159499.624
809040,268924.676
809598,301414.6854087302
809658,204431.6
810178,128582.6
810217,325297.756
810247,181012.5
810250,143333.3
810315,503748.0
810593,709186.0
810694,220310.9288333333
810750,161927.2
810752,449521.36
810823,417039.56
811013,628405.9333333332
811014,1165957.87
811029,826504.0
811033,402547.3
811079,184863.8
811149,554555.0
811154,159215.6
811318,351346.796
811572,267001.18
811752,220274.98
811825,174400.0
811863,596726.2
811890,240560.7333333333
812013,195106.398
812020,230696.2726666667
812190,253158.0
812277,299000.0
812281,400518.0
812496,548654.0
813366,278705.268
813513,215073.8
813541,174606.16
813723,821139.8
813854,383018.8451428571
813900,1051966.0
813905,466212.0
813991,177054.798
814439,211709.0
814562,757294.0
814741,163991.8
814748,289727.644
814792,231068.722
814808,223812.6
814955,279469.4048
815240,347652.792
815395,542680.0
815501,232823.4
815512,232712.0
815573,549722.0
815588,344974.126
815670,421449.6
815688,299910.47380952374
815690,274120.558
815696,515265.958
815763,244182.506
815988,344960.4
816064,393935.068
816242,365924.558
816290,361462.1
816334,423107.8
816744,256637.4
816890,197875.314
816995,151046.698
816999,282507.0
817070,253707.4
817184,1087968.646
817220,190221.596
817222,176768.5
817335,329838.2
817398,184770.9
817401,576905.0
817469,734245.3333333333
817478,1144681.398
817485,735675.0
849254,458215.908
849335,370026.8
849583,592071.356
849628,448392.2
849715,647501.0
849938,416104.172
850070,272732.18
850071,315050.994
850074,520612.976
850143,197141.47
850650,475721.174
850688,223101.376
850706,177354.272
851200,233498.2
851362,677592.0
851404,628643.4
851791,298255.8
851810,211699.9693333333
851844,221619.576
851885,408503.798
851929,408503.798
852009,172036.4
852060,822859.506
852108,466680.0
852166,191246.0466666667
852210,628002.0
852356,209446.2
852727,323171.29666666663
852786,183330.4
852794,158878.8
852798,266901.732
852811,212910.4
852983,214093.914
853152,318686.2326666666
853212,183797.158
853308,245116.4
853360,300454.1866666667
853400,386005.8
853448,208506.0
853547,422168.32
853738,260739.4
853999,162840.772
854058,191112.80825
854206,505101.58
854316,460546.956
854372,925750.0
854548,328158.98
854627,466142.388
854717,647617.1333333333
854804,546449.58
854850,200979.316
855254,500133.6
855290,390433.2106666666
855591,469844.916
855835,388589.9
856006,408846.204
856174,212825.42
856192,249908.22
856247,301036.584
856511,676894.0
856637,288018.798
856638,223787.598
856646,335366.0
856699,536890.0
856869,345386.194
856903,425525.73625
857014,465821.38
857021,233772.596
857337,105625.148
857466,360276.47
857561,635448.0
857715,316457.678
857930,568657.0
857933,561833.0
857984,181262.86066666665
858020,185002.4
858115,181982.0
858187,368880.148
858284,236482.916
858313,169638.4
858343,171896.31
858367,645487.624
858368,203507.99
858391,544200.566
858467,160323.8
858620,317622.796
858789,457868.594
858910,255644.398
858923,390695.4
858925,145019.4
859089,272081.78
859208,426082.966
859213,258624.546
859448,357561.998
859735,355683.984
859737,296290.0
859952,304474.234
860006,304474.234
860132,165538.6
860301,166571.996
860323,178283.354
860335,302474.036
860364,179803.4133333333
860502,636381.75
860548,577569.6
860582,361535.4
860748,515710.4
860775,487928.6
860948,468851.6
861031,755538.0
861333,139968.2
861384,237928.798
861474,304294.2
861714,249907.534
861731,278709.16733333335
861732,421089.85160000005
861737,207331.148
861820,240982.042
861885,442125.374
862030,284077.72
862188,187386.5
862261,170590.4
862281,186188.625
862618,148350.584
862788,468474.84
862799,224617.552
862968,211722.788
862970,189019.8
862972,308658.598
863013,193927.9313333333
863030,532961.98
863134,504571.18
863308,215440.182
863598,593282.64
863775,201603.998
863870,660996.586
863876,207185.69
863878,238338.146
863962,588997.4
864003,665103.6
864031,333464.268
864076,309549.902
864259,296628.586
864264,279732.992
864392,473975.388
864413,441209.0
864696,265867.91
864957,697919.8
864967,225403.4
865059,251770.6
865088,139657.798
865172,219301.796
865294,309418.996
865295,281562.0
865397,341368.868
865837,170779.196
865915,747970.0
865988,253596.598
866170,205383.998
866219,164454.4
866221,169159.172
866233,571533.78
866670,197028.994
866690,339880.038
866710,129900.0
866832,221386.32
866953,431862.8
867179,185160.4
867437,351098.2
867463,291013.7854666667
867734,298319.974
867910,206675.772
868080,191146.8
868188,215537.87
868288,1130870.752
868374,300989.4
868833,256741.54
869107,206326.93561904764
869128,218404.02
869129,212570.444
869138,262881.576
869231,350986.078
869299,721042.586
869366,263459.96
869499,237542.198
869632,249638.198
869658,207918.598
869693,332798.98056666664
870083,246732.0
870420,261458.4
870666,170145.6
870737,246365.298
870738,243432.798
870742,297499.98
870773,197131.284
870921,237069.032
871140,286044.796
871143,296628.586
871239,302437.46
871264,182257.908
871783,425025.6
871887,213037.766
872186,189170.8
872351,279359.8
872453,578865.8
872615,350000.0
873114,220786.0
873126,241361.38
873173,307199.0038285714
873306,209988.35
874035,344013.876
874087,204923.518
874106,510179.98
874111,213276.0
874132,312641.16
874172,213276.0
874299,298109.338
874301,151802.548
874678,237640.652
875005,323065.198
875040,213128.0
875084,378462.2
875343,252260.6
875373,389449.518
875694,390808.4
875715,464716.74666666664
875883,350000.0
875956,682119.0
876188,200000.0
876243,243114.304
876248,243032.6
876298,949648.0
876348,209692.0866666667
876525,518458.0
876573,230745.342
876658,163292.198
876802,127586.188
877045,190200.76
877057,196338.8
877061,215581.0
877082,230699.2
877159,651391.4
877356,252502.0
877405,351844.388
877586,269581.4
877678,173521.59
877695,870693.92
877858,159394.154
877986,416345.2
877992,352601.9
877993,366411.766
877999,163563.0
878136,189734.58
878160,309655.94
878162,266545.0
878163,179761.68
878164,371831.4065
878185,286252.79
878259,107110.0
878329,203344.28
878421,664644.468
878447,322660.52
878983,272471.02361904766
879011,412767.796
879025,262531.874
879202,536363.8
879262,269067.79
879410,139996.0
879445,143578.74866666665
879490,470932.56
879704,228807.198
879837,209305.0
879874,321642.798
879899,408540.16
879907,328159.8
880010,300927.7013333334
880022,515252.998
880054,247156.15
880204,301385.096
880277,211979.298
880443,215731.378
880473,219995.394
880481,600786.6
880488,600786.6
880535,455077.8
880552,507790.3
880554,507790.3
880659,205212.96
880698,226701.198
880710,553917.17
880760,227038.2
880910,367963.758
881195,273377.774
881204,563755.6
881269,182791.95
881271,328677.3
881536,299731.074
881648,251079.798
881673,577998.0
881944,396448.8
882063,513896.0
882221,205328.58
882324,262294.598
882337,510557.4
882438,297633.298
882778,215232.56
882904,289821.8
882962,328038.754
883438,232563.17933333333
883576,250954.384
883600,209471.6
883704,171230.388
883831,296636.522
884093,270925.066
884099,189810.77
884231,201968.988
884499,442259.868
884561,719714.6
884563,719714.6
884654,119243.99
917473,251128.394
917675,400363.4
917724,783298.0
918021,627721.8
918033,482906.16
918035,421863.48
918495,517677.786
918508,694295.4
918559,148288.8
918632,510404.0
918906,413915.698
918909,201306.6
918921,387746.42244444444
919282,1103966.0
919294,991844.0
919346,249823.8
919348,427542.76
919349,406693.16
919389,484769.6
919475,208401.2
919477,232804.27
919478,121838.752
919577,373383.99
919708,440046.296
919726,144134.398
919736,412937.2
919757,205663.576
919778,288991.676
919891,194420.55266666668
919997,287216.0
920012,307519.4
920013,207771.152
920137,482899.0
920258,379442.46
920314,472140.918
920322,454503.6
922004,368803.8
922014,155642.79
922214,246139.734
922244,312547.578
1024686,281695.67
1024698,385576.0
1024801,180000.0
1025018,307034.38039999997
1025058,201741.0
1025061,201792.8
1025080,227238.796
1025173,159616.786
1025211,190386.598
1025298,334208.958
1025315,221674.584
1025346,268795.36
1025350,629132.48
1026050,413640.2564761905
1026150,398130.6
1026439,184838.006
1026667,189986.718
1026670,329533.194
1026853,230071.388
1026857,395436.4
1027120,297134.734
1027152,179671.2
1027154,1065707.946
1027285,272365.8
1027287,220106.78
1027289,216621.2
1027304,369448.0
1027312,260000.0
1027564,211700.192
1027908,233887.96085714287
1028089,202219.742
1028529,326747.068
1028591,186616.0
1028658,187134.6
1028708,326061.39
1028749,445257.98
1028829,452052.14
1028874,327414.246
1029454,180738.796
1029472,1013885.8
1029518,215197.8
1029744,206636.9
1029859,169929.612
1030059,313794.488
1030097,199001.53
1030101,169406.7826285714
1030123,511418.8
1030203,388281.836
1030283,211115.85
1030444,473295.98
1030455,388520.0
1030459,147088.4
1030503,253374.396
1030736,90979.8
1030804,193085.794
1030937,448366.554
1031066,479225.38
1031181,202066.166
1031311,386535.992
1031478,193265.798
1031619,87025.22320000001
1031690,343740.386
1031854,161485.598
1031858,326599.092
1031906,303182.378
1031920,169291.14
1031942,146932.0
1032259,349125.798
1032333,132113.196
1032385,226906.082
1032393,404813.596
1032599,166927.76
1032620,309600.994
1032637,328037.744
1032669,236213.76
1032731,359681.772
1032777,248820.812
1032887,147268.4
1032923,305250.776
1032932,656074.0
1033063,262965.172
1033091,220897.4
1033395,170104.59
1033445,153668.0
1033457,511628.2
1033533,185001.528
1033712,411238.5646666666
1033894,237571.626
1033932,138621.2726666667
1033937,658274.0
1033988,494966.0
1033989,494966.0
1034003,324726.4
1034012,126213.6
1034047,563037.0
1034062,146449.804
1034064,134918.188
1034065,161834.28
1034066,181381.692
1034068,229434.2
1034078,367328.574
1034088,215909.0
1034300,468504.4
1034363,352653.6
1034496,186727.38
1034605,369825.8
1034670,301070.024
1034716,355772.988
1034718,294932.56
1034778,1217611.998
1034779,528755.4
1034803,251177.998
1034837,217021.396
1034944,246839.158
1035106,199377.4
1035111,182009.8726666667
1035166,590114.4
1035490,825409.172
1035494,160899.0
1035524,243112.6
1035548,161609.19
1035564,215603.1
1035605,438653.93914285715
1035785,217342.986
1035893,389383.0
1036037,451910.754
1036072,417431.2
1036103,345025.75
1036226,529849.978
1037508,336108.968
1037509,136005.6
1037613,490805.18
1037615,475726.77
1037616,1148507.992
1037617,563291.592
1037619,670176.05
1037699,239071.8
1037850,900000.0
1037908,327233.6
1038175,376046.4
1038180,189203.798
1038183,850329.928
1038322,483312.8
1038432,270877.538
1038447,155471.32
1038448,206859.47133333332
1038494,279534.642
1038509,288096.12
1038512,223666.198
1038516,211953.2
1038517,264971.874
1038532,261635.6
1038541,323973.542
1038551,279799.0
1038600,176156.8
1038788,489853.8
1038956,387877.986
1038957,204368.8
1039041,136530.6
1039176,295830.0
1039208,130196.2
1039427,201337.8
1039430,418781.998
1039434,137122.996
1039449,201671.75
1039523,388869.0
1039795,280071.468
1039810,574204.332
1039879,382724.594
1040038,281570.2
1040077,826520.6
1040154,157539.2
1040155,179969.597
1040245,117053.594
1040616,193062.0
1040659,375843.6
1040829,158115.798
1040841,411519.65314285713
1041077,91275.142
1041312,231430.998
1041324,137870.428
1041354,135695.082
1041377,98970.98666666668
1041469,161284.996
1041480,218083.94
1041501,360820.8
1041515,332360.6
1041815,139003.372
1041945,413492.2
1041997,242930.524
1042010,479784.0
1042250,267386.8
1042254,255356.736
1042365,238268.4
1042421,340221.4
1042710,158531.834
1043106,214141.0
1043116,278595.88
1043117,184790.554
1043349,469661.0066
1043369,370661.598
1043413,199428.29742857144
1043475,277893.8
1043480,185955.842
1043482,377539.396
1043492,164559.19
1043501,253828.2
1043542,286591.6
1043603,200338.4
1043620,727810.2
1043688,241236.488
1043779,354668.4
1043799,267577.8
1043891,437588.996
1043892,373846.2
1043945,1003229.988
1044186,181129.8
1044193,222048.982
1044204,256060.136
1044205,256060.136
1044215,462385.194
1044236,722291.2
1044277,410790.0
1044296,689480.8
1044297,1180517.992
1044356,222470.0
1044456,147727.79066666667
1044496,549565.596
1044569,243348.2
1044700,233743.986
1044742,253098.8
1044802,245867.514
1044803,249493.736
1044813,334386.29
1044832,232277.002
1044867,272608.598
1045016,353386.8
1045148,173491.8
1045209,245170.8
1045223,634241.0
1045320,239000.0
1045323,300827.94
1045414,238483.304
1045572,640114.264
1045573,539516.2
1045595,368305.758
1045679,193273.95
1045724,562174.332
1045725,562174.332
1045730,302591.946
1045799,279473.958
1045886,393888.8
1045930,783298.0
1045955,201140.7
1045981,309317.774
1046127,189887.13333333333
1046209,184246.82
1046212,536138.056
1046225,140038.62917948718
1046231,266068.88
1046257,296609.72133333335
1046283,195583.54200000002
1046328,220442.396
1046331,235157.4893333333
1046356,140711.144
1046430,105118.8
1046462,244375.398
1046488,215705.986
1046498,215031.72
1046576,252470.6
1046593,472363.592
1046597,295788.554
1046633,317039.58
1046719,529849.978
1046832,143470.4
1046844,606455.8
1046861,202803.796
1046862,202803.796
1046875,206094.24466666667
1046947,342464.6
1046952,302953.8
1046992,204814.18
1047083,126995.6
1047115,275714.484
1047118,442326.672
1047172,282982.916
1047190,224532.398
1047193,219793.172
1047257,233927.2
1047273,195363.4
1047480,309804.6
1047498,205983.02
1047543,718651.0
1047617,176656.998
1047712,196292.0
1047901,255000.0
1047986,251206.168
1048124,231818.145
1048181,203805.9
1048203,282367.3
1048241,180387.4
1048292,272349.996
1048310,221512.062
1048513,504905.58
1048631,144030.374
1049174,218188.424
1049242,988277.8
1049249,711667.2
1049252,207261.2
1049305,238264.06
1049306,242201.26
1049317,223413.606
1049322,760566.0
1049326,218448.28
1049334,429530.588
1049336,321533.15625
1049377,182531.2
1049418,175426.2
1049447,138919.004
1049476,297432.86666666664
1049480,474516.572
1049490,327164.196
1049498,276966.8
1049499,227918.758
1049504,329671.71
1049505,158414.4
1049521,130911.0
1049551,418753.44
1049557,261881.596
1049586,247930.554
1049673,280563.978
1049674,421054.0
1049684,335900.798
1049721,345529.138
1049728,210582.9184
1049744,129181.136
1049769,378223.0
1049783,167735.7
1049881,430363.236
1049888,292970.64
1049902,410220.998
1049929,200873.4
1050083,459811.76
1050117,332507.8
1050132,340168.66356666666
1050134,394361.89
1050140,220930.0
1050208,154324.0
1050240,234343.978
1050279,460218.0
1050338,180889.708
1050362,224093.6
1050433,542985.36
1050457,372161.968
1050501,579152.0
1050574,405891.08
1050594,501126.09116666665
1050656,179392.882
1050862,411794.098
1050863,334312.29
1050909,428203.97
1050939,411171.0
1050946,337803.0
1050995,255447.858
1051015,125384.0
1051038,144609.504
1051097,487915.24
1051130,264590.8
1051148,709934.83
1051151,479873.976
1051239,368351.0
1051244,547195.63
1051288,293700.04
1051313,244468.28952380957
1051314,234193.70952380955
1051354,199239.28
1051440,150516.598
1051504,166797.594
1051585,139814.0
1051651,249565.378
1051887,286950.0
1051929,793227.8
1052048,332061.558
1052213,478016.2
1052363,148625.8
1052422,532827.0
1052438,337634.396
1052484,197063.34
1052505,508483.398
1052581,320004.34
1052622,207748.0
1052708,198085.8
1052827,328596.778
1052838,182436.366
1052871,549122.0266666667
1052891,171663.6
1053088,183132.6
1053226,583513.0
1053352,494966.0
1053730,377157.34
1053935,204675.0
1054083,494966.0
1054093,222653.1974761905
1054179,187482.0
1054262,150708.0
1054334,315154.59
1054358,146796.684
1054564,209923.7
1054624,407313.2
1054633,305963.08
1054796,316403.398
1054801,215440.978
1054937,716233.6
1054961,231001.686
1055035,219988.908
1055041,329479.588
1055092,336919.4
1055135,118899.99533333333
1055232,473259.7
1055233,100989.8
1055361,447106.0
1055407,260632.8
1055408,244732.402
1055462,327557.086
1055471,295713.198
1055681,242684.494
1055727,509003.864
1055783,727196.0
1055884,339554.852
1055885,339554.852
1055936,126044.0
1055950,285870.716
1055976,236835.562
1056019,333501.1704761905
1056287,218469.0
1056414,95674.69942857143
1056599,411035.998
1056744,373439.334
1056825,147642.4
1056826,500551.6
1056908,368650.02
1056914,195109.38
1056944,332225.3506666667
1057065,212684.418
1057090,326059.342
1057091,336919.4
1057148,225000.0
1057149,225000.0
1057150,225000.0
1057151,225000.0
1057152,225000.0
1057153,225000.0
1057234,325079.97
1057297,170923.8
1057375,215406.398
1057507,175759.618
1057887,351498.12333333335
1057947,325168.494
1057950,343796.928
1057955,319400.488
1057965,265944.57
1058044,249110.958
1058078,285837.7
1058101,201045.052
1058176,435138.21
1058333,187870.958
1058334,188214.4
1058599,437955.0
1058796,306916.712
1058801,237614.0
1058802,557991.1916666668
1058822,244325.8
1058928,185120.694
1058931,514551.0
1059002,214517.85
1059048,411633.98
1059114,1247809.99
1059119,194743.0
1059129,230586.4
1059188,256554.024
1059376,189636.111
1059388,626275.556
1059539,302948.184
1059545,206870.2
1059547,185620.826
1059555,239298.38
1059586,272781.394
1059624,118930.0
1059665,453793.8
1059675,195102.362
1059677,206870.2
1059748,189255.4
1059846,531119.0
1059865,208719.2
1059892,208960.4
1059967,324430.4938095238
1059984,452227.76
1059989,250408.096
1060018,228356.99
1060098,169851.8
1060175,226805.58
1060194,245591.61
1060278,926044.4
1060355,423198.8
1060363,437705.0
1060389,338492.166
1060551,323843.8
1060564,281268.2993333334
1060584,278190.19933333335
1060585,263565.146
1060754,156856.58
1060785,317360.234
1060795,341460.25866666663
1060797,422471.8
1060800,220000.0
1060854,383517.6
1060907,191867.786
1060916,241042.612
1060943,158268.2
1060944,240123.998
1061025,351012.396
1061064,129831.8
1061103,626865.588
1061329,405885.776
1061352,400000.0
1061419,204618.4
1061472,274120.558
1061474,421449.6
1061489,299910.47380952374
1061521,105500.0
1061613,190155.6
1061628,187618.818
1061716,357000.4
1061773,397220.07492063486
1061906,217173.0
1061981,209521.716
1062059,216477.998
1062062,423447.8
1062154,250907.92
1062179,130606.8
1062215,187618.818
1062231,140341.998
1062234,378753.038
1062235,378753.038
1062237,119239.2
1150057,167906.194
1150061,321281.598
1150062,156159.574
1150302,596296.1
1150304,424024.562
1150307,419675.774
1150308,381724.998
1150312,254441.368
1150313,427924.0932727273
1150315,483762.098
1150318,542810.534
1150709,378035.776
1150711,415080.598
1150714,304385.6
1150716,375875.5626666667
1150721,371584.388
1150722,388717.8
1150723,410502.98
1150727,378137.584
1150729,509813.42
1150732,540409.58
1150733,381642.6
1150739,664133.798
1150741,423255.52
1150744,530147.41
1150751,394070.0
1158788,366385.8711333333
1158790,333274.36
1158794,102736.31542857141
1158798,344862.12
1158802,400000.0
1158803,400000.0
1158804,400000.0
1158972,210433.6
1158973,260371.8
1158979,360128.86
1158980,159035.2
1158982,189733.4
1159208,1076943.306
1159224,354258.182
1159254,358575.022
1159717,159222.32483333332
1159725,159545.598
1159755,336783.998
1159756,363408.732
1159757,227061.284
1159758,202943.2
1159760,163846.864
1159762,185317.58
1159764,146540.6
1160340,163900.8
1160342,211392.56
1160347,466370.0
1160348,155459.0
1160352,436675.98
1160353,304520.96
1160357,281955.32
1160368,900000.0
1160370,445807.0
1160372,562617.176
1160628,312972.3664
1160633,355416.886
1160635,376857.0
1160642,641173.2
1160644,210519.18
1160646,281390.4
1160651,170999.7286666667
1160652,198752.9745833333
1160659,316074.72
1160663,319050.118
1160877,538276.6666666666
1160879,456815.052
1160881,372264.636
1160884,633203.8
1160887,327235.714
1160891,768378.732
1160892,425526.332
1160893,506375.0
1160897,1694362.956
1160900,826504.0
1160901,659618.0
1160903,813534.0
1160909,1829468.4
1160910,594569.38
1160913,700887.864
1160916,1707392.0
1162333,418153.196
1162334,446838.8
1162374,439955.596
1162376,425529.374
1162380,408712.2
1162381,402418.6
1162382,200324.8427619048
1162385,479565.31333333335
1162386,433649.938
1162638,312442.8
1162639,283251.589
1162640,377509.856
1162641,297564.0
1162643,288158.99
1162707,368339.434
1162708,243714.53
1162764,350000.0
1162899,211813.4
1162918,412793.608
1162924,204139.6
1162925,287678.4233333334
1162926,210165.8
1162927,222769.274
1163023,477269.98
1163027,242834.0
1163028,357881.6
1163039,247864.776
1163040,332072.8
1163042,331620.792
1163043,368649.098
1163044,295141.382
1163047,231845.07866666667
1163050,310345.216
1163083,377606.182
1163086,451294.48
1163089,311070.472
1163090,633791.596
1163091,308538.436
1163092,239000.0
1163093,534207.0
1163095,568923.4
1163096,247124.876
1163264,327463.178
1163271,377601.996
1164020,593987.0
1164022,240000.0
1164028,447820.2
1164565,343475.112
1164567,555957.0
1164571,298716.6246666666
1164576,297603.65466666664
1164578,409501.7
1164580,421955.386
1164581,410620.256
1164582,634146.0
1164583,242648.84933333335
1164617,710461.8
1164618,455166.878
1164622,229491.34066666666
1164625,665782.606
1164627,832211.584
1164629,550075.8
1164911,576545.616
1164914,586815.996
1164916,285710.57
1164936,188985.8
1164938,211616.988
1164940,181466.986
1167361,559062.968
1167364,199567.148
1167369,374224.47114285716
1167373,255695.588
1167374,324279.39
1167375,226113.6
1167383,670000.0
1167385,378617.3693333334
1167387,239000.0
1167388,310081.92
1167392,228132.97666666665
1167397,251020.18
1167398,206452.4116
1167399,209307.8
1167401,311475.94
1167402,308471.542
1167403,276470.44
1167404,196045.8
1167405,253780.0
1167406,262073.38
1167407,237139.6
1167409,310439.4
1167410,263292.38
1167411,198955.0
1167412,190710.0
1167413,212374.8
1167414,194789.506
1167426,205069.6
1167429,224016.598
1167430,273427.674
1167431,214329.8
1167437,242458.8
1167439,323297.29
1171188,245101.2
1171191,165333.8
1171194,195415.992
1171195,218795.78
1171196,160247.0
1171200,217065.6
1171201,184969.798
1171203,176986.0
1171204,244646.8
1171205,210207.8
1171362,1067320.0
1171367,722973.046
1172945,191562.0
1172952,219945.54
1173341,1022981.88
1173343,776579.0
1173347,234928.96
1173351,339491.194
1173353,318756.794
1173355,374251.39
1173356,266520.0
1173358,354622.598
1173362,273377.34
1173364,332813.0566666667
1174252,808553.0
1174253,1207324.001
1174258,803692.0
1174265,456149.796
1174280,855930.598
1174393,185988.9
1174395,172388.4
1174396,184242.8
1174397,155461.0
1174398,194520.196
1174400,270818.766
1174404,205780.724
1174405,137612.4
1174407,151557.6
1174456,191805.6
1174460,192784.478
1174462,201495.34
1174465,272791.758
1174466,221918.98
1174468,184084.0
1174469,198851.78
1174471,179341.0
1174472,247302.896
1174473,279099.8
1174475,205797.8
1174491,148399.24130000002
1174496,293462.6
1174501,253400.1
1174592,184234.398
1174593,229408.0
1174595,155896.4
1174596,145453.6
1174598,182674.398
1174599,240747.196
1174602,257812.398
1174607,264977.876
1174608,159061.2
1174732,181699.988
1174738,198824.02
1174742,235607.032
1174743,161025.8
1174748,178567.948
1175538,116327.448
1175539,138824.776
1175543,112700.598
1175547,115614.2
1175548,128690.6
1175550,137683.2
1176289,1142134.0
1176758,673880.0
1176759,475421.972
1176764,448009.49
1176772,436474.97
1177110,181396.0
1177116,430369.552
1177118,194596.2
1177121,249558.592
1177122,286226.11
1177125,166861.6
1177822,90058.996
1178019,447361.0
1178024,524127.518
1179391,628430.0
1179392,649426.0
1179393,652869.6
1179512,362549.07
1179513,208215.4
1179516,200029.512
1179517,162203.2
1179518,258346.53333333333
1179526,297750.1102857143
1179527,246406.058
1179540,273573.58
1179542,233171.4
1179543,346060.638
1179546,248051.0
1179548,282288.4
1179552,237318.306
1179554,210005.18466666667
1179555,276352.732
1179557,371528.7675
1179944,563412.2
1179948,463981.8
1179949,343047.0
1179952,426701.6
1179953,649569.8
1179955,391068.376
1180044,518396.2
1180046,181500.182
1180047,237111.76
1180048,261313.85483333335
1180049,450534.0
1180050,283910.16
1180051,420446.0
1180053,405441.8
1180054,243227.312
1180056,309335.5
1180060,308000.8
1180070,1021988.0
1180073,564491.6
1180078,301014.102
1180080,753985.2
1180241,235928.4
1180242,533137.32
1180243,184000.932
1180251,277438.488
1180253,325506.9
1180254,289017.64
1180255,303436.386
1180257,259744.596
1180452,118162.0
1180461,131875.58
1180464,235137.92
1180465,144258.4
1180466,107028.982
1180467,210593.38
1180469,131717.798
1180471,110000.0
1180472,219156.34
1180474,269020.396
1180479,244275.654
1180481,233327.0
1180482,235564.78
1180484,195834.992
1180485,244070.26
1180487,519227.8
1180619,399572.654
1180622,372764.16
1180628,621876.2
1180629,273690.706
1180630,487034.454
1180701,393174.298
1180702,378586.0
1180704,292478.4
1180707,508647.8
1180708,288840.794
1180711,285230.992
1180712,497280.4
1180716,340459.8
1180717,284779.654
1180732,306187.60828571435
1180733,237782.76
1180734,378989.18
1180735,364432.2
1180738,318695.24
1180739,283374.594
1180741,275590.54
1180743,217247.518
1180744,337765.98
1180748,166695.8
1180749,247707.56
1180770,146570.199
1180771,204897.42
1180774,157219.992
1180777,186503.396
1180938,102171.598
1180945,338252.97
1180951,135143.4
1180954,109708.44066666668
1180967,718447.0
1180976,530906.0
1180977,709102.0
1181989,183067.6
1182023,209254.0
1182025,121088.2
1182026,361492.8
1182030,333925.16
1182033,909580.976
1182314,452027.4
1182315,529792.0
1182316,312546.982
1182317,459175.8
1182321,516726.8
1182322,325172.176
1182323,380674.2
1182628,269158.82333333336
1182650,310359.05
1182652,316770.45
1182654,788304.8
1182655,642060.0
1182744,312535.796
1182745,292269.132
1182746,266416.02
1182748,151961.798
1182749,414115.96
1182754,497185.2
1182756,275599.152
1182757,196473.2
1183211,331048.652
1183213,320508.6
1183689,582723.4666666668
1183690,607862.596
1183691,511824.82714285713
1183692,541095.398
1184185,202697.484
1184271,145845.4
1184272,208543.8
1184678,255663.396
1184679,417953.3
1184680,321150.194
1184730,459980.8
1184731,519250.0
1184772,187501.8
1184775,269338.94
1184780,300863.4
1184783,358529.324
1184806,591719.38
1184809,431621.48
1184956,376587.788
1185123,537878.16
1185129,646670.8
1185141,969282.0
1185144,639280.0
1185145,655956.88
1185150,560109.086
1185316,400000.0
1185317,365737.972
1185326,109830.796
1185328,83467.378
1185330,93700.266
1185331,208242.8
1185722,167092.512
1185744,200345.881
1185746,199479.8
1185748,185406.6243015873
1185818,172261.818
1185819,100602.99476190475
1186256,276160.592
1186257,169058.758
1186258,178216.034
1186260,276160.592
1186261,283279.6
1186284,192299.8
1186288,562324.768
1186368,548896.852
1186370,348101.742
1186371,114469.8
1186373,450357.4
1186374,267051.78
1186376,285660.598
1186379,179206.782
1186380,156612.8
1186827,199244.672
1186830,347185.708
1186831,256146.96
1186832,209069.0
1186834,208612.2
1186835,188955.2
1186837,315892.728
1186840,250436.598
1187587,303265.59
1187625,196144.0
1187626,183640.98292307692
1187628,403729.2
1187839,296332.03
1187840,219777.78
1187842,224006.52
1187843,183122.992
1187844,198411.198
1187851,378452.798
1187853,183056.4
1187854,303236.994
1188373,212272.6
1188428,565348.4
1188429,402181.8
1188430,325249.798
1188431,409495.0
1188439,414281.99
1188440,425597.4
1188442,467120.378
1188484,113311.8
1188485,178660.16
1188487,195261.2
1188488,195261.2
1188490,169461.94
1188493,172986.006
1188499,258127.98
1188519,315049.048
1188531,508017.8
1188535,249574.36
1188538,114461.8
1188539,205544.06
1188577,292085.572
1188578,581798.132
1188581,369687.904
1189583,187096.25
1189587,269809.376
1189590,324938.358
1189593,215679.6
1189594,249694.56
1189595,158537.98
1189596,309487.2
1189599,286654.856
1189600,215194.6
1189603,221969.8
1189605,278038.982
1189606,320989.06
1189610,365943.1
1189611,413035.8
1191966,224514.882
1191971,222303.8
1191972,230851.196
1192091,676189.6
1192096,810225.686
1192970,297040.98
1192973,539815.136
1193162,870377.5206666666
1193163,1794667.4
1193168,331883.998
1193169,264465.2
1193170,399890.394
1193171,270217.176
1193543,1132099.994
1193676,852912.44
1193751,1180191.596
1193761,1434235.764
1193775,1069327.8
1193777,879729.762
1193779,545516.0
1193782,619129.996
1193783,581641.788
1193836,151578.2
1193848,643491.828
1193849,345016.6
1193850,203330.158
1193855,311837.736
1193857,246577.6
1193859,437328.0
1193861,276490.8
1193862,344288.4
1193863,392811.4
1193864,418166.245
1193866,376425.383
1193915,148059.6
1193925,742304.0
1193927,400000.0
1193952,227748.192
1193953,303279.376
1193954,196025.868
1193955,234735.118
1193956,161262.8
1193957,252275.357
1194415,115789.7555
1194922,900000.0
1194977,433104.708
1195222,359792.44
1195223,457221.286
1195224,446025.828
1195225,761649.0
1195425,422650.1
1195426,326966.518
1195432,449261.2
1195891,160367.142
1195892,163679.022
1195893,121291.0
1195900,76657.718
1195901,322368.962
1195903,133587.9
1196019,331307.6
1196842,211167.744
1196844,317573.788
1196847,280818.58
1196872,245442.6715238095
1196892,328739.0226666666
1196893,247303.6
1196894,337631.974
1196895,435973.794
1196904,389622.78
1196912,243390.12
1196913,278377.4
1196993,251021.684
1196994,280793.0
1196998,218687.4
1196999,240439.0
1197000,219450.778
1197002,239098.198
1197106,206895.6
1197107,287788.61066666665
1197108,367610.876
1197166,341148.4098
1197209,806681.994
1197214,337470.176
1197215,248457.56
1197216,286079.6
1197253,506801.72
1197256,260905.978
1197309,351823.574
1197311,832757.6
1197315,515424.26
1197316,272226.972
1197321,299989.332
1197322,226188.50966666668
1197323,223675.74
1197324,137164.66933333335
1197325,158203.998
1197326,158220.566
1197328,195313.14
1197329,472748.4
1197331,253372.728
1197345,397519.596
1197351,500165.2
1197462,240970.544
1197463,384592.832
1197465,162485.596
1197467,200588.396
1197469,162235.186
1197470,162235.186
1197502,524822.738
1197549,894612.728
1197570,407866.6
1197627,328071.6
1197672,342571.318
1197859,287603.587
1197860,287603.587
1197977,528370.57
1197978,150000.0
1198019,432295.14
1198021,382555.8
1198337,611845.4
1198358,525331.8
1198364,419373.0
1198365,348284.2
1198366,456339.98
1198367,390808.4
1198368,337863.4
1198369,270236.978
1198373,603076.6
1198446,386811.0
1198450,302480.696
1198451,452227.76
1198452,452227.76
1198453,309716.594
1198457,252625.38
1198621,678871.2
1198645,354017.2
1198649,531605.8
1198650,843018.76
1198664,293958.78
1198665,258835.4
1198669,238620.778
1198670,123828.0
1198671,135709.392
1198760,177212.0785
1198766,373344.0
1198768,290000.0
1198771,335000.0
1198773,422111.4
715273,497809.9492
717643,409795.566
720473,477029.036
722274,239133.974
722610,313933.464
722632,522532.684
724293,1019096.716
724296,879451.7
724367,1194813.36
724383,644680.8206666666
724402,1084558.704
724436,788188.8
724693,894522.304
725035,475119.554
726164,591847.57
728018,224285.59853333334
728963,408196.964
730396,434956.3672
730570,685499.928
732096,525349.8
732455,1420396.166
733749,515559.538
739805,655790.606
762985,287969.246
765024,506225.88
766318,214627.252
767291,288477.678
768075,873844.424
768187,868588.224
768450,331330.884
768818,712473.52
775095,755940.512
777984,448298.024
780334,506222.742
782037,1579065.932
783338,324370.8
788907,309500.0
791183,505474.27
791186,591754.468
800871,355027.99
805218,467156.044
808371,748901.3195
810903,757466.544
813910,659091.084
814295,200283.4194
816599,1604900.44
817980,347955.78
818854,820120.584
821034,400555.784
822425,259491.07
823206,757050.752
823722,711693.848
824962,213742.671
827620,1629785.246
829106,735019.386
829983,1806840.764
835034,213637.596
835905,528124.0
836853,556518.816
836965,1334377.01
837221,777000.0
837226,763273.692
837310,777000.0
837312,777000.0
837322,777000.0
837364,777000.0
837447,777000.0
837450,777000.0
837480,777000.0
837481,777000.0
837534,777000.0
837603,777000.0
837604,777000.0
837695,777000.0
837700,777000.0
838738,777000.0
838739,777000.0
838747,777000.0
839708,208100.0
839728,777000.0
839729,777000.0
839750,777000.0
839751,777000.0
839752,777000.0
839753,777000.0
839754,777000.0
839789,208100.0
839793,208100.0
839796,208100.0
840813,1231687.2044
843860,529698.088
844526,287640.794
844543,544613.522
844754,298950.038
846486,518826.266
847164,1327576.43
848484,192000.0
936754,1013704.3806666668
937863,586201.99
937904,461354.074
938417,216690.834
938423,266410.008
938603,435104.662
938622,1338598.036
939544,173978.652
940696,210664.574
942465,249643.034
942737,1172881.884
943019,523204.346
943421,233792.988
945655,424934.52933333337
947947,300241.542
949288,308746.57
952129,216622.4234
952131,478197.364
952904,575458.1583333333
953479,620248.7
954602,205626.896
954929,237564.746
955982,192552.07213333336
958924,731652.84
959475,138495.19657142856
960089,190013.1525
960166,566887.2313333333
961081,452628.4
961152,435634.984
961156,166307.05273333332
963917,343435.578
963924,739621.616
963928,186473.90333333335
964509,229836.23366666667
965003,458587.5613333334
967216,1072944.256
967710,396947.7434539682
967711,585652.1563333333
967715,1264460.5653333336
968678,978894.872
969661,918366.112
970940,216440.32
971513,160460.55399999997
972147,329336.466
972176,421852.06
972866,784394.792
974942,591811.6
974954,416158.752
976609,894279.728
978142,550409.694
978273,244524.478
978277,585993.034
978278,949742.3413333333
978281,1394860.6965333333
978860,258876.354
979110,234175.028
979112,259977.418
979516,266117.58
980337,1134971.926
980476,283079.25
982006,1028515.024
983877,297368.028
983878,409309.044
983879,409309.044
985387,821030.872
985462,898685.0
985808,308163.0
986398,458704.16
987620,212934.65761904762
988304,805464.82
988676,1523140.734
989018,703767.728
995698,766710.52
995822,1380551.646
1002393,1665104.96
1003195,226883.676
1003292,563340.958
1003326,523367.168
1003655,524599.12
1003662,568335.38
1003847,534101.702
1006131,461286.672
1008419,777508.806
1008432,539896.18
1008509,1022740.7433333334
1008929,183917.628
1009457,376824.2
1010167,222624.45
1010251,262916.5
1010311,300241.542
1011035,1331230.446
1011899,300241.542
1013203,574499.088
1013464,490926.488
1013942,1650207.894
1014952,301610.094
1015519,701604.497
1018488,781020.0
1018565,253153.31304761904
1018830,1463966.538
1019163,1319189.7511999998
1019257,247370.194
1019258,837539.872
1022427,1715315.082
1023024,272290.732
1024198,1424420.754
1024386,245706.576
1024633,261151.02623333334
1065813,596750.1376666668
1066642,886074.242
1066903,257076.388
1068872,728915.7565
1071707,558439.8348333334
1072579,384275.70346666663
1072606,428769.946
1073519,780374.8
1073733,362760.254
1074535,282524.82
1075895,568900.672
1076216,352372.624
1076517,226877.52226666664
1076917,277534.538
1077573,608325.32
1078672,357681.99
1080081,243438.844
1080084,242139.846
1080177,315510.128
1080179,985841.7339999999
1080180,528280.03
1080182,509629.24
1080646,181823.128
1081890,244729.214
1082838,261605.584
1082935,448583.01
1083177,461762.95
1083187,196288.14
1093683,531088.7793333334
1094194,473935.926
1097426,267141.5943333333
1098571,480650.368
1102741,395527.25
1102778,422133.016
1224860,1142369.628
1224861,593928.5579483755
1224864,584931.202
1224865,211410.466
1224868,412520.8276320899
1224877,992980.356
1229111,691292.824
1229116,1166391.692
1229118,1526520.142
1235951,1459168.588
1235954,1730304.804
1236545,612955.0
1236554,200769.01119999998
1236560,260294.358
1239168,353865.45666666667
1239172,692620.224
1239175,1146165.904
1239178,1121010.82
1239179,589408.584
1239182,933401.604
1239184,1321339.29
1241221,234379.604
1241227,252964.362
1241228,189198.03533333333
96029,127277.07963636365
96056,379567.786
96065,512786.474
96072,95872.00853391053
96079,214191.36509523808
96099,213034.4659333333
96100,213034.4659333333
96136,72205.0
96137,72205.0
96138,72205.0
96140,132745.61275
96142,215198.51132063492
96143,99695.72199999998
96193,150646.6750095238
96202,230422.17866666667
96206,365073.7
96207,229309.43833333335
96224,125500.0
96225,125500.0
96227,124445.89836349204
96302,923401.544
96318,348283.974
96339,119149.66406349206
96369,244348.8860952381
96417,133596.87057777776
96432,76653.95564285714
96464,72852.70226666667
96467,203305.75550476197
96471,204524.33493333333
96476,170120.28666666665
96477,288900.0
96481,84466.57266666666
96486,103341.59354285715
96487,139866.32853333332
96515,362602.742
96547,200926.61385714286
96571,314822.31
96574,105810.20618095237
96593,255793.74
96606,124794.6385
96648,119423.64630591628
96654,110302.78392496391
96656,403415.0126984127
96661,563281.1242619047
96662,412709.57777777786
96664,101263.84133333333
96668,403415.0126984127
96669,412709.57777777786
96672,403415.0126984127
96678,311239.0473333333
96679,364639.24825396825
96683,641898.0
96713,714520.6
96715,99846.83333333333
96735,91924.53018625818
96742,116534.55
96750,133655.47123809523
96751,102956.35634920634
96758,102912.94434920634
96760,133816.7689047619
96762,101427.63234126987
96765,76393.99568253967
96771,102956.35634920634
96772,76393.99568253967
96782,99082.39266666665
96790,132684.66533333334
96791,355674.16
96816,150822.084
96819,314561.97400000005
96821,96177.04368571425
96838,203997.2541752525
96862,386619.8106285714
96863,444375.3962666667
96869,104557.9438095238
96875,503920.4646666667
96876,897614.2
96896,191516.27800000002
96897,331122.17
96937,230815.139
96946,108840.93442857143
96952,148198.44852380955
96957,144653.62993333334
96986,197206.78733333334
96988,285171.248
96990,715153.7137999999
97005,687946.64
97065,859971.406
97071,252484.84333809523
97077,185511.7347
97081,684584.918
97083,187054.6456957265
97093,672987.8346666667
97097,121961.624
97122,249332.34766666667
97125,190171.58375497832
97126,239955.40383333334
97127,151510.29166666666
97129,290693.6450666667
97133,107374.50107142859
97137,214964.78532063492
97139,387994.5166666666
97140,282742.04568095243
97144,132912.36175
97146,96436.0
97148,132745.61275
97149,96436.0
97152,72205.0
97154,96436.0
97155,96436.0
97161,637087.404
97166,160340.51
97194,138470.37096666667
97210,99934.46142857143
97213,187186.8667030302
97215,113860.0
97217,113860.0
97224,181823.5
97226,115285.58395959598
97229,739016.8063333333
97235,200795.33774444443
97250,306643.38
97263,255784.5187333334
97269,391177.346
97312,110401.63163333335
97318,679715.304
97327,107779.01080162973
97336,1080730.062
97447,238457.33783333335
97449,158868.70445714283
97467,193687.0
97482,136539.435
97495,179162.1158349206
97527,668853.708
97531,155768.69283333333
97533,93761.13488968257
97545,202929.81877301593
97550,754039.93
97555,645860.5690833332
97562,121209.66901666664
97564,118737.0
97565,118737.0
97566,158215.392043723
97573,85342.18066666667
97575,122043.3433047619
97578,331350.0
97579,339790.9085000001
97580,331350.0
97582,217000.0
97583,340395.41383333335
97584,222254.48002380953
97585,262799.3733333333
97586,262799.3733333333
97589,206422.021
97590,116944.84866666664
97677,149353.33
97680,193651.0
97681,161959.5
97686,193651.0
97687,148673.0
97690,186056.0
97692,181476.0
97696,161959.5
97698,186056.0
97699,181476.0
97701,393398.8610476191
97704,110076.00392496392
97707,110302.78392496391
97729,106794.72939285717
97807,203307.164
97808,165734.03325001113
97858,97585.37133333333
97859,188164.65079365077
97861,176412.28213333333
97879,217639.022
97881,203307.164
97885,110302.78392496391
97888,203307.164
97897,207335.782
97907,220954.86866666665
97911,795423.778
97914,127194.544
97927,152432.6466666667
97943,160239.43939699518
97949,107279.65717142858
97967,124069.42666666665
97988,143609.75966666662
97989,116585.64706349207
97990,133816.7689047619
97991,116585.64706349207
97993,133816.7689047619
97996,101427.63234126987
97997,102912.94434920634
97998,105235.34083838385
97999,105177.01677806638
98001,124458.58966666668
98014,435539.3145
98016,294127.20348571433
98036,323125.286
98054,389768.84200000006
98063,101783.24279365077
98082,797997.598
98083,259416.5472
98085,362572.87666666665
98086,215796.47566666667
98087,1153011.0
98090,119029.4074404762
98095,411061.0400666666
98103,154716.5246666667
98108,280425.962
98119,309761.069
98149,236119.88233333334
98164,1261615.802
98167,640557.882
98168,109069.41378571426
98204,103659.29214285713
98248,267802.99333333335
98249,363266.582
98257,891262.706
98276,562780.094
98293,255945.96466666667
98301,184758.10821428572
98308,813206.668
98357,440536.5
98358,151263.81446153845
98366,162915.577
98394,253365.19976410255
98400,113860.0
98403,1042880.174
98412,282180.184
98413,644388.48
98433,481554.75662857137
98450,175388.78600000002
98451,168611.54
98452,124897.4485
98455,177678.38466666668
98462,228872.13283809525
98475,224400.15197142857
98499,227657.446
98525,1024428.844
98526,166135.79349999994
98528,173531.82233333334
98531,247722.451
98544,108537.1096
98553,160244.251
98573,279305.24066666665
98582,222254.48002380953
98584,217000.0
98585,222254.48002380953
98589,98132.27173809524
98593,222822.482
98596,160029.01118181818
98648,186056.0
98652,170342.55371428572
98653,320327.432
98654,114836.30866666668
98656,152515.86
98710,136442.262
98754,170000.0
98770,213943.322
98780,291946.8873333334
98781,136442.262
98782,135836.562
98789,229500.418
98804,424283.24400000006
98822,124605.62286666669
98823,95439.451
98828,232422.146
98842,161723.74650849152
98843,171664.86671428572
98846,106071.428
98862,90449.89814285716
98863,87221.46499761904
98869,120891.95726507937
98870,206541.92016666668
98874,245868.0106666667
98876,138504.85411666668
98878,119562.02501665003
98883,288021.8233333333
98895,248702.58042857144
98899,285802.7894809524
98900,285802.7894809524
98901,285802.7894809524
98902,285802.7894809524
98905,205121.142
98929,172325.91985454547
98948,460765.904
98979,75545.696
99010,303785.71866666665
99022,141439.54066666667
99035,221033.4975
99043,72205.0
99044,72205.0
99048,72205.0
99051,182995.39733333333
99087,607612.9298809523
99098,249551.8465
99102,366149.5026666667
99104,286085.40466666664
99105,110544.60726666664
99114,70634.15171454105
99148,136757.67575
99163,131687.9165
99168,256010.3633333333
99198,161959.5
99200,99355.501
99205,257584.008
99273,138747.97266666667
99277,426354.80000000005
99292,153967.22850793652
99293,136350.91
99298,156422.928627451
99300,231414.516
99304,105529.35
99305,168329.0123809524
99316,84016.80240681542
99319,138677.70628571426
99341,119379.59818253969
99344,171724.29250476186
99356,504383.862
99360,150746.87471428572
99361,94671.58893333332
99389,261813.53766666667
99399,1105850.856
99400,207411.5466666667
99401,120315.25377777778
99421,245508.284
99429,176183.38133333332
99433,267999.9546666667
99436,687310.858
99439,316006.21490476193
99442,224790.52366666665
99450,113356.04694285714
99451,436504.9346666666
99460,325804.4154428571
99475,118085.29020512821
99480,349624.6801666666
99483,230316.466
99529,105443.80804761905
99532,119296.11792857145
99542,107608.1087666667
99575,223172.3639
99583,195496.70740873014
99597,158005.26466666668
99601,104788.85796666666
99603,112630.33902251083
99624,246112.25304761904
99625,171407.9346666667
99651,76442.26853333334
99655,240566.178
99673,63356.836561904776
99694,590810.532
99697,207646.92
99698,317169.254
99714,178560.06433333334
99716,121148.97290793655
99717,121148.97290793655
99718,121148.97290793655
99719,121148.97290793655
99728,154023.386
99736,152607.99446153847
99739,87419.81009523809
99751,191093.29362380956
99759,118118.96523809523
99760,196484.44133333335
99761,384668.2373333333
99765,152156.69262745098
99769,62708.4
99812,672342.316
99817,126601.02226666668
99855,233355.02
99868,156659.10279653684
99869,104614.28848484848
99874,149030.4646666667
99895,86878.75733333331
99897,427214.31
99980,203465.0
99982,176567.0
99984,273152.6411111111
99985,206219.372
99990,59916.88857142857
99991,195154.24933333334
100086,120043.632
100110,563325.1
100115,183171.398
100118,123665.0815714286
100119,247669.18031746033
100122,168805.40571666666
100125,142356.3861416306
100126,166901.30571666665
100127,121874.7595714286
100129,183341.198
100130,123665.0815714286
100134,166901.30571666665
100136,123665.0815714286
100156,353623.712
100157,332452.8
100169,581416.9906666668
100171,274352.6
100179,75308.908
100187,65889.032
100192,59372.808
100193,59495.608
100219,311995.92
100243,59103.13333333333
100244,59103.13333333333
100289,128378.18484126986
100297,128378.18484126986
100310,351864.2
100312,735183.68
100327,147513.186
100378,59048.6
100422,60105.0
100447,72052.442
100513,257528.706
100520,72722.66
100532,69620.21033333334
100534,92353.48
100537,96127.137
100550,77071.187
100557,107456.81817207794
100564,99800.0
100571,684532.666
100575,179225.646
100595,438880.056
100596,206773.146
100620,321136.56333333335
100621,199580.978
100648,262486.662
100652,118596.03743333333
100661,170617.96
100677,458555.42333333334
100678,461751.598
100681,403660.20019999996
100708,123069.9
100709,118872.937
100723,543981.0666666668
100730,290703.264
100733,121220.0
100735,121220.0
100736,118811.83720000001
100744,368653.464
100755,424853.0
100774,91535.87113333332
100800,81964.962
100805,173693.4129333333
100812,749810.554
100813,776380.958
100819,86222.77466666666
100821,427214.31
100866,59036.71584415585
100906,262822.454
100942,69309.602
100950,78274.36
101142,128359.52933333334
101185,185261.0644
101191,433363.366
101193,96039.74766666669
101283,95791.6992
101287,97528.56654545455
101300,163837.0
101308,103153.63333333333
101316,83519.462
101318,194223.14200000002
101326,79240.572
101402,265820.5215
101456,66825.8939047619
101469,55476.59
101478,344923.6146666666
101486,149743.23756190477
101499,317665.92
101501,165269.67
101506,725330.454
101512,96913.10339999999
101514,84273.71166666667
101515,84742.33366666667
101527,75009.24057142857
101552,56604.552
101571,66994.00227272726
101583,74623.2126697557
101600,99800.0
101601,99800.0
101603,99800.0
101614,57854.122
101619,304152.606
101642,203171.984
101673,82472.792
101680,139615.558
101694,172672.65706666667
101702,118809.04388412698
101707,276908.5825454545
101720,161773.81
101755,157263.79879653684
101770,121257.63833333332
101780,57234.62
101785,139517.9
101817,231601.22857142857
101913,67769.15
101915,109134.904
101919,120000.0
101976,63647.198
101987,95639.714
102114,48085.2
102116,169762.64563636362
102197,171853.86056818182
102198,168050.882
102217,276700.6026666667
102252,180913.99799999996
102299,102647.32252380952
102330,76979.768
102350,114679.747
102352,114679.747
102353,115676.427
102404,75100.972
102405,75089.148
102415,96494.67260317462
102420,159556.64502634032
102442,60410.358
102475,571433.496
102479,269226.004
102511,205911.7
102568,92250.3
102580,61763.282
102593,58722.22
102598,121220.0
102607,96826.16679999999
102637,162362.86
102792,104663.49695238096
102794,106356.11443386244
102837,128447.998
102890,152400.8944761905
102905,102503.94371428575
102910,52476.639333333325
102922,51552.872
102985,149076.158
103028,41809.886666666665
103115,144298.2676
103132,114679.747
103138,133359.79926666667
103179,158909.3496
103199,50526.2
103244,144000.0
103246,144000.0
103276,295905.0606666666
103283,100026.76
103313,134211.844
103362,90863.262
103392,188403.168
103395,75500.0
103428,179815.99217619048
103436,80894.17133333335
103463,51773.976
103493,311825.216
103495,341022.538
103498,340198.538
103504,134807.178
103524,281062.056
103527,423416.4913333333
103530,315660.286
103532,360832.5
103534,210191.97
103540,189976.84044285718
103547,284472.336
103555,162452.36868888888
103556,257943.074
103557,141596.81763636362
103567,602789.158
103568,282701.18573333335
103571,289826.3145
103577,129158.50466666667
103578,77618.77666666666
103579,147985.428
103595,113056.88266666667
103601,129055.096
103603,88396.888
103604,217810.162
103608,120142.4516015873
103614,171008.6846666667
103620,151405.67563246755
103625,160000.0
103627,225291.3829333333
103678,67589.06333333332
103679,208429.04
103685,314548.294
103716,185244.4
103720,122669.09
103778,96598.628
103780,544927.476
103785,93845.81333333334
103787,173902.49349783544
103815,97393.47373333335
103816,186018.97733333334
103821,228180.858
103836,94989.07466666667
103845,194126.46666666665
103851,180576.024
103858,100747.22666666665
103859,96061.72276190478
103862,172608.52
103866,174847.1372
103873,172610.23533333332
103876,334472.156
103879,93815.09090909091
103885,172497.5372
103889,174847.1372
103898,111970.47542857143
103899,131879.984
103909,106665.31390476189
103911,73087.11
103920,113481.48
103927,109346.44666666666
103933,112558.48327777778
103946,199309.57933333336
103949,131103.33
103950,381952.6
103965,100867.02066666666
103997,79980.34
104017,96455.19496428572
104028,88144.82533333333
104068,517524.3268333333
104077,146091.52066666668
104098,91077.6258095238
104099,438681.127
104103,188653.98
104135,320000.0
104141,873853.079
104148,82406.4
104149,227472.426
104151,362326.292
104154,249299.618
104161,475000.0
104163,184266.56206349205
104165,316054.45
104195,485000.0
104205,347999.15
104218,291009.06
104238,261490.952
104245,357200.262
104248,165853.06666666665
104252,212394.74733333333
104265,278766.48733333335
104266,146813.472
104273,223965.558
104274,96731.75053492062
104286,281683.03
104290,359042.43
104293,281683.03
104299,185092.30466666666
104309,159232.65127445888
104326,252070.68266666666
104345,514609.242
104359,166282.91
104368,205601.35333333333
104379,593856.0
104381,1166549.85
104403,105029.79446666667
104414,190225.61214164726
104417,474920.176
104419,103136.38813679657
104431,260000.0
104439,216169.89880952382
104445,266877.18666666665
104447,92794.61346666666
104451,115545.25199999998
104454,219488.19678632478
104456,154250.0
104465,156791.95666666667
104473,137981.69933333332
104489,114178.26904761905
104492,137549.454
104513,1032216.712
104517,283876.99933333334
104519,65574.33057142858
104523,121196.95819047619
104524,102034.07406349208
104526,69966.79457142857
104533,99046.794
104538,190595.0
104539,187531.1
104545,190861.69893333333
104561,173010.762
104598,318747.7353333333
104599,318747.7353333333
104611,115036.46904761904
104613,98926.58142857143
104623,85170.66416363636
104627,340465.63933333335
104628,274423.076
104629,338641.002
104630,339413.602
104640,469040.4280000001
104641,353437.702
104642,285095.81340000004
104665,147800.0
104804,293310.248
104847,416709.558
104861,177868.52552380954
104862,183255.35733333335
104863,178110.52152380956
104896,94425.034
104899,126884.35614285717
104901,162112.806
104906,125390.55499999998
104922,221696.704
104924,208836.3
104925,320101.42
104930,97418.018
104935,91940.996
104936,96088.03533333336
104964,126177.2
104965,103863.4
104970,104580.062
104973,104550.062
104975,77160.05528455987
104979,159917.71
104995,130362.94333333333
104996,118307.628
104998,99770.314
104999,99559.414
105000,99773.514
105024,103794.58
105029,147726.25349999996
105037,134988.0866666667
105038,558719.0
105039,362885.646
105049,381731.714
105057,133113.86714285714
105061,63608.63213333333
105065,73344.89028571428
105076,82354.21979999999
105091,92146.222
105116,189475.06177777777
105136,113766.43
105143,278918.0486666666
105151,429372.312
105160,184730.71973333336
105162,250663.01133333336
105170,129964.38078787879
105172,144810.084
105179,535715.082
105184,257680.302
105185,714427.224
105197,242184.27673333336
105202,1313729.236
105231,429805.065
105232,290287.3
105235,82406.4
105249,91164.954
105258,123198.91216666666
105259,259763.598
105272,171179.52
105287,222166.11923333336
105293,251579.15866666666
105304,171301.116
105314,174080.574
105315,128041.44161904763
105328,192155.292
105341,86977.344
105344,182388.51
105349,339620.614
105350,355654.7853333333
105351,61974.617333333335
105362,99426.97733333334
105376,127867.07133333334
105386,151069.81914285713
105392,406719.564
105401,433560.312
105409,195047.24
105414,469351.30933333334
105418,317103.78066666663
105419,160986.28
105425,124203.0
105440,344513.592
105447,164201.19604761904
105448,139064.5786666667
105452,248739.074
105463,74719.67466666666
105464,140309.552
105465,201752.56
105524,55487.35466666667
105526,84225.912
105531,185470.046
105536,524353.92
105557,716626.0
105633,340145.07
105635,102898.632
105637,234776.622
105674,459737.522
105681,79000.0
105703,430196.5346666667
105704,430760.5346666667
105705,430498.4326666667
105706,178800.02285714287
105711,161531.54352380955
105712,167043.25352380954
105719,285789.534
105728,136066.66933333332
105734,94237.3075
105735,131412.2488705628
105745,108429.606
105749,677268.8
105764,866888.0
105765,812694.0
105768,199769.182
105772,141887.152
105778,96589.56666666667
105779,268728.44
105785,230297.6
105790,79163.53933771784
105806,791861.714
105827,92464.20133333335
105831,738384.104
105845,113556.57
105848,120785.994
105852,57430.22419047619
105865,326297.612
105874,452849.568
105906,273453.858
105910,605782.014
105915,91728.62
105929,98306.39338095237
105945,550000.0
105946,355702.462
105947,117615.56744444444
105948,149475.93666666668
105954,171301.116
105990,201208.0
106000,170793.646
106016,68709.10304761905
106030,246469.85966666666
106034,143350.77933333334
106035,87818.7085
106040,389385.69
106074,233987.62978571426
106139,72565.82761904762
106142,178048.1366666667
106155,204521.714
106168,280482.5146666667
106177,455579.904
106183,342412.336
106184,350582.0232307692
106185,327636.174
106201,445662.608
106215,128890.86466666668
106233,673745.782
106235,81104.324
106236,150683.794
106239,428109.71704761905
106241,292561.06
106242,292561.06
106243,185743.7853333333
106254,65273.80977034631
106259,108275.0
106263,364630.12333333335
106281,103603.965
106282,389385.69
106292,96533.724
106294,97717.57920000001
106343,56434.06666666667
106356,194345.86266666668
106359,325402.976
106360,101065.25066666667
106362,71012.0
106390,167000.0
106391,587088.734
106398,63799.35104761905
106442,97822.62466666666
106449,85000.0
106456,478961.688
106458,314446.9766666666
106467,157342.87151190476
106512,57203.216
106522,141276.51866666667
106565,108938.30377142857
106572,97568.032
106579,225471.48927272728
106587,90440.0638
106591,374402.574
106599,71995.046
106604,71844.5256190476
106618,251283.338
106647,282009.2
106654,102592.016
106665,278176.231
106668,319482.72533333336
106678,415858.74
106685,254138.62333333332
106707,459745.522
106727,233913.31662857145
106760,579174.4626666666
106776,388514.73
106780,79320.99
106781,115845.683
106783,115506.55428571427
106784,142567.74
106790,92272.23057142856
106792,120109.34428571428
106819,131137.088
106835,146055.33333333334
106845,74380.40733333334
106849,74277.60733333335
106857,180868.048
106858,73460.216
106860,73643.628
106862,89748.99323809524
106871,527408.2
106881,357591.69933333335
106896,162917.982
106900,165000.0
106902,82116.776
106907,153448.99971428572
106918,251666.344
106925,95081.7418452381
106927,137903.6035333333
106929,114508.45066666666
106934,95219.19276190476
106948,134236.484
106949,182467.4241666667
106951,155828.708
106954,148360.27562857146
106965,140520.546
106975,74549.66
106990,194728.618
106992,169089.6755
107003,99428.09599999999
107004,433805.66
107015,160736.824
107016,180000.0
107035,183426.8071047619
107058,211937.516
107062,99979.68266666667
107071,170000.0
107086,124804.22466666666
107093,65881.0
107100,121800.0
107122,138220.954
107268,116423.96404761904
107275,99302.89133333333
107357,166920.4405936508
107361,71359.904
107393,136520.86175
107395,283914.104
107412,146085.33333333334
107416,91386.798
107428,101180.85547619047
107452,146474.33333333334
107454,122041.864
107464,91384.398
107467,91424.398
107469,74401.85
107470,74455.85
107472,193795.4325
107473,194339.2025
107487,121372.468
107489,89016.23333333332
107495,109062.94866666666
107497,70085.12745454545
107501,57050.0
107506,161825.0
107510,161825.0
107520,191182.592
107551,114679.59984126985
107556,65111.07857142857
107572,89428.93323571428
107584,149344.73478571427
107594,87304.52666666667
107595,1170116.162
107601,74256.212
107614,77430.58
107616,139312.7
107617,167804.59614285713
107619,122907.16582683982
107621,123058.8975238095
107650,365973.1625714285
107656,114508.45066666666
107678,195834.6286190476
107680,465976.584
107684,235683.831
107687,202678.67942857143
107690,93790.30518333332
107692,92772.70718333332
107693,147990.80419999998
107694,152082.41386666667
107695,90810.267
107702,179581.152
107712,248492.14
107718,168857.30196190474
107722,70743.1
107757,194973.14973333335
107762,128378.70986666667
107769,149329.75670476188
107770,149329.75670476188
107771,521913.6793333334
107776,155497.16533333334
107778,93606.51666666666
107788,279514.865
107792,197649.65466666667
107812,104326.71638095239
107831,59197.818
107832,63166.976
107863,759958.504
107871,180286.92342857143
107873,182469.42342857143
107874,189000.0
107875,180286.92342857143
107906,125472.86197957957
107915,77902.396
107916,77902.396
107917,77902.396
107918,77902.396
107919,76461.37
107920,77524.036
107998,212966.9044761905
108021,156094.238
108137,115960.70910329669
108190,178674.93117070704
108231,186182.50633333332
108235,74582.45
108237,74614.45
108246,94454.715
108272,121300.868
108277,94504.6429642857
108281,74793.91
108283,156514.626
108285,53982.6
108340,75402.012
108343,140827.986
108401,422233.0766666666
108406,171217.014
108408,252198.346
108410,189396.8905198413
108429,158653.506
108444,92855.377
108447,89784.22201666667
108465,403619.096
108468,151561.65073939395
108479,282905.524
108496,168094.29507142855
108505,773219.25
108512,231029.86133333333
108518,199679.90047619044
108519,275735.227
108524,131179.63366666666
108527,113985.35282539683
108528,79194.16
108545,165969.968
108548,129236.5309047619
108551,184236.212
108557,152210.95525445667
108558,152091.168
108574,194960.952
108580,425765.206
108581,77902.396
108589,144124.18133333334
108654,170748.59133333332
108658,52031.28533333333
108757,200693.736
108771,115570.95066666666
108778,156926.496
108802,167787.002
108814,130170.366
108816,74706.31
108817,73294.12
108832,304756.6066666667
108855,106951.1150293872
108867,198260.74066666665
108886,153949.99526190475
108900,196912.03933333335
108916,74087.792
108948,199000.0
108960,300993.5024
108962,197198.522
108983,243716.23
108984,108576.52542857143
108992,204825.882
108993,62364.26
109002,64492.776
109051,618096.7466666666
109135,76847.59333333334
109157,186118.394
109160,230179.18
109175,199000.0
109189,123187.706
109236,231827.83266666665
109250,152206.3756666667
109251,151681.0756666667
109254,200000.0
109323,122000.0
109368,170791.1311666667
109384,66652.89533333333
109388,137152.3333333333
109389,95712.20747619048
109414,81976.82313333332
109434,203826.6817
109448,257220.732
109454,724278.016
109455,140416.53552380952
109456,174155.23
109478,128542.952
109488,133069.12485714286
109499,158737.131
109504,79265.734
109509,82861.65926190476
109523,106777.686
109524,106777.686
109525,106927.686
109526,106927.686
109534,121807.71706493506
109546,119520.52
109566,122000.0
109570,194339.2025
109577,53891.792
109586,56450.392
109589,72675.51
109597,67551.38
109608,114608.31439999999
109624,87069.816
109633,311040.5106666666
109634,84903.804
109650,151551.08218095236
109651,151551.08218095236
109653,149528.5331825397
109654,146546.59538095238
109656,110643.01479999999
109658,105035.3390989011
109659,324526.44130952377
109661,343809.03807619016
109667,282000.0
109672,73743.4840952381
109673,203166.379
109674,282000.0
109675,282000.0
109690,282000.0
109698,88285.96133333334
109703,165641.246
109710,131511.63
109711,94571.36013333334
109724,113205.93
109729,125822.60733333335
109736,142641.9702
109777,167156.89549404764
109778,94921.852
109779,241995.41666666666
109780,125048.12
109781,94814.96213333333
109794,120725.38782683984
109860,123519.73
109861,86792.962
109867,248696.758
109868,250915.418
109876,111463.85971428572
109891,213449.19333333333
109896,154841.08828571427
109903,118352.62933333333
109905,260512.884
109915,192691.49
109925,98405.738
109959,246843.974
109962,115172.19929470531
109985,132026.70127272725
109986,122351.16341666666
110001,142211.54523333334
110013,195112.8331634921
110024,97238.45457301586
110041,103960.31640505053
110055,202609.0
110056,202609.0
110060,815168.7659111113
110065,168237.76375
110079,145072.64123333336
110092,127613.80561428572
110099,153439.39322857143
110108,174393.76340686277
110121,835418.9263873016
110130,139129.080625974
110132,280000.0
110135,191000.0
110136,350000.0
110137,198844.87
110138,277500.0
110139,113000.0
110148,146955.52504761904
110150,94493.51400000001
110158,202590.8553333333
110160,214742.552
110161,218800.0
110180,140502.11452597403
110223,324526.44130952377
110226,110366.312
110236,267030.15866666666
110248,282000.0
110295,110740.64127380951
110319,167111.05413333332
110327,92901.51733333334
110330,96707.578
110335,296574.524
110345,176261.0086666667
110348,234709.2725714286
110349,234709.2725714286
110351,86905.724
110355,180715.67333333334
110365,208277.17588888886
110380,157504.73
110387,159155.03838412696
110392,149878.84361183262
110393,151178.108
110403,148304.95866666667
110452,298640.4193867244
110462,122678.99110634922
110538,121482.84733333334
110626,248103.79666666666
110628,147759.80626262625
110631,148254.6166666667
110642,178075.34733333334
110672,135839.56219047616
110695,104642.78033441558
110698,86759.88266666667
110716,112034.85971428572
110725,101654.56228174601
110733,208785.074
110742,186116.37
110743,200312.418
110747,154385.88828571426
110758,182366.82933333336
110769,254966.74666666667
110780,257453.9510666667
110790,94108.67733333334
110791,94470.36013333334
110792,299841.358
110795,93317.44933333334
110796,99929.03
110797,76239.648
110798,85758.872
110803,112103.54545490623
110807,140138.89495238094
110817,103375.55666666666
110824,93147.45385079367
110854,952166.0386412698
110872,410767.458
110875,131060.76933333334
110883,143251.278
110902,138360.338
110903,144769.99052857145
110912,97458.40100952378
110914,257243.038
110923,104549.92220505053
110934,796936.318579365
110938,95946.968
110939,92254.531
110945,127620.66366666666
110948,168725.92600000004
110949,159270.65232539686
110964,123098.3684
110980,92828.6214
110983,66676.55155555555
110992,221704.092
110993,827099.7231111112
110999,280000.0
111000,260916.70666666667
111001,260916.70666666667
111003,260916.70666666667
111005,350000.0
111008,282120.65
111009,113000.0
111014,104244.6421904762
111018,94315.51400000001
111023,96175.75779999999
111031,152026.1751
111035,105000.0
111054,89965.82866666665
111059,206270.35266666664
111079,124754.58968253969
111113,835859.6008888888
111114,870744.0264444444
111117,204949.337
111118,204949.337
111119,204949.337
111120,282000.0
111122,282000.0
111123,203166.379
111124,282000.0
111125,282000.0
111127,203166.379
111129,210595.5466666667
111143,233041.95981746033
111147,282000.0
111148,282000.0
111166,200556.869
111167,115145.72264444444
111168,128255.39286969697
111191,121807.64150317461
111196,119645.34057142856
111197,83485.854
111199,98349.59191111111
111208,544806.5173333333
111216,122509.736
111252,182134.18563636363
111255,101756.20166666666
111319,139421.93066666668
111384,203447.96192640695
111386,178757.1876363636
111388,253620.674
111389,227480.566
111394,163297.7538030303
111395,228032.32707301585
111435,165161.08171277054
111446,86279.266
111457,104907.56366774891
111459,101654.56228174601
111463,71468.77153968807
111477,400418.37866666674
111496,87911.086
111506,62500.69851190476
111507,119548.3
111510,92599.49333333335
111512,136674.404
111523,155090.18200000003
111530,163055.744
111531,140288.54
111534,375367.102
111538,88422.34896969695
111554,358274.304
111573,213847.24475524473
111590,381601.296
111598,131985.14866666668
111608,856640.8841587302
111611,190923.92341666666
111621,205642.578
111628,204692.11475
111629,102508.12951428571
111633,194461.92800000004
111636,196000.0
111637,130000.0
111658,108316.34307857144
111665,158698.3384
111697,244794.2327833333
111703,126221.3575095238
111774,117725.7495
111775,89744.05136263736
111820,129704.04343181265
111839,90453.72571428571
111846,136554.5515357143
111850,214053.536
111856,219396.57647142856
111860,117502.06976837608
111865,63271.14476190476
111883,106532.0072904762
111884,196312.5892
111885,106573.9992904762
111894,97247.47916666667
111915,301569.2406480072
111924,775539.64
111939,186053.201
111954,95652.93105714287
111965,133650.0
111970,185212.052
111976,128038.73212258065
111987,149146.199
111988,128658.14082380952
112051,140435.014
112063,105067.51243636367
112068,391662.69080000004
112075,196500.89233333335
112157,277600.658
112162,102017.76545317461
112163,102749.1704531746
112227,103541.64711904761
112230,200047.6711111111
112247,425287.036
112271,155751.90506666666
112297,75263.71428571429
112315,85807.89066666667
112335,220613.714
112353,347914.89266666665
112355,841516.502
112367,126726.12726190477
112375,182611.07066666667
112378,182611.07066666667
112388,177575.0
112412,291157.1304095238
112424,176561.52404761902
112431,143992.71805238095
112465,376894.92
112466,335000.0
112474,162380.52213333335
112486,106716.18333333333
112510,128566.7669047619
112511,114434.2156474026
112512,146761.70281746026
112657,91983.3664547619
112663,109661.01858333332
112673,119520.53823333334
112680,149900.08366666664
112681,178445.753
112694,241646.69
112696,108411.78317038517
112713,107919.8860952381
112716,217077.8322285714
112718,217077.8322285714
112720,187922.288
112726,113406.62633333335
112744,263725.6323333333
112748,159011.0583232323
112755,221462.11853333333
112757,402027.738
112780,130070.84293333333
112793,263243.2704761905
112796,109363.88166666665
112816,126363.488
112822,146818.88809523813
112823,156000.0
112825,156000.0
112828,228294.41266666667
112851,536721.8307301587
112872,148391.78143333335
112874,137989.11497222222
112921,121044.28266666667
112925,172000.0
112926,284994.153095238
112928,172000.0
112929,172000.0
112930,172000.0
112933,152322.49738095235
112938,116045.55196666667
112960,291000.0
112963,291000.0
112970,177575.0
112974,191907.668
112986,226922.0
112987,226922.0
113022,210717.64045887443
113037,112748.169
113109,185852.21633333334
113113,145500.0
113114,145500.0
113163,192138.90731428572
113169,108383.67356666668
113181,250000.0
113206,259164.96666666667
113207,146378.91016666667
113230,253090.1825064935
113231,515258.928
113246,200992.284
113248,248167.5162222223
113313,154456.25513333338
113314,308032.798
113315,307737.37
113320,146985.0
113322,162331.36333333328
113323,248081.204
113326,162331.36333333328
113329,156965.39179365078
113465,112554.724
113468,271774.854
113478,121016.30655555555
113488,358937.52733333333
113491,433511.4322380952
113503,224778.57
113552,144512.2122998113
113568,118500.0
113608,263949.4323333333
113613,177028.8786666667
113616,156664.6688666667
113617,155882.6688666667
113630,109357.2530966811
113644,119332.03823333334
113645,105155.956
113657,138613.756
113662,121091.77666666666
113668,225219.79742857144
113703,260990.31033333333
113704,156107.91346608946
113706,111230.22106666668
113711,259321.75714285712
113750,135250.1885
113752,166520.0293333333
113762,126993.46857142857
113804,156000.0
113809,407533.9085714286
113813,184468.1061904762
113831,142088.11933333334
113871,192787.1356666667
113884,177575.0
113888,153112.95942424244
113890,305787.112
113909,222425.398
113922,153012.891
113950,145500.0
113957,198065.6443333333
113995,131390.364
114001,204558.97066666666
114002,288274.615
114007,92352.23100000001
114030,105335.76176190477
114031,170965.0
114139,236096.212
114172,194474.002
114187,358937.52733333333
114200,78703.6396904762
114204,136757.53571428574
114217,194098.36742857142
114242,139274.524
114253,215231.8273333333
114266,96132.91899047619
114276,152842.93828571425
114334,262650.1415555556
114335,259777.0498888889
114336,262758.1415555556
114337,252506.86019444445
114377,213394.70866666667
114379,127814.4052095238
114396,156000.0
114401,222400.58243968253
114405,103622.02591666667
114407,114714.33783333331
114431,172000.0
114432,172000.0
114440,449907.7270111111
114449,153318.81133333332
114454,291000.0
114458,135310.50485714286
114461,136436.0950666667
114468,536721.8307301587
114560,181459.97352380952
114619,142717.06145454544
114634,245558.9126666667
114649,93392.40266666666
114650,221087.908
114658,251417.262
114661,994239.5289666665
114676,221145.478
114684,248831.53566666666
114688,216382.5562
114690,72540.51020952383
114698,444879.248
114702,148202.6594365079
114711,234633.458
114717,140400.0
114721,269144.45148571423
114728,140407.27866666668
114732,65834.52103720169
114736,405000.0
114748,163800.0
114764,211530.812
114780,262847.78555555554
114781,268986.7366952381
114790,251409.262
114804,144126.35084523808
114809,488144.822
114812,85000.0
114816,233985.78584126986
114839,251417.262
114847,135603.926
114884,277659.8026666666
114886,157189.3173333333
114887,139681.75
114893,96833.57633333335
114904,210007.256
114941,91853.82952704518
114950,245989.79383333336
114969,81592.66333333332
114993,287327.5926666666
114997,95178.164
115004,553500.0
115020,128617.3088
115025,490251.03384126985
115027,246766.806
115078,206205.9576
115080,196350.0
115081,196350.0
115082,196350.0
115085,196350.0
115086,188770.652
115087,196350.0
115088,196350.0
115093,68899.14549206349
115098,318310.258
115099,225022.636
115100,342330.3
115178,94936.156
115179,94467.48933333335
115181,73859.274
115243,77275.3378
115261,55907.598
115279,134015.3818691981
115316,95559.99089704185
115318,94042.85017561329
115360,132750.30266666668
115394,52529.306000000004
115403,150231.524
115408,190019.906
115412,64751.28
115417,96580.87256666664
115418,128896.064
115422,96580.87256666664
115479,428970.2513333334
115480,553500.0
115481,428970.2513333334
115482,428970.2513333334
115483,428970.2513333334
115485,600873.3076666667
115488,428970.2513333334
115505,125751.02353106176
115506,192000.0
115507,92707.28427408963
115508,161768.54628571426
115509,192000.0
115510,92707.28427408963
115511,92707.28427408963
115512,92699.04210742298
115514,92707.28427408963
115515,135200.0
115516,135200.0
115517,135200.0
115528,258408.1006666667
115536,146557.09
115537,165500.0
115538,154527.51156363636
115539,165500.0
115541,135200.0
115542,163164.78756363638
115543,100151.51636818182
115544,123604.31239184605
115545,163388.37956363635
115548,91284.03257142857
115551,76534.81133333333
115552,86674.85866666667
115553,65252.282
115554,72032.16066666668
115555,53106.198
115559,459192.6862222222
115597,240715.576
115598,348652.8026666666
115642,58228.636
115652,203729.86933333334
115780,258889.43
115818,89545.13222222222
115896,152977.376
115898,152034.946
115900,152777.376
115902,152777.376
115910,147060.316
115927,54948.4
115980,300330.7854285714
115983,61900.12
116008,84485.58666811185
116056,210675.012
116064,83570.07416067485
116065,83570.07416067485
116066,102000.0
116067,94042.85017561329
116068,83570.07416067485
116069,83570.07416067485
116071,98694.84256212121
116072,98694.84256212121
116094,201700.31
116099,80671.17923809524
116105,99955.15817121214
116152,428970.2513333334
116154,428970.2513333334
116173,98667.66378484848
116174,192000.0
116175,125751.02353106176
116176,192000.0
116178,98667.66378484848
116179,92707.28427408963
116189,135200.0
116190,135200.0
116196,122904.48739184607
116197,124040.04087517937
116198,116970.2550449596
116199,126769.32200851273
116205,494131.9433189034
116269,146120.81
116350,254299.282
116434,112611.88
116435,54860.2
116446,72401.00266666667
116471,125376.4602
116501,83367.40008296925
116506,83570.07416067485
116507,83570.07416067485
116508,95559.99089704185
116509,83570.07416067485
116547,81818.75996433172
116562,236734.032
116581,317838.25666666665
116634,72539.20266666668
116635,72513.00266666667
116661,78135.19913960491
116675,82753.59252619048
116690,146863.78288146018
116706,47003.9
116787,45842.87000000001
116890,51057.8
116909,49988.6
116920,142362.285
116926,137060.188
116932,118742.0
116934,109999.0
116937,170400.0
116940,117400.0
116941,170400.0
116942,117400.0
116944,170400.0
116945,190197.466
116947,90250.0
116948,90250.0
116950,102779.55179999999
116957,189890.21528174603
116958,176206.85014285718
116959,189890.21528174603
116960,203278.974
116981,176896.978
116988,186259.14433333333
116992,132750.52668333336
117046,152253.15419047617
117055,118742.0
117076,89884.33533333334
117077,90144.48333333334
117078,89884.33533333334
117093,95460.83486435788
117127,241781.5
117128,239049.283
117137,118961.44933333334
117140,147968.28
117145,185197.97075
117174,106037.5
117188,107666.01533333331
117201,141639.33133333334
117212,145818.95771428573
117216,193191.678
117220,118742.0
117222,118742.0
117224,118742.0
117225,118742.0
117226,118742.0
117227,127714.0
117232,118742.0
117236,115737.952
117238,123261.55040505048
117239,69037.02733333333
117245,290425.32925238094
117246,165571.28
117247,146495.93197056276
117253,146295.39823809522
117263,90250.0
117265,175865.522
117272,89301.81403571428
117275,86133.116
117278,214198.452
117288,145427.75823809524
117290,188455.07733333332
117313,125227.236
117317,196350.0
117318,238248.49483333333
117325,102610.0
117326,103819.1735
117328,258758.7225
117331,181742.0
117333,110656.5
117335,110656.5
117345,276585.8587885281
117346,276585.8587885281
117349,144692.22866666666
117359,123306.80019047619
117365,118742.0
117374,147255.61328571427
117416,93945.52133333332
117511,128432.81247777777
117513,116681.77999999998
117514,106326.20666666667
117589,115701.19920634922
117619,118742.0
117632,117724.3675
117680,131281.604
117682,130847.604
117688,89097.33173888887
117714,125028.4512
117716,166888.8
117718,131655.604
117719,166882.8
117746,127953.04920000001
117750,77954.38
117752,120110.896
117759,87713.957
117772,172645.87562619048
117777,137300.156
117785,112764.51499999998
117788,143203.852
117796,89197.296
117797,69709.029
117803,102637.6
117808,124618.31784415584
117810,106195.976
117821,192733.37133333334
117846,187858.0971388889
117847,149105.7726666667
117848,180189.3428888889
117849,149105.7726666667
117850,149105.7726666667
117851,149105.7726666667
117853,49923.287333333334
117875,101492.048
117888,113247.06133333335
117900,101580.97762962963
117903,289504.79906666675
117906,131934.76877192984
117917,93303.20933333333
117918,169999.0
117919,169999.0
117925,181500.0
117927,118999.0
117931,136464.8946666667
117935,258696.458
117945,178556.2338888889
117953,106037.5
117956,113999.54453333335
117964,110012.778
117965,110012.778
117966,110012.778
117967,110012.778
117968,110012.778
117969,110012.778
117970,110012.778
117974,110012.778
117984,163525.12800000003
117999,472791.5560952381
118001,146005.58270476185
118006,73223.15555555555
118010,518616.1963809525
118020,137437.08795238094
118023,159508.958
118027,119943.1228888889
118030,64406.56066666667
118048,88023.99533333333
118049,73560.6991904762
118056,104760.10148809523
118060,145818.95771428573
118061,127933.07466666667
118062,62028.52293650794
118067,107311.21834825871
118091,118742.0
118094,118742.0
118095,127714.0
118096,118742.0
118097,118742.0
118098,118742.0
118099,127714.0
118100,118742.0
118101,118742.0
118104,109200.0
118109,159047.488
118116,91808.56199999999
118118,129756.81533333335
118125,160225.80726349205
118126,146495.93197056276
118130,143187.0242380952
118132,173736.73457857143
118133,199491.0531
118141,187276.392
118148,90250.0
118149,90250.0
118151,127714.0
118157,164060.1042287879
118163,103607.65777777777
118165,206515.186
118168,188880.3129126984
118169,195426.3769309524
118170,176206.85014285718
118178,128926.12066666665
118180,127758.50333333334
118182,115895.61078571428
118186,71194.19422222223
118192,245733.292
118196,127714.0
118198,141918.09323376624
118209,121329.66533333332
118218,95240.0
118229,103138.84101984127
118230,106570.74181031747
118244,151776.07153333334
118250,127624.09
118255,179497.9406681818
118316,80868.35833333332
118319,83537.8547936508
118320,64900.0
118323,416838.372
118437,79568.70961904763
118449,213271.37866666666
118461,87630.864
118491,90364.18733333335
118511,77555.18
118533,114760.68733333335
118555,98389.02427619048
118562,241781.5
118575,162570.65866666668
118578,93213.50271428571
118589,102999.0
118590,139999.0
118612,102999.0
118617,136525.29910892114
118627,520129.4723809525
118637,97326.07822222222
118646,155500.0
118647,130426.2508888889
118650,301467.37395238096
118659,109646.99747619047
118668,160650.79926349205
118669,94487.76887698413
118701,174312.17874802483
118704,172550.252
118826,88647.53894285715
118866,103207.78373333333
118867,90411.78266666667
118869,87465.98933333335
118870,70466.046
118871,70466.046
118872,70456.046
118881,81830.64063492064
118893,184106.632
118894,125028.4512
118897,183994.632
118899,124600.4492
118908,110349.12
118923,201214.79
118944,120104.00287878788
118965,188010.2677222222
118987,153524.67264199132
119087,71606.50333333333
119092,111654.59333333334
119098,145438.55684761907
119099,188490.1224126984
119143,174610.56
119180,211519.27866666665
119190,174181.96
119207,182367.51833333334
119217,195426.3769309524
119236,107867.97538787879
119246,152027.69866666666
119247,136609.494
119248,188656.49564444443
119251,141283.21170238097
119252,143329.68288571428
119255,253956.68616666665
119259,215709.2446666667
119262,191686.506
119264,390415.1840901323
119275,144145.80404761905
119284,468571.68639138644
119285,468571.68639138644
119291,152789.46447619048
119294,93141.40033333332
119305,142665.34
119306,262470.11939999997
119311,110747.79173669466
119326,245761.6856
119328,447000.0
119334,100070.65674047619
119338,85507.29
119341,441604.96847619046
119343,69832.64093333334
119345,89540.60866666667
119346,89540.60866666667
119348,111991.41955555556
119351,125000.0
119374,270534.676
119389,257293.1698
119397,363443.92003333336
119398,518674.6693333333
119401,278328.45
119402,156012.486
119403,275681.7428571429
119406,160000.0
119446,129843.00742857142
119505,461290.6813333333
119514,198216.3206666667
119515,286745.552
119516,129883.35516666666
119529,187489.11
119549,456991.0375555556
119561,121966.386
119562,357888.78770000004
119567,157607.94257142858
119572,245730.00933333335
119573,90514.33453333334
119574,91900.22272380952
119575,121910.17203333335
119590,92195.75755714288
119591,124934.19340476193
119605,145000.0
119606,145000.0
119608,399000.0
119609,186355.78749999998
119611,424589.3733333333
119613,862711.5666666667
119621,103296.664
119637,265815.56533333333
119641,115691.07549859944
119647,143237.9296
119648,150184.80814285713
119649,218681.392
119650,140580.067
119656,230439.8198888889
119657,268739.0805
119658,488936.8602222223
119673,502747.962
119676,97765.65066666665
119680,111619.82223809524
119683,91075.65
119685,152795.25633333332
119703,109007.57483333333
119709,390415.1840901323
119712,116787.74904761904
119724,139959.6526
119731,197499.0
119733,197499.0
119735,197499.0
119748,262470.11939999997
119750,200712.16933333332
119754,224059.309
119759,100050.0
119765,347374.314
119768,98474.81352380953
119770,137583.57280000002
119771,135677.89946666665
119792,101819.0
119794,107747.23533333334
119796,107747.23533333334
119798,457217.4734666667
119804,101807.403
119809,100404.9883452381
119811,268992.368
119813,264472.246
119821,242166.314
119824,191284.0
119825,188210.0
119826,188210.0
119830,191284.0
119831,188210.0
119832,86506.22133333335
119833,101660.058
119834,62017.388
119835,100728.26466666666
119842,125000.0
119847,129970.49399999999
119848,130027.17393333332
119857,190758.7682857143
119871,80306.58333333334
119872,80306.58333333334
119873,81978.82333333335
119876,117008.32800000001
119884,259004.726
119931,155852.242
119932,155971.058
119933,217013.4433333334
119934,160000.0
119937,244822.18
119938,146400.93493333334
119939,147751.9036
119944,144089.2
120014,82980.282
120072,97250.0
120077,160000.0
120105,191141.65333333332
120107,154678.23714285714
120111,137167.43153333332
120124,130650.85863721081
120132,81787.34358974358
120133,293115.3528
120141,143184.11033333334
120165,105307.42614285716
120166,105445.09280952382
120169,213826.54
120176,190286.0
120177,197987.98466666666
120180,393988.393047619
120181,392482.393047619
120193,115179.07924761905
120194,230760.296
120196,154999.0
120205,148042.676
120206,308017.487
120207,134745.482
120208,132338.34417142856
120218,136043.282
120223,493465.486
120231,136805.9515
120261,489776.8484444445
120262,247535.53266666667
120263,160000.0
120269,81617.856
120273,164545.928
120279,169518.1543809524
120295,97496.46733333333
120298,131356.59866666666
120302,262470.11939999997
120304,219998.4311
120305,258594.79115555555
120306,205377.54022222222
120311,213577.52622222222
120312,213577.52622222222
120314,130082.51850617523
120320,130198.9
120326,248686.116
120327,115310.36390620697
120337,103880.064
120338,103933.864
120339,103933.864
120348,173236.73971428574
120349,173236.73971428574
120350,204980.012
120363,77982.11814761905
120365,117264.06133333335
120371,142685.31903809524
120372,138818.61508095238
120378,145860.88945454542
120381,143386.32866666667
120383,89214.2986984127
120385,66635.84133333333
120414,155477.72056111108
120415,156885.0325928571
120417,95130.32266666667
120419,160076.488
120421,78886.6704
120499,96463.01583333332
120500,76809.22333333334
120501,155951.61045974027
120515,138269.30180000002
120516,135471.45213333334
120545,271723.672
120548,64249.566
120561,191145.65333333332
120562,124029.472
120564,135902.84266666666
120569,80260.45066666667
120590,496223.466
120591,359798.0106666666
120592,226079.66373333335
120593,93319.026
120596,278877.64633333334
120597,96774.79
120608,143208.79433333335
120609,124934.19340476193
120614,288285.472
120615,164334.47599999997
120616,163293.72066666663
120629,933664.0342857143
120642,263184.9886666667
120643,88398.152
120646,207756.754
120672,493253.374
120675,175948.32471428573
120676,75000.0
120678,83929.75733333333
120687,440866.69326984126
120688,452579.2567936508
120689,440866.69326984126
120691,488599.20177777775
120692,488599.20177777775
120702,69898.0
120715,215806.57822222222
120720,213577.52622222222
120735,125702.092
120743,131679.12
120744,78642.502
120745,80981.38
120749,225090.156
120756,98479.42333333334
120769,85407.76666666666
120803,93100.0
120810,85765.438
120822,91968.59635714287
120832,190969.972
120833,190969.972
120844,140494.99375
120851,81617.856
120886,109030.7864935065
120887,108652.68649350651
120895,210748.97475
120903,135008.2102
120905,162922.96025
120906,162351.29925
120910,88334.378
120916,214979.366
120918,440866.69326984126
120920,440866.69326984126
120922,488599.20177777775
120924,488599.20177777775
120925,488599.20177777775
120926,488566.9605079365
120960,93172.95844444445
120970,67401.73266666666
120976,153972.59495238095
121014,135397.77457142857
121019,233919.0213333333
121021,102216.67526075036
121025,169436.44222222225
121030,675417.874
121038,153368.298
121041,140295.19346190477
121042,140970.3638333333
121043,282457.4053333333
121045,140970.3638333333
121046,156534.3312190476
121047,282457.4053333333
121048,214299.339368254
121049,382502.95866666676
121050,136847.00326190479
121051,136847.00326190479
121061,272000.0
121062,89650.0
121064,89650.0
121068,525000.0
121070,525000.0
121085,89650.0
121097,119568.55306666666
121150,105010.49802380952
121158,133079.652
121159,322099.348
121169,128130.96466666665
121172,89110.918
121187,270000.0
121189,194988.538
121192,1090534.919
121193,1046204.431
121195,117292.28275
121204,119681.49994841273
121208,254971.61026666666
121210,170242.524
121219,260727.2951904762
121224,178329.41066666666
121235,251219.92007142855
121236,251263.27007142856
121238,136847.00326190479
121239,251263.27007142856
121240,214299.339368254
121241,140970.3638333333
121242,251263.27007142856
121243,156534.3312190476
121244,114206.8573952381
121246,134673.10715238098
121249,138168.07485714287
121251,230974.62375714286
121256,135501.79733333335
121257,134134.62933333335
121258,134659.63733333335
121264,285258.95347619045
121265,179754.66666666666
121270,124839.59833333333
121274,154386.3882590476
121280,205525.528
121282,93685.89833333333
121283,123435.0
121286,122832.84336630037
121295,133883.37983333334
121296,119702.62773160174
121299,117286.842
121300,149081.01799999998
121301,244364.767987013
121307,108556.94293333334
121308,94355.198
121311,132100.40687142857
121315,208122.09942857144
121320,102905.07616190478
121321,188696.436
121323,140970.5
121324,140970.5
121331,176800.0
121333,140970.5
121335,140970.5
121337,269530.0
121338,102544.0
121339,269530.0
121343,144324.27266666666
121346,195247.53728571426
121347,236208.8306984127
121348,237028.8306984127
121350,236310.28669841267
121351,307809.8033333333
121352,239168.8306984127
121364,525000.0
121365,525000.0
121373,264233.80183333333
121375,153285.544
121376,117530.78222222222
121377,225730.83594444444
121385,201350.97763203463
121397,103122.58639999999
121400,141560.2065
121402,89650.0
121408,89650.0
121444,104340.67093333334
121452,98434.06133333335
121455,177638.37
121538,271679.5055238096
121544,107223.80168571428
121597,144507.816
121647,103249.9682857143
121688,194560.63133333335
121697,119765.20774747476
121707,272000.0
121708,272000.0
121710,176336.718
121716,272331.074
121723,367441.8433333334
121739,100357.8958
121742,228552.818
121746,242822.67914285717
121751,112994.6993112554
121756,119889.47208333333
121757,100704.5611333333
121765,114291.04162460318
121766,114292.44762460318
121767,108769.16988492063
121771,97694.42128571428
121777,131399.282
121781,265749.40293333336
121787,94305.06257777778
121788,124288.78093809522
121793,317221.09266666666
121802,153396.45600000003
121807,167910.174
121822,140970.3638333333
121824,264686.58507142856
121825,169505.09784761906
121826,91519.01038095237
121829,342719.776
121843,111663.38666666666
121847,114403.92307142857
121848,112200.58607142857
121849,132596.5058333333
121850,111599.61876190476
121854,166000.0
121857,118250.0
121868,118250.0
121878,129321.87949999998
121884,307579.408
121892,97312.21033333334
121899,225186.09966666665
121900,130039.88085714287
121901,87324.32322222221
121909,83987.57066666665
121923,115313.83314249084
121927,102072.27343333332
121930,118080.66687899882
121932,123435.0
121935,102314.58847619047
121941,123302.01156666668
121944,163437.11266666668
121948,215293.6
121954,321325.0756666666
121964,93087.22633333334
121966,199217.20033333334
121970,256649.4126666667
121984,265855.2203443223
121993,126631.22346666666
122033,87966.9667985348
122036,218884.8476
122044,132974.94833766232
122165,199394.4409206349
122166,142485.9038888889
122167,180472.66799267396
122168,137211.61066666667
122169,137496.0106666667
122195,139290.368
122197,177018.208
122214,102941.768
122219,212788.695015873
122225,106970.342
122241,232392.8393333333
122249,119957.40666666666
122262,176015.274
122277,140506.60916666666
122282,110700.63746666667
122294,151241.6778666667
122299,203873.14295238093
122302,154446.8796
122311,165354.2
122313,149278.9326666667
122315,300523.186
122318,125823.5802888889
122321,128856.36152380954
122322,113841.6746666667
122323,232231.418
122330,1089459.991
122331,1080887.441
122332,847394.814
122333,847394.814
122337,115485.54003809523
122340,108650.276
122347,88257.31688888889
122350,193372.86866666665
122351,97964.42113333332
122362,211698.14080000002
122370,134222.18733333334
122371,133618.42933333333
122373,110190.79973809524
122377,99367.5
122382,137575.948
122398,184937.8325047619
122404,111000.0
122405,262074.15170940172
122410,109357.35005714284
122411,183862.5875111111
122412,129134.06833333333
122434,128231.6989090909
122442,258322.51642857143
122454,248286.37766666667
122458,248286.37766666667
122459,247185.03366666666
122467,193624.782
122472,260000.0
122474,246850.58311111107
122475,131555.19
122500,119490.37214285713
122559,109563.90574083697
122560,184851.65695238093
122561,147643.35196703297
122586,69495.32194805195
122599,234016.14266666665
122602,75026.7032
122614,81855.23933333335
122616,129367.00171428571
122622,167444.8506666667
122637,116157.33875
122644,108769.16988492063
122647,200627.2222380952
122665,116413.32483333333
122667,145439.57941666665
122669,166000.0
122687,248247.4581904762
122695,166000.0
122699,309171.684
122701,215496.536
122703,127034.4620952381
122744,500373.9926666666
122752,221905.1329047619
122762,345778.976
122768,176074.7588698413
122783,202836.83497222225
122784,79687.95479523811
122787,215845.558
122788,163244.19
122792,92471.26500000001
122881,248286.37766666667
122882,89316.7909047619
122900,81202.36209523809
122901,78484.95352857142
122902,81219.45623095238
122903,78456.25352857143
122904,80947.32623095239
122909,134654.69333333333
122927,107000.0
122928,107000.0
122929,107000.0
122932,138000.0
122934,229727.836
122935,132700.0
122947,109500.0
122969,74473.476
122987,278920.1053333333
123070,218372.03533333333
123079,287499.2
123083,287170.6
123092,79401.38
123093,71370.55
123094,71207.56666666667
123095,70859.588
123129,71150.168
123153,247662.092
123165,435549.4386666666
123176,132967.77066666668
123196,84933.83899458878
123248,121702.08866666666
123310,107000.0
123311,109500.0
123312,109500.0
123323,211163.464
123325,211195.264
123326,210378.664
123327,210918.464
123328,211163.464
123331,173084.4689111111
123335,109500.0
123338,123257.52898039216
123400,66961.40555555555
123480,106800.0
123558,73565.5
123572,132405.962
123576,73565.5
123579,203182.68380952382
123580,202824.68380952382
123588,75342.6
123592,75801.48
123595,198630.128
123605,98951.26733333332
123612,250000.0
123620,78430.40565
123623,80993.33010952381
123624,87225.90431428571
123657,139000.0
123658,139000.0
123686,67374.17
123734,193030.514
123749,344391.32533333334
123759,175294.124
123760,75982.68867777778
123767,106800.0
123768,106800.0
123808,281500.678
123815,127887.89723809523
123825,178203.6615
123835,355994.436
123868,109500.0
123869,109500.0
123870,109500.0
123874,210918.464
123877,109500.0
123892,106800.0
123898,91097.03866666667
123900,82099.24033333335
123903,92000.0
123905,107292.77533333332
124032,417184.39047619054
124034,73361.3
124036,75015.492
124038,199206.128
124039,199164.128
124044,203182.68380952382
124059,98945.18733333335
124070,79990.49666666666
124071,81809.156
124072,67327.84666666666
124073,69550.47
124074,71258.462
124094,139000.0
124096,137847.574
124109,142407.376
124118,117841.59533333333
124125,114188.17986666666
124138,264428.1548
124178,69860.042
124187,125052.57666666666
124197,262775.59
124213,180584.90469999998
124214,109500.0
124228,112354.22046031746
124263,115844.52456666667
124339,252231.5668
124357,108682.97717604616
124364,116736.72485714285
124380,450474.426
124392,257199.09233333333
124494,98437.34866666667
124500,103889.996
124536,133349.364
124537,69860.042
124540,501000.0
124548,93877.37977922076
124597,584717.1313333332
124642,501000.0
124646,247218.702
124648,256958.58
124662,109500.0
124688,89242.45973333334
124693,213780.11799999996
124707,134350.75465160364
124714,182536.12204999995
124716,201207.17366666667
124731,130806.88179523809
124737,367129.904
124747,806261.264
124759,689599.8
124777,379300.64133333333
124787,296259.48133333336
124796,202222.3984
124799,148385.86266666665
124813,306384.0
124819,100614.88198809524
124894,248094.32266666665
124915,124861.05800000002
124962,101392.70332222224
124978,142598.60840952382
124993,164000.0
125005,189747.6811111111
125014,115736.77133333332
125016,142877.66846666666
125020,971000.4265714285
125023,300000.0
125027,200974.1624
125044,177605.508
125045,161504.35950793658
125046,1222191.39
125050,203354.487
125072,711945.532
125073,137055.948
125086,1206869.8956666668
125100,248592.516
125117,427917.06
125118,557307.536
125120,233484.808
125125,194177.3835
125130,218770.40600000002
125134,626890.0113333332
125136,158392.93707380953
125141,97830.1891111111
125188,230820.41704761903
125200,145689.62961803755
125203,173123.00652380948
125204,101703.5910888889
125275,290818.56783333333
125291,234575.8541666667
125317,118351.26465714285
125332,117800.0
125345,194959.04
125351,231726.766
125357,180508.535265873
125359,124946.32927294372
125375,172945.87373809525
125380,142866.67716666666
125404,103313.77683333332
125406,137683.25306666666
125422,208749.0073333333
125431,142288.7474666667
125433,139073.44404761904
125434,193962.48821782105
125435,306384.0
125444,83469.01733333334
125466,213791.0
125506,165423.508
125546,176550.8827380952
125554,259543.122
125568,182522.696
125569,545486.081
125573,151648.51244444444
125579,110072.33822860479
125581,200041.32340555554
125583,152890.78966666668
125587,131710.00372380952
125596,346068.776
125618,267734.9286222223
125621,173168.154
125632,241348.914
125639,156952.8894728682
125642,542354.5766666668
125645,306384.0
125694,126698.23134999999
125695,142702.17266666668
125696,109941.23733333332
125714,195534.18
125716,133227.98006926407
125727,196351.937
125734,250244.986
125736,139226.496
125739,150910.09684634814
125744,136723.203
125756,151808.0
125764,212186.50266666667
125766,246545.22474285713
125776,165192.81591702742
125777,165192.81591702742
125783,107760.5013468254
125784,107760.5013468254
125791,149750.071484127
125822,267407.5577333333
125824,164621.666
125828,161668.99333333332
125829,212385.7584060384
125841,158185.0157682539
309591,265845.266
309611,228584.306
309613,175433.66248333338
309658,83640.85373333334
309661,265546.6576619047
309667,201383.06913333337
309669,146630.0075396825
309678,409103.2366666667
309692,146961.45949300702
309700,289415.011
309707,128765.50346666666
309714,143609.75966666662
309731,460765.904
309734,115658.59444761905
309735,158540.95117222224
309770,282322.64106666663
309817,93613.87089826837
309819,127411.72466666668
320845,124707.23766666667
320872,217112.474
320929,167086.98733333335
320931,167527.67733333335
320932,72400.0
320937,72400.0
320938,72400.0
320940,115111.0
320948,122400.5
320950,273736.618
320954,167527.67733333335
320969,224913.334
320974,164022.4444
320998,124597.09666167559
321002,107239.0
321004,103159.78886666667
321023,92121.212
321055,155942.55
321067,136020.6553333333
321080,96217.193
321083,152586.42713333332
321122,206449.56533333333
321127,139140.17521428573
321128,118516.77535584418
321229,115111.0
321231,122400.5
321249,278238.738
321250,266840.2
321258,175737.0
321259,243322.902
321260,72400.0
321262,120101.30664761906
321270,175737.0
321272,67226.75433333333
321278,369018.38
321286,184981.76766666668
321288,121525.29286666668
321289,104667.0
321307,142250.0
321311,153050.0
321316,153050.0
321317,107239.0
321318,107239.0
321319,107239.0
321321,107239.0
321322,132129.0
321323,107239.0
321324,107239.0
321340,221739.68176190474
321346,193786.9357142857
321352,99779.3200128205
321392,139458.1002547619
321393,170173.50143968256
321399,169283.6532222222
321407,184623.17647802195
321428,226810.53066666666
321429,82008.19266666667
321431,82330.71066666667
321455,180414.8798833333
321463,127315.95827380952
321480,1255380.278
321540,132110.3970626984
321551,143299.234
321559,222210.204
321561,107239.0
321567,124378.19913333334
321568,121525.29286666668
321570,153050.0
321573,157750.0
321574,107239.0
321575,94900.27562460318
321577,107239.0
321581,98965.0
321582,107239.0
321583,92254.59067619048
321595,77817.45328405483
321616,301209.78266666667
321656,212241.0356666667
321674,224000.48219047618
321677,123062.977
321730,117994.81520000001
321734,107239.0
321736,107239.0
321737,107239.0
321739,168835.4875
321747,153639.46391282053
321749,168638.64484920632
321757,199274.6521904762
321758,222346.97799999997
321762,82761.42816666668
321817,329499.5566666667
321831,385187.622
321834,120937.25733333333
321874,441104.124
321877,357739.56
321883,134113.31430952382
321903,113815.3983897436
321918,214730.857
321940,153400.0
321942,128861.07133333334
321949,147240.00533333333
321950,97816.83733333333
321960,147239.016
321961,147208.816
321965,150379.53
321975,219985.852
321980,517210.56
321989,158594.11523333332
321990,104035.05166666668
322003,126076.5
322025,255509.58266666665
322027,113061.458
322029,99312.621
322038,148732.45155555554
322041,89795.38293333333
322042,83195.074
322045,111024.0
322046,111024.0
322092,264880.85733333335
322107,139683.6012952381
322110,493060.776
322111,323650.7586666667
322112,319246.3086666667
322114,139720.2201412698
322115,176801.36489999993
322116,184197.33466666666
322119,323650.7586666667
322121,302379.916
322132,66137.65619047619
322133,66137.65619047619
322144,177984.664
322156,101881.694
322181,175301.4632
322197,194009.232
322220,604374.204
322244,107392.13084848484
322256,379096.862
322271,109803.34668398269
322281,173539.1387142857
322300,89500.0
322304,158015.47933333332
322310,315009.0624730159
322330,99772.603
322332,153802.546
322335,140428.96918968254
322339,185786.23533333332
322360,299849.548
322362,141151.39122077925
322436,259036.35752380954
322445,178143.166
322476,181374.48485714284
322494,94619.07
322500,121956.76695238095
322501,121381.96695238094
322505,117800.35781818182
322517,293462.2853333333
322518,117367.25159999999
322526,468484.946
322527,169996.27333333332
322531,135522.998
322533,90645.50577777775
322534,113846.92
322536,114078.92
322548,183724.41561904762
322553,79976.614
322579,335594.706
322583,343543.236
322591,114132.91866666666
322610,363162.332
322620,153651.51533333331
322630,164975.858
322645,457570.328
322651,171420.326
322653,251444.848
322671,702469.988
322695,63315.06978354979
322712,171868.28106666665
322715,203132.70359350648
322732,290298.666
322741,138063.5220952381
322744,325137.00828571426
322757,133278.32
322769,111898.229991342
322786,192725.45
322789,77778.16666666667
322800,94100.47466666668
322807,108554.22
322808,227735.1804
322810,101016.032
322816,162986.73854545457
322833,111024.0
322871,264782.85733333335
322980,174642.56001825392
322981,176747.25118326116
322983,176801.36489999993
322984,176801.36489999993
322985,323678.7586666667
322986,326991.7153333333
322987,176801.36489999993
322990,139720.2201412698
323000,93068.31866666666
323002,130778.288
323011,195037.72419047618
323013,467888.946
323017,113825.92
323032,109294.87833333334
323066,75198.72246666667
323069,282406.602
323077,76717.56
323085,88910.91066666666
323088,278660.406
323101,815982.348
323102,252800.44766666665
323122,156807.992
323169,98265.264
323189,103266.732
323192,111924.61569985775
323194,127739.2900873016
323197,1460771.204
323198,319991.068
323233,186035.936
323254,123800.0933
323308,286029.554
323310,371122.5146666667
323318,150040.528
323325,239858.384
323330,99504.168
323339,151197.702
323342,99573.022
323349,360976.07
323382,148114.72946627392
323396,178849.592
323403,260898.404
323412,176855.94171428573
323413,176516.8106666667
323421,165287.90523809523
323425,221852.526
323433,317564.044
323434,188682.11266666665
323446,145414.26133333336
323459,93941.80533333332
323487,205532.3339404762
323518,92767.26012301588
323536,147449.41104761904
323549,154320.36977777779
323552,168246.49866666665
323608,169008.59133333334
323617,94536.602
323622,370872.4816666667
323629,213221.79533333334
323656,217198.993
323664,293949.97728571435
323668,141571.0
323678,426934.978
323703,167035.11607619046
323710,170966.9566666667
323722,215895.06666666665
323723,81247.652
323780,98918.97844444445
323792,141401.959
323831,279400.93226666667
323894,119940.486
323911,113330.0
323917,99948.56566666666
323926,184310.366
323944,155530.08666666667
324001,199119.154
324006,163994.568
324023,169456.22466666665
324032,236559.94366666666
324058,179275.881
324078,180609.1137142857
324079,195950.9097142857
324118,212097.0
324146,212097.0
324152,120760.57
324158,619893.09
324160,759291.304
324236,123870.194
324287,1139351.058
324306,293235.18495238095
324371,835169.888
324381,88284.74
324395,144925.76433333333
324415,255966.292
324417,519120.208
324418,519120.208
324454,132917.95968333332
324455,74682.61466666666
324497,103886.67
324557,105718.28766666667
324596,303417.588
324605,447993.196
324608,568264.1146666667
324616,329777.4646666667
324628,271507.126448945
324634,302548.3691343413
324666,328867.67466666666
324716,705148.194
324721,177438.134
324723,790084.9706666667
324784,218541.566
324797,333811.216
324814,660545.08
324819,1222281.6
324846,84444.72833333333
324904,147377.3393984127
324941,330938.566
325010,686605.57
325044,362958.596
325045,384743.388
695288,158824.126
695340,248548.218
695354,131075.08533333332
695495,145370.872
695510,137548.352
695519,734052.378
695520,733718.778
695565,171568.154
695596,261825.888
695610,236012.582
695611,245655.16
695614,99405.23257142857
695615,262244.398
695631,143383.77
695794,230684.98228571427
695813,279486.478
695828,224323.396
695877,356061.218
696061,200910.372
696119,210492.38533333334
696129,178881.46
696183,145540.648
696223,427423.008
696268,184759.9302285714
696269,412532.0045128205
696272,448850.05269841274
696273,447836.61619047617
696329,393807.5611111111
696334,393807.5611111111
696336,438402.93936507934
696337,439127.25523809524
696338,439667.93936507934
696339,440392.25523809524
696340,437405.93936507934
696352,152290.5609777778
696357,152008.6354920635
696508,153165.026
696512,114900.0
696609,221050.362
696610,205149.71133333334
696645,153414.58
712644,166933.816
712653,338580.3055555555
712676,154513.89666666667
712685,289345.21866666665
712690,209317.2
712692,262829.9593333333
712748,226143.972
712750,128428.94733333333
712751,205862.90466666667
712768,169545.39
712776,213690.024
712780,219189.18133333334
712788,166707.986
712794,136223.298
712816,174686.6931428571
712817,105752.18393217894
712818,302052.444
712823,357050.74333333335
712835,424998.614
712852,143291.71
712858,254764.498
712871,263956.48
712880,153690.398
712881,100628.31
712890,93502.944
712901,218250.052
712917,283265.913
712999,130378.00777777778
713027,67524.388
713050,142242.314
713084,122796.516
713098,192021.458
713109,84870.832
713127,103545.53
713151,125493.48366666667
713157,382313.674
713159,143411.328
713160,135280.456
713169,115326.57
713182,229535.127
713190,103900.114
713192,111689.426
713197,225184.17983333336
713213,162828.0086666667
713216,137387.046
713247,191766.89683333333
713251,408097.00735
713264,137350.11395952382
713309,129288.192
713319,283207.97285714286
713341,234510.544
713350,881483.714
713375,306048.8014285714
713391,182749.87116666665
713394,101400.192
713420,81842.57
713421,292475.416
713429,98990.2
713432,183453.24
713434,211644.40866666666
713437,177692.648
713469,297773.26666666666
713476,317275.6
713477,165273.714
713501,200646.70993650795
713507,109693.46666666667
713536,191183.56066666666
713544,150318.112
713560,201355.449
713580,157233.8663333333
713651,148557.022
713656,133377.362
713740,220343.97643073593
713800,386321.776
713801,124658.54866666665
713806,289961.268
713820,94833.924
713823,116702.798
713847,231384.857
713864,165835.674
713866,153981.125
713868,193258.7217333333
713878,77766.21866666665
713881,164289.18107785546
713897,148154.31
713934,199515.301
713939,117695.0
713950,344446.9333333333
713991,145283.3426666667
713993,84591.2
714003,148474.822
714017,199401.918
714021,155816.318
714026,549060.998
714064,105410.03
714174,99106.0
714196,271086.22019047616
714262,333448.2146666667
714353,103472.194
714369,123284.064
714374,236597.65666666665
714385,183453.24
714393,349336.748
714398,459578.714
714412,241486.73
714415,132872.986
714417,336935.0
714430,186842.08828787878
714507,187641.552
714555,102417.948
714586,460913.459
714587,219281.844
714609,109507.866
714636,275573.7351428571
714676,71337.90546666666
714689,123500.0
714713,405975.96733333333
714721,97942.942
714725,126289.35876190476
714774,105715.14866666668
714784,200967.48246666667
714821,126159.42470476191
714833,389598.5282666667
714858,185091.3666666667
714864,186459.8
714871,133886.482
714874,365667.0485714285
714890,191871.40666666668
714911,142831.318
714930,364972.4
714957,163690.4213333333
714970,133880.16
715017,187350.91733333335
715034,299721.21
715036,384643.456
715051,138531.31
715078,134982.37
715080,151569.78466666664
715127,239383.37542857142
715142,116281.614
715176,186340.56764285715
715189,128354.664
715195,146154.268
715196,122743.632
715264,98862.556
715291,161981.112
715295,216148.28614652014
715297,296181.616
715305,70005.204
715309,145890.82666666666
715319,170121.732
715321,89311.41314285716
715381,92826.21
715383,250569.54
715402,320050.425
715413,364145.2815930736
715440,190756.904
715490,122747.008
715496,233240.1655
715529,70934.26
715546,116564.878
715580,67937.628
715584,188021.912
715594,266416.9788626984
715611,167012.86502741702
715628,271187.6473333333
715643,108689.54466666665
715645,240274.36867857142
715666,243633.2
715669,66439.1
715756,109167.38
715761,173240.3
715771,166830.026
715775,129760.81466666667
715779,152925.2146666667
715783,97204.18012380954
715789,102750.4
715799,170618.67072727272
715801,212545.276
715802,207932.8646666667
715816,198857.804
715819,121616.258
715854,102253.79166666667
715885,210252.18
715904,150125.2
715909,146607.4
715926,174478.4037777778
715960,175076.39696345513
715975,121461.6
715987,398206.488
715991,90781.828
716004,110259.806
716016,104498.92062380952
716034,446902.778
716036,110890.69533333332
716062,106544.102
716088,58849.992
716090,99428.878
716098,211008.808
716112,80621.326
716122,115393.21
716135,135642.65
716165,107258.06933333333
716198,137625.42255185338
716225,241539.521
716229,328355.4781111111
716230,105703.536
716233,151375.436
716243,123557.50931890334
716251,231196.584
716252,95410.07
716270,86989.36066666667
716289,235265.008
716355,169908.2
716367,153431.04
716371,287994.07406666665
716379,83557.65533333333
716381,129846.38
716388,164570.598
716430,125473.65633333335
716437,122995.458
716439,150072.044
716453,85437.404
716459,219938.2
716475,320446.186
716495,194914.496
716516,318499.2
716564,171447.424
716566,305591.314
716646,176866.538
716652,117889.298
716677,155720.462
716680,131917.92
716696,224036.18
716716,136366.46905483401
716750,331005.61
716759,150037.32
716761,224036.18
716822,189577.7935
716839,110084.88
716905,294206.0
716942,150088.34
716964,160315.8438
717008,458922.72
717022,145271.704
717046,93549.6
717110,70044.25033333334
717123,437537.998
717146,81114.298
717179,186496.54
717184,239068.602
717187,116901.70622222223
717188,96286.41628571428
717189,293609.8576952381
717195,145405.0
717197,146318.5496713721
717227,105308.10746164947
717270,176937.76133333336
717303,182309.568
717333,149632.55682222222
717335,116245.392
717342,771277.388
717358,149388.992
717374,132174.444
717386,312318.2426666666
717417,120422.45666666668
717491,73394.57383333333
717502,67832.4
717549,179438.912
717570,222159.302
717574,67593.45466666666
717602,202905.718
717626,205653.04399999997
717630,69895.83679999999
717635,274712.34
717641,112043.986
717648,117044.396
717652,89526.152
717689,157706.032
717727,90509.07956666667
717783,217546.19
717808,244094.376
717824,215165.90765714287
717869,141881.198
717986,115873.78
717995,72579.11628571428
717997,220775.512
717999,94711.602
718069,120508.15957142858
718109,186622.598
718113,212673.64533333335
718134,193856.71426215646
718135,211293.436
718144,90298.738
718171,376254.808
718212,134780.16
718229,103748.0631439394
718242,87037.36
718310,176684.308
718329,143364.268
718331,91412.0
718349,283887.5
718436,93545.52666666667
718506,118687.92341666666
718581,207475.3556095238
718620,102054.7336190476
718648,184910.2765613275
718653,99422.51
718675,103656.466
718683,185192.536
718696,153331.958
718697,155314.402
718773,391856.164
718786,176485.588
718806,156213.198
718811,208152.448
718812,293668.8143333334
718841,154652.72
718869,330679.348
718891,627797.066
718902,144498.808
718919,208848.83
718930,153895.172
718970,331101.2033333333
719018,223717.48
719060,191493.552
719062,118752.99
719065,203731.94834285713
719076,336882.604
719091,136090.682
719120,85375.63759999999
719146,168930.538
719186,105614.55047619047
719188,311694.566
719197,133612.9887857143
719201,131718.92306666667
719203,122627.0
719208,122627.0
719210,197620.44926666666
719216,122627.0
719224,140249.06933333332
719246,122627.0
719258,86623.006
719300,183907.32971428573
719334,104510.778
719360,402734.432
719377,160085.648
719415,120044.716
719424,185004.774
719429,286220.87
719445,361939.584
719446,358810.1284
719469,217199.33333333334
719503,125325.89733333334
719537,242572.01
719593,115254.17746666668
719616,96537.82066666667
719642,88943.362
719655,273104.4
719693,83855.384
719720,145208.62813333332
719747,119980.29333333335
719748,95427.678
719754,103407.12170634921
719784,99417.778
719794,99171.02
719802,111866.456
719806,77109.8
719810,132950.542
719812,113328.65968391053
719828,182537.782
719833,132306.8753777778
719882,95248.95866666666
719895,157308.31998600985
719909,130866.44733333334
719971,99492.27716666665
720043,195327.408
720108,321810.4506666667
720119,116203.544
720163,80465.912
720166,152379.534
720188,99367.5
720194,250626.112
720274,114618.642
720292,121478.388
720296,116659.47171428571
720304,100096.28
720323,157202.384
720342,575697.7728571428
720348,192727.70974178027
720379,100001.256
720386,207958.2556095238
720388,146827.554
720393,113007.492
720398,180676.474
720403,116185.1951111111
720409,281569.8
720440,130722.11111111111
720450,101716.884
720481,87208.624
720530,188919.71
720534,105352.458
720549,95087.72866666666
720550,100023.268
720609,113329.998
720629,204077.94
720646,157296.662
720649,249241.136
720659,79925.76
720745,261931.894
720753,92287.92142857143
720789,104144.548
720879,226588.998
720899,184682.96866666665
720909,139039.6
720925,200913.51133333336
720932,92963.968
720950,251278.348
720956,153648.36
720964,192729.34866666666
720970,124563.67800000001
720997,208942.084
721019,548235.3806666668
721074,201612.43916666665
721104,115703.80817777777
721128,68257.336
721132,78924.92666666667
721135,68426.298
721138,76142.306
721169,297356.698
721241,148506.928
721303,100287.186
721327,93608.59
721355,131504.398
721380,90990.91817619048
721384,176771.588
721403,125829.88
721426,156057.768
721462,136747.016
721473,75499.36733333333
721548,187552.844
721568,125157.20438702995
721574,129704.24470917873
721579,318923.49406349205
721598,144531.312
721634,189197.42
721647,395526.0
721701,81734.556
721727,167628.9
721746,130022.722
721751,347388.6666666666
721773,66371.34
721806,82128.11146666667
721859,237512.518
721869,364016.724
721922,167027.868
722035,753736.732
722036,753736.732
722125,70248.8
722131,121365.792
722173,92855.3
722181,344022.75
722212,68066.86
722250,85422.502
722257,115114.46066666667
722262,179502.24609523808
722278,350365.718
722288,90320.674
722289,79404.4
722312,166404.952
722332,84717.588
722333,136754.79008333333
722344,81106.856
722356,845502.16
722360,115619.57533333333
722388,142268.34
722430,86566.23068571428
722458,109016.635
722486,151473.17
722515,121842.3
722557,175507.65825
722582,374131.316
722592,110556.72266666667
722603,256528.398
722611,176453.32266666665
722612,196357.01146666665
722613,167000.16999999998
722617,114076.38533333334
722639,317291.91971428576
722669,113221.516
722794,192174.7287272727
722805,418727.978
722979,215023.538
722991,911830.078
722996,347781.33149389504
723017,236972.854
723054,160242.975
723133,439753.6
723238,266489.4120190476
723261,197148.652
723269,253322.61375
723341,95501.6372
723364,396143.63
723370,131465.49904761906
723418,300068.482
723439,149373.504
723497,78052.298
723503,101271.436
723527,101349.52066666668
723559,89283.742
723569,71789.086
723575,86941.60733333335
723590,243571.666
723636,131173.28
723646,164523.565
723662,87599.23104761905
723694,780790.42
723703,490738.216
723705,108769.60066666667
723726,210915.67333333334
723746,71327.62
723756,97661.49
723769,165725.686
723775,218874.696
723789,189008.8721904762
723793,113858.504
723826,136641.35
723846,142754.33266666665
723856,81431.328
723936,475611.822
723944,165921.59857142856
723996,107390.26933333334
724017,157001.1636666667
724019,178832.0552727273
724048,154197.678
724049,79170.13695238096
724059,514362.994
724070,463931.18133333325
724209,154377.92193650795
724225,694057.472
724230,227723.096
724234,229012.39
724247,281882.594
724249,357818.8
724273,133314.96133333334
724294,54007.028
724309,78132.56533333335
724315,399257.6
724343,636530.0
724348,206241.28600000002
724352,295404.352
724357,221346.306
724385,82450.2
724424,158922.554
724532,176766.068
724560,157177.768
724606,158198.7321111111
724640,163971.572
724671,134544.7233333334
724797,83763.884
724820,64872.888
724847,103350.61466666668
724947,72456.4
724960,159742.3
724977,155481.594
724987,599947.398
725073,120023.28164285711
725121,354398.92725
725177,177474.264
725180,138994.196
725186,121016.194
725367,167413.262
725435,86608.47533809525
725481,142297.032
725560,172788.42363012183
725581,82335.966
725620,170802.204
725646,72084.54
725648,184534.23
725681,177859.80240000002
725683,78133.186
725741,65690.454
725753,131009.41
725778,119265.05
725811,93697.854
725875,281309.6
725997,128249.76986666664
726011,467314.69404761906
726050,174398.95163809523
726064,208703.48264444442
726121,66090.798
726144,142704.06
726145,140854.96
726174,97988.34
726332,284683.4832000001
726351,58733.2
726359,190844.40238095238
726443,112062.8
726459,110081.104
726460,65095.96
726461,167098.99085714287
726470,335900.1293333333
726488,80258.48
726491,173085.212
726518,70730.224
726642,445506.094
726643,97558.6
726678,127966.1675
726698,78756.758
726797,67924.756
726850,87188.902
726887,81943.82933333334
726898,222765.47219047617
726904,405833.39
726915,404209.598
726976,256726.596
727014,131372.416
727021,134333.264
727064,120413.54667878788
727101,404245.62266666663
727114,85543.146
727129,88064.15
727142,136428.656
727160,68401.742
727168,279376.0
727178,87713.446
727188,49986.112
727198,75862.332
727202,203510.83803488372
727275,114551.04373333334
727322,86479.22428571428
727334,193226.48333333334
727345,145755.0522857143
727359,139473.988
727364,74660.8
727433,105532.6
727438,82825.50866666666
727490,82968.978
727503,133436.8
727540,331509.518
727542,109962.8617142857
727585,80168.073
727593,65752.24
727615,110643.706
727627,123048.376
727655,194402.588
727691,160303.414
727694,175881.6
727811,174629.422
727895,169588.376
728058,201123.09553488373
728078,322788.07927272725
728243,337459.9
728309,138464.4246666667
728352,115303.27422222223
728363,274193.6706666667
728364,95636.48733333334
728431,509128.754
728500,90938.72
728503,140597.118
728529,831121.0178333333
728582,115793.992
728586,113828.0
728694,205045.30945454544
728709,154980.60384615386
728713,215553.65933333334
728796,149278.02666666664
728798,192068.678
728926,125716.08
728950,115064.214
728966,134456.82990476192
728985,97540.886
729017,109900.0
729075,401941.028
729111,254999.8
729119,125988.874
729136,177770.698
729148,271188.91466666665
729174,145590.1546666667
729177,148622.261
729181,139296.788
729203,95530.36
729210,209078.93
729226,124918.42359848483
729265,170406.25466666667
729341,70879.08472727273
729380,191123.605
729400,120808.54866666665
729445,151094.08533333332
729455,179219.10266666667
729464,122127.07
729510,376502.9633333333
729514,126129.605
729528,257556.178
729536,96707.236
729540,170271.85280000002
729554,109558.39
729607,109480.392
729608,78931.68
729625,209818.23
729641,231101.12
729644,96040.6
729663,473755.28
729721,559450.776
729768,320940.36812460324
729773,92122.20626666668
729782,232856.352
729789,166419.3
729812,181308.99372222222
729831,107851.8
729845,129730.51666666666
729990,104164.888
730059,97275.769
730106,193618.428
730114,89051.61478571428
730131,68252.32
730151,87223.07683492065
730265,89324.1
730294,131664.04663636367
730332,110656.7
730363,221115.736
730414,96707.236
730524,102386.75
730596,127964.0035
730640,150076.9133333333
730686,99594.90933333334
730881,150084.548
730894,141664.157
730939,162251.177
731035,130000.0
731059,96493.472
731100,55167.4
731187,126930.68700000002
731206,162867.276
731217,176067.01516666668
731226,149120.4
731245,337974.219
731327,230587.95
731364,71597.284
731419,111211.87047619048
731420,98572.55433333333
731429,169036.04753333333
731450,133528.806
731474,136292.826
731507,125786.2
731508,129439.762
731588,109284.558
731696,68444.51
731757,423409.864
731801,509154.027
731833,72240.4
731851,66140.75
731874,773945.8998333332
732027,118439.73
732100,75343.0
732211,104208.723
732262,111958.4823809524
732403,130436.31533333335
732408,199539.88
732440,130093.32066666667
732456,276029.85
732495,124666.4
732512,186154.44260476186
732513,144578.58
732518,69364.096
732657,136638.718
732818,106608.2
732911,185348.508
732929,108323.95116883116
732954,114915.46704761907
732965,193318.55
732970,148431.596
732998,96707.236
733071,73889.0
733086,164723.45133333333
733135,284601.938
733209,131030.602
733485,660647.794
733560,156405.044
733655,105951.89314285714
733708,117701.0666666667
733722,64162.2
733753,73168.93066666665
733774,100255.198
733855,150916.646
733856,86237.268
733903,117818.492
733907,88501.51311904761
733919,89883.328
734011,102376.984
734023,179760.08680952384
734094,163792.012
734149,233430.40200000006
734159,92919.474
734160,167413.262
734181,112432.88533333334
734275,171176.036
734658,462188.87142857147
734708,224934.68345454545
734725,249045.23
734836,254849.85333333333
735000,347781.33149389504
735007,148643.988
735055,231320.0
735124,101214.704
735158,75646.09
735189,93229.88716666667
735216,131734.504
735230,176810.336
735232,105315.784
735250,255003.476
735298,105315.784
735355,179491.2
735484,116785.832
735490,168328.8
735491,119867.514
735493,165433.23
735505,159847.30211111114
735533,129943.694
735555,157078.47533333334
735561,76280.306
735562,104661.35
735614,128387.036
735627,110039.266
735634,194654.65257142857
735698,58060.2
735797,298406.7886666666
735802,275772.54
735891,81759.184
735983,95245.566
736002,202078.566
736030,105400.55066666668
736051,128452.076
736089,76836.0
736143,272859.678
736169,88501.51311904761
736175,193408.883
736225,221488.268
736311,116967.388
736320,286937.86
736337,84559.9
736397,196499.4893333333
736443,117616.48741105203
736489,103962.92733333333
736635,42868.19933333333
736651,285711.15133333334
736721,133190.594
736740,64573.841
736799,180999.7666666667
736983,135228.04533333337
737015,286518.61976190476
737075,142891.194
737150,138275.512
737209,161290.6446666667
737263,243324.12003488373
737285,88587.55125
737397,117628.252
737458,418736.564
737514,158503.735
737665,330000.0
737976,419032.21031578945
738028,175855.17
738143,163745.5833333333
738160,165496.81574869572
738192,107498.162
738314,339916.72280952375
738320,112256.018
738381,233263.618
738406,68875.372
738433,126209.204
738489,98744.132
738491,95820.62685714287
738574,124600.14736507938
738723,175774.59
738880,115389.146
738920,122608.114
739033,441368.70338333334
739042,83547.97947943723
739182,63967.24
739254,94037.944
739359,183000.0
739360,183000.0
739364,144828.924
739430,100582.58
739497,114569.184
739563,122255.75133333333
739581,226463.95
739670,93192.096
739702,70557.39666666667
739717,137490.108
739824,203026.033
740070,255712.796
740158,144805.596
740377,99968.75
740499,214418.7940952381
740572,198344.1687619048
740609,131233.11033333332
740798,360250.098
740914,378681.0996666667
740915,250960.81333333332
740917,195647.68647619046
740932,95000.0
740974,149047.9
740993,95000.0
740998,95000.0
741000,95000.0
741002,95000.0
741008,95000.0
741036,254784.68
741047,244427.05883333334
741111,894313.914
741171,154980.60384615386
741174,287439.3433333334
741203,128074.02466666666
741205,175609.896
741232,86075.42533333333
741270,189048.98542857144
741294,122973.83537142856
741312,166649.08
741313,690642.406
741329,90641.22533333335
741401,172364.958
741416,211600.0
741433,83627.21014285713
741457,388379.628
741533,192550.594
741591,146820.4
741682,184649.268
741699,50782.82311111111
741808,221772.95333333334
741810,165305.082
741811,202868.66
741813,173199.278
741824,195890.0186666667
741842,89971.97133333335
741844,94287.50466666667
741999,158010.398
742049,81234.91533333334
742278,94535.8
742444,136576.571
742500,79143.86066666667
742512,112962.02478787879
742534,55549.692
742552,119847.436
742592,120752.87209523808
742595,218390.74
742813,167511.948
742839,116967.388
743024,101853.446
743072,132837.316
743084,194540.212
743131,104425.088
743197,308811.028
743226,121489.79366666666
743233,194307.834
743243,134589.5295
743310,184073.672
743424,150073.838
743645,101301.088
743678,88834.22533333334
743689,261552.586
743736,101943.924
743938,56548.08
744009,86159.6
744134,183636.15539523814
744142,155232.05466666666
744196,189658.892
744806,80810.748
744824,201120.196
744870,281223.9293333334
744879,118086.568
744924,101062.598
745039,103717.65260606063
745099,776261.254
745109,265144.1
745286,186700.976
745287,141961.912
745364,120664.284
745581,118649.00831904761
745614,161010.766
745630,176794.752
745696,976542.996
745726,88397.35
745763,207069.53
745819,143718.94366666666
745898,340458.843
745924,129999.678
745960,61655.49566666666
746269,96776.79166666666
746297,162255.976
746353,154073.23
746361,209466.324
746390,133845.76
746450,99700.64716666668
746513,290529.696
746565,114767.0
746720,229795.688
746732,148064.152
746769,316318.0
746790,247653.186
746846,125000.0
746847,125000.0
746901,268233.298
747013,155101.97
747015,270559.122
747085,64900.0
747090,182163.394
747139,81265.112
747310,135576.756
747474,250359.852
747521,169055.374
747537,94743.758
747736,196584.344
747743,192057.216
747759,110623.904
747810,109410.4
747995,152375.432
748013,69195.70083809523
748040,303527.094
748058,211600.0
748060,211600.0
748073,201996.998
748106,141669.738
748145,163558.556
748150,381245.53400000004
748172,219864.32266666665
748287,144182.31309523806
748308,85899.78
748311,142921.84066666666
748429,65721.2
748523,137103.875
748544,181839.0906642857
748713,161764.30609523805
748836,208680.743
748845,133233.02777777778
748856,137553.934
748895,152487.6
748962,312222.902
749165,96650.0
749218,173520.28104761904
749232,88234.014
749255,150998.013
749452,166073.12028571428
749483,139772.86666666667
749497,132725.85095238095
749502,191758.424
749504,165258.64533333335
749521,211600.0
749571,189724.598
749671,299546.136
749821,292834.2
749975,80592.014
750049,254849.85333333333
750155,114705.792
750174,85271.47513333333
750408,53774.256
750418,112365.674
750441,109987.02
750475,461728.744
750559,131501.992
750579,87875.71386666667
750669,116498.4
750683,118793.6
750740,132468.658
750956,190632.08666666667
751319,53650.158
751352,194355.56
751396,424413.702
751416,110480.47157142856
751421,325849.56496684987
751442,98396.66
751459,76667.57490909091
751587,78427.91266666667
751714,121466.7145985681
751886,141335.90428571426
751971,113805.788
752242,166332.262
752254,115965.975
752310,58907.45
752576,231320.0
752705,53447.83742857143
752895,106824.04459999998
752914,439833.674
752994,71511.398
753036,211600.0
753099,136020.0
753188,102059.6315
753196,124289.34
753234,126500.0
753289,211600.0
753295,211600.0
753297,211600.0
753387,211600.0
753393,211600.0
753395,211600.0
753397,211600.0
753399,211600.0
753402,211600.0
753404,211600.0
753405,211600.0
753406,126371.398
753602,113351.55
753948,189593.092
754108,95149.28944444445
754112,73165.49
754292,460666.198
754384,118698.744
754763,128838.314
754978,117620.936
754995,63754.417799999996
755014,165093.6354920635
755055,162338.75985714287
755065,223097.6
755138,306753.02147826087
755226,202897.066
755447,112000.0
755448,112000.0
755575,86033.65886666668
755674,84866.698
755809,440089.8195
755892,102113.33566666667
756308,99981.72655555555
756620,81097.924
756836,526239.36
757366,246030.48596666663
757425,91419.102
757539,175017.68405476192
757668,115709.808
757758,198295.02072727273
757792,117143.96
757925,64842.276
757991,124032.232
758122,102394.2
758135,143201.446
758325,204686.8407272727
758344,216292.4
758410,85306.442
758601,94684.6
758674,190740.0
758911,95200.0
759246,95000.0
759339,201862.872
759621,230402.974
759656,229760.80200000005
759823,191495.63133333335
759982,96354.738
760071,320835.6526666666
760135,95245.26
760172,91783.222
760262,267108.44
760514,133137.134
760522,100463.79353791209
760523,100463.79353791209
760607,89108.548
760760,103614.74697777777
760878,175513.234
761015,127647.224
761078,86070.6568888889
761137,126715.588
761182,109565.668
761221,175513.2
761226,219553.704
761245,163427.0
761273,200462.906
761281,109900.0
761297,253042.616
761298,132283.2
761312,76700.0
761418,327526.736
761437,78770.968
761449,96728.697
761451,287353.13561904756
761462,120150.478
761597,102113.80561904762
761616,100217.64280899218
761631,64965.008
761638,262803.09685
761660,360009.4523888888
761662,96852.2
761734,120312.42226666665
761737,89708.6
761773,163427.0
761775,163427.0
761781,163427.0
761783,163427.0
761870,111744.798
761928,115612.542
762020,95300.0
762104,110303.56
762106,122405.55066666666
762135,111837.88906493508
762140,190700.0
762146,121500.0
762260,305924.498
762277,94233.982
762395,85212.57533333334
762467,100867.59
762485,183709.09617142857
762509,99524.0701936508
762528,195468.10866666667
762572,155715.918
762642,102674.102
762673,170699.194
762782,175714.0246666667
762792,114422.598
762828,59072.53133333333
762848,153293.48829999997
762862,74479.6
762894,103813.312
762903,233273.0626666667
762924,73234.46
762929,185435.36
762937,55977.798
762941,246567.132
762951,173199.93333333332
762959,169214.492
762965,158951.5
762986,68122.858
763016,417082.0
763021,238590.27885714284
763034,174895.23933333333
763065,94934.52
763068,713243.712
763073,235058.37866666666
763090,397338.688
763152,109900.0
763153,109900.0
763212,213454.96
763270,112286.352
763279,291484.53
763299,160978.84466666664
763300,160978.84466666664
763314,110027.81133333335
763332,119670.78095238094
763333,119670.78095238094
763334,119433.10933333336
763337,120454.44266666668
763338,117701.0666666667
763348,118906.2
763349,90784.857
763351,107400.4
763389,93189.62
763421,114394.88571428573
763424,117299.80333333333
763429,122033.28571428572
763431,105098.85
763433,73400.97
763435,114394.88571428573
763438,109838.6
763439,74050.522
763446,108746.08666666666
763447,74329.54
763448,111492.0
763449,118303.48571428574
763450,120490.776
763452,110064.8
763453,74329.54
763454,107727.8
763457,120044.976
763458,112081.8
763460,74329.54
763464,107400.4
763466,110644.71600000001
763528,95258.28466666667
763572,120397.474
763575,83938.92
763576,102664.168
763591,341271.72
763627,91826.09066666667
763628,232914.352
763629,232914.352
763631,90066.34266666668
763633,89036.75666666667
763634,89036.75666666667
763653,120535.0
763684,86675.39
763733,98976.878
763744,86922.0
763764,166872.872
763781,84844.29190476189
763788,100412.0
763797,83480.0
763842,127802.99
763856,50234.84766666667
763925,97995.59
763942,184743.118
764037,91211.76866666667
764042,109900.0
764044,109900.0
764047,109900.0
764052,109900.0
764103,84881.56772525252
764132,219132.0
764192,44808.0
764215,91273.91
764263,493483.988
764332,126418.954
764347,127676.672
764361,205301.74266666666
764368,762510.0
764413,323373.964
764414,169213.536
764496,103324.59
764544,320400.67735
764737,71351.282
764777,77607.552
764797,69898.0
764822,204662.92916666667
764827,291347.07930555556
764828,66594.85229725829
764836,66455.73333333334
764862,94920.5
764907,234202.796
764910,92185.374
764922,110064.4
764946,176832.658
764999,434060.334
765049,146045.224
765056,91928.27
765097,172971.656
765112,139534.834
765115,88856.692
765282,90203.13933333333
765294,115726.05
765352,157726.16266666667
765358,81532.256
765365,101211.216
765396,122291.0
765440,194645.91
765475,95260.6
765494,190700.0
765496,190700.0
765520,141874.1
765527,309878.792
765571,715505.304
765572,518273.0
765599,104646.20451082251
765625,209686.42594761902
765669,215763.288
765676,220248.674
765686,84061.004
765756,190700.0
765760,190700.0
765768,336415.022
765786,85000.0
765832,124661.698
765840,88590.284
765853,190700.0
765854,190700.0
765869,113692.512
765883,121078.1578095238
765884,77997.198
765913,1063028.0
765938,91823.9303174603
766020,82011.51
766039,105908.926
766052,190610.10866666667
766076,244552.176
766102,77214.962
766103,130555.90333333335
766106,84868.358
766110,86395.51868571428
766114,122000.0
766137,80645.668
766140,115007.58
766142,266495.988
766151,96715.872
766163,282874.5935238095
766185,68437.68
766212,136278.756
766222,194775.798
766225,131274.598
766250,121286.98419999999
766251,222095.62000020544
766253,121673.38419999999
766259,55847.312
766272,222095.62000020544
766300,206859.248
766328,76700.0
766392,126007.4
766404,109659.27733333333
766416,130000.0
766459,94287.948
766463,63645.201
766464,249788.94068095236
766479,83222.516
766501,194402.694
766550,97178.39042326562
766648,97106.48449231323
766782,102331.7
766785,618455.6
766808,96818.014
766824,75416.82483333333
766883,107568.778
766891,99019.05
766923,38651.6485
766951,55545.482
766977,102711.63836923077
766984,613704.058
766998,170238.346
767008,245990.722
767009,75583.51314285713
767047,87711.2
767056,191064.63914285708
767092,376838.0
767132,177621.464
767229,345536.368
767253,118926.954
767260,118785.354
767290,146295.444
767319,290422.0
767321,94402.17288888889
767366,220540.0
767405,86371.1635
767407,74598.126
767409,83854.1915
767414,69568.39314285714
767465,188026.64466666666
767487,114224.522
767512,143006.5
767558,239898.37353333333
767705,278045.85314285714
767856,146246.90933333334
768002,128335.01
768343,114748.33666666667
768717,83992.08133333335
768790,150629.38416666668
768981,211670.88
769002,89183.03323809525
769155,105698.116
769216,140873.8345142857
769226,145633.16591666665
769575,112278.198
769599,124388.06447619047
769768,74540.45133333333
769812,142046.97048506493
769898,293491.65949206345
769957,46564.018
770294,87486.39714285714
770295,78383.33019047619
770484,186510.3473333333
770520,149718.9866666667
770523,67173.8
770558,74124.736
770682,121438.17333333334
770744,85593.2
770751,112156.394
770765,241605.78466666664
770777,338767.764
770786,81192.961
770972,136224.78
771112,89700.0
771113,124872.176
771117,105171.812
771118,95468.306
771333,175164.08384468863
771397,246074.316
771816,245694.5566666667
771858,167481.0478
772028,105846.26142857144
772107,147628.278
772213,78588.47733333334
772214,72670.088
774481,191864.89003418802
774546,130036.34045887446
774699,77104.0
774950,219056.398
775137,256689.96466666667
775139,130443.198
775393,147301.9131
775537,129398.656
775560,159461.41765609456
775652,105744.73080817463
775907,87487.126
776742,107288.882
776780,332913.33085714286
776781,193239.24333333335
776783,159461.41765609456
776981,334988.448
777103,59011.39695714286
777106,343114.264
777107,103037.2016
777108,56686.888
777110,463874.99166666664
777117,176742.20983333336
777118,348553.42
777121,297430.2307055556
777123,278649.0029444444
777125,495469.395
777210,253481.776
777453,197580.29938095235
777462,114549.0
777464,114549.0
777489,46342.357200000006
777572,196976.386
778274,156231.174
778564,231607.46
778634,158721.228
778678,57958.73676190475
778689,225300.0
778791,86836.88845
778830,129856.426
778851,92244.74389047618
778906,182852.3706
778948,213623.034
778949,65618.03733333333
778952,93419.0
778953,79605.4
778956,160389.748
778970,110906.16133333332
778976,248492.702
779003,305509.093
779077,102615.25285714286
779114,85150.43726493506
779141,63953.399
779149,343199.93
779215,58507.0
779288,90627.64874285716
779384,94016.98866666667
779391,101930.905
779392,76273.36542857143
779393,186995.58
779705,87666.738
779738,113451.7
779782,187448.162
779867,405687.02
779904,190939.93333787553
779938,161473.32
779977,125990.33333333334
779984,69970.68
780002,599208.4
780020,327404.998
780073,49698.699
780093,85842.8
780095,148515.7173333333
780214,149148.72156190473
780253,76427.66216666666
780353,181976.8177142857
780376,88347.27279999999
780395,97620.2
780419,78321.75633333332
780420,94256.155
780421,94256.155
780564,90697.99333333336
780596,171375.114
780669,125471.43490909091
780694,85854.74
780702,89918.74533333333
780715,108143.15
780724,93532.648
780846,226747.8070909091
780856,212644.196
780863,93357.22485714286
780900,195042.6706
780951,137652.244
781145,109129.45783809523
781275,306087.372
781371,94225.23585714286
781416,63275.154
781559,87474.36
781563,129817.436
781572,109438.88533333332
781698,74453.496
781700,95160.19433333333
781825,98733.948
781843,145000.0
781844,145000.0
781845,145000.0
781846,145000.0
781854,79217.37225396826
781859,244693.448
781860,254158.334
781866,98224.796
781946,231903.93666666665
781982,248172.5193333333
782181,139663.608
782201,158930.578
782394,151477.60333333333
782416,162396.908
782443,176267.426
782452,109865.712
782561,84845.18676666668
782627,149716.58
782642,362983.6
782665,79933.05666666667
782671,102713.5696984127
782675,212566.486
782693,71324.62000000001
782705,139388.42602857144
782706,196305.35815000001
782708,87189.49637460319
782717,921658.14
782722,101074.232
782761,59925.8985
782782,124627.36114285712
782785,68363.622
782849,63824.08866666667
782946,76228.704
783038,103747.552
783051,154805.42447857145
783056,154956.20047857144
783125,151492.81485714286
783130,139578.9
783231,94958.39433333333
783260,644396.586
783421,276949.6
783512,120000.0
783559,148140.99333333335
783604,262741.408
783607,969872.4
783636,116000.0
783654,73109.2
783811,87823.618
783914,157948.9100952381
783951,159610.57233333334
783978,163629.9
783979,163629.9
784000,304562.0
784012,125456.916
784167,82294.18666666666
784275,70823.504
784431,106396.048
784568,88366.92913333334
784570,133283.208
784737,83260.56628571429
784762,147483.212
784768,82531.6
784842,145344.344
785009,224699.88
785082,88547.624
785261,94146.588
785408,97728.2
785455,52732.029228571424
785514,153797.84416666665
785588,215305.32466666668
785808,133596.17863809524
785820,114472.53666666667
785970,194333.5
785973,194333.5
786182,97533.406
786183,101430.882
786346,181133.664
786447,148000.0
786450,108654.91017027418
786451,140500.0
786452,148000.0
786456,148000.0
786457,148000.0
786484,148000.0
786521,180836.646
786587,121063.0
786628,596210.298
786831,212370.34085714287
786859,85153.748
787068,73374.59266666668
787151,89242.136
787208,174452.54077619052
787215,214485.558
787216,214558.358
787276,183672.754
787281,239799.856
787289,99632.926
787291,269777.6864444444
787331,108005.226
787343,46542.994
787361,156273.5
787369,152759.46914285712
787382,70000.0
787385,112144.15
787401,214325.0
787405,147750.0
787411,71205.49285714285
787454,71544.042
787485,54500.0
787486,54500.0
787489,54500.0
787490,54500.0
787528,172077.952
787529,186044.126
787533,131313.47
787535,140000.0
787538,123395.78
787555,130805.32
787614,76597.87
787634,102155.52
787684,162947.45
787868,1051930.874
788008,195126.466
788356,72600.28704761904
788577,414483.94416666665
788645,112694.79333333333
788730,210114.86886666666
788820,122238.67530591632
788990,84628.22152380952
788994,118321.73753333332
789179,784888.73
789327,83809.754
789333,100626.334
789339,330327.6
789374,101501.524
789389,92921.163
789555,123965.81933333335
789568,84339.69
789619,119626.12826666667
789638,94057.48933333335
789709,103781.816
789843,252533.626
789881,459414.473
789964,331210.11
789966,109434.818
790026,198812.9593333333
790038,226390.508
790115,110189.97903333332
790170,70651.59866666667
790184,86847.69366666667
790414,94713.2
790625,181133.664
790725,218857.846
790798,105773.87533333333
790912,111716.26666666668
790918,122018.258
790939,84829.33
791067,110877.62085714286
791077,115100.0
791182,216857.706
791219,201450.0
791221,115100.0
791296,89000.0
791314,382024.68348802306
791379,103683.618
791445,157158.006
791581,296000.0
791589,130463.444
791600,130463.444
791608,296000.0
791617,130463.444
791813,132000.0
791869,166252.58
791870,112360.41533333334
792315,109849.516
792695,141511.026
793171,156097.93142857144
793172,77305.946
793391,336047.02
793620,91759.26666666666
793722,132297.196
793967,120939.79
794344,167048.104
794498,153119.316
794573,64983.492666666665
794576,107829.55988478189
794897,347620.95426617825
794968,73769.812
796060,145975.4
796252,167862.63766666665
796300,83696.83133333334
796537,198961.024
796582,268072.596
797433,150991.466
797488,85558.6
797489,67070.38
797540,160319.55933333334
797866,60350.562
798010,336047.02
798026,97132.696
799178,81628.3
799179,81628.3
799190,81628.3
799234,91565.15200000002
799315,385007.349
799472,197643.948
799498,113760.78171428571
799561,97635.514
799652,84695.73333333334
799732,239511.554
800022,95076.116
800237,95041.4
800456,194148.6618781746
800963,216031.836
801193,43974.335
801250,80808.10821428572
801281,77410.06466666667
801487,137933.494
801497,68497.148
801503,140999.076
801504,92291.218
801727,128518.58666666666
801954,120526.574
802096,109012.60066666667
802163,75187.69
802196,201678.76
802200,151181.7096
802270,114706.75
802271,74483.614
802331,106975.28466666666
802349,99581.194
802375,89836.444
802688,76700.21333333335
803023,149827.4
803138,48194.828
803310,86080.10761904763
803839,92412.326
803941,98351.80833333335
804236,116832.8
804237,135588.342
804318,79809.396
804335,73295.8
804516,102731.7
804572,67411.4
804611,189343.054
804663,133307.59566666666
804859,96167.76516666665
805515,313403.081097619
805577,127490.68733333335
806450,134678.234
806493,880631.998
806508,141735.62600000002
806655,86100.0
806775,151308.398
806865,70011.916
806936,130525.6
806937,194525.218
807537,144855.93
807824,96759.06249350648
807826,96759.06249350648
808024,72902.76495238094
808123,86485.894
808180,79258.796
808340,100717.276
808644,89537.68759999999
808647,88583.14426666667
809443,201808.05
809444,217883.81528333333
809711,217552.8
810556,86923.088
810560,175401.0749761905
810574,78107.52
810705,78435.952
811018,69807.6
811028,159137.4
811104,89080.76936507932
811659,198606.0
811817,123386.12733333334
811944,148874.516
812472,148192.44
812587,165342.74033333332
812588,124714.326
812762,109940.64713333332
812914,189525.936
813322,83552.83133333334
813323,83552.83133333334
813324,83552.83133333334
813361,382453.0
813430,144234.787
813750,524458.802
813797,107043.38133333332
813800,108153.536
814059,143303.6745714286
814159,230490.164
814247,167562.10897142856
814306,510528.1806142857
814308,78312.492
814310,87059.628
814313,99231.848
814338,98520.15590000001
814378,107903.71
814381,107184.59328571429
814390,219172.09
814448,87755.13833333334
814449,87755.13833333334
815043,154940.4546666667
815287,89289.66
815582,142646.772
815585,186039.48
815640,564672.366
816479,64937.012
816525,80547.70133333333
816552,100880.848
816589,130409.6975
816592,82285.12533333333
816594,129947.9215
816608,77956.506
816611,209319.808
816676,121750.0
816679,121750.0
816850,95147.79148571429
816967,165318.88733333332
816968,185816.7793333333
816969,194291.68599999996
816972,239910.56359307357
816974,137647.74404251206
817091,232341.4235
817550,280776.844
817647,125937.15
817658,111599.778
817662,124380.42788095238
817752,120634.37781904763
817883,245601.83
817978,228072.788
818057,144528.784
818059,406246.6218
818170,157258.68
818217,156269.564
818229,126201.438
818316,616093.82
818405,114797.357
818412,87705.728
818488,223097.06666666668
818498,223053.06666666668
818519,223097.06666666668
818520,230015.2333333333
818601,314054.338
818620,218318.072
818629,395252.5
818668,98679.24
818906,157080.08
818951,87860.1600840712
818981,97022.532
819022,106431.58072271061
819052,161829.7
819088,121286.98419999999
819090,220025.62333353874
819154,85283.70971428571
819224,186481.594
819477,169457.2
819505,168656.96
819532,78893.26373333333
819599,98534.8
819624,189743.6
819689,127714.0
819690,127714.0
819694,127714.0
819729,138548.47337777776
819737,132782.686
819839,124933.4
819946,213611.972
820010,112000.0
820047,185014.5973333333
820221,144813.08
820343,108832.87399999998
820369,146774.68523809523
820444,384500.0
820485,97224.24514285714
820520,103809.804
820534,106934.44
820549,57197.994
820550,153805.638
820560,113185.45333333334
820576,83260.768
820608,308865.042
820640,81030.892
820668,165129.16
820672,74944.5648
820758,79279.756
820763,134019.61
820797,153220.198
820936,148511.06033333336
821001,74792.70156190477
821049,83781.148
821050,90774.704
821087,121742.18
821251,133547.25356887557
821372,81778.9492142857
821381,81778.9492142857
821423,97030.574
821616,92367.4
821664,107404.06
821715,92779.21666666667
821753,148712.69
821791,70350.008
821800,190825.386
821820,105021.938
821825,126017.71706666668
821826,990669.8
821876,103104.03133333335
821888,93719.224
821895,86592.106
822024,99370.79800000001
822169,69562.554
822190,200662.748
822347,182403.124
822354,150182.33
822421,135874.182
822422,203622.8
822432,225000.0
822445,104278.8
822453,92369.224
822456,516469.878
822457,80455.092
822552,244847.009
822622,179100.0
822624,179100.0
822635,57643.36
822656,124659.2
822684,146112.07
822688,74456.86866190477
822777,141125.4
822785,245038.63466666668
822858,95138.69466666668
822880,83442.4
822882,179590.71
822883,179219.978
822930,168788.216
823118,116923.548
823126,100768.186
823190,122162.11460694861
823243,179775.524
823305,104511.63333333333
823338,258708.9262857143
823411,222551.184
823441,106982.056
823596,56347.2
823639,152745.102
823761,161329.4
823773,147661.91333333333
823798,112582.23
823815,153735.2193095238
823830,183128.764
823846,162708.77346666667
823949,177339.74
823958,181036.888
824041,101434.46
824138,116268.58533333334
824141,89842.994
824236,161650.0
824250,81619.77066666666
824261,158597.2527587302
824528,103427.39540000001
824533,103427.39540000001
824564,86257.802
824568,91219.038
824571,161000.0
824575,156542.0111904762
824602,103427.39540000001
824686,111013.78640000001
824788,277018.2678461539
824810,175609.896
824857,103427.39540000001
824886,88465.088
824906,168730.47
825094,103929.05260606062
825107,261915.65
825186,151944.82
825386,128836.594
825462,84225.97483333333
825470,123500.0
825472,123500.0
825473,122162.11460694861
825700,136911.469
825862,113045.45333333334
825950,160112.656
826171,123302.576
826173,123302.576
826309,170422.578
826322,169541.848
826408,606161.3055
826453,80089.956
826522,112639.552
826555,186984.82878515925
826607,154989.42051282054
826650,156081.58
826863,94552.732
826864,90398.37
826881,106769.56333333332
826893,272980.9
826896,80434.614
826968,106656.853
826977,106718.653
827191,79707.82563333333
827214,171074.86453333334
827230,106438.29085714286
827234,115159.216
827325,461834.08019047644
827359,123943.432
827399,132869.2
827481,293224.23
827619,113953.56433333333
827688,146700.0
827711,671752.304
827954,305663.71189285716
828025,77492.598
828031,176741.224
828082,114081.29
828144,153617.8061760462
828174,153617.8061760462
828265,115184.70743334443
828273,117011.733
828285,178513.354
828351,439748.86
828477,120997.44499047619
828604,121140.626
828623,103262.822
828718,167660.8
828750,116354.0
828793,135762.8
828812,107370.228
828827,118993.186
828862,185942.71
828965,238414.9682666667
829067,92169.036
829087,164834.46603333333
829171,757984.068
829240,429452.46026666666
829278,97931.086
829282,245654.7
829293,107390.26933333334
829295,123774.97533333335
829318,112042.77666666667
829322,117111.776
829336,130127.732
829344,187933.0
829351,326738.1653333333
829359,197700.0
829367,197700.0
829372,197700.0
829378,197700.0
829383,84709.42779999999
829389,197700.0
829390,91751.0086595238
829395,120044.716
829413,128477.5966976191
829417,187933.0
829419,187933.0
829599,202865.56
829600,207313.26733333335
829612,217198.24509956714
829673,126901.82228571428
829767,263965.81
829883,70537.19966666667
829947,112287.80053333333
830002,124090.214
830122,63696.57
830143,92977.968
830151,87751.60824444445
830160,139100.0
830199,95593.078
830245,189605.126
830262,235000.0
830265,224036.18
830279,368154.27
830280,117871.71347058823
830333,90916.56
830384,72614.658
830410,88858.29933333334
830446,91707.78066666667
830448,62534.58
830535,149155.6475047619
830581,89553.97776969698
830587,156829.996
830702,88814.57066666665
830731,174686.6931428571
830739,106554.39
830764,420008.0534871795
830772,76707.59
830774,76707.59
830971,207804.57666666666
831037,67745.4
831091,229311.488
831105,160127.09
831106,262975.102
831112,94140.344
831247,230227.4
831261,138859.75942028986
831269,167405.368
831321,103343.418
831459,100005.48
831529,63999.56582222222
831628,378946.69
831792,77233.54647619049
831881,184771.43688888886
831882,186277.0
831883,186277.0
831884,181025.1100952381
831910,187540.89266666668
831944,213941.118
831946,233376.95866666667
831947,230957.0
831949,230957.0
831950,230957.0
831960,231583.056
831961,187665.428
831974,248078.70633333334
832022,118362.138
832156,604009.038
832213,202306.49233333336
832254,242061.35925213675
832261,248740.196
832343,75000.14166666666
832367,196760.842
832436,191038.046
832439,136270.32391666665
832460,319800.0
832470,94274.241
832511,105986.046
832513,111723.734
832624,105879.49
832707,116226.95091666665
832726,112186.938
832780,381113.012
832924,176654.544
832953,172825.378
833013,169045.1597142857
833045,194333.5
833051,178683.2
833052,305920.8
833055,185380.0
833056,185380.0
833057,185380.0
833058,185380.0
833091,98524.42675
833216,175518.762
833233,92348.33333333334
833350,94328.2
833459,95124.352
833510,146226.056
833525,197086.418
833527,105633.2
833554,680247.6
833634,205934.35521666665
833668,84619.882
833688,245861.0
833789,259308.38800000004
833827,132621.26342857143
833846,160000.0
833858,97797.0
833886,246901.006
833925,90218.92
833968,73626.97733333333
834026,198993.768
834042,197315.554
834049,194937.342
834113,346536.018
834265,77822.04
834280,166790.34266666666
834315,107430.63420555556
834335,132998.71906666667
834341,157946.3282857143
834343,79034.076
834348,82756.33933333334
834350,169000.0
834391,196406.636
834443,141249.551
834451,105241.85118171829
834514,184681.14751515156
834613,385496.86466666666
834616,372040.64533333335
834623,404251.90693333326
834662,84029.81533333335
834702,191387.2821666667
834746,230863.992
834751,230964.03933333335
834764,131728.7367111111
834785,133675.27366666668
834788,113276.6600952381
834836,167100.25885714288
834858,157701.40285714288
834903,180836.646
834917,153441.0
834959,178597.862
835037,102954.86240000001
835090,108756.38
835122,92581.478
835129,175651.32371428574
835137,180462.106
835262,211664.0
835290,140000.0
835307,216895.65
835336,88122.65883333335
835361,106788.306
835388,201381.72623333335
835459,88406.01200000002
835465,129639.598
835522,254757.472
835523,98126.738
835635,115080.0
835651,161159.0
835661,161159.0
835673,125000.0
835692,145000.0
835759,97441.078
835813,359373.3
835814,359373.3
835816,359373.3
835884,518700.602
835965,165399.61
836013,163982.79
836041,100951.81548333334
836103,115406.9686888889
836173,202138.6113333333
836254,348036.298
836316,238187.7313333333
836341,189868.636
836417,84188.264
836550,88108.86146190477
836555,138283.35213968254
836556,124937.75
836559,123602.456
836561,124937.75
836562,87021.0
836563,103626.46733333335
836564,124937.75
836566,81011.80690238095
836735,121829.43700000002
836782,125685.934
836821,155958.0124761905
837005,456289.552
837092,152322.7888888889
837095,152322.7888888889
837197,308059.2143333333
837467,117401.692
837506,226073.516
837521,137239.44444444444
837550,96728.1
837592,79000.6875
837618,133975.648
837632,82424.2741904762
837642,134687.3879079365
837658,88789.604
837769,122466.54133333333
837779,122466.54133333333
837784,124842.37
837831,208186.41130476192
837832,91317.268
837836,158179.914
837961,118954.67075901876
838054,71287.314
838186,77220.99771395272
838254,104254.87933333333
838257,128339.844
838287,258406.986
838374,99500.0
838443,280701.164
838471,131398.394
838609,110739.49636904761
838636,92698.028
838681,129492.914
838696,74715.54875
838729,168937.622
838745,186651.188
838778,74209.95166666668
838834,82938.914
838840,174043.26933333333
839042,287007.224
839134,180457.12
839179,154458.344
839299,196030.659
839328,207457.326
839358,141182.02066666668
839379,172224.53298412694
839481,113395.22
839688,231447.218
839804,121149.37542857144
839807,121149.37542857144
839857,362186.814
839875,112987.48666666672
839896,98317.202
839906,109173.03006666664
839907,132907.0229090909
839912,102312.8
839923,113399.75179999995
839964,80531.858
840015,133121.62499489303
840075,77399.892
840137,93177.31360000001
840187,82623.236
840267,88273.5
840277,88273.5
840279,88273.5
840282,88273.5
840284,88273.5
840287,88273.5
840313,79427.36666666667
840333,78679.20666666667
840334,136723.78933333332
840337,133121.62499489303
840425,824628.446
840558,443312.0
840569,169394.89186666667
840632,106822.498
840829,112933.58036507935
840859,243857.89166666666
840895,109512.85296666667
840951,82855.76
841008,90108.41316666667
841041,126114.18466666667
841075,136168.20266666668
841077,258799.96730000002
841273,147424.25390476192
841289,139296.76
841313,81029.796
841337,152138.37
841354,292049.496
841376,172292.1493333333
841400,144787.96628571427
841446,118318.548
841484,441644.74
841515,159154.3115238095
841521,122412.06
841536,183240.044
841557,180836.646
841585,103889.526
841696,231320.0
841763,190105.46076190477
841803,71323.44
841851,772496.9
841869,139902.6982857143
841984,153840.988
842034,221233.25194588746
842041,79205.2362761905
842044,87495.196
842056,152384.14266666668
842219,170254.61559415582
842222,94555.08866666668
842243,195650.32146666668
842245,169000.0
842350,169000.0
842357,177472.8069047619
842459,97350.89
842460,208731.1033333333
842623,92454.37866666666
842624,599696.554
842791,125949.418
842797,165843.512
842808,133377.46466666667
842868,295697.2965833333
842953,566785.8
842960,104233.568
843026,56039.78533333333
843041,114613.58133333334
843066,70431.10333333333
843070,78003.144
843072,221872.456
843183,160734.63044444442
843192,98500.0
843194,102171.74199999995
843197,94400.564
843201,98500.0
843205,116122.468
843339,100000.0
843353,131081.37419875775
843397,54578.204
843417,100000.0
843468,113880.06563333333
843471,128900.0
843505,100000.0
843512,102370.514
843536,217051.968
843564,98282.57615873017
843575,153489.2135
843622,106969.59533333332
843737,130900.88799999998
843742,84281.01533333333
843767,84000.0
843770,124180.472
843784,93171.19566666665
843794,155691.968
843797,103899.34266666668
843906,77617.38916666666
843914,57263.0
843942,170874.838
843943,70835.77466666666
843979,131571.8496
843980,73839.07
843993,88431.56799999998
844008,82014.20866666666
844035,56645.54691166053
844085,140287.0
844097,140287.0
844104,140287.0
844109,153980.5525
844110,117395.07933333334
844126,171801.5
844162,119537.91
844165,140287.0
844198,83400.6
844211,91328.40999999999
844233,142245.9954
844310,66951.198
844316,84429.92741269842
844329,75000.0
844338,75000.0
844468,238966.37
844503,163872.4385333333
844536,101293.76914285716
844539,100444.97485714286
844564,154200.0
844590,262484.788
844617,169192.52036666666
844640,229368.98533333334
844716,85359.996
844747,78556.3675515873
844748,79500.0
844755,79500.0
844762,79500.0
844789,79500.0
844804,102000.0
844846,211429.722
844847,141716.2
844849,209650.64466666666
844855,211429.722
844856,70765.34
844857,150908.1
844862,153947.00333333333
844886,93679.96857142865
844915,189464.792
844925,106218.8
844991,149159.544
844993,70765.34
845024,116372.53384848488
845033,86693.98533333333
845082,256676.1333333333
845083,264153.2024494949
845096,114417.44266666668
845106,208260.45066666667
845107,106571.97133333333
845121,93329.92190476197
845124,95356.24619047626
845155,138116.096
845166,72751.01082748918
845183,215650.5045
845217,166658.2155230769
845244,155243.91
845251,111203.39177142862
845344,104744.71066666665
845370,216484.484
845397,95400.0
845405,181358.00213333333
845471,91807.192
845486,129395.80822222223
845528,98053.232
845534,110801.79453333338
845545,115855.572
845594,119200.0
845685,75599.92333333334
845705,128124.80266666667
845720,126977.43674285714
845802,86696.496
845879,91356.12
845943,80659.0
845962,197077.23240158733
846140,457715.55147385935
846147,903695.2
846152,95670.91513333333
846284,182038.1485
846499,133248.00460714282
846556,144967.804
846559,116354.0
846573,86500.0
846575,201685.722
846768,95368.3
846871,246374.326
846968,60147.04800000001
847095,73700.0
847100,53082.902
847161,69100.762
847191,929288.4123333334
847227,86000.0
847230,73700.0
847306,331530.6
847476,134691.316
847537,39762.314590476184
847657,173839.11
847727,184465.92177777778
847766,220439.19
847773,89293.0
847809,216321.0
847861,113148.0
847892,122627.972
847917,164884.87966666665
847950,213148.93
848039,86097.34016666668
848093,96731.8
848095,451438.818
848112,320500.5
848157,192038.11833333335
848164,109336.0728
848302,121591.52
848330,172749.006
848365,413957.674
848375,150277.206
848386,113722.148
848437,98621.30066666666
848493,148267.792
848543,99216.782
848549,174728.30266666663
848623,132794.752
848661,140876.88266551227
848707,79910.77
848775,161848.6353333333
848843,249752.646
848978,112670.418
848989,199047.626
849002,126411.50733333334
849024,116354.0
849047,115856.12666666666
849062,143775.875
849064,116040.23999999999
936612,76700.0
936685,130140.89776190472
936696,428917.5843333333
936725,184206.20666666667
936735,52605.6
936772,76857.002
936806,87286.19533333332
936808,194165.108
936854,88438.46
936871,169410.308
936899,145000.0
936915,76511.38466666665
936923,94700.57
936950,211497.372
936973,125194.82244444443
937001,108880.27366666666
937003,170812.6637619048
937056,218209.10242506381
937090,314309.4
937110,149191.76472380955
937130,115129.036
937183,627542.984
937255,131674.5681904762
937276,559410.6
937318,141694.78
937335,116180.744
937337,337743.75
937358,101664.684
937360,101664.684
937362,101664.684
937390,304280.632
937462,166500.0
937472,166500.0
937477,166500.0
937493,181536.886
937518,79592.938
937519,79592.938
937555,65535.353604761905
937658,231304.00717460318
937662,122491.0
937663,93183.0
937665,93183.0
937676,125633.708
937694,158323.396
937735,125968.34345454545
937740,522739.984
937751,195920.282
937776,177262.94666666666
937780,92417.586
937812,82233.942
937813,82027.942
937943,93856.48336190476
938043,155926.0653333333
938056,184014.21866666668
938064,74952.37
938068,107766.118
938080,120766.34133333334
938114,197096.75514285715
938187,95286.11140000001
938204,476710.25
938206,139341.78257142857
938209,122739.532
938212,176320.79
938232,72000.0
938233,92241.22200000001
938349,574825.7833333333
938350,541674.396
938351,503996.4
938354,741793.34
938361,547190.0783333333
938362,530613.8565
938363,477901.6
938433,786879.232
938579,355292.494
938635,110189.0
938636,112143.90133333334
938637,96994.44928571429
938639,126865.34603174616
938651,336143.8
938670,111139.25333333334
938703,119503.47866666668
938705,119808.32866666667
938715,121449.28
938733,132954.74
938812,110189.0
938814,113843.75
938894,425641.3333333333
938913,65408.368
938938,143265.8684799423
938957,209452.428
938990,52775.72
939010,195886.87544444445
939028,192047.34
939075,87174.081
939121,78111.42
939133,77551.46066666667
939146,338857.772
939224,98574.2
939227,170911.492
939256,124000.0
939297,524017.19
939305,102401.64
939310,157625.58676666665
939349,121603.22
939360,144245.30016753246
939392,93677.51085714286
939400,176800.0
939409,137866.46318179596
939411,145830.22414285713
939414,141359.54080952378
939420,139003.1508167166
939421,143908.5897217227
939438,545068.036
939494,232620.14133333333
939496,145275.2108095238
939497,137694.50318179597
939501,98709.82649047619
939587,99654.30059999999
939589,95709.79966666666
939629,495948.8502
939636,96490.148
939645,126500.0
939650,460050.906
939666,81422.298
939669,255632.782
939711,94178.28066666666
939877,146499.0193333333
939886,105758.23
939890,105414.60523809525
939892,134808.1248888889
939905,94304.27133333332
939930,158727.65287356323
939935,506777.5666666667
939960,257147.096
939964,204378.476
939970,72169.368
940066,82894.099
940094,131144.0
940095,148644.988
940096,283794.15866666666
940118,92565.148
940138,117937.8
940168,147336.836
940172,147336.836
940240,96852.30604761904
940262,81732.59685714287
940282,202478.07511428575
940283,202478.07511428575
940336,141056.654
940389,298548.633
940487,346355.752
940552,255357.91133333335
940571,196313.6
940579,92480.128
940602,309517.81
940627,342311.9246666666
940735,68727.606
940740,145003.816
940742,205886.504
940767,303723.4
940788,167918.4602222222
940807,95138.034
940855,97123.6
940868,118560.37196137197
940875,118560.37196137197
940876,167721.64952380952
940890,867067.23
940950,80000.0
941026,239148.828
941059,283209.682
941089,146759.88
941112,156027.52766666666
941121,425862.8530288601
941123,61490.92
941146,101516.772
941344,101325.57
941346,886898.294
941369,168208.42533333332
941370,154981.9334199134
941373,136725.028
941384,71600.32533333334
941500,97083.2988
941524,84925.312
941554,77185.29933333334
941713,100467.30037777779
941780,95319.39
941782,242005.93
941786,135355.96152380953
941790,121100.048
941791,89912.29066666667
941792,110758.65333333334
941793,222155.738
941797,76450.756
941798,87420.85
941801,83299.49371428572
941810,105193.656
941826,199355.632
941843,87999.106
941862,107600.0
941864,118500.0
941867,107600.0
941875,99950.0
941876,107600.0
941881,157881.16561904765
941883,82616.37887857143
941884,114800.0
941891,114800.0
941919,130256.618
941959,131994.2788063492
942057,281234.386
942070,324932.4091428571
942098,230000.0
942103,230000.0
942105,230000.0
942106,96878.2
942109,93318.888
942111,230000.0
942113,115465.218
942115,230000.0
942116,114935.358
942130,142130.036
942139,77773.25333333333
942145,213048.668
942168,173637.49333333332
942177,119781.97644444446
942181,122009.8722857143
942196,172106.9184
942210,87033.348
942217,117731.38933333333
942275,151064.55998968252
942370,174608.80266666668
942375,174608.80266666668
942383,250014.314
942415,228413.85026666665
942422,63231.009333333335
942463,74043.71072727272
942469,98867.098
942480,98709.82649047619
942488,97120.856
942583,122009.8722857143
942628,157094.506
942635,82680.89733333333
942636,82680.89733333333
942651,85177.03
942653,484451.35
942655,98050.65066666667
942657,104466.50051984128
942741,795095.712
942753,280719.91
942779,155692.5125
942802,86314.876
942843,81042.636
942844,212785.1823333333
942890,381044.116952381
942964,83315.128
942968,137908.842
942969,137908.842
942985,136364.144
942989,228924.8
942990,125658.4
943022,69691.26580476189
943032,108795.813
943039,768651.73
943044,120866.08933333334
943112,147601.1
943140,123289.738
943141,148120.77309523814
943143,123289.738
943145,85958.16
943149,115133.04580952381
943167,211655.38302857144
943193,181571.291
943238,159727.6395
943352,98842.648
943368,97120.856
943373,125658.4
943397,441378.6499047619
943398,190967.0
943402,169962.72885714288
943412,186733.89077936506
943473,234782.49880303032
943478,133699.268
943482,271223.4
943484,184207.3806666667
943489,92094.62303863086
943497,796732.6
943503,173489.98666666666
943504,204394.68233333333
943505,203696.53466666667
943592,91472.054
943684,76681.798
943693,126337.65426031746
943696,525799.6113333333
943698,91265.74066666666
943699,93413.3793939394
943750,239270.766
943756,815009.924
943782,102535.32
943783,78427.91266666667
943810,212577.16666666666
943821,607489.476
943822,213185.04666666666
943872,92031.82303863086
943889,222269.2
943928,89537.47323076923
943939,164812.076
943944,69876.79337142858
943953,190831.12353488375
943954,165603.9922380952
943955,152466.806
943960,170042.826
943964,136763.0086666667
943968,152900.0
943969,152900.0
943985,139850.464
944000,152900.0
944002,118551.816
944018,532096.594
944025,93519.56
944030,76588.5652
944101,82031.56666666665
944105,75079.62686666667
944256,357729.752
944265,111900.0
944289,125226.26600000002
944295,120735.276
944305,75600.0
944306,75600.0
944312,75600.0
944341,158579.10628571428
944342,158579.10628571428
944347,111900.0
944360,180800.0
944384,77188.35033333335
944425,194767.9555
944434,88274.41142857143
944435,87900.0
944436,87900.0
944442,294834.6
944552,196988.054
944568,275007.2046666666
944662,88151.53333333333
944671,235198.482
944683,104190.378
944887,201575.54600000003
944902,250354.676
944906,133764.496
944913,136709.092
944921,115126.99933333333
944935,100537.57666666668
944942,106878.4
944943,106878.4
944955,395715.354
944967,535480.774
945015,176496.896
945046,169348.58153333337
945082,72022.366
945116,86881.038
945151,186177.83
945180,68283.12
945181,64517.72
945182,164847.996
945273,74345.17133333335
945283,127628.978
945305,71439.61
945332,88837.83853015873
945388,63912.12
945444,203618.836
945448,646361.9334285714
945453,152801.246
945454,251601.602
945470,135621.71333333335
945495,229982.52342857144
945498,216029.81142857144
945505,216223.99971428572
945513,137648.5785460318
945554,173058.6535238095
945590,103534.0668095238
945627,146164.41
945628,141031.032
945629,145801.136
945630,145801.136
945749,124746.32142857145
945790,312584.70377777773
945801,438867.046
945838,119972.84066666667
945839,132635.50206666667
945840,133883.91506666667
945843,88530.84561904761
945880,84352.98
945900,141324.42755786437
945901,141088.4275578644
945902,142047.07539119775
945903,142047.07539119775
945940,86803.72333333333
945942,88374.84561904761
945945,100351.276
945946,100351.276
945952,181852.754
945965,1301564.766
945967,636253.936
945997,101270.41
945998,198069.954
946016,139462.47705590064
946307,93066.118
946318,244161.654
946327,184745.86
946351,90835.00333333333
946358,155346.40733333334
946373,110264.1526
946376,175137.404
946385,174895.99142857143
946386,135337.896
946397,77960.4
946398,75931.8
946401,89852.14380952381
946403,167852.518
946433,80453.182
946446,67477.42
946447,86969.63786363637
946448,154236.74644444443
946462,91353.59199999999
946463,90427.06323809524
946492,175348.25721212119
946496,101346.236
946540,275860.86
946541,241633.0645952381
946591,116395.07352380951
946601,117991.98092307693
946638,234891.164
946640,66044.168
946653,79696.5
946678,576654.72
946687,124608.0
946688,124608.0
946689,90227.854
946716,143640.082
946732,209056.88699769118
946738,156210.85428571427
946746,186733.89077936506
946779,91341.594
946784,106995.504
946788,135789.482
946820,211217.614
946836,117421.53742857144
946870,65659.596
946873,65659.596
946896,102864.31866666666
946944,97670.1
946972,112554.684
946973,101923.936
947007,79718.3
947031,142537.71999999997
947057,129985.55742857144
947141,158123.574
947176,152486.8046666667
947187,171297.00815873017
947206,644496.928
947216,567571.8533809525
947274,765218.998
947300,432680.8
947332,859707.516
947383,110212.38
947395,223779.328
947405,495602.305
947436,86653.4
947473,91077.01171428572
947495,126053.95185194809
947530,121416.75333333334
947537,284977.032
947552,178256.426
947564,174828.0
947584,197125.70386666665
947625,73653.20076666666
947677,559531.6537698412
947689,106791.062
947698,185095.656
947699,214974.764
947700,214137.074
947701,97347.4015
947702,88106.028
947725,112456.53699999998
947743,182244.098
947833,315886.71
947872,170576.59628571427
947881,128232.858
947930,127021.29
947977,384484.926
948034,92719.0
948036,92719.0
948039,92719.0
948066,136765.93
948107,200002.458
948115,151107.978
948121,92719.0
948137,250860.26135714285
948148,246152.25
948306,215035.40066666665
948339,459297.90276666667
948361,231855.35
948386,144938.199
948387,143906.675
948388,105857.63744402851
948423,209438.4032
948470,147500.91466666665
948479,132616.0
948484,98258.16866666665
948486,118320.952
948598,112803.106
948607,96400.0
948629,133502.5
948630,128650.7898
948631,133502.5
948632,133502.5
948633,133502.5
948641,133502.5
948643,133502.5
948651,144053.41632857145
948652,144938.199
948675,97470.604
948740,126131.31766666665
948743,68383.172
948744,69427.98
948745,69495.98
948774,167368.0
948789,616852.51
948807,123204.09988089533
948808,123204.09988089533
948809,130038.168
948813,111379.28193565323
948816,209500.0
948819,209500.0
948830,78244.50517460317
948870,151972.036
948912,70614.0
948941,77145.02
949105,157472.438
949143,285706.784
949144,108600.0
949147,108600.0
949248,258445.1135
949250,137499.882
949278,118992.43085392387
949283,308682.604
949293,97743.848
949340,100014.97306666666
949379,76582.37522344323
949426,98866.72393333333
949427,298000.0
949428,112863.158
949431,82734.37516666666
949443,111423.86666666667
949474,175291.48585714286
949492,616472.32
949501,127451.1879047619
949517,144925.242
949518,164315.28066666663
949519,144925.242
949529,87538.291
949544,133429.01
949545,135521.65499999997
949584,130244.30666666667
949592,186801.122
949593,161233.50466666665
949627,97434.041
949651,134558.816
949661,163878.64475238096
949762,116169.2
949815,107005.07
949827,153633.57319999998
949858,96103.57233333333
949933,73896.772
949934,136709.092
949943,128365.37733333332
949960,215749.958
950036,97517.0075
950037,96136.754
950038,197725.932
950039,203146.65
950044,154560.89483333332
950060,103565.212
950088,186102.974
950194,147007.178
950227,124790.25593492064
950234,295022.3624
950303,162838.67371428575
950339,93757.323
950374,185988.37466666667
950378,56127.3
950382,180683.61066666667
950385,114350.358
950489,203569.23
950576,130489.38545079365
950581,97933.792
950583,157235.84
950584,157235.84
950585,157235.84
950607,96581.07736696636
950630,584872.942
950634,186706.16133333335
950664,100508.1810909091
950671,381769.868
950686,197382.15413333336
950746,69435.73740000001
950751,60081.99493333333
950916,170028.42466666666
951001,99600.6208036075
951065,360011.702
951129,87908.07579999998
951162,274447.0
951195,113971.822
951200,187326.8
951201,197888.418
951405,73732.374
951412,174759.796
951454,113499.21533333334
951460,145000.0
951463,145000.0
951471,146685.995
951553,105785.89
951564,127235.8
951646,202950.2093333333
951663,191019.5
951687,804758.5213333333
951692,79183.54366666665
951704,163159.29066666667
951780,189152.752
951782,134666.204
951915,61687.50661904762
951963,121156.7
951975,147554.27466666666
951988,114289.52
952013,187079.488
952025,803899.1
952036,268708.4046349206
952096,268708.4046349206
952268,128940.44466666668
952271,120808.604
952273,107071.01171428572
952448,397981.0813333334
952466,112357.998
952537,63909.334
952541,144317.99519999998
952545,526184.632
952546,503030.13
952566,71713.14
952651,161758.15866666666
952689,289220.3713333333
952699,303428.938
952773,112071.89545454545
952778,450278.968
952818,407855.74
952900,102634.88440909091
952916,86733.73195238094
953005,207711.356
953024,338183.4
953047,107503.042
953057,136119.80629437225
953161,367152.91
953163,319088.886
953176,65000.0
953177,65000.0
953181,65000.0
953182,65000.0
953227,90317.4
953228,98068.162
953237,286182.8073333333
953293,133170.85166666665
953325,86455.764
953326,92763.456
953330,74098.26313636362
953375,143523.506
953481,129707.80133333334
953486,448441.22838095244
953512,167125.126
953552,201637.4
953564,150391.4412
953626,156735.72533333334
953702,254329.57142857145
953744,94596.9373
953778,84100.88986666668
953795,214590.77
953797,434956.0373333334
953857,109121.03242122913
953894,386391.934
953920,256791.1666666667
953922,257419.0146666667
953931,104724.391
953965,122524.29
954066,82699.228
954138,262392.52533333335
954190,132240.864
954216,126446.7
954292,149232.516
954302,260869.95
954319,101347.4
954351,700476.582
954413,82000.0
954419,482669.056
954452,480092.016
954503,141743.346
954505,131092.27
954535,64095.96713333333
954548,124686.128
954563,93980.804
954578,184187.426
954584,148712.84
954608,223504.58
954615,93812.992
954627,132701.322
954649,329176.888
954700,345199.7546666666
954717,146632.254
954721,68841.074
954735,117424.85333333333
954747,180946.554
954762,508618.1373333334
954787,220352.36
954809,79812.172
954828,123108.196
954831,96081.18866666665
954867,137817.0755095238
954868,146005.65195238095
954880,93005.25
954892,610892.6683333333
954911,80245.29153333332
954926,452741.69875731296
954928,825376.3285714285
954955,64185.65
954963,291414.4
954972,938032.546
954992,277365.51506666664
955082,165197.66233333334
955110,175247.27
955132,131192.664
955142,245193.772
955152,207326.3027015504
955153,433748.0
955160,232364.3333333333
955162,66260.596
955164,291170.43
955189,127000.0
955190,183037.252
955207,163676.47288888888
955287,150006.696
955308,156030.362
955309,156031.362
955361,93327.39866666666
955376,172420.1082
955429,112851.628
955444,91061.2
955445,164532.618
955456,86150.514
955502,559531.6537698412
955525,214325.364
955528,87726.028
955541,144252.15866666668
955557,236087.034
955562,430495.808
955575,208994.0
955601,249338.926
955609,92305.234
955639,131183.59916666665
955664,151867.71533333333
955682,177474.1766666667
955700,179449.44133333332
955727,174445.4507
955782,103860.71220000001
955786,85786.602
955801,216726.49238095238
955815,172056.65288095232
955864,106284.09390476192
955926,188100.47933333332
955932,182885.074
955939,361091.0765714286
955961,122380.05640909092
955974,78934.926
955994,96293.494
956001,89535.798
956005,219149.87433333334
956031,557109.426
956035,90500.0
956036,90500.0
956038,337297.522
956042,90500.0
956044,90500.0
956046,90500.0
956050,90500.0
956051,90500.0
956130,147866.342
956137,66017.784
956144,229195.52
956156,135491.43866666668
956187,125862.39933333335
956223,135380.02662907267
956246,54468.268
956263,185432.21366666668
956304,132809.092
956308,585141.6927142857
956488,117079.216
956523,176549.24
956535,293189.51152539684
956556,108275.0
956558,230000.0
956600,333318.521
956627,390125.2746666667
956631,72546.83038095238
956661,266646.0
956687,87370.48800000001
956694,155177.11533333335
956767,236650.398
956774,82179.568
956907,220305.988
956962,109150.31
956966,89314.60583333333
957053,173090.304
957065,74671.544
957149,242161.8206666667
957192,215851.22509523813
957242,181084.23497619052
957408,84537.78
957420,77368.642
957421,190000.0
957444,162525.0782979798
957446,116253.46900000001
957539,345095.564
957550,79550.0
957566,113103.868
957573,178008.67033333334
957608,122358.14
957648,109787.1
957674,79500.0
957675,79500.0
957676,79500.0
957679,191176.8366666667
957684,74002.584
957685,47537.9
957687,111325.8632
957699,149172.75595238095
957708,208266.014
957709,208266.014
957720,92000.0
957724,107863.878
957725,66561.74840476191
957749,119130.99036666668
957758,98332.03
957793,89855.668
957840,112684.42066666667
957852,230413.134
957875,148773.9490476191
957955,135253.94933333335
957967,160761.2273333333
957971,214425.128
957987,92383.94
958016,122889.928
958019,88364.79610714287
958038,181571.291
958045,84905.946
958063,390112.784
958116,134832.98523809522
958119,134620.9
958190,107577.206
958198,123363.40414285715
958259,174980.38304761908
958270,139626.6
958285,91976.702
958288,201235.54
958345,129170.908
958383,80102.73142857144
958422,99997.96485714287
958425,220000.0
958428,126195.278
958430,145517.53571428574
958447,85609.81866666666
958454,80815.172
958455,71173.172
958456,78321.75633333332
958493,84174.01711111111
958512,212317.91349999997
958516,76647.156
958517,135861.1304666667
958519,98878.0
958526,113585.86
958527,165000.0
958533,214897.25690476192
958535,70000.0
958538,84892.03066666666
958565,71691.52571428572
958569,147750.0
958570,85609.81866666666
958572,124039.57
958601,74198.76666666666
958657,134798.788
958666,202119.924
958667,100248.99499999997
958671,93690.62266666668
958675,129274.83733333334
958676,171389.716
958679,100196.1785
958693,54500.0
958694,54500.0
958697,54500.0
958698,54500.0
958705,106527.94333333333
958707,217061.4
958770,128156.84
958783,130574.41
958791,180863.764
958792,182332.108
958793,144851.424
958797,116000.0
958799,152817.297
958831,392640.39285714284
958839,173240.65
958896,153759.3251
958898,204872.39866666665
958985,127325.373
959021,538939.3333333334
959030,95109.5448
959031,119376.31933333333
959060,298540.956
959112,132897.72416197203
959114,190235.8901875902
959117,92061.51195064935
959118,128535.37970955504
959121,119412.84732467533
959122,90636.63115151516
959123,130314.37559847996
959124,187129.5355844156
959125,89260.2331030303
959126,90800.94315151515
959128,89452.54510303031
959129,89576.23681038962
959130,106781.73826670062
959131,128535.37970955504
959133,106632.28162312198
959134,259165.98933333333
959142,140890.7393333333
959153,655958.88
959154,655958.88
959166,134226.76856666667
959224,106734.15266666669
959227,113546.84066666666
959265,73500.0
959323,147529.222
959324,95546.854
959357,208824.462
959362,647063.23
959394,273027.47
959419,183902.274
959433,142354.152
959451,158329.42846666666
959466,211818.23
959468,77193.392
959469,94093.2
959476,115798.996
959683,186147.152
959723,103433.992
959725,122054.33942857145
959726,121945.58942857145
959728,121945.58942857145
959741,164055.5026666667
959742,170968.448
959743,139112.94
959744,185807.112
959757,220959.758
959759,116547.904
959940,80885.862
959967,410288.814
960018,205048.364
960029,259425.89
960058,87905.492
960091,228409.798
960118,90421.736
960163,103909.99028571429
960165,139745.74866666668
960169,154433.936
960226,204637.902
960235,158514.438
960241,92485.983
960274,117049.486
960275,182686.942
960284,90000.0
960286,89783.96533333333
960287,68500.0
960289,89657.96533333333
960290,72788.824
960310,388078.326
960340,127875.59866666667
960362,90000.0
960393,107447.094
960410,111999.78333333334
960431,185485.876
960451,98533.52333333333
960478,344026.2
960529,137062.37584615385
960530,113587.622
960581,93790.88927155726
960597,71149.384
960598,298960.4564444444
960634,154749.82822084197
960687,145239.962
960863,170445.236
960913,101644.12
960931,93606.002
960946,122077.538
960947,94868.512
960983,225981.25533333333
961006,61348.246
961035,414159.686
961042,196791.382
961048,92879.522
961123,144298.71533333336
961141,256498.398
961143,383783.798
961183,170466.2386666667
961216,175032.238
961226,96137.99866666665
961246,171984.89708333334
961256,94027.45666666665
961289,93432.96711428573
961337,92000.0
961387,225253.772
961389,159970.8725
961395,94555.718
961408,270597.32
961419,92000.0
961420,92000.0
961421,92000.0
961452,219344.79999999996
961461,217246.4753333333
961478,156665.76533333334
961488,95160.33333333334
961489,140497.0816615597
961522,122136.33
961530,236665.312
961548,100088.356
961574,281592.188
961601,210784.3046666667
961605,69450.657
961608,479115.36
961609,177693.87593333333
961699,188609.49
961715,215471.0
961768,229672.378
961788,195234.80266666666
961789,199133.58257142856
961790,154104.00066666666
961791,192975.406
961792,155654.76866666667
961817,84802.188
961822,449088.54
961854,213705.93857142856
961872,106421.554
961877,200541.98666666666
961882,171830.9700897547
962051,79546.08491666667
962065,560695.08
962066,183527.116
962080,652257.8
962082,101841.512
962083,242313.012
962090,323863.426
962109,196431.262
962116,122677.5525
962141,286187.8
962144,286187.8
962159,224754.4533333333
962160,187992.84457142858
962165,55751.019785714285
962176,134847.9426666667
962178,151502.79266666668
962179,126594.341
962180,141314.126
962181,135846.936
962182,92227.92466666667
962184,96475.42866666667
962186,142979.116
962217,94589.59293333332
962219,115602.47905238094
962225,114844.08605238094
962235,486797.878
962236,486797.878
962263,145975.84026666664
962287,361171.2
962316,132042.742
962319,434796.882
962336,138052.258
962412,109966.31976068376
962416,81578.7785
962419,128945.85275
962438,151220.93980952378
962448,105704.798
962501,96483.72933333334
962520,144466.754
962546,150269.092
962551,113160.108
962559,111355.19033333333
962567,170365.13933333335
962572,152936.39266666665
962579,131911.07111111112
962585,228708.014
962586,183385.6705
962591,121500.0
962592,121500.0
962630,136030.1610909091
962635,134237.552
962677,110410.98666666668
962728,71094.372
962755,192731.74133333334
962778,198545.7845
962796,192575.448
962835,312000.0
962839,312000.0
962845,121500.0
962907,192665.57653968254
962922,600994.0
963001,145546.35
963003,79250.0
963019,91807.338
963020,170461.52465945165
963022,91807.338
963023,170461.52465945165
963041,89460.37802380952
963049,353892.8
963118,294192.318
963122,241648.6188571429
963130,175457.86266666668
963165,69175.14
963199,211067.972
963205,70135.23
963229,192135.54
963313,419028.594
963314,205571.3122015504
963319,93780.87775
963325,86235.11233571428
963327,69438.034
963340,152198.47254761905
963362,111538.63099999995
963366,117816.0
963375,492945.5493333334
963378,193689.806
963381,138052.258
963447,210301.522
963472,195578.4842857143
963488,183606.8
963490,125411.74470000001
963539,582268.284
963651,100165.67333333332
963676,118204.238
963682,74168.046
963837,81069.192
963857,303173.272
963905,229916.004
963929,122443.318
963960,114552.704
963971,1217566.308
963973,171005.8173333333
963986,124656.806
964018,123433.352
964048,142066.22038203463
964049,118885.48966666663
964055,195998.294
964098,78261.07493333334
964135,64980.94
964156,122416.284
964157,96437.0
964171,286814.846
964207,102000.0
964208,98492.014
964209,98624.264
964271,183125.84666666665
964304,117657.14703174603
964312,100987.17
964314,375487.528
964333,165952.79153333334
964369,144972.36033333334
964488,178817.348
964527,75852.96
964570,183742.29983333335
964580,1211846.6
964591,147376.46666666667
964592,150451.8
964593,149455.12666666668
964595,166955.69133333335
964622,223975.6
964625,139402.15
964642,1518066.8324000002
964705,220625.528
964813,76105.16
964839,393769.74
964849,57261.0
964911,70157.478
964984,133926.39383095238
964997,177786.606
965033,177478.61866666668
965053,93430.282
965089,140506.68844444441
965099,99729.552
965116,132000.0
965131,61348.246
965145,109723.82
965153,188078.2995
965176,893648.574
965182,1174260.58
965184,136501.6
965201,163923.964
965216,93972.17783333334
965242,80132.59266666668
965260,109802.032
965262,163656.632
965305,88472.4188548906
965315,105845.70166666666
965320,163489.238
965321,219391.89866666665
965322,93454.618
965324,230504.28933333332
965325,145329.048
965326,119392.936
965341,245691.021
965342,504809.454
965346,87176.32996666667
965349,131804.65
965438,73462.856
965466,107381.063
965474,219655.4
965499,141355.59505555555
965515,876010.6406666668
965560,492765.4353333333
965648,231610.24
965688,345209.3923333334
965717,132326.69466666665
965754,763683.516
965792,221763.16933333338
965794,492895.9056666667
965821,626070.586
965856,135162.99198095239
965860,131002.0479809524
965954,209503.1213333333
965967,60535.798
965968,458306.802
965975,173465.0377
965981,83132.13
965989,429810.866
965993,204223.416
966015,281999.046
966059,192334.756
966070,105874.38
966074,158658.415
966123,75441.0128888889
966139,133482.6286
966205,118859.6628333333
966220,175041.14193362193
966221,196225.21680000002
966238,80573.7
966269,86089.838
966276,152814.8
966385,150505.3461132201
966397,73134.87142857144
966400,98137.0
966406,83515.908
966407,184366.924
966413,99042.616
966548,133528.77215873013
966549,146200.626
966562,242800.40666666668
966579,142232.214
966639,99880.654
966650,74465.98640000001
966654,130743.02178354979
966664,78401.17466666667
966674,81217.23066666667
966692,194987.25476923079
966729,152162.54
966732,442727.32933333336
966736,75989.954
966737,83132.13
966740,81172.85666666667
966773,72789.514
966776,446627.7647015873
966777,85554.10466666665
966785,131018.25750382953
966863,253491.554
966867,126358.39
966884,66482.06343333334
967014,177499.26173333335
967027,97602.2
967032,46072.2
967048,116498.4964
967051,216531.782
967073,42437.04057142857
967078,109686.46
967082,112990.41457142857
967103,276131.8
967105,322890.41
967112,137798.01133333336
967117,111674.74355234765
967166,196275.932
967193,107993.074
967213,103928.4
967243,392684.24466666667
967255,221126.126
967256,163583.05323809525
967274,68820.73333333332
967362,511432.1212063491
967411,387435.04
967424,94326.46066666667
967430,160096.916
967440,267911.5892380953
967447,67459.06
967477,124455.0
967478,153712.592
967479,124455.0
967480,153959.58
967481,124455.0
967482,124455.0
967517,109684.0
967546,98648.68133333334
967589,506822.2974285714
967639,142863.5
967656,777560.584
967666,131797.256
967726,154338.25883333333
967727,69848.27441666665
967768,228788.399
967803,232624.27055757574
967816,116595.76
967891,127888.39215656565
967966,108283.51033781422
967985,87156.024
967996,103547.418
968019,172290.398
968035,325178.2205714286
968063,217640.948
968149,440209.3766666667
968159,137944.356
968186,199354.17357142858
968187,259430.4
968188,151397.1133333333
968215,197213.79885714286
968217,248400.75529047617
968228,61577.266
968232,80683.41
968238,93397.55866666668
968240,93397.55866666668
968277,232324.306
968292,147332.866
968333,110091.08
968353,211960.584
968365,74140.842
968442,130792.724
968487,90062.99810952382
968527,325982.6
968535,419831.002
968598,54427.218
968605,486797.878
968628,163345.0
968631,115238.422
968633,80828.626
968723,326011.41599999997
968786,101270.41
968788,76785.12898095239
968812,171033.4126666667
968839,159403.236
968898,200466.086
968899,218682.41
968907,234215.73333333334
968908,112640.602
968942,113891.496
968974,105438.4
968981,227751.85869841272
968986,177558.40733333334
968991,114564.642
969006,168482.692
969040,139580.008
969050,171801.18685714286
969082,265004.39666666667
969083,334390.32
969126,123949.84466666667
969168,138421.0
969211,181332.01285714286
969215,161852.4866666667
969216,110428.143
969312,66522.71942857142
969313,170702.32
969332,86348.83666666667
969338,82942.108
969382,106987.42133333335
969384,123615.56666666665
969386,201610.786
969420,116688.524
969432,235363.382
969434,243526.576
969465,175374.05807142853
969484,98513.116
969486,299033.072
969510,305165.998
969529,108798.748
969551,178051.87562193364
969572,101139.798
969592,85119.48
969597,229697.17
969753,147120.8614
969763,86554.576
969791,376017.978
969793,67522.0
969821,75796.29133333334
969838,123703.83666666666
969862,162485.2
969873,290953.717
969882,177773.41199999998
969889,427654.338
969891,102941.83133333334
969926,116537.372
969928,70693.01314285713
969929,70693.01314285713
969933,97735.302
969954,146470.422
970078,114147.658
970079,319137.40442142845
970210,91743.86714285714
970216,92454.09314285713
970312,211640.624
970329,79653.45533333335
970398,243542.732
970400,90500.0
970401,90500.0
970404,90500.0
970405,90500.0
970412,90500.0
970427,186186.312
970442,567168.768
970459,128822.398
970491,257015.538
970585,108693.24497142858
970587,319967.2972941176
970654,618561.4315
970657,249432.388
970705,103535.22066666666
970711,120173.95466666667
970714,231706.294
970728,346861.10733333335
970764,171654.07
970771,283152.58
970786,88365.71746666667
970817,181791.412
970868,66370.288
970888,128697.096
970947,133699.88755555556
970961,140067.85371666664
970980,82064.12266666668
970988,438622.374
971011,166593.87866666666
971020,183419.804
971029,83831.622
971033,98286.158
971083,173251.696
971088,51256.612
971102,306299.784
971111,83727.82716421357
971160,195451.39066666667
971222,71271.4608
971235,282383.28533333336
971238,141951.198
971248,89228.164
971264,87967.8
971332,207545.672
971401,111136.17661904762
971433,181703.3
971445,195371.05951038963
971483,339000.244
971505,133741.92631111114
971510,111576.4
971557,121901.624
971558,532096.594
971561,162853.30173333336
971563,73352.948
971591,307740.04
971615,433435.35
971627,126753.486
971633,115135.11
971661,260765.35
971666,113191.802
971673,200565.362
971685,183232.83764285714
971688,107083.97
971731,1229517.35
971733,237246.054
971748,239377.2
971779,131396.8843809524
971780,86477.786
971794,494252.104
971800,521571.872
971828,96999.29
971852,390961.5926666666
971853,106230.89333333333
971869,163224.424
971893,89067.932
971896,608581.8
971941,105968.28522222223
971953,160407.414
971973,136110.76925674325
971981,704869.586
972061,274100.19866666663
972062,274100.19866666663
972118,85252.554
972189,194815.756
972259,206728.3
972279,75039.53333333333
972291,107361.216
972303,133184.81300000002
972341,88729.3475
972396,137581.6857707848
972409,101184.86733333334
972423,153895.21548888888
972428,162435.73733333335
972438,153454.53607460318
972457,140929.21646190475
972463,103175.576
972466,113985.77
972471,211061.822
972475,132561.386
972507,176641.66733333335
972521,787612.202
972525,362792.396
972565,78150.0
972580,158420.52933333334
972715,219246.384
972769,137704.2782034632
972838,95626.514
972842,204219.72
972867,89625.242
972923,116734.23509459458
973030,89401.41533333332
973244,67337.642
973273,154345.342
973296,56504.72
973300,137918.24504761904
973304,88346.088
973322,108106.28
973360,89859.0
973361,140245.324
973392,100656.256
973393,168839.147
973399,88007.324
973409,51464.242
973625,93695.594
973626,95506.45899392775
973674,63294.0
973790,146488.994
973799,497750.6616666667
973800,193573.478
973808,349456.0
973816,167748.324
973848,99451.574
973849,99373.224
973850,125416.446
973852,69012.02
973913,114497.214
973914,114900.0
973919,98595.0
973923,406050.534
973931,99451.574
973933,122009.47486666667
973936,97662.108
973937,97662.108
973938,97662.108
973939,117625.944
973974,99407.5145595238
973997,347846.6613095238
973998,480638.29066666664
974004,74098.26313636362
974009,94790.441
974010,85907.46581818181
974011,111154.724
974029,91267.08
974044,358127.004
974062,225144.7
974122,126548.048
974123,125117.49266666667
974125,96925.286
974128,190244.464
974129,190244.464
974130,190244.464
974132,99483.224
974138,82053.44322727273
974182,135024.19666666663
974209,158790.872
974288,109991.986
974291,496095.312
974321,87347.0
974325,257415.342
974329,93511.36
974335,156645.098
974337,125173.38466666666
974363,240721.31
974365,96300.41
974370,151843.5776
974406,150000.0
974407,150000.0
974432,87923.906
974460,99484.374
974472,99128.70516666665
974498,364956.9093333333
974527,184964.086
974566,69613.526
974570,135273.10797142857
974571,52588.98933333334
974605,201025.12066666668
974625,177597.38
974627,103296.888
974737,119009.59534999999
974748,125160.78366666667
974756,278929.6425
974802,483280.9
974803,179967.15866666668
974848,92459.51489417249
974863,138558.038
974957,142350.24076190477
974995,99317.44683809525
975004,148389.156
975034,106031.17
975045,76571.694
975064,274853.832
975094,111748.48388828461
975113,961816.608
975121,75508.632
975142,414448.814
975189,266813.51
975204,216080.0646666666
975684,722537.9
975738,574119.19
975893,83880.37416666669
975960,180861.78
975965,111439.792
975971,259407.12995238093
975973,129000.0
976102,162994.8313333333
976136,77546.8
976176,71868.03
976194,96963.616
976223,163097.77066666668
976790,83869.68003809525
976796,103450.256
976831,131080.304
976844,213101.788
976846,152374.72199999998
976869,272856.058
976876,90560.478
976942,133689.476
976948,255122.866
977106,86897.25676190476
977126,132448.417
977160,261003.31333333332
977222,90250.0
977224,90250.0
977232,277808.48573333333
977312,435770.194
977316,84941.702
977321,245082.21333333335
977324,136895.69666666668
977326,108082.356
977344,110182.44123809523
977374,70926.38400000002
977376,339740.688
977377,102214.516
977379,154080.514
977412,126671.83738888889
977458,151736.1574285714
977460,136482.55266666666
977464,97747.56766666665
977488,234513.678
977506,2118118.522
977613,187443.648
977650,100157.6
977652,273034.6313333333
977653,81700.96655714285
977658,535585.1
977661,131379.09276190476
977687,93827.87
977726,74087.836
977754,264983.90866666666
977778,75470.19333333334
977783,69254.52683333332
977790,68948.15783333333
977815,157044.93666666668
977816,174409.316
977850,156824.17
977854,66463.236
977860,233989.052
977892,148785.656
977893,151561.04
977908,161746.6863809524
977923,253730.306
977960,97026.85266666667
977971,89216.12
978147,214614.136
978197,57312.196
978202,130686.30466666668
978203,40000.0
978279,118045.449
978321,139900.796
978322,92380.5
978325,95223.0
978329,135335.418
978331,96976.644
978334,131035.456
978348,125869.56
978375,95670.19791666666
978425,114524.002
978427,126188.77
978429,127543.068
978432,156412.292
978444,283536.1253333334
978449,198859.996
978673,433618.036
978695,178045.17866666664
978730,135569.016
978731,96836.28
978753,90991.4
978765,119767.68571428572
978789,69393.04
978795,177039.134
978858,363537.6
978906,104042.13795238097
978909,303366.31
978910,223000.0
978912,303366.31
978935,91900.024
978958,275000.0
978959,275000.0
978999,691335.6
979014,173639.18
979050,159044.12333333335
979051,159044.12333333335
979084,187621.282
979101,77960.4
979108,137445.4
979121,116939.0604
979131,95967.064
979175,67995.052
979191,355945.748
979243,53168.412
979248,103180.274
979249,118847.93333333333
979256,82012.606
979279,70031.5
979282,70031.5
979283,101551.102
979319,146649.056
979358,386562.12
979369,138034.288
979393,125854.54487685254
979403,78995.156
979443,120200.93866666667
979445,90400.0
979447,90400.0
979449,90400.0
979453,90400.0
979457,119781.97644444446
979458,464191.348
979468,125734.242
979551,215662.24666666667
979584,67148.24266666666
979587,301928.14704761904
979595,100503.72294526026
979642,129418.10066666667
979659,90000.0
979665,63367.02
979679,174137.59466666664
979743,80730.598
979750,83727.82716421357
979751,72557.46059999999
979812,94028.51066666665
979832,253553.0
979837,71022.382
979853,256733.536
979854,210153.776
979931,161295.784
980083,187925.0212
980197,111833.996
980233,137836.04644047617
980239,83785.6
980240,126293.268
980273,170334.894
980329,284929.73066666664
980330,329805.211
980349,79500.544
980411,407167.388
980460,66078.89742857144
980526,296327.904
980552,172491.2145
980564,100566.826
980566,102186.046
980601,133350.664
980692,93429.14504047617
980751,104562.89933333335
980849,91591.806
980863,109093.55866666668
980864,185275.322
980867,112922.87933333333
980942,840073.792
980981,185373.404
981136,161408.43
981167,108499.0
981169,186499.0
981268,95478.694
981269,95478.694
981270,95478.694
981332,84534.046
981380,79139.578
981464,130946.80873333335
981671,113567.45640000001
981683,667823.132
981684,1046410.05
981685,436280.998
981689,406286.2
981696,230180.958
981697,282420.0196666667
981698,141201.8786666667
981699,140298.51466666668
981714,89008.41866666666
981742,135058.66786666668
981894,151737.598
981947,181685.202
982012,101098.1698150183
982055,85512.588
982274,140049.458
982285,116990.78857142857
983029,307658.03733333334
983030,308163.0666666667
983126,210931.7593809524
983170,91734.6
983293,195813.93514285714
983294,188991.104
983298,78106.60942857144
983374,97005.2
983378,218461.68345454545
983651,161682.21
983752,102198.61
984096,81159.28
984122,64872.888
984320,81517.242
984322,230760.6
984733,76857.23
984734,99205.42842857144
984768,235155.63
984892,99050.878
985039,128412.93
985041,330000.0
985042,330000.0
985043,330000.0
985119,330149.2333333334
985151,120201.45914285716
985154,116646.85580952383
985156,169238.73966666666
985159,400814.853
985161,179139.27233333336
985165,654242.6463333333
985166,610209.632
985167,398196.61
985313,116488.792
985320,175900.892
985337,173486.792
985364,86517.838
985407,113618.358
985520,167512.876
985545,96355.62853333334
985670,128163.25548571428
985683,141670.90566666666
985684,135234.5163333333
985767,157472.438
985811,87600.0
985813,88131.045
985814,100842.41299153186
985815,89420.283
985818,88050.809
985840,199400.0
985841,116100.0
985981,180954.502
986056,141139.43866666668
986103,116100.0
986115,94937.842
986139,104917.048
986207,82419.325
986208,87472.00316666668
986212,121453.78266666667
986213,131020.208
986214,156724.504
986274,213226.446
986275,225659.8
986390,101253.93704761904
986417,102247.608
986512,175247.27
986616,93621.08
986618,80751.8
987237,138186.4143857143
987240,135171.10847142857
987247,79500.08
987346,206306.636
987563,159120.202
987614,305117.798
987631,286533.756
987671,203850.4715
987844,311049.346
987916,91800.124
987959,194296.7393333333
988030,85345.142
988085,196206.54
988120,79076.62
988128,108721.64
988131,78452.46333333335
988330,273767.282
988404,177721.1132333333
988522,125718.64
988664,108366.53616666667
988763,76685.3
988798,112190.072
988844,137460.37133333334
988874,208852.846
988876,78417.0
988929,125336.38073428793
988942,114000.0
988993,347436.5453714286
989061,75438.35877142857
989298,105328.45722619047
989301,71658.5
989302,201204.198
989305,71658.5
989372,89869.40968802308
989373,89869.40968802308
989378,194149.5
989379,194149.5
989380,72583.06802857146
989419,81479.12
989524,126274.79933333334
989588,119008.09028571428
989589,126589.16
989592,217538.184
989593,91091.372
989666,88206.0
989733,188969.251
989814,85827.566
989873,112184.03
989876,117531.00671960786
989903,50080.856190476195
989933,81427.62747619048
989942,292763.83
989988,87235.5
989990,87235.5
989996,174902.364
990011,132513.244
990133,131706.656
990149,180103.566
990150,133062.898
990151,133062.898
990152,133062.898
990166,123546.496
990272,398209.192
990286,108795.714
990330,212047.4001238095
991069,158128.828
991073,96555.188
991157,74463.812
991199,110457.0
991266,253242.7
991272,617178.7585
991278,84014.762
991349,137725.476
991352,170764.43397142857
991425,191998.72380952383
991464,630296.48
991467,114405.50373333333
991468,130110.09339047618
991469,128467.58046580089
991475,101845.56
991477,120721.304
991480,153765.174
991487,188874.20013333333
991490,87641.72
991616,377673.85867619043
991701,143649.218
991703,114405.50373333333
991720,87172.656
991738,171500.0
991812,137745.7
991825,165248.5
991826,173999.766
991832,508842.3331428571
991836,306325.522
991895,72398.466
991908,82034.48733333334
991913,85577.84
991940,124824.98533333333
992565,172604.01
992574,200699.50985714287
992717,231411.2386666667
992721,143822.686
992722,143850.316
992724,94753.946
992726,92602.908
992727,131438.87
992728,71806.08
992745,152941.1
992746,114690.59666666666
992775,126033.936
992783,95823.56476190477
992832,632927.62
992874,123604.33666666666
992899,80259.346
992904,86068.6
992948,130611.96059999999
992977,50952.052
992988,99026.942
993216,81523.662
993459,207565.51142857142
993468,302915.024
993509,131495.08728571428
993527,63325.78
994032,97849.74228571428
994088,360400.0
994215,114000.78
994299,80280.97435555555
994506,135918.91556666666
994507,70503.814
994530,137737.84
994764,157562.34733333334
994812,115191.05133333334
994814,115191.05133333334
994834,117865.55333333334
994906,175506.3655666667
994936,148000.0
994956,161028.95933333333
994960,125945.28295238095
994983,259954.04666666666
994991,130000.0
994995,96112.292
995000,287187.4648444444
995001,125945.28295238095
995007,130779.1763982684
995008,124334.696
995021,101049.87
995031,99677.0
995035,99677.0
995036,99677.0
995042,110144.0
995044,79904.25
995055,143941.882
995057,156037.6246666667
995076,129544.07095238093
995118,139011.34133333332
995133,61852.4
995142,92369.2
995260,100501.0
995313,251067.55
995352,88153.522
995366,81720.194
995437,158582.364
995479,228712.0
995619,162077.948
995646,150859.6
995669,100437.22022142855
995780,74333.798
995874,224187.6
995916,138879.59
995946,101723.28
995947,81314.08
995948,305940.484
996053,106527.15933333333
996103,283221.622
996178,98187.694
996180,187553.24742857143
996184,153771.584
996364,77018.398
996473,417741.296
996581,167195.086
996796,161065.66
996804,145144.408
997041,180931.91
997166,302588.2222307693
997167,261788.19133333332
997168,290127.6213333334
997186,106685.776
997196,96764.798
997244,114416.90533333333
997245,173975.766
997392,110825.042
997403,196716.33
997443,173511.398
997541,812967.4773333332
997542,656933.18
997691,261289.02
997755,98377.22266666665
997773,87280.956
997774,87280.956
997795,142850.606
997808,247673.526
997935,90825.556
998092,194008.7200722222
998095,859051.428
998098,181903.248
998275,141821.864
998276,71472.436
998376,233283.998
998498,574600.524
998564,70985.478
998567,498038.866
998574,85691.348
998575,162347.338
998577,70355.93552380952
998615,112772.628
998616,87067.54166666667
998620,84968.46620000001
998621,85037.42962857142
998622,113306.70837142857
998624,100655.902003552
998645,93804.57666666668
998646,78585.564
998649,157707.41
998650,81050.7219047619
998651,89449.00057142857
998862,239139.788
998925,213676.158
999025,322666.5526666667
999050,113032.69983333333
999543,83238.182
999625,94515.57866666665
999712,228849.178
999754,248460.804
999960,107981.872
1000541,89795.2
1000644,502453.572
1000692,281328.3
1000727,333745.27266666654
1001116,136818.75733333334
1001294,237060.764
1001409,215240.7985
1001421,122100.4
1001616,134214.4
1001945,123283.52761904761
1001991,243585.606
1002183,90289.792
1002319,228297.184
1002326,129043.488
1002411,103933.37
1002412,65971.28466666666
1002571,344289.3293333333
1002606,605386.904
1002607,605386.904
1002626,246247.69823333336
1002643,148898.44752936513
1002658,87328.97223333332
1002678,634489.614
1002694,133383.83266666668
1002727,105672.382
1002742,192491.428
1002822,105996.562
1002827,119200.8
1002861,112337.0
1002863,112337.0
1002864,112337.0
1002865,112337.0
1003030,277825.692
1003043,135474.5876666667
1003047,167621.628
1003089,103033.11533333334
1003171,422274.0877777778
1003257,132658.5775844156
1003435,825088.06
1003611,92485.698
1003612,123895.4
1003619,89925.722
1003639,238263.78
1003692,73029.798
1003816,101226.16960793649
1003817,613400.024
1003836,122458.594
1003840,190007.14
1003859,202393.47333333336
1003902,91128.656
1003907,152473.76371428574
1003940,64396.574583333335
1003956,295006.76453015883
1003974,130000.0
1003976,113000.0
1003980,113000.0
1003985,257678.17899483847
1003988,189576.942
1004037,311075.6786666667
1004051,94207.0798095238
1004069,90809.4
1004074,102563.32666666668
1004075,112658.50333333334
1004084,159747.454
1004189,257671.54800000004
1004217,131298.298
1004262,163071.736
1004284,75198.322
1004331,814076.6
1004336,109867.042
1004413,848234.426
1004421,201147.09257142857
1004490,736230.659
1004566,91973.848
1004579,81131.536
1004675,105925.31666666667
1004832,82965.4
1004935,97736.1925
1005039,83371.616
1005060,79344.9964
1005124,109147.39972380953
1005127,93189.402
1005128,87814.4
1005129,92626.19
1005130,137614.542
1005132,144091.68533333333
1005134,149149.26
1005138,147066.504
1005236,141661.348
1005238,142240.148
1005262,167008.3093333333
1005413,72859.8
1005464,101664.0
1005466,289384.0585833334
1005467,94740.67633333332
1005547,83039.674
1005674,166055.71683333334
1005675,166055.71683333334
1005710,770580.5203333333
1005732,259425.89
1005936,102787.3775
1005980,90756.2
1005986,269363.6973333333
1005987,117629.2322857143
1006073,636736.986
1006141,340395.828047619
1006421,247085.236
1006494,98752.30889246693
1006532,80815.172
1006557,185527.27021212122
1006674,144826.544
1006675,105633.922
1006761,187835.964
1006797,118234.252
1006798,222622.8860761905
1006876,226019.866
1006880,171348.716
1006988,119831.496
1007061,551381.568
1007082,237067.276
1007101,115581.68681904761
1007108,195418.378
1007109,83031.44266666665
1007172,486725.492
1007233,76804.978
1007235,75420.432
1007239,90701.722
1007271,93067.564
1007352,422661.578
1007401,90043.4
1007430,144810.73766666668
1007571,54042.632
1007600,337188.86816666665
1007789,88625.09542857145
1007797,99057.818
1007830,120428.58583982685
1007849,98836.69694285716
1007856,130650.92533333333
1007857,144126.65253333334
1007917,143464.20533333332
1007967,214373.92233333335
1007994,77492.304
1008148,63225.614666666675
1008157,211277.06
1008169,151087.283
1008170,190967.0
1008173,171674.95
1008307,347423.53
1008308,133120.50684615385
1008352,76476.30766666667
1008357,73548.98933333333
1008358,179116.93933333334
1008361,73126.5684
1008386,155231.758
1008418,223703.424
1008428,85454.14826666669
1008433,85454.14826666669
1008501,189643.588
1008510,110768.776
1008550,91816.69323076923
1008563,87900.0
1008564,87900.0
1008595,58326.988
1008641,104101.57246666666
1008677,110037.24527777778
1008707,169264.8025111111
1008732,151793.8
1008734,151672.8
1008741,97375.256
1008744,117027.80323076923
1008749,276311.645181746
1008759,135988.788
1008760,135988.788
1008803,189634.178
1008804,189634.178
1008805,189634.178
1008829,167827.57180952386
1008833,104743.00776190477
1008838,107752.51595238094
1008855,169093.016
1008862,82308.20862857143
1008878,161281.132
1008892,215419.25304098128
1008914,249825.4
1008927,253606.68599999996
1008932,233130.22546666666
1009016,112190.78333333334
1009077,104348.32963722943
1009084,91264.55114285713
1009088,105230.72733333333
1009218,86000.0
1009229,66435.86557575758
1009308,235268.83066666665
1009310,99050.09
1009337,233583.79285714286
1009366,126290.83733333333
1009424,250337.35466666668
1009487,119283.84333333332
1009509,82246.4277153996
1009510,93937.55371794871
1009517,375239.4
1009520,133878.988
1009528,112744.884
1009530,105516.458
1009531,103353.348
1009532,100016.97
1009533,112744.884
1009534,115543.44
1009535,105516.458
1009590,74793.66916666666
1009596,75669.63666666666
1009672,86519.509
1009736,111422.798
1009859,134489.6
1009864,249507.46866666665
1009866,107184.254
1009891,89790.50733333334
1009942,258810.737
1009948,110601.0
1009965,145000.0
1009970,145000.0
1010054,93276.8
1010066,123418.286
1010068,155146.21
1010069,155146.21
1010104,711172.106
1010110,114035.54265079364
1010185,231198.95
1010186,88622.988
1010276,181923.398
1010411,144474.55466666666
1010542,159503.52815873027
1010544,92500.0
1010584,280000.0
1010592,148773.9490476191
1010667,165000.0
1010678,159503.52815873027
1010679,176786.244
1010680,176786.244
1010686,253955.798
1010704,421053.4
1010740,167528.464
1010833,120872.751
1010913,97431.392
1010950,134880.9
1010951,86442.651
1010980,79779.686
1010999,160797.0736666667
1011028,88142.152
1011032,130424.252
1011122,92828.658
1011132,81849.96266666667
1011134,81849.96266666667
1011135,81695.49466666667
1011148,110187.0
1011150,110187.0
1011203,345600.0
1011204,345600.0
1011275,135342.351
1011335,139207.89995238095
1011414,129452.48666666666
1011429,100000.0
1011430,100000.0
1011489,84000.0
1011573,84000.0
1011574,84000.0
1011701,121935.49466666667
1011778,89109.33583333333
1011854,355423.022
1011914,115440.88133333332
1012038,175754.448
1012128,106937.066
1012273,105370.92486666667
1012311,117074.8589771284
1012320,113220.20933333333
1012331,465680.0
1012332,243624.12255238096
1012339,65548.29
1012507,111351.986
1012542,117687.87699999998
1012574,233230.468
1012587,91542.776
1012712,711172.106
1012714,91094.167
1012716,81811.91333333334
1012752,548475.876
1012830,127621.8303809524
1012898,441378.6499047619
1012945,104196.71933333334
1013031,128422.414
1013155,189634.178
1013161,134599.52933333334
1013177,104326.94233333333
1013187,164847.996
1013234,189634.178
1013244,332704.188
1013288,189107.8636666667
1013290,112400.0
1013352,191018.0
1013443,160563.56483333334
1013494,130517.158875
1013507,80384.122
1013544,318103.10536507936
1013547,112727.42869999999
1013630,87347.92152380952
1013704,280373.254
1013740,153530.658
1013742,118066.104
1013743,101205.67733333334
1013786,216510.002
1013962,316766.082
1014083,165131.72485137088
1014108,104028.458
1014164,126636.58533333334
1014237,87805.582
1014240,157486.854
1014368,214112.8266666667
1014476,111686.7928
1014483,153109.4
1014498,105631.0
1014551,109791.6554373016
1014571,120603.118
1014624,144624.74
1014635,76958.38766666668
1014637,126413.508
1014638,105451.68657142858
1014641,329494.2333333334
1014665,233888.838
1014669,102834.732
1014738,68250.794
1014928,657874.594
1014999,164208.0617777778
1015031,89185.41333333333
1015103,104519.86666666667
1015125,202452.04
1015134,202140.39866666668
1015243,132096.9
1015347,88866.2725079365
1015350,127353.6
1015360,107455.91017027419
1015361,108018.91017027419
1015366,148000.0
1015403,151979.276
1015482,107000.0
1015484,186200.0
1015485,72546.83038095238
1015486,72546.83038095238
1015502,85835.148
1015524,300728.268
1015534,338789.2486666666
1015540,150194.35
1015557,81919.6
1015579,85379.77591666667
1015597,203034.14914285715
1015681,102992.618
1015697,179672.63733333332
1015714,181345.99719999995
1015804,65732.066
1015824,105498.93703333334
1015843,155500.0
1015872,85442.2239047619
1015908,102976.81769157508
1015909,118394.84
1015911,132832.678
1015919,144047.5232
1015920,110109.43466666667
1016040,99121.96921428571
1016042,134655.458
1016098,89238.242
1016117,249839.514
1016413,367396.15
1016734,153147.428
1016888,112973.17752380954
1016927,142770.8
1017116,151598.80333333332
1017118,105900.372
1017166,142460.392
1017176,118262.392
1017264,109069.43
1017383,65418.6
1017418,105203.184
1017424,65521.34571212121
1017427,65521.34571212121
1017428,115357.798
1017503,89069.796
1017563,48786.78
1017579,92047.352
1017600,184923.792
1017626,75576.2
1017637,154637.01
1017693,119400.874
1017750,330000.0
1017763,229429.454
1017782,118900.0
1017792,548418.102
1017846,78295.058
1017992,366859.996
1017998,94856.84352380951
1018079,85764.32
1018135,167647.228
1018136,192840.45933333333
1018166,726275.618
1018229,761532.326
1018248,141330.79338095235
1018257,141198.148
1018417,178910.86266666665
1018421,231511.088
1018428,102717.74733333333
1018486,231143.852
1018523,164693.7095
1018598,93642.88180952381
1018621,78660.61752380952
1018671,85105.02866666667
1018822,200540.508
1018943,217050.218
1019039,61884.311
1019057,63959.2415
1019062,664945.25
1019149,94578.73271178821
1019151,69086.15176761015
1019206,96793.768
1019298,104726.91
1019309,98067.728
1019343,412280.05490909086
1019366,144432.78666666668
1019367,175004.432
1019432,345472.004
1019561,156187.342
1019575,150556.9
1019659,227291.05486666667
1019668,78654.656
1019672,88189.396
1019681,95337.10342857143
1019683,131741.78405555556
1019686,95326.7855736264
1019696,117016.11686984125
1019720,191773.7206666667
1019763,64148.09733333334
1019835,650132.042
1019872,92412.69
1019903,224730.7636666667
1019908,230960.0965
1019958,377055.788
1020047,333112.408
1020124,617228.524
1020278,83617.3468
1020508,115500.27533333332
1020554,91371.17333333334
1020672,139356.778
1020673,182963.6046
1020745,121567.64
1020844,96812.06466666666
1021039,187740.17596666666
1021263,87318.656
1021316,289627.4004476191
1021412,109033.18
1021444,99014.97133333335
1021447,158552.95858095237
1021453,120863.49266666666
1021485,148004.7046666667
1021500,68033.00341666667
1021509,78998.90066666665
1021520,89083.952
1021560,148050.50466666667
1021605,77220.42616666666
1021606,160109.72933333332
1021607,147118.91165873018
1021749,255470.092
1021765,162176.912
1021768,123270.27057142857
1021770,165945.132
1021833,148888.53054545456
1021834,147808.28041212118
1021855,71686.22666666665
1021973,115839.377
1022085,92569.986
1022163,134082.1
1022166,323979.6226666667
1022273,117576.7425
1022312,107357.05571428571
1022388,80810.4
1022399,111802.876
1022582,121116.106
1022587,222181.416
1022588,266426.4731
1022596,124151.6
1022614,132056.49
1022695,194275.67888888888
1022704,79396.41846666667
1022715,122427.52026666666
1022716,122427.52026666666
1022717,111448.046
1022718,104181.8812761905
1022719,111448.046
1022721,117130.1
1022750,113444.77266666667
1022753,117759.92
1022755,111716.26666666668
1022756,111716.26666666668
1022760,86508.46666666666
1022781,108791.79416666667
1022782,104039.55027619051
1022787,108791.79416666667
1022790,104185.34627619051
1022794,111448.046
1022795,104185.34627619051
1022796,115069.89
1022798,104039.55027619051
1022800,104039.55027619051
1022801,111294.072
1022802,122427.52026666666
1022844,104276.352
1022848,118493.93068253968
1022960,101978.068
1023168,196776.1
1023169,196776.1
1023172,111716.26666666668
1023173,111716.26666666668
1023209,68601.324
1023230,119256.45
1023304,90550.0
1023340,228000.0
1023351,292626.0
1023393,104428.88361212122
1023450,233934.51062857144
1023458,91177.952
1023465,92002.118
1023468,223126.23933333333
1023501,119783.52
1023505,138622.40911904763
1023508,95533.68009523807
1023511,95533.68009523807
1023512,138622.40911904763
1023513,138622.40911904763
1023514,138622.40911904763
1023518,141959.31204215687
1023520,95533.68009523807
1023521,138622.40911904763
1023552,153651.474
1023559,693268.071
1023590,197785.39466666666
1023664,128398.97448939392
1023676,205849.731
1023677,194687.262
1023744,143385.65146666666
1023764,115833.8
1023774,454883.856
1024012,148321.984
1024071,80656.73350952381
1024126,95654.584
1024133,92600.296
1024324,195431.5544
1024371,178305.1
1024444,81114.12799999998
1024449,60042.938
1024456,514835.6481428571
1024463,208511.74423333336
1024474,236659.8
1024477,148931.968
1024508,83031.312
1024529,89191.094
1024536,138068.581
1024590,145268.8773333333
1024625,204194.786
1024628,170398.20733333335
1024636,94218.92500000002
1062270,149852.24971428572
1062278,506059.0
1062287,134372.7
1062389,292349.718
1062404,90965.86
1062442,100291.83299179154
1062482,410000.0
1062512,139686.178
1062516,164553.96585714287
1062537,147714.2
1062557,245764.424
1062572,66951.358
1062643,152227.826
1062645,106301.73076190476
1062676,120210.17530392157
1062691,216652.51182683985
1062714,70624.224
1062737,435926.87
1062839,145151.84476190474
1062840,176890.0073928571
1062844,149906.41319999998
1062946,126007.72019047618
1062972,92504.351
1062991,85033.942
1063009,131102.8
1063010,169974.9676
1063011,122249.23
1063045,131440.134
1063050,396464.754
1063051,152991.224
1063070,72838.73333333334
1063106,276887.7711111111
1063130,110456.89133333333
1063217,187028.094
1063317,365681.26
1063480,100965.55066666668
1063535,99294.48333333332
1063601,251264.572
1063668,158173.30066666668
1063704,80819.20333333334
1063829,117474.58566666665
1063862,138907.04
1063906,173150.10514285712
1063923,206870.27157142857
1064029,70882.16969696971
1064042,259552.796
1064047,99337.06
1064050,63285.15
1064059,129984.738
1064061,97926.7872
1064082,174908.08499999996
1064093,164963.54653333334
1064155,62590.434
1064165,68752.83361904761
1064170,220836.14800000002
1064189,152717.642
1064253,70196.148
1064260,50751.706
1064263,155756.8503333333
1064289,61892.84
1064327,183809.6113333333
1064340,90962.34066666666
1064342,90219.79
1064347,420356.8929
1064358,98679.16
1064389,243722.77266666666
1064391,638103.915
1064393,213330.72
1064415,148748.0
1064420,88845.904
1064421,96107.3988888889
1064424,137545.86335714287
1064425,109259.092
1064433,100466.88463369962
1064438,300355.85752857145
1064469,151296.538
1064535,98209.88866666667
1064536,171531.84133333334
1064538,171531.84133333334
1064539,511541.1
1064552,388831.1286666666
1064556,66600.928
1064605,101495.7412034188
1064632,186459.8
1064660,460215.612
1064707,136630.92473333335
1064708,70077.88
1064709,194674.569
1064715,131889.32
1064718,173717.2177619048
1064724,121240.30533333332
1064774,77854.79333333335
1064782,142549.81369285713
1064786,93984.106
1064791,94236.886
1064836,665785.478
1064856,122183.43266666667
1064863,175723.18555250307
1064870,116264.21
1064872,109635.174
1064873,94510.25933333334
1064904,161760.5753333333
1064906,127836.382
1064997,236611.392
1064998,321740.0
1065033,95788.16171428571
1065055,192927.2
1065146,150141.97866666666
1065162,177370.57057142857
1065164,120675.416
1065198,394829.01880952384
1065199,394829.01880952384
1065201,157094.67
1065202,130346.88
1065203,131274.31333333332
1065246,102251.21
1065262,161945.216
1065274,111788.642
1065275,163139.83700000003
1065297,93284.10133333332
1065304,216133.044
1065320,178777.056
1065322,177352.77
1065328,136793.29
1065359,114561.76971428572
1065372,169612.97533333334
1065374,87408.27066666666
1065377,144096.21566666669
1065396,117502.052
1065406,225756.244
1065413,86182.43333333335
1065448,72597.0
1065477,148984.68
1065483,171158.86685714283
1065488,100362.692
1065529,169853.80095238096
1065572,202640.194
1065607,99810.12
1065613,171531.84133333334
1065615,171531.84133333334
1065617,179271.982
1065619,74893.91666666667
1065621,171531.84133333334
1065641,118962.227
1065658,125465.372
1065662,90797.44
1065702,134870.6623333333
1065761,145461.1413333333
1065771,86777.95161904761
1065835,175116.5306666667
1065838,252677.104
1065848,111099.29370238094
1065852,106745.21452380954
1065855,121710.79
1065857,92192.106
1065859,89751.752
1065883,152091.82
1065901,147133.4126666667
1065927,195051.79190476192
1065939,183363.87066666668
1065940,202509.26866666667
1065970,201083.22666666665
1065973,146850.0
1066009,108438.77983333335
1066029,123844.88933333334
1066035,133741.102
1066052,151758.4257178278
1066060,101835.9725945946
1066082,119215.64
1066109,123396.54666666668
1066119,80415.5728
1066134,144251.12800000003
1066159,96006.63828571429
1066160,88716.2
1066161,95714.592
1066162,88716.2
1066163,96071.592
1066170,126555.68548571429
1066171,96071.592
1066172,110367.912
1066174,144846.592
1066191,125557.01641558441
1066194,484882.0
1066245,118473.25
1066361,91646.42282106781
1066365,341412.53
1066375,75347.57466666665
1066378,113368.8382857143
1066379,180956.02380952382
1066409,144913.58773333332
1066413,436888.592
1066448,96394.54
1066476,273284.0001
1066524,95595.48
1066548,102837.258
1066602,175022.4536
1066603,111362.57199999999
1066605,159666.572
1066643,93317.682
1066644,204656.85314285714
1066664,82018.22266666667
1066730,173728.738
1066734,158362.0567891414
1066736,155766.94
1066759,150283.98333333334
1066761,75474.43966666667
1066772,152561.76206666668
1066792,260346.9770666667
1066795,144071.7195
1066832,88760.34716190476
1066845,98413.26988095239
1066847,177306.848
1066938,356193.814
1066944,238087.992
1066988,112904.57660317462
1066996,205853.88133333332
1067005,69354.26666666666
1067009,186292.07160483958
1067011,206385.9
1067037,78728.02
1067063,108342.944
1067064,90901.784
1067088,88233.54066666667
1067115,173169.668
1067119,169318.5317777778
1067291,145000.0
1067363,136219.166
1067374,189569.086
1067395,177887.818
1067402,114027.78
1067412,211886.728
1067425,125051.94170735929
1067428,211495.936
1067430,177599.68412409813
1067435,160496.22994285714
1067478,753728.994
1067512,145000.0
1067533,162690.624
1067536,115993.07466666665
1067549,117430.816
1067555,173776.97466666665
1067557,151927.85133333332
1067570,196721.416
1067575,284776.30190476193
1067577,117077.50590476191
1067578,117077.50590476191
1067584,185600.22
1067596,107274.13452380952
1067598,129797.26138333333
1067614,183711.08114285715
1067631,381286.66066666663
1067649,84044.51466666666
1067652,56630.39399999999
1067687,327792.63066666666
1067688,83584.464
1067704,98125.14
1067705,147589.89
1067731,133720.93838961038
1067746,116621.50333333333
1067756,141615.216
1067777,90478.14600000001
1067793,277359.9074722222
1067808,126328.53398754577
1067821,104219.76
1067834,132436.59279999998
1067846,70503.31349206349
1067850,209574.54
1067853,295252.50066666666
1067863,448519.146
1067913,132570.90466666667
1067914,100181.762
1067962,79641.124
1067999,108831.906
1068022,73567.68
1068055,140089.42866666667
1068076,129474.77285714286
1068078,167140.454
1068136,112497.19514285713
1068137,144763.95947619047
1068155,268179.5333333333
1068157,180372.77266666666
1068158,123636.394
1068173,106418.62833211233
1068240,144351.526
1068266,224750.0036
1068324,99838.23333333332
1068360,384607.1471666667
1068386,186310.17444444445
1068396,127000.0
1068406,78508.30733333333
1068409,103663.956
1068414,162264.65970714288
1068466,121321.994
1068489,123586.4404595238
1068501,171183.7516190476
1068520,435877.9
1068533,369877.1541666667
1068611,126328.53398754577
1068645,100519.31866666666
1068683,562024.682
1068685,209692.698
1068698,70503.31349206349
1068703,183711.08114285715
1068737,99927.624
1068751,114000.0
1068752,66680.196
1068797,117880.73054632035
1068824,183979.449
1068840,97205.27218914418
1068894,86013.63338095236
1068949,120729.412
1068954,517475.58
1068960,95929.654
1069002,90510.6052
1069029,87542.242
1069034,128967.27
1069058,87542.242
1069115,184750.628
1069117,52455.326
1069137,81738.88657142856
1069138,91388.9
1069204,192498.9954
1069246,153089.148
1069293,441723.774
1069308,74162.91966666665
1069388,151299.5
1069416,100191.04240000002
1069429,94189.93633333333
1069430,157695.8318
1069489,249498.8
1069539,199097.95233333335
1069541,88983.41806666668
1069543,141105.5962334554
1069544,112554.39366666667
1069545,92246.62
1069602,208160.34651428572
1069619,118411.4
1069633,95595.60300000002
1069662,96468.87000000001
1069672,164386.78466666667
1069673,136398.25323809523
1069712,120190.668
1069750,100038.06
1069782,86430.19
1069813,81482.168
1069835,103469.954
1069857,216602.25
1069881,118825.776
1069973,128825.798
1069981,112668.9105
1069982,133367.0116
1070002,143379.516
1070067,107884.074
1070070,107223.366
1070084,121926.664
1070089,244942.81
1070103,135064.118
1070165,169348.205
1070183,74334.31057142856
1070185,147541.80590071043
1070208,135373.424
1070245,100588.166
1070308,103664.506
1070362,136670.06999999998
1070374,145699.29383862432
1070378,145134.016
1070388,110965.70666666665
1070394,166291.442
1070438,281730.044
1070454,102747.64666666667
1070455,101286.75285714287
1070456,105604.458
1070463,92976.04391540404
1070467,117455.88133333332
1070469,104799.954
1070498,136496.71997270954
1070501,126088.70132539682
1070516,143638.81
1070554,268671.1066666667
1070570,154062.24009999997
1070573,277652.156
1070643,166822.3055047619
1070656,173596.60833333334
1070675,94141.416
1070677,94349.936
1070707,64280.364
1070760,138640.626
1070770,217356.4
1070862,108899.75333333334
1070866,185739.58
1070907,251177.83
1070916,160035.758
1071031,180704.204
1071038,224047.564
1071042,90169.18174603174
1071045,490688.096
1071046,206808.03907692307
1071118,138390.116
1071145,130156.86166666668
1071161,110200.24625
1071166,117189.464
1071202,157690.9196396825
1071335,95478.312
1071349,148689.63868253966
1071350,146391.55133333334
1071356,219476.21133333334
1071357,92680.18866666665
1071360,113652.432
1071370,122029.0700952381
1071376,742281.2
1071378,139983.50852380955
1071390,392193.26894736843
1071413,157246.09866666666
1071414,125026.16166666665
1071415,164505.192
1071419,78519.844
1071427,118854.88233333336
1071430,177678.4
1071434,168553.4493666666
1071481,186863.86
1071503,101314.92534285714
1071504,101530.92534285714
1071532,209095.5095
1071537,132882.8345952381
1071551,113955.50685117338
1071574,163995.174
1071613,179905.068
1071621,74635.994
1071651,99325.67158874459
1071653,102574.3112
1071669,116141.08866666668
1071704,298271.9965
1071722,383582.098
1071727,179881.614
1071737,125433.092
1071740,94541.63733333333
1071782,201662.212
1071889,199479.8666666667
1071899,433581.318
1071920,108095.42133333335
1071948,126854.14484990564
1071950,150312.992
1071983,190976.428
1071997,251480.828
1072066,166400.294
1072080,137069.154
1072081,371036.7395238096
1072086,120800.962
1072176,82906.92466666667
1072178,78271.674
1072201,146673.796
1072204,135099.44
1072219,209200.934
1072229,219973.36125
1072242,122601.888
1072245,76744.07266666667
1072249,84343.592
1072259,325356.7673333333
1072306,123067.83234285713
1072320,79715.24914285714
1072326,172636.13
1072334,181975.3673333333
1072345,92940.751
1072353,171000.8638701299
1072382,195695.5753333333
1072387,208861.034
1072403,134567.69594285716
1072484,134637.392
1072487,186319.01946031745
1072490,187759.87457142858
1072493,173460.43780952384
1072503,100405.66066666668
1072536,102427.224
1072548,235635.796
1072599,357570.6353333334
1072627,173967.31033333333
1072632,163577.302
1072681,68693.769
1072729,175228.5813333333
1072752,179636.538
1072775,338874.12
1072776,161707.85647619047
1072779,336412.92
1072780,210974.118
1072784,158732.798
1072800,55723.466
1072809,1317857.4564
1072819,88046.5355
1072842,130002.412
1072873,237327.84596825397
1072880,126902.32266666667
1072894,85860.79742857143
1072901,90919.514
1072913,166933.794
1072929,155082.73766666668
1072973,80588.92633333332
1073092,379383.3056666667
1073108,114377.6
1073195,110329.624
1073200,81415.124
1073209,54600.0
1073215,175500.85666666666
1073216,175500.85666666666
1073217,175500.85666666666
1073218,175500.85666666666
1073219,124950.0
1073220,175500.85666666666
1073221,124950.0
1073222,175500.85666666666
1073223,175500.85666666666
1073224,175500.85666666666
1073225,124950.0
1073226,81356.18
1073228,81356.18
1073229,81356.18
1073234,71762.506
1073238,91576.444
1073240,136730.86
1073251,293963.0
1073388,83473.236
1073391,127188.81333333332
1073420,124638.47257142859
1073428,251278.95233333335
1073465,145725.558
1073471,193131.5
1073484,175500.85666666666
1073529,101364.354
1073563,108095.0
1073604,106328.34123076923
1073621,262139.724
1073622,121247.328
1073626,518922.206
1073663,107212.81723076923
1073675,647545.4776666666
1073681,93939.97573333334
1073695,122077.11466666666
1073753,169042.236
1073779,119747.82805714285
1073844,101472.09
1073846,122823.244
1074053,237641.752
1074196,210275.122
1074279,84947.64
1074340,173042.208
1074532,167363.00342857142
1074540,545298.224
1074548,152777.64
1074550,167155.73396190477
1074554,328401.6
1074575,105670.36422222223
1074579,129486.128
1074603,117218.83683333333
1074607,103518.942
1074608,159314.496
1074643,134945.72
1074677,398642.7293451255
1074682,193893.2195
1074697,105752.132
1074710,210234.23
1074741,641869.808
1074816,274183.248
1074821,116587.8622
1074882,216646.46
1074943,118887.71733333333
1074946,179813.70633333334
1074968,67263.49650822511
1074991,59338.2872619991
1075071,264883.92733333335
1075075,163607.408
1075078,154772.882
1075192,107680.64600000001
1075221,152142.41466666668
1075262,124066.86666666667
1075320,57232.188
1075321,57232.188
1075527,357811.6
1075555,97773.372
1075566,133214.16
1075576,103706.964
1075621,584076.8568333333
1075623,209108.164
1075669,103687.5
1075694,516970.374
1075794,152615.97933333335
1075855,170124.188
1075875,98642.658
1075876,98642.658
1075878,133070.81533333333
1075902,130247.894
1075981,93561.49533333333
1076017,204631.253
1076028,147556.942
1076116,152133.654
1076133,71552.95
1076153,146591.40585714288
1076223,71282.796
1076232,229941.144
1076237,134156.366
1076242,152727.044
1076246,222808.408
1076250,85620.596
1076256,113353.814
1076265,160511.50686984128
1076270,94514.39
1076275,159078.814
1076282,229848.376
1076297,544716.6693333333
1076314,294889.034
1076342,82559.757
1076353,81906.88
1076399,117848.28133333333
1076400,94896.50466666667
1076410,84434.9828888889
1076411,76027.966
1076419,142475.7606666667
1076451,203243.2
1076453,264086.596
1076479,97207.878
1076502,69151.15
1076505,180628.93
1076512,136744.43733333334
1076516,92587.296
1076615,96552.98771428571
1076618,150368.4122
1076619,287969.028
1076637,103687.5
1076655,222249.39516666668
1076670,121510.86519999999
1076672,167073.972
1076751,236961.734
1076780,114893.65733333332
1076822,103361.6
1076837,558703.814
1076848,185124.168
1076851,142641.8
1076867,146042.82
1076870,235423.55
1076873,96934.718
1076877,256610.86
1076899,439481.992
1076928,244760.95498888893
1076931,325379.302
1077002,103644.824
1077007,803792.786
1077008,679410.144
1077013,101137.29
1077024,112952.50077777776
1077043,91435.894
1077056,92472.77466666665
1077067,128126.158
1077162,572284.9333333332
1077187,649767.432
1077265,341139.028
1077596,469811.94
1077624,223932.23584761907
1077752,102000.0
1077787,191118.832
1077884,105606.524
1078098,153150.992
1078219,162531.81394285717
1078257,72586.71047619048
1078341,264957.9722857143
1078355,151114.8590333333
1078360,153497.2501904762
1078409,127492.6
1078431,109734.42380952384
1078454,135007.0204108339
1078476,75091.82
1078477,185584.14966666666
1078497,255822.73971428574
1078545,202997.95
1078556,199172.324
1078564,231855.324
1078585,222296.61
1078640,120896.77133333334
1078648,94902.95866666667
1078660,625624.627595238
1078685,244743.894
1078699,104260.74333333335
1078723,231486.6
1078725,93706.36666666665
1078736,599168.034
1078773,86208.274
1078806,95950.25104761905
1078814,199296.73857142858
1078885,280497.122
1078899,65555.08
1078908,173365.794
1078969,186725.9905238095
1079020,160816.87826666667
1079036,166248.072
1079059,352150.076
1079068,90958.03746666668
1079153,204190.2676
1079183,145802.898
1079230,90869.52266666666
1079254,108715.00786666668
1079277,126595.54466666665
1079282,153174.7526285714
1079294,133741.64232380953
1079320,344971.626
1079334,109290.5
1079343,147165.2806666667
1079356,151049.0
1079382,67946.1212889594
1079459,255774.05323333334
1079463,115975.15000000001
1079464,191016.34133333334
1079479,148500.0
1079483,124850.0
1079497,270277.696
1079498,270277.696
1079503,136194.41
1079504,131801.184
1079528,133050.0
1079568,165406.612
1079600,150953.31733333334
1079607,188947.6289
1079608,145316.47733333334
1079612,145403.47733333334
1079618,76199.01374285716
1079705,145316.47733333334
1079766,84886.77466666665
1079842,76253.25907692307
1079850,145824.536
1079853,180313.26466666666
1079868,85370.48
1079892,111411.39033333333
1079895,94377.33514285716
1079928,289873.688
1079992,123567.9
1079994,120721.26443001442
1079995,123567.9
1080005,172474.6030853036
1080008,159164.35035384615
1080010,101206.65799999998
1080011,160261.04933333333
1080015,159079.962
1080025,164900.84
1080028,54585.16
1080030,77281.892
1080032,119036.03461269841
1080034,147292.1333333333
1080037,547103.856
1080063,70913.36266666665
1080064,69135.736
1080065,69446.336
1080066,91689.7968888889
1080069,185795.2360952381
1080072,225542.92226215647
1080077,102995.232
1080111,96352.02366666668
1080133,82625.8315
1080147,128289.362
1080162,156093.66466666665
1080187,272818.722
1080200,163314.402
1080279,213685.778
1080290,88920.18012142855
1080292,86412.03227936511
1080299,62252.0
1080327,91286.3176
1080328,106970.72483333333
1080332,88562.10503333333
1080334,90409.37966666667
1080342,131221.08933333334
1080343,197463.89576190477
1080364,267670.71
1080379,131156.5265095238
1080382,62252.0
1080383,68073.5
1080399,87752.06659999999
1080401,654900.0
1080426,135144.938
1080440,90502.61880000001
1080450,110600.732
1080465,110753.984
1080482,210115.452
1080485,168933.96
1080507,372465.6
1080562,86991.336
1080606,396279.6663333333
1080621,98046.14
1080633,130142.71
1080663,172839.446
1080670,80237.71
1080752,147834.75564285714
1080755,99218.208
1080757,316794.912
1080776,89517.124
1080802,94332.99895238095
1080807,184453.32
1080836,208644.54666666666
1080849,168113.45466666666
1080858,131747.5977047619
1080859,150174.23533333334
1080914,182558.046
1080921,60941.8
1080937,159193.3696666667
1080977,67011.5235
1080980,84300.734
1080983,98624.465
1081011,81933.20333333334
1081038,227694.49480000001
1081055,219682.724
1081112,120500.0
1081125,115658.76016666667
1081153,144607.70600000003
1081170,382129.5066666667
1081201,422773.708
1081232,183902.274
1081267,407006.3
1081351,95733.636
1081356,117806.694
1081395,138218.39
1081435,88777.904
1081436,119322.10158888888
1081442,213589.844
1081472,142567.274
1081487,107661.198
1081508,643327.136
1081512,132032.698
1081528,100560.03066666667
1081552,149204.3181666667
1081575,86478.548
1081706,157329.2115
1081782,117466.742
1081785,124883.518
1081787,185301.9524
1081832,105420.19666666667
1081833,114636.90685714287
1081838,83151.012
1081841,491581.776
1081843,83151.012
1081844,83151.012
1081848,105250.0
1081869,143520.516
1081902,110735.45533333333
1081903,110735.45533333333
1081908,101979.0608888889
1081924,75222.13848015873
1081936,285269.86
1081949,203087.764
1081970,188593.08
1082039,121142.896
1082045,118226.17933333333
1082046,115126.072
1082048,174451.68333333332
1082118,121733.71746031745
1082145,72753.32483333335
1082147,94208.432
1082163,112018.696
1082251,162518.59
1082254,300847.95
1082255,158031.108
1082327,84424.3612
1082342,114677.066
1082343,175624.764
1082360,187968.96600000004
1082376,359612.88
1082382,172921.23
1082390,157333.712
1082417,113569.3891714286
1082420,117689.0
1082432,446648.982
1082441,168745.134
1082442,184322.452
1082461,266730.57
1082482,146291.70266666668
1082483,67337.9
1082488,571910.6886666667
1082504,145252.41226666668
1082508,146673.59680000003
1082533,97093.63533333332
1082548,272676.0632634921
1082549,117026.73628571429
1082586,104003.984
1082640,221557.81286666667
1082677,270613.59925
1082833,98003.32447619048
1082840,193648.294
1082846,195913.44606666663
1082857,329531.458
1082863,170000.0
1082867,198626.354
1082927,118804.908
1082928,116940.89432142857
1082958,392106.64
1083026,183419.804
1083029,515920.0040000001
1083052,435944.998
1083095,90762.68266666667
1083118,139741.312
1083122,261028.194
1083137,211526.924
1083208,256976.6211111111
1083251,152928.9795
1083264,191729.736
1083284,260682.79586666668
1083291,93500.0
1083296,93500.0
1083300,93500.0
1083303,93500.0
1083345,95297.16
1083382,139142.067
1083388,61956.824
1083392,137689.262
1083402,141440.2228333333
1083405,173748.76
1083495,99300.91649141413
1083545,126698.788
1086147,211784.34507692308
1086216,200102.778
1086243,146403.692
1086254,62572.82842857143
1086282,158208.34
1086309,190198.527
1086312,118158.228
1086333,70777.112
1086344,78342.3
1086616,101904.82456666668
1086670,206385.9
1086770,175320.152
1086802,150462.082
1086813,110693.76399999998
1086818,170746.782
1086819,269264.12066666665
1086820,96611.806
1086826,136775.4676
1086827,86233.11066666667
1086842,86050.91066666668
1086844,96611.806
1086846,86050.91066666668
1086847,86233.11066666667
1086848,136775.4676
1086864,457284.9206363636
1086917,194046.33036666666
1086918,79775.0
1086963,224357.014
1086991,129891.0192952381
1086999,91943.03334920634
1087035,118408.2584
1087054,167590.42166666663
1087111,150356.176
1087112,143941.68
1087115,455269.396
1087116,174528.07466666665
1087132,236176.0
1087135,96771.554
1087193,150161.886
1087235,157878.99199999997
1087237,143273.214
1087238,141481.33866666665
1087241,123240.664
1087288,508573.0
1087329,80618.41533333332
1087340,362188.436
1087346,282776.8356666667
1087349,204173.57603463196
1087375,280516.43
1087389,365996.6388333334
1087406,115352.80533333332
1087423,397104.68
1087432,295343.0465829725
1093650,63034.500666666674
1093654,182643.912
1093657,205717.90586666664
1093659,107389.888
1093661,107389.888
1093675,155189.66909523806
1093684,141073.0364190476
1093703,170713.6265059524
1093710,99569.05645
1093711,137419.39233333338
1093718,67436.804
1093725,116912.304
1093808,631597.814
1093813,160018.346
1093816,248473.984
1093817,99666.744
1093845,405224.0813333334
1093848,106202.14466666667
1093904,143082.8586153846
1093906,146620.97
1093909,251887.891
1093920,132243.85066666667
1093958,141823.03295238095
1093960,313738.35666666663
1094005,524698.5940923521
1094008,164387.44166666665
1094012,81489.13533333332
1094018,105975.294
1094108,115714.10998556999
1094111,202368.99
1094126,117082.03533333333
1094128,543322.0996666667
1094133,109198.45700000001
1094136,275184.4972
1094142,235088.794
1094151,58868.02
1094174,119047.294
1094196,192130.2
1094198,96344.82866666665
1094232,101594.54333333335
1094299,165102.59133333332
1094334,341393.84
1094348,123378.01996666667
1094353,109397.622
1094362,119873.498
1094412,931925.948
1094416,121924.79
1094419,509320.811804945
1094463,123718.134
1094464,155904.70107936507
1094519,178681.724
1094530,101270.41
1094531,101270.41
1094538,92007.41615567767
1094590,119591.578
1094633,123304.75866666668
1094660,93734.69855555557
1094668,103677.052
1094694,106702.81671428571
1094714,137401.73266666665
1094717,190372.9135
1094747,158479.28519999998
1094771,637131.8
1094773,320347.082
1094779,91701.028
1094810,158394.18358730158
1094817,126108.206
1094818,119776.40253968253
1094822,71926.284
1094855,148720.726
1094858,142640.008
1094864,387516.036
1094895,197305.534
1094910,120918.316
1094939,101814.12466666666
1094960,106986.1976
1095019,1206000.087
1095021,806621.46
1095025,167333.8486666667
1095029,162394.98493333333
1095031,154697.9863190476
1095067,91775.438
1095105,226510.8158095238
1095126,145619.1
1095135,135721.44571428574
1095139,138171.95866666667
1095146,120636.829
1095292,206638.788
1095313,68363.34
1095326,153415.332
1095334,57702.32
1095343,98512.886
1095383,125363.48733333332
1095399,173046.43133333337
1095416,233476.498
1095448,221172.11133333333
1095478,104236.1872
1095480,143859.398
1095496,120912.114
1095500,134637.392
1095529,74197.77066666668
1095536,321334.92514285713
1095552,348184.2
1095588,88290.41466666668
1095624,369088.6064
1095650,91115.38133333332
1095691,835759.66
1095735,117547.28209523809
1095799,214418.659
1095804,172558.3424727273
1095810,125359.10186243385
1095827,211996.20076190477
1095841,216769.00333333336
1095853,149180.336
1095860,185040.386
1095866,93231.154
1095906,141893.5240952381
1095907,358792.66
1095926,228270.556
1095949,140200.616
1096078,124641.094
1096079,125237.654
1096090,97478.794
1096148,215127.96
1096213,220943.2243809524
1096235,125713.615
1096271,154483.192
1096279,69306.05266666666
1096316,229615.2917142857
1096318,688270.84
1096335,358045.504
1096339,128537.45659999999
1096405,273622.8466666667
1096417,118105.758
1096464,101076.835
1096480,123470.562
1096484,168900.942
1096513,232640.56466666667
1096539,178744.33483333333
1096546,86884.99
1096550,216027.48
1096556,112203.96338095238
1096573,267096.7477777778
1096583,235182.6333333333
1096585,232994.43
1096590,214760.04730708178
1096593,151147.642
1096600,143117.004
1096627,106533.50783333334
1096631,142446.454
1096691,160498.692
1096700,90956.07333333333
1096716,228729.51766666665
1096723,290537.2
1096749,167867.63046520148
1096777,182899.794
1096784,104804.438
1096858,367123.828
1096873,184631.96485714286
1096921,137626.91125000003
1096936,210677.64423809524
1096968,99523.21133333334
1096972,145296.50333333336
1097023,121516.35666666667
1097024,596406.5538571429
1097040,253497.482
1097041,318949.84810084035
1097045,210792.8675238095
1097078,568109.8169523809
1097079,568109.8169523809
1097082,92290.296
1097084,99625.55733333333
1097102,145588.3112612613
1097259,141677.606
1097283,139653.024
1097365,175835.9009333333
1097366,137691.36193333333
1097476,770153.194
1097499,81792.284
1097500,116796.24066666666
1097511,203681.386
1097514,386153.014
1097544,143428.3746095238
1097562,126740.242
1097569,89427.472
1097597,180940.48933333333
1097609,139319.47433333335
1097635,109913.988
1097650,82944.51533333333
1097655,141850.74093284493
1097659,117990.64636666665
1097664,99882.28546589277
1097673,207220.83
1097675,136344.30404761902
1097698,134291.44
1097718,133959.534
1097755,259182.398
1097767,139437.28133333332
1097777,195585.35173333331
1097778,103481.28533333335
1097795,699952.32
1097861,112176.944
1097886,127993.384
1097887,159714.63433333332
1097888,158098.678
1097928,203173.084
1097949,171347.3018095238
1097975,316067.0117777778
1097993,266413.084
1097994,275918.6344
1098066,161243.05999999997
1098122,129446.566
1098125,169920.8833333333
1098140,137575.25685714287
1098199,329248.58
1098213,97973.9443857143
1098215,134410.7
1098219,190762.07330158734
1098228,116361.79400000001
1098252,313164.5055238096
1098268,166225.33503333334
1098275,148263.71259999997
1098362,91800.0
1098365,840335.74
1098396,87787.51066666667
1098468,118460.81980885779
1098495,84273.2
1098569,78623.36666666667
1098588,440619.0
1098633,89611.54866666667
1098693,385183.41
1098698,152866.42933333333
1098706,179867.35
1098771,87214.1659
1098971,49705.794571428574
1098987,149086.65
1098991,152623.738
1098994,198589.4
1099004,140020.45433333336
1099021,111258.62033333331
1099030,107628.332
1099038,94757.728
1099039,173988.458
1099045,358165.2
1099133,348953.152
1099137,102709.69533333331
1099153,185047.166
1099180,181508.74916666665
1099183,324607.59
1099184,88202.698
1099199,119975.83161904762
1099315,209906.848
1099316,123116.29921717172
1099320,150183.24646553447
1099323,242483.958
1099326,182944.28679999997
1099329,82200.932
1099335,193846.734
1099338,116209.95
1099342,153543.2
1099350,151222.772
1099351,101024.69
1099359,109156.36613333334
1099364,97757.85968600288
1099366,155540.08
1099382,185394.026
1099383,749884.408
1099407,111942.42433333336
1099414,127835.49
1099441,133165.36666666667
1099447,108143.41313333332
1099465,98987.654
1099469,180139.918
1099488,182478.216
1099520,161927.446
1099562,208344.50083333335
1099567,110095.46475396823
1099623,210545.038
1099651,84721.33
1099664,136647.992
1099665,136647.992
1099671,172901.33
1099702,101245.59
1099722,106387.608
1099725,50681.12
1099726,48039.13333333333
1099728,47576.792
1099729,46643.1
1099734,86177.54933333334
1099740,92185.03878571428
1099743,194630.356
1099768,175663.80342857144
1099774,1224028.432
1099796,135706.4015
1099815,155781.646
1099837,239592.024
1099916,281707.06
1099928,84738.94942857143
1099941,90643.074
1099946,106378.838
1099948,53098.698
1099950,51333.56
1099972,102199.88133333332
1099995,131355.0855095238
1099996,121277.116
1100056,174109.04758730155
1100076,180046.10835425687
1100169,425482.6
1100171,81502.444
1100178,232809.242
1100189,80687.25
1100191,59649.728
1100192,59646.6
1100194,106990.89
1100205,91175.89066666666
1100224,111704.56
1100257,204700.482
1100317,102040.71733333335
1100329,76849.63233333334
1100345,107464.16133333332
1100388,255730.65266666666
1100391,95300.736
1100460,209203.714
1100509,116414.266
1100516,210500.0
1100532,224586.03957142856
1100537,61467.2
1100548,379915.698
1100583,247126.76
1100596,210500.0
1100601,365925.1973333333
1100611,107928.92
1100619,200595.60333333333
1100658,284865.5093333333
1100660,204190.2676
1100674,113378.72980932955
1100682,125197.29
1100692,116740.86
1100719,99688.29266666668
1100743,316143.328
1100780,92507.02372380951
1100810,198211.17028571427
1100829,209738.1006666667
1100840,138490.20391428572
1100852,209178.05463333335
1100865,102397.94306666666
1100897,108076.30066666666
1100931,104571.76878388278
1100932,104659.83478388278
1100938,369082.397118887
1100944,190975.97933333338
1100945,198355.94600000003
1100946,198355.94600000003
1100947,198355.94600000003
1100948,233334.32133333336
1100953,237484.294
1100955,237484.294
1100957,195195.1066666667
1100960,195175.1066666667
1100962,131044.92
1100984,113096.456
1100985,160101.874
1101003,95002.3804
1101004,95002.3804
1101005,95002.3804
1101006,179659.096
1101007,125876.56466666661
1101012,90510.6052
1101064,426681.624
1101073,248342.45533333335
1101084,143743.76026904758
1101086,115584.472
1101094,99857.588
1101102,100637.99333333333
1101127,96797.252
1101173,140192.15847619047
1101180,114654.104
1101202,130496.96046666666
1101203,132505.492
1101207,144319.54
1101208,369182.6073333333
1101232,103915.75387301588
1101240,87608.7948
1101252,168654.76
1101258,165607.62
1101263,73323.1758952381
1101276,143303.11625
1101292,150398.62626666666
1101294,134979.5493333333
1101303,350308.79
1101319,604848.416
1101326,123723.26653008656
1101330,185037.84605714283
1101331,128852.17733333333
1101333,161452.41449999998
1101335,152132.12747619048
1101351,138421.0
1101378,107438.81133333333
1101418,558838.712
1101423,334463.8297777778
1101428,138421.0
1101517,137076.682
1101591,74219.666
1101616,379915.698
1101739,127977.08982857142
1101759,91459.76
1101799,132978.74866666665
1101800,133056.90466666667
1101801,325722.808
1101814,196304.5053333333
1101859,84032.31628571429
1101869,79019.71
1101901,79268.72285714287
1101931,142350.68866666668
1101932,145757.76621111113
1101976,354752.654
1102031,79795.39527777779
1102046,133072.64133333333
1102066,148507.06760714285
1102090,314067.536
1102112,218322.068
1102117,133072.64133333333
1102119,139121.574
1102123,107247.95066666666
1102135,147691.74366666665
1102169,175362.70033333334
1102170,271505.8793333333
1102240,221949.59789743592
1102248,82836.598
1102273,121665.2058
1102307,217025.61
1102332,165370.788
1102413,109184.72285714286
1102414,93927.11266666667
1102415,100914.15466666665
1102416,103414.82066666667
1102417,157494.187
1102422,206793.452
1102423,93720.056
1102430,94278.902
1102431,94016.11266666667
1102434,146631.91030000002
1102452,84475.256
1102470,143454.65095238097
1102505,228699.84
1102509,87978.8
1102527,197469.024
1102537,200540.296
1102564,164132.2
1102603,137255.7360952381
1102608,127382.6255
1102646,91392.3501904762
1102647,117659.568
1102650,184652.939
1102655,197464.23
1102657,121757.822
1102660,233426.481
1102685,88516.30166666667
1102688,98396.11
1102699,91059.49866666667
1102704,117356.41333333333
1102705,240018.6576
1102728,478974.5663333333
1102735,74568.96
1102750,111689.60164166667
1102770,178593.304
1102790,382219.424
1102797,643319.854
1102800,142879.64280389613
1102806,90072.10942857145
1102844,194755.774
1102862,118928.146
1102908,92470.89471428572
1102909,128130.02866666665
1102959,108484.98433333333
1102970,68971.596
1102986,170455.75633333332
1103044,99230.096
1103076,255203.998
1103095,379567.5446666667
1103226,245846.616
1103227,279277.3124
1103228,174053.74
1103229,273890.1126666667
1103249,199181.2513126615
1103253,193954.83333333334
1103258,222796.974
1103264,421323.9600238096
1103265,249240.514
1103278,94774.974
1103279,462465.8611428571
1103282,67599.37
1103361,113443.204
1103386,318564.876
1103396,181010.22866666666
1103402,112603.924
1103403,124138.774
1103404,119600.0
1103418,120229.63866666667
1103419,101881.93066666667
1103431,217361.40965714282
1103481,341425.562
1103489,224696.718
1103584,105470.28382988679
1103598,208064.01333333334
1103600,94266.17733333334
1103604,140061.292
1103606,170898.532
1103614,72200.736
1103646,80506.12
1103668,253675.91816666667
1103669,105989.76501886726
1103678,134596.04533333334
1103711,92136.8796
1103726,162427.364
1103731,136444.212
1103735,136751.88466666665
1103741,474231.809
1103838,165549.6
1103903,211374.83
1103914,125212.91929350651
1103991,73875.16066666666
1103997,132930.084
1104005,204512.31761904762
1104027,56344.16
1104035,113621.404
1104045,107650.75133333335
1104073,423087.758
1104122,354145.034
1104123,354234.234
1104132,88731.01533333334
1104247,104206.728
1104252,107022.1258095238
1104265,189780.17038730154
1104276,73753.88933333334
1104292,131291.84
1104347,649923.644
1104357,146206.516
1104358,100762.444
1104369,207726.12
1104944,228712.0
1104946,95000.0
1104949,95000.0
1104951,95000.0
1104953,95000.0
1104955,95000.0
1104972,154940.4546666667
1105018,76700.0
1105021,111837.88906493508
1105024,190700.0
1105025,121500.0
1105044,175247.27
1105046,114549.0
1105047,114549.0
1105050,330000.0
1105051,330000.0
1105052,330000.0
1105053,330000.0
1105071,95000.0
1105081,118439.73
1105207,330000.0
1105210,158503.735
1105265,330000.0
1105266,118649.00831904761
1105267,118649.00831904761
1105268,330000.0
1105280,104183.23114285714
1105281,183636.15539523814
1105282,190632.08666666667
1105376,295888.7
1105429,160776.7413333333
1105465,123965.81933333335
1105493,109900.0
1105496,119626.12826666667
1105557,109900.0
1105558,109900.0
1105575,142704.06
1105576,140854.96
1105581,94920.5
1105621,165342.74033333332
1105622,124714.326
1105698,190700.0
1105699,190700.0
1105700,190700.0
1105702,190700.0
1105705,190700.0
1105706,190700.0
1105711,171500.0
1105799,109900.0
1105802,109900.0
1105803,109900.0
1105805,109900.0
1105806,109900.0
1105807,123812.15
1105828,184073.672
1105830,270559.122
1105831,155101.97
1105832,268233.298
1105849,76700.0
1105855,116354.0
1105898,116354.0
1105899,116354.0
1105935,195468.10866666667
1105989,96650.0
1106068,152900.0
1106069,152900.0
1106073,152900.0
1106085,165380.13404184705
1106086,135800.0
1106135,110480.47157142856
1106164,76700.0
1106193,182428.54
1106196,97123.6
1106244,178832.0552727273
1106253,65690.454
1106256,110081.104
1106586,303527.094
1106587,152375.432
1106588,196584.344
1106589,192057.216
1106600,86847.69366666667
1106608,169055.374
1106715,76700.0
1106789,122082.996
1106790,201132.60383333333
1106791,199087.64783333332
1106792,201132.60383333333
1106793,199140.74783333333
1106794,200041.1468333333
1106869,124656.806
1106954,109684.0
1107205,190740.0
1107331,73700.0
1107333,73700.0
1107389,163427.0
1107390,163427.0
1107392,163427.0
1107394,163427.0
1107395,163427.0
1107469,175247.27
1107483,82395.46666666666
1107491,97988.34
1107667,250943.868
1107772,95200.0
1107775,95000.0
1107785,283794.15866666666
1107786,148644.988
1107787,131144.0
1202392,131576.0373059163
1202393,88360.82633333333
1202395,249085.38
1202440,87389.33965079364
1202550,104375.592
1202552,86800.0
1202577,148000.0
1202580,112194.932
1202842,103429.078
1202844,121659.756
1202860,92924.264
1202861,91178.90595
1202869,166105.97466666665
1202876,141269.446
1202892,80992.72303412698
1202903,72211.76900992062
1214273,155858.7607777778
1214280,109100.89533333333
1214445,267000.6
1214448,70228.2436952381
1214449,76700.0
1214464,117232.78
1214572,129532.12885714284
1214574,200525.138
1214584,129002.29716666666
1214608,104845.21
1214640,82056.4933
1214643,159311.0532
1214651,327027.862
1214652,191045.84817142854
1214657,424798.804
1214661,147573.056
1214673,146713.698
1214675,112407.70866666667
1214679,177521.669
1214703,139915.37733333334
1215040,130228.8
1215050,77727.51776666667
1215134,114311.89
1215138,126875.72372380954
1215362,73266.774
1215366,89680.53333333334
1215368,100024.45133333335
1215369,146112.07
1215374,81909.70666666667
1215388,480004.55
1215448,85770.68266666666
1215451,67445.404
1215486,123114.844
1215488,162813.76933333333
1215496,110064.79266666668
1215498,156871.81198888895
1215555,150832.81
1215556,192468.36
1215560,340283.56622222223
1215573,137230.62036190476
1215591,61388.286
1215596,134082.374
1215746,241371.988
1215748,140097.132
1215754,70824.456
1215756,313166.824
1215758,123812.15
1215761,91394.688
1215762,77600.4164
1215766,139097.398
1215767,533918.304
1215776,330000.0
1215784,295888.7
1215791,82030.5145
1215796,94456.5
1215797,127323.88333333335
1215798,93202.65211647358
1215806,152568.152
1215810,85548.51933333333
1216439,63484.85694444445
1217024,101197.37966666667
1217029,156167.258
1217034,88045.246
1217036,111905.29423174603
1217037,79756.0133333333
1217038,160095.706
1217233,135205.382
1217234,93101.61933333332
1217247,101585.1486095238
1217248,85351.88193333331
1217250,98187.86183333333
1217540,203044.52803488373
1217556,191268.65766666667
1217557,113037.85261904761
1217559,84058.874
1217578,263630.956
1217875,75867.008
1217881,50763.424
1219303,129198.238
1219356,329819.0
1219361,321617.8
1219426,79652.556
1219482,315532.2243809524
1219492,85277.36566666666
1219515,210182.106
1219518,399974.93891428574
1219520,199824.282
1219620,153668.2
1219653,82763.4
1219665,203011.17466666666
1219668,127662.63
1219670,59531.826
1219706,207792.5805
1219714,156455.0
1219756,119504.184
1220007,100025.27
1220137,456298.718
1220139,421201.63371428574
1220671,86465.398
1220690,52382.96
1220731,146457.104
1220732,81606.2
1220739,130785.79
1222082,232437.184
1222084,71891.09466666667
1222087,402147.6
1222182,182683.808
1222183,146120.956
1222194,216348.178
1222252,175213.75685714287
1223720,160776.7413333333
1223812,135544.19203333335
1223816,317646.564
1223827,180238.519
1223836,254441.15133333334
1223838,106970.60851326566
1223841,96479.3982878788
1223860,441921.536
1223861,162426.052
1223863,166435.66
1223867,206777.9421075369
1223875,117550.422
1223892,208897.812
1223897,186603.3822
1224003,106743.066
1224006,128891.32634920636
1224010,181944.258
1224014,97098.0
1224033,216194.30533333332
1224068,162818.0293333333
1224071,82518.488
1224121,110661.2055
1224146,134956.8097777778
1224153,102169.76
1224653,161054.57448571429
1224668,117163.40323076923
1224776,146719.70866666664
1224788,233260.73048888886
1225148,411838.5333333334
1225155,170109.498
1225157,282384.852
1225159,328237.166
1225238,216890.9626666667
1225323,194375.734
1225362,114602.98
1225363,149567.57604603173
1225376,235720.85342857143
1225378,110158.89977777777
1225818,72600.636
1226392,98367.0490798907
1226394,94735.598
1226516,165819.00733333334
1226517,140472.976
1226741,155018.4930793651
1226743,109979.43716666667
1226745,81897.252
1226748,165380.13404184705
1226749,135800.0
1226782,101119.324
1226789,77719.778
1226799,97584.976
1226860,89615.92
1226867,144538.94133333332
1226963,139666.956
1227068,219340.574
1227072,385071.0633333333
1227075,123341.97619047618
1227080,165636.032
1227083,165636.032
1227087,142927.588
1227113,109645.02
1227115,143987.706
1227127,82624.278
1227165,160239.994
1227292,87788.956
1227294,179040.4
1227296,170668.67396825395
1227675,486475.328
1227679,176573.924
1227680,204868.7732222222
1227687,246447.55
1227690,186035.8
1227707,116902.32685714285
1227708,130145.13866666665
1227709,162325.612
1227720,164318.004
1227815,160423.56955555556
1227857,570945.0615
1227859,403099.03
1227865,233850.498
1227902,130699.892
1227904,105913.80533333331
1227921,497892.715
1227928,116021.824
1227948,242380.588
1227951,384384.318
1228096,136365.61
1228098,151828.594
1228597,362791.7386666666
1228622,202290.4
1228630,151942.0
1228639,218444.13857142857
1228640,152865.822
1228821,108673.154
1228828,166581.99533333335
1228829,377109.33
1228966,391723.1195238095
1228972,385971.6846666667
1228973,885769.842
1228974,1653870.72
1228985,445104.3662857143
1229013,254389.294
1229016,116628.91406666668
1229018,181925.01790476192
1229020,320894.493
1229022,175756.092
1229028,132416.656
1229030,120185.76
1229031,204029.05155555558
1229038,158215.04
1229176,586541.428
1229188,336707.43
1229190,823996.028
1229201,121136.022
1229212,150483.538
1229218,168131.28866666666
1229220,184439.26943809527
1229224,160334.048
1229225,147133.4735378788
1229462,299877.0133333333
1229540,154306.266
1229541,132019.95466666666
1229591,168698.76200000002
1229597,181042.4133333333
1229598,181042.4133333333
1230015,104068.252
1230020,101326.272
1230030,96188.20033333334
1230031,82876.708
1230037,83009.69
1230038,182428.54
1230039,74576.71
1230040,131001.08466666666
1230045,65185.19
1230070,62572.0968
1231407,252280.182
1231410,210485.57
1231549,305685.004
1231551,189101.17266666668
1231558,69435.73740000001
1231661,120440.50142857143
1231688,165575.57
1231696,300228.398
1231704,116593.1812
1231710,137792.632
1231711,79824.83000000002
1231719,144805.596
1231753,144509.3358903319
1231846,749087.2413333333
1231908,117641.08091818182
1231938,106334.336
1231982,216548.56799999997
1232000,122627.0
1232001,122627.0
1232002,122627.0
1232475,286935.772
1232477,165973.084
1232484,70984.64066666666
1232490,82395.46666666666
1232637,94593.81033333334
1232646,95101.97647619048
1232662,84921.172
1233033,102513.00466666666
1233038,95245.566
1233250,409973.106
1233263,124901.38951226552
1233265,250862.78466666664
1233268,176667.438
1233307,146014.69266666667
1233314,116984.124
1233329,396047.0
1233345,250502.584
1233349,130866.414
1233447,104183.23114285714
1233450,121881.36099999999
1233453,100636.24615692643
1233462,90997.246
1233465,116031.4455
1233471,42820.582
1233474,98361.546
1233479,101811.264
1233487,124080.718
1233488,163204.90733333334
1233490,111831.58266666667
1233493,104771.516
1233495,87264.2425
1233497,86508.4585
1233542,66271.16799999999
1233552,68215.17662380952
1233557,172958.08
1233567,89565.04399999998
1233568,133062.898
1233569,135155.35
1233683,241168.434
1233764,916868.682
1233861,106800.46414285713
1233877,81420.43533333333
1233987,330000.0
1233989,118649.00831904761
1234069,145137.228
1234103,201563.64718095236
1234104,199436.7272
1234343,880764.416
1234348,116371.912
1234349,115843.312
1234495,578624.36
1234496,166828.928
1234497,159980.646
1234499,167312.44
1234515,141959.962
1234516,231321.356
1234528,177392.142
1234612,299329.62066666665
1234760,70787.43072727272
1234763,113465.48079999999
1234766,178348.69
1234772,207003.94787878788
1234818,136114.198
1235137,538043.8033333332
1235157,116399.548
1235163,299173.684
1235168,258336.84352380942
1235169,257764.84352380942
1235170,257764.84352380942
1235228,368214.7953333333
1235244,421489.7481444444
1235266,468532.986
1235290,1000964.3367222224
1235294,826030.2742857143
1235303,124180.2
1235312,111597.69333333333
1235314,382377.5366666667
1235337,680030.276
1235354,286964.334
1235360,718718.4
1235386,1125747.272
1235538,273423.49
1235542,326345.366
1235546,207454.65
1235552,446245.62
1235662,1356554.402
1235678,59806.392
1235679,172588.778
1235688,135289.4
1235689,135289.4
1235741,201132.60383333333
1235742,122082.996
1235744,200041.1468333333
1235745,199140.74783333333
1235746,201132.60383333333
1235747,199087.64783333332
1235786,668197.604
1235796,455115.436
1235824,625871.998
1235825,1065027.6
1235874,422011.8366666666
1235885,599248.2
1235886,599208.4
1235887,308748.144
1235916,584643.4
1235996,215276.06
1235997,177155.752
1236001,673531.582
1236007,778720.0
1236009,718322.916
1236010,863678.0
1236082,80755.43
1236126,147530.77
1236137,126596.88342857143
1236150,121820.1142857143
1236152,147554.308
1236160,275853.0
1236162,773202.0
1236183,183494.3
1236186,101865.836
1236189,123542.374
1236201,97118.641
1236353,154474.95807590187
1236355,161413.358
1236463,94417.65887362637
1236479,105244.108
1236480,103909.109
1236822,109081.96921363637
1236911,504114.0
1236986,164850.436
1236991,212803.57679999998
1236993,164850.436
1237029,170622.44666666666
1237033,115948.88666666667
1237049,121954.37142857144
1237051,178145.286
1237164,93144.342
1237170,204608.29947619047
1237492,52058.63
1237495,106973.104
1237545,85256.58066666666
1237979,231320.0
1237998,172771.18083333335
1238015,143620.3777777778
1238100,129706.75866666666
1238115,148907.2
1238129,414727.2793333333
1238182,97438.75
1238190,109115.67
1238195,283234.0
1238198,160242.542
1238207,119794.52133333332
1238213,164772.418974359
1238216,220695.968
1238226,138705.94
1238229,340203.56622222223
1238231,282372.8753333334
1238232,291424.45333333337
1238237,170460.002
1238241,151383.8
1238242,187230.112
1238244,164373.856
1238245,177387.948
1238258,81586.82440000001
1238259,277271.2075
1238261,177347.67133333333
1238263,281618.664
1238264,200695.912
1238384,119060.366
1238386,229077.90276190478
1238419,206722.24799999996
1238422,199662.34800000003
1238435,137354.65666666668
1238439,555100.2442666667
1238572,296026.0
1238582,206676.2
1238589,165170.79433333332
1238614,98962.41
1238793,169671.1184645962
1238800,567032.598
1238802,400889.77962424245
1238807,291352.77433333336
1238812,111788.22666666665
1238813,200281.668
1238814,83969.97333333333
1238827,156667.182
1238834,216858.27
1238964,196362.81525541123
1238965,213528.062
1239003,201600.815582062
1239006,400077.39
1239029,250943.868
1239054,252489.00636103764
1239062,217599.79
1239067,223175.224
1239078,173190.81466666664
1239100,224940.0
1239106,165281.83845873017
1239112,180431.5166666667
1239158,217900.614
1239160,143604.64830643684
1239161,124926.356
1239162,120933.45057971014
1239239,207619.4207777778
1239260,333030.468
1239261,300618.864
1239271,187174.882
1239276,389974.6666666666
1239278,232794.85
1239294,135556.39172453104
1239313,193923.34
1239402,600965.99
1239482,132000.0
1239483,132000.0
1239484,132000.0
1239485,132000.0
1239490,185706.302
1239519,244122.98314285715
1239527,123441.63533333334
1239532,178079.1146666667
1239533,185365.72
1239534,152383.76933333333
1239535,190993.692
1239537,229801.148
1239558,94476.798
1239566,85692.38
1239568,299236.7333333334
1239577,124172.4
1239578,84295.16466666668
1239585,145083.2812
1239589,144002.63533333334
1239598,140649.80266666666
1239601,674512.5933333333
1239963,193260.3566666667
1239978,1060000.842
1239994,390182.42
1240122,990178.1291
1240137,1196235.986
1240202,134585.58266666665
1240229,159667.5
1240235,471108.15971428575
1240281,180453.18109523808
1240283,524406.366
1240338,69840.832
1240418,73735.794
1240441,467320.85114285717
1240442,203759.112
1240444,379426.112
1240448,512512.13942857145
1240464,593175.128
1240465,113428.3
1240498,181018.314
1240504,70639.38
1240505,134437.19
1240516,114203.128
1240535,89106.402
1240539,85449.43733333335
1240540,79376.936
1240617,119107.218
1240649,120177.991
1240720,89240.424
1240728,77535.214
1240735,68337.90274747473
1240736,76177.852
1240977,91039.734
1240979,76032.76533333334
1241045,77532.17229999999
1241069,69654.95333333332
1241079,403187.6
1241087,73214.16266666669
1241091,118698.744
1241093,85190.758
1241095,232489.37314285713
1241101,119233.146
1241103,73772.546
1241115,128149.78513809523
1241117,120972.51470588235
1241128,97556.694
1241130,927854.2
1241139,189816.404
1241151,102349.292
1241289,63503.398
1241295,83741.27294444444
1241453,120716.0
1241454,98205.088
1241459,102815.4488095238
1241460,86817.458
1241478,105095.3
1241488,84764.23466666666
1241744,115852.29238388278
1241746,85380.58457142857
1241753,114114.98381269843
1241756,97733.712
1241757,106642.38295238094
1241760,82561.15377777777
1241761,92600.10499999998
1241764,93578.758
1241795,162983.9
1241796,109692.824
1241798,83123.54866666665
1241803,82692.24266666666
1241804,74883.08571428571
1241807,82857.02266666666
1241810,69991.55
1241813,82716.44266666665
1241826,110656.95866666666
1241833,118131.79233333332
1241834,98680.36
1241837,88565.5495
1241842,116630.432
1241843,130347.70106666666
1241897,109178.22333333334
1241913,81838.80616666666
1241975,91779.36
1241978,120980.53
1241980,68473.431
1241981,94774.974
1241983,67234.814
1242077,107453.20078571427
1242080,91117.73974444447
1242082,196259.9268
1242090,85112.768
1242092,84381.91142857143
1242118,140060.512
1242119,234096.06942857144
1242131,74070.84706666668
1242132,59183.2
1242135,76230.208
1242139,78746.884
70723,14204.5
71009,32490.0
71030,17303.4
71670,19618.86666666667
71671,13558.4
71694,43039.76666666666
71697,23817.0
71717,22255.9
71727,28164.774
71785,19176.0
72264,115082.6
72276,19529.7
72325,18252.038
72326,22677.4
72327,18619.086
72548,36221.57371428572
72571,26970.54942857143
72713,23020.2
696861,22546.20633333333
696875,9787.0
696882,25629.744
