id,price
264893,995617.0
264899,166711.998
264910,349924.142
264915,116411.992
264919,64772.6
264928,159066.6
264932,128554.4
264935,160322.0
264939,516280.004
264944,137785.98
264954,153745.9613333333
264955,154675.9613333333
264969,909047.862
264978,151556.4
264983,128060.384
264984,61962.166666666664
264985,102744.04
265031,195267.81
265032,154789.482
265058,247819.596
265066,252835.83
265068,118411.928
265069,827218.4553333333
265070,118452.928
265077,128264.83052380955
265090,592631.8
265094,341594.92
265101,160396.6
265102,151328.9
265105,172860.6
265106,150771.2
265108,108660.8
265115,154073.9613333333
265147,64772.6
265152,160819.0
265153,205197.664
265170,731559.376
265176,88014.976
265187,394728.898
265189,109566.512
265198,602941.65
265225,102400.746
265233,123549.36647619047
265237,344927.202
265253,250221.4
265280,284044.85
265287,220452.0
265293,120843.8
265296,171344.0
265307,263783.33
265308,239831.592
265312,235507.8
265313,141144.39
265314,248193.188
265315,200638.4
265320,182693.432
265333,244826.2
265346,182693.432
265351,237713.8
265356,123091.8
265357,121518.994
265358,115550.2
265363,321193.8
265369,106996.162
265372,211510.106
265402,242234.8
265406,188292.598
265420,305512.23
265436,190862.698
265438,213708.504
265442,150889.6
265449,168564.37
265452,212431.8
265455,141320.994
265461,530767.2
265465,140164.4
265481,138831.17
265488,232540.984
265501,125272.97397316017
265514,230173.2
265515,124481.66466666668
265516,119026.904
265517,282149.646
265526,215408.0
265533,564334.042
265539,145431.2
265543,132001.144
265544,132075.0
265556,149743.4
265559,268683.738
265561,273242.902
265584,217561.79
265586,143044.2
265587,141490.4
265588,178077.84599999996
265593,370563.408
265596,374597.132
265607,182180.2
265608,187406.654
265610,146841.34
265613,329566.34
265653,227420.4
265663,362948.466
265669,286955.968
265675,164868.274
265699,335729.934
265701,210782.8
265703,212695.012
265704,211223.012
265743,212565.012
265748,119741.6
265759,183669.08
265795,281672.098
265797,266584.006
265805,321391.766
265806,143819.57
265810,161275.389
265819,151253.98
265820,469860.986
265833,267327.508
265834,111134.04436363638
265843,613675.796
265851,584017.448
265862,647315.192
265864,883857.3946666666
265869,572116.988
265887,593745.646
265907,532220.764
265913,1210169.7813333336
265921,101880.80628282827
265923,380000.0
265925,950822.598
265957,328918.94
265958,1166216.196
265960,359578.988
265963,127988.49632234432
265969,827570.382
266004,712571.464
266028,42427.6
266029,1011883.122
266032,761566.6633333332
266034,710062.924
266055,907697.13
266075,1044400.6
266077,1044400.6
266080,328918.94
266093,1093256.1313333332
266094,806874.2626666666
266100,814436.5833333333
266116,910841.3686666667
266129,520708.402
266144,450000.0
266160,713461.532
266165,431611.93333333335
266196,262085.47
266199,335871.984
266202,291170.814
266210,304224.846
266211,751821.9333333332
266213,335338.482
266218,251938.62
266219,297340.608
266220,503288.6
266234,295448.7
266241,171773.6
266248,235159.206
266251,488934.926
266256,722088.012
266259,350000.0
266274,192189.4
266275,657297.1126666666
266276,550283.536
266279,284927.566
266280,645911.332
266281,433363.0966666666
266299,436451.188
266300,306607.888
266305,90620.7
266314,740044.932
266315,623854.998
266329,95188.79433333334
266332,161118.8
266350,160648.52
266368,214477.8
266375,289766.8
266381,260710.5
266382,178630.0
266393,115990.392
266394,248554.448
266402,131029.598
266406,195832.88
266423,253997.6
266424,101744.78
266438,246880.45
266454,183521.4
266463,126794.79
266465,142793.4
266479,199286.44
266480,251315.8
266485,197862.804
266486,166278.0
266496,269952.9
266508,575317.4
266510,155218.734
266511,240642.798
266512,191562.0
266514,206986.0
266517,329494.0
266539,163839.798
266542,305111.574
266545,115594.97973333334
266548,334902.2
266550,287268.0
266556,287967.0
266559,284849.394
266565,142564.974
266568,321563.4
266569,213617.796
266575,214368.0
266580,200389.25
266581,222661.8
266582,192484.616
266583,201461.6
266602,446486.596
266606,383301.574
266618,266104.596
266619,386383.498
266620,151030.79
266624,157733.694
266626,360497.368
266662,116333.788
266667,328843.592
266668,346332.978
266677,729357.996
266681,398194.2
266682,552204.2313333333
266690,321761.356
266694,279959.448
266695,279959.448
266698,457469.226
266699,327469.324
266727,421049.3273333334
266729,628010.424
266731,429770.6
266732,648936.0333333333
266740,834108.998
266744,424536.056
266748,397264.396
266768,206758.6
266770,701833.2
266771,637022.732
266778,448222.696
266779,553324.7333333334
266781,283906.394
266785,611096.4666666668
266809,490384.108
266819,319895.63
266821,488444.516
266824,181247.932
266830,613792.932
266831,724265.722
266845,395213.868
266846,467353.198
266847,418132.79
266851,1467512.442
266858,161755.792
266859,749895.32
266862,632588.224
266863,334447.296
266864,526945.952
266872,218959.662
266875,393225.694
266877,830481.464
266882,473526.0
266883,143078.412
266886,488044.432
266918,134689.102
266919,406392.908
266920,293927.15
266953,442369.796
266954,397037.64
266955,506699.976
266957,405739.448
266965,649694.128
266966,467871.198
266969,261915.394
266984,447123.41
266989,1449785.942
266990,320047.246
267015,248165.242
267016,248695.242
267017,248695.242
267018,103185.198
267019,318820.746
267020,314492.746
267025,505431.976
267028,780190.4
267041,320247.246
267054,248879.242
267082,168889.597
267084,358300.912
267085,340845.478
267103,273356.312
267104,109576.888
267106,193307.2
267113,179940.058
267126,138527.234
267128,130696.192
267131,201313.6
267138,117248.0
267147,158352.812
267153,189080.194
267154,128867.6
267171,145207.0
267173,124092.0
267188,129066.2
267198,145207.0
267199,145207.0
267218,241761.324
267220,216660.4
267221,155478.0466666667
267245,298215.6
267247,143704.8
267248,200554.48
267249,193366.856
267253,214906.0
267269,268727.6
267271,235992.6
267274,366742.6
267281,233843.0
267303,225335.4
267305,250005.924
267306,203303.8
267307,148266.0
267309,228244.6
267311,229784.6
267312,239783.6
267315,386271.0
267331,161904.17
267338,221413.8
267342,143400.0
267344,148449.8
267346,241776.91
267366,191974.8
267369,178879.6
267371,133336.552
267375,152799.116
267376,160892.666
267379,130271.05666666667
267381,246758.2
267382,233827.924
267407,160864.05
267422,181157.8
267424,209889.6
267428,239457.8764
267431,160805.0
267434,141754.2
267437,173025.97
267438,169943.77
267439,163060.6
267440,210323.278
267441,228070.0
267443,200450.2
267460,540319.6666666667
267463,1115106.064
267494,1056104.6666666665
267510,379583.388
267515,405340.486
267520,363494.722
267522,679851.998
267523,721929.9
267524,467380.932
267544,269699.426
267546,289144.48775238096
267551,456071.0
267553,546443.93
267563,437014.994
267584,680028.732
267585,504410.26066666667
267587,497809.5
267598,377688.6
267602,280015.498
267614,506211.732
267617,825633.794
267619,927469.6
267620,436082.664
267623,611513.976
267627,201573.97
267633,158031.2
267644,384041.996
267667,120889.6
267738,135065.1
267740,132558.6
267743,208291.4646666667
267778,164891.674
267779,191499.924
267799,179849.8
267800,194864.0
267814,1319584.0
267816,192385.979
267833,167353.6
267834,129978.2
267836,181492.11
267847,128742.916
267858,289575.098
267891,374044.724
267896,576181.614
267899,130648.198
267900,213461.25333333336
267902,562545.0
267908,759520.2
267924,317775.328
267933,137810.924
267936,600955.3333333334
267939,284926.638
267941,435000.0
267942,262779.032
267967,109177.64266666665
267970,186947.352
267980,131281.26666666666
267990,206471.0
267992,350670.124
267994,425212.798
267995,91018.0
267999,167791.254
268003,435000.0
268020,216288.82911111112
268033,306999.376
268041,152380.206
268056,136292.8
268067,245975.648
268070,117467.7204
268071,468405.552
268121,300686.46
268144,206484.648
268145,519976.832
268147,129961.288
268149,164193.152
268150,129961.288
268157,187477.0
268159,352878.442
268161,675471.954
268175,181659.2
268189,206140.4
268208,151348.1
308905,169269.6
312310,626712.24
312331,432140.2173333334
695165,501958.0
695166,229500.0
695170,292018.124
695176,303954.204
695178,301860.6
695181,337773.2093333333
695183,389915.48
695185,280057.694
695196,316875.448
695203,248470.3205
695205,209500.0
695207,176671.638
695236,352398.878
695238,204431.022
695252,202475.54
695257,533003.176
713635,333457.6
714108,175395.8
714284,217238.106
714645,496128.0
714753,542729.8
714863,860645.996
714924,499785.4
715132,185121.888
715405,222632.06
715433,598131.846
715694,358500.0
715746,162235.0
715898,230860.68
715902,249263.2
715996,570462.3333333333
716065,311099.97
716097,968183.986
716329,197302.18
716360,366519.798
716377,421952.2
716484,264170.78
716541,320106.4
716634,324932.0
716888,578149.78
717017,397177.786
717109,227660.0
717307,412363.654
717459,309482.0
717524,312808.0
717568,191655.6
717688,264228.93
717690,740121.3766666666
717797,321573.36
717829,270106.6
717945,772831.984
717983,602873.78
718276,739417.8
718584,414144.592
718617,212968.188
718717,286294.0
718867,427373.0
718943,498932.0
718997,401785.0666666667
719116,175126.0
719132,431975.2
719287,271985.2
719579,542400.798
719846,241085.4
719893,269865.99
720041,363224.2
720088,318465.188
720180,254144.996
720249,146648.2
720261,361878.0
720293,366898.0
720364,239107.54
720455,384353.986
720564,216467.03
720679,262903.78
720725,154810.44466666668
720817,282862.7
720854,374441.32
720920,158563.736
721130,248556.56
721266,220439.0
721531,183320.94
721844,160798.358
721882,456656.796
722050,165095.39
722151,174484.0
722225,1089725.8
722264,284494.0
722516,484954.196
722520,195581.598
722594,323959.2
722649,109356.36
722769,153097.6
724397,277345.118
724457,252490.7
724486,315840.0
724488,692131.2
724574,436947.2
724620,567774.2
724674,284199.0
724767,745185.448
724786,447722.4
724908,488398.2
725124,244044.6
725211,309765.3
725280,241680.196
725364,366317.348
725393,312237.32
725425,273406.716
725455,301922.582
725547,379760.8
725814,258716.46666666665
725829,223498.4
725999,762565.2
726088,282632.798
726214,304702.0
726348,253727.58
726542,335873.438
726620,257241.032
726910,319826.178
727068,480208.6
727229,136353.598
727458,390246.86047619046
727699,391615.87
728077,119557.196
728089,411756.198
728272,293753.778
728553,559321.4
728592,150335.206
728640,307545.776
728663,225134.326
729105,209891.8
729267,188123.596
729622,249698.36
730128,157241.998
730298,152011.788
730619,164876.0
730712,348077.43
731061,185607.6995
731131,213645.198
731142,524180.98
731240,212643.52733333333
731527,156760.998
731655,280175.38
731841,310490.0
731925,168295.8
732382,210107.34
732568,234549.846
732810,314037.188
732969,203795.598
733029,365171.33
733077,836886.0333333333
733091,534971.2
733208,178327.2
733226,212725.4
733230,152483.31
733238,276143.398
733347,418377.44
733542,292364.786
734153,135915.874
734154,253994.6
734176,562351.994
734212,345877.15
734217,387239.542
734258,380136.4
734334,414918.368
734397,295851.8
734666,164378.98
734674,269260.476
734675,298489.66
734724,767380.594
734919,309569.788
735058,406895.958
735319,387781.446
735691,353550.196
735730,632054.0
735875,250067.2
736019,197350.2906666667
736274,178343.36
736752,303446.4
736842,162403.798
736845,810018.0
736880,362349.594
737208,280895.4
737501,360000.0
737652,412042.662
737722,870722.0
738039,357789.234
738057,332278.998
738082,402878.366
738665,277450.714
738841,294826.0
739007,178602.0
739075,194792.461
739255,495985.596
739492,277996.98
740378,620933.2
740535,100974.74
741340,368687.2
741408,175490.998
741684,219785.12
742269,347329.8
742430,350848.8
742608,659702.98
742744,278272.4
742791,246174.248
742826,239268.2
742881,204829.91866666666
742899,202788.6
743231,313708.398
743527,537570.6
743534,283547.31
743562,168613.0
743664,350848.8
743926,563291.6
744027,343921.598
744337,333262.4
744508,208932.2
744690,180966.29
745006,262494.314
745047,189840.88
745193,342031.0
745245,182215.992
745515,237816.6
746017,560094.8
746053,145332.4246666667
746265,799327.0
746355,747340.0
746375,165772.4
746382,295781.9
746483,163411.998
746772,147857.797
746949,224280.7
746954,214055.0
746984,145573.2
748310,342273.898
748476,293548.764
748712,324268.978
748736,171603.598
748773,184832.798
748803,402694.0
749336,201141.72966666668
749657,194094.4
749755,366139.598
749845,137887.64533333332
750054,410934.2
750136,232481.45
750580,270623.798
750771,506435.55
751301,183596.4
751365,378611.2
751450,603505.78
751496,907447.25
751560,783206.4
751799,360750.208
751846,127111.33066666666
751847,182332.798
751897,342068.848
751958,249360.194
751960,266781.5
752204,164781.0
752309,666838.9
752365,174828.6
752608,250303.4
752648,191604.16
752691,318902.8
752814,203718.4
752877,215243.596
753069,227854.796
753118,152189.998
753224,449758.2
753227,236563.956
753248,147294.77
753391,302893.4
753482,191677.4
753516,398775.31
753532,301817.84
753563,127414.394
753651,969906.0
753842,184333.8
754089,240185.8
754090,233292.0
754125,328535.57
754506,296885.94
754620,165984.2
754630,319784.1
754802,203048.58
754861,242397.2
754927,262038.16
754936,631930.8
755034,195847.0
755072,159640.956
755075,144956.2
755879,207437.4
756141,334122.0
757137,506067.8
757268,299393.14
757525,290899.796
757552,227007.72
757671,205390.238
757699,160248.996
757723,294496.68
757778,243192.14
757807,350661.6
757810,407189.574
758073,219886.4
758157,149020.71
758385,555740.9406666666
758409,143787.4
758503,187580.8
758531,174583.51346666666
758589,173879.01
758722,118257.994
758785,304004.284
758793,223205.04
758855,337577.952
758943,306063.994
758961,266329.588
759020,238708.8
759066,210678.8
759073,214040.4
759076,328488.6666666666
759330,231890.6
760184,238955.198
760381,526678.8
760382,524528.8
760545,510605.4
760920,236854.6
767749,218932.2
767766,266396.4
767960,313203.2
768051,226654.0
771578,212100.4
771667,453437.188
771785,147309.592
771860,158810.41453333336
772094,172898.4
772238,199644.454
772563,328339.9
772956,221872.98
773061,254395.592
773111,249569.342
773288,195616.794
773498,611447.596
773599,315084.0
773705,200615.24
773905,96312.396
773965,410272.398
773973,172783.984
774075,329884.74
774236,121174.978
774296,398882.056
774423,242283.6
774558,392464.6
774559,446241.398
774858,186263.4
774859,207703.7176666667
774860,201812.8
774861,253268.74
774863,223904.6
774864,208282.968
774865,329854.772
774866,219034.392
774870,305068.6
774874,157251.994
774908,397646.0
774914,253320.274
775168,298023.72
775205,258498.59
775210,446605.186
775320,384061.494
775438,224345.594
775442,216624.198
775443,208654.6
775444,192148.6
775445,219269.596
775447,214284.98
775448,179117.78
775554,266137.658
775555,150981.3533333333
775586,294451.9
775612,306868.0
775729,142716.588
775785,152727.17
775911,210375.2
776126,155980.0
776220,537775.842
776281,279819.6
776537,571269.3213333333
776718,216819.6
776786,219006.798
777092,479461.792
777265,182272.0
777365,454380.588
777442,206560.74
777610,598502.994
777612,175000.0
777763,246360.774
777818,349011.6
778020,228564.798
792324,495506.6
792630,173651.296
792713,112429.618
792725,256861.118
792887,284088.0
792939,606791.6
793005,231061.0786666667
793008,307483.78
793066,235129.28
793127,312225.588
793161,177150.4
793409,216734.4
793475,269798.14
793537,446708.6
793642,216939.0
793661,249987.04
793768,311205.64
793977,852649.196
793978,247692.3
794009,530317.6
794521,169683.066
794522,205976.196
794646,185198.652
794657,235727.526
794681,335794.87
794957,309298.394
795043,164719.838
795214,162894.6
795458,185474.99
795504,362027.2
795614,207633.8
795689,315268.482
795690,350307.898
795749,366178.80400000006
795780,314521.5806666666
796046,455694.6
796093,150609.596
796230,390483.998
796239,438603.544
796407,736387.0
796414,300676.5
796526,235505.194
796611,227517.6
796612,223157.0
796693,171794.6
796941,265561.084
797000,330802.064
797301,340748.398
797320,308293.598
797501,269615.74
797556,348064.8
797602,229480.6
797607,229480.6
797650,228457.4
797759,688306.398
797840,297044.0
797920,150806.4
797955,132078.36
797986,169420.396
798122,407815.598
798154,533867.66
799016,200723.888
799634,249553.0
799788,551494.4066666667
800114,246424.2
800138,347536.4
800424,114117.366
800449,675435.994
800510,537327.658
800532,253432.94
800541,266329.992
800609,294138.0
800668,245000.0
800744,401953.85
800866,305615.658
800903,484750.4
800916,360003.798
801752,284480.39999999997
801804,215723.198
801847,622335.8
801858,194566.0
802128,498304.0
802258,198617.4
802295,254041.08
802341,284017.4
802386,859413.598
802424,187651.4
802445,178928.2
802668,265314.2
802700,196070.78
802704,292138.0
802728,415736.8
802910,201971.399
803292,406797.56
803311,96635.196
803329,195758.23
803374,280734.4
803536,468058.78
803639,451428.86
804024,252357.46
804212,652500.8
804231,257546.02
804291,643761.8206666666
804531,134884.276
804598,229480.6
804627,155876.2
804631,164998.16069999998
804637,423518.6
804655,191006.0
804744,230545.54559999998
804766,179625.998
804807,130000.0
805014,642831.6253333333
805098,689937.4
805194,419932.0991428571
805373,555414.4
805394,266529.2
805486,192309.998
805500,406407.0
805630,179505.24
805757,257498.6
806068,518895.96
806144,145035.8
806361,199405.892
806422,337117.12
806448,291654.568
806622,229428.96
806748,179532.0
806977,451530.064
806994,461214.8
807158,99727.74133333332
807182,210600.784
807185,229026.99
807247,94516.848
807280,344867.08
807366,198836.382
807797,214368.97
808029,301568.798
808116,356599.082
808193,673040.998
808317,264781.8
808398,197427.396
808402,305794.8
808665,230000.0
808694,143750.014
809040,280231.73
809598,297812.988
809658,178669.0
810178,138253.2
810217,332322.786
810247,184180.196
810250,163728.886
810315,351979.0
810593,645351.58
810694,197575.366
810750,176541.6
810752,441302.54
810823,551342.6
811013,796877.998
811014,910691.922
811029,829564.0
811033,333163.8
811079,184389.8
811149,546754.596
811154,166983.396
811318,271655.4
811572,484910.6
811752,209703.0
811825,170250.78
811863,593662.864
811890,199158.22
812013,172112.2
812020,205477.02
812190,196238.6
812277,299000.0
812281,386662.184
812496,552565.84
813366,222310.626
813513,212675.2
813541,174983.98
813723,715372.0
813854,371750.844
813900,964729.998
813905,485281.2
813991,203300.996
814439,122628.972
814562,757131.8
814741,203953.87
814748,170677.958
814792,202092.6
814808,160481.82
814955,340478.828
815240,350639.2
815395,591275.2
815501,169837.8
815512,224985.918
815573,448416.5333333334
815588,214777.294
815670,476284.82
815688,314254.6
815690,276235.0
815696,521305.8
815763,233277.768
815988,315545.598
816064,334176.506
816242,488911.328
816290,397290.0
816334,439460.388
816744,261127.0
816890,199509.8
816995,136959.3
816999,268029.2
817070,264085.0
817184,1001253.598
817220,252418.798
817222,222895.284
817335,343853.672
817398,151134.754
817401,661144.7333333334
817469,741991.8
817478,887518.1333333333
817485,465309.76
849254,464899.574
849335,419858.0
849583,379459.376
849628,295623.998
849715,708525.998
849938,542651.0
850070,286675.64
850071,256954.932
850074,633085.92
850143,147911.708
850650,468388.594
850688,205949.086
850706,181246.0
851200,223822.394
851362,542082.0
851404,703694.6
851791,298278.32
851810,207953.96646428574
851844,295037.68
851885,404597.4
851929,404597.4
852009,203681.2
852060,660278.0
852108,473873.2
852166,177221.978
852210,727507.996
852356,191764.0
852727,397584.9553333333
852786,173275.8
852794,169931.8
852798,334804.178
852811,220254.8
852983,238207.776
853152,298978.372952381
853212,332891.398
853308,251562.38
853360,302536.798
853400,325607.2
853448,185475.2
853547,701346.8
853738,272897.2
853999,158402.4
854058,174464.37
854206,493390.0
854316,493098.398
854372,763200.0
854548,308143.18
854627,434157.8
854717,628441.8
854804,491298.4
854850,281027.36
855254,517865.6
855290,268598.0
855591,498152.93
855835,506777.8
856006,444192.8
856174,179796.036
856192,261384.338
856247,370378.992
856511,735330.0
856637,305593.36
856638,238782.8
856646,245651.6
856699,545709.58
856869,333423.999
856903,442567.6
857014,467112.0
857021,284569.578
857337,118483.688
857466,308534.038
857561,413842.196
857715,330826.528
857930,701654.0
857933,694552.0
857984,124902.89
858020,148946.6
858115,212651.8
858187,417492.306
858284,292031.194
858313,177905.2
858343,185046.914
858367,418240.92
858368,212708.986
858391,402047.55
858467,175615.2
858620,291836.2
858789,453664.2
858910,252257.848
858923,527749.4
858925,169187.8
859089,191172.57
859208,417056.24
859213,265124.0
859448,384855.478
859735,344342.794
859737,201648.986
859952,274066.018
860006,274066.018
860132,175425.2
860301,133081.198
860323,157616.0
860335,218322.178
860364,130805.698
860502,520424.244
860548,704574.398
860582,430947.924
860748,454496.532
860775,468973.396
860948,388093.92
861031,621225.2
861333,162263.8
861384,248034.994
861474,294814.596
861714,283392.528
861731,309825.94
861732,104041.952
861737,204870.2584
861820,334271.648
861885,463532.0
862030,318505.62
862188,204751.34
862261,178995.798
862281,214897.8
862618,188170.39
862788,518716.2
862799,261871.788
862968,211136.4
862970,197076.2
862972,337366.198
863013,170021.963
863030,442988.4
863134,533673.0
863308,230096.998
863598,489139.6
863775,211689.8
863870,622923.6
863876,241063.2
863878,246148.6
863962,571685.976
864003,639508.0
864031,424205.792
864076,370680.728
864259,264537.4
864264,273257.0
864392,484050.8
864413,491175.456
864696,277131.55
864957,482162.38
864967,223953.196
865059,319932.0
865088,158343.588
865172,202761.6
865294,214476.894
865295,213508.45
865397,386019.78
865837,175478.8
865915,794164.0
865988,234505.2
866170,185828.55
866219,171471.396
866221,107771.076
866233,337593.366
866670,143105.198
866690,494537.776
866710,129900.0
866832,249606.6
866953,437072.0
867179,176269.8
867437,306647.4
867463,357968.98133333336
867734,276807.196
867910,202689.796
868080,218148.798
868188,187970.568
868288,973567.2
868374,314072.318
868833,262048.08
869107,168701.329
869128,161703.752
869129,177319.062
869138,299643.792
869231,352522.738
869299,664948.0
869366,343682.916
869499,215810.4
869632,243424.6
869658,159414.8
869693,394331.46266666666
870083,276830.8
870420,334748.8
870666,147466.4
870737,342037.0
870738,246289.438
870742,277455.578
870773,164757.024
870921,288995.38
871140,284281.8
871143,264537.4
871239,324870.64
871264,136076.594
871783,468418.0
871887,351698.386
872186,150152.0
872351,368716.8
872453,592265.98
872615,350000.0
873114,245743.66
873126,240146.996
873173,274602.58966666664
873306,166848.546
874035,366943.98
874087,236634.6
874106,931523.996
874111,131932.0
874132,269425.2
874172,131932.0
874299,305016.4
874301,137170.784
874678,330164.398
875005,292522.8
875040,219508.2
875084,265259.0
875343,270357.16
875373,639032.98
875694,441343.0
875715,348655.2
875883,350000.0
875956,563517.0
876188,200000.0
876243,212752.6
876248,201267.284
876298,1095079.8
876348,256439.106
876525,457687.6
876573,239597.0
876658,182048.394
876802,132356.4
877045,240943.358
877057,201931.492
877061,191948.2
877082,269550.84
877159,698932.0
877356,252312.4
877405,297717.99
877586,271810.18
877678,201376.79
877695,820916.8
877858,134907.582
877986,409705.86
877992,463982.798
877993,445287.8
877999,174630.6
878136,237250.62
878160,312477.768
878162,260877.086
878163,163745.96
878164,394335.798
878185,265739.786
878259,124520.36
878329,248828.2
878421,721281.8
878447,270255.964
878983,271325.16495238093
879011,420565.474
879025,304981.378
879202,560887.774
879262,338572.994
879410,184855.8
879445,191073.844
879490,459761.588
879704,253782.196
879837,140303.596
879874,275663.8
879899,253874.6
879907,263788.0
880010,206282.534
880022,476417.794
880054,161050.016
880204,395374.994
880277,195367.8
880443,225912.36
880473,219295.4
880481,582744.0
880488,582744.0
880535,522802.0
880552,473320.396
880554,473320.396
880659,229135.2
880698,343921.798
880710,375399.998
880760,232153.0
880910,593935.0
881195,276205.73
881204,477183.4
881269,182281.6
881271,306323.6
881536,299922.976
881648,226210.65
881673,507621.1866666667
881944,405559.784
882063,588125.4
882221,227327.38
882324,233417.2
882337,488662.0
882438,255669.8
882778,198434.4
882904,229151.378
882962,308261.758
883438,153250.068
883576,231431.564
883600,224676.98
883704,156946.2
883831,265533.8
884093,239639.248
884099,195858.94
884231,174066.92
884499,435898.648
884561,570997.594
884563,570997.594
884654,136781.354
917473,227356.396
917675,385346.962
917724,946326.0
918021,543060.0
918033,307275.2
918035,356126.574
918495,480819.50333333336
918508,786898.0
918559,175234.998
918632,491678.2
918906,435342.98
918909,236703.6
918921,423861.318
919282,794649.5106666667
919294,614511.3106666666
919346,364289.0
919348,650480.1313333333
919349,481986.998
919389,516558.0
919475,221403.2
919477,263987.178
919478,155895.888
919577,335131.382
919708,351748.376
919726,139684.4
919736,332923.94
919757,201486.98
919778,345981.36
919891,167954.684
919997,266620.76
920012,384553.4
920013,193534.0
920137,456763.33
920258,546195.98
920314,407599.24
920322,496060.932
922004,270174.8
922014,136242.2
922214,194026.596
922244,304625.618
1024686,363910.732
1024698,474220.594
1024801,180000.0
1025018,293028.4
1025058,228090.0
1025061,231907.58
1025080,229875.792
1025173,148732.2
1025211,253682.158
1025298,323947.978
1025315,232749.668
1025346,197470.12666666668
1025350,467373.6
1026050,418581.2281587302
1026150,360969.954
1026439,130099.718
1026667,192546.5
1026670,325025.99
1026853,221796.6
1026857,442109.864
1027120,277417.118
1027152,176643.796
1027154,866495.988
1027285,306587.8
1027287,250389.58
1027289,228420.6
1027304,313104.8
1027312,260000.0
1027564,236184.792
1027908,230995.586
1028089,175099.834
1028529,294352.87
1028591,126094.2
1028658,190515.796
1028708,339764.8
1028749,439463.794
1028829,490739.596
1028874,315268.482
1029454,426793.6
1029472,857065.6
1029518,187166.75
1029744,222365.2
1029859,160894.5738888889
1030059,398434.54
1030097,217481.418
1030101,156075.332
1030123,482960.0
1030203,332936.0
1030283,156615.392
1030444,642859.996
1030455,298784.0
1030459,157322.818
1030503,301552.778
1030736,132676.574
1030804,253950.2
1030937,500513.39
1031066,314545.754
1031181,234307.0
1031311,315795.0
1031478,202301.4
1031619,94416.59
1031690,446466.8
1031854,239029.8
1031858,410367.77
1031906,282635.396
1031920,179854.0
1031942,153142.6
1032259,334355.98
1032333,103876.434
1032385,199695.3
1032393,364287.38
1032599,165298.78
1032620,333543.2
1032637,307365.916
1032669,169155.504
1032731,360573.6
1032777,253193.768
1032887,158795.818
1032923,292349.38
1032932,669897.8
1033063,229804.4
1033091,229564.0
1033395,214067.392
1033445,149025.2
1033457,466455.92
1033533,185505.534
1033712,448892.00000000006
1033894,219393.398
1033932,206195.6
1033937,565412.0
1033988,540725.784
1033989,541103.784
1034003,239323.7
1034012,139921.38
1034047,557934.0
1034062,105435.332
1034064,151478.586
1034065,179060.78
1034066,163951.8
1034068,257874.0
1034078,410568.13
1034088,235528.8
1034300,523742.8
1034363,228216.392
1034496,165909.4
1034605,308235.8
1034670,291414.8
1034716,348673.998
1034718,276789.104
1034778,807817.8633333333
1034779,625684.2293333332
1034803,243153.8
1034837,196892.4
1034944,283181.398
1035106,219089.8
1035111,262687.978
1035166,460295.66
1035490,433149.8
1035494,169298.4
1035524,221065.0
1035548,164408.084
1035564,210494.0
1035605,435101.7670476191
1035785,247083.594
1035893,444664.364
1036037,400451.0
1036072,478300.194
1036103,437607.37
1036226,475859.8
1037508,329265.738
1037509,128271.598
1037613,719743.98
1037615,503345.992
1037616,1128219.996
1037617,683269.788
1037619,623689.19
1037699,235548.0
1037850,900000.0
1037908,320315.99
1038175,390433.0
1038180,235711.0
1038183,800833.4
1038322,584015.9846666667
1038432,280913.6
1038447,149289.532
1038448,237312.912
1038494,230764.664
1038509,274768.54
1038512,220663.8
1038516,218315.16
1038517,210188.36
1038532,242338.0
1038541,314246.768
1038551,247747.8
1038600,162876.798
1038788,225307.6
1038956,431417.598
1038957,206505.996
1039041,145694.6
1039176,340162.13
1039208,138130.2
1039427,205052.8
1039430,317492.0
1039434,129179.0
1039449,214107.2
1039523,306745.8
1039795,290365.73
1039810,691940.932
1039879,385644.6
1040038,403209.858
1040077,814981.4
1040154,166001.0
1040155,184905.598
1040245,103613.38
1040616,170589.396
1040659,379512.0
1040829,161067.0
1040841,394634.8
1041077,236619.232
1041312,219803.798
1041324,88141.8
1041354,131234.322
1041377,78206.8
1041469,180112.598
1041480,264420.18
1041501,381155.97
1041515,315401.52
1041815,160152.548
1041945,475333.796
1041997,236666.704
1042010,475681.806
1042250,224820.4
1042254,278580.334
1042365,253364.2
1042421,337095.742
1042710,137046.76428571428
1043106,252397.06
1043116,319555.83
1043117,198778.94
1043349,175249.69866666666
1043369,316538.0
1043413,124364.2
1043475,259085.0
1043480,179291.192
1043482,361206.998
1043492,192961.794
1043501,203981.0
1043542,307250.398
1043603,212574.586
1043620,678526.0
1043688,260197.83333333334
1043779,303810.2
1043799,325351.4
1043891,402451.388
1043892,378501.0
1043945,958965.972
1044186,175528.8
1044193,211827.8
1044204,305611.394
1044205,305611.394
1044215,546549.6
1044236,645100.2
1044277,483096.8
1044296,591587.9904761905
1044297,997279.998
1044356,270288.78
1044456,183787.60752857142
1044496,528989.454
1044569,269411.2
1044700,232011.706
1044742,225414.0
1044802,277206.318
1044803,259293.4
1044813,356152.87
1044832,177887.15
1044867,270812.3
1045016,284997.0
1045148,173363.2
1045209,276292.6
1045223,513797.4
1045320,239000.0
1045323,303673.99
1045414,209097.942
1045572,605672.0
1045573,495910.0
1045595,594195.0
1045679,213345.7
1045724,532878.862
1045725,532878.862
1045730,380927.176
1045799,294300.8
1045886,389941.336
1045930,946326.0
1045955,165724.198
1045981,333850.198
1046127,197550.6
1046209,214008.38
1046212,515331.998
1046225,188408.0
1046231,299268.284
1046257,383346.29
1046283,137557.794
1046328,201755.4
1046331,156015.312
1046356,173147.55
1046430,100655.194
1046462,232419.0
1046488,223122.414
1046498,268085.23
1046576,158911.8
1046593,569727.4486666666
1046597,246388.46533333336
1046633,322329.52
1046719,475859.8
1046832,150580.8
1046844,702206.4
1046861,178282.954
1046862,178282.954
1046875,226409.25
1046947,403479.396
1046952,345423.14
1046992,191802.92
1047083,167976.998
1047115,237098.676
1047118,495343.6
1047172,315617.92
1047190,244183.36
1047193,207620.718
1047257,186346.2
1047273,211146.2
1047480,297988.172
1047498,227474.98
1047543,782244.0
1047617,190201.398
1047712,196274.8
1047901,255000.0
1047986,286652.656
1048124,139409.38
1048181,206877.77142857143
1048203,270371.3
1048241,166792.1515
1048292,362465.592
1048310,231311.156
1048513,276900.158
1048631,142916.392
1049174,143644.112
1049242,857109.6
1049249,743217.4
1049252,193994.59
1049305,163298.28
1049306,166806.2144
1049317,225903.592
1049322,578471.998
1049326,189345.932
1049334,521179.596
1049336,316873.178
1049377,181669.8
1049418,224358.798
1049447,171414.33
1049476,378956.0
1049480,420529.2
1049490,390360.66466666665
1049498,178366.2
1049499,280208.96
1049504,368002.194
1049505,181539.2
1049521,157721.898
1049551,421684.59
1049557,227308.6
1049586,311474.528
1049673,265079.06
1049674,489343.7333333334
1049684,432667.696
1049721,388399.14800000004
1049728,193781.95965
1049744,122224.198
1049769,350362.0
1049783,235104.192
1049881,372516.0
1049888,364486.82
1049902,714962.8
1049929,213605.4
1050083,420633.6
1050117,471796.994
1050132,433526.596
1050134,482010.0
1050140,311288.84
1050208,180156.21
1050240,240733.38
1050279,488784.864
1050338,152418.26
1050362,224048.4
1050433,537131.796
1050457,548471.6
1050501,583352.11
1050574,224221.8
1050594,471044.712
1050656,217823.99
1050862,372261.994
1050863,352255.372
1050909,380677.996
1050939,438542.8
1050946,206366.6
1050995,337964.52
1051015,130707.0
1051038,159387.59333333335
1051097,363763.954
1051130,277899.4
1051148,663655.116
1051151,609900.384
1051239,355545.4
1051244,465982.292
1051288,231144.38
1051313,228414.38
1051314,228828.78
1051354,206297.46533333336
1051440,147684.0
1051504,162033.0
1051585,143671.198
1051651,316034.574
1051887,225433.996
1051929,750800.98
1052048,241238.4
1052213,503312.0
1052363,159705.6
1052422,590207.74
1052438,326737.182
1052484,207643.57
1052505,441058.0
1052581,258782.36
1052622,162688.6
1052708,208900.6
1052827,422368.8
1052838,139049.4
1052871,740263.4173333333
1052891,186385.6
1053088,171234.8
1053226,581335.998
1053352,540725.784
1053730,530755.2
1053935,184617.69
1054083,541103.784
1054093,249457.33757142856
1054179,195807.8
1054262,153853.4
1054334,294999.998
1054358,141557.998
1054564,348438.4
1054624,300996.6
1054633,324643.8
1054796,290456.4
1054801,204489.96
1054937,663067.994
1054961,188952.592
1055035,205869.798
1055041,394673.6
1055092,315144.8
1055135,85815.326
1055232,600106.38
1055233,128740.0
1055361,533087.26
1055407,224058.0
1055408,256483.6
1055462,1015844.606
1055471,349293.8
1055681,251497.99
1055727,496479.05
1055783,735715.996
1055884,404746.58666666667
1055885,404746.58666666667
1055936,131168.6
1055950,324353.386
1055976,256466.0
1056019,371668.4619047619
1056287,219553.0
1056414,85154.694
1056599,491981.864
1056744,321213.394
1056825,197700.8
1056826,512118.0
1056908,356592.398
1056914,194588.1
1056944,432053.762
1057065,199590.056
1057090,332450.202
1057091,315144.8
1057148,225000.0
1057149,225000.0
1057150,225000.0
1057151,225000.0
1057152,225000.0
1057153,225000.0
1057234,313312.484
1057297,241525.3
1057375,209843.398
1057507,190063.774
1057887,343171.6
1057947,320628.728
1057950,166052.548
1057955,266899.732
1057965,279849.232
1058044,262764.154
1058078,263866.8
1058101,249426.194
1058176,454934.264
1058333,193527.0
1058334,233321.0
1058599,504213.0
1058796,305648.936
1058801,228442.0
1058802,522761.756
1058822,170763.474
1058928,169222.656
1058931,580608.0
1059002,212753.26
1059048,658234.0
1059114,951116.0
1059119,185783.2
1059129,287041.6
1059188,292832.98
1059376,199692.319
1059388,648882.6
1059539,312606.6742
1059545,206339.8
1059547,154462.356
1059555,248677.0
1059586,304739.6
1059624,166686.05
1059665,240805.2
1059675,191847.178
1059677,206339.8
1059748,180779.798
1059846,687234.398
1059865,207923.13
1059892,190539.454
1059967,337793.07666666666
1059984,310691.994
1059989,277150.58
1060018,181161.8
1060098,185576.2
1060175,362404.0
1060194,191671.9866666667
1060278,697627.2
1060355,471347.0
1060363,503403.0
1060389,356039.69
1060551,257090.0
1060564,257025.49
1060584,227301.36
1060585,254988.41
1060754,268498.72
1060785,342933.094
1060795,394660.0
1060797,487173.4
1060800,220000.0
1060854,339274.8
1060907,159696.0
1060916,246227.608
1060943,149184.7
1060944,271985.2
1061025,355588.794
1061064,122981.8
1061103,657585.8
1061329,582112.6
1061352,400000.0
1061419,145258.998
1061472,276235.0
1061474,476284.82
1061489,314254.6
1061521,150344.94666666668
1061613,185287.6
1061628,159807.4
1061716,436445.8
1061773,648589.3
1061906,230309.6
1061981,266152.922
1062059,253279.158
1062062,389267.694
1062154,216481.59
1062179,152524.78
1062215,159807.4
1062231,163132.0
1062234,363661.0
1062235,363661.0
1062237,120364.0
1150057,224682.396
1150061,325421.8
1150062,171258.2
1150302,312534.916
1150304,342338.36
1150307,263178.6
1150308,207867.6
1150312,205080.96
1150313,264940.1539
1150315,388454.368
1150318,303208.73
1150709,502061.0
1150711,694952.8
1150714,425246.2
1150716,612575.968
1150721,454202.152
1150722,436804.91
1150723,622983.4
1150727,443357.6
1150729,751303.794
1150732,705801.934
1150733,479063.6
1150739,849692.0
1150741,739794.1644444445
1150744,771236.0
1150751,660443.8
1158788,365896.1333333333
1158790,516908.4
1158794,87307.87
1158798,514774.6
1158802,400000.0
1158803,400000.0
1158804,400000.0
1158972,210158.8
1158973,231905.4
1158979,352627.97
1158980,165157.8
1158982,210894.398
1159208,859983.972
1159224,319307.674
1159254,322416.88
1159717,172281.19253333335
1159725,207241.398
1159755,334392.8
1159756,363627.354
1159757,185317.0
1159758,205251.0
1159760,160528.944
1159762,139313.6086666667
1159764,146583.4
1160340,185303.998
1160342,221893.34
1160347,553353.392
1160348,164972.2
1160352,436709.4
1160353,313152.0
1160357,336584.31
1160368,900000.0
1160370,418772.5713333333
1160372,465816.9359999999
1160628,264031.808
1160633,335098.0
1160635,385835.4
1160642,678863.0666666667
1160644,205842.8
1160646,283045.598
1160651,121510.19
1160652,179571.508
1160659,362628.32
1160663,330748.158
1160877,553261.0
1160879,462882.06
1160881,365095.998
1160884,653011.998
1160887,317663.252
1160891,872333.694
1160892,428360.088
1160893,559312.8
1160897,1024046.4
1160900,829564.0
1160901,647423.6
1160903,769175.762
1160909,1532671.796
1160910,615179.992
1160913,692074.93
1160916,947372.6
1162333,240166.4
1162334,297045.82
1162374,559768.8
1162376,500869.998
1162380,444559.988
1162381,399435.99
1162382,152199.583
1162385,671027.178
1162386,512571.998
1162638,420928.0
1162639,356523.4
1162640,371862.382
1162641,427174.0
1162643,362496.2
1162707,436065.38
1162708,264531.366
1162764,350000.0
1162899,231813.194
1162918,309112.0
1162924,191105.4
1162925,302704.0
1162926,210997.4
1162927,227380.798
1163023,479899.6
1163027,222554.4
1163028,360138.798
1163039,214590.396
1163040,325585.4
1163042,342759.998
1163043,343997.0
1163044,296889.98
1163047,197830.146
1163050,292617.488
1163083,361803.806
1163086,480192.662
1163089,304348.782
1163090,652429.0626666666
1163091,309619.172
1163092,239000.0
1163093,420814.532
1163095,574631.998
1163096,201433.6213333333
1163264,308694.398
1163271,303192.0
1164020,266951.8
1164022,240000.0
1164028,218265.36
1164565,219954.6
1164567,364246.8
1164571,323725.946
1164576,325908.146
1164578,360727.8
1164580,274126.6
1164581,254924.79
1164582,395371.3
1164583,197511.494
1164617,582537.58
1164618,484194.7893333334
1164622,213326.59
1164625,459528.742
1164627,655057.74
1164629,592627.8
1164911,637327.6
1164914,283468.0
1164916,289163.66
1164936,194298.6
1164938,276198.978
1164940,218155.388
1167361,565894.0226666667
1167364,246652.6006666667
1167369,462115.0613333334
1167373,326028.8
1167374,414535.2
1167375,204241.8
1167383,670000.0
1167385,431438.1866666667
1167387,239000.0
1167388,301073.82
1167392,161111.62863333334
1167397,212690.976
1167398,149265.776
1167399,209624.2
1167401,260967.336
1167402,329420.386
1167403,183245.568
1167404,206171.4
1167405,247691.796
1167406,243580.44
1167407,224594.76
1167409,339487.6
1167410,226965.15
1167411,197610.18
1167412,177625.998
1167413,207083.2
1167414,209024.222
1167426,225212.4
1167429,225813.0
1167430,280885.7
1167431,212133.2
1167437,238402.004
1167439,452258.784
1171188,208325.8
1171191,165043.0
1171194,235185.998
1171195,265815.98
1171196,191060.4
1171200,231016.196
1171201,229311.0
1171203,164206.8
1171204,241075.84
1171205,219980.398
1171362,1043101.2
1171367,722442.2
1172945,194572.0
1172952,222563.18
1173341,396085.952
1173343,340471.2
1173347,291753.158
1173351,310864.766
1173353,313880.478
1173355,432909.596
1173356,260570.846
1173358,376362.388
1173362,286289.59
1173364,361542.748
1174252,654481.0
1174253,773329.996
1174258,631672.396
1174265,377159.39
1174280,867205.6
1174393,140720.398
1174395,226587.598
1174396,202525.4
1174397,188936.98
1174398,229257.198
1174400,384835.766
1174404,226158.8
1174405,177762.98
1174407,185156.96
1174456,158976.6
1174460,153152.376
1174462,209838.8
1174465,265541.39
1174466,221002.6
1174468,213338.188
1174469,246040.2
1174471,198674.38
1174472,248044.0
1174473,272827.0
1174475,209426.6
1174491,112615.624
1174496,234700.0
1174501,155197.84
1174592,180260.394
1174593,262385.77
1174595,175398.16
1174596,200555.92
1174598,191814.4
1174599,330312.198
1174602,346134.398
1174607,130744.984
1174608,149161.4
1174732,199595.584
1174738,190815.018
1174742,221269.52466666666
1174743,191172.0
1174748,203631.594
1175538,108282.178
1175539,178963.976
1175543,188703.99
1175547,151180.2
1175548,152231.78
1175550,120555.0
1176289,644653.8
1176758,673794.0
1176759,430585.76
1176764,460588.0
1176772,369726.0
1177110,186527.398
1177116,148526.662
1177118,207797.4
1177121,250175.0
1177122,280161.458
1177125,160417.2
1177822,89084.8
1178019,246359.8
1178024,504569.2
1179391,763760.0
1179392,795915.65
1179393,798457.8133333332
1179512,305471.57
1179513,177566.8
1179516,144718.786
1179517,126495.2
1179518,186166.41
1179526,257176.01428571428
1179527,244122.88
1179540,277533.8
1179542,222270.4
1179543,319458.06
1179546,288537.398
1179548,242605.4
1179552,221937.758
1179554,168157.098
1179555,246643.194
1179557,333933.76
1179944,460339.7681587302
1179948,396795.19
1179949,386135.4646666667
1179952,464459.494
1179953,564027.8144444444
1179955,433421.664
1180044,499360.716
1180046,136026.078
1180047,219461.12
1180048,194252.626
1180049,399797.6
1180050,303317.778
1180051,408703.8
1180053,439047.6
1180054,230641.262
1180056,318823.1213333334
1180060,339269.2
1180070,745489.598
1180073,593407.6
1180078,307050.2
1180080,699833.596
1180241,161341.794
1180242,388997.302
1180243,173108.996
1180251,247365.716
1180253,294072.856
1180254,298941.298
1180255,302291.788
1180257,299152.796
1180452,193219.8
1180461,165556.394
1180464,279229.98
1180465,142552.0
1180466,95460.628
1180467,97961.798
1180469,148610.6
1180471,110000.0
1180472,189948.004
1180474,319100.77
1180479,245481.6
1180481,222182.0
1180482,214059.196
1180484,158501.6
1180485,245500.822
1180487,445174.788
1180619,180252.456
1180622,251736.2
1180628,282885.884
1180629,206150.6
1180630,245809.198
1180701,280709.6
1180702,263970.998
1180704,204072.2
1180707,308410.4
1180708,208754.6
1180711,228956.996
1180712,451089.388
1180716,253469.0
1180717,234497.596
1180732,317396.02761904756
1180733,208055.999
1180734,298057.582
1180735,260296.8
1180738,223681.0
1180739,142513.398
1180741,185193.4385
1180743,125673.596
1180744,276896.4
1180748,145351.0
1180749,187664.0241666667
1180770,143187.6
1180771,210405.78
1180774,155886.2
1180777,171931.80666666667
1180938,117355.798
1180945,506915.548
1180951,143711.4
1180954,101834.754
1180967,712669.992
1180976,710439.4
1180977,801711.2646666666
1181989,187191.78
1182023,207978.0
1182025,122297.14
1182026,529272.6
1182030,410998.14
1182033,1024841.0
1182314,227193.2
1182315,329989.4
1182316,181036.0
1182317,275020.6
1182321,209335.3
1182322,190436.796
1182323,236895.18
1182628,279666.2
1182650,293950.9
1182652,299344.5
1182654,776644.8
1182655,613493.984
1182744,324608.96
1182745,277132.92
1182746,303976.968
1182748,186733.974
1182749,432666.2
1182754,504177.976
1182756,346357.0
1182757,224582.4
1183211,317476.548
1183213,309071.4
1183689,278970.0
1183690,314604.4
1183691,472867.0
1183692,508693.196
1184185,221334.6
1184271,141779.0
1184272,249138.2
1184678,262501.594
1184679,371726.71
1184680,275632.998
1184730,440273.0
1184731,588380.9386666667
1184772,218283.0
1184775,338640.58
1184780,290771.54
1184783,375059.6
1184806,362746.956
1184809,355862.456
1184956,384565.252
1185123,358727.4
1185129,487726.4
1185141,618924.6586666667
1185144,573418.998
1185145,496253.598
1185150,407304.0
1185316,400000.0
1185317,304917.4
1185326,164627.596
1185328,86853.026
1185330,198769.4
1185331,223065.0
1185722,95606.078
1185744,150183.708
1185746,247253.78
1185748,163162.6666666667
1185818,92367.8
1185819,107269.42
1186256,294595.0
1186257,115704.2
1186258,122155.798
1186260,294595.0
1186261,301515.0
1186284,212153.2
1186288,496592.812
1186368,398642.432
1186370,373341.878
1186371,208833.18000000002
1186373,350979.8
1186374,322558.388
1186376,297869.638
1186379,197449.776
1186380,164397.996
1186827,170002.46
1186830,462683.526
1186831,253420.62
1186832,209129.8
1186834,216274.8
1186835,174323.98
1186837,249921.484
1186840,231939.398
1187587,445355.118
1187625,252068.254
1187626,149035.408
1187628,425601.0
1187839,110880.0
1187840,165872.2
1187842,237971.736
1187843,209166.26533333334
1187844,212432.0
1187851,335865.8
1187853,186077.8
1187854,278647.78
1188373,139747.818
1188428,640643.4
1188429,362372.93333333335
1188430,339111.6
1188431,436280.6
1188439,406408.798
1188440,449731.34
1188442,436639.798
1188484,186130.18000000002
1188485,198830.2
1188487,163288.992
1188488,163288.992
1188490,223939.8316666667
1188493,239821.482
1188499,217297.4
1188519,266165.996
1188531,352819.13
1188535,179288.65333333335
1188538,125858.188
1188539,208129.7
1188577,299735.7
1188578,685839.932
1188581,327116.994
1189583,196812.796
1189587,336072.78
1189590,470531.258
1189593,331415.732
1189594,343094.76
1189595,155971.588
1189596,358437.8
1189599,258572.67
1189600,237744.8
1189603,254294.0
1189605,317369.164
1189606,347905.074
1189610,325809.26
1189611,452968.4
1191966,199086.124
1191971,197732.6
1191972,255827.452
1192091,636598.0
1192096,735603.6
1192970,339024.98
1192973,657306.736
1193162,252058.84066666666
1193163,1106183.2
1193168,442923.6
1193169,291247.792
1193170,276242.962
1193171,294848.84
1193543,1010912.568
1193676,469251.6
1193751,1100229.896
1193761,671922.4666666668
1193775,1087821.8
1193777,775875.972
1193779,680376.396
1193782,597856.522
1193783,369668.124
1193836,204491.998
1193848,288021.48
1193849,310582.2
1193850,216681.2
1193855,317239.76
1193857,253464.6
1193859,251049.34
1193861,171295.782
1193862,224732.982
1193863,284203.184
1193864,211078.0
1193866,198179.6
1193915,147802.0
1193925,776649.992
1193927,400000.0
1193952,217614.6
1193953,281176.91
1193954,193925.798
1193955,266006.16
1193956,190228.36
1193957,174779.07266666665
1194415,143209.992
1194922,900000.0
1194977,119418.126
1195222,403472.8
1195223,424015.0
1195224,441604.4
1195225,672901.8
1195425,435043.6
1195426,295033.76
1195432,486935.4
1195891,233760.0
1195892,166959.43
1195893,177328.98
1195900,68650.088
1195901,436452.0
1195903,127150.0
1196019,211689.19
1196842,211050.592
1196844,325769.992
1196847,310220.0
1196872,174538.24
1196892,424393.992
1196893,258527.8
1196894,266073.6
1196895,437102.4
1196904,359621.76
1196912,252006.926
1196913,258087.56
1196993,280530.594
1196994,350758.0
1196998,205033.2
1196999,284921.8
1197000,242018.4
1197002,216257.0
1197106,226746.2
1197107,274972.252
1197108,336203.192
1197166,477257.0
1197209,646432.932
1197214,324105.57
1197215,192568.26
1197216,260757.8
1197253,491463.2
1197256,247531.136
1197309,378011.982
1197311,692445.4
1197315,371277.918
1197316,272641.784
1197321,351096.788
1197322,249396.56
1197323,279145.73
1197324,153603.52983333333
1197325,164164.398
1197326,191466.92
1197328,170981.198
1197329,513255.356
1197331,182326.048
1197345,275155.598
1197351,535468.6
1197462,183643.2785
1197463,316476.744
1197465,137598.4
1197467,147213.995
1197469,131611.2
1197470,131611.2
1197502,341626.11
1197549,824049.386
1197570,520167.8
1197627,220868.998
1197672,364089.58
1197859,290847.484
1197860,290847.484
1197977,485439.998
1197978,150000.0
1198019,273350.586
1198021,300907.0
1198337,510481.878
1198358,569223.58
1198364,559188.0
1198365,332209.4
1198366,516747.976
1198367,441343.0
1198368,422276.996
1198369,227016.47533333334
1198373,531743.0
1198446,337649.168
1198450,283283.718
1198451,310691.994
1198452,310691.994
1198453,244300.978
1198457,204453.9
1198621,373882.162
1198645,190178.2
1198649,501985.4
1198650,545664.96
1198664,264218.8
1198665,330426.0
1198669,246148.996
1198670,118806.8
1198671,132383.596
1198760,201054.139
1198766,377770.984
1198768,290000.0
1198771,335000.0
1198773,551259.988
715273,445934.13
717643,353210.812
720473,461089.4
722274,276917.232
722610,295325.746
722632,307825.2672222223
724293,938400.462
724296,311164.982
724367,928942.4
724383,383904.9573333334
724402,987165.82
724436,809809.2
724693,894001.998
725035,441440.318
726164,579156.716
728018,211580.4944
728963,389927.364
730396,424086.33
730570,709928.816
732096,516260.0
732455,1509948.168
733749,501467.498
739805,690231.396
762985,286295.702
765024,505562.32
766318,223472.472
767291,286431.766
768075,852692.986
768187,843396.0
768450,316870.224
768818,721203.368
775095,760000.832
777984,421531.036
780334,481545.778
782037,1671524.716
783338,351746.6
788907,309500.0
791183,454622.798
791186,346452.876
800871,381073.706
805218,445802.516
808371,538201.872
810903,758209.032
813910,673211.83
814295,121551.78216666666
816599,1591021.356
817980,335759.0
818854,836817.2
821034,410928.342
822425,126658.282
823206,739478.824
823722,711338.8
824962,179164.4293333333
827620,1704854.11
829106,672938.282
829983,1808858.764
835034,230995.157
835905,530000.0
836853,558768.684
836965,1345255.91
837221,777000.0
837226,435497.05171428574
837310,777000.0
837312,777000.0
837322,777000.0
837364,777000.0
837447,777000.0
837450,777000.0
837480,777000.0
837481,777000.0
837534,777000.0
837603,777000.0
837604,777000.0
837695,777000.0
837700,777000.0
838738,777000.0
838739,777000.0
838747,777000.0
839708,208100.0
839728,777000.0
839729,777000.0
839750,777000.0
839751,777000.0
839752,777000.0
839753,777000.0
839754,777000.0
839789,208100.0
839793,208100.0
839796,208100.0
840813,991210.4813333334
843860,530218.43
844526,253248.262
844543,536725.412
844754,288682.28
846486,425823.704
847164,934432.27
848484,192000.0
936754,989219.692
937863,453297.67
937904,501583.046
938417,223629.594
938423,259338.052
938603,463236.484
938622,1388963.614
939544,174772.004
940696,125294.43
942465,153445.27833333335
942737,1181733.3
943019,494449.996
943421,134143.185
945655,427479.506
947947,282106.404
949288,259342.9
952129,201791.35369999998
952131,476260.364
952904,633671.012
953479,619542.282
954602,161535.138
954929,262610.732
955982,176537.85693333333
958924,728427.104
959475,103103.70420000001
960089,116075.34
960166,596577.8
961081,407101.74666666664
961152,383064.278
961156,97437.216
963917,358636.624
963924,708562.264
963928,145668.134
964509,227646.26360000003
965003,448082.906
967216,1030926.6
967710,407354.7006666667
967711,587344.0
967715,1221234.064
968678,963232.0814285715
969661,256835.722
970940,122317.128
971513,102190.98652380954
972147,242704.502
972176,462825.694
972866,603014.344
974942,613836.118
974954,412373.2
976609,853160.088
978142,430945.09
978273,227428.97
978277,566720.98
978278,962266.3619047619
978281,1269161.3994666664
978860,243566.718
979110,243298.24
979112,262128.856
979516,255559.114
980337,999978.282
980476,245666.836
982006,967972.0
983877,292669.744
983878,409431.79
983879,409431.79
985387,794884.808
985462,881372.196
985808,308163.0
986398,470918.766
987620,194817.764
988304,822308.9697142857
988676,1684031.796
989018,699813.312
995698,692622.316
995822,1401967.33
1002393,1292071.198
1003195,173339.126
1003292,568006.462
1003326,517117.292
1003655,535511.648
1003662,551831.462
1003847,523512.342
1006131,442559.4
1008419,796365.396
1008432,539030.8993333332
1008509,1033310.3175238094
1008929,165910.61333333334
1009457,386850.8
1010167,140886.162
1010251,262916.5
1010311,282106.404
1011035,1302296.166
1011899,282106.404
1013203,576171.298
1013464,452008.778
1013942,1547109.836
1014952,300755.578
1015519,708664.334
1018488,652711.054
1018565,216236.264
1018830,1497104.83
1019163,1182079.8533333335
1019257,249548.894
1019258,332265.424
1022427,1694813.134
1023024,268471.802
1024198,1528848.074
1024386,217057.396
1024633,213992.18670000002
1065813,640086.096
1066642,869731.782
1066903,253573.4646666667
1068872,705988.376
1071707,597550.484
1072579,411508.22746666666
1072606,393012.13213333336
1073519,772935.6
1073733,386587.906
1074535,241340.41242279945
1075895,601303.684
1076216,305410.634
1076517,165657.42136507935
1076917,151532.582
1077573,586524.392
1078672,371437.0
1080081,217689.96
1080084,222283.682
1080177,293794.134
1080179,967822.7590476191
1080180,455332.364
1080182,502364.958
1080646,156593.2133939394
1081890,221586.544
1082838,242581.582
1082935,136264.7245
1083177,125592.39333333333
1083187,195905.228
1093683,573999.93
1094194,511162.372
1097426,346944.0185714286
1098571,494846.622
1102741,437405.122
1102778,360145.934
1224860,1216161.338
1224861,433245.992
1224864,312677.68
1224865,254429.752
1224868,417094.83
1224877,963579.964
1229111,683635.2
1229116,640878.394
1229118,1526251.27
1235951,1283407.222
1235954,1555841.304
1236545,732781.198
1236554,142620.36266666665
1236560,126998.994
1239168,349044.0
1239172,692893.504
1239175,1083804.028
1239178,944355.28
1239179,591712.974
1239182,929470.4
1239184,1426922.964
1241221,237910.438
1241227,252718.01
1241228,151910.51
96029,120608.72475714285
96056,364995.49
96065,559194.136
96072,91642.63451904761
96079,215227.54267142856
96099,214324.03666666668
96100,214324.03666666668
96136,72205.0
96137,72205.0
96138,72205.0
96140,132279.90388333332
96142,213340.97127619045
96143,101753.799
96193,148615.91833333333
96202,234766.97013333335
96206,383174.928
96207,216433.2985
96224,125500.0
96225,125500.0
96227,132109.5449936508
96302,911468.624
96318,339103.654
96339,120135.1918936508
96369,248376.58885714287
96417,128746.34816190475
96432,70688.1838030303
96464,72948.10833333332
96467,204816.01247215006
96471,206798.52133333334
96476,171384.662
96477,288900.0
96481,82032.47833333333
96486,103654.8358666667
96487,128427.16000000002
96515,366142.526
96547,196841.7182666667
96571,337967.368
96574,108008.26101904763
96593,241134.3325
96606,126058.47305714285
96648,119500.50192496392
96654,116564.59692496392
96656,406085.6666666667
96661,715738.9565714286
96662,410329.98120634933
96664,99275.32096666667
96668,406085.6666666667
96669,410329.98120634933
96672,406085.6666666667
96678,334579.482
96679,391546.472
96683,600501.112
96713,798236.294
96715,101782.268
96735,84837.95146897546
96742,117687.48466666667
96750,143389.66199999998
96751,103773.66809523807
96758,103773.66809523807
96760,136476.38533333328
96762,101842.61874603175
96765,76570.05111111113
96771,103773.66809523807
96772,76570.05111111113
96782,96893.616
96790,141398.74161904765
96791,337394.784
96816,154902.1163333333
96819,305150.0383777778
96821,93533.58191349199
96838,204887.78089800754
96862,394358.5946580087
96863,456688.236
96869,104706.84713333333
96875,469143.3913333334
96876,839151.4
96896,187907.15699999998
96897,377660.0233333334
96937,236807.9262
96946,100748.02371904762
96952,152874.88822222222
96957,147290.36013333334
96986,208559.90202380953
96988,275788.192
96990,547432.658
97005,811684.168
97065,726802.156
97071,248770.3247190476
97077,192384.88526666665
97081,598118.7
97083,185194.04223809525
97093,584203.96
97097,119518.1925
97122,245313.97283333333
97125,193341.79675079364
97126,244834.20423333335
97127,161725.17933333333
97129,292217.709547619
97133,105771.0422
97137,213496.74687619047
97139,398886.24706666666
97140,286089.7052333334
97144,132485.8988833333
97146,96436.0
97148,132279.90388333332
97149,96436.0
97152,72205.0
97154,96436.0
97155,96436.0
97161,608591.0
97166,145760.202
97194,127136.83639999997
97210,101125.17866666667
97213,187183.27668080793
97215,113860.0
97217,113860.0
97224,181823.5
97226,116833.45499999999
97229,735432.6673333334
97235,198223.36288095234
97250,304651.264
97263,264850.2263095238
97269,410895.01066666667
97312,110691.20910476192
97318,604667.338
97327,105049.17058008657
97336,1092784.272
97447,244910.20823333334
97449,164714.3677174603
97467,193687.0
97482,133481.99383333334
97495,175818.34087936505
97527,566620.898
97531,157452.594
97533,97750.7062
97545,204235.10042222223
97550,896361.958
97555,730130.3365261905
97562,123292.9577
97564,118737.0
97565,118737.0
97566,165883.1817815018
97573,86065.624
97575,121332.8468
97578,331350.0
97579,335210.56961904763
97580,331350.0
97582,217000.0
97583,335797.84028571437
97584,220936.069
97585,262291.6726666667
97586,262291.6726666667
97589,206160.07975
97590,118767.52866666667
97677,141627.7864
97680,193651.0
97681,161959.5
97686,193651.0
97687,148673.0
97690,186056.0
97692,181476.0
97696,161959.5
97698,186056.0
97699,181476.0
97701,399105.3703809524
97704,115835.86597258298
97707,116564.59692496392
97729,108367.46596038961
97807,203378.5
97808,172062.58200000002
97858,97615.99133333334
97859,192357.99733333333
97861,188304.16799999998
97879,218635.226
97881,203378.5
97885,116564.59692496392
97888,203378.5
97897,217514.26866666667
97907,226766.35447619046
97911,850996.026
97914,129655.812
97927,152918.712
97943,157724.68233333333
97949,112626.11537619049
97967,128116.732
97988,165068.36733333336
97989,117295.43801587302
97990,136476.38533333328
97991,117295.43801587302
97993,136476.38533333328
97996,101842.61874603175
97997,103773.66809523807
97998,109005.4515
97999,109810.09447619047
98001,126214.47922222222
98014,440250.4856666667
98016,318393.00421904767
98036,313030.767
98054,387704.4286666667
98063,102916.7397746032
98082,657598.346
98083,263299.60366666666
98085,366821.4913333333
98086,209954.2606666667
98087,878001.112
98090,119863.17800000001
98095,454945.85230303026
98103,153799.47044444445
98108,290506.952
98119,301901.68657142855
98149,276540.79066666664
98164,1161797.078
98167,626267.536
98168,110592.57033333332
98204,102550.44933333332
98248,284519.63906666666
98249,363859.988
98257,871866.948
98276,661317.134
98293,255982.30516666666
98301,186888.83793650795
98308,676727.646
98357,440536.5
98358,162814.89033333331
98366,169243.10421428573
98394,256222.82835317455
98400,113860.0
98403,895464.272
98412,274047.584
98413,628332.698
98433,483050.3100285714
98450,178547.872
98451,168486.3376
98452,126246.34161904761
98455,180312.3278666667
98462,226137.74609523808
98475,217223.884
98499,234646.038
98525,854017.286
98526,171376.01899999997
98528,173531.5866666667
98531,247861.3420714286
98544,106209.498
98553,164245.77971428575
98573,274375.7046666667
98582,220936.069
98584,217000.0
98585,220936.069
98589,107486.57696349209
98593,224846.658
98596,149821.07757142856
98648,186056.0
98652,171251.60634603177
98653,364852.869
98654,111354.28600000002
98656,152932.712
98710,164361.23066666667
98754,170000.0
98770,216734.2445
98780,299645.6073333333
98781,164361.23066666667
98782,164658.396
98789,225551.799
98804,391269.69
98822,130378.86816666665
98823,91655.97800000002
98828,189112.31533333333
98842,190927.06872727274
98843,178099.57973333332
98846,104462.412
98862,90628.44293809522
98863,85336.97527380953
98869,127844.93923809525
98870,207844.23239999998
98874,248062.49
98876,128801.47886904761
98878,117949.89946666667
98883,286329.3753333334
98895,251273.55933333337
98899,291123.361
98900,291123.361
98901,291123.361
98902,291123.361
98905,179370.017
98929,161775.409
98948,444751.67
98979,77099.7902888889
99010,286405.81083333335
99022,143138.71733333333
99035,221280.35
99043,72205.0
99044,72205.0
99048,72205.0
99051,185949.77916666665
99087,604402.9963571429
99098,257982.7878333333
99102,357724.9259047618
99104,299407.9571666667
99105,109923.85845750917
99114,76264.09021379177
99148,137648.83066666668
99163,133943.344
99168,256558.08566666665
99198,161959.5
99200,93211.81866666666
99205,273265.052
99273,140519.33
99277,425657.32666666666
99292,142972.81228571426
99293,152608.308
99298,145928.8426666667
99300,223433.324
99304,104374.824
99305,151816.35725641024
99316,78260.39898457094
99319,145305.6113333333
99341,121493.75113211235
99344,169438.33462857147
99356,499112.1
99360,158727.45779999997
99361,97132.96035555557
99389,267418.98733333335
99399,1005257.476
99400,199327.92114285714
99401,120075.71111904761
99421,235072.992
99429,177706.01466666668
99433,271046.1730666667
99436,557574.78
99439,322439.3976
99442,271996.15738461545
99450,113439.26919523807
99451,457095.60571190476
99460,327514.5781333332
99475,120600.856
99480,337587.2933333334
99483,220252.588
99529,119791.91368253969
99532,111575.2366666667
99542,106761.20924285715
99575,206416.62190000003
99583,208737.35491111112
99597,158684.90147619048
99601,114758.18235
99603,116173.43368737375
99624,236772.12833809524
99625,163035.85559999998
99651,75099.66035656567
99655,243596.1016
99673,62831.81389285714
99694,562222.936
99697,195062.998
99698,326572.5471666666
99714,172959.37191666666
99716,121212.5411650794
99717,121212.5411650794
99718,121212.5411650794
99719,121212.5411650794
99728,163050.4931111111
99736,152752.71
99739,85634.1779047619
99751,251399.55654285717
99759,150784.47393333333
99760,200700.40133333334
99761,401219.3333333333
99765,141629.8546190476
99769,80644.502
99812,746968.462
99817,138746.59413333333
99855,268736.582
99868,148127.34870887443
99869,105493.8025738095
99874,154339.611
99895,94209.19761904763
99897,372841.948
99980,203465.0
99982,176567.0
99984,295892.6816666667
99985,226675.154
99990,63836.919
99991,195531.39345238096
100086,104281.187
100110,510949.3628888889
100115,183428.672
100118,124235.4235714286
100119,239861.06674603184
100122,170058.81399999998
100125,150973.8860276168
100126,168813.94733333332
100127,122561.09023809525
100129,183668.034
100130,124235.4235714286
100134,168813.94733333332
100136,124235.4235714286
100156,468536.778
100157,362597.026
100169,492624.255
100171,271498.8
100179,73853.432
100187,72626.58866666668
100192,65293.6
100193,65293.6
100219,324354.332
100243,67512.028
100244,67269.428
100289,128402.18484126985
100297,128402.18484126985
100310,342740.961
100312,681526.028
100327,149154.25
100378,57492.8
100422,59100.8
100447,62423.207294117645
100513,259978.984
100520,78755.204
100532,68503.22
100534,90402.702
100537,99087.918
100550,82959.91742646103
100557,82743.364
100564,99800.0
100571,642497.516
100575,163467.212
100595,370831.16
100596,211263.236
100620,318666.5975555556
100621,200570.516
100648,267906.242
100652,118434.93504761904
100661,181526.63
100677,461070.07875
100678,403852.438
100681,462154.0280119048
100708,118225.49266666666
100709,116082.06666666665
100723,645235.8566666666
100730,282501.7
100733,121220.0
100735,121220.0
100736,119678.2084469697
100744,341604.332
100755,424853.0
100774,94827.8695
100800,77079.474
100805,161456.402
100812,785572.406
100813,785236.226
100819,82013.374
100821,372841.948
100866,59754.263
100906,267603.228
100942,71964.91666666666
100950,71416.366
101142,134392.77666666664
101185,153609.707
101191,487446.6358333333
101193,94508.57533333334
101283,86902.184
101287,110590.242
101300,163837.0
101308,92561.652
101316,80977.345
101318,198165.25966666665
101326,62309.64333333333
101402,275846.793
101456,70743.194
101469,56331.2
101478,381641.986
101486,140856.25766666664
101499,335044.43
101501,161114.266
101506,677997.596
101512,98970.14092222223
101514,81610.018
101515,81631.818
101527,78229.4777142857
101552,54109.76
101571,65062.294882352944
101583,82408.47122559522
101600,99800.0
101601,99800.0
101603,99800.0
101614,60713.528
101619,326579.374
101642,209328.24482857145
101673,89173.87
101680,120660.852
101694,194522.61066666665
101702,120023.07385021646
101707,271234.22
101720,157674.46633333332
101755,147906.26470887443
101770,114404.652684127
101780,57219.142
101785,142962.482
101817,178869.41466666665
101913,70865.438
101915,89177.46253333335
101919,120000.0
101976,62005.586
101987,95263.616
102114,48882.436
102116,176442.771
102197,184450.86391731596
102198,168613.674
102217,227805.22784545453
102252,197414.29133333336
102299,107679.4054
102330,83818.918
102350,114974.83297871574
102352,114974.83297871574
102353,114444.81938095238
102404,72786.893
102405,72898.893
102415,99721.30533333334
102420,147331.8585062049
102442,60893.736
102475,651414.524
102479,287713.662
102511,219327.798
102568,94721.576
102580,57712.0
102593,61602.542
102598,121220.0
102607,103566.26959047618
102637,158283.564
102792,82965.2
102794,82863.4
102837,131568.596
102890,155401.588
102905,100765.33333333333
102910,53796.042
102922,53780.034
102985,145510.956
103028,43044.44333333333
103115,115105.09919047618
103132,114974.83297871574
103138,138911.1166666667
103179,143919.81676190477
103199,51890.884
103244,144000.0
103246,144000.0
103276,294804.518
103283,101041.18
103313,138691.15
103362,84409.55
103392,213322.73466666666
103395,75500.0
103428,181693.6896736264
103436,84622.1460238095
103463,49101.576
103493,320186.134
103495,353616.586
103498,353616.586
103504,135370.33
103524,300968.82
103527,428048.9476666667
103530,313866.789
103532,360832.5
103534,221804.716
103540,202175.36847142858
103547,257114.712
103555,156763.98264285715
103556,282206.57
103557,129942.68766666665
103567,704329.8
103568,307717.9521333333
103571,284468.3615
103577,125667.83
103578,81999.898
103579,143205.752
103595,109419.83583333333
103601,136474.994
103603,85695.75
103604,229697.492
103608,116434.79424444445
103614,172053.74866666665
103620,161931.38286666668
103625,160000.0
103627,223525.432
103678,67627.98
103679,214419.30733333333
103685,329349.175
103716,204739.996
103720,122700.382
103778,101317.07
103780,523400.49875
103785,92231.56466666667
103787,174321.42916666667
103815,86360.596
103816,203528.6
103821,206867.368
103836,92224.324
103845,201000.238
103851,171637.388
103858,106121.15933333333
103859,105061.436
103862,115552.722
103866,205957.2128
103873,152657.776
103876,328269.99133333337
103879,97868.0
103885,203602.8128
103889,205087.8128
103898,103558.734
103899,123656.916
103909,106872.06533333333
103911,86391.14638095238
103920,109276.99514285717
103927,112060.126
103933,106109.14
103946,196957.86314285712
103949,139175.358
103950,395443.4
103965,97675.33866666666
103997,76646.36
104017,82164.44746031746
104028,81007.564
104068,621185.4578333333
104077,163994.31209999998
104098,92805.97866666668
104099,386986.676
104103,183210.07
104135,320000.0
104141,791250.64
104148,97877.624
104149,221788.268
104151,351473.052
104154,247770.97
104161,475000.0
104163,207875.57600000003
104165,324797.49128571426
104195,485000.0
104205,346361.192
104218,308144.476
104238,241498.574
104245,352007.028
104248,168246.0
104252,223353.05999999997
104265,293481.596
104266,142729.952
104273,224381.0
104274,95634.94866666668
104286,284394.894
104290,425363.9873333333
104293,284394.894
104299,172231.43752380952
104309,132433.894
104326,244158.852
104345,510415.19
104359,153672.598
104368,208552.906
104379,564370.4
104381,1330167.538
104403,107973.22295714286
104414,182857.85192424242
104417,421869.634
104419,103070.28529483851
104431,260000.0
104439,215004.5393238095
104445,248765.40761904765
104447,96463.81093333334
104451,111028.04854761905
104454,219202.6168738095
104456,154250.0
104465,157388.20333333334
104473,147904.76866666667
104489,117501.99371428572
104492,136818.9866666667
104513,972505.4
104517,296680.28
104519,59036.97
104523,111303.03666666665
104524,103927.11736507936
104526,63140.724
104533,101295.388
104538,188660.842
104539,189006.646
104545,187755.18650384067
104561,179533.334
104598,293318.536
104599,293318.536
104611,120653.59971428572
104613,98424.54866666665
104623,89169.006
104627,338277.3875
104628,265830.5725238095
104629,335295.14857142855
104630,334333.22285714286
104640,444892.4885944444
104641,346335.8157714286
104642,276756.45866666664
104665,147800.0
104804,291513.254
104847,463741.2266666667
104861,171286.03047619047
104862,193222.294
104863,172530.1104761905
104896,93999.208
104899,124610.08
104901,163529.21093333335
104906,132075.489
104922,228265.622
104924,220443.532
104925,319660.402
104930,100209.89169047619
104935,91414.406
104936,105255.136
104964,126469.992
104965,105961.6
104970,107115.758
104973,106900.758
104975,72519.88501746031
104979,176253.98
104995,154537.93866666665
104996,110875.244
104998,98930.496
104999,98934.696
105000,98934.696
105024,103985.106
105029,192145.844
105037,161315.368
105038,655338.238
105039,353818.092
105049,383209.116
105057,120447.276
105061,64062.86571428572
105065,73884.6624
105076,78875.144
105091,91717.49
105116,199082.81459999998
105136,119641.526
105143,302446.98260000005
105151,447090.456
105160,184625.992
105162,254471.22933333335
105170,142477.8196190476
105172,150665.46
105179,503209.51833333337
105184,245769.998
105185,776794.78
105197,206974.0436
105202,1364544.0383333333
105231,449026.486
105232,300096.768
105235,97877.624
105249,90359.512
105258,118874.81857575757
105259,254763.0
105272,173444.614
105287,232589.82185000004
105293,266338.418
105304,173111.85
105314,177035.162
105315,128377.18641666668
105328,200571.366
105341,102176.246
105344,193749.276
105349,326459.5661111111
105350,378601.50933333323
105351,62788.2
105362,102380.34333333334
105376,131905.48866666667
105386,146373.788
105392,398286.786
105401,415660.01
105409,192538.388
105414,398325.302
105418,379413.462
105419,156746.5466666667
105425,124203.0
105440,317289.974
105447,166913.796
105448,129811.74473333334
105452,262100.11
105463,73356.58
105464,127036.156
105465,214694.4
105524,64229.54285714286
105526,79009.262
105531,165113.06
105536,497319.96
105557,581372.68
105633,280806.274
105635,106715.36666666665
105637,218756.154
105674,314393.6762333333
105681,79000.0
105703,418125.0406666667
105704,418225.0406666667
105705,418070.0406666667
105706,208826.96580952383
105711,156886.672
105712,159358.78666666668
105719,336497.54
105728,154503.55
105734,96142.5
105735,133101.494
105745,112113.766
105749,580854.424
105764,735826.028
105765,718495.8
105768,205160.602
105772,149416.236
105778,101331.652
105779,248212.46
105785,219641.802
105790,68571.39098449328
105806,706836.632
105827,91884.34514285713
105831,715822.98
105845,107332.316
105848,124250.14
105852,66210.942
105865,322353.12
105874,470614.424
105906,266014.908
105910,537731.126
105915,88304.584
105929,97400.5892
105945,550000.0
105946,349921.786
105947,109765.21466666667
105948,140725.2
105954,173111.85
105990,201208.0
106000,164353.16466666665
106016,72168.13333333335
106030,236869.84328333335
106034,160199.43333333335
106035,86976.578
106040,398655.192
106074,233727.61485880232
106139,77172.99356666666
106142,203628.3
106155,209709.214
106168,289568.858
106177,469268.656
106183,331478.49333333335
106184,368463.652
106185,321069.272
106201,479986.582
106215,135400.148
106233,749591.94
106235,90733.402
106236,149192.462
106239,383137.72533333336
106241,308168.476
106242,308168.476
106243,190932.28466666667
106254,70947.13893181819
106259,108275.0
106263,361132.24514285714
106281,102886.5962
106282,398655.192
106292,101646.604
106294,101790.906
106343,60936.63180952382
106356,198209.902
106359,322854.92
106360,97538.948
106362,71406.8
106390,167000.0
106391,643153.924
106398,66625.17107142857
106442,85468.90266666668
106449,85000.0
106456,434051.9066666667
106458,309585.292
106467,153552.16896666668
106512,58940.8
106522,154359.92000000004
106565,114526.65352380952
106572,103772.674
106579,236714.72666666665
106587,90491.99
106591,360918.012
106599,71875.536
106604,71427.72019047619
106618,224154.84
106647,287215.328
106654,107336.806
106665,274224.697
106668,331924.336
106678,408158.144
106685,246168.62666666665
106707,316547.2762333333
106727,229168.2886666667
106760,534634.8846666667
106776,363709.83933333337
106780,73754.336
106781,118248.46491228069
106783,112664.93028571428
106784,150847.584
106790,99128.054
106792,119501.0196190476
106819,138615.306
106835,127079.645
106845,74085.677
106849,74100.877
106857,183252.48022222222
106858,74198.34628571429
106860,80569.924
106862,95297.39404411764
106871,464612.88
106881,313221.96466666664
106896,163857.1173333333
106900,165000.0
106902,86340.93266666666
106907,150309.964
106918,239413.607
106925,93962.34450000002
106927,130205.00524285717
106929,112356.954
106934,95438.41192857141
106948,145466.418
106949,182529.72672510822
106951,157515.55400000003
106954,146903.0688904762
106965,138244.698
106975,79943.52333333335
106990,193422.2
106992,165603.272
107003,100596.00199999998
107004,412378.4120952381
107015,159934.418
107016,180000.0
107035,182542.1022
107058,211170.73533333334
107062,98046.33316666668
107071,170000.0
107086,111438.42133333335
107093,67383.798
107100,121800.0
107122,105123.79
107268,113998.38454112553
107275,110525.5435
107357,179029.71487878784
107361,76049.25
107393,138965.948
107395,285048.566
107412,127495.645
107416,86218.90783333335
107428,98411.03684749929
107452,126641.645
107454,125769.184
107464,86240.00783333334
107467,86242.90783333335
107469,71884.854
107470,71888.854
107472,197403.7
107473,197369.7
107487,125747.184
107489,96868.834
107495,108960.11766666667
107497,72777.728
107501,49152.13333333334
107506,161825.0
107510,161825.0
107520,184496.10683333332
107551,109118.356
107556,63288.23
107572,90450.84670779223
107584,147021.33728571428
107594,90443.30300000001
107595,719028.222
107601,77794.5375
107614,77149.45506666666
107616,139464.92
107617,166843.9329062049
107619,133921.12508333335
107621,133509.90022222223
107650,348363.948
107656,112356.954
107678,194468.44958730158
107680,445125.438
107684,240557.036
107687,204174.75600000002
107690,93220.3425
107692,92128.58283333335
107693,143404.4579142857
107694,148172.84791428572
107695,90092.05
107702,172449.756
107712,236632.457
107718,186332.796
107722,73058.954
107757,200865.95133333333
107762,118747.4992
107769,143922.34430476188
107770,143922.34430476188
107771,536402.348
107776,155000.056
107778,95789.54266666666
107788,283935.1602952381
107792,191364.74
107812,104037.306
107831,58376.6
107832,67111.812
107863,775412.476
107871,170969.978
107873,178779.36
107874,189000.0
107875,170969.978
107906,128435.39371428572
107915,79855.122
107916,79855.122
107917,79855.122
107918,79855.122
107919,77634.25
107920,78095.216
107998,226682.91314285714
108021,172358.236
108137,113512.20360784314
108190,177846.5688406205
108231,156265.3587619048
108235,71847.254
108237,71858.654
108246,99623.086
108272,124946.604
108277,102656.44666666666
108281,73065.278
108283,150469.73
108285,49640.4
108340,76189.016
108343,141738.348
108401,380095.15
108406,168162.53333333335
108408,247096.83867142856
108410,178666.7350730159
108429,160212.738
108444,91443.44
108447,91047.381
108465,353111.978
108468,145513.9533217338
108479,277041.5034
108496,168031.2453142857
108505,798224.984
108512,231537.5273333333
108518,198449.49438095235
108519,276463.5552952381
108524,126931.82133333334
108527,104557.50644444444
108528,79926.614
108545,175977.93533333333
108548,120145.404
108551,206670.98
108557,146839.66807619052
108558,160668.212
108574,186299.878
108580,437790.69847619045
108581,79855.122
108589,142075.3786666667
108654,176466.69991428574
108658,53033.27799999999
108757,206087.4311
108771,129798.208
108778,164545.45206666665
108802,187673.89
108814,131828.17
108816,73256.678
108817,78069.888
108832,315022.4766666666
108855,104578.6009122807
108867,193013.3066666667
108886,142886.10371428574
108900,198564.54716391946
108916,77643.492
108948,199000.0
108960,300525.2905333333
108962,194785.05866666668
108983,235481.696
108984,101146.98533333333
108992,192497.36799999996
108993,58375.03
109002,62762.902
109051,443223.58133333334
109135,81022.886
109157,181469.806
109160,212355.008
109175,199000.0
109189,121758.48111111112
109236,234033.578
109250,153454.78458333336
109251,152991.19083333336
109254,200000.0
109323,122000.0
109368,172094.1158571429
109384,66851.15933333333
109388,149817.1086666667
109389,94601.69171904762
109414,86597.08099386722
109434,198924.03666666665
109448,266552.6168
109454,775696.256
109455,138670.87895238097
109456,181712.108
109478,132376.956
109488,142249.78790476188
109499,172799.4016666666
109504,81397.392
109509,84440.42
109523,95040.6905
109524,95292.182
109525,96113.796
109526,96113.796
109534,128045.6372063492
109546,118644.1227032967
109566,122000.0
109570,197369.7
109577,52013.405333333336
109586,55253.757333333335
109589,71721.74
109597,68517.78
109608,109996.52955555555
109624,85701.814
109633,311865.6726666666
109634,83265.86666666667
109650,148428.88155555553
109651,148428.88155555553
109653,151619.01492063492
109654,150178.86866666668
109656,118243.986
109658,104869.06555555556
109659,326734.3133095237
109661,345861.9340761902
109667,282000.0
109672,73229.8464
109673,200923.51
109674,282000.0
109675,282000.0
109690,282000.0
109698,80459.332
109703,157986.50866666666
109710,124649.10876190476
109711,101466.62723333333
109724,113116.076
109729,121973.9750547619
109736,159202.556
109777,175027.23453333334
109778,108174.57
109779,259662.8385
109780,119500.438
109781,100925.10363809523
109794,136729.93129761904
109860,123469.99
109861,84585.93333333335
109867,249192.286
109868,250651.33
109876,114087.54855555556
109891,195137.038
109896,158018.03966666665
109903,123782.34333333332
109905,245100.336
109915,203892.73
109925,95823.68333333335
109959,241202.989
109962,118092.58908802312
109985,131131.68357142858
109986,132127.1007047619
110001,155100.97306666666
110013,198600.65703174606
110024,97714.15015
110041,102135.35310000001
110055,202609.0
110056,202609.0
110060,666863.4026666668
110065,177306.18571428573
110079,157064.00640000004
110092,129233.60377777778
110099,159640.24578571427
110108,184478.62773333336
110121,675973.2146666667
110130,127824.83166666667
110132,280000.0
110135,191000.0
110136,350000.0
110137,197323.272
110138,277500.0
110139,113000.0
110148,151376.55606666667
110150,92119.37800000001
110158,202496.0671190476
110160,209233.59083333332
110161,218800.0
110180,131583.04483333332
110223,326734.3133095237
110226,108844.20236666666
110236,243167.562
110248,282000.0
110295,121633.62407142858
110319,162787.39469047618
110327,90316.079
110330,101343.74533333334
110335,298492.882
110345,180294.786
110348,235942.36057142858
110349,235942.36057142858
110351,86559.16933333334
110355,180772.596
110365,226722.27886666666
110380,153709.64246666667
110387,155523.27098809523
110392,156445.31226666665
110393,156676.6595
110403,145840.4260152381
110452,260470.90085714287
110462,122667.85533333334
110538,146243.017
110626,259783.5945
110628,137467.30248547008
110631,140470.03093333333
110642,176128.60266666664
110672,142695.81466666667
110695,110150.96001190477
110698,74088.33
110716,114709.14455555557
110725,110501.53149365084
110733,203471.472
110742,180947.1526666667
110743,194864.628
110747,156661.66966666665
110758,188142.259
110769,230803.31133333335
110780,241639.5164333333
110790,92704.11533333335
110791,92672.11533333335
110792,286694.334
110795,91698.76733333334
110796,98219.84802298852
110797,73450.26666666668
110798,80049.56066666666
110803,111479.03009523811
110807,135730.328
110817,101183.39880000001
110824,92978.93909047618
110854,705029.2166666668
110872,415252.23
110875,137134.998
110883,143920.666
110902,144507.21066666665
110903,141505.9250309524
110912,97780.81294999999
110914,254774.352
110923,102767.03723333335
110934,584990.4346666668
110938,91185.926
110939,90490.266
110945,135088.82893333334
110948,169349.38672727274
110949,157271.3495328283
110964,132195.7284
110980,96870.69866666668
110983,66464.8958256188
110992,224695.442
110993,661424.6766666668
110999,280000.0
111000,260590.79933333333
111001,260590.79933333333
111003,260590.79933333333
111005,350000.0
111008,281986.554
111009,113000.0
111014,114497.82212698413
111018,92119.37800000001
111023,99411.36858809524
111031,171951.54559999998
111035,105000.0
111054,90033.40366666665
111059,208213.002
111079,122565.37540238095
111113,563882.0226666668
111114,631148.6826666667
111117,203636.97
111118,203636.97
111119,203636.97
111120,282000.0
111122,282000.0
111123,200923.51
111124,282000.0
111125,282000.0
111127,200923.51
111129,210864.13766666665
111143,220107.54566666664
111147,282000.0
111148,282000.0
111166,196565.115
111167,116404.0884952381
111168,127390.65546666665
111191,117327.069
111196,121638.97466666668
111197,80978.52412698412
111199,96955.44953809524
111208,681385.1753333333
111216,125930.33266666665
111252,201595.24555555554
111255,100559.2125860806
111319,153493.62636111112
111384,210058.864
111386,202675.61555555553
111388,247425.60733333335
111389,226259.142
111394,219439.85009523816
111395,229226.98002380953
111435,174164.3827142857
111446,78868.472
111457,110272.23867857143
111459,110501.53149365084
111463,79566.34901047287
111477,401901.8646666666
111496,90140.75640000001
111506,54740.75732539683
111507,128333.01
111510,91484.56733333334
111512,137789.6058095238
111523,171012.6002190476
111530,164044.83494285715
111531,139380.36333333334
111534,375565.9473333333
111538,88644.12123809523
111554,377786.2541666667
111573,214593.75066666666
111590,341297.51
111598,128634.84178095238
111608,628593.1246666667
111611,184491.00826666664
111621,208010.61852380953
111628,204591.474
111629,105081.1618
111633,212483.09066666669
111636,196000.0
111637,130000.0
111658,108715.5388382784
111665,160435.59246666665
111697,251551.89480952377
111703,132079.36533333332
111774,121588.686
111775,100830.66376190475
111820,161039.3615333333
111839,89577.01766666667
111846,153696.93840714285
111850,213501.24666666664
111856,215118.85319696972
111860,118369.73881666665
111865,56966.86
111883,108800.04586666665
111884,201008.8051666667
111885,108743.64586666666
111894,96605.052
111915,286941.16448595846
111924,778136.188
111939,193718.064
111954,95261.29066666667
111965,133650.0
111970,189758.328
111976,119993.30108333332
111987,147276.4536363636
111988,128337.32990079364
112051,148205.56266666666
112063,108869.91300000002
112068,379609.595
112075,203914.90403968256
112157,292122.11300952383
112162,106762.70992222225
112163,108104.67935555558
112227,90184.323
112230,204893.636
112247,497319.96
112271,168819.1912190476
112297,76513.74329004328
112315,80900.19
112335,222878.254
112353,357270.77
112355,736494.442
112367,115683.39341666667
112375,182128.8277333333
112378,182128.8277333333
112388,177575.0
112412,289600.6043333334
112424,177397.131
112431,137258.9077833333
112465,379756.1033333334
112466,335000.0
112474,157741.89573333334
112486,112064.058
112510,126917.41679841268
112511,121439.8578508658
112512,148179.92555555547
112657,94949.60753333333
112663,105136.5280857143
112673,130475.78636190477
112680,151329.38461904757
112681,176981.35626890755
112694,228879.752
112696,118037.87946666668
112713,112851.80320000001
112716,217109.72797142857
112718,217109.72797142857
112720,191060.84985714286
112726,112817.36
112744,267292.288
112748,154992.673
112755,221828.118
112757,326467.04866666667
112780,135382.23099047618
112793,264729.1702619048
112796,109091.61132380951
112816,116025.089
112822,148119.082952381
112823,156000.0
112825,156000.0
112828,216625.23
112851,560931.6353333333
112872,140441.96187777777
112874,137767.42106825396
112921,123221.10066666667
112925,172000.0
112926,288214.62645238097
112928,172000.0
112929,172000.0
112930,172000.0
112933,151367.963
112938,113427.10033333335
112960,291000.0
112963,291000.0
112970,177575.0
112974,194808.1466666667
112986,226922.0
112987,226922.0
113022,206539.37835714288
113037,116147.458
113109,186175.7784761905
113113,145500.0
113114,145500.0
113163,189144.04
113169,112837.93033333334
113181,250000.0
113206,253511.46166666667
113207,153351.10744444444
113230,247219.49816666666
113231,553452.17
113246,205300.88600000003
113248,245072.91228571426
113313,154937.18988571427
113314,309378.96
113315,307999.8693333334
113320,146985.0
113322,164586.35433333335
113323,258203.766
113326,164586.35433333335
113329,156193.45514285713
113465,111246.09861904761
113468,319381.34733333334
113478,122468.65733333332
113488,380731.782
113491,395345.18466666667
113503,222761.456
113552,146258.26379120877
113568,118500.0
113608,267516.288
113613,171918.05666666667
113616,161341.86066666665
113617,161051.86066666665
113630,129343.09413333333
113644,129758.9176952381
113645,105916.95821111111
113657,137929.926
113662,116316.83883333334
113668,216133.874
113703,265248.288
113704,155921.79377777776
113706,113491.64036666667
113711,259904.996
113750,136403.46816666666
113752,165096.342
113762,121332.78057142856
113804,156000.0
113809,448601.3542857143
113813,183626.29133333333
113831,155386.784
113871,191552.9894761905
113884,177575.0
113888,154407.033
113890,299543.8425714285
113909,220694.67733333335
113922,158017.01066666667
113950,145500.0
113957,198966.91833333333
113995,134757.88466666665
114001,202027.52452380952
114002,291200.8097
114007,91661.41019047619
114030,118489.7165
114031,170965.0
114139,236157.178
114172,199504.3668333333
114187,380731.782
114200,71452.09886666665
114204,139844.922
114217,181195.47533030304
114242,128890.27589610389
114253,214508.16999999998
114266,101068.30670476191
114276,152081.90438095236
114334,263892.10599999997
114335,263172.0495
114336,263922.10599999997
114337,255409.77441111108
114377,218422.06933333335
114379,126440.3008
114396,156000.0
114401,213924.3429047619
114405,101675.2577904762
114407,111293.09053333334
114431,172000.0
114432,172000.0
114440,379075.89279761905
114449,155149.542
114454,291000.0
114458,136971.478
114461,140269.59885714288
114468,560931.6353333333
114560,172765.56133333335
114619,155004.08333333334
114634,228565.237
114649,85492.77413333333
114650,214873.392
114658,250871.062
114661,971475.38
114676,218195.724
114684,203138.094
114688,211957.7487142857
114690,72067.69864444443
114698,477415.1485
114702,147754.58285714287
114711,234463.11
114717,140400.0
114721,273077.0695714285
114728,146790.42845938378
114732,67154.02590030523
114736,405000.0
114748,163800.0
114764,227331.69723809522
114780,264174.10599999997
114781,278752.5281666667
114790,251057.062
114804,144254.95171428574
114809,450239.012
114812,85000.0
114816,238141.6198095238
114839,250871.062
114847,138673.8903809524
114884,275186.95880952384
114886,158535.73466666666
114887,149930.6463333333
114893,98965.38133333334
114904,203916.841
114941,93495.30537698412
114950,239554.2066666667
114969,83276.5981904762
114993,279138.094
114997,91088.402
115004,553500.0
115020,100393.064
115025,486257.7260000001
115027,359158.196
115078,209708.77866666668
115080,196350.0
115081,196350.0
115082,196350.0
115085,196350.0
115086,187720.01693333333
115087,196350.0
115088,196350.0
115093,69104.644
115098,299546.924
115099,223465.854
115100,341241.93333333335
115178,88367.48913333332
115179,88446.72513333333
115181,78590.63
115243,73518.44666666667
115261,62589.67414285714
115279,145699.67399987188
115316,97204.85459047618
115318,94825.43461428572
115360,119622.80336935287
115394,56121.175746031746
115403,151527.27666666664
115408,187880.802
115412,65515.954
115417,101060.81924285713
115418,111244.292
115422,101060.81924285713
115479,436876.764
115480,553500.0
115481,436876.764
115482,436876.764
115483,436876.764
115485,668598.6301363638
115488,436876.764
115505,135402.50237777777
115506,192000.0
115507,94900.44552142857
115508,171377.38566666667
115509,192000.0
115510,94900.44552142857
115511,94900.44552142857
115512,94894.05072142858
115514,94900.44552142857
115515,135200.0
115516,135200.0
115517,135200.0
115528,269227.554
115536,141587.57
115537,165500.0
115538,164162.30333333334
115539,165500.0
115541,135200.0
115542,171788.97333333336
115543,101501.49395952382
115544,137313.22846666665
115545,172190.36533333335
115548,93945.73866666666
115551,81774.21866666667
115552,87793.86533333335
115553,66333.30133333334
115554,73570.45166666666
115555,58282.00976190475
115559,477515.11780952377
115597,242675.668
115598,338669.48800000007
115642,72747.55645842223
115652,202500.80628571426
115780,285643.654
115818,94444.43133333333
115896,140938.852
115898,140240.652
115900,140938.852
115902,140938.852
115910,140351.746
115927,54057.81333333334
115980,341528.1885
115983,63643.79266666666
116008,86687.56322629555
116056,196125.6
116064,86787.393402642
116065,86787.393402642
116066,102000.0
116067,94825.43461428572
116068,86787.393402642
116069,86787.393402642
116071,99427.91043333334
116072,99427.91043333334
116094,209206.1212
116099,82165.60375933076
116105,100701.2517404762
116152,436876.764
116154,436876.764
116173,103596.82065079364
116174,192000.0
116175,135402.50237777777
116176,192000.0
116178,103596.82065079364
116179,94900.44552142857
116189,135200.0
116190,135200.0
116196,129515.78466666666
116197,128830.29733333332
116198,105869.62999917862
116199,142226.9133333333
116205,530240.7519264069
116269,149215.356
116350,286090.1
116434,107233.14
116435,53858.21333333333
116446,74196.99333333335
116471,120916.1654017094
116501,86685.41764032097
116506,86722.563902642
116507,86787.393402642
116508,97204.85459047618
116509,86722.563902642
116547,82343.16539478455
116562,279994.78
116581,297804.424
116634,74267.19333333334
116635,74267.19333333334
116661,68607.85273566202
116675,83522.20321746034
116690,146366.4262224498
116706,49577.4
116787,55657.610795833345
116890,52574.6
116909,55237.47447619047
116920,144397.2324
116926,134685.6333333333
116932,118742.0
116934,109999.0
116937,170400.0
116940,117400.0
116941,170400.0
116942,117400.0
116944,170400.0
116945,183866.69457142855
116947,90250.0
116948,90250.0
116950,102476.60664531025
116957,185034.10778015875
116958,180885.44351428575
116959,185034.10778015875
116960,221043.128
116981,214029.11
116988,194571.61676666664
116992,114368.09805959593
117046,135557.714
117055,118742.0
117076,91091.12933333335
117077,90981.10133333334
117078,91091.12933333335
117093,114290.9933809524
117127,241781.5
117128,230909.09288095238
117137,116891.26066666667
117140,155233.53666666668
117145,185525.41638095237
117174,106037.5
117188,106163.8745285714
117201,137702.8833333333
117212,157496.55933333334
117216,190492.87
117220,118742.0
117222,118742.0
117224,118742.0
117225,118742.0
117226,118742.0
117227,127714.0
117232,118742.0
117236,112665.408
117238,111013.84963203463
117239,72075.198
117245,303756.6037333333
117246,154873.22457142855
117247,160096.55826190475
117253,161903.91702380954
117263,90250.0
117265,186114.8933333333
117272,91259.29
117275,72300.074
117278,221954.302
117288,161235.76102380955
117290,180933.8385
117313,126664.26266666668
117317,196350.0
117318,240054.879
117325,102610.0
117326,104726.43569523809
117328,267594.05353333335
117331,181742.0
117333,110656.5
117335,110656.5
117345,278032.3288766234
117346,278032.3288766234
117349,147357.94165
117359,125089.426
117365,118742.0
117374,141723.4647142857
117416,86630.536
117511,117065.72133333333
117513,115853.99133333332
117514,100882.95086666667
117589,120480.74999999999
117619,118742.0
117632,119399.016
117680,132209.43971428572
117682,131680.43971428572
117688,98774.83361479075
117714,130289.82
117716,146024.048
117718,131865.43971428572
117719,146334.048
117746,131066.42
117750,78518.532
117752,112032.892
117759,81680.13709999998
117772,167766.12406904763
117777,137444.76733333332
117785,116247.026
117788,148912.46266666666
117796,89554.44133333332
117797,70160.722
117803,95902.113
117808,122638.79533333333
117810,105421.482
117821,194883.59196630042
117846,197568.68456435789
117847,144577.90844761906
117848,188587.81249256304
117849,144577.90844761906
117850,144577.90844761906
117851,144577.90844761906
117853,51824.91533333333
117875,95891.56266666665
117888,127370.446
117900,103636.28457142856
117903,284304.67175
117906,138626.6396
117917,92713.6
117918,169999.0
117919,169999.0
117925,181500.0
117927,118999.0
117931,135155.82266666665
117935,262233.81914285716
117945,174581.52083333334
117953,106037.5
117956,121337.16915814186
117964,111213.365
117965,111213.365
117966,111213.365
117967,111213.365
117968,111213.365
117969,111213.365
117970,111213.365
117974,111213.365
117984,159419.53466666667
117999,467658.17733333335
118001,143765.40074783552
118006,72220.95
118010,434599.55542857153
118020,140723.03066666666
118023,148874.89533333332
118027,115910.448
118030,67556.21133333333
118048,88368.37333333332
118049,71582.2352857143
118056,96617.00266666665
118060,157496.55933333334
118061,182336.51
118062,64699.0573015873
118067,107578.806
118091,118742.0
118094,118742.0
118095,127714.0
118096,118742.0
118097,118742.0
118098,118742.0
118099,127714.0
118100,118742.0
118101,118742.0
118104,109200.0
118109,167959.248
118116,102929.318
118118,129317.192
118125,173237.3049095238
118126,160096.55826190475
118130,159319.66702380954
118132,175386.28361111114
118133,205345.91054444443
118141,190507.616
118148,90250.0
118149,90250.0
118151,127714.0
118157,154035.11630000002
118163,104845.74653333334
118165,197638.98314285715
118168,185749.11955158736
118169,190836.12712142855
118170,180885.44351428575
118178,129004.962
118180,131995.89454285713
118182,114072.87670873017
118186,69166.484
118192,244074.518
118196,127714.0
118198,133646.471
118209,120763.69266666665
118218,95240.0
118229,102154.52436666666
118230,106268.74597936506
118244,147408.35866666667
118250,131350.69933333332
118255,181683.4942380952
118316,75022.782
118319,85667.21766666668
118320,64900.0
118323,402412.864
118437,78971.7794891775
118449,216389.64999999997
118461,87596.83522857142
118491,91392.01933333334
118511,78682.732
118533,122805.94133333332
118555,101827.36352380952
118562,241781.5
118575,169394.68177777776
118578,97648.08816666667
118589,102999.0
118590,139999.0
118612,102999.0
118617,132568.87864126984
118627,438426.83142857155
118637,102234.16373333333
118646,155500.0
118647,134484.588
118650,303260.30901904765
118659,104743.32133333333
118668,173664.2809095238
118669,97410.10814206349
118701,173359.84723160378
118704,162746.37085714287
118826,91895.90477460319
118866,109531.54
118867,94352.31933333335
118869,89953.12753333333
118870,72714.434
118871,72882.434
118872,72674.434
118881,78756.31365079366
118893,174317.73257142855
118894,130289.82
118897,174563.73257142855
118899,130739.82
118908,111212.14904402515
118923,191788.8666666667
118944,121380.54555555555
118965,189550.42379725276
118987,141108.79825555556
119087,70690.26
119092,126182.146
119098,143231.35376190476
119099,191748.9180163004
119143,214338.916
119180,224983.306
119190,214166.716
119207,186647.57733333335
119217,190836.12712142855
119236,91663.92702539683
119246,159089.17533333332
119247,138462.428
119248,126766.92333333332
119251,137875.50585714285
119252,139084.83385714286
119255,196945.598
119259,204318.16425396816
119262,186367.388
119264,390325.52542346565
119275,145347.282
119284,468531.9663913865
119285,468531.9663913865
119291,151441.91953333336
119294,94476.34055324673
119305,144656.42573333334
119306,263261.48000000004
119311,128506.28133333333
119326,213714.3453333333
119328,447000.0
119334,100399.94015238098
119338,85440.691
119341,418001.56685714284
119343,70033.51319047618
119345,88238.776
119346,88238.776
119348,108004.22327777778
119351,125000.0
119374,251694.678
119389,234928.18364761904
119397,377488.3567333334
119398,493977.0773333334
119401,278156.4537333333
119402,153114.742
119403,270641.13630476187
119406,160000.0
119446,139521.7705
119505,396434.2666666666
119514,213820.4657666667
119515,309303.3424444444
119516,127312.272
119529,166110.926
119549,476837.042
119561,120095.46757894737
119562,378620.63360952376
119567,162448.51844444446
119572,228914.8663333333
119573,90664.81013333333
119574,91695.40683333333
119575,116162.94457142858
119590,91749.31683333333
119591,121645.85933333334
119605,145000.0
119606,145000.0
119608,399000.0
119609,185586.4373333333
119611,422985.3851111111
119613,765648.0683333334
119621,94187.746
119637,224272.4993333333
119641,132346.40613284492
119647,143423.44733333332
119648,143354.43273015873
119649,224089.172
119650,139607.59159999999
119656,222270.87244761904
119657,263945.82033809525
119658,472767.43466666667
119673,473771.1586666667
119676,98429.58816666665
119680,110114.71620000001
119683,87907.74466666665
119685,150581.55266666666
119703,103772.61314285714
119709,390325.52542346565
119712,108440.363
119724,146431.11654398736
119731,197499.0
119733,197499.0
119735,197499.0
119748,263261.48000000004
119750,200773.01266666668
119754,215439.10353333337
119759,100050.0
119765,328443.75
119768,97648.95485714283
119770,139285.53786666668
119771,140979.07266666667
119792,101819.0
119794,107859.49866666667
119796,107859.49866666667
119798,436030.22799999994
119804,101819.318
119809,100890.0328
119811,267509.59723809524
119813,239656.4448095238
119821,228289.206
119824,191284.0
119825,188210.0
119826,188210.0
119830,191284.0
119831,188210.0
119832,88357.082
119833,99725.0376
119834,59021.28028571428
119835,95688.8986
119842,125000.0
119847,139469.3705
119848,130232.51233333335
119857,189682.31971428572
119871,78866.82
119872,78866.82
119873,82416.33
119876,114618.2958095238
119884,244370.534
119931,153761.57
119932,153494.17
119933,204530.5163333333
119934,160000.0
119937,227475.97
119938,142382.7384
119939,131520.12446349204
119944,153914.008
120014,69301.502
120072,97250.0
120077,160000.0
120105,200350.286
120107,149066.45177777778
120111,237939.298
120124,132795.46382706185
120132,90894.41333333333
120133,297050.30439999996
120141,139480.205
120165,101260.00780952378
120166,101449.22247619047
120169,210642.515
120176,190087.8
120177,195590.14
120180,395612.692
120181,394220.692
120193,113166.93706666665
120194,237529.454
120196,154999.0
120205,144352.58266666665
120206,317980.08
120207,136688.626
120208,133610.36854545455
120218,140181.228
120223,504839.576
120231,117797.06080952383
120261,426548.16993650794
120262,249289.61283333335
120263,160000.0
120269,79697.858
120273,163261.6777777778
120279,168894.00208333333
120295,105968.460884127
120298,131695.37533333333
120302,263261.48000000004
120304,209415.326
120305,268500.85159706965
120306,202898.586
120311,206882.0704761905
120312,206882.0704761905
120314,113227.81085714285
120320,130399.33
120326,209179.24485714285
120327,121578.44606666664
120337,143913.272
120338,143913.272
120339,143913.272
120348,173970.34886904762
120349,173970.34886904762
120350,201932.717
120363,64078.07585714286
120365,114040.62866666667
120371,140861.55914761903
120372,132910.24219920635
120378,140841.766
120381,139624.18666666668
120383,80459.334
120385,67724.54466666665
120414,155691.5086
120415,157805.07793333335
120417,88880.638
120419,147091.15177777776
120421,78758.942
120499,97634.83466666666
120500,83927.2255
120501,163229.77843281158
120515,141762.8957220696
120516,126384.0770952381
120545,264530.06
120548,63142.5120952381
120561,200076.286
120562,127218.6895
120564,119489.74133333332
120569,83998.64355844156
120590,478873.354
120591,361616.68066666665
120592,233223.63906666663
120593,88184.62676190476
120596,311759.756
120597,94363.014
120608,139030.819
120609,121645.85933333334
120614,269815.824
120615,139831.846
120616,139849.68533333333
120629,773087.0040000001
120642,263047.288
120643,90574.418
120646,224667.66266666667
120672,497248.766
120675,174277.304
120676,75000.0
120678,85385.1675
120687,433087.6315555555
120688,425052.40926984133
120689,433087.6315555555
120691,428142.4319365079
120692,428142.4319365079
120702,69898.0
120715,209501.80780952383
120720,206882.0704761905
120735,121579.696
120743,156234.8588695652
120744,78630.72133333333
120745,76801.804
120749,224460.22473992675
120756,87654.796
120769,82080.67033333333
120803,93100.0
120810,79761.11
120822,91651.66683333332
120832,193052.1846666667
120833,193052.1846666667
120844,151320.40685714284
120851,79697.858
120886,111581.87400000001
120887,111503.87400000001
120895,205958.73066666667
120903,140287.85628571428
120905,165475.0593333333
120906,166620.1353333333
120910,87819.27294285715
120916,220071.184
120918,433087.6315555555
120920,433087.6315555555
120922,428142.4319365079
120924,428142.4319365079
120925,428142.4319365079
120926,427999.03193650796
120960,92413.206
120970,65877.608
120976,157932.10125
121014,133276.88375
121019,309330.156
121021,112428.81409603173
121025,171188.8933333333
121030,592841.634
121038,158342.152
121041,134528.1868642857
121042,148181.9465995671
121043,280926.1999047619
121045,148181.9465995671
121046,158466.4806666667
121047,280926.1999047619
121048,214932.10822222225
121049,373664.5605714286
121050,146884.86310750362
121051,146884.86310750362
121061,272000.0
121062,89650.0
121064,89650.0
121068,525000.0
121070,525000.0
121085,89650.0
121097,120017.44519523809
121150,103764.06928787878
121158,127048.50600000001
121159,348406.2350666667
121169,131105.90333333332
121172,92750.664
121187,270000.0
121189,191674.27546666667
121192,1100677.8393333333
121193,1063290.9973333334
121195,121046.44294047618
121204,112714.59160930735
121208,247631.86866666665
121210,175105.958
121219,256119.70533333332
121224,179597.252
121235,245679.30804761904
121236,245956.04454761904
121238,146884.86310750362
121239,245956.04454761904
121240,214932.10822222225
121241,148181.9465995671
121242,245956.04454761904
121243,158466.4806666667
121244,117418.89253333333
121246,127733.20996969698
121249,137308.01185714288
121251,232996.18529682542
121256,146737.2746666667
121257,147115.98466666669
121258,147100.4486666667
121264,270352.0325714285
121265,179730.0
121270,131911.02833333332
121274,145971.97533333334
121280,203089.2192857143
121282,98035.67036666666
121283,123435.0
121286,123709.82689010989
121295,129070.503303663
121296,127078.90095238094
121299,119487.37496825398
121300,150503.1873333333
121301,232250.8002539683
121307,108161.24666666667
121308,96417.30533333332
121311,128407.24507142857
121315,203293.6755
121320,98851.959
121321,182269.126
121323,140970.5
121324,140970.5
121331,176800.0
121333,140970.5
121335,140970.5
121337,269530.0
121338,102544.0
121339,269530.0
121343,141006.91733333332
121346,194193.53383333335
121347,237240.3562222222
121348,236924.7162222222
121350,236183.7162222222
121351,302066.414
121352,238760.7162222222
121364,525000.0
121365,525000.0
121373,266482.2588
121375,158208.78733333334
121376,116635.58253333335
121377,226619.68009206356
121385,200552.80342857144
121397,99357.95257142858
121400,135511.04714444446
121402,89650.0
121408,89650.0
121444,107975.63555238096
121452,94462.35233333334
121455,185841.3186666667
121538,270160.00584415573
121544,106854.2654761905
121597,147740.87
121647,97879.62166666666
121688,191505.896
121697,122272.93826184927
121707,272000.0
121708,272000.0
121710,172128.2033333333
121716,253214.7208
121723,434257.628
121739,102717.61827619048
121742,220482.6173333333
121746,242042.12644444444
121751,113757.13347916666
121756,125497.57377380952
121757,96078.61236666665
121765,111007.10047438672
121766,111138.31247438672
121767,104399.58369300143
121771,101214.63357142858
121777,132034.94376190475
121781,274822.63635209226
121787,91586.30553968252
121788,120597.49044285715
121793,322069.6803333333
121802,159396.712
121807,165899.47171428573
121822,148181.9465995671
121824,268885.3085333333
121825,163097.3123333333
121826,89515.344
121829,345120.626
121843,107549.4840952381
121847,114393.17188095239
121848,111650.72588095239
121849,136016.36266666668
121850,111778.38435714286
121854,166000.0
121857,118250.0
121868,118250.0
121878,128264.21916666668
121884,287462.852
121892,96380.34826190477
121899,212569.1768333333
121900,126721.14669047619
121901,86595.04678571428
121909,81633.92200000002
121923,111042.11799523808
121927,104338.052
121930,118400.0622619048
121932,123435.0
121935,104258.30433333335
121941,114181.01203571429
121944,160488.78666666665
121948,206847.358
121954,320380.3378333333
121964,92436.50888888889
121966,198001.3753079365
121970,247375.508
121984,269659.8860614941
121993,130745.032
122033,88754.142
122036,214402.25733333334
122044,137971.0766666667
122165,226549.94
122166,137793.13483333332
122167,195520.07
122168,141392.18633968252
122169,141279.4555396825
122195,141709.80366666664
122197,164522.90866666668
122214,106588.162
122219,241809.11044444444
122225,108976.972
122241,240719.41933333332
122249,118646.20033333333
122262,169914.152
122277,139217.1365
122282,118128.01481428574
122294,151903.61
122299,205335.77977777776
122302,157018.07633333333
122311,170944.664
122313,151356.818
122315,299177.302
122318,125148.24821794873
122321,116212.5185
122322,114476.91413333334
122323,230753.17199999996
122330,1091207.1213333332
122331,1074111.2255555557
122332,732786.674
122333,732786.674
122337,119506.60986190474
122340,109811.72633333334
122347,86326.92744444445
122350,190963.482
122351,93360.04920000001
122362,206282.43446153848
122370,145127.1006666667
122371,146333.55066666668
122373,110945.15268095238
122377,99367.5
122382,136924.55133333334
122398,225617.5331
122404,111000.0
122405,268611.1982222223
122410,108967.62752979244
122411,183917.9176
122412,128423.39806666668
122434,131605.19133333335
122442,267601.512
122454,244334.106
122458,244334.106
122459,243544.762
122467,193325.106
122472,260000.0
122474,246158.8197142857
122475,144448.2013333333
122500,119148.81766190479
122559,113580.58986666668
122560,201633.88828571426
122561,159109.45999999996
122586,79245.13345299145
122599,219178.81933333332
122602,73532.86633333332
122614,69164.07932467532
122616,127708.13766666668
122622,168301.676
122637,121028.49494047617
122644,104399.58369300143
122647,204293.16066666666
122665,121692.22285714287
122667,132713.41687619046
122669,166000.0
122687,235180.23733333332
122695,166000.0
122699,302639.6826666667
122701,215360.221
122703,126146.462
122744,495637.05
122752,242762.11733333336
122762,350980.04
122768,180099.2017990843
122783,204631.02962698412
122784,66365.9382952381
122787,201816.234
122788,167693.266
122792,88302.422
122881,244334.106
122882,85259.849
122900,76258.19
122901,75528.456
122902,74804.5824
122903,74692.206
122904,75030.06825
122909,141078.8486666667
122927,107000.0
122928,107000.0
122929,107000.0
122932,138000.0
122934,229160.504
122935,132700.0
122947,109500.0
122969,70507.94466666668
122987,270586.846
123070,257057.994
123079,288568.578
123083,295835.378
123092,81314.378
123093,69802.95
123094,71403.474
123095,70133.548
123129,69598.75
123153,232416.282
123165,465127.4146666667
123176,140913.51733333332
123196,83539.58296190477
123248,111581.12314285715
123310,107000.0
123311,109500.0
123312,109500.0
123323,214830.888
123325,214831.688
123326,214339.076
123327,211609.972
123328,214830.888
123331,174051.7301111111
123335,109500.0
123338,136142.5593333333
123400,73225.13083982683
123480,106800.0
123558,72208.95353333333
123572,123413.968
123576,72208.95353333333
123579,190942.132
123580,190942.132
123588,79957.706
123592,80894.726
123595,194912.01533333334
123605,100361.052
123612,250000.0
123620,75135.75266666667
123623,74670.29625
123624,78989.67265000001
123657,139000.0
123658,139000.0
123686,66711.124
123734,173678.474
123749,353136.252
123759,187422.124
123760,84084.86702395385
123767,106800.0
123768,106800.0
123808,294492.3832
123815,133718.888
123825,185558.214
123835,337675.9766666667
123868,109500.0
123869,109500.0
123870,109500.0
123874,211609.972
123877,109500.0
123892,106800.0
123898,79529.41347619047
123900,85387.3878095238
123903,92000.0
123905,103059.5971111111
124032,372315.45733333344
124034,72208.95353333333
124036,79253.878
124038,194912.01533333334
124039,194772.01533333334
124044,190942.132
124059,99278.89342857142
124070,81213.488
124071,83245.246
124072,70098.736
124073,72234.124
124074,71835.892
124094,139000.0
124096,134070.2
124109,143155.08
124118,111361.33466666668
124125,109922.2766904762
124138,263244.47
124178,68832.722
124187,130226.06028571428
124197,259975.11
124213,183706.4626666667
124214,109500.0
124228,111818.79042857142
124263,114669.96242857144
124339,246441.866
124357,116982.32492063496
124364,114910.28657142859
124380,483503.5281333333
124392,259001.44384365078
124494,85496.03800000002
124500,108261.596
124536,123379.32733333333
124537,68832.722
124540,501000.0
124548,89243.69863636362
124597,543690.672
124642,501000.0
124646,232646.244
124648,233818.14
124662,109500.0
124688,90650.62102380952
124693,214732.34866666666
124707,122893.34467142858
124714,181968.47807539676
124716,226557.78166666668
124731,113269.64078333337
124737,371320.1593333334
124747,684466.54
124759,661084.538
124777,366455.188
124787,293508.0455
124796,196993.722
124799,145125.6984
124813,306384.0
124819,100519.75076666668
124894,238094.16500000004
124915,137698.9533333333
124962,101068.29026666666
124978,140011.795
124993,164000.0
125005,168419.33
125014,113934.086
125016,162023.49
125020,739834.1962857143
125023,300000.0
125027,203548.3005833333
125044,176091.198
125045,157949.32695238094
125046,1200595.4845714285
125050,205938.2535
125072,614847.254
125073,133145.78138095236
125086,1238084.2933333332
125100,245518.696
125117,454450.68
125118,515696.066
125120,226999.12
125125,196338.9753333333
125130,197325.3863030303
125134,632542.802
125136,166614.73606984125
125141,96189.71340000001
125188,219962.6683333333
125200,146135.54305137086
125203,168045.02129761895
125204,95281.15010000001
125275,291444.9049047619
125291,219000.83323809522
125317,129437.32735714284
125332,117800.0
125345,197008.262
125351,242869.7
125357,180970.85313492065
125359,127962.37013492064
125375,173830.80166666667
125380,143439.9596666667
125404,106185.49555238095
125406,114699.423015873
125422,205691.75666666668
125431,124999.05770000002
125433,140886.28
125434,194233.35186666664
125435,306384.0
125444,84388.17656410256
125466,213791.0
125506,166221.52666666667
125546,172817.65411904757
125554,276307.54
125568,189410.712
125569,566330.68
125573,131568.894
125579,108369.91415411257
125581,221821.91447936508
125583,174387.9426666667
125587,117216.3464
125596,295410.664
125618,262240.682
125621,166285.67142857143
125632,245361.48
125639,159386.178
125642,640472.5306666668
125645,306384.0
125694,143102.0135119048
125695,151304.84966233763
125696,100676.96
125714,197491.0146
125716,110008.37783333333
125727,189431.2176
125734,259327.65
125736,136739.966995671
125739,152491.89140743695
125744,134148.32983333332
125756,151808.0
125764,235329.39866666665
125766,246207.7954095238
125776,162278.62657142855
125777,162278.62657142855
125783,119133.11690476189
125784,119133.11690476189
125791,150334.04856825393
125822,291327.41623333335
125824,157026.11
125828,159074.34666666668
125829,214069.398
125841,182259.23007683983
309591,249608.276
309611,223142.754
309613,180191.36455476185
309658,84329.18106666666
309661,254924.26857142858
309667,207981.8198
309669,162401.9912
309678,409439.138
309692,155968.2756923077
309700,293412.542
309707,160669.54562251086
309714,165068.36733333336
309731,444751.67
309734,115330.48786666669
309735,164864.79802698412
309770,280125.58266666665
309817,92683.55603203464
309819,138248.79971428573
320845,115943.078
320872,207884.922
320929,177224.48668809535
320931,177215.96068809537
320932,72400.0
320937,72400.0
320938,72400.0
320940,115111.0
320948,122400.5
320950,263184.4117
320954,177215.96068809537
320969,204234.53333333333
320974,158306.6068888889
320998,143963.3187
321002,107239.0
321004,108537.49098095238
321023,92263.18889583333
321055,152442.4885
321067,136242.85893333334
321080,96991.25266666667
321083,144268.50319761908
321122,188287.45933333333
321127,139234.7650642857
321128,113324.45754285714
321229,115111.0
321231,122400.5
321249,274811.9762
321250,263373.89
321258,175737.0
321259,242819.47466666668
321260,72400.0
321262,120370.9103142857
321270,175737.0
321272,73879.461
321278,357865.46266666666
321286,187771.90806666669
321288,123399.62476190476
321289,104667.0
321307,142250.0
321311,153050.0
321316,153050.0
321317,107239.0
321318,107239.0
321319,107239.0
321321,107239.0
321322,132129.0
321323,107239.0
321324,107239.0
321340,224791.01723333335
321346,191339.864
321352,103773.20675476188
321392,142803.93767171717
321393,176906.8912828283
321399,181659.11006060606
321407,184817.74874047618
321428,243733.618
321429,82760.33725
321431,82966.44625
321455,168002.06066666666
321463,132192.0580595238
321480,1288843.24
321540,129122.70927590189
321551,132778.768
321559,229071.588
321561,107239.0
321567,129518.98576190477
321568,123399.62476190476
321570,153050.0
321573,157750.0
321574,107239.0
321575,90474.50158095238
321577,107239.0
321581,98965.0
321582,107239.0
321583,91742.5052
321595,77891.56829761903
321616,287731.25560000003
321656,216378.18452380953
321674,229840.89333333334
321677,121997.63951904762
321730,118646.20133333333
321734,107239.0
321736,107239.0
321737,107239.0
321739,172594.95861904763
321747,152577.78470396827
321749,173867.2778
321757,198845.59019047618
321758,222870.57266666665
321762,76492.62585140415
321817,347764.1113333333
321831,363955.922
321834,121853.15961904761
321874,431900.766
321877,367253.4606666667
321883,119700.022
321903,114750.29895311355
321918,211941.58266666665
321940,153400.0
321942,142783.60287445885
321949,152999.06
321950,103676.156
321960,147564.972
321961,147615.372
321965,156568.022
321975,242097.843
321980,488203.6
321989,135443.37090476192
321990,107369.45523809527
322003,126076.5
322025,248032.3450952381
322027,112213.01
322029,90898.618
322038,148117.2878545455
322041,86648.584
322042,79764.447
322045,111024.0
322046,111024.0
322092,267141.4748
322107,158833.7196666667
322110,589641.907
322111,327361.058
322112,316875.6947619048
322114,147990.06470000002
322115,177622.74271428562
322116,191381.65666666665
322119,327361.058
322121,327567.5933333334
322132,71080.32086666668
322133,71080.32086666668
322144,171023.642
322156,105059.394
322181,189725.87933333335
322197,191581.584
322220,794231.669
322244,109852.266
322256,379640.4554285714
322271,110483.06145299146
322281,175078.8655666667
322300,89500.0
322304,157197.16866666666
322310,311211.3180023809
322330,90967.618
322332,154770.93066666665
322335,132952.85244444443
322339,187849.5946666667
322360,296163.248
322362,142866.35
322436,234566.22666666665
322445,178951.95
322476,243497.84466666664
322494,90459.93866666665
322500,120753.178
322501,120506.978
322505,112477.962
322517,282652.5144
322518,124313.944
322526,479501.44039999996
322527,179455.602
322531,142073.6033333333
322533,83687.39618181819
322534,107520.32833333334
322536,107525.58833333335
322548,178239.388
322553,76036.186
322579,330884.67
322583,342823.307
322591,115884.892
322610,348465.244
322620,157022.25
322630,152602.374
322645,453751.809
322651,171284.582
322653,250931.802
322671,728778.306
322695,62099.03638095239
322712,189014.75366666666
322715,176548.23666666666
322732,308698.878
322741,150374.0651111111
322744,318712.728
322757,136910.6911666667
322769,111156.014
322786,187969.59
322789,79282.16524444445
322800,106396.312
322807,111683.76733333334
322808,215316.366
322810,97200.24
322816,157196.83028571427
322833,111024.0
322871,267043.4748
322980,187006.66887099564
322981,178376.6592
322983,177622.74271428562
322984,177622.74271428562
322985,327361.058
322986,352061.1673333333
322987,177622.74271428562
322990,147990.06470000002
323000,104964.0
323002,129771.506
323011,180850.72533333334
323013,479818.44039999996
323017,107449.12833333334
323032,105338.845
323066,72899.764741453
323069,306414.062
323077,75607.24095238096
323085,91553.082
323088,296098.6893333334
323101,622652.35
323102,257351.28
323122,168029.14566666665
323169,91582.16466666668
323189,102949.836
323192,116740.87842393162
323194,130910.9
323197,1414992.066
323198,344248.182
323233,195815.58244444444
323254,123731.29080952381
323308,316392.8333333334
323310,378270.896
323318,148261.38394920636
323325,222526.22666666663
323330,97791.47
323339,152754.9185909091
323342,100395.64146666667
323349,392177.116
323382,147698.81446800972
323396,177116.66466666665
323403,258145.50514285715
323412,179812.90266666666
323413,171483.212
323421,167749.04333333333
323425,213610.15245238098
323433,359216.1533333333
323434,179269.596
323446,127882.90153333334
323459,94671.174
323487,205567.238
323518,77909.066
323536,150698.6933333333
323549,157180.30141666668
323552,144137.2138333333
323608,158291.448
323617,93771.65466666667
323622,387905.962
323629,202697.198
323656,211457.74666666667
323664,291984.2130714286
323668,141571.0
323678,338101.598
323703,175698.63826666665
323710,174229.5763333333
323722,219771.984
323723,83746.284
323780,93596.884
323792,139746.74
323831,269530.6865333333
323894,121762.76825
323911,113330.0
323917,96994.223
323926,188006.0758095238
323944,151444.064
324001,199140.612
324006,163415.272
324023,159031.07266666665
324032,233499.04733333335
324058,172594.822
324078,158371.99333333332
324079,195630.50835238103
324118,212097.0
324146,212097.0
324152,120862.4
324158,561593.082
324160,854320.428
324236,125205.726
324287,1143547.362
324306,312656.7753684211
324371,782986.604
324381,88349.72
324395,143645.8049
324415,250876.796
324417,505728.48
324418,505728.48
324454,150360.328
324455,75186.99333333333
324497,100452.102
324557,107862.90057142857
324596,330837.558
324605,428224.436
324608,497647.478
324616,327212.838
324628,363400.0058601594
324634,354389.7014358634
324666,354059.7015238096
324716,520687.6786666666
324721,193902.586
324723,682774.3306666667
324784,226634.856
324797,266425.602
324814,588394.164
324819,1093774.5168095238
324846,92699.88533333334
324904,147588.11738095238
324941,324036.4785714285
325010,661070.1973333332
325044,395705.162
325045,388516.074
695288,156395.0466666667
695340,292365.082
695354,156305.53253333335
695495,176945.9504
695510,137517.3333333333
695519,742205.0979999999
695520,743324.8979999999
695565,152608.892
695596,239050.702
695610,249853.866
695611,257761.152
695614,102406.04742857143
695615,238399.706
695631,134473.2236666667
695794,206324.26114285714
695813,292445.4715
695828,225909.59
695877,349663.888
696061,208665.70466666666
696119,210133.174
696129,173249.398
696183,146343.114
696223,409800.224
696268,196874.17916666673
696269,455862.9153333333
696272,502460.4114285715
696273,500953.2352380952
696329,392770.2
696334,392770.2
696336,477786.9947619049
696337,478510.4947619047
696338,473971.2447619049
696339,474580.7447619047
696340,478539.4947619049
696352,157650.50166666668
696357,164000.03866666663
696508,141172.628
696512,114900.0
696609,216178.044
696610,199343.82
696645,152914.0
712644,174728.6213333333
712653,322615.1013333333
712676,136029.954
712685,267325.464
712690,216717.796
712692,279859.06200000003
712748,233624.164
712750,126092.61933333332
712751,205156.71
712768,175556.762
712776,223191.784
712780,232218.0921285714
712788,149425.4
712794,140650.0
712816,166877.5373333333
712817,109324.30924908425
712818,302264.238
712823,332398.776
712835,437729.2677333333
712852,144287.534
712858,245017.04628571426
712871,269944.22
712880,156756.394
712881,92520.368
712890,95202.09666666666
712901,201869.896
712917,293434.018
712999,158105.25556565655
713027,65822.53066666667
713050,147807.552
713084,109602.886
713098,173230.868
713109,85837.996
713127,97890.27
713151,111311.31733333333
713157,374236.698
713159,141348.47
713160,152024.17998419915
713169,116047.63
713182,210573.88
713190,98475.574
713192,112815.496
713197,199470.0119047619
713213,168018.378
713216,141140.152
713247,172807.95333333334
713251,295934.8016
713264,137215.59561904764
713309,140696.438
713319,286786.0538666667
713341,201808.8067301587
713350,896184.72
713375,307498.41428571433
713391,200493.043
713394,94156.04
713420,80527.02866666665
713421,303301.0
713429,90255.4
713432,190160.077
713434,215817.252
713437,181600.046
713469,330970.6666666666
713476,269034.1
713477,164844.046
713501,196699.256
713507,101076.21638095239
713536,217515.996
713544,205903.85
713560,199195.028
713580,133215.53533333333
713651,127615.302
713656,159240.758
713740,196870.0245714286
713800,388980.124
713801,126856.962
713806,287222.302
713820,100752.352
713823,106426.58
713847,220026.1997
713864,170004.96533333333
713866,158249.129
713868,212088.5923333333
713878,77114.78666666665
713881,168963.2327770602
713897,142202.94
713934,189500.87
713939,117246.048
713950,348980.46
713991,141826.256
713993,88069.33333333333
714003,154090.852
714017,201001.474
714021,158819.254
714026,502489.798
714064,107817.484
714174,90254.44
714196,276962.3993333333
714262,352371.3085714285
714353,119774.03857142857
714369,125875.886
714374,242494.618
714385,190160.077
714393,522096.986
714398,461216.5541666667
714412,225586.69666666668
714415,134990.336
714417,321023.6
714430,193901.50949999996
714507,192432.23533333334
714555,107055.84968067227
714586,330371.499
714587,190408.288
714609,109360.112
714636,293922.184
714676,66587.30672727272
714689,123500.0
714713,410736.01066666667
714721,91014.874
714725,140632.506
714774,113543.0
714784,176572.1303333333
714821,123851.4
714833,413164.734
714858,183214.76666666666
714864,186249.4
714871,126912.148
714874,593990.973034965
714890,226758.984
714911,151815.056
714930,336533.104
714957,174465.26
714970,129185.62750000003
715017,184847.39440000002
715034,269328.064
715036,540580.2830476192
715051,166855.83633333334
715078,139068.8
715080,128661.03933333335
715127,266670.1534285714
715142,133077.5005882353
715176,187813.838
715189,123921.788
715195,150028.3685
715196,127839.846
715264,122199.282
715291,164089.298
715295,208744.334
715297,306787.894
715305,67234.822
715309,144658.36
715319,177796.9
715321,100799.77
715381,91579.694
715383,233320.65
715402,290927.58
715413,373199.6030769231
715440,197970.592
715490,122540.494
715496,230203.6506
715529,74899.88
715546,143400.476
715580,67618.776
715584,160742.19133333338
715594,336810.87276471854
715611,162555.42119347316
715628,286639.782
715643,110655.75466666665
715645,210073.91725
715666,249414.868
715669,83971.488
715756,112294.2
715761,195468.8
715771,160752.464
715775,156760.65600000002
715779,156978.6573333333
715783,90485.31267619047
715789,94376.6
715799,177004.264
715801,260248.07333333333
715802,218701.95355555558
715816,184738.618
715819,124149.846
715854,107113.5
715885,203338.11
715904,196952.4623333333
715909,217996.654
715926,208035.31658333333
715960,167437.0
715975,133187.96
715987,418774.898
715991,87773.294
716004,112050.04666666666
716016,89543.386
716034,422001.474
716036,111252.46
716062,104487.622
716088,58920.394
716090,98746.3
716098,209897.2
716112,89846.8
716122,121828.8
716135,153611.6
716165,107674.356
716198,149845.76
716225,240594.472
716229,474399.9844690476
716230,99363.48
716233,147189.968
716243,125214.4207301587
716251,256967.1535920635
716252,96948.59433333333
716270,84560.928
716289,236654.112
716355,179478.214
716367,150979.73733333332
716371,299907.81926666666
716379,97035.994
716381,133642.066
716388,170156.924
716430,130575.09373333333
716437,126552.046
716439,147189.968
716453,82637.64466666666
716459,204427.918
716475,360457.2326666666
716495,207186.24
716516,311824.8
716564,180894.76066666667
716566,327220.05775
716646,171823.734
716652,145760.768
716677,147669.772
716680,130537.67961904762
716696,231376.25133333332
716716,146039.40771428574
716750,316785.2
716759,205012.24033333332
716761,231376.25133333332
716822,197945.6968
716839,95871.446
716905,299937.484
716942,160225.83266666668
716964,163688.71106666667
717008,398308.4
717022,148859.848
717046,90947.856
717110,78444.861
717123,415654.372
717146,86643.24
717179,165685.46533333336
717184,237108.35
717187,114167.898
717188,91727.71614285716
717189,294433.4147730158
717195,146447.05
717197,146540.55214141417
717227,103178.63763858362
717270,161496.49761904762
717303,174079.092
717333,125048.33895238096
717335,126894.084
717342,853672.176
717358,154223.6
717374,122492.336
717386,298854.70885714295
717417,119507.24
717491,73667.3
717502,70612.084
717549,178931.25
717570,227445.752
717574,59076.4
717602,205440.61
717626,242708.7568
717630,74743.022
717635,297870.662
717641,115324.936
717648,106491.2
717652,85788.912
717689,159689.696
717727,101413.09313333336
717783,200954.686
717808,184014.0
717824,212425.65533333336
717869,148768.788
717986,118045.52233333333
717995,60011.414
717997,235466.66466666665
717999,96678.25
718069,119101.55819047625
718109,194309.08
718113,232075.18666666668
718134,193558.0
718135,217671.748
718144,91389.76133333334
718171,360078.68038095237
718212,128110.8
718229,93648.824
718242,97454.89633333332
718310,185341.436
718329,189639.683
718331,89834.584
718349,297170.074
718436,98560.138
718506,113895.0665
718581,226435.27055271395
718620,99417.362
718648,189145.69164502158
718653,99628.4
718675,90307.13370238096
718683,169220.534
718696,125086.28
718697,164090.97533333334
718773,590330.55
718786,168989.398
718806,151512.528
718811,216745.933
718812,302470.4957777777
718841,145361.58
718869,385239.8
718891,496618.278
718902,147555.532
718919,206572.521
718930,200770.018
718970,254420.1226666667
719018,212805.89
719060,202363.5
719062,111081.594
719065,219540.26355271396
719076,339621.8
719091,145710.42
719120,88847.40996666669
719146,175413.39733333336
719186,102310.41533333334
719188,314495.26
719197,132954.83680000002
719201,138733.43593333333
719203,122627.0
719208,122627.0
719210,193330.606
719216,122627.0
719224,151447.106
719246,122627.0
719258,94667.384
719300,221950.79966666666
719334,93660.97
719360,399033.24
719377,169943.524
719415,111759.03466666666
719424,182988.936
719429,231577.3364
719445,362532.944
719446,363535.15099999995
719469,233697.8
719503,136189.5257777778
719537,259904.708
719593,111976.40508333333
719616,100053.41685714286
719642,80302.44333333334
719655,314117.096
719693,87629.884
719720,147821.302
719747,124750.68
719748,86374.92
719754,101194.45537777778
719784,95765.878
719794,103040.9
719802,113809.466
719806,77965.6
719810,121010.912
719812,103935.70293333332
719828,179008.718
719833,123072.38866666665
719882,83744.92
719895,145126.526
719909,143316.958
719971,89630.67333333332
720043,194887.68533333333
720108,281762.596
720119,107162.39
720163,82502.0
720166,147750.08057142858
720188,99367.5
720194,225237.14127272725
720274,115481.022
720292,115931.868
720296,119242.11666666665
720304,98381.2
720323,168839.648
720342,515064.8246666667
720348,191138.808
720379,105239.35533333333
720386,226435.27055271395
720388,170884.552
720393,118653.16666666667
720398,163809.248
720403,115221.55427482723
720409,277116.15266666666
720440,132309.9371111111
720450,101552.696
720481,83522.8
720530,199567.16
720534,108426.902
720549,91344.97133333332
720550,109264.3
720609,114908.126
720629,216202.384
720646,153113.46
720649,254880.016
720659,78646.00533333335
720745,211590.714
720753,96132.84999999999
720789,85352.72133333333
720879,219406.35133333335
720899,181748.1366666667
720909,127201.798
720925,178401.2506666667
720932,94013.008
720950,262883.792
720956,125082.825
720964,196594.81666666662
720970,132629.30914285712
720997,199979.42
721019,522736.336
721074,191489.682
721104,115464.92
721128,66810.966
721132,80237.6
721135,67195.56
721138,84499.454
721169,300254.679254902
721241,148276.452
721303,98555.89
721327,91882.61428571428
721355,182165.388
721380,90824.5118
721384,168989.398
721403,126191.598
721426,158434.584
721462,152128.836
721473,99519.768
721548,167729.0
721568,131270.88933333335
721574,129937.29533333333
721579,330865.5048888889
721598,146054.276
721634,185500.326
721647,363084.376
721701,82111.454
721727,160673.672
721746,124763.844
721751,331673.9
721773,107771.324
721806,70983.31669523809
721859,225071.91666666666
721869,359159.648
721922,179546.6
722035,745399.784
722036,745399.784
722125,70329.078
722131,123623.444
722173,97002.026
722181,348097.45
722212,120912.62866666667
722250,90417.41
722257,111236.93333333333
722262,186839.44
722278,306786.627
722288,90377.198
722289,82808.66
722312,158694.396
722332,78082.774
722333,138063.30619047617
722344,82160.8
722356,721640.89
722360,113705.93333333335
722388,139180.4742857143
722430,87481.78095714285
722458,105559.55623809523
722486,156799.74533333335
722515,126303.55376190478
722557,185828.80639999997
722582,371011.828
722592,107938.05142857143
722603,257652.698
722611,140969.806
722612,200089.296
722613,148976.232
722617,118020.234
722639,279785.573
722669,116470.954
722794,202944.238
722805,484753.892
722979,157150.38733333332
722991,828099.0
722996,348742.6290379066
723017,232330.66953333333
723054,151376.9
723133,409441.6
723238,283360.9751333333
723261,186245.384
723269,261873.458
723341,96383.984
723364,367301.838
723370,130904.54
723418,317271.494
723439,153409.676
723497,76643.432
723503,106042.092
723527,89084.3675
723559,100267.2
723569,72523.14733333334
723575,83220.786
723590,250250.734
723636,132768.282
723646,160640.688
723662,78795.6122888889
723694,701939.17
723703,356455.146
723705,112278.08
723726,189436.98
723746,66583.06133333333
723756,106599.6
723769,152194.77
723775,228462.336
723789,176885.82967539682
723793,115191.284
723826,146132.16
723846,148965.226
723856,73589.604
723936,325498.502
723944,183392.28
723996,93759.74353246753
724017,156972.98266666665
724019,173728.82860606062
724048,154957.708
724049,80927.74933333333
724059,488364.35
724070,461282.836
724209,151539.05809523808
724225,625466.0824
724230,200625.234
724234,214795.57333333333
724247,297943.998
724249,348640.396
724273,124611.546
724294,54424.424
724309,72708.676
724315,386860.522
724343,638792.0
724348,193502.2666666667
724352,260325.764
724357,204917.224
724385,81393.03333333334
724424,165423.53333333333
724532,169510.6
724560,174933.89733333336
724606,157343.0565
724640,213654.1273333333
724671,154569.62400000004
724797,84585.134
724820,64015.81952380952
724847,97580.382
724947,64890.46
724960,143943.596
724977,172551.08352380956
724987,818669.419
725073,109724.46233333334
725121,476089.18
725177,177244.7
725180,109271.94666666667
725186,128936.47
725367,161666.04066666667
725435,87418.46625873019
725481,143319.438
725560,170745.8
725581,79873.08
725620,188635.858
725646,71718.53333333334
725648,190307.668
725681,230055.0918071429
725683,75393.976
725741,70649.516
725753,120363.804
725778,118656.902
725811,101225.09333333334
725875,274029.0
725997,132506.34066666666
726011,456859.0612166667
726050,186746.68903333333
726064,217867.78583809527
726121,74858.28
726144,114401.31
726145,114401.31
726174,91661.001
726332,296677.3183333333
726351,57908.626
726359,187751.914
726443,125508.286
726459,121996.174
726460,70066.602
726461,167809.622
726470,345503.866
726488,79536.329
726491,165434.64123809527
726518,65316.65066666666
726642,392723.8386666667
726643,95662.76
726678,126467.434
726698,78598.066
726797,48783.208
726850,91542.604
726887,86857.67066666666
726898,226035.584
726904,715423.681
726915,420539.276
726976,245315.0
727014,127221.842
727021,134846.2573333333
727064,107504.62960000003
727101,399406.012
727114,76414.1
727129,86365.41952380953
727142,140773.02057142855
727160,72307.84
727168,257787.73533333334
727178,84463.645
727188,53303.676666666666
727198,73859.676
727202,187084.952
727275,96518.05466666668
727322,97409.7283
727334,168825.00466666667
727345,156827.34038095234
727359,145787.824
727364,78183.4
727433,102170.4
727438,77884.08485714287
727490,81213.598
727503,139038.282
727540,347451.48
727542,106362.19
727585,81290.90342857143
727593,67969.2
727615,113024.66
727627,122970.864
727655,189110.58
727691,146819.2137777778
727694,176484.418
727811,173114.98
727895,164753.428
728058,206849.185
728078,323532.404
728243,336339.1044786325
728309,196132.23
728352,112929.756
728363,275048.93333333335
728364,96116.068
728431,508587.6666666666
728500,87313.38
728503,150727.60117777775
728529,856481.1316666666
728582,113437.9
728586,129880.384
728694,172474.288
728709,147683.41166666668
728713,178673.58266666665
728796,164734.51
728798,205194.842
728926,128111.62
728950,115929.48942857144
728966,150010.55444444445
728985,97710.684
729017,109900.0
729075,435018.9790542399
729111,262689.95333333337
729119,221047.214
729136,177816.2886666667
729148,232132.314
729174,136842.39933333333
729177,115936.66
729181,140594.78
729203,93899.382
729210,228747.11266666665
729226,133502.97333333333
729265,153949.956
729341,67808.71
729380,216455.83433333333
729400,119192.95961904761
729445,162568.94266666667
729455,182123.192
729464,117289.21526666667
729510,353689.62466666667
729514,115299.222
729528,294920.198
729536,97910.28
729540,196990.2806
729554,107414.68476190476
729607,130173.424
729608,76198.46333333333
729625,206270.8262222222
729641,199020.98
729644,89341.6
729663,460584.8875
729721,566160.97
729768,352984.7011428571
729773,90174.26303571428
729782,226188.0
729789,169810.554
729812,199896.612
729831,119096.256
729845,118152.058
729990,96743.38
730059,89516.83542857143
730106,178752.808
730114,65182.15542857143
730131,68473.2
730151,84299.46152121213
730265,87481.8
730294,140026.36213636366
730332,88771.2
730363,248418.956
730414,97910.28
730524,108766.47272727273
730596,122623.13
730640,147434.882
730686,89653.1404
730881,154996.726
730894,139162.6155
730939,158130.516
731035,130000.0
731059,103109.016
731100,59883.1
731187,115847.89600000001
731206,166920.797
731217,154489.782
731226,159629.33
731245,361285.694
731327,233172.392
731364,74884.47228571428
731419,99413.72013333334
731420,97530.18447619048
731429,131620.096
731450,117584.022
731474,156700.78
731507,125698.19678571429
731508,122014.146
731588,111032.51066666665
731696,66723.678
731757,462488.592
731801,531104.6111666667
731833,68060.0
731851,64396.6
731874,689437.7173333333
732027,133152.188
732100,71525.998
732211,102211.8671111111
732262,112837.12866666667
732403,125090.78066666667
732408,191318.62
732440,122551.048
732456,282284.4343333334
732495,127152.4
732512,125109.40066666667
732513,145654.194
732518,76360.592
732657,185851.362
732818,102527.8
732911,152071.14105714284
732929,117081.04590231991
732954,113693.672
732965,184267.78561904762
732970,129954.168
732998,97910.28
733071,90785.618
733086,161391.444
733135,199240.21533333336
733209,135551.998
733485,620919.698
733560,138731.04733333332
733655,93821.482
733708,117363.6666666667
733722,63469.0
733753,70867.00919047618
733774,106020.894
733855,138024.556
733856,86980.42266666667
733903,118533.6
733907,90625.02422474748
733919,101415.84066666666
734011,105258.62999999999
734023,147166.104
734094,161864.86813333334
734149,227444.69933333332
734159,90887.16133333332
734160,161666.04066666667
734181,107678.98
734275,178574.496
734658,511724.3666666667
734708,214398.59
734725,238579.306
734836,250670.52490909092
735000,348742.6290379066
735007,127510.77533333332
735055,231320.0
735124,98100.812
735158,72185.0
735189,95681.488
735216,140550.7606666667
735230,179877.044
735232,122303.07266666666
735250,234465.85533333334
735298,122303.07266666666
735355,181175.67
735484,125985.31
735490,169378.6
735491,117589.482
735493,148168.908
735505,151458.04977777778
735533,132078.168
735555,151070.634
735561,78205.60089194139
735562,102452.998
735614,134508.4
735627,120912.104
735634,210904.2709025641
735698,59896.67
735797,256341.12771428569
735802,255919.6
735891,77485.012
735983,95938.416
736002,211408.6928611111
736030,111717.594
736051,112046.246
736089,79235.722
736143,254892.866
736169,90625.02422474748
736175,193875.39
736225,197282.462
736311,101422.534
736320,338231.444
736337,95148.2
736397,201092.54119999998
736443,117401.34241200631
736489,96120.412
736635,47125.6057
736651,393324.7336666666
736721,168526.588
736740,64581.832
736799,185850.37
736983,142602.11
737015,248346.6806
737075,165650.71200000003
737150,131914.75600000002
737209,188761.418
737263,243249.6
737285,93132.12
737397,116858.076
737458,441048.44
737514,154117.68133333334
737665,330000.0
737976,425732.0095294118
738028,174264.008
738143,134909.49833333335
738160,165948.53746031746
738192,107133.86
738314,484556.978
738320,108909.53
738381,225668.996
738406,71161.71
738433,136419.492
738489,99409.756
738491,104879.002
738574,122656.748
738723,216326.4501776002
738880,114539.996
738920,120929.162
739033,467637.36
739042,91869.03044523808
739182,62835.282
739254,87016.776
739359,183000.0
739360,183000.0
739364,144218.157
739430,96044.524
739497,101887.55066666668
739563,125275.63520634921
739581,279808.4653333333
739670,95604.40114285714
739702,69081.38946666667
739717,122159.698
739824,220811.556
740070,223847.47333333333
740158,149708.33571428573
740377,90256.87542857142
740499,223922.22676190478
740572,191615.354
740609,133813.688
740798,373424.788
740914,381488.056
740915,229855.06400000004
740917,150981.7173333333
740932,95000.0
740974,175241.9
740993,95000.0
740998,95000.0
741000,95000.0
741002,95000.0
741008,95000.0
741036,244850.908
741047,284712.1606666667
741111,912313.538
741171,147683.41166666668
741174,263487.582
741203,122580.74437426901
741205,170003.95266666665
741232,89885.466
741270,148749.536
741294,136976.3183333333
741312,151534.144
741313,627877.704
741329,101108.578
741401,159248.04665
741416,211600.0
741433,88675.79499999998
741457,381753.99960000004
741533,193351.732
741591,130248.872
741682,190974.89
741699,50614.26194871795
741808,183271.4026666667
741810,148616.352
741811,194754.1006666667
741813,151538.086
741824,190798.11266666668
741842,87224.99533333334
741844,89586.28933333335
741999,152181.396
742049,88372.56
742278,96957.002
742444,132056.99085714284
742500,88339.1311904762
742512,136145.286
742534,58961.316
742552,129451.914
742592,118174.2
742595,224960.332
742813,162007.6636666667
742839,101459.334
743024,99424.91416666665
743072,133099.106
743084,184562.19133333335
743131,89219.6
743197,318912.16
743226,146129.0736444444
743233,202994.046
743243,128181.472
743310,156008.426
743424,153876.8
743645,128491.988
743678,95875.435
743689,273540.823
743736,115969.37
743938,60799.4
744009,90375.4
744134,138479.318
744142,167105.78
744196,190199.862
744806,70733.11
744824,197511.776
744870,425930.522
744879,114142.728
744924,104756.776
745039,105355.34666666665
745099,719605.962
745109,252723.878
745286,182939.178
745287,148071.956
745364,119984.652
745581,141429.40126666665
745614,142963.022
745630,169845.26
745696,1005406.442
745726,76525.62133333334
745763,182155.458
745819,124293.30195238095
745898,339417.504
745924,125793.732
745960,61301.565
746269,83536.786
746297,165565.126
746353,170430.476
746361,226381.49666666667
746390,127712.674
746450,108711.56766666667
746513,389815.3872
746565,110643.6
746720,242786.634
746732,128012.192
746769,497970.706
746790,246590.8
746846,125000.0
746847,125000.0
746901,283891.054
747013,141822.726
747015,275146.728
747085,64900.0
747090,173548.00133333335
747139,76345.10466666667
747310,134206.48733333335
747474,244678.728
747521,139421.978
747537,87138.772
747736,146228.782
747743,156563.98
747759,111467.33533333332
747810,127883.63
747995,129516.748
748013,66129.09366666667
748040,273140.096
748058,211600.0
748060,211600.0
748073,195887.178
748106,129440.12
748145,167999.444
748150,387592.762
748172,219695.368
748287,142770.2131333333
748308,99501.098
748311,142429.1942222222
748429,70405.252
748523,148347.77816666669
748544,184268.84470808637
748713,159003.25609523812
748836,213146.084
748845,137172.2
748856,152775.508
748895,152030.0
748962,298769.63
749165,96650.0
749218,165609.30866666668
749232,89662.55
749255,155850.12066666668
749452,153609.552
749483,141102.65
749497,121166.58933333334
749502,189081.43
749504,169171.322
749521,211600.0
749571,198597.798
749671,333709.798
749821,301998.253
749975,77643.47720000001
750049,250670.52490909092
750155,100090.69
750174,92116.04385714287
750408,53834.8
750418,100698.948
750441,115411.256
750475,591297.2
750559,106545.694
750579,90638.15533333333
750669,142363.8
750683,201225.4
750740,136637.78733333334
750956,134590.14
751319,56259.28
751352,181536.332
751396,414500.9760000001
751416,114682.09596666666
751421,311706.8874704906
751442,94604.05314285714
751459,77360.28519047618
751587,81915.394
751714,121395.39214696416
751886,141623.188
751971,124060.002
752242,187504.028
752254,114597.41733333333
752310,54614.9
752576,231320.0
752705,53309.65866666666
752895,96536.75843333332
752914,434821.924
752994,68336.95933333335
753036,211600.0
753099,136020.0
753188,102768.178
753196,125066.66
753234,126500.0
753289,211600.0
753295,211600.0
753297,211600.0
753387,211600.0
753393,211600.0
753395,211600.0
753397,211600.0
753399,211600.0
753402,211600.0
753404,211600.0
753405,211600.0
753406,129569.666
753602,107507.42285714287
753948,190199.862
754108,87484.91607936508
754112,65368.306
754292,453244.19
754384,123018.97566666667
754763,128308.72571428571
754978,116676.6
754995,66955.88160000001
755014,174334.072
755055,170375.3886666667
755065,252405.948
755138,344784.96
755226,204222.048
755447,112000.0
755448,112000.0
755575,82342.6808
755674,88163.38533333332
755809,444078.29666666663
755892,97275.67933333333
756308,105137.38363492064
756620,81592.692
756836,514209.391
757366,258298.03996190478
757425,96907.6
757539,182385.767895238
757668,116901.462
757758,195811.76
757792,105437.282
757925,77629.08
757991,121511.60454047618
758122,92069.94
758135,144004.038
758325,198596.586
758344,210533.04047619048
758410,82112.748
758601,77729.504
758674,190740.0
758911,95200.0
759246,95000.0
759339,226166.766
759621,223892.742
759656,228159.44133333332
759823,188378.358
759982,95508.736
760071,251255.992
760135,90797.272
760172,101299.366
760262,281335.3406666667
760514,127656.146
760522,87767.96990000001
760523,87767.96990000001
760607,71241.1528
760760,102962.04533333333
760878,183214.77
761015,139534.178
761078,76703.98933333335
761137,120399.174
761182,103907.6
761221,178634.836
761226,227714.106
761245,163427.0
761273,188693.0468
761281,109900.0
761297,246474.532
761298,122360.4
761312,76700.0
761418,309515.2106666667
761437,78192.274
761449,93006.13601190476
761451,259805.50133333332
761462,134621.69
761597,101478.15171428573
761616,93503.129
761631,64287.6
761638,292846.1620547619
761660,340107.2461166667
761662,97752.4
761734,120024.488
761737,88637.8
761773,163427.0
761775,163427.0
761781,163427.0
761783,163427.0
761870,118962.62
761928,116612.44
762020,100175.96
762104,110174.034
762106,122957.052
762135,111598.79358874458
762140,190700.0
762146,121500.0
762260,320830.58
762277,110430.6
762395,78803.40733333334
762467,94718.29800000001
762485,189143.4141571429
762509,105523.40066666665
762528,185380.93800000002
762572,156765.29661666675
762642,110239.514
762673,187862.22333333336
762782,161293.698
762792,106116.498
762828,60895.46813333334
762848,149135.79
762862,78473.6
762894,105238.65466666667
762903,202854.268
762924,76840.904
762929,186702.9
762937,57703.0
762941,274589.82
762951,175929.356
762959,173544.50631904762
762965,148268.846
762986,64874.648
763016,460058.879
763021,299435.4000000001
763034,160233.37
763065,85227.61
763068,809770.432
763073,267285.07926666667
763090,390663.669
763152,109900.0
763153,109900.0
763212,215042.48266666665
763270,115803.196
763279,293282.682
763299,160469.82
763300,160469.82
763314,106076.63979047618
763332,119530.74761904762
763333,119530.74761904762
763334,123314.292
763337,124796.42533333335
763338,117363.6666666667
763348,116749.336
763349,84946.68533333334
763351,106939.8
763389,93609.70933333335
763421,114483.06666666667
763424,104255.458
763429,121459.93333333333
763431,94022.596
763433,81526.836
763435,114483.06666666667
763438,104765.79133333333
763439,82294.074
763446,102578.82088888888
763447,78386.912
763448,109963.15555555555
763449,115954.26666666668
763450,116749.75866666668
763452,104826.39133333333
763453,78386.912
763454,107064.8
763457,114716.02533333332
763458,112178.4
763460,78386.912
763464,106939.8
763466,109230.7304
763528,92853.73533333333
763572,118551.8819047619
763575,86024.26
763576,98534.6
763591,333246.44257575757
763627,90743.328
763628,226492.0
763629,226492.0
763631,90270.528
763633,89669.728
763634,89669.728
763653,120535.0
763684,84288.906
763733,90379.978
763744,86922.0
763764,171146.2966666667
763781,90435.59247062936
763788,100412.0
763797,83480.0
763842,127718.236
763856,49877.2275
763925,94929.266
763942,199225.988
764037,80614.84785714287
764042,109900.0
764044,109900.0
764047,109900.0
764052,109900.0
764103,83506.34354365079
764132,231733.2
764192,45337.4
764215,89027.466
764263,506359.294
764332,126657.466
764347,137795.872
764361,213311.35533333334
764368,579728.74
764413,341036.184
764414,174913.852
764496,102275.392
764544,352493.746
764737,73871.3
764777,78516.028
764797,69898.0
764822,190379.8693333333
764827,273824.0103333334
764828,68548.75933333335
764836,73146.54666666666
764862,92374.77133333332
764907,242673.9
764910,93048.234
764922,103076.95
764946,200159.574
764999,423892.6
765049,145612.93935
765056,91205.184
765097,161169.794
765112,124877.00066666666
765115,130183.092
765282,95998.057
765294,110112.05
765352,108376.064
765358,80307.226
765365,104461.64
765396,122702.386
765440,194578.746
765475,97844.09
765494,190700.0
765496,190700.0
765520,139742.6
765527,300998.12
765571,671420.748
765572,541134.042
765599,107998.75165612166
765625,200400.57960000008
765669,214766.188
765676,224567.212
765686,79490.50615384615
765756,190700.0
765760,190700.0
765768,267892.59
765786,85000.0
765832,129065.852
765840,89403.34
765853,190700.0
765854,190700.0
765869,100613.798
765883,122300.86587124542
765884,81646.268
765913,1098852.0
765938,88074.81047619047
766020,78984.08
766039,102862.04963780665
766052,197441.44866666663
766076,317065.82066666667
766102,77318.558
766103,144015.658
766106,86659.18421428572
766110,87092.52095714284
766114,122000.0
766137,62488.94
766140,131209.78
766142,385204.496
766151,101485.358
766163,246273.802
766185,76329.184
766212,142442.344
766222,190501.55266666666
766225,147496.182
766250,118439.06308730159
766251,179158.96607662336
766253,118433.6890873016
766259,56910.06
766272,179158.96607662336
766300,212107.652
766328,76700.0
766392,126643.592
766404,106143.09
766416,130000.0
766459,97351.92
766463,66587.89307619049
766464,203936.3786666667
766479,84859.11466666666
766501,198910.218
766550,95634.228
766648,97889.773
766782,105648.497
766785,626590.996
766808,91915.634
766824,76577.7245
766883,100959.48
766891,100250.278
766923,41448.78305714286
766951,59460.40071666667
766977,97757.56608571431
766984,532329.819
766998,210531.012
767008,245190.498
767009,98104.6
767047,90987.0
767056,206373.1916857143
767092,370242.4
767132,181283.6
767229,354624.5294666667
767253,124937.28966666668
767260,125159.28966666668
767290,134439.9148979221
767319,295969.19
767321,87973.6
767366,195233.65
767405,81197.594
767407,92339.58
767409,91140.706
767414,70876.1242857143
767465,183777.21
767487,108965.00223529412
767512,140597.51
767558,249817.5452333333
767705,286523.24171428574
767856,158665.972
768002,139649.912
768343,109544.43964285715
768717,85134.878
768790,139087.2905714286
768981,215968.74
769002,78182.138
769155,103226.11
769216,152065.51367272728
769226,141739.273
769575,107995.1
769599,122708.36504761907
769768,79803.436
769812,143048.4617948718
769898,240231.66598412703
769957,45319.7
770294,87344.99980952381
770295,84002.97746666666
770484,174155.4792
770520,149845.85766666668
770523,67201.6
770558,72225.108
770682,102958.88335531135
770744,84128.974
770751,112385.9
770765,285918.40438095236
770777,302398.8
770786,84847.98133333333
770972,140398.92
771112,89700.0
771113,125502.478
771117,126194.118
771118,105709.836
771333,177853.9339047619
771397,257268.882
771816,244436.32966666666
771858,172648.96034444447
772028,109441.388
772107,153548.026
772213,80971.966
772214,74382.596
774481,212060.782
774546,124344.97826160767
774699,78007.6
774950,261322.788
775137,281183.6946666667
775139,137928.338
775393,157334.59443333335
775537,112204.27333333333
775560,118698.204
775652,96762.478
775907,93670.594
776742,127332.7
776780,324739.0885
776781,176519.5290666667
776783,118698.204
776981,437540.57
777103,66482.295
777106,464219.4155714286
777107,98429.95644848484
777108,57836.51
777110,560719.9866666666
777117,220031.44
777118,375699.72466666665
777121,331668.77866666665
777123,415919.07163333334
777125,548204.6590952382
777210,207719.05
777453,203667.30666666667
777462,114246.0
777464,114246.0
777489,59057.53133333333
777572,221135.344
778274,164910.02533333332
778564,248659.6
778634,181328.372
778678,61900.59199999999
778689,225300.0
778791,109744.66466666668
778830,134732.34
778851,91340.34666666665
778906,182509.2146666667
778948,219414.734
778949,70482.2890909091
778952,83546.8
778953,79534.6
778956,160262.16666666666
778970,127257.456
778976,224535.904
779003,270562.2255
779077,117817.192
779114,83102.09354365079
779141,64970.02
779149,332742.842
779215,59692.392
779288,90920.68616904762
779384,101985.456
779391,105791.11266666665
779392,75271.33866666666
779393,189245.408
779705,82856.534
779738,123087.32566666666
779782,180200.63336363639
779867,374806.902
779904,205532.98390738983
779938,159790.6
779977,124438.09047619048
779984,65792.998
780002,688492.674
780020,361554.5184444444
780073,53534.92383333333
780093,79553.8
780095,147594.446
780214,151729.13727619048
780253,77636.66483333333
780353,200812.4835
780376,81139.25971428571
780395,96403.222
780419,83438.55466666668
780420,93265.854
780421,93265.854
780564,88148.60571428572
780596,161138.42
780669,131322.264
780694,96860.932
780702,84024.86533333334
780715,139999.6
780724,93397.972
780846,233145.042
780856,201458.036
780863,87591.828
780900,206664.45186190473
780951,125380.02666666667
781145,101452.45721428572
781275,270215.598
781371,88242.8
781416,67677.62333333332
781559,91329.752
781563,123083.716
781572,108287.06933333335
781698,82979.372
781700,107922.58366666669
781825,102454.37
781843,145000.0
781844,145000.0
781845,145000.0
781846,145000.0
781854,76725.12052380951
781859,348026.9525238095
781860,326716.4238974359
781866,99847.09266666668
781946,225373.32133333336
781982,275440.2492380953
782181,171300.632
782201,153203.7993333333
782394,153320.94166666665
782416,161813.17880000002
782443,181441.2146666667
782452,112090.536
782561,84414.7542666667
782627,149734.438
782642,336386.042
782665,81757.51
782671,95638.48933333335
782675,197427.31666666665
782693,76126.5976190476
782705,139997.497
782706,203201.1222
782708,100352.00185714285
782717,538227.5736666666
782722,98765.764
782761,62221.406
782782,106950.79114285714
782785,67959.408
782849,65191.942
782946,70422.424
783038,107352.71193650794
783051,153566.9835238095
783056,153849.0193333333
783125,158513.828
783130,147048.19466666665
783231,107843.78366666668
783260,602699.386
783421,279465.2
783512,120000.0
783559,118923.15685714285
783604,256174.3896666667
783607,836509.8
783636,116000.0
783654,75225.23
783811,117968.592
783914,151548.5603
783951,153685.62218039215
783978,192779.034
783979,192779.034
784000,291865.876
784012,127487.4
784167,79296.44466666666
784275,76117.0878
784431,109348.612
784568,94187.07426666666
784570,132416.368
784737,84522.94264069264
784762,171376.0942770563
784768,86730.998
784842,143601.852
785009,229256.95
785082,90586.838
785261,99183.86266666667
785408,92324.2
785455,53429.943870115974
785514,171744.6053333333
785588,188279.922
785808,130716.46848571429
785820,129020.4
785970,194333.5
785973,194333.5
786182,103359.544
786183,95194.04733333332
786346,181318.174
786447,148000.0
786450,113677.8
786451,140500.0
786452,148000.0
786456,148000.0
786457,148000.0
786484,148000.0
786521,182657.222
786587,121063.0
786628,713267.116
786831,225655.798
786859,88915.64
787068,82011.15316666666
787151,98193.07
787208,171375.484
787215,273341.75933333335
787216,273341.75933333335
787276,200154.94
787281,242477.706
787289,103309.5
787291,263211.188
787331,100880.4
787343,47522.258
787361,156569.27714285714
787369,153969.49714285714
787382,70000.0
787385,125002.288
787401,214325.0
787405,147750.0
787411,77641.93619047619
787454,74059.496
787485,54500.0
787486,54500.0
787489,54500.0
787490,54500.0
787528,185166.824
787529,213227.9946666667
787533,175099.24333333335
787535,140000.0
787538,120091.718
787555,143572.0753333333
787614,78676.924
787634,104018.56
787684,153816.06
787868,987094.508
788008,197039.092
788356,63527.94
788577,343859.23
788645,123141.00200000001
788730,214128.03893333333
788820,121933.746
788990,83416.33
788994,115798.86550476191
789179,665022.43
789327,90149.26643492062
789333,101741.74
789339,341773.0
789374,114152.312
789389,107153.30733333333
789555,118791.78466666666
789568,89268.72333333333
789619,119744.34706666668
789638,91608.63
789709,102956.796
789843,276523.68
789881,424997.40706666664
789964,348280.39666666667
789966,98483.48
790026,204980.9600952381
790038,252673.056
790115,122576.18144761903
790170,72945.322
790184,84162.80433333333
790414,88734.4
790625,181318.174
790725,202733.564
790798,108272.13
790912,112116.95
790918,191004.50933333335
790939,76804.92
791067,114250.04666666668
791077,115100.0
791182,217814.488
791219,201450.0
791221,115100.0
791296,89000.0
791314,351633.26933333336
791379,94506.418
791445,152019.4726666667
791581,296000.0
791589,131985.082
791600,131985.082
791608,296000.0
791617,131985.082
791813,132000.0
791869,183468.296
791870,113351.81
792315,104048.87
792695,153086.62493809522
793171,106622.696
793172,79742.16666666666
793391,322142.842
793620,90406.36780519481
793722,127781.4
793967,118919.944
794344,181864.314
794498,137509.6
794573,67461.186
794576,97103.61788114664
794897,351823.4572359473
794968,76850.564
796060,149686.94
796252,152002.39633333334
796300,77956.5
796537,195836.734
796582,400604.85
797433,157030.048
797488,125297.4
797489,70689.76
797540,156339.524
797866,57796.262
798010,322142.842
798026,101217.182
799178,88348.114
799179,88348.114
799190,88348.114
799234,101792.53180952382
799315,344173.293
799472,188472.524
799498,97557.058
799561,97016.5
799652,88011.63888888889
799732,238920.93533333336
800022,96006.866
800237,91570.6
800456,182381.2212166667
800963,231554.768
801193,47226.264
801250,79556.48010023311
801281,71351.2
801487,133794.858
801497,86776.666
801503,144492.2
801504,91892.591
801727,125328.4
801954,124782.792
802096,106456.496
802163,114109.764
802196,243490.904
802200,131795.93883333332
802270,127918.312
802271,76123.162
802331,105659.54133333333
802349,107007.0882056277
802375,84118.798
802688,78001.0
803023,122460.4
803138,47490.203023809525
803310,88571.274
803839,100362.526
803941,94988.4
804236,115029.72
804237,137593.93533333333
804318,79151.164
804335,73576.996
804516,111230.9
804572,69190.6
804611,191209.996
804663,146927.15402380953
804859,100503.392
805515,316855.08386363636
805577,146887.0166666667
806450,129456.708
806493,923505.386
806508,144791.9502777778
806655,86100.0
806775,145599.90533333336
806865,79764.80666666666
806936,124045.79
806937,206227.656
807537,133492.598
807824,93543.74
807826,93543.74
808024,72702.564
808123,83235.09953333333
808180,79661.804
808340,106566.86933333332
808644,88987.878
808647,87037.5224761905
809443,196595.048
809444,205528.6102
809711,226998.624
810556,84756.616
810560,181594.58605
810574,81052.4
810705,85525.93723809524
811018,65472.8
811028,141576.4
811104,84882.10476190475
811659,201933.6
811817,128087.516
811944,155294.398
812472,150493.578
812587,159135.292
812588,120770.71400000002
812762,109136.75967619046
812914,167475.12
813322,77642.5
813323,77642.5
813324,77642.5
813361,382453.0
813430,148386.134
813750,545220.7564761904
813797,89135.393
813800,83871.478
814059,158268.07083333333
814159,250875.51166666666
814247,149047.14233333335
814306,506635.2399166667
814308,78669.394
814310,87157.4
814313,99918.78873333333
814338,96377.584
814378,113423.76142857141
814381,97795.274
814390,240897.85
814448,93360.07047619048
814449,93360.07047619048
815043,150554.486
815287,86321.88
815582,147040.104
815585,219137.37466666667
815640,620239.0
816479,68318.9
816525,80819.78533333333
816552,104054.446
816589,142642.199
816592,80457.36400000002
816594,140782.29
816608,77755.31142857144
816611,193076.572
816676,121750.0
816679,121750.0
816850,96783.73926666667
816967,155608.84
816968,189029.41360000003
816969,192145.99959999998
816972,238527.902
816974,137653.246
817091,229967.842
817550,280437.676
817647,127612.812
817658,111793.97
817662,127049.65555714285
817752,125435.76061904764
817883,243799.488
817978,219224.308
818057,141460.108
818059,402468.252
818170,164045.004
818217,149679.796
818229,128593.53133333333
818316,475970.952
818405,121102.047
818412,75998.78
818488,223670.16666666666
818498,223172.83266666665
818519,223670.16666666666
818520,231448.03333333333
818601,316267.65
818620,212465.392
818629,385986.628
818668,100207.48
818906,153181.838
818951,107710.34194219792
818981,103941.4
819022,94984.16541813912
819052,166663.53333333333
819088,118439.06308730159
819090,179779.81474329002
819154,80222.23
819224,186416.582
819477,180960.0
819505,175777.67066666664
819532,79149.28463095237
819599,97794.123
819624,199152.558
819689,127714.0
819690,127714.0
819694,127714.0
819729,142641.39
819737,128405.28
819839,158575.23
819946,208872.778
820010,112000.0
820047,165050.512
820221,139709.2
820343,102861.414
820369,201522.49150000003
820444,384500.0
820485,76654.258
820520,95900.324
820534,112864.02
820549,72238.75
820550,161602.148
820560,127908.96
820576,81956.84823809522
820608,405551.334
820640,77309.5
820668,162025.5
820672,78435.89476190474
820758,80431.61333333334
820763,125418.60266666667
820797,143788.59333333332
820936,141950.09
821001,67313.98
821049,84871.63
821050,84536.416
821087,128276.42366666667
821251,145015.47178353812
821372,79288.59816666666
821381,79288.59816666666
821423,99780.752
821616,92631.0
821664,108793.50866666668
821715,90971.5869047619
821753,169969.198
821791,68694.656
821800,169691.43666666665
821820,108718.866
821825,115157.88735714287
821826,1104299.574
821876,100068.79666666666
821888,98960.088
821895,86956.12066666667
822024,119205.538
822169,65079.448
822190,213755.58666666664
822347,139909.674
822354,154623.76066666667
822421,140663.576
822422,215653.058
822432,225000.0
822445,102138.6
822453,92623.78708333333
822456,593475.938
822457,71494.078
822552,243021.02626666668
822622,179100.0
822624,179100.0
822635,58277.77
822656,134823.396
822684,149820.87
822688,65983.11213333333
822777,136593.422
822785,231141.86733333336
822858,92698.48333333332
822880,92569.08133333334
822882,189577.732
822883,189577.732
822930,162877.808
823118,117965.47521428572
823126,104400.8
823190,123449.70000432903
823243,186574.086
823305,96697.8
823338,246348.85799999998
823411,209806.276
823441,96953.44
823596,57052.76266666666
823639,162483.79
823761,159043.39
823773,154804.9751774892
823798,114119.478
823815,154366.17597619048
823830,193032.498
823846,151168.352
823949,183250.5273333333
823958,191882.622
824041,97020.828
824138,124279.58
824141,86576.766
824236,161650.0
824250,71672.612
824261,147170.4325
824528,104628.2745
824533,104628.2745
824564,82966.952
824568,92171.142
824571,161000.0
824575,160112.11884444443
824602,104628.2745
824686,109417.92426666665
824788,272382.95933333336
824810,170003.95266666665
824857,104628.2745
824886,51488.96
824906,177703.528
825094,106078.74666666666
825107,253741.842
825186,146782.86933333334
825386,122716.762
825462,85474.251
825470,123500.0
825472,123500.0
825473,123449.70000432903
825700,144486.676
825862,128120.43
825950,195840.7
826171,123063.45048333333
826173,123063.45048333333
826309,182093.44933333332
826322,182542.8693333333
826408,629330.393
826453,78810.616
826522,111298.122
826555,215443.9762943723
826607,143659.52833333335
826650,135115.81
826863,95279.958
826864,90772.014
826881,95187.496
826893,275353.828
826896,73863.7
826968,102541.501
826977,102553.101
827191,83385.73682857142
827214,177440.582
827230,111985.034
827234,116027.6631111111
827325,455479.6658095238
827359,117939.422
827399,149500.2728253968
827481,297756.40276190476
827619,111613.848
827688,146700.0
827711,645395.8
827954,327928.26573333336
828025,67251.364
828031,184972.4
828082,117288.1
828144,163126.59
828174,163126.59
828265,125103.72533333334
828273,113162.47833333335
828285,155566.336
828351,501223.586
828477,120682.3952
828604,121025.66
828623,95256.748
828718,227997.51
828750,116354.0
828793,131024.6
828812,136348.306
828827,115774.7
828862,192412.238
828965,211333.79866666667
829067,86656.16
829087,172707.38910476188
829171,758583.04
829240,348504.058
829278,79434.475
829282,207865.8
829293,93759.74353246753
829295,129636.15171428572
829318,110485.01
829322,136000.924
829336,128033.29
829344,187933.0
829351,256165.54640000005
829359,197700.0
829367,197700.0
829372,197700.0
829378,197700.0
829383,86866.11633333332
829389,197700.0
829390,87882.8366
829395,111759.03466666666
829413,116463.14314285717
829417,187933.0
829419,187933.0
829599,203157.314
829600,156439.976
829612,203295.7
829673,130204.93428571428
829767,280804.33
829883,74009.626
829947,105109.47726666668
830002,121112.4
830122,60109.676
830143,91105.25866666666
830151,82875.29392857144
830160,139100.0
830199,91417.012
830245,194279.118
830262,235000.0
830265,231376.25133333332
830279,372392.586
830280,119604.197
830333,80188.91331428572
830384,70743.53
830410,90725.83066666668
830446,94364.58466666666
830448,62001.89
830535,147432.57
830581,86367.45633333335
830587,163576.648
830702,93340.446
830731,166877.5373333333
830739,104240.528
830764,400499.21433333337
830772,76105.192
830774,76105.192
830971,207856.19666666666
831037,84042.288
831091,223068.759
831105,156832.518
831106,260268.6
831112,97534.154
831247,221068.0
831261,138981.558
831269,164229.346
831321,112818.3675
831459,105348.978
831529,66792.442
831628,387361.588
831792,68519.68
831881,185465.33688888888
831882,186277.0
831883,186277.0
831884,177730.0346666667
831910,190098.61685714286
831944,202271.524
831946,230847.5508666667
831947,230957.0
831949,230957.0
831950,230957.0
831960,192714.288
831961,170098.868
831974,239190.61
832022,113166.436
832156,491509.05
832213,192575.816
832254,245804.74147770554
832261,268520.856
832343,76583.076
832367,190871.994
832436,141816.344
832439,142374.323
832460,319800.0
832470,88296.38
832511,101306.216
832513,108489.19
832624,110266.272
832707,118836.96114285717
832726,121945.76616666665
832780,375745.082
832924,199740.47
832953,183430.48
833013,176437.7895
833045,194333.5
833051,177921.4
833052,337212.4
833055,185380.0
833056,185380.0
833057,185380.0
833058,185380.0
833091,101493.1
833216,207194.98733333335
833233,98785.46666666667
833350,117127.274
833459,89188.508
833510,157947.216
833525,204388.386
833527,103668.8
833554,750827.318
833634,138079.394
833668,85429.538
833688,245861.0
833789,257569.73933333333
833827,167799.75857142857
833846,160000.0
833858,89378.4
833886,260349.7
833925,96947.558
833968,75121.89
834026,216410.2950909091
834042,197438.054
834049,179243.178
834113,383467.786
834265,78078.476
834280,170721.184
834315,110074.394
834335,146898.55833333332
834341,120819.33076190476
834343,80209.36933333332
834348,80256.706
834350,169000.0
834391,187528.60238095236
834443,142272.772
834451,103321.73400884672
834514,164521.336
834613,373753.91285
834616,363802.108
834623,394451.21897142864
834662,87541.934
834702,169334.0653333333
834746,235571.622
834751,227834.39
834764,128170.42866666666
834785,192920.44533333334
834788,110151.70366666668
834836,167775.476
834858,157260.54
834903,182657.222
834917,155221.0
834959,182136.986
835037,97300.56
835090,110651.698
835122,92626.472
835129,169510.61333333334
835137,197822.446
835262,215530.95
835290,140000.0
835307,215098.58
835336,86873.63
835361,84691.854
835388,197546.07
835459,92192.102
835465,130626.654
835522,230407.07333333333
835523,98711.028
835635,115080.0
835651,161159.0
835661,161159.0
835673,125000.0
835692,145000.0
835759,96343.19466666668
835813,359555.8
835814,359555.8
835816,359555.8
835884,534211.82
835965,164818.76
836013,181957.286
836041,101262.44385952382
836103,117423.96404761904
836173,204573.998
836254,334623.49
836316,235187.068
836341,192551.624
836417,81417.87498412699
836550,88573.70226904763
836555,135374.8348095238
836556,124037.574
836559,121568.858
836561,124037.574
836562,87021.0
836563,115240.508
836564,124037.574
836566,79819.71896190479
836735,125074.62946666665
836782,121241.176
836821,158397.808
837005,469157.198
837092,151902.3888888889
837095,151902.3888888889
837197,311957.50636666664
837467,128267.636
837506,233456.128
837521,137433.5687272727
837550,98806.2832
837592,90904.4
837618,132270.72666666668
837632,75458.85888888888
837642,137593.11228571428
837658,89566.598
837769,121078.236
837779,121078.236
837784,160808.73104761896
837831,200588.48566666667
837832,90557.244
837836,180236.76
837961,112341.254
838054,71553.518
838186,76441.71643534245
838254,110462.84533333333
838257,162745.42
838287,233640.062
838374,99500.0
838443,277637.32
838471,127527.142
838609,89448.6905357143
838636,95433.83733333333
838681,123925.126
838696,52024.532
838729,182540.374
838745,178352.25066666666
838778,83535.632
838834,88690.12333333332
838840,202470.3624
839042,257956.726
839134,196572.798
839179,107987.19
839299,193211.32309523813
839328,192550.05
839358,126507.67066666666
839379,161918.24158152958
839481,120281.10571428572
839688,213482.66266666667
839804,139306.0372
839807,139306.0372
839857,313994.2486666667
839875,113235.14952380957
839896,105907.7
839906,107173.00319999998
839907,111799.94837362638
839912,102413.8
839923,106933.42436666666
839964,80784.1896
840015,132541.756
840075,89276.6
840137,90709.7652095238
840187,74087.487
840267,88273.5
840277,88273.5
840279,88273.5
840282,88273.5
840284,88273.5
840287,88273.5
840313,73016.25633333332
840333,71489.61433333333
840334,141142.692
840337,132541.756
840425,910227.76
840558,417258.0
840569,166655.134
840632,117569.098
840829,113391.7088940171
840859,241559.86660606062
840895,107375.532
840951,88020.473
841008,84111.06933333333
841041,123160.354
841075,129396.82822857142
841077,280930.8161150793
841273,147034.24886269844
841289,166357.524
841313,94286.53431666666
841337,160562.75466666667
841354,295283.39133333333
841376,175585.55269047618
841400,176311.3048
841446,108530.778
841484,272177.768
841515,158425.982
841521,121017.44
841536,178928.59173333336
841557,182657.222
841585,103653.368
841696,231320.0
841763,187495.984
841803,81947.1991554834
841851,761155.6
841869,139965.95333333334
841984,155014.56
842034,240309.0934803141
842041,77949.75286666669
842044,101874.7156
842056,161604.2
842219,164976.25557380958
842222,101145.08033333335
842243,202455.324
842245,169000.0
842350,169000.0
842357,135685.58266666665
842459,93933.02
842460,232517.8
842623,92598.22
842624,567773.282
842791,123084.728
842797,148204.532
842808,128390.62466666666
842868,308051.6029
842953,549294.2
842960,101865.994
843026,61196.67207936509
843041,96290.24733333335
843066,77234.772
843070,81062.53266666665
843072,227463.242
843183,143385.9673333333
843192,98500.0
843194,98678.05666666666
843197,93656.498
843201,98500.0
843205,126367.474
843339,100000.0
843353,128234.138
843397,54647.384
843417,100000.0
843468,117870.014
843471,128900.0
843505,100000.0
843512,109856.92614285713
843536,213381.55804761904
843564,94425.19415151516
843575,122234.97723809523
843622,112421.0
843737,111291.5585
843742,78191.254
843767,84000.0
843770,128484.472
843784,94235.95333333334
843794,162320.04
843797,101110.094
843906,78973.808
843914,57263.0
843942,165098.702
843943,69746.608
843979,138430.444
843980,94080.00785714286
843993,67905.446
844008,86597.508
844035,57041.352249769654
844085,140287.0
844097,140287.0
844104,140287.0
844109,147636.38933333335
844110,129822.11038888888
844126,171801.5
844162,110347.17
844165,140287.0
844198,84878.22333333334
844211,91864.00533333332
844233,136301.826
844310,69103.898
844316,89307.95014419415
844329,75000.0
844338,75000.0
844468,237702.12
844503,160252.32306666666
844536,102320.91428571429
844539,101492.21428571429
844564,154200.0
844590,261483.9
844617,174187.422
844640,224423.818
844716,85598.194
844747,79549.40539862915
844748,79500.0
844755,79500.0
844762,79500.0
844789,79500.0
844804,102000.0
844846,213564.358
844847,144101.99666666667
844849,213164.998
844855,213564.358
844856,65038.065
844857,147996.14466666666
844862,159284.54080000002
844886,93479.8485714286
844915,202782.0
844925,107618.35366666668
844991,150199.0
844993,65038.065
845024,134622.172
845033,86995.36266666667
845082,263534.66466666665
845083,258516.67292640693
845096,112889.80333333334
845106,207035.0
845107,105294.30133333334
845121,92192.0232380953
845124,94825.19238095245
845155,148216.578
845166,72087.59620952378
845183,218490.6429
845217,177491.5123629905
845244,157473.188
845251,106563.27799999999
845344,104175.63066666665
845370,198108.316
845397,95400.0
845405,189780.41485714287
845471,102523.42677685275
845486,112337.11753333335
845528,96393.462
845534,104564.06199999999
845545,110718.0
845594,119200.0
845685,76336.888
845705,120160.14552380958
845720,117121.954
845802,86462.842
845879,93106.54025
845943,78964.4
845962,155316.01904761905
846140,447929.06837229436
846147,887021.018
846152,98518.91760000002
846284,173141.162
846499,108867.57925
846556,139134.56
846559,116354.0
846573,86500.0
846575,200043.434
846768,98173.21666666666
846871,241946.21
846968,65889.93130000001
847095,73700.0
847100,48760.194
847161,70203.37
847191,969201.502
847227,86000.0
847230,73700.0
847306,319269.184
847476,141679.466
847537,39493.17405714285
847657,176930.33
847727,177293.922
847766,224716.31
847773,89293.0
847809,216401.2
847861,113148.0
847892,124418.65
847917,136250.47666666668
847950,238100.7
848039,89158.792
848093,92206.6
848095,449838.166
848112,320500.5
848157,155269.99333333332
848164,106858.368
848302,122265.67333333332
848330,205635.84933333335
848365,414972.4206666667
848375,148211.02
848386,111217.182
848437,89893.412
848493,158209.294
848543,102162.51933333333
848549,185168.15857142856
848623,116875.896
848661,139066.723
848707,76926.674
848775,160756.44813333335
848843,253175.058
848978,118409.35
848989,181383.0
849002,105132.39742857142
849024,116354.0
849047,121207.58
849062,139517.44666666666
849064,122260.36
936612,76700.0
936685,130128.39555555557
936696,383217.12666666665
936725,181187.49
936735,54341.2
936772,83030.728
936806,102187.02133333332
936808,187025.68
936854,91338.64
936871,167201.516
936899,145000.0
936915,95851.25416666665
936923,93606.1
936950,193843.258
936973,113948.73
937001,111487.04
937003,174604.522
937056,229122.4795706349
937090,272147.2
937110,160855.53526190476
937130,109091.03266666667
937183,626218.524
937255,128955.25
937276,557897.8
937318,152013.84
937335,110481.682
937337,381879.53106666665
937358,101498.696
937360,101508.496
937362,101508.496
937390,264769.692
937462,166500.0
937472,166500.0
937477,166500.0
937493,145837.278
937518,62502.098
937519,62502.098
937555,66289.847
937658,221499.15352380954
937662,122491.0
937663,93183.0
937665,93183.0
937676,156054.764
937694,136206.77
937735,127037.29
937740,532088.514
937751,185678.382
937776,179904.77542857145
937780,91154.71
937812,84252.172
937813,84134.172
937943,75841.832
938043,132038.22885714285
938056,200078.348
938064,67360.288
938068,90248.854
938080,119022.012
938114,203745.38509523813
938187,87137.894
938204,481778.0
938206,135716.51119999998
938209,102663.1
938212,153764.78206666667
938232,72000.0
938233,85978.048
938349,538447.702
938350,678654.344
938351,866045.162
938354,692642.194
938361,625986.082
938362,677259.304
938363,889491.432
938433,688855.566
938579,351780.24
938635,109212.6
938636,115924.39866666672
938637,106470.894
938639,127332.24603174614
938651,316368.974
938670,103146.95999999999
938703,120114.81333333332
938705,120420.64666666667
938715,119303.47733333333
938733,121303.90683333331
938812,109212.6
938814,108769.448
938894,409993.0866666666
938913,74776.53386666666
938938,191877.12733333334
938957,211606.218
938990,54932.324
939010,186885.02
939028,232629.61
939075,88762.19180952382
939121,99376.30785714285
939133,82203.786
939146,342413.33527272724
939224,104900.17666666667
939227,141408.33733333333
939256,124000.0
939297,534543.516
939305,106445.0
939310,317855.5535315018
939349,126499.976
939360,147145.25868181817
939392,112813.386
939400,176800.0
939409,137251.38027139526
939411,145304.85959523811
939414,141118.0932619048
939420,137696.8430758686
939421,142226.97720129875
939438,503085.926
939494,235943.748
939496,144837.9462619048
939497,137123.18027139528
939501,99205.61621111113
939587,97305.994
939589,90726.96
939629,543036.8068674603
939636,81822.55266666666
939645,126500.0
939650,452897.734
939666,76972.482
939669,276975.66216666665
939711,89177.63266666667
939877,139364.996
939886,111149.052
939890,102686.1779047619
939892,132734.93733333334
939905,104705.498
939930,167936.028
939935,448408.2573333334
939960,264247.86
939964,194348.76
939970,72994.06
940066,72584.8648
940094,131144.0
940095,157283.7868
940096,291430.3406666667
940118,93812.10853333333
940138,111233.1
940168,136124.448
940172,136124.448
940240,96860.86
940262,81637.55866666668
940282,188705.35872842712
940283,188705.35872842712
940336,139494.13
940389,277794.651
940487,309219.156
940552,228466.06066666666
940571,175369.906
940579,78111.112
940602,262799.0
940627,338017.199
940735,82961.964
940740,145106.718
940742,207598.306
940767,294437.2833333334
940788,180340.998
940807,99964.67313333333
940855,96201.776
940868,118560.37196137197
940875,118560.37196137197
940876,184644.074
940890,807746.048
940950,80000.0
941026,210398.718
941059,244899.831
941089,150570.696
941112,153869.252
941121,412653.1966666667
941123,64496.2
941146,103312.414
941344,121974.71
941346,863915.462
941369,172676.386
941370,166135.2876111111
941373,149398.035
941384,74250.78761904761
941500,103466.89
941524,96709.0
941554,67662.63333333333
941713,113390.98798888885
941780,102870.974
941782,241612.92
941786,136143.74066666665
941790,107686.0400952381
941791,85736.44123809526
941792,110903.524
941793,214514.71333333335
941797,87296.0
941798,92231.178
941801,79594.42
941810,99573.358
941826,185686.762
941843,93087.36586165843
941862,107600.0
941864,118500.0
941867,107600.0
941875,99950.0
941876,107600.0
941881,155232.954
941883,88085.13166666667
941884,114800.0
941891,114800.0
941919,120847.052
941959,132912.93966666667
942057,275681.394
942070,309338.3
942098,230000.0
942103,230000.0
942105,230000.0
942106,97587.6
942109,95111.7
942111,230000.0
942113,114350.668
942115,230000.0
942116,112149.648
942130,142726.094
942139,77483.946
942145,207491.538
942168,173256.16028571426
942177,131419.8800952381
942181,125331.31633333335
942196,167527.318
942210,88457.0
942217,114366.9
942275,148942.8353595238
942370,178286.83028571427
942375,178286.83028571427
942383,233145.62
942415,220556.16
942422,68968.4553809524
942463,71953.196
942469,110204.384
942480,99205.61621111113
942488,92457.87066666667
942583,125331.31633333335
942628,165089.678
942635,80935.268
942636,80935.268
942651,87598.184
942653,480082.24
942655,87250.188
942657,96717.74233333333
942741,845162.86
942753,268422.184
942779,139624.0139047619
942802,87298.71466666665
942843,81347.242
942844,249483.97371428573
942890,370836.95
942964,73836.836
942968,119235.71933333333
942969,119235.71933333333
942985,125832.874
942989,239012.8
942990,135019.086
943022,61917.198
943032,107762.19916666667
943039,571487.376
943044,134331.46533333333
943112,147050.894
943140,118839.808
943141,148393.77509523815
943143,118839.808
943145,85916.794
943149,112853.56914285714
943167,225067.96966666664
943193,169253.19466666665
943238,162051.90787777782
943352,105275.37133333334
943368,92457.87066666667
943373,135019.086
943397,469034.998
943398,189925.4
943402,156116.338
943412,203659.6
943473,224120.47266666667
943478,128130.558
943482,267294.74
943484,183090.03
943489,95330.61173488622
943497,500861.766
943503,179234.124
943504,206008.60666666666
943505,211083.984
943592,79003.321
943684,67531.956
943693,123548.48958571428
943696,491470.5386666666
943698,88517.86516666666
943699,93223.872
943750,272601.372
943756,723892.5853333332
943782,97364.2
943783,81915.394
943810,200584.0954920635
943821,583373.852
943822,209473.278
943872,95330.61173488622
943889,228417.598
943928,78413.858
943939,168569.0
943944,67504.72764285713
943953,190593.8
943954,165422.655
943955,145009.8
943960,165481.116
943964,130678.85133333334
943968,152900.0
943969,152900.0
943985,124679.18
944000,152900.0
944002,122764.99133333332
944018,512290.642
944025,99583.264
944030,89761.76145555556
944101,81175.49533333333
944105,76718.876
944256,352298.76
944265,111900.0
944289,118268.0730666667
944295,127301.02
944305,75600.0
944306,75600.0
944312,75600.0
944341,160714.606
944342,160714.606
944347,111900.0
944360,180800.0
944384,80896.0
944425,195036.53841904763
944434,94906.25494993896
944435,87900.0
944436,87900.0
944442,645081.528
944552,199836.748
944568,250884.92866666667
944662,86009.022
944671,182571.832
944683,94870.78222222222
944887,191172.56466666664
944902,231905.206
944906,130643.52333333333
944913,131008.644
944921,111948.048
944935,89817.328
944942,106837.8
944943,106837.8
944955,426842.288
944967,494879.102
945015,181041.946
945046,180792.47041666665
945082,83745.71533333333
945116,91319.064
945151,200119.444
945180,59332.2
945181,59977.7
945182,182471.744
945273,75000.37066666665
945283,125599.57
945305,64633.992
945332,95804.32533333334
945388,61147.872
945444,206237.434
945448,654180.744
945453,147549.4196190476
945454,263337.184
945470,131359.618
945495,234696.548
945498,215324.1
945505,229620.016
945513,133649.82344444445
945554,182293.166
945590,103218.97933333332
945627,148578.89416666667
945628,152010.81016666666
945629,147753.29416666666
945630,147753.29416666666
945749,125145.13942857146
945790,330265.6500238096
945801,503819.312
945838,121319.776
945839,132073.9745
945840,131751.3545
945843,88944.53613333333
945880,71780.88
945900,143926.6142388389
945901,143815.8142388389
945902,143926.6142388389
945903,143926.6142388389
945940,87582.8988
945942,88874.43613333332
945945,103958.91
945946,103958.91
945952,176309.15333333332
945965,1147602.354
945967,823681.368
945997,87918.268
945998,204709.882
946016,130697.09
946307,91086.86251817716
946318,260136.98533333334
946327,190624.392
946351,83204.71466666665
946358,155752.04
946373,113725.054
946376,173006.622
946385,144778.452
946386,136872.386
946397,81894.41133333332
946398,74305.8
946401,88593.20333333332
946403,179862.87533333333
946433,80308.598
946446,63594.46466666667
946447,84795.12836363637
946448,141080.04
946462,80289.39583333336
946463,79060.53571428571
946492,187879.785
946496,87743.624
946540,265162.23
946541,225398.16
946591,120156.13238095239
946601,112475.182
946638,258671.952
946640,77906.736
946653,83679.64
946678,489508.332
946687,124608.0
946688,124608.0
946689,105203.20904365079
946716,144633.32933333333
946732,202475.752
946738,168968.0803809524
946746,203659.6
946779,87857.38733333333
946784,109955.892
946788,125044.6
946820,206128.836
946836,123332.2
946870,64468.398
946873,64468.398
946896,91585.96
946944,81669.006
946972,119085.41
946973,104273.478
947007,79095.26
947031,129049.16466666666
947057,135817.776
947141,146765.608
947176,171301.773952381
947187,171893.54343589747
947206,580356.496
947216,561428.7586666666
947274,710552.0013333332
947300,418347.2
947332,826789.736
947383,121372.68
947395,196580.24
947405,493027.8023333333
947436,100152.164
947473,101146.10657142857
947495,115124.15134523809
947530,125625.657
947537,323295.08695238095
947552,181507.866
947564,177345.148
947584,227409.585
947625,73463.32007619047
947677,586409.5258629147
947689,105647.668
947698,163729.7363333333
947699,240623.288
947700,233020.916
947701,75790.29139682541
947702,76325.692
947725,100552.55066666668
947743,140073.6
947833,293248.074
947872,169396.7
947881,130700.198
947930,144846.186
947977,395608.95
948034,92719.0
948036,92719.0
948039,92719.0
948066,136490.164
948107,266211.862
948115,150223.442
948121,92719.0
948137,179226.085
948148,225621.964
948306,222192.59698614717
948339,436231.88779999997
948361,243323.8
948386,144154.766
948387,144154.766
948388,95412.33559999998
948423,197572.846
948470,157250.114
948479,132616.0
948484,105074.236
948486,110381.084
948598,131090.759
948607,96400.0
948629,133502.5
948630,136013.73
948631,133502.5
948632,133502.5
948633,133502.5
948641,133502.5
948643,133502.5
948651,137856.89432857148
948652,144154.766
948675,92595.048
948740,110515.168
948743,75814.974
948744,95082.192
948745,95354.192
948774,201457.7
948789,616246.184
948807,123927.9005098428
948808,123927.9005098428
948809,127089.932
948813,121447.7515627095
948816,209500.0
948819,209500.0
948830,84573.44704761905
948870,150075.21
948912,80821.56
948941,79111.22933333332
949105,177016.47280000002
949143,212599.002
949144,108600.0
949147,108600.0
949248,311270.73625
949250,131896.692
949278,113379.0537
949283,322184.536
949293,87062.012
949340,98092.14673333333
949379,75543.274
949426,96226.09916190477
949427,298000.0
949428,110791.718
949431,80908.762
949443,115122.88533333332
949474,176792.6606666667
949492,616720.26
949501,108612.242
949517,138793.45183333333
949518,167991.66733333335
949519,138793.45183333333
949529,89244.204
949544,133200.54166666666
949545,135433.31733333334
949584,115231.95733333334
949592,176717.554
949593,158216.69133333335
949627,83429.98
949651,136641.442
949661,169923.34634444444
949762,149703.6
949815,109353.816
949827,167687.794
949858,104024.6
949933,74410.992
949934,131008.644
949943,129683.144
949960,211441.67400000003
950036,71196.3048968254
950037,71470.64825396823
950038,232073.676
950039,268655.33714285726
950044,109241.83583333335
950060,99232.464
950088,173946.398
950194,148240.686
950227,122721.93270238096
950234,255780.698
950303,176371.476
950339,96503.678
950374,131117.36978571428
950378,57297.745
950382,177486.71380952376
950385,113436.338
950489,212423.718
950576,128538.49143333334
950581,115168.31
950583,131941.538
950584,131941.538
950585,131941.538
950607,100500.19294705294
950630,618046.0586666666
950634,171395.06453333332
950664,88976.07476190476
950671,371192.158
950686,202667.69066666666
950746,72449.17613333333
950751,65602.354
950916,178360.4235
951001,94241.56
951065,276496.672
951129,85993.87019999999
951162,287377.58
951195,114589.132
951200,176401.324
951201,175357.686
951405,73558.129
951412,159617.72
951454,92624.214
951460,145000.0
951463,145000.0
951471,148689.42133333336
951553,105082.9736
951564,125047.26666666668
951646,216753.934
951663,193566.8407142857
951687,634547.1162857143
951692,73544.344
951704,172988.57
951780,187155.172
951782,134887.51
951915,59994.3938
951963,132690.026
951975,146686.98
951988,102855.9378
952013,184721.019
952025,796036.98
952036,278675.528
952096,278675.528
952268,129338.25933333334
952271,124191.818
952273,111043.673
952448,300537.73
952466,107354.87628571429
952537,64953.68
952541,155329.485
952545,565405.122
952546,506797.394
952566,73845.656
952651,155739.502
952689,184321.22933333335
952699,320637.556
952773,103013.14
952778,412530.6393333333
952818,397938.6
952900,113130.732
952916,92011.68816666666
953005,208946.526
953024,312840.4
953047,112796.26133333334
953057,133156.57097770562
953161,310493.538
953163,305310.332
953176,65000.0
953177,65000.0
953181,65000.0
953182,65000.0
953227,98036.49
953228,99996.136
953237,182693.58133333334
953293,118866.33086666666
953325,82402.42500000002
953326,92406.96714102566
953330,81295.24433333335
953375,150247.14
953481,126040.956
953486,400156.4
953512,180162.31266666666
953552,212561.944
953564,129867.576
953626,153189.824
953702,229339.2
953744,90825.69
953778,92039.85644444443
953795,241341.236
953797,323630.698
953857,125413.18578320739
953894,388353.2
953920,259314.76
953922,302740.25933333335
953931,105781.664
953965,125484.0
954066,97315.936
954138,255047.394
954190,131261.18133333334
954216,134678.88466666668
954292,152382.756
954302,252033.276
954319,100760.792
954351,760264.368
954413,82000.0
954419,485181.206
954452,427269.396
954503,145908.332
954505,125619.114
954535,73430.43675360753
954548,127901.024
954563,89193.936
954578,194483.0543333333
954584,183116.424
954608,227670.322
954615,82168.668
954627,130101.587
954649,288195.27
954700,345919.942
954717,141854.088
954721,76579.21133333334
954735,113772.408
954747,168240.376
954762,479877.05586666666
954787,191404.0
954809,79408.01909999999
954828,119671.566
954831,88684.032
954867,139259.67566190477
954868,150844.42528095242
954880,92393.064
954892,648426.0173000001
954911,78656.8888
954926,386599.44086535694
954928,791439.3
954955,79096.834
954963,262508.748
954972,1087362.586
954992,261552.61440000005
955082,165685.814
955110,173456.2737333333
955132,124038.648
955142,295457.594
955152,207386.225
955153,389376.782
955160,224137.4
955162,64772.996
955164,309378.954
955189,127000.0
955190,166542.196
955207,166370.15120435122
955287,147082.73000000004
955308,155831.382
955309,156826.122
955361,91565.568
955376,178162.28933333335
955429,109193.01383333333
955444,91366.398
955445,168004.809
955456,84922.12
955502,586409.5258629147
955525,215915.052
955528,76395.042
955541,138359.57706666665
955557,276493.7975555556
955562,447925.472
955575,216081.136
955601,250974.254
955609,101612.09283333334
955639,132302.85933333333
955664,164375.2693333333
955682,196989.258
955700,186011.2431111111
955727,166879.354
955782,106275.17466666666
955786,76585.45
955801,206759.504
955815,184339.7083333333
955864,115184.704
955926,183592.5406666667
955932,160374.109
955939,366235.1966666667
955961,123204.02
955974,79779.658
955994,94949.918
956001,86032.998
956005,193917.2911904762
956031,554809.512
956035,90500.0
956036,90500.0
956038,291386.86
956042,90500.0
956044,90500.0
956046,90500.0
956050,90500.0
956051,90500.0
956130,138938.00666666665
956137,67249.052
956144,234770.24
956156,151367.08
956187,123808.67733333333
956223,133887.36828571427
956246,80846.19369999999
956263,188374.76
956304,126013.58266666667
956308,583132.2579285714
956488,117341.03517142858
956523,184520.555
956535,224453.0825714286
956556,108275.0
956558,230000.0
956600,346796.64352380956
956627,395044.84
956631,79284.97626666666
956661,244307.596
956687,94183.47333333333
956694,158960.37933333332
956767,232345.114
956774,72832.04263333333
956907,219072.85180952383
956962,122320.8
956966,83283.91168571428
957053,189590.148
957065,71373.442
957149,248750.889
957192,177352.234
957242,185459.12805238093
957408,81526.778
957420,76676.3
957421,190000.0
957444,160958.20771428573
957446,112899.8497
957539,386572.598
957550,79550.0
957566,110296.1
957573,177683.816
957608,119239.43514285714
957648,114331.97822222223
957674,79500.0
957675,79500.0
957676,79500.0
957679,189710.5786666667
957684,91095.226
957685,48049.914
957687,104046.428
957699,153078.1548333333
957708,268408.082
957709,268408.082
957720,92000.0
957724,104518.502
957725,72901.083
957749,120915.88017619048
957758,103718.918
957793,85280.132
957840,132480.124
957852,230740.9926666667
957875,148851.4593333333
957955,144870.464
957967,143636.16
957971,206646.9213333333
957987,95223.408
958016,147731.95666666667
958019,97882.9552
958038,169253.19466666665
958045,71062.426
958063,403211.062
958116,140588.82857142854
958119,91512.384
958190,111406.658
958198,125188.937
958259,154271.88657142856
958270,147670.68
958285,91131.316
958288,189247.18609523808
958345,127765.98
958383,83344.86466666666
958422,102347.24
958425,220000.0
958428,129744.912
958430,153066.556
958447,83291.57133333334
958454,80877.558
958455,74142.63
958456,83438.55466666668
958493,90757.9400952381
958512,213889.3407
958516,82649.664
958517,140685.49753333334
958519,98878.0
958526,111486.806
958527,165000.0
958533,213142.02333333332
958535,70000.0
958538,87429.06776190476
958565,77729.97848484846
958569,147750.0
958570,83291.57133333334
958572,127935.556
958601,73732.37333333332
958657,137085.56966666665
958666,212368.654
958667,96966.15333333335
958671,96490.986
958675,150562.29696666668
958676,171778.74
958679,102631.66209999999
958693,54500.0
958694,54500.0
958697,54500.0
958698,54500.0
958705,109947.14
958707,215823.6
958770,144785.2493333333
958783,151448.4116714286
958791,197865.732
958792,194640.18
958793,155337.404
958797,116000.0
958799,166629.55933333334
958831,395680.398
958839,193135.294
958896,120437.942
958898,206680.74800000002
958985,117863.57222222222
959021,491740.34733333334
959030,92116.6715
959031,133126.172
959060,288499.34
959112,128922.9215714286
959114,182009.28672527475
959117,89242.87403809524
959118,129650.08541330599
959121,98343.27624542126
959122,97262.7101047619
959123,125800.7553809524
959124,181262.854
959125,89744.59403809524
959126,97439.28610476191
959128,89927.17003809524
959129,96994.83395091577
959130,93287.05292002442
959131,129650.08541330599
959133,92922.37282478633
959134,258572.77333333332
959142,150960.15466666667
959153,617022.738
959154,617022.738
959166,132332.66670000003
959224,103317.8722
959227,105963.33933333332
959265,73500.0
959323,133961.986
959324,93797.218
959357,207780.984
959362,599722.968
959394,263157.21
959419,196454.322
959433,153835.96133333334
959451,138034.57393333333
959466,204022.106
959468,78257.4
959469,90274.082
959476,102378.99
959683,192900.80266666666
959723,93096.52
959725,128121.36509523808
959726,128101.36509523808
959728,128101.36509523808
959741,155645.19533333334
959742,175487.86657142857
959743,171105.54200000002
959744,134519.654
959757,260479.88
959759,117889.396
959940,88474.2
959967,353362.2
960018,267413.2893333333
960029,243646.04
960058,89118.57885714286
960091,257488.954
960118,80995.376
960163,96854.304
960165,134466.267
960169,135182.656
960226,192517.922
960235,146412.0673333333
960241,94887.296
960274,131039.79316666666
960275,189163.414
960284,90000.0
960286,88874.23761904762
960287,68500.0
960289,88784.23761904762
960290,72919.50533333335
960310,366306.224
960340,131200.775
960362,90000.0
960393,106327.8
960410,86376.0
960431,199382.452
960451,94148.96933333334
960478,351094.99
960529,136022.74
960530,119639.512
960581,95491.12
960597,75105.02333333335
960598,297222.5848571429
960634,162488.25628571428
960687,153155.766
960863,160760.216
960913,88548.524
960931,100477.126
960946,122125.176
960947,97514.998
960983,232871.2873333333
961006,60292.816
961035,437866.126
961042,208067.554
961048,98534.562
961123,158277.82216666668
961141,207345.51
961143,488925.2642807017
961183,159237.914
961216,183625.72
961226,84688.582
961246,169825.34490476188
961256,71197.83256666668
961289,99639.904
961337,92000.0
961387,226587.04419999997
961389,196829.42533333332
961395,95949.348
961408,232343.56
961419,92000.0
961420,92000.0
961421,92000.0
961452,216525.93333333332
961461,213959.06666666668
961478,148919.84
961488,85534.322
961489,141776.616
961522,118363.51
961530,248827.938
961548,113977.91155555555
961574,242133.948
961601,187184.5
961605,70607.818
961608,559641.8105
961609,149358.1746666667
961699,203114.4
961715,205092.332
961768,217947.116
961788,186916.10633333333
961789,169182.17333333334
961790,124786.50466666666
961791,197197.428
961792,142210.23266666668
961817,79176.43333333335
961822,398439.934
961854,215250.8073333333
961872,122096.34080952381
961877,219535.074
961882,172971.568
962051,77760.53533333335
962065,561883.54
962066,176934.384
962080,513348.8
962082,99817.46533333333
962083,257750.58866666665
962090,324212.116
962109,195751.324
962116,114246.76
962141,322013.192
962144,322013.192
962159,217522.402
962160,183838.662
962165,48311.192
962176,146873.84133333334
962178,137310.00433333335
962179,111255.368
962180,126608.244
962181,124568.092
962182,84844.41266666667
962184,83531.698
962186,136086.98533333332
962217,93617.31933333335
962219,109483.44293968254
962225,109494.77543968255
962235,482164.79627272725
962236,482164.79627272725
962263,158984.534
962287,355870.176
962316,158362.40273333335
962319,470560.816
962336,139524.174
962412,103428.828
962416,103243.58
962419,126140.688
962438,152148.64
962448,108180.79
962501,96633.188
962520,130145.6755
962546,126323.786
962551,113829.47533333334
962559,100864.72567099566
962567,165050.31033333333
962572,148821.31519999998
962579,121361.744
962585,205887.48000000004
962586,184139.37466666667
962591,121500.0
962592,121500.0
962630,122743.75333333334
962635,154320.4921666667
962677,104149.42233333335
962728,81488.848
962755,203330.999
962778,171550.83066666665
962796,203424.416
962835,312000.0
962839,312000.0
962845,121500.0
962907,193100.7178095238
962922,634463.938
963001,147668.2
963003,79250.0
963019,87726.808
963020,167692.31989754684
963022,87726.808
963023,167692.31989754684
963041,97540.70733333334
963049,346104.4
963118,258894.93
963122,241054.63755555553
963130,178354.1683333333
963165,62638.81333333334
963199,158787.99
963205,67885.60133333332
963229,190647.42133333333
963313,428022.728
963314,204624.44
963319,91771.268
963325,94684.23358333335
963327,69745.59466666666
963340,152316.479
963362,111961.80647619048
963366,117816.0
963375,510040.938
963378,167573.4373333333
963381,139524.174
963447,196276.1
963472,184635.924
963488,200031.626
963490,116073.04995238096
963539,558792.286
963651,101090.56233333335
963676,111472.074
963682,75590.712
963837,78088.63762770561
963857,236212.474
963905,234645.846
963929,139909.898
963960,109958.88
963971,1168262.132
963973,162634.15
963986,119773.53
964018,117202.4
964048,134551.80161904765
964049,117501.20193333336
964055,199625.994
964098,71503.48616666665
964135,73066.85357142857
964156,138699.0535142857
964157,96311.8
964171,304526.2247792208
964207,102000.0
964208,100331.15183333332
964209,100331.15183333332
964271,186976.93685714283
964304,116772.176
964312,116614.90450000002
964314,352041.964
964333,152560.5466666667
964369,149014.208
964488,182013.73444444445
964527,76913.0
964570,195822.87243333334
964580,1202663.066
964591,158719.484
964592,161256.2506666667
964593,158107.5566666667
964595,196429.45828571427
964622,229215.07
964625,133774.0
964642,1410636.506
964705,180099.094
964813,76678.0
964839,251262.36
964849,61915.396
964911,65458.676
964984,133944.67537698412
964997,177389.068
965033,189983.29533333334
965053,81805.912
965089,137584.8946666667
965099,107477.814
965116,132000.0
965131,60292.816
965145,109766.966
965153,198422.338
965176,984992.358
965182,1118397.199
965184,146018.206
965201,165604.367
965216,98199.81671428571
965242,80483.1935
965260,102661.48
965262,188064.18
965305,89424.23999999999
965315,109885.81
965320,148957.106
965321,198825.258
965322,91457.05
965324,182167.86
965325,134166.00466666667
965326,119683.82
965341,245756.904
965342,514467.602
965346,87940.61656666668
965349,141917.802
965438,74059.02827777778
965466,92493.625
965474,220107.994
965499,136218.61878095238
965515,766868.682
965560,428333.652
965648,236485.12
965688,336070.128
965717,130688.46
965754,739729.4
965792,239205.49866666668
965794,561599.878
965821,622147.426
965856,119792.05466666668
965860,120147.47666666667
965954,163395.976
965967,58036.57133333333
965968,456599.54333333333
965975,155691.3726666667
965981,83247.718
965989,466128.254
965993,174841.7446666667
966015,305407.488
966059,199255.206
966070,94608.22
966074,169718.0774
966123,81580.97358974359
966139,129501.09996666668
966205,127184.93356666667
966220,183486.60369985574
966221,172421.312
966238,83791.218
966269,84619.38
966276,149346.0086666667
966385,154120.14493333333
966397,86651.48
966400,92346.7
966406,84430.536
966407,210654.014
966413,118538.598
966548,128369.164
966549,120408.756
966562,241305.5147222222
966579,128077.058
966639,128812.21200000001
966650,73079.06426984127
966654,130769.83598730159
966664,81847.28066666667
966674,81807.776
966692,194867.81
966729,149267.87
966732,398911.4946666666
966736,85748.49133333334
966737,83247.718
966740,81681.108
966773,71671.39066666667
966776,443074.06889228005
966777,87722.82866666667
966785,129862.93519480519
966863,258983.856
966867,136402.594
966884,60249.07194285714
967014,181339.47212121214
967027,98482.76
967032,43428.6
967048,115884.05
967051,202816.942
967073,51804.065
967078,111400.50548387096
967082,92101.50566666665
967103,274228.8
967105,329734.44476190483
967112,144422.29678571428
967117,75572.58
967166,177358.43333333335
967193,108992.70999999999
967213,88594.398
967243,351235.856
967255,217151.69
967256,166360.254
967274,67933.954
967362,500623.732
967411,386332.376
967424,102958.78733333333
967430,141232.675
967440,270205.008
967447,61106.964
967477,124455.0
967478,168121.25713571426
967479,124455.0
967480,168121.25713571426
967481,124455.0
967482,124455.0
967517,109684.0
967546,99110.316
967589,517908.9513333334
967639,142863.5
967656,609259.362
967666,126455.458
967726,145272.20542857144
967727,67751.03119999998
967768,221731.622
967803,223236.996
967816,117224.558
967891,104892.27492857144
967966,145478.08609523808
967985,87396.24714285713
967996,111667.32
968019,211424.1385
968035,347590.2045714286
968063,227687.968
968149,378828.33
968159,210407.172
968186,178740.234
968187,253770.04
968188,121549.84
968215,211876.0165333333
968217,210492.8739111111
968228,61788.66
968232,80294.074
968238,105101.096
968240,105101.096
968277,249457.7823333333
968292,149410.53505882353
968333,101753.4
968353,184009.694
968365,84532.046
968442,135760.96
968487,90023.68672063494
968527,309613.2
968535,420954.292
968598,62815.988
968605,482164.79627272725
968628,164314.0
968631,90088.84933333333
968633,73896.944
968723,317120.6
968786,87918.268
968788,77652.52266666666
968812,134755.148
968839,165671.0786666667
968898,218556.146
968899,199757.682
968907,260426.31
968908,135480.242
968942,108947.31330555555
968974,108536.2
968981,249215.22514285715
968986,194759.136
968991,118796.05666666667
969006,182069.92
969040,149976.794
969050,150605.69733333332
969082,275612.16
969083,366457.896
969126,121152.974
969168,138421.0
969211,183206.26399999997
969215,175794.76
969216,119376.84496666667
969312,73984.75933333335
969313,166938.12
969332,79322.93866666665
969338,83648.03666666665
969382,115488.97000000003
969384,125796.3
969386,191664.96222222218
969420,149925.372
969432,225846.306
969434,239458.8
969465,180797.94766666667
969484,98064.83
969486,301420.796
969510,299947.2
969529,115077.51
969551,175670.82247552447
969572,113891.4
969592,82288.064
969597,235143.978
969753,152355.507
969763,81653.66666666667
969791,384765.994
969793,60548.27
969821,73983.296
969838,132139.98
969862,122271.93
969873,287361.0258333333
969882,177380.7477142857
969889,526207.964
969891,78466.924
969926,116894.994
969928,72243.17333333334
969929,72243.17333333334
969933,105746.34547619046
969954,144014.41
970078,118762.548
970079,312962.9866214287
970210,89851.146
970216,91619.658
970312,225330.52257142856
970329,82729.7414952381
970398,336608.58
970400,90500.0
970401,90500.0
970404,90500.0
970405,90500.0
970412,90500.0
970427,187070.70266666665
970442,521932.116
970459,132486.8
970491,255031.924
970585,91596.21066666665
970587,253317.541
970654,573584.326
970657,262718.404
970705,100154.02733333333
970711,122271.77666666666
970714,245885.198
970728,382975.8
970764,180042.43
970771,259619.726
970786,83909.752
970817,168167.168
970868,73070.38
970888,137262.112
970947,110719.61
970961,140225.2573666667
970980,86610.523
970988,456537.634
971011,166422.8905
971020,174206.982
971029,76695.90333333335
971033,66015.41133333332
971083,168285.749
971088,52109.82228571428
971102,279221.9665
971111,83093.76181818181
971160,213493.8613333333
971222,90170.59
971235,236057.314
971238,141249.5230588235
971248,87019.39333333333
971264,97964.034
971332,209758.798
971401,111116.1781
971433,179862.846
971445,193411.17658333335
971483,421380.978
971505,127842.27000000002
971510,98247.32
971557,138004.25
971558,512290.642
971561,151638.441
971563,67588.44
971591,308901.248
971615,461038.4
971627,116345.7297
971633,119776.66009523808
971661,260953.514
971666,113861.92857142857
971673,217061.72
971685,175166.44333333333
971688,99096.61333333333
971731,1294829.798
971733,220038.89533333335
971748,235746.33
971779,131448.7198095238
971780,76965.14333333334
971794,448064.0813333334
971800,471395.098
971828,84318.4
971852,365744.722
971853,106661.40533333334
971869,160936.9293333333
971893,84638.9
971896,725352.006
971941,106719.32766666665
971953,155633.72293333334
971973,149994.40571428573
971981,1175328.81
972061,279816.93433333334
972062,279816.93433333334
972118,84777.69
972189,205017.6
972259,151382.326
972279,83211.12166666666
972291,114302.624
972303,130440.58809523808
972341,77552.24533333333
972396,151664.1455
972409,106693.356
972423,145628.0466666667
972428,165351.1555642857
972438,157793.11273650793
972457,137473.28201666666
972463,103154.522
972466,110010.472
972471,211282.0
972475,132159.824
972507,148477.47266666667
972521,640616.606
972525,328993.396
972565,78150.0
972580,164777.8073333333
972715,238102.19573333333
972769,129547.252
972838,109437.452
972842,200429.12
972867,85412.46266666666
972923,146453.938
973030,104054.40866666667
973244,67493.498
973273,136278.03
973296,55861.8
973300,128664.90466666667
973304,101347.847
973322,109093.0
973360,89859.0
973361,144904.72866666666
973392,95526.737
973393,162175.68
973399,91831.428
973409,53777.024
973625,97074.156
973626,93327.28492249566
973674,65081.4
973790,188765.30533333332
973799,570542.7
973800,185713.91733333335
973808,352124.798
973816,232736.666
973848,97641.07266666667
973849,97641.07266666667
973850,112067.192
973852,77873.79
973913,114349.8
973914,114900.0
973919,98595.0
973923,425731.03
973931,97641.07266666667
973933,125280.14333333331
973936,102977.0891904762
973937,102977.0891904762
973938,102977.0891904762
973939,114804.608
973974,105001.42200000002
973997,290574.52438095235
973998,484855.486
974004,81295.24433333335
974009,93683.312
974010,94956.25377777778
974011,131569.25171428573
974029,85246.326
974044,350782.6093333334
974062,228187.1
974122,112922.054
974123,119935.862
974125,97931.206
974128,200539.8778333333
974129,200539.8778333333
974130,200539.8778333333
974132,97641.07266666667
974138,81888.30503492065
974182,129865.418
974209,160072.268
974288,109592.124
974291,533048.2926666667
974321,81553.73333333332
974325,260440.47233333334
974329,100902.246
974335,151533.85
974337,121708.78133333335
974363,206372.176
974365,86078.62
974370,173643.998
974406,150000.0
974407,150000.0
974432,83012.078
974460,92319.73826666668
974472,89153.40364285713
974498,308000.7786666667
974527,178919.442
974566,69629.4
974570,113168.38960000001
974571,56120.198
974605,187379.2
974625,123641.392
974627,102629.416
974737,113241.88763809524
974748,150600.81488888885
974756,347075.4
974802,442372.946
974803,163398.322
974848,97954.78799001
974863,131656.88
974957,139761.834
974995,99728.11739999999
975004,153480.78666666665
975034,117276.634
975045,81300.422
975064,245870.18
975094,106312.28867641602
975113,719675.906
975121,65957.658
975142,403652.602
975189,254720.26
975204,229097.6513333333
975684,741256.3
975738,538795.444
975893,79622.44746190477
975960,175190.97
975965,122665.49970695972
975971,248314.55936263734
975973,129000.0
976102,163353.9833333333
976136,78639.12133333334
976176,65916.668
976194,98073.462
976223,124826.583
976790,84453.14570000001
976796,96648.366
976831,134892.936
976844,232601.984
976846,149150.18199999997
976869,256766.094
976876,92669.192
976942,137162.23766666668
976948,237533.608
977106,84144.35
977126,123737.70866666667
977160,271986.746
977222,90250.0
977224,90250.0
977232,271003.721
977312,446339.5373333334
977316,91761.92
977321,195709.04266666665
977324,112131.32666666668
977326,113060.126
977344,120981.84376666669
977374,68299.12266666668
977376,337246.746
977377,111358.458
977379,143832.8
977412,114298.63377692309
977458,175807.96933333337
977460,147692.02399999998
977464,98271.307
977488,238010.532
977506,1694388.612
977613,206508.154
977650,83146.394
977652,266703.2024
977653,81344.10268333333
977658,627997.0
977661,131014.27066666668
977687,88086.144
977726,84688.59
977754,270257.79
977778,74205.796
977783,71743.348
977790,68546.136
977815,174581.99733333333
977816,176894.84266666666
977850,148993.79
977854,66254.3995
977860,236428.964
977892,145463.246
977893,174939.82666666663
977908,170879.616
977923,243289.146
977960,83789.078
977971,94981.2
978147,221888.436
978197,58332.5495
978202,126995.75133333333
978203,40000.0
978279,105468.716
978321,129919.1171111111
978322,92380.5
978325,95223.0
978329,131255.61695238095
978331,102763.816
978334,123566.15266666666
978348,124368.396
978375,87411.116
978425,117391.736
978427,131957.218
978429,117490.49733333333
978432,135695.24180000002
978444,322950.55
978449,199216.236
978673,406011.13776666665
978695,182909.765
978730,139898.0
978731,89434.68
978753,83625.0
978765,115327.024
978789,67084.79
978795,206838.14666666667
978858,410218.336
978906,98095.13666666667
978909,316856.32
978910,223000.0
978912,316856.32
978935,93624.726
978958,275000.0
978959,275000.0
978999,644040.792
979014,180620.114
979050,156735.87933333332
979051,156735.87933333332
979084,167372.16
979101,81894.41133333332
979108,113951.2
979121,113969.69866666668
979131,97336.176
979175,68893.232
979191,348569.07
979243,56758.0
979248,100874.744
979249,114737.978
979256,77401.074
979279,70031.5
979282,70031.5
979283,93930.608
979319,143929.447
979358,354812.804
979369,145558.711
979393,112595.30683333332
979403,78557.58
979443,108661.28
979445,90400.0
979447,90400.0
979449,90400.0
979453,90400.0
979457,131419.8800952381
979458,421141.29955555545
979468,134892.59
979551,216106.838
979584,65017.15933333334
979587,293989.034
979595,88074.003001443
979642,131520.108
979659,90000.0
979665,63335.678
979679,175284.6
979743,79426.428
979750,83093.76181818181
979751,77358.7812
979812,100987.818
979832,266259.984
979837,71758.02
979853,285808.098
979854,224363.642
979931,153364.0
980083,203595.896
980197,103564.6
980233,121100.96
980239,83872.62533333333
980240,131957.218
980273,144486.278
980329,278245.4924444445
980330,317211.988
980349,103809.055
980411,478033.33
980460,78066.57
980526,350024.2
980552,109408.60633333333
980564,106941.82
980566,96900.718
980601,123364.37
980692,94486.913
980751,103765.86200000001
980849,90738.254
980863,103624.504
980864,180071.534
980867,109009.37733333334
980942,820868.006
980981,186715.6
981136,155254.482
981167,108499.0
981169,186499.0
981268,95697.47
981269,95697.47
981270,95697.47
981332,85782.072
981380,73184.458
981464,129845.65
981671,115868.25480000002
981683,643409.144
981684,932054.676
981685,419885.558
981689,403502.536
981696,235863.0168
981697,283406.243
981698,143278.1136666667
981699,143617.7236666667
981714,86397.178
981742,130839.15283333333
981894,151282.4
981947,169421.284
982012,95508.9554090909
982055,97099.239
982274,156121.536
982285,110824.02396428572
983029,266029.184
983030,346147.2173333334
983126,228049.0735174603
983170,90411.56
983293,186575.218
983294,167995.06
983298,68166.242
983374,92124.0
983378,169744.184
983651,162828.624
983752,104843.89
984096,80210.22987777778
984122,64015.81952380952
984320,84878.186
984322,223892.0
984733,82479.06733333333
984734,103994.06499999999
984768,231107.212
984892,94486.796
985039,131406.602
985041,330000.0
985042,330000.0
985043,330000.0
985119,280434.676
985151,121644.87276190473
985154,120534.7594285714
985156,172389.20826666668
985159,408887.1285
985161,184213.8066666667
985165,684266.0073333333
985166,815948.164
985167,397510.50066666666
985313,118836.884
985320,169438.92619047617
985337,178476.362
985364,86418.5
985407,121331.8
985520,142060.62066666668
985545,64893.6299
985670,93059.69433333335
985683,135092.914
985684,132948.85276190474
985767,177016.47280000002
985811,87600.0
985813,91461.19123809524
985814,104026.89132088496
985815,91819.10523809525
985818,87472.97723809523
985840,199400.0
985841,116100.0
985981,194866.164
986056,150345.81451111106
986103,116100.0
986115,93349.924
986139,99837.0524
986207,84370.65033333334
986208,82224.618
986212,117950.34
986213,137056.196
986214,166183.982
986274,217766.124
986275,225830.8
986390,115328.13333333333
986417,111316.258
986512,173456.2737333333
986616,86583.604
986618,85102.86
987237,137500.94319999998
987240,134319.51427142852
987247,84595.73366666667
987346,187502.8825
987563,161851.254
987614,298821.376
987631,426105.2191666667
987671,201398.354
987844,266759.71266666666
987916,87994.0355
987959,199448.976
988030,87118.308
988085,184521.43933333334
988120,79711.8816277056
988128,111836.69
988131,78836.806
988330,246935.496
988404,169509.29717142857
988522,109683.994
988664,119952.41449999998
988763,78445.142
988798,122877.70066666667
988844,131488.2339047619
988874,167265.1442857143
988876,78417.0
988929,133031.59119997782
988942,114000.0
988993,382656.26
989061,73474.2652952381
989298,112200.257
989301,71658.5
989302,223697.19599999997
989305,71658.5
989372,98471.27279999999
989373,98471.27279999999
989378,194149.5
989379,194149.5
989380,72694.50949523812
989419,76698.94091666667
989524,128151.54233333335
989588,116291.0227857143
989589,133138.6
989592,174849.0937142857
989593,92199.596
989666,100181.534
989733,193070.07259999998
989814,87878.768
989873,134942.8307753968
989876,122627.0
989903,49220.603272727276
989933,82782.8
989942,273219.93523809523
989988,87235.5
989990,87235.5
989996,154574.5753333333
990011,130747.732
990133,138837.4773333333
990149,169555.927
990150,136252.3206666667
990151,136252.3206666667
990152,136252.3206666667
990166,144273.0786285714
990272,417491.302
990286,113926.49
990330,224272.675
991069,190781.04711341995
991073,91156.478
991157,84980.31933333333
991199,110457.0
991266,257078.33333333334
991272,601280.28
991278,88332.994
991349,150668.76817777773
991352,202149.6703928571
991425,211931.24600000007
991464,592465.838
991467,118470.31526666666
991468,119418.18485714287
991469,129291.8219013209
991475,92024.63533333334
991477,139028.84571428568
991480,169256.65
991487,193716.118
991490,87905.792
991616,557126.5501666667
991701,137813.088
991703,118470.31526666666
991720,86926.998
991738,171500.0
991812,143631.8896190476
991825,164725.0
991826,179083.076
991832,537061.3898095238
991836,262435.826
991895,76989.26666666666
991908,75713.53333333333
991913,86768.85866666667
991940,119258.01433333333
992565,183670.308
992574,202764.13723809522
992717,238481.24447619048
992721,150943.29183333335
992722,150565.29183333335
992724,94691.416
992726,92429.9708
992727,143871.5986666667
992728,66205.0
992745,160336.4
992746,124685.04
992775,133185.254
992783,95116.74199999998
992832,626218.158
992874,119377.877
992899,82900.50933333334
992904,91373.108
992948,135711.12433333334
992977,58499.5
992988,96012.668
993216,90103.3725
993459,202913.322
993468,244574.286
993509,124053.28142857144
993527,85921.772
994032,109647.456
994088,360400.0
994215,112821.06666666667
994299,67828.07834848485
994506,129132.5906388889
994507,68148.438
994530,131902.608
994764,164029.8153333333
994812,113511.0
994814,113511.0
994834,117727.84523809524
994906,180583.264
994936,148000.0
994956,169079.43076190478
994960,125678.13466666666
994983,230609.83333333334
994991,130000.0
994995,95531.952
995000,289594.348
995001,125678.13466666666
995007,126544.68828571428
995008,141680.238
995021,100900.33933333334
995031,99677.0
995035,99677.0
995036,99677.0
995042,110144.0
995044,81385.63333333335
995055,148659.664
995057,148741.2
995076,117544.17556349207
995118,133433.04342857143
995133,62949.6
995142,88740.8
995260,102369.73333333334
995313,248066.998
995352,88361.0225
995366,73930.55
995437,152107.89742857142
995479,227321.598
995619,159296.29466666668
995646,166125.868
995669,89434.332
995780,76779.8
995874,223596.978
995916,128121.582
995946,97036.8
995947,64994.30733333333
995948,323730.89333333337
996053,95197.19447619049
996103,290423.356
996178,92065.798
996180,187992.35839285713
996184,167944.498
996364,104740.092
996473,531903.4103015872
996581,169798.522
996796,165239.188
996804,134934.5385
997041,180481.532
997166,327869.58606443007
997167,232904.92266666665
997168,299872.768
997186,96314.998
997196,117752.982
997244,103648.61
997245,178853.076
997392,110710.77
997403,228397.998
997443,192211.98095238095
997541,541667.5281428571
997542,440534.6448571429
997691,258752.2559076479
997755,90233.59133333332
997773,85301.03333333333
997774,85301.03333333333
997795,149836.432
997808,255600.81848484848
997935,86129.874
998092,184349.9415
998095,900487.706
998098,159769.864
998275,123280.382
998276,64509.686
998376,237776.824
998498,562528.374
998564,86563.632
998567,498985.1928428571
998574,88865.0
998575,163342.936
998577,70379.80967965368
998615,111435.824
998616,90189.08
998620,92454.88
998621,92869.14
998622,103658.0205
998624,98958.36362703962
998645,101898.512
998646,79388.50571428571
998649,155954.002
998650,69388.12152380952
998651,75430.694
998862,239899.9
998925,193413.912
999025,311195.6531666667
999050,116406.28413095238
999543,84283.734
999625,99283.35552380954
999712,197383.18
999754,252823.072
999960,114581.988
1000541,107262.54
1000644,575217.242
1000692,255498.8
1000727,341071.30333333334
1001116,132406.88114285714
1001294,212149.363
1001409,198258.069
1001421,151269.16
1001616,136623.728
1001945,123052.88
1001991,309579.9886666666
1002183,90543.93
1002319,230742.742
1002326,122952.4
1002411,97748.0
1002412,68035.792
1002571,293426.2437835498
1002606,733021.152
1002607,733021.152
1002626,354258.58590025245
1002643,128772.66000000002
1002658,92427.50143333334
1002678,898443.812
1002694,123640.49
1002727,92982.95810256411
1002742,195215.2
1002822,103876.6
1002827,111387.33333333333
1002861,112337.0
1002863,112337.0
1002864,112337.0
1002865,112337.0
1003030,312504.56
1003043,107458.678
1003047,171773.99666666667
1003089,106035.44466666666
1003171,639115.344
1003257,122386.44666666667
1003435,572948.348
1003611,96561.094
1003612,127412.002
1003619,90151.1
1003639,250669.2
1003692,81876.722
1003816,103683.23439047618
1003817,594985.438
1003836,132434.056
1003840,212549.436
1003859,196558.5226666667
1003902,97522.432
1003907,155191.235
1003940,76717.00111111111
1003956,284300.59977777785
1003974,130000.0
1003976,113000.0
1003980,113000.0
1003985,245129.96673881673
1003988,186447.98
1004037,313571.0026666667
1004051,91245.854
1004069,90439.422
1004074,97776.078
1004075,110659.444
1004084,165106.87666666665
1004189,255649.532
1004217,137108.542
1004262,150651.688
1004284,68039.35
1004331,649406.084
1004336,122120.222
1004413,792425.556
1004421,195860.786
1004490,759527.644
1004566,93647.236
1004579,82580.014
1004675,93628.8928
1004832,80717.7175
1004935,67486.12356349207
1005039,83010.4
1005060,80428.918
1005124,102122.02942857143
1005127,91600.014
1005128,87774.5
1005129,91938.3
1005130,139127.838
1005132,144656.67266666668
1005134,147816.32
1005138,139359.35666666666
1005236,143685.58066666665
1005238,142241.18066666665
1005262,151159.00933333332
1005413,71915.816
1005464,100588.8
1005466,306658.266
1005467,120068.919
1005547,134078.312
1005674,153789.314
1005675,153789.314
1005710,633729.261
1005732,243646.04
1005936,97433.35733333333
1005980,106971.45
1005986,280623.361
1005987,116170.316
1006073,622418.3333333334
1006141,301821.2882619048
1006421,293131.336
1006494,106064.74426666666
1006532,80877.558
1006557,196697.61533333335
1006674,136405.286
1006675,88483.938
1006761,190174.702
1006797,118888.5444
1006798,237793.55066666665
1006876,225388.842
1006880,173626.084
1006988,131301.99933333334
1007061,551224.88
1007082,261642.1163333333
1007101,97579.182
1007108,194522.532
1007109,86907.6
1007172,505166.094
1007233,79357.63
1007235,76900.048
1007239,99949.142
1007271,88599.0457219662
1007352,418525.918
1007401,82581.642
1007430,146932.21666666667
1007571,57552.754
1007600,336224.624
1007789,93307.04533333334
1007797,97865.17033333333
1007830,107396.58933333334
1007849,107029.57000000002
1007856,121541.716
1007857,150334.64133333333
1007917,151219.36517777774
1007967,234320.654
1007994,75767.0
1008148,61085.364
1008157,218141.07333333328
1008169,165720.334
1008170,189925.4
1008173,178855.3
1008307,323638.772
1008308,136494.312
1008352,80785.2396
1008357,76446.43093333334
1008358,180494.68
1008361,74334.34375
1008386,139633.35266666667
1008418,189143.592
1008428,76801.12433333334
1008433,76801.12433333334
1008501,194208.198
1008510,115522.2
1008550,80829.566
1008563,87900.0
1008564,87900.0
1008595,66219.852
1008641,108193.36930000002
1008677,103721.72666666665
1008707,160726.48941637803
1008732,143649.38
1008734,144359.78
1008741,93644.844
1008744,112509.18
1008749,281320.4909166667
1008759,151165.6035
1008760,151165.6035
1008803,208435.712
1008804,208435.712
1008805,208435.712
1008829,179602.11313333333
1008833,99408.25209523809
1008838,102098.59962857144
1008855,173336.292
1008862,100931.85802730604
1008878,167125.6
1008892,210137.7276650072
1008914,273439.644
1008927,196118.04266666668
1008932,214601.31533333333
1009016,114171.69
1009077,105029.87185714285
1009084,86558.57
1009088,104887.112
1009218,86000.0
1009229,70156.91
1009308,234573.18733333334
1009310,94402.722
1009337,240516.4073333333
1009366,128947.0926666667
1009424,252480.38974603172
1009487,119052.2745
1009509,80005.94733333333
1009510,88164.61599999998
1009517,328559.8
1009520,140908.0821142857
1009528,112368.25066666666
1009530,106397.048
1009531,103102.14933333335
1009532,104412.11425
1009533,112368.25066666666
1009534,117030.5
1009535,106397.048
1009590,69992.156
1009596,69966.156
1009672,79013.802
1009736,108846.4
1009859,139506.1333333333
1009864,285724.348
1009866,104797.62
1009891,94996.77333333335
1009942,265010.75
1009948,109998.182
1009965,145000.0
1009970,145000.0
1010054,92464.368
1010066,121775.153
1010068,170791.66
1010069,170791.66
1010104,588190.552
1010110,121737.11633333332
1010185,450528.984
1010186,92160.52
1010276,155098.682
1010411,133909.15666666668
1010542,161042.38888888896
1010544,92500.0
1010584,280000.0
1010592,148851.4593333333
1010667,165000.0
1010678,161042.38888888896
1010679,176393.135
1010680,176393.135
1010686,250157.797
1010704,444484.998
1010740,177364.84
1010833,109365.164
1010913,100158.67488888888
1010950,91536.384
1010951,87863.00653333333
1010980,81465.64
1010999,153723.022
1011028,90295.898
1011032,134943.414
1011122,80222.27
1011132,88824.36657142857
1011134,88824.36657142857
1011135,89524.04657142857
1011148,110187.0
1011150,110187.0
1011203,345600.0
1011204,345600.0
1011275,150032.67
1011335,120975.034
1011414,129295.04647619046
1011429,100000.0
1011430,100000.0
1011489,84000.0
1011573,84000.0
1011574,84000.0
1011701,118550.976
1011778,74332.59
1011854,344879.32
1011914,96597.03933333335
1012038,181285.978
1012128,116282.2
1012273,105705.15866666667
1012311,120618.15257741699
1012320,100600.09333333334
1012331,397262.39
1012332,235250.6562063492
1012339,61766.95653333333
1012507,114421.2
1012542,118747.76233333335
1012574,253822.724
1012587,101620.294
1012712,588190.552
1012714,83337.274
1012716,74582.8
1012752,543498.74
1012830,128411.78911111112
1012898,469034.998
1012945,98556.374
1013031,129557.926
1013155,208435.712
1013161,131330.68266666666
1013177,93545.96666666667
1013187,182471.744
1013234,208435.712
1013244,488914.93
1013288,202011.644
1013290,112400.0
1013352,223753.898
1013443,152657.253
1013494,116673.26033333332
1013507,71666.474
1013544,320311.5171460317
1013547,114975.39813809525
1013630,87000.5981857143
1013704,295043.69533333334
1013740,151069.336
1013742,113526.01133333334
1013743,98726.144
1013786,219637.414
1013962,268826.294
1014083,162057.032
1014108,99324.98
1014164,134415.715
1014237,95945.98053333334
1014240,155041.94
1014368,228215.748
1014476,115910.34983333333
1014483,180258.65
1014498,107066.2
1014551,110132.59907142859
1014571,122009.4905
1014624,147853.9665
1014635,76248.88
1014637,117109.688
1014638,109425.83028571428
1014641,364537.148
1014665,226121.39
1014669,92551.28333333334
1014738,56379.8
1014928,659931.962
1014999,162498.17
1015031,89023.43133333334
1015103,102172.718
1015125,174904.28
1015134,190530.51333333328
1015243,134076.10866666667
1015347,112971.5888
1015350,127147.098
1015360,113455.8
1015361,113704.8
1015366,148000.0
1015403,147764.014
1015482,107000.0
1015484,186200.0
1015485,79284.97626666666
1015486,79284.97626666666
1015502,91540.71921428571
1015524,275405.944
1015534,318860.018
1015540,127306.342
1015557,83786.864
1015579,91801.04566666667
1015597,180624.72955555556
1015681,86415.396
1015697,180131.60146666667
1015714,183116.4950095238
1015804,73695.398
1015824,104328.27916666666
1015843,155500.0
1015872,91095.119
1015908,130800.66383333332
1015909,116451.66666666666
1015911,133426.958
1015919,136150.60946666668
1015920,112691.882
1016040,93343.80977777777
1016042,138079.766
1016098,91718.228
1016117,229436.324
1016413,335777.648
1016734,165298.406
1016888,116355.53933333333
1016927,154774.9664
1017116,154329.2476666667
1017118,99556.45217619048
1017166,117958.402
1017176,104333.674
1017264,102513.61
1017383,72787.24
1017418,105227.15
1017424,84851.31133333333
1017427,91341.778
1017428,140021.394
1017503,80024.776
1017563,49342.798
1017579,98947.886
1017600,162558.832
1017626,76271.214
1017637,261240.118
1017693,131132.552
1017750,330000.0
1017763,220816.01333333334
1017782,118900.0
1017792,536682.03
1017846,85833.73366666665
1017992,328345.932
1017998,93344.344
1018079,92183.824
1018135,115822.558
1018136,168663.39
1018166,716051.896
1018229,896238.618
1018248,156344.2241904762
1018257,151099.4626666667
1018417,163211.138
1018421,234665.82
1018428,94541.34
1018486,228759.20033333334
1018523,165801.4172333333
1018598,88002.04
1018621,81290.93066666665
1018671,83898.864
1018822,214518.516
1018943,200839.94666666668
1019039,60884.796
1019057,51815.224
1019062,630801.068
1019149,97497.29415867466
1019151,69882.62057176157
1019206,103828.4
1019298,95815.304
1019309,95466.854
1019343,368217.81857142854
1019366,142104.72
1019367,176245.6
1019432,350071.998
1019561,135725.53766666667
1019575,151503.822
1019659,247528.23
1019668,81293.31624999999
1019672,89422.62619047618
1019681,103476.12471428572
1019683,127611.81666666667
1019686,92941.03333333333
1019696,116472.99580317462
1019720,195494.098
1019763,66687.36511111111
1019835,659633.08
1019872,90094.13
1019903,205706.5
1019908,165400.402
1019958,528401.976
1020047,315777.23
1020124,618234.3
1020278,89010.06
1020508,114412.77646666666
1020554,90462.5
1020672,136352.502
1020673,174575.24807142856
1020745,132319.072
1020844,97581.63207142857
1021039,189271.29661190478
1021263,81069.816
1021316,204484.08533333335
1021412,136314.57371428574
1021444,101608.998
1021447,137631.6129909091
1021453,131487.654
1021485,157520.35981919194
1021500,73647.632
1021509,78976.414
1021520,89036.00070238094
1021560,157343.55981919193
1021605,82766.30966666667
1021606,158495.16
1021607,142433.09071363637
1021749,242856.868
1021765,161174.64
1021768,126984.24523809525
1021770,169588.368
1021833,150007.508
1021834,150712.248
1021855,53724.34
1021973,119782.83335714284
1022085,107479.76000000001
1022163,126326.75714285715
1022166,328320.8413333333
1022273,119078.7367846154
1022312,99976.264
1022388,77741.576
1022399,101937.812
1022582,125501.162
1022587,215982.998
1022588,238022.59476666665
1022596,123325.05
1022614,145562.98723181817
1022695,185297.78
1022704,80540.36583333334
1022715,123925.434
1022716,123925.434
1022717,113728.458
1022718,109191.09733333334
1022719,113728.458
1022721,122040.986
1022750,115432.614
1022753,122184.6
1022755,111848.6
1022756,111848.6
1022760,91742.19666666666
1022781,106105.583
1022782,109131.77533333334
1022787,106105.583
1022790,109276.08933333334
1022794,113728.458
1022795,109276.08933333334
1022796,115553.824
1022798,108856.77533333334
1022800,109131.77533333334
1022801,113261.536
1022802,123827.434
1022844,108183.858
1022848,139151.0
1022960,106506.788
1023168,217864.12
1023169,217906.12
1023172,111848.6
1023173,111848.6
1023209,72480.89933333333
1023230,125027.168
1023304,90550.0
1023340,228000.0
1023351,314443.408
1023393,103395.11795286938
1023450,235150.4796722222
1023458,100432.742
1023465,90265.468
1023468,200328.76
1023501,153596.52333333335
1023505,137048.82
1023508,106767.71914285714
1023511,106767.71914285714
1023512,136673.192
1023513,137048.82
1023514,136673.192
1023518,132447.69324999998
1023520,106767.71914285714
1023521,136673.192
1023552,141458.776
1023559,716809.57775
1023590,219783.83999999997
1023664,122603.5576969697
1023676,196359.69832380954
1023677,198865.58401904762
1023744,165221.31512222224
1023764,120332.336
1023774,419280.39333333325
1024012,165170.61866666668
1024071,71852.30493333333
1024126,98833.454
1024133,88308.834
1024324,193361.394
1024371,163872.782
1024444,82607.674
1024449,66454.13333333333
1024456,556851.712
1024463,233586.62076666666
1024474,256754.42833333334
1024477,165127.358
1024508,84923.72
1024529,103151.484
1024536,155258.07733333332
1024590,170521.52897142858
1024625,198194.39
1024628,196859.242
1024636,90548.58466666668
1062270,198305.204
1062278,477814.0
1062287,126154.964
1062389,316807.99
1062404,78421.858
1062442,95580.50659087347
1062482,410000.0
1062512,134887.264
1062516,161497.176
1062537,178672.074
1062557,252030.872
1062572,66938.674
1062643,163251.936
1062645,109479.02418181818
1062676,120555.242
1062691,188540.57
1062714,75576.06980952382
1062737,410332.158
1062839,142655.753
1062840,183287.33647222223
1062844,160345.29599999997
1062946,105238.472
1062972,107803.38834444444
1062991,99240.564
1063009,137067.332
1063010,172688.52745714283
1063011,156465.92134846968
1063045,158000.888
1063050,415741.4
1063051,142113.82933333336
1063070,64814.1
1063106,264581.352
1063130,108853.9502222222
1063217,182543.016
1063317,343743.274
1063480,94072.08666666666
1063535,92857.4164
1063601,250350.406
1063668,159160.71333333332
1063704,85866.34114285716
1063829,130075.54729999999
1063862,140809.032
1063906,181932.79
1063923,215850.01552380956
1064029,73371.76
1064042,234224.8
1064047,90332.7835
1064050,65141.908
1064059,137756.57
1064061,98486.44
1064082,190022.624
1064093,166099.12253333334
1064155,59842.1805
1064165,76734.86666666665
1064170,223288.7960952381
1064189,134876.142
1064253,66905.734
1064260,52371.4
1064263,154950.3815952381
1064289,71221.84
1064327,184143.924
1064340,98450.996
1064342,198764.992
1064347,407202.4580666667
1064358,98920.34
1064389,284663.44006666675
1064391,610982.844
1064393,223136.71
1064415,138500.024
1064420,86301.71
1064421,77741.30495238095
1064424,85100.17916666665
1064425,112265.69
1064433,131683.706
1064438,275399.4840952381
1064469,159750.462
1064535,102751.18806666667
1064536,121166.928
1064538,121166.928
1064539,505818.25
1064552,478578.4
1064556,63335.464
1064605,102609.11206060604
1064632,186249.4
1064660,475132.91
1064707,106311.89238095237
1064708,100176.7548
1064709,204727.126
1064715,124031.61333333334
1064718,171516.43500000003
1064724,126904.49933333331
1064774,84168.87666666666
1064782,132678.3089063492
1064786,102415.55428571429
1064791,94834.412
1064836,759898.576
1064856,136682.9404257964
1064863,153181.3578937729
1064870,122264.2
1064872,114336.9424
1064873,83650.90761904763
1064904,152222.2319264069
1064906,124881.72933333332
1064997,242492.378
1064998,304863.772
1065033,99217.45533333335
1065055,170512.18
1065146,158025.28
1065162,184531.15933333331
1065164,127428.102
1065198,345355.46
1065199,345355.46
1065201,157919.7196666667
1065202,106601.5
1065203,109072.5
1065246,96405.79
1065262,191426.27
1065274,118863.838
1065275,169608.89140043294
1065297,96912.94313333335
1065304,227813.46666666665
1065320,178770.78
1065322,139328.256
1065328,111277.7525
1065359,119923.74
1065372,175406.66
1065374,79669.37666666666
1065377,152433.45
1065396,130111.914
1065406,238671.8
1065413,73087.01333333334
1065448,78876.038
1065477,147537.672
1065483,167757.044
1065488,98373.904
1065529,151628.9773333333
1065572,205161.712
1065607,99520.902
1065613,121100.928
1065615,121166.928
1065617,185349.096
1065619,79867.519
1065621,121166.928
1065641,118507.896
1065658,131942.70006666667
1065662,101990.344
1065702,101454.26575333333
1065761,148696.29233333335
1065771,108839.75046753247
1065835,173349.868
1065838,261868.486
1065848,102479.59122896566
1065852,103389.56766666667
1065855,120619.474
1065857,93256.385
1065859,91080.488
1065883,158448.1363333333
1065901,243976.333
1065927,190200.62212354311
1065939,189038.11
1065940,204704.18866666665
1065970,196836.11806666668
1065973,146850.0
1066009,115495.068
1066029,138658.3486666667
1066035,116222.138
1066052,137669.23295783662
1066060,98840.668
1066082,107509.84866666667
1066109,94016.024
1066119,78051.085
1066134,106580.492
1066159,85747.594
1066160,88559.882
1066161,95492.08533333332
1066162,88559.882
1066163,96887.88533333332
1066170,91823.06233333335
1066171,96887.88533333332
1066172,95612.36
1066174,97677.86
1066191,110864.664
1066194,411354.8
1066245,114007.172
1066361,77870.628
1066365,326718.19
1066375,73732.536
1066378,90471.92483333332
1066379,180771.48
1066409,142287.8125984127
1066413,374566.006
1066448,100326.03
1066476,273530.2133333334
1066524,118016.0
1066548,114762.15
1066602,196294.05226666664
1066603,102677.6
1066605,164440.6
1066643,120156.852
1066644,177613.786
1066664,75373.84571428571
1066730,141739.5433333333
1066734,148539.98
1066736,146488.57
1066759,161747.11853333336
1066761,78475.63266666667
1066772,145419.6028939394
1066792,246533.68
1066795,91732.162
1066832,82316.06691428572
1066845,81840.40333333334
1066847,195286.0
1066938,344187.314
1066944,263033.228
1066988,96594.65493650794
1066996,229199.794
1067005,76322.0
1067009,168350.1968888889
1067011,188623.348
1067037,98319.084
1067063,101664.11066666667
1067064,88173.422
1067088,82437.382
1067115,168412.4693333333
1067119,172446.858
1067291,145000.0
1067363,134785.808
1067374,195033.752
1067395,161358.796
1067402,114648.976
1067412,194077.556
1067425,118952.80295180372
1067428,234821.28666666665
1067430,178738.3069747752
1067435,156049.77438095238
1067478,685533.336
1067512,145000.0
1067533,197303.6066666667
1067536,110726.198
1067549,162345.9436
1067555,166704.156
1067557,150140.19933333335
1067570,186553.65916666668
1067575,288527.484
1067577,116761.22314285714
1067578,116761.22314285714
1067584,195575.51956666666
1067596,104014.27566666665
1067598,117767.94083333333
1067614,192872.47683333335
1067631,368281.198
1067649,80118.68706666667
1067652,57773.25
1067687,334773.3116923077
1067688,75870.4
1067704,92065.94
1067705,145808.78
1067731,130139.37511111112
1067746,117421.65276190474
1067756,125354.70300000001
1067777,96803.786
1067793,271382.02831428574
1067808,150049.5930595238
1067821,108117.224
1067834,158852.1745
1067846,75650.30928571426
1067850,196466.4
1067853,320808.208
1067863,418961.656
1067913,119357.098
1067914,105726.04
1067962,85887.802
1067999,103868.974
1068022,74063.76
1068055,136200.576
1068076,126380.96
1068078,170488.16
1068136,118134.75296969697
1068137,148033.3583333333
1068155,269374.86666666664
1068157,166577.598
1068158,155128.836
1068173,114727.236
1068240,174481.27866666668
1068266,191600.04786666663
1068324,92017.98533333334
1068360,370628.58183333336
1068386,186608.48183333332
1068396,127000.0
1068406,79710.136
1068409,97827.518
1068414,199298.24814841273
1068466,129349.254
1068489,117277.1258095238
1068501,186128.5225
1068520,466302.236
1068533,355764.5130634921
1068611,150049.5930595238
1068645,146934.6039333333
1068683,516037.41
1068685,238079.008
1068698,75650.30928571426
1068703,192872.47683333335
1068737,100527.198
1068751,114000.0
1068752,80281.9
1068797,111159.76085714286
1068824,170730.424
1068840,90564.098
1068894,84792.53260238096
1068949,114310.776
1068954,425161.196
1068960,122736.95533333335
1069002,89134.83066666666
1069029,92518.632
1069034,126747.95893333334
1069058,92518.632
1069115,176105.358
1069117,57905.262
1069137,69018.63533333334
1069138,87415.58
1069204,184619.36977777779
1069246,162819.832
1069293,475560.192
1069308,72089.18496190476
1069388,228040.11533333335
1069416,96893.29466666667
1069429,88553.512
1069430,165849.12234444445
1069489,277612.0873333334
1069539,175728.958
1069541,99087.67666666667
1069543,152162.99156428574
1069544,110064.094
1069545,99585.864
1069602,235041.18526262627
1069619,108476.1
1069633,108553.45021312576
1069662,100709.18066666668
1069672,154213.802
1069673,132863.69546666666
1069712,122412.10366666666
1069750,93198.164
1069782,92736.58592063491
1069813,81797.616
1069835,95781.252
1069857,186489.303
1069881,117979.062
1069973,130946.296
1069981,101250.464
1069982,146591.54483333332
1070002,137369.718
1070067,110816.18855555556
1070070,98666.514
1070084,117246.70973333334
1070089,260231.71
1070103,121743.05476190474
1070165,167055.366
1070183,99384.916
1070185,138469.6509937514
1070208,161118.90799999997
1070245,98459.00466666666
1070308,127184.461
1070362,128829.27133333332
1070374,182532.54065079364
1070378,114132.52
1070388,116261.696
1070394,170700.98
1070438,253451.726
1070454,123488.90733333337
1070455,111964.87826190476
1070456,95068.89933333335
1070463,97427.962
1070467,134507.74
1070469,100377.24
1070498,137244.574
1070501,136067.51495238097
1070516,146175.77
1070554,310819.928
1070570,143705.01567142855
1070573,246222.63374358977
1070643,176249.51750000002
1070656,198902.858
1070675,94166.18092307693
1070677,75816.14
1070707,67221.368
1070760,122754.69708333335
1070770,191584.4
1070862,100214.886
1070866,198668.63
1070907,271477.49267230154
1070916,132456.322
1071031,171694.662
1071038,226745.228
1071042,90746.08152380954
1071045,460118.024
1071046,185349.29
1071118,124090.43
1071145,135534.78
1071161,108154.52866666667
1071166,117117.778
1071202,164491.92826904764
1071335,70813.194
1071349,141691.6661904762
1071350,124101.802
1071356,207353.17066666664
1071357,74460.376
1071360,120199.162
1071370,119653.3313809524
1071376,718253.8
1071378,127668.71478571428
1071390,404766.458
1071413,152650.72504761905
1071414,91284.66
1071415,163443.10038095238
1071419,87523.61
1071427,127070.08645238094
1071430,182053.2
1071434,171450.25507142855
1071481,199448.512
1071503,108057.58066666668
1071504,108057.58066666668
1071532,209387.7385
1071537,137813.9501
1071551,131383.69399285715
1071574,133949.844
1071613,192073.11
1071621,86073.3
1071651,111399.47083333334
1071653,109141.816
1071669,122599.10333333333
1071704,300978.242
1071722,384307.472
1071727,159286.98399999997
1071737,141140.566
1071740,184543.564
1071782,202514.698
1071889,215469.78371428573
1071899,442883.10485714284
1071920,95745.524
1071948,128665.11540057718
1071950,144990.444
1071983,185336.79866666667
1071997,283092.716
1072066,179347.29466666668
1072080,137688.69766666667
1072081,221362.7845
1072086,115526.60347619049
1072176,87579.272
1072178,77233.378
1072201,164207.2016666667
1072204,139002.954
1072219,209538.658
1072229,210942.95733333335
1072242,124224.12066666667
1072245,76787.94533333332
1072249,87705.926
1072259,279527.0946666667
1072306,118509.61971428571
1072320,79149.194
1072326,187887.525
1072334,183767.53886666664
1072345,88513.62968253969
1072353,180792.74876190478
1072382,185324.532
1072387,210569.634
1072403,118861.678
1072484,118911.8235
1072487,176779.9
1072490,219075.6733333333
1072493,177524.75035555556
1072503,102546.024
1072536,96855.59
1072548,202583.49333333335
1072599,346431.7116918636
1072627,186363.204
1072632,160150.632
1072681,86064.79125714286
1072729,173631.37266666666
1072752,173728.18
1072775,430722.81257142854
1072776,169886.63333333333
1072779,428481.01257142855
1072780,212521.888
1072784,166613.867
1072800,61938.217333333334
1072809,1196534.538
1072819,113427.174
1072842,135077.296
1072873,250451.98888777886
1072880,131212.21285714288
1072894,87225.3635
1072901,94296.31066666666
1072913,183374.8996666667
1072929,145626.6333333333
1072973,79102.068
1073092,278384.474
1073108,113940.926
1073195,124628.14644999999
1073200,86018.66314285713
1073209,54600.0
1073215,186750.442
1073216,186750.442
1073217,186750.442
1073218,186750.442
1073219,124950.0
1073220,186750.442
1073221,124950.0
1073222,186750.442
1073223,186750.442
1073224,186750.442
1073225,124950.0
1073226,84540.6
1073228,84540.6
1073229,84540.6
1073234,65591.222
1073238,98679.296
1073240,133144.08666666667
1073251,322405.6
1073388,86209.532
1073391,140287.082
1073420,115973.76
1073428,253484.72763333333
1073465,143931.994
1073471,193131.5
1073484,186750.442
1073529,96955.294
1073563,97615.8
1073604,89071.278
1073621,297072.346
1073622,106866.527
1073626,531911.988
1073663,99935.144
1073675,676417.4
1073681,91247.526
1073695,118491.396
1073753,165233.963
1073779,99937.63792857144
1073844,107434.032
1073846,124051.93
1074053,231660.82
1074196,211924.29276190474
1074279,77298.79866666667
1074340,192514.4015
1074532,175040.97942857145
1074540,402696.896
1074548,128157.105
1074550,145948.83033333335
1074554,361649.4
1074575,108263.81520634922
1074579,123757.254
1074603,110844.516
1074607,104770.806
1074608,158385.026
1074643,93931.678
1074677,312893.21915384615
1074682,171117.868
1074697,110235.28
1074710,268791.1059333333
1074741,628687.8415
1074816,265668.686
1074821,129009.768
1074882,191942.174
1074943,103590.014
1074946,173633.892
1074968,70181.14333333334
1074991,67856.6
1075071,294086.73800000007
1075075,163973.72733333334
1075078,154514.93533333336
1075192,104868.67780952381
1075221,172811.75
1075262,118636.856
1075320,55742.798
1075321,55742.798
1075527,388704.164
1075555,101411.138
1075566,198783.42666666667
1075576,113415.89
1075621,613251.396
1075623,215974.548
1075669,103687.5
1075694,498649.8
1075794,139971.036
1075855,198564.418
1075875,100331.15183333332
1075876,100331.15183333332
1075878,128256.06211111111
1075902,122160.764
1075981,96585.09
1076017,215658.38122222223
1076028,153083.081
1076116,157002.578
1076133,82823.892
1076153,147636.17307936508
1076223,69916.138
1076232,188088.4938333333
1076237,132980.982
1076242,140016.922
1076246,180922.424
1076250,83612.128
1076256,119183.74466666665
1076265,155912.7255
1076270,105470.4136
1076275,156780.236
1076282,235444.778
1076297,603648.106
1076314,314979.402
1076342,85221.71633333334
1076353,92494.214
1076399,116957.48566666666
1076400,93498.768
1076410,89215.76716666666
1076411,77466.194
1076419,142637.134
1076451,186537.83293333332
1076453,257167.194
1076479,98053.54466666667
1076502,75850.22
1076505,175852.664
1076512,132380.72999999998
1076516,90228.184
1076615,97467.74
1076618,142672.826
1076619,398631.8481991342
1076637,103687.5
1076655,221831.84933333332
1076670,129300.11666666665
1076672,183641.368
1076751,237948.46
1076780,109159.8275
1076822,99044.9
1076837,542294.0
1076848,208585.788
1076851,144078.92
1076867,159551.024
1076870,170105.4
1076873,97533.83
1076877,234180.5416
1076899,433548.194
1076928,238953.64141428572
1076931,322621.798
1077002,95455.50971428571
1077007,502722.502
1077008,569133.314
1077013,95618.54171428572
1077024,101296.72266666667
1077043,92548.13666666667
1077056,92523.24733333333
1077067,127731.21733333333
1077162,554321.2693333334
1077187,631662.914
1077265,329647.128
1077596,498295.1815
1077624,226947.4828571428
1077752,102000.0
1077787,202730.733
1077884,112225.17800000001
1078098,156282.378
1078219,155406.62346666664
1078257,86524.144
1078341,248260.2984761905
1078355,151469.7746666667
1078360,155604.3506666667
1078409,126805.268
1078431,94613.16
1078454,133330.581
1078476,74284.732
1078477,232079.922
1078497,307556.592
1078545,220262.336
1078556,208007.7543809524
1078564,231237.6006666667
1078585,232562.062
1078640,120917.312
1078648,88926.23933333333
1078660,626651.9062857142
1078685,231278.668
1078699,97685.72533333335
1078723,192848.186
1078725,92874.422
1078736,562401.864
1078773,84375.48
1078806,89916.074
1078814,212871.176
1078885,267133.5713333333
1078899,67825.71375
1078908,172600.73
1078969,155089.10985714287
1079020,147823.37560000003
1079036,167633.466
1079059,377565.968
1079068,84313.946
1079153,274041.726
1079183,126229.87666666665
1079230,102272.40766666667
1079254,100108.56644285715
1079277,149462.232
1079282,152149.73633333333
1079294,130153.98266666668
1079320,319886.092
1079334,109290.5
1079343,113213.596
1079356,147822.32
1079382,68557.10257142858
1079459,197820.766
1079463,128267.15917142856
1079464,203411.894
1079479,148500.0
1079483,124850.0
1079497,268680.90119999996
1079498,268680.90119999996
1079503,148693.08866666668
1079504,133836.62577777778
1079528,133050.0
1079568,174358.712
1079600,153651.966
1079607,141664.00733333334
1079608,149350.674
1079612,148790.498
1079618,106706.65559682538
1079705,149350.674
1079766,93277.53866666667
1079842,76232.87659999999
1079850,139393.474
1079853,149668.552
1079868,84134.018
1079892,112094.752
1079895,95828.04942857145
1079928,290847.866
1079992,123726.0
1079994,120777.26443001442
1079995,123726.0
1080005,155275.4976666667
1080008,166319.77
1080010,97149.56733333331
1080011,166816.2446666667
1080015,154791.302
1080025,167537.012
1080028,58664.1558
1080030,72645.18933333334
1080032,109184.9665
1080034,121571.2
1080037,523615.55
1080063,73408.76966666666
1080064,75574.684
1080065,73920.224
1080066,86317.4
1080069,186330.41533333334
1080072,232053.142
1080077,106483.138
1080111,97868.95066666667
1080133,69707.193
1080147,114079.356
1080162,181858.524
1080187,269272.2029142857
1080200,154051.34866666666
1080279,191068.536
1080290,86488.04557806642
1080292,78421.41286666665
1080299,62252.0
1080327,91718.38503333332
1080328,102104.71133333334
1080332,88884.80343333333
1080334,89236.22150000001
1080342,132978.25666666668
1080343,193916.17096666666
1080364,294767.906
1080379,130889.13107142858
1080382,62252.0
1080383,68073.5
1080399,78392.8567
1080401,646745.998
1080426,125077.052
1080440,86962.905
1080450,111834.372
1080465,113956.90738461539
1080482,190971.74
1080485,166957.655
1080507,359965.0
1080562,72473.466
1080606,358263.6977714285
1080621,105363.92257142857
1080633,114877.562
1080663,174845.09133333332
1080670,88655.858
1080752,148664.507015873
1080755,101520.908
1080757,313954.214
1080776,87433.016
1080802,91341.254
1080807,190119.0
1080836,233088.27
1080849,143752.19
1080858,132423.3844
1080859,190509.34247619048
1080914,184451.42
1080921,57715.6
1080937,180468.02
1080977,68192.02209999999
1080980,83238.108
1080983,105199.60133333334
1081011,82866.836
1081038,234620.3504
1081055,241718.3867047619
1081112,120500.0
1081125,102838.468
1081153,124933.474
1081170,303612.511
1081201,434627.56
1081232,196454.322
1081267,393257.598
1081351,99220.0
1081356,99878.174
1081395,158807.28866666666
1081435,86342.71
1081436,114381.43033333332
1081442,224863.035
1081472,142427.0686666667
1081487,103286.75133333333
1081508,867530.154
1081512,124529.898
1081528,93608.638
1081552,139092.2484
1081575,89999.984
1081706,125930.85200000003
1081782,160786.58616666665
1081785,120674.45
1081787,169321.32
1081832,93549.38200000001
1081833,111651.10333333333
1081838,77009.27456666666
1081841,436956.032
1081843,77009.27456666666
1081844,77009.27456666666
1081848,105250.0
1081869,153089.472
1081902,110106.602
1081903,110106.602
1081908,98043.468
1081924,80258.55504761904
1081936,309435.734
1081949,203135.78
1081970,186443.1326666667
1082039,134233.598
1082045,132627.177
1082046,122416.13457142857
1082048,191898.16
1082118,114179.88266666666
1082145,75014.33266666667
1082147,93894.072
1082163,112125.874
1082251,188569.94693333333
1082254,393320.24666666664
1082255,160310.524
1082327,90702.60933333334
1082342,112563.47533333334
1082343,183871.01533333334
1082360,188618.03409523805
1082376,346167.1075238094
1082382,177196.611
1082390,161770.676
1082417,112659.98050476194
1082420,117689.0
1082432,463573.3353333333
1082441,175051.386
1082442,167690.936
1082461,244134.218
1082482,147784.054
1082483,74297.74666666667
1082488,560629.6
1082504,165415.83383333334
1082508,139329.54114285714
1082533,95936.43246666665
1082548,224709.366
1082549,160169.662
1082586,102209.816
1082640,218534.58779999998
1082677,196555.776
1082833,98701.21733333335
1082840,207221.8373333333
1082846,262322.0831666666
1082857,321789.5
1082863,170000.0
1082867,209912.808
1082927,117104.3972
1082928,123314.47989761904
1082958,381580.198
1083026,174206.982
1083029,589271.5733333334
1083052,416892.57066666667
1083095,129051.154
1083118,147049.008
1083122,287925.5905
1083137,208021.748
1083208,257465.446
1083251,151933.655
1083264,166844.422
1083284,198085.1851
1083291,93500.0
1083296,93500.0
1083300,93500.0
1083303,93500.0
1083345,108355.272
1083382,132619.66266666667
1083388,59293.778
1083392,140007.798
1083402,142050.26093333334
1083405,179015.552
1083495,100663.07619047619
1083545,128760.854
1086147,221411.41
1086216,236448.198
1086243,150482.58306666667
1086254,60993.66158946608
1086282,152264.25
1086309,187485.39880000002
1086312,119341.94
1086333,75817.26266666666
1086344,107496.67666666667
1086616,99764.81506666666
1086670,188623.348
1086770,142984.104
1086802,161487.978
1086813,130942.16076190474
1086818,173929.292
1086819,237405.92330158735
1086820,94706.56733920916
1086826,124076.238
1086827,80654.760587693
1086842,80452.11614324855
1086844,94706.56733920916
1086846,80452.11614324855
1086847,80654.760587693
1086848,124076.238
1086864,481821.21980952384
1086917,200173.07235238093
1086918,84561.64
1086963,225292.584
1086991,126875.6225
1086999,96979.03460317463
1087035,120581.12068571427
1087054,166319.75466666665
1087111,159972.50400000002
1087112,145145.87716666667
1087115,470277.9
1087116,139082.944
1087132,232270.4646666667
1087135,74448.67936507936
1087193,145908.792
1087235,140630.4013333333
1087237,141950.814
1087238,165009.816
1087241,138519.534
1087288,475141.6
1087329,80946.71285714286
1087340,331727.654
1087346,261034.53011904765
1087349,206505.31028571428
1087375,271565.392
1087389,241556.04536666672
1087406,115308.70432500832
1087423,342181.008
1087432,309067.45409523806
1093650,71619.70609523809
1093654,181873.676
1093657,206266.32266666667
1093659,98987.436
1093661,98987.436
1093675,156106.8494285714
1093684,135428.70304682542
1093703,166074.63840626003
1093710,95131.28794285713
1093711,127157.176
1093718,70702.1438
1093725,114011.28495238096
1093808,671403.578
1093813,206659.38
1093816,252592.434
1093817,96802.19366666667
1093845,550953.998
1093848,98895.43666666668
1093904,145191.916
1093906,128103.418
1093909,274023.864
1093920,139216.36516666666
1093958,119041.016
1093960,318302.016952381
1094005,576264.3034603174
1094008,175329.818
1094012,77648.5439047619
1094018,97577.9068
1094108,121372.13
1094111,212361.34833333333
1094126,113543.676
1094128,552983.3973333334
1094133,104963.16933333332
1094136,275835.8575
1094142,330270.18
1094151,48280.94
1094174,124900.912
1094196,194848.668
1094198,85588.69419047619
1094232,98240.284
1094299,162092.42533333332
1094334,268056.578
1094348,121731.75228888888
1094353,115208.812
1094362,131276.80622222222
1094412,999832.3880000002
1094416,96900.12
1094419,551727.0588714285
1094463,169260.73716666666
1094464,152198.7942063492
1094519,187806.514
1094530,87918.268
1094531,87918.268
1094538,112981.66818650793
1094590,125208.918
1094633,147582.32333333333
1094660,103565.79700000002
1094668,99206.426
1094694,108515.02285714285
1094714,154668.45693333333
1094717,193901.508
1094747,151093.70933333333
1094771,641350.8
1094773,337536.188
1094779,103639.918
1094810,164710.8802857143
1094817,347405.442
1094818,123630.02097619048
1094822,70910.40666666666
1094855,144494.4
1094858,146062.62266666666
1094864,360585.736
1094895,191555.67266666665
1094910,126157.7475
1094939,104426.43466666667
1094960,84023.92933333333
1095019,1207508.258
1095021,756499.232
1095025,164171.516
1095029,146672.21
1095031,152251.496
1095067,88420.6
1095105,228519.558
1095126,166722.032
1095135,162026.99873015872
1095139,138379.736
1095146,124141.03514285716
1095292,192976.36
1095313,64514.105
1095326,146954.8695
1095334,78043.22
1095343,84638.018
1095383,69590.3355
1095399,191708.3843809524
1095416,245532.952
1095448,208058.76400000002
1095478,101002.69266666665
1095480,152067.915
1095496,116641.686
1095500,120320.0235
1095529,64726.89938333333
1095536,318959.7347619048
1095552,341542.454
1095588,86735.74333333335
1095624,364070.5031428571
1095650,108431.12970000002
1095691,851305.14
1095735,160934.128
1095799,207340.684
1095804,184841.97147821067
1095810,137819.02786507935
1095827,218758.19657142853
1095841,272562.28
1095853,157989.474
1095860,169578.512
1095866,118008.308
1095906,139122.46333333332
1095907,406506.888
1095926,198409.48199999996
1095949,133998.4
1096078,128953.196
1096079,134668.0
1096090,98560.14666666665
1096148,217963.404
1096213,207983.46085714284
1096235,126736.41933333334
1096271,141514.312
1096279,69591.59
1096316,192540.15135714287
1096318,654518.258
1096335,507594.502
1096339,122898.05666666666
1096405,228844.768
1096417,122681.60933333333
1096464,79679.67316666666
1096480,133787.6319
1096484,168315.87066666665
1096513,246152.838
1096539,187641.646
1096546,94644.208
1096550,240805.08
1096556,116177.61726406924
1096573,261360.17666666667
1096583,234849.82628571434
1096585,170594.62
1096590,228516.99433333334
1096593,142075.648
1096600,158192.29062857144
1096627,105358.38108333333
1096631,152540.62333333332
1096691,164933.756
1096700,102579.82
1096716,246509.95244444444
1096723,302208.936
1096749,161634.42606837608
1096777,180905.99333333332
1096784,109178.602
1096858,385693.024
1096873,196232.866
1096921,133093.67
1096936,199214.8304769841
1096968,105044.18119047619
1096972,158985.7905809524
1097023,127067.102
1097024,686294.6751190476
1097040,260395.6
1097041,303519.29148126673
1097045,227929.15733333334
1097078,504514.7546666666
1097079,504514.7546666666
1097082,92113.392
1097084,93054.464
1097102,150873.609
1097259,138749.81333333332
1097283,126809.552
1097365,138339.6
1097366,131450.27
1097476,810969.4
1097499,98815.55533333334
1097500,124049.24533333334
1097511,275943.492
1097514,348510.536
1097544,112828.15285714286
1097562,132143.333
1097569,99177.98626666666
1097597,145134.968
1097609,128830.548
1097635,127243.984
1097650,83183.286
1097655,135164.58399999997
1097659,117272.6395
1097664,112982.12999523812
1097673,185201.872
1097675,100231.05719191917
1097698,136573.27186666668
1097718,109365.22166666665
1097755,255668.398
1097767,139987.374
1097777,215018.298
1097778,101725.056
1097795,649117.47
1097861,112462.144
1097886,135656.08
1097887,166735.492
1097888,154179.512
1097928,188753.252
1097949,180972.21598874455
1097975,274228.9435
1097993,245031.566
1097994,259582.448
1098066,154746.59580952383
1098122,130838.1685
1098125,178554.92866666664
1098140,96653.438
1098199,334816.786
1098213,96135.95388571429
1098215,135209.29333333336
1098219,203389.70738095243
1098228,118046.454
1098252,407261.334
1098268,151074.2444
1098275,151000.31216666667
1098362,91800.0
1098365,864155.918
1098396,90675.26666666666
1098468,116781.398
1098495,86536.184
1098569,92800.6
1098588,381500.66
1098633,93016.952
1098693,352023.082
1098698,178108.39533333332
1098706,169482.346
1098771,86509.6775
1098971,47544.192
1098987,148180.852
1098991,165805.088
1098994,198540.39
1099004,149795.93666666665
1099021,99858.90967099565
1099030,117636.898
1099038,91368.688
1099039,173283.51433333333
1099045,315415.6164615384
1099133,308262.08
1099137,102163.34333333332
1099153,185751.058
1099180,179602.084
1099183,325431.45
1099184,98517.802
1099199,117623.628
1099315,210172.468
1099316,137946.97666666665
1099320,153210.24904761906
1099323,239848.5684047619
1099326,205502.8890095238
1099329,83543.66040000001
1099335,178831.352
1099338,120716.65
1099342,146490.372
1099350,154713.984
1099351,83609.35766872017
1099359,96056.878
1099364,100394.17333333332
1099366,143611.04
1099382,177110.6575
1099383,547005.094
1099407,117497.68683809522
1099414,100243.964
1099441,134386.87
1099447,115634.204
1099465,101325.66
1099469,161303.9516666667
1099488,148330.024
1099520,157992.24333333335
1099562,217549.6556666667
1099567,127773.444
1099623,247308.15199999997
1099651,96948.644
1099664,143179.4693333333
1099665,143179.4693333333
1099671,183088.48
1099702,104593.476
1099722,88588.398
1099725,54467.184
1099726,55725.269
1099728,51032.0385
1099729,50495.8925
1099734,83249.764
1099740,93978.39257142857
1099743,206906.602
1099768,159945.278
1099774,1478104.792
1099796,142181.4026666667
1099815,163017.7606666667
1099837,285295.5368571428
1099916,274902.18
1099928,84457.852
1099941,89585.264
1099946,88468.598
1099948,51375.45
1099950,53699.28
1099972,101213.74
1099995,125302.60385714284
1099996,114578.42733333334
1100056,185970.9862380952
1100076,188880.18312428682
1100169,431017.126
1100171,81786.01580952381
1100178,210170.164
1100189,76294.06066666667
1100191,62744.184
1100192,62177.416
1100194,104485.408
1100205,88023.115
1100224,118015.624
1100257,203264.51466666666
1100317,103900.422
1100329,82274.42371428572
1100345,96393.15333333335
1100388,231475.13933333333
1100391,87580.788
1100460,195592.388
1100509,112442.14
1100516,210500.0
1100532,245789.31031746033
1100537,64644.0
1100548,407050.698
1100583,233308.42533333335
1100596,210500.0
1100601,412184.596
1100611,113338.21
1100619,202794.62906666668
1100658,313209.55666666664
1100660,274041.726
1100674,112942.554
1100682,122859.114
1100692,115325.69
1100719,92367.502
1100743,347269.278
1100780,92293.45396666665
1100810,190500.08
1100829,227577.44399999996
1100840,146116.01285714286
1100852,196291.7336
1100865,92516.65639999999
1100897,106484.73533333332
1100931,103473.33648571429
1100932,103473.33648571429
1100938,492439.37434915
1100944,313934.5013333334
1100945,319699.462
1100946,319699.462
1100947,319699.462
1100948,232430.35
1100953,233801.114
1100955,233801.114
1100957,299650.758
1100960,299650.758
1100962,123042.336
1100984,126940.61466666665
1100985,158531.31866666666
1101003,96766.246
1101004,96766.246
1101005,96766.246
1101006,181255.398
1101007,121711.45466666663
1101012,89134.83066666666
1101064,309965.494
1101073,289894.782
1101084,127919.65246666667
1101086,114097.42
1101094,102940.34866666667
1101102,102381.84828571428
1101127,79004.38
1101173,140499.581
1101180,123731.5852
1101202,118823.06566666668
1101203,152669.264
1101207,177945.2903333333
1101208,301290.21819523803
1101232,98781.04333333333
1101240,91285.67559999999
1101252,167410.968
1101258,171581.65
1101263,68506.002
1101276,151667.94466666665
1101292,156780.49666666664
1101294,132869.262
1101303,291551.032
1101319,573102.548
1101326,125071.1896
1101330,173624.98923571428
1101331,112901.66204761904
1101333,173513.928
1101335,160416.6053333333
1101351,138421.0
1101378,104129.8
1101418,713925.4
1101423,326184.072
1101428,138421.0
1101517,135128.9946666667
1101591,84834.34157142858
1101616,407050.698
1101739,115761.906
1101759,89417.892
1101799,98948.80423809524
1101800,95948.10490476192
1101801,394284.152
1101814,175178.282
1101859,73511.43266666667
1101869,83356.736
1101901,77752.75371428572
1101931,138295.01266666668
1101932,150136.6906666667
1101976,341825.69
1102031,72985.246
1102046,144573.85705714286
1102066,131027.3
1102090,273598.078
1102112,211350.40199999997
1102117,144573.85705714286
1102119,119564.87171428572
1102123,112686.10466666667
1102135,155237.8235190476
1102169,162777.33533333335
1102170,259141.01433333335
1102240,212068.76
1102248,71260.026
1102273,124937.0
1102307,173574.854
1102332,177578.2330037851
1102413,105757.53533333335
1102414,96553.884
1102415,96557.236
1102416,98899.67533333335
1102417,159256.22433333332
1102422,176878.086
1102423,95344.044
1102430,95793.446
1102431,96596.884
1102434,147764.6545
1102452,88973.59
1102470,144567.61152380952
1102505,246178.226
1102509,110527.194
1102527,184009.33666666667
1102537,168750.73066666667
1102564,171629.152
1102603,140881.424
1102608,92300.096
1102646,90995.898
1102647,124829.903
1102650,159387.7941111111
1102655,185688.70533333335
1102657,151732.5914
1102660,238142.848
1102685,88246.77
1102688,137524.874
1102699,80938.03000000001
1102704,119098.276
1102705,245677.864
1102728,485142.1588571428
1102735,73798.44
1102750,102560.312
1102770,209415.116
1102790,371306.982
1102797,630980.718
1102800,149219.2697907648
1102806,90525.73961904764
1102844,196101.178
1102862,109466.96380952382
1102908,93881.254
1102909,127608.612
1102959,104367.16807619047
1102970,87969.2
1102986,187847.41
1103044,102206.614
1103076,260476.776
1103095,382134.452
1103226,247009.47399999996
1103227,247579.474
1103228,194885.4
1103229,248299.2
1103249,207110.1091
1103253,200227.82757748917
1103258,211950.526
1103264,411674.6218190476
1103265,163338.886
1103278,91708.99866666667
1103279,536262.1366060607
1103282,61044.034
1103361,107946.10381428571
1103386,170765.014
1103396,205825.3333333333
1103402,116497.212
1103403,131682.81222222222
1103404,119600.0
1103418,118385.992
1103419,100946.51206666666
1103431,222357.97253333332
1103481,364434.15
1103489,226330.558
1103584,107033.69149019608
1103598,214653.95361904765
1103600,112709.26933333334
1103604,140772.701
1103606,138870.44
1103614,70569.54
1103646,82358.784
1103668,266293.7671666666
1103669,119348.16266666667
1103678,136221.9046666667
1103711,94475.98
1103726,179826.85495144298
1103731,121600.588
1103735,160646.40266666666
1103741,422149.478
1103838,154009.802
1103903,220864.072
1103914,112009.94283333335
1103991,73235.69559999999
1103997,117678.652
1104005,192882.12542857142
1104027,57135.946
1104035,101094.738
1104045,108029.0882
1104073,437292.634
1104122,318344.264
1104123,318646.744
1104132,100669.12266666668
1104247,110428.34
1104252,103945.80438095237
1104265,190282.62995952382
1104276,76913.534
1104292,117639.04
1104347,626218.776
1104357,153262.214
1104358,108877.45116666667
1104369,207035.236
1104944,227321.598
1104946,95000.0
1104949,95000.0
1104951,95000.0
1104953,95000.0
1104955,95000.0
1104972,150554.486
1105018,76700.0
1105021,111598.79358874458
1105024,190700.0
1105025,121500.0
1105044,173456.2737333333
1105046,114246.0
1105047,114246.0
1105050,330000.0
1105051,330000.0
1105052,330000.0
1105053,330000.0
1105071,95000.0
1105081,133152.188
1105207,330000.0
1105210,154117.68133333334
1105265,330000.0
1105266,141429.40126666665
1105267,141429.40126666665
1105268,330000.0
1105280,84791.40733333332
1105281,138479.318
1105282,134590.14
1105376,296536.98333333334
1105429,129163.316
1105465,118791.78466666666
1105493,109900.0
1105496,119744.34706666668
1105557,109900.0
1105558,109900.0
1105575,114401.31
1105576,114401.31
1105581,92374.77133333332
1105621,159135.292
1105622,120770.71400000002
1105698,190700.0
1105699,190700.0
1105700,190700.0
1105702,190700.0
1105705,190700.0
1105706,190700.0
1105711,171500.0
1105799,109900.0
1105802,109900.0
1105803,109900.0
1105805,109900.0
1105806,109900.0
1105807,125468.08
1105828,156008.426
1105830,275146.728
1105831,141822.726
1105832,283891.054
1105849,76700.0
1105855,116354.0
1105898,116354.0
1105899,116354.0
1105935,185380.93800000002
1105989,96650.0
1106068,152900.0
1106069,152900.0
1106073,152900.0
1106085,173589.53551365307
1106086,135800.0
1106135,114682.09596666666
1106164,76700.0
1106193,164537.2
1106196,96201.776
1106244,173728.82860606062
1106253,70649.516
1106256,121996.174
1106586,273140.096
1106587,129516.748
1106588,146228.782
1106589,156563.98
1106600,84162.80433333333
1106608,139421.978
1106715,76700.0
1106789,165351.96028571427
1106790,207053.81066666666
1106791,206380.56333333332
1106792,207053.81066666666
1106793,205735.12333333332
1106794,202277.78333333333
1106869,119773.53
1106954,109684.0
1107205,190740.0
1107331,73700.0
1107333,73700.0
1107389,163427.0
1107390,163427.0
1107392,163427.0
1107394,163427.0
1107395,163427.0
1107469,173456.2737333333
1107483,103451.544
1107491,91661.001
1107667,238497.474
1107772,95200.0
1107775,95000.0
1107785,291430.3406666667
1107786,157283.7868
1107787,131144.0
1202392,125843.02
1202393,92842.454
1202395,206855.784
1202440,89406.147
1202550,81307.29514285714
1202552,86800.0
1202577,148000.0
1202580,108588.15
1202842,118988.08
1202844,128893.974
1202860,102599.643
1202861,97241.78386666668
1202869,170942.5746666667
1202876,146704.1326666667
1202892,129565.53063333333
1202903,75828.57441197692
1214273,165492.707
1214280,124056.36
1214445,408330.86
1214448,65267.90666666666
1214449,76700.0
1214464,117696.972
1214572,141184.99955108226
1214574,208513.9
1214584,129161.0954047619
1214608,91992.742
1214640,81040.80946666667
1214643,160198.746
1214651,334089.468
1214652,195768.843
1214657,439430.834
1214661,161595.77
1214673,128080.82400000001
1214675,111815.49885714285
1214679,178087.72755555558
1214703,132374.75333333336
1215040,121678.784
1215050,64230.4902
1215134,126953.70733333332
1215138,129617.72145238095
1215362,79779.794
1215366,90237.71533333334
1215368,101013.00999999998
1215369,149820.87
1215374,85265.36
1215388,488520.998
1215448,77605.062
1215451,66028.98
1215486,132168.9
1215488,165577.28399999996
1215496,126056.18300000002
1215498,142017.17760000002
1215555,138247.522
1215556,177883.9
1215560,341929.32639999996
1215573,120778.4075
1215591,65389.081866666675
1215596,145500.4
1215746,233219.326
1215748,137838.21
1215754,66331.952
1215756,323410.632
1215758,125468.08
1215761,105102.8745111111
1215762,79245.934
1215766,139772.8
1215767,698324.018
1215776,330000.0
1215784,296536.98333333334
1215791,79896.46231111113
1215796,94456.5
1215797,154922.43666666668
1215798,96993.25866666666
1215806,146804.998
1215810,95517.68171428572
1216439,66222.822
1217024,101299.21300000002
1217029,153059.533
1217034,84171.846
1217036,100457.09780952382
1217037,74449.3746
1217038,163580.74533333333
1217233,138635.34
1217234,93043.76875
1217247,105358.13333333335
1217248,85126.09335238092
1217250,94527.32657142857
1217540,198378.342
1217556,143982.6
1217557,97673.582
1217559,79047.56
1217578,240197.0926666667
1217875,67123.43333333333
1217881,49372.378
1219303,102454.916
1219356,348635.58
1219361,243593.572
1219426,95450.948
1219482,304032.9499999999
1219492,80947.88878095239
1219515,233235.89
1219518,363981.436
1219520,187858.657
1219620,138499.0
1219653,93997.904
1219665,201876.658
1219668,115900.66
1219670,57980.198
1219706,196731.46
1219714,154786.972
1219756,110624.6
1220007,96449.0
1220137,425834.684
1220139,346611.0746666666
1220671,91923.8
1220690,52151.49633333333
1220731,149220.98266666665
1220732,89520.798
1220739,136560.432
1222082,237017.38
1222084,74419.31533333335
1222087,410025.7911428571
1222182,179484.84
1222183,130751.92
1222194,216936.504
1222252,160304.1
1223720,129163.316
1223812,133375.03068571427
1223816,297613.382
1223827,196451.742
1223836,263209.51966666663
1223838,108798.23182007752
1223841,89992.72139996845
1223860,423211.772
1223861,173068.562
1223863,152093.8997056277
1223867,200061.99822392018
1223875,120343.04533333334
1223892,206272.812
1223897,203269.032
1224003,96350.812
1224006,111786.748
1224010,151995.392
1224014,77575.164
1224033,170987.8
1224068,146876.0
1224071,80207.4
1224121,164260.90933333334
1224146,132910.286
1224153,102847.358
1224653,161480.6005
1224668,112484.98
1224776,143148.53399999996
1224788,210884.99199999997
1225148,429090.4
1225155,167031.4233809524
1225157,276652.584
1225159,327112.188
1225238,201184.34
1225323,188396.74
1225362,131849.528
1225363,140365.18407142858
1225376,250052.91200000004
1225378,117750.988
1225818,77182.308
1226392,103187.47733333333
1226394,87739.204
1226516,157067.38
1226517,134258.8
1226741,156160.16926984128
1226743,129109.84733333332
1226745,95911.5348888889
1226748,173589.53551365307
1226749,135800.0
1226782,107222.18
1226789,83411.33866666668
1226799,90405.14115000001
1226860,86264.52
1226867,203823.84933333335
1226963,134826.0
1227068,199074.2386666667
1227072,437719.896
1227075,109709.264
1227080,202399.02
1227083,202399.02
1227087,152810.8
1227113,101323.196
1227115,155989.2
1227127,78441.074
1227165,147053.802
1227292,88059.63857142857
1227294,188288.024
1227296,174237.60800000004
1227675,518576.0
1227679,203328.474
1227680,203616.59588333336
1227687,239789.702
1227690,213863.76
1227707,135889.09
1227708,132753.87266666666
1227709,201099.588
1227720,254933.412
1227815,184488.892
1227857,576632.2643333334
1227859,401200.82
1227865,230301.9533333333
1227902,130509.2752
1227904,88967.28999999998
1227921,401913.6913333333
1227928,130262.29866666665
1227948,266553.61038383836
1227951,433803.742
1228096,124669.25393333333
1228098,127232.276
1228597,350011.85
1228622,204463.938
1228630,156558.062
1228639,190703.19733333332
1228640,142422.6793333333
1228821,130215.99933333333
1228828,276600.692
1228829,345875.8366666666
1228966,356046.598
1228972,398722.88266666664
1228973,835518.752
1228974,1346526.44
1228985,431049.3773246753
1229013,256924.56466666664
1229016,114131.54319999999
1229018,182016.34485714286
1229020,310958.6773333333
1229022,181944.462
1229028,130024.07
1229030,131092.33
1229031,192262.28352380948
1229038,190149.2
1229176,585852.266
1229188,307902.396
1229190,944674.0
1229201,178518.512
1229212,134586.054
1229218,133483.96
1229220,171463.21409523813
1229224,152233.272
1229225,131412.23469047618
1229462,440984.168
1229540,155483.256
1229541,142656.742
1229591,157445.692
1229597,187205.45526666666
1229598,187205.45526666666
1230015,94144.066
1230020,92401.91
1230030,101697.3
1230031,84557.74601111113
1230037,86087.32
1230038,164537.2
1230039,75808.752
1230040,144260.3646746753
1230045,60642.142857142855
1230070,69776.919
1231407,224561.34
1231410,221565.778
1231549,291572.28566666663
1231551,202075.888
1231558,72449.17613333333
1231661,113251.4
1231688,193333.80666666667
1231696,271353.508
1231704,111424.508
1231710,151873.836
1231711,79308.28216666666
1231719,149708.33571428573
1231753,103149.613
1231846,653864.6513333333
1231908,97617.83
1231938,114182.64085714286
1231982,220139.4293333333
1232000,122627.0
1232001,122627.0
1232002,122627.0
1232475,300931.46366666665
1232477,173597.58266666665
1232484,66769.2
1232490,103451.544
1232637,79559.808
1232646,90890.38
1232662,96877.0
1233033,104279.812
1233038,95938.416
1233250,386450.86
1233263,154746.0487243867
1233265,273814.63
1233268,188405.06
1233307,155417.67213333334
1233314,120142.216
1233329,388065.906
1233345,266325.398
1233349,122046.732
1233447,84791.40733333332
1233450,85925.79823809525
1233453,85170.004
1233462,85912.404
1233465,114512.79373095238
1233471,42303.588
1233474,108409.65
1233479,108567.7
1233487,113072.92866666666
1233488,131456.868
1233490,110745.90733333334
1233493,106062.884
1233495,98548.216
1233497,103151.406
1233542,68089.28733333334
1233552,76270.91
1233557,161674.5
1233567,93914.79361904763
1233568,136252.3206666667
1233569,139281.31933333335
1233683,268188.618
1233764,871373.394
1233861,115292.50128571429
1233877,77889.63466666666
1233987,330000.0
1233989,141429.40126666665
1234069,137025.633
1234103,189262.046
1234104,191632.942
1234343,706395.008
1234348,99709.128
1234349,99168.14
1234495,484721.184
1234496,167633.032
1234497,156476.964
1234499,162151.57666666666
1234515,129903.37851515152
1234516,238512.72085714288
1234528,210197.54
1234612,322745.5646666666
1234760,72607.39666666665
1234763,92629.35866666667
1234766,160192.77
1234772,174542.032
1234818,120407.4
1235137,473952.568
1235157,119631.764
1235163,413030.12
1235168,250612.60952380943
1235169,250612.60952380943
1235170,250612.60952380943
1235228,394118.318
1235244,394451.4793666667
1235266,509112.8564
1235290,1016322.0850158732
1235294,864296.5
1235303,144594.71666666667
1235312,114890.58933333332
1235314,435160.046
1235337,396041.404
1235354,305685.67466666666
1235360,733996.88
1235386,1077315.758
1235538,351688.8613333333
1235542,424360.38857142854
1235546,430182.504
1235552,708848.146
1235662,1346557.998
1235678,59362.14826666666
1235679,176431.99
1235688,129251.396
1235689,129351.396
1235741,207053.81066666666
1235742,165351.96028571427
1235744,202277.78333333333
1235745,205735.12333333332
1235746,207053.81066666666
1235747,206380.56333333332
1235786,635020.52
1235796,366284.968
1235824,574490.0
1235825,1030397.232
1235874,440271.25
1235885,686792.672
1235886,688492.674
1235887,291142.578
1235916,703511.69
1235996,192265.4
1235997,160104.768
1236001,646356.316
1236007,770342.002
1236009,782553.054
1236010,804703.998
1236082,88449.316
1236126,96301.6
1236137,124155.46266666666
1236150,130856.40857142855
1236152,152661.56666666668
1236160,275853.0
1236162,854230.0
1236183,167644.96
1236186,109910.8434761905
1236189,114031.2
1236201,107168.56433333333
1236353,173293.62
1236355,164471.918
1236463,100300.18314285715
1236479,107749.366
1236480,105901.642
1236822,90138.15951212819
1236911,519038.316
1236986,164299.802
1236991,210360.03910000002
1236993,164299.802
1237029,170017.73491666667
1237033,115408.738
1237049,101384.282
1237051,211794.874
1237164,102403.988
1237170,272369.8653333334
1237492,52703.6
1237495,98580.59466666667
1237545,86084.99914285714
1237979,231320.0
1237998,177494.9850666667
1238015,143620.3777777778
1238100,135262.166
1238115,155651.6
1238129,439326.28466666664
1238182,97444.902
1238190,114470.754
1238195,366510.124
1238198,176688.0
1238207,136876.184
1238213,145232.07342857143
1238216,207098.7
1238226,137165.6
1238229,341929.32639999996
1238231,279007.534
1238232,288593.06733333337
1238237,176291.3126666667
1238241,157114.334
1238242,203618.772
1238244,170780.346
1238245,187534.4
1238258,78481.69628571428
1238259,292141.2853333333
1238261,192470.102
1238263,336297.794
1238264,200880.36
1238384,117871.02
1238386,211769.748
1238419,205405.53333333333
1238422,198713.3
1238435,173884.762
1238439,533509.3013333334
1238572,287007.28733333334
1238582,273973.144
1238589,146399.108
1238614,100153.324
1238793,180256.5210271562
1238800,459686.714
1238802,369210.582
1238807,269210.4261666666
1238812,113613.302
1238813,192690.96
1238814,83818.29857142856
1238827,158364.154
1238834,218190.44
1238964,210316.4022644189
1238965,181608.44
1239003,203012.8100407093
1239006,404176.02
1239029,238497.474
1239054,251002.28692463104
1239062,228497.5725
1239067,222375.002
1239078,198478.0
1239100,215032.0
1239106,156754.96733333333
1239112,180104.06
1239158,215919.312
1239160,148025.86844661174
1239161,136657.37333333332
1239162,122416.376
1239239,199470.668
1239260,285470.2
1239261,270287.76
1239271,199343.7
1239276,380708.8
1239278,204263.4
1239294,147141.26886666668
1239313,217466.02
1239402,374132.218
1239482,132000.0
1239483,132000.0
1239484,132000.0
1239485,132000.0
1239490,168969.852
1239519,230304.1497142857
1239527,120144.46666666667
1239532,180386.736
1239533,209828.13
1239534,154721.244
1239535,212336.09
1239537,214785.492
1239558,113797.4
1239566,95644.53688888889
1239568,285450.1333333333
1239577,127030.398
1239578,84479.75822222221
1239585,131417.76076190476
1239589,140842.8
1239598,142455.7
1239601,773842.206
1239963,191882.59333333335
1239978,1234425.48
1239994,623102.086
1240122,909612.9898333333
1240137,1209331.998
1240202,140552.0
1240229,147338.4
1240235,526739.972
1240281,174736.0945
1240283,470320.02
1240338,73832.64511111112
1240418,75872.398
1240441,479905.0251111111
1240442,189607.642
1240444,300000.094
1240448,531901.816
1240464,615061.7466666667
1240465,121788.954
1240498,176476.584
1240504,74806.98
1240505,145182.27666666667
1240516,112347.066
1240535,90671.46166666667
1240539,87276.22325
1240540,78921.954
1240617,131399.23
1240649,113561.99466666665
1240720,86398.152
1240728,76229.977
1240735,68390.93746666667
1240736,75918.517
1240977,91229.38
1240979,80607.75
1241045,63583.464
1241069,76421.53533333332
1241079,402164.6
1241087,76577.982
1241091,123018.97566666667
1241093,80947.51066666667
1241095,227838.064
1241101,122842.326
1241103,77783.495
1241115,97476.50833333332
1241117,122869.88
1241128,96792.63
1241130,755264.006
1241139,189349.935
1241151,95386.785
1241289,63469.792
1241295,87182.70854698078
1241453,124831.18
1241454,99728.81
1241459,106385.14933333335
1241460,86295.668
1241478,112884.18
1241488,77326.8
1241744,111965.29939999999
1241746,82152.036
1241753,111758.81075555553
1241756,100413.38333333333
1241757,104331.27466666666
1241760,87490.60866666665
1241761,88067.96266666666
1241764,97193.69
1241795,162280.05923809524
1241796,116095.87
1241798,78148.7663809524
1241803,77848.53038095239
1241804,83556.278
1241807,78479.77038095238
1241810,66755.25
1241813,77848.53038095239
1241826,110579.996
1241833,84687.43145238094
1241834,92853.29783333333
1241837,88882.401
1241842,103753.972
1241843,121602.25826666667
1241897,101608.36066666666
1241913,70479.13
1241975,95540.056
1241978,144459.888
1241980,72553.826
1241981,91708.99866666667
1241983,64690.29
1242077,106617.728
1242080,87407.356
1242082,265098.95
1242090,87807.284
1242092,56328.84
1242118,127667.41933333332
1242119,208177.616
1242131,82393.89666666665
1242132,55762.52
1242135,71263.794
1242139,85832.204
70723,20398.8
71009,58087.0
71030,18371.8
71670,19020.361666666668
71671,13974.2
71694,22190.4
71697,21810.002
71717,21594.2
71727,20303.094
71785,20714.58
72264,387393.6
72276,19767.466666666667
72325,22488.538
72326,26412.402
72327,18191.96
72548,55086.83733333334
72571,29410.8
72713,23431.198
696861,25346.911333333333
696875,9336.6
696882,126249.47
