id,price
264893,671584.286
264899,265635.784
264910,271473.0
264915,113994.8
264919,78770.622
264928,158645.53
264932,121732.0
264935,115598.0
264939,219974.7
264944,120059.77
264954,167191.988
264955,164459.988
264969,952847.6
264978,157797.926
264983,122830.258
264984,96875.614
264985,113821.236
265031,167312.87
265032,152829.252
265058,301811.844
265066,325660.99583333335
265068,137932.136
265069,663219.474
265070,138186.542
265077,120585.24863492064
265090,706351.0
265094,411690.29866666667
265101,161985.33
265102,135490.34628571427
265105,166207.326
265106,136652.34628571427
265108,138105.66980952382
265115,167847.988
265147,78770.622
265152,156189.792
265153,193152.6
265170,591966.756
265176,88020.774
265187,408288.66200000007
265189,109687.8
265198,567645.5306666668
265225,107611.422
265233,209390.546
265237,354778.624
265253,237176.2
265280,328440.208
265287,208319.6
265293,123280.0
265296,189415.4
265307,284272.172
265308,233187.0
265312,221541.2
265313,131001.8
265314,237456.6
265315,212277.4
265320,185441.686
265333,267411.8
265346,185441.686
265351,275359.248
265356,126844.0
265357,114023.0
265358,111636.996
265363,339975.8
265369,135735.476
265372,246364.606
265402,242712.2
265406,238244.354
265420,339300.4
265436,259717.004
265438,217295.76
265442,133575.8
265449,162965.74
265452,252158.0
265455,125006.366
265461,555336.8
265465,141287.6
265481,150176.8
265488,445100.872
265501,85866.7014857143
265514,257030.4
265515,120512.798
265516,118135.97
265517,313487.132
265526,205498.0
265533,434145.408
265539,135629.6
265543,92911.296
265544,136499.2
265556,159836.8
265559,261835.57
265561,348934.118
265584,240792.602
265586,170599.2
265587,158212.6
265588,253368.2058095238
265593,356110.264
265596,329103.2
265607,180513.0
265608,176013.37
265610,157158.29
265613,330337.424
265653,325780.0
265663,181590.6
265669,388309.656
265675,149709.8
265699,464280.0
265701,248956.0
265703,375968.612
265704,376532.612
265743,376040.612
265748,119166.6
265759,210925.168
265795,340426.9346666666
265797,258536.786
265805,374091.8
265806,163145.6
265810,159559.92
265819,181123.258
265820,301355.932
265833,187117.8
265834,82135.36533333335
265843,645709.904
265851,577416.56
265862,597785.488
265864,1741558.0
265869,239496.808
265887,616107.26
265907,380475.6
265913,1977990.812
265921,109910.95666666667
265923,380000.0
265925,716183.672
265957,236417.548
265958,1497133.5706666668
265960,222603.278
265963,144418.7708888889
265969,935244.772
266004,643307.186
266028,200841.6133333333
266029,908420.92
266032,914648.9333333332
266034,695490.076
266055,984524.382
266075,1094017.77
266077,1094017.77
266080,236417.548
266093,654808.0
266094,696974.0
266100,834657.64
266116,1065030.0033333334
266129,537620.036
266144,450000.0
266160,822272.732
266165,542714.3933333333
266196,238579.528
266199,393668.998
266202,166917.04
266210,259297.46133333334
266211,718008.536
266213,297903.794
266218,290209.47066666663
266219,266968.878
266220,404566.576
266234,326608.7717142857
266241,144772.916
266248,241711.088
266251,258690.942
266256,280214.958
266259,350000.0
266274,233957.016
266275,321237.322
266276,486454.128
266279,256440.59
266280,541094.614
266281,353230.66533333337
266299,432612.5613333333
266300,308986.81
266305,100249.71641269838
266314,572466.7666666667
266315,544430.838
266329,94134.00666666665
266332,173228.8
266350,166029.448
266368,216787.8
266375,253847.0
266381,209147.8
266382,155720.0
266393,114647.184
266394,342552.5146666666
266402,109352.594
266406,226243.972
266423,268440.134
266424,101251.574
266438,271539.59
266454,152288.0
266463,113531.178
266465,157565.8
266479,183537.4
266480,239694.0
266485,151092.76
266486,180847.8
266496,429600.88
266508,297932.8
266510,175556.77
266511,296855.992
266512,162613.39
266514,288655.8
266517,276463.0
266539,144284.27
266542,244411.404
266545,95291.41813333333
266548,382281.0
266550,275581.8
266556,215080.2
266559,280276.0
266565,158349.67
266568,404602.8
266569,263331.588
266575,209614.0
266580,221048.506
266581,246327.0
266582,260627.9975
266583,234424.0
266602,406655.4
266606,295861.206
266618,337495.65
266619,367002.198
266620,156697.556
266624,206108.376
266626,380197.7033333333
266662,148411.574
266667,339844.996
266668,404261.0
266677,621501.412
266681,317861.724
266682,365178.48095238104
266690,257661.098
266694,274546.76
266695,274546.76
266698,447610.3626666667
266699,315728.5146666666
266727,502471.4
266729,592154.986
266731,308300.7273333334
266732,477620.4
266740,864936.9033333333
266744,405755.8
266748,430945.0
266768,201077.22533333334
266770,728210.282
266771,647097.212
266778,335254.86
266779,477484.6
266781,283460.02
266785,692208.5000000001
266809,574412.1986666668
266819,332297.4
266821,557820.336
266824,190409.828
266830,502932.0
266831,689854.398
266845,436892.58266666665
266846,251337.324
266847,354339.612
266851,330407.5
266858,177766.664
266859,609421.7214285715
266862,677239.996
266863,370222.15
266864,525117.3306666667
266872,211112.598
266875,363959.58
266877,553370.4186666667
266882,271809.724
266883,139572.612
266886,380571.4
266918,159413.4433333333
266919,504245.5776666667
266920,210342.8
266953,492802.98
266954,356080.0
266955,512001.312
266957,525700.3783333333
266965,698636.346
266966,251670.324
266969,275666.824
266984,375157.2
266989,332036.46
266990,182234.4
267015,247994.108
267016,249334.508
267017,249334.508
267018,138057.481
267019,181744.8
267020,182071.0
267025,512169.312
267028,664260.8
267041,181694.8
267054,248906.308
267082,198119.798
267084,705495.6280952382
267085,622078.8447619048
267103,281604.532
267104,116375.628
267106,216874.504
267113,219238.306
267126,190859.738
267128,126923.162
267131,198236.2
267138,129043.4
267147,161461.556
267153,181256.29
267154,138062.8
267171,194628.0
267173,138802.0
267188,199371.99
267198,194355.8
267199,194155.8
267218,238589.6
267220,245617.8
267221,157991.77
267245,310786.6
267247,143842.6
267248,179523.37
267249,202904.31
267253,215121.6
267269,257816.8
267271,237509.8
267274,407847.4
267281,249506.0
267303,233243.516
267305,339274.0
267306,204364.4
267307,137549.0
267309,219587.2
267311,207378.1
267312,251371.6
267315,328317.0
267331,158702.54
267338,174032.6
267342,134209.6
267344,139333.6
267346,262253.802
267366,185124.334
267369,154279.8
267371,153452.612
267375,167285.01
267376,162561.89266666668
267379,125767.8
267381,253639.8
267382,233394.0
267407,155963.74
267422,151685.0
267424,234554.0
267428,137235.54813333333
267431,157247.8
267434,140183.4
267437,170431.8
267438,193344.45
267439,153775.8
267440,210112.114
267441,242073.6
267443,214735.8
267460,413809.538
267463,1845912.0
267494,717364.8366666668
267510,359214.998
267515,391337.28
267520,369881.704
267522,695156.6693333333
267523,620451.9033333333
267524,386655.82
267544,264333.2046666666
267546,288365.4693333333
267551,427236.9186666666
267553,477072.572
267563,331951.996
267584,535264.872
267585,398173.87
267587,527623.018
267598,430501.54
267602,248239.82
267614,418143.36
267617,654309.286
267619,760584.4906666668
267620,372440.102
267623,253142.026
267627,181320.176
267633,187822.16333333333
267644,403378.998
267667,115733.2
267738,146189.0
267740,148394.6
267743,312850.07933333336
267778,162422.106
267779,172702.2
267799,161448.6
267800,180311.8
267814,290703.06
267816,189621.504
267833,151158.76
267834,122706.368
267836,306156.9393333334
267847,133026.684
267858,302118.0966666667
267891,291891.838
267896,326734.528
267899,151134.9
267900,242090.2648
267902,325547.036
267908,641891.36
267924,340261.814
267933,166495.90076190478
267936,424968.0
267939,276047.158
267941,435000.0
267942,276191.46
267967,141067.122
267970,184590.386
267980,143592.45
267990,182996.604
267992,344593.804
267994,253660.8
267995,67990.96583333335
267999,214213.6
268003,435000.0
268020,217461.51533333334
268033,418425.204
268041,137881.304
268056,131103.37
268067,322161.6
268070,94957.1472
268071,542820.864
268121,545870.7346666666
268144,225879.602
268145,401859.8
268147,150141.532
268149,167054.7066666667
268150,150141.532
268157,169309.0
268159,352551.2
268161,594568.95
268175,298895.0
268189,200606.2
268208,164960.37
308905,161483.6
312310,695063.052
312331,461150.298
695165,534442.0
695166,229500.0
695170,339294.4353333334
695176,433037.266
695178,305297.024
695181,412119.848
695183,443928.488
695185,653705.469
695196,319643.398
695203,258547.8
695205,209500.0
695207,182213.3435
695236,374726.28
695238,226546.634
695252,219400.32
695257,649980.648
713635,331530.798
714108,171192.6
714284,259426.332
714645,699320.0
714753,569011.788
714863,992620.0
714924,621347.2
715132,195538.93933333334
715405,230001.38133333335
715433,569166.0
715694,358249.796
715746,172918.2
715898,208860.8
715902,212583.598
715996,658303.6
716065,313068.776
716097,858664.0
716329,159217.8
716360,375565.798
716377,578411.0
716484,248171.998
716541,349973.692
716634,380786.0
716888,626698.0
717017,358879.786
717109,240586.188
717307,367093.2546666667
717459,352041.5
717524,315609.0
717568,282320.6
717688,286650.316
717690,843426.0
717797,383211.174
717829,322547.518
717945,879826.0
717983,667466.0
718276,606539.186
718584,327310.4
718617,214825.478
718717,335469.436
718867,437869.64714285714
718943,562629.376
718997,385642.6
719116,166783.8
719132,403451.18133333337
719287,238605.178
719579,612975.26
719846,200320.6
719893,266627.872
720041,333495.8
720088,350707.398
720180,245828.6
720249,202606.302
720261,402661.592
720293,240117.8
720364,252845.36
720455,324755.596
720564,194728.032
720679,266045.374
720725,204929.7393333333
720817,301424.1
720854,318058.726
720920,276290.838
721130,204989.6
721266,242434.378
721531,220433.8
721844,172743.132
721882,325319.756
722050,178669.6
722151,162511.642
722225,979989.8
722264,273546.8
722516,385342.0
722520,196966.2
722594,542957.2
722649,144191.7366666667
722769,172395.4
724397,288495.542
724457,437013.38
724486,336583.59
724488,1765678.0
724574,410637.4
724620,668690.12
724674,330802.6252727272
724767,730802.386
724786,522892.512
724908,789562.552
725124,240816.4
725211,438352.6
725280,673630.32
725364,439809.18
725393,548428.0
725425,420786.996
725455,338825.796
725547,424366.0
725814,227364.6
725829,227791.004
725999,1070906.688
726088,292885.8
726214,285671.794
726348,218074.8
726542,267894.33
726620,269348.788
726910,271659.626
727068,474499.6
727229,125783.2
727458,332687.758
727699,362381.73
728077,112688.0
728089,353825.934
728272,296874.558
728553,544511.64
728592,176956.096
728640,311411.594
728663,208909.038
729105,261457.078
729267,189699.0
729622,255243.38733333332
730128,148735.598
730298,155111.178
730619,148998.8
730712,266748.662
731061,165480.198
731131,191892.398
731142,489043.76
731240,237409.30899999998
731527,206468.18
731655,342531.4
731841,283878.0
731925,192721.0
732382,141451.198
732568,262315.926
732810,336542.196
732969,210619.8
733029,365875.8
733077,771243.8
733091,637868.8
733208,170809.0
733226,225329.0
733230,155208.38933333333
733238,265829.898
733347,391588.49
733542,426473.82
734153,145977.826
734154,262471.168
734176,589645.6
734212,565316.4
734217,421483.342
734258,355384.474
734334,455961.2
734397,389207.22
734666,271436.178
734674,214463.822
734675,193850.314
734724,712352.0
734919,304828.92
735058,389732.672
735319,353370.15
735691,253149.2
735730,422754.9233333334
735875,239200.0
736019,233646.714
736274,216369.334
736752,334928.4
736842,157554.4
736845,567710.0
736880,292826.598
737208,216868.65
737501,360000.0
737652,384411.524
737722,753064.0
738039,420076.38
738057,327911.378
738082,391027.30916666664
738665,277946.69
738841,304008.496
739007,161701.2
739075,217490.0
739255,513083.8
739492,249986.178
740378,493486.88
740535,124500.192
741340,454415.88
741408,152931.798
741684,205302.0
742269,294126.5
742430,395090.1178095238
742608,537100.778
742744,326041.396
742791,192918.2
742826,213861.6
742881,225000.83333333334
742899,153811.18
743231,276176.998
743527,522526.0
743534,185140.298
743562,155085.998
743664,395090.1178095238
743926,532081.0
744027,374970.394
744337,277787.364
744508,258578.718
744690,282615.864
745006,258839.026
745047,280322.012
745193,249843.8
745245,169731.8
745515,257454.374
746017,420823.0
746053,142604.4
746265,678695.6
746355,723560.0
746375,206687.8
746382,322798.1333333333
746483,190004.2
746772,157838.0
746949,195490.0
746954,227085.49533333335
746984,130702.6
748310,238103.376
748476,291700.0
748712,439085.22
748736,167081.442
748773,175866.0
748803,485215.8
749336,173406.77399999998
749657,173714.0
749755,322698.998
749845,136463.33066666668
750054,392037.6
750136,229129.0
750580,291657.076
750771,556833.64
751301,131365.4
751365,221270.4
751450,659479.8
751496,914509.6
751560,762027.8
751799,253516.282
751846,133652.792
751847,183130.79
751897,437559.28
751958,248341.574
751960,374234.8
752204,189538.764
752309,678781.0
752365,207199.0
752608,197729.98
752648,178817.74
752691,240077.588
752814,212046.298
752877,239587.64
753069,233275.6
753118,141495.598
753224,443822.652
753227,248830.498
753248,146140.98
753391,285201.2
753482,247158.37
753516,386674.156
753532,337255.77
753563,183606.18
753651,1114928.0
753842,170863.0
754089,187866.198
754090,238555.356
754125,278796.108
754506,329538.948
754620,151830.8
754630,388574.4
754802,193242.192
754861,227994.4
754927,221696.998
754936,496768.0
755034,222639.798
755072,189035.736
755075,136410.2
755879,195430.6
756141,333081.0
757137,516058.0
757268,220853.5
757525,265605.796
757552,272380.8
757671,277969.484
757699,158669.0
757723,228694.46
757778,176275.6
757807,335458.8
757810,456185.8
758073,220240.69133333335
758157,192862.288
758385,478877.0
758409,145633.4
758503,151856.0
758531,213901.16
758589,204237.09
758722,124031.616
758785,319021.714
758793,231810.464
758855,369285.7986666666
758943,340399.4506666666
758961,210895.6
759020,335508.0
759066,214959.78
759073,227293.4
759076,320649.596
759330,289714.0
760184,237952.774
760381,595063.576
760382,595063.576
760545,538277.0
760920,233655.42533333335
767749,227987.6
767766,214711.8
767960,238751.0
768051,205038.12
771578,199480.4
771667,382458.3636666667
771785,123089.492
771860,161538.34583333335
772094,187821.796
772238,174929.6
772563,419813.8
772956,216387.4
773061,251000.118
773111,257977.522
773288,184878.398
773498,725823.0
773599,377291.592
773705,193849.84333333335
773905,114149.398
773965,385499.2
773973,163560.2
774075,323886.96
774236,113787.1
774296,338103.53217142855
774423,258736.8
774558,324890.20286666666
774559,336179.384
774858,199170.4
774859,233037.72
774860,236612.598
774861,215213.06
774863,272269.36
774864,201112.05
774865,304723.386
774866,210100.196
774870,320097.6
774874,155454.596
774908,350339.374
774914,281676.5141563492
775168,294848.962
775205,248575.594
775210,387760.5416666667
775320,348305.5109
775438,235269.8
775442,224860.4
775443,204636.2
775444,212176.6
775445,232249.0
775447,204854.2
775448,182279.0
775554,301836.591
775555,128888.4
775586,274991.764
775612,344066.8
775729,142251.8
775785,154168.38
775911,200768.0
776126,149228.2
776220,426321.82066666667
776281,247575.4
776537,571084.0
776718,241053.198
776786,218215.998
777092,392051.0
777265,190091.0
777365,383918.964
777442,223614.5126
777610,647148.0
777612,175000.0
777763,227012.986
777818,338769.6
778020,226491.92
792324,522360.4
792630,221176.88
792713,112088.104
792725,315092.368
792887,374872.992
792939,544251.84
793005,217232.668
793008,264861.278
793066,158128.372
793127,339023.0
793161,188849.454
793409,198953.498
793475,299729.2
793537,433658.0
793642,223794.0
793661,178840.322
793768,297956.064
793977,911239.4
793978,279400.068
794009,593513.0
794521,166736.156
794522,162657.362
794646,194548.99
794657,296499.29733333335
794681,343015.662
794957,348994.0953333333
795043,178661.59
795214,171072.8
795458,156866.4
795504,382238.8
795614,199663.6
795689,322455.45
795690,350854.88
795749,277740.02
795780,326486.336
796046,366982.2
796093,125346.798
796230,400100.8
796239,368577.676
796407,753377.0
796414,310458.4
796526,215083.0
796611,233656.0
796612,255750.08
796693,171064.2
796941,280147.552
797000,334754.886
797301,330022.176
797320,261975.534
797501,238042.6
797556,368490.6
797602,174759.95
797607,174759.95
797650,296562.8
797759,742231.6
797840,301876.056
797920,158917.8
797955,154802.692
797986,313572.502
798122,391821.986
798154,548149.6
799016,196072.5095
799634,194396.792
799788,546156.8
800114,220519.8
800138,259106.8
800424,144915.91320665504
800449,879329.964
800510,552353.88
800532,168588.4
800541,271445.05963333335
800609,282676.296
800668,245000.0
800744,425025.5
800866,307577.734
800903,455603.924
800916,336022.192
801752,273187.61
801804,224819.8
801847,610833.332
801858,199720.244
802128,477717.8
802258,212074.798
802295,252120.34
802341,431926.028
802386,903764.6
802424,172159.39
802445,162997.38
802668,382484.372
802700,158145.484
802704,263087.6
802728,416779.6
802910,184984.19
803292,306849.0
803311,95263.06973333334
803329,146965.15
803374,272183.18
803536,376439.88
803639,453019.2
804024,230572.8
804212,791737.8
804231,211981.2
804291,484131.398
804531,169276.984
804598,174759.95
804627,154190.0
804631,202636.756
804637,477754.6
804655,197571.842
804744,254405.79866666667
804766,154886.7
804807,130000.0
805014,639810.0
805098,739173.0
805194,361708.6066666667
805373,601362.8
805394,359618.2
805486,166234.2
805500,428487.0
805630,263636.818
805757,267216.2
806068,473938.0
806144,128502.0
806361,198733.292
806422,341390.47
806448,266259.176
806622,218617.988
806748,304363.594
806977,369520.0
806994,375796.0
807158,117107.67733333333
807182,180587.852
807185,175074.992
807247,106429.042
807280,396112.718
807366,194057.0
807797,270093.024
808029,314674.976
808116,311926.02208809525
808193,737470.6
808317,229236.4
808398,208862.2
808402,445372.0
808665,230000.0
808694,158308.808
809040,273080.318
809598,310061.9913404762
809658,204478.9
810178,128859.4
810217,315345.18
810247,186987.6
810250,143668.73628571426
810315,502852.0
810593,724156.0
810694,208836.0495
810750,161945.398
810752,446054.98
810823,424111.78
811013,621074.532
811014,1168053.868
811029,818250.0
811033,386491.58
811079,187011.4
811149,566587.0
811154,162588.0
811318,347265.592
811572,262850.4
811752,215696.182
811825,174957.4
811863,598869.532
811890,238452.034
812013,192364.194
812020,236700.53133333335
812190,256236.0
812277,299000.0
812281,403661.96
812496,562760.0
813366,277624.648
813513,216525.0
813541,169244.38
813723,816479.8
813854,378763.6666666667
813900,1080036.0
813905,460252.0
813991,175055.4
814439,196036.682
814562,742575.8
814741,169488.798
814748,284777.938
814792,225658.324
814808,226170.824
814955,259353.72466666665
815240,350688.188
815395,560220.0
815501,234340.198
815512,222253.0
815573,550275.6
815588,316702.956
815670,417171.08
815688,296452.5733333333
815690,279037.594
815696,520154.958
815763,243445.022
815988,331673.0
816064,394059.482
816242,370084.238
816290,345902.1666666666
816334,426210.6
816744,245075.398
816890,197894.934
816995,150040.9
816999,284249.8
817070,243533.398
817184,1089245.6
817220,193323.296
817222,175219.9
817335,327460.6
817398,171305.2
817401,593414.0
817469,746635.6666666666
817478,1136223.6
817485,746109.6666666666
849254,530536.4862857143
849335,373252.4
849583,593234.6
849628,436822.2
849715,657744.0
849938,412644.504
850070,271583.2
850071,308529.574
850074,528273.78
850143,193448.83
850650,476005.958
850688,214118.64514285713
850706,180549.928
851200,231789.0
851362,673074.0
851404,623695.4
851791,294132.02
851810,220210.1925
851844,221287.358
851885,406755.798
851929,406755.798
852009,172440.998
852060,819871.392
852108,460048.0
852166,218622.94
852210,630569.0
852356,208542.6
852727,318955.34533333336
852786,182413.2
852794,161674.596
852798,261316.628
852811,212601.4
852983,223577.72
853152,310850.4266666667
853212,182055.37
853308,243659.4
853360,302668.9366666667
853400,381010.8
853448,208486.4
853547,412810.098
853738,258332.0
853999,163474.388
854058,184017.34
854206,507317.96
854316,458121.36
854372,922292.0
854548,333859.98
854627,460100.024
854717,642081.7999999999
854804,550283.538
854850,200417.496
855254,506514.6
855290,368174.104
855591,474363.556
855835,377207.88
856006,412786.372
856174,224180.528
856192,244930.018
856247,302197.542
856511,691904.0
856637,283492.38
856638,223816.8
856646,320015.2
856699,536002.0
856869,345432.594
856903,445881.4953333334
857014,466179.44
857021,235855.198
857337,109011.266
857466,364393.514
857561,618351.4
857715,317271.486
857930,586300.0
857933,574724.0
857984,179001.22
858020,186838.0
858115,184331.6
858187,375027.506
858284,227787.062
858313,170905.0
858343,171473.502
858367,647458.312
858368,206770.98
858391,538726.8
858467,160895.6
858620,315300.78
858789,453115.394
858910,264949.996
858923,388963.6
858925,149034.0
859089,274122.68
859208,422050.914
859213,253949.85
859448,362846.55
859735,350908.894
859737,303688.594
859952,310926.346
860006,310926.346
860132,163726.0
860301,163797.598
860323,180857.768
860335,283190.78
860364,181286.446
860502,645202.0
860548,570865.288
860582,364638.2
860748,518366.36
860775,498257.96
860948,458383.6
861031,761819.8
861333,138668.2
861384,238479.6
861474,299948.994
861714,247199.334
861731,275965.874
861732,422772.33160000003
861737,214803.986
861820,242782.842
861885,443842.412
862030,282773.378
862188,190805.28
862261,171012.8
862281,182944.4
862618,148132.788
862788,461533.2
862799,222813.926
862968,215926.2
862970,188969.6
862972,304904.18
863013,196491.4153333333
863030,539779.538
863134,504304.158
863308,249886.986
863598,597098.88
863775,201282.392
863870,658686.586
863876,213784.984
863878,235625.104
863962,606188.2
864003,657481.8
864031,334661.668
864076,314391.228
864259,300339.396
864264,280621.194
864392,469085.388
864413,431649.0
864696,230701.608
864957,701554.6666666666
864967,224998.4
865059,255398.8
865088,138621.594
865172,224034.794
865294,318440.214
865295,280662.21
865397,331852.75
865837,169828.794
865915,735528.0
865988,256452.4
866170,206046.29066666667
866219,166443.6
866221,160400.74
866233,551991.38
866670,196517.998
866690,300875.474
866710,129900.0
866832,217243.18
866953,434322.8
867179,183059.4
867437,351023.2
867463,286389.8392
867734,299989.976
867910,211559.948
868080,190671.6
868188,215678.426
868288,1141676.75
868374,299401.08
868833,254348.938
869107,197508.796
869128,217360.13
869129,210465.33
869138,259958.794
869231,357260.758
869299,726601.172
869366,256559.558
869499,234290.798
869632,243475.842
869658,202967.998
869693,289847.6873333333
870083,238282.0
870420,261315.6
870666,171925.2
870737,245629.8
870738,244394.378
870742,295909.0
870773,205527.96
870921,237405.628
871140,283498.396
871143,300339.396
871239,305019.27
871264,174133.108
871783,425837.8
871887,210600.744
872186,191136.0
872351,282795.8
872453,584262.0
872615,350000.0
873114,220307.6
873126,244281.278
873173,303705.52880000003
873306,281574.952
874035,342735.018
874087,197766.518
874106,497049.94
874111,212830.4
874132,302251.332
874172,212830.4
874299,297349.98
874301,152617.598
874678,236901.852
875005,320078.8
875040,210688.4
875084,378367.0
875343,252303.0
875373,369983.336
875694,388608.2
875715,466098.49666666664
875883,350000.0
875956,684900.0
876188,200000.0
876243,247993.6
876248,241825.044
876298,966450.0
876348,212490.95866666667
876525,521543.798
876573,230059.362
876658,164385.398
876802,127427.584
877045,192457.0985
877057,208859.8
877061,212721.998
877082,240048.242
877159,653536.0
877356,237159.0
877405,345183.394
877586,268720.2
877678,172596.586
877695,864116.0
877858,159642.4993333333
877986,404949.0
877992,356242.46
877993,374043.792
877999,165308.0
878136,192039.78
878160,312374.354
878162,268721.6
878163,187074.26
878164,374010.675
878185,278094.186
878259,99401.0
878329,202830.74
878421,657098.156
878447,327924.754
878983,267613.698952381
879011,462614.73333333334
879025,257073.194
879202,545642.0
879262,276195.392
879410,140315.0
879445,145375.71166666667
879490,479293.96
879704,228343.6
879837,204548.2
879874,323737.0
879899,411491.6
879907,317633.58
880010,287802.3215238095
880022,512097.58
880054,244594.598
880204,302605.536
880277,210806.8
880443,221307.222
880473,221023.796
880481,599437.02
880488,599437.02
880535,454687.198
880552,504957.2
880554,504957.2
880659,206293.96
880698,223842.2
880710,547351.894
880760,223791.398
880910,357965.758
881195,228520.09333333335
881204,568477.8
881269,182478.998
881271,323465.476
881536,300740.856
881648,262208.684
881673,580406.0
881944,438610.0813
882063,520239.0
882221,213995.38
882324,261776.4
882337,490104.4
882438,294131.696
882778,215497.76
882904,289261.0
882962,319131.508
883438,240903.31666666668
883576,250076.576
883600,210543.0
883704,172739.99
883831,287018.728
884093,278473.112
884099,190148.976
884231,205361.48
884499,445365.448
884561,731915.0
884563,731915.0
884654,116519.898
917473,255207.998
917675,399574.0
917724,782418.0
918021,630845.0
918033,481375.44
918035,418485.86
918495,504781.572
918508,685820.956
918559,148123.4
918632,508931.6
918906,418181.88
918909,196074.4
918921,385502.2966666667
919282,1101860.0
919294,1003408.0
919346,253266.0
919348,432128.94
919349,412509.136
919389,484094.0
919475,206071.18
919477,233243.76
919478,120517.0
919577,372913.994
919708,435877.618
919726,145623.6
919736,411238.8
919757,209302.35
919778,284193.496
919891,185815.34733333334
919997,288987.8
920012,315178.8
920013,211629.16
920137,476695.6
920258,371549.282
920314,475298.66
920322,468079.8
922004,364931.1
922014,157493.98
922214,247472.196
922244,309989.94
1024686,283511.948
1024698,409098.0
1024801,180000.0
1025018,304261.148
1025058,203144.4
1025061,199420.6
1025080,230870.196
1025173,156272.794
1025211,189076.998
1025298,335850.988
1025315,222579.382
1025346,262617.98
1025350,624886.6
1026050,426434.55933333345
1026150,400684.4
1026439,179787.586
1026667,193643.192
1026670,328521.2
1026853,237859.392
1026857,393801.6
1027120,285980.742
1027152,185276.6
1027154,1059471.944
1027285,270649.4
1027287,219486.4
1027289,216328.0
1027304,368713.58
1027312,260000.0
1027564,214240.996
1027908,235666.798
1028089,195739.31
1028529,323709.494
1028591,176950.4
1028658,182612.8
1028708,324891.176
1028749,446629.78
1028829,456611.28
1028874,322455.45
1029454,183694.8313333333
1029472,1028713.6
1029518,215301.68
1029744,194530.8
1029859,165329.91
1030059,308188.494
1030097,206730.408
1030101,168750.24936190477
1030123,512202.846
1030203,386612.688
1030283,206215.86
1030444,497055.78
1030455,399195.0
1030459,147889.6
1030503,255421.078
1030736,93463.8
1030804,192885.994
1030937,454879.644
1031066,461294.0
1031181,200792.564
1031311,384872.594
1031478,196179.2
1031619,87512.656
1031690,341326.978
1031854,160368.598
1031858,325951.926
1031906,302837.234
1031920,167445.94
1031942,145967.4
1032259,342142.856
1032333,157723.178
1032385,235265.56333333335
1032393,398978.474
1032599,167521.18
1032620,307275.774
1032637,332753.578
1032669,230225.672
1032731,360213.97
1032777,252730.972
1032887,148487.6
1032923,301311.17
1032932,657917.0
1033063,278902.776
1033091,217720.0
1033395,171113.39
1033445,151841.0
1033457,537868.6
1033533,179045.93
1033712,411130.7733333334
1033894,234139.34
1033932,139484.122
1033937,656838.0
1033988,487912.0
1033989,487912.0
1034003,330266.8
1034012,106996.702
1034047,558050.88
1034062,155540.792
1034064,135275.388
1034065,165112.774
1034066,185269.642
1034068,234915.2
1034078,363797.906
1034088,216491.0
1034300,476920.8
1034363,356115.4
1034496,186294.17
1034605,365797.6
1034670,297131.166
1034716,352731.984
1034718,290050.56
1034778,1224064.0
1034779,519176.0
1034803,249366.598
1034837,219576.796
1034944,249787.576
1035106,201896.2
1035111,183749.546
1035166,586960.194
1035490,842408.372
1035494,159130.8
1035524,245181.0
1035548,165908.594
1035564,226883.98
1035605,449363.268
1035785,219872.984
1035893,389494.0
1036037,451998.034
1036072,413474.198
1036103,342975.858
1036226,529413.398
1037508,336793.982
1037509,134242.0
1037613,489429.0
1037615,472088.0
1037616,1161811.988
1037617,561001.436
1037619,665290.8
1037699,234370.0
1037850,900000.0
1037908,329884.8
1038175,366803.0
1038180,189651.0
1038183,857969.938
1038322,479932.0
1038432,274004.542
1038447,156371.332
1038448,221512.496
1038494,269778.798
1038509,288430.958
1038512,221150.998
1038516,210232.02
1038517,260252.362
1038532,259737.0
1038541,316235.14
1038551,271159.2
1038600,171758.6
1038788,497266.0
1038956,389784.948
1038957,208112.6
1039041,136690.6
1039176,292806.0
1039208,132651.6
1039427,199851.8
1039430,432463.96
1039434,137383.194
1039449,191474.786
1039523,391752.0
1039795,275178.7068
1039810,594054.8
1039879,383099.754
1040038,278160.4
1040077,840272.0
1040154,157174.0
1040155,177809.596
1040245,128004.0
1040616,195403.5
1040659,391971.8
1040829,159023.598
1040841,417327.95514285716
1041077,101221.594
1041312,234515.196
1041324,116961.316
1041354,132966.722
1041377,92730.86652380953
1041469,161784.2
1041480,227716.6
1041501,374928.0
1041515,332005.12
1041815,135916.73
1041945,410607.2
1041997,246585.4
1042010,474254.0
1042250,268211.796
1042254,245261.542
1042365,239477.8
1042421,328581.4
1042710,168668.896
1043106,218765.6
1043116,280561.96
1043117,187254.934
1043349,464872.13693333336
1043369,368699.4
1043413,205726.998
1043475,275713.998
1043480,188470.4
1043482,375771.396
1043492,163561.992
1043501,248743.0
1043542,284562.18
1043603,202689.8
1043620,738088.2
1043688,235259.2
1043779,338595.992
1043799,278785.6
1043891,435143.394
1043892,374223.3146666667
1043945,1008433.98
1044186,174785.7
1044193,218339.19
1044204,250348.958
1044205,250348.958
1044215,471771.4
1044236,731843.4
1044277,430264.0
1044296,681722.6
1044297,1176324.794
1044356,226593.2
1044456,160130.10466666668
1044496,544433.58
1044569,241085.8
1044700,238370.586
1044742,230993.6
1044802,250791.482
1044803,252585.952
1044813,334308.79
1044832,233055.334
1044867,270132.8
1045016,353315.0
1045148,172737.8
1045209,251131.4
1045223,627213.2
1045320,239000.0
1045323,295214.5
1045414,231327.342
1045572,635802.2
1045573,536534.6
1045595,357965.758
1045679,195084.67142857143
1045724,566038.532
1045725,566038.532
1045730,303875.718
1045799,278315.744
1045886,385411.58
1045930,782418.0
1045955,200093.1
1045981,311211.68
1046127,187802.0
1046209,181660.04
1046212,538846.856
1046225,106480.15114285714
1046231,279388.98
1046257,295602.2193333333
1046283,196187.37593333333
1046328,212621.418
1046331,228439.846
1046356,140109.128
1046430,102799.398
1046462,251287.2
1046488,202013.62933333335
1046498,218821.58
1046576,251682.396
1046593,476590.398
1046597,305073.538
1046633,322170.58
1046719,529413.398
1046832,142186.798
1046844,600507.4
1046861,204527.996
1046862,204527.996
1046875,209263.02
1046947,351274.0
1046952,296627.8
1046992,212630.38
1047083,128367.798
1047115,278188.862
1047118,444585.674
1047172,279258.778
1047190,226993.4
1047193,225252.318
1047257,243895.6
1047273,196414.0
1047480,312309.4
1047498,205114.28
1047543,719478.0
1047617,169976.8
1047712,200135.2
1047901,255000.0
1047986,245440.962
1048124,245913.3895
1048181,209101.2
1048203,281921.6
1048241,201105.8
1048292,269843.17
1048310,219884.658
1048513,490325.96
1048631,140824.276
1049174,215464.1851666667
1049242,1012929.6
1049249,714751.2
1049252,211387.0
1049305,222750.94
1049306,219587.48
1049317,224129.282
1049322,773678.0
1049326,219377.674
1049334,434641.21
1049336,320146.2806452381
1049377,182025.0
1049418,176717.7
1049447,142479.168
1049476,306592.4
1049480,476002.29
1049490,334484.994
1049498,283960.2
1049499,224555.918
1049504,336475.24
1049505,160296.2
1049521,131736.4
1049551,419331.2
1049557,265592.186
1049586,247093.764
1049673,277750.394
1049674,431408.0
1049684,353160.996
1049721,351506.998
1049728,211558.94473333337
1049744,104149.344
1049769,368359.178
1049783,171550.9
1049881,375312.036
1049888,292582.38
1049902,416621.998
1049929,201547.6
1050083,463983.88
1050117,336945.6
1050132,343473.3601666667
1050134,405239.984
1050140,218732.4
1050208,149480.598
1050240,236192.0
1050279,445713.0
1050338,180825.36266666665
1050362,229216.596
1050433,550032.0
1050457,359505.568
1050501,586030.0
1050574,403620.372
1050594,520346.194
1050656,178456.99
1050862,401727.398
1050863,335160.792
1050909,431919.968
1050939,413516.2
1050946,326141.998
1050995,253676.168
1051015,130978.8
1051038,167590.2471111111
1051097,483305.54
1051130,269071.4
1051148,706738.344
1051151,483162.954
1051239,364431.0
1051244,550157.352
1051288,303238.96952380956
1051313,280948.84952380956
1051314,272196.9161904762
1051354,198686.62
1051440,153015.196
1051504,160211.4
1051585,139676.8
1051651,245828.798
1051887,286659.8
1051929,781867.4
1052048,326411.382
1052213,492755.4
1052363,146031.8
1052422,530249.0
1052438,341449.196
1052484,200327.2
1052505,501899.898
1052581,307294.32
1052622,210497.0
1052708,201395.6
1052827,335129.796
1052838,183390.532
1052871,548211.56
1052891,171551.198
1053088,177361.0
1053226,590595.8
1053352,487912.0
1053730,380853.738
1053935,205283.2
1054083,487912.0
1054093,243312.15766666667
1054179,186537.6
1054262,147002.0
1054334,312762.588
1054358,145964.256
1054564,216439.556
1054624,399593.6
1054633,306409.468
1054796,316815.398
1054801,216250.192
1054937,718250.84
1054961,232327.6
1055035,218938.0
1055041,328815.71114285715
1055092,328899.96
1055135,125675.88266666667
1055232,480741.758
1055233,105517.8
1055361,451236.0
1055407,260625.0
1055408,245098.76
1055462,325437.632
1055471,296578.1
1055681,239059.18
1055727,496588.0
1055783,725697.8
1055884,345229.22266666667
1055885,345229.22266666667
1055936,125479.598
1055950,285619.108
1055976,236538.568
1056019,325395.23047619045
1056287,221944.2
1056414,96107.07199999999
1056599,404529.13
1056744,371975.784
1056825,146019.6
1056826,509056.6
1056908,368605.28
1056914,195665.592
1056944,337097.508
1057065,214943.032
1057090,325064.124
1057091,328899.96
1057148,225000.0
1057149,225000.0
1057150,225000.0
1057151,225000.0
1057152,225000.0
1057153,225000.0
1057234,332444.54
1057297,159896.5
1057375,220250.992
1057507,175184.858
1057887,354738.262
1057947,313119.5
1057950,352969.12
1057955,304103.494
1057965,267355.876
1058044,252298.38
1058078,278772.0
1058101,195624.432
1058176,434915.04
1058333,191431.984
1058334,186119.4
1058599,440502.0
1058796,304372.852
1058801,236691.4
1058802,550351.0
1058822,235011.704
1058928,182138.596
1058931,512901.6
1059002,219236.736
1059048,410308.798
1059114,1222947.982
1059119,196652.2
1059129,225774.4
1059188,257181.232
1059376,186859.79
1059388,630879.376
1059539,305802.59
1059545,200187.2
1059547,182531.678
1059555,241284.58
1059586,271667.198
1059624,122481.6
1059665,453294.8
1059675,196388.92
1059677,200187.2
1059748,188030.8
1059846,546598.0
1059865,210205.7
1059892,197071.4
1059967,315509.9033333334
1059984,436009.7
1059989,251324.938
1060018,224722.0
1060098,172167.6
1060175,227898.98
1060194,232809.884
1060278,922532.6
1060355,431905.4
1060363,439854.0
1060389,341829.466
1060551,319193.6
1060564,289878.2393333334
1060584,284723.32933333336
1060585,253805.888
1060754,159944.78
1060785,316141.178
1060795,345983.3171428571
1060797,443386.0
1060800,220000.0
1060854,386347.6
1060907,194232.984
1060916,240281.56
1060943,153927.83628571426
1060944,238605.178
1061025,352714.998
1061064,106102.4
1061103,620077.392
1061329,390997.718
1061352,400000.0
1061419,205599.6
1061472,279037.594
1061474,417171.08
1061489,296452.5733333333
1061521,111587.8
1061613,188653.2
1061628,194773.404
1061716,356446.6
1061773,375875.3233333333
1061906,219117.4
1061981,206801.102
1062059,218342.756
1062062,405292.0
1062154,231664.6
1062179,131477.2
1062215,194773.404
1062231,138906.8
1062234,379193.238
1062235,379193.238
1062237,118892.0
1150057,169783.196
1150061,320624.998
1150062,149551.768
1150302,587408.5
1150304,420572.716
1150307,430608.56
1150308,377041.298
1150312,253199.662
1150313,389977.10057142854
1150315,466048.876
1150318,540090.38
1150709,382161.984
1150711,422472.798
1150714,302957.6
1150716,375337.496
1150721,371344.466
1150722,393985.8
1150723,409820.81514285714
1150727,382059.784
1150729,504425.78
1150732,534716.598
1150733,381211.45714285714
1150739,653137.918
1150741,431063.69444444444
1150744,521808.688
1150751,387889.598
1158788,336223.4388
1158790,330353.57
1158794,103449.44
1158798,338056.57
1158802,400000.0
1158803,400000.0
1158804,400000.0
1158972,215729.0
1158973,276409.6
1158979,363016.93
1158980,154505.0
1158982,193860.194
1159208,1082060.678
1159224,354398.13
1159254,357402.016
1159717,150162.0926666667
1159725,165411.2
1159755,335346.3166666667
1159756,363673.716
1159757,225295.808
1159758,199311.2
1159760,164187.364
1159762,198247.984
1159764,142351.8
1160340,164958.8
1160342,211794.376
1160347,477760.0
1160348,152844.2
1160352,434395.998
1160353,301965.3
1160357,280534.18
1160368,900000.0
1160370,452788.68
1160372,553486.644
1160628,310075.4392190476
1160633,357316.88
1160635,377491.396
1160642,638773.4
1160644,207419.0
1160646,280719.8
1160651,170916.09857142856
1160652,199636.889
1160659,314145.8
1160663,319340.836
1160877,543410.0
1160879,458731.0
1160881,371110.41
1160884,630002.0
1160887,330644.748
1160891,766426.932
1160892,425675.6
1160893,502605.8
1160897,1698899.156
1160900,818250.0
1160901,662799.532
1160903,821736.0
1160909,1886766.788
1160910,608077.84
1160913,696297.864
1160916,1728283.156
1162333,432009.798
1162334,448444.0
1162374,425877.396
1162376,422965.186
1162380,399847.8
1162381,402551.6
1162382,218523.4
1162385,482627.36
1162386,425823.66
1162638,309408.6
1162639,278694.2
1162640,376706.33
1162641,294201.6
1162643,282200.8
1162707,361534.378
1162708,247128.318
1162764,350000.0
1162899,214297.2
1162918,411139.874
1162924,199906.0
1162925,284910.678
1162926,210820.8
1162927,211387.952
1163023,472484.0
1163027,240923.6
1163028,358382.6
1163039,234699.234
1163040,333580.0
1163042,335824.594
1163043,370492.898
1163044,294703.842
1163047,245052.25
1163050,317946.86
1163083,375709.474
1163086,455088.332
1163089,312758.878
1163090,631318.064
1163091,311948.876
1163092,239000.0
1163093,541890.96
1163095,570020.594
1163096,267949.24
1163264,329058.992
1163271,370117.646
1164020,587332.4
1164022,240000.0
1164028,430140.4
1164565,331690.214
1164567,548847.332
1164571,297434.76266666665
1164576,296524.7926666666
1164578,410080.3
1164580,421289.986
1164581,406690.514
1164582,635243.8
1164583,254228.818
1164617,706845.0
1164618,458122.756
1164622,229263.58533333332
1164625,774066.1
1164627,825873.586
1164629,545366.0
1164911,558800.7673333333
1164914,590250.0
1164916,284555.4
1164936,189526.4
1164938,212864.388
1164940,179920.586
1167361,535886.23
1167364,196574.786
1167369,389258.57247619046
1167373,252705.234
1167374,325631.988
1167375,224683.8
1167383,670000.0
1167385,379513.43466666667
1167387,239000.0
1167388,317299.6
1167392,207105.94
1167397,249566.6
1167398,204893.82
1167399,206481.8
1167401,304932.74
1167402,304615.58
1167403,275762.04
1167404,194772.2
1167405,253221.2
1167406,263170.54
1167407,239816.0
1167409,308845.6
1167410,248636.0
1167411,197253.0
1167412,190380.8
1167413,212418.6
1167414,193459.394
1167426,200217.0
1167429,224795.4
1167430,279715.42
1167431,206880.4
1167437,239975.8
1167439,317759.664
1171188,248030.0
1171191,169304.79
1171194,195050.0
1171195,222892.4
1171196,163066.98
1171200,216887.998
1171201,185365.598
1171203,179427.0
1171204,242700.98
1171205,205420.8
1171362,1070472.0
1171367,721818.0
1172945,188709.4
1172952,216385.776
1173341,960056.884
1173343,824693.0
1173347,232966.78
1173351,341941.394
1173353,317614.072
1173355,374466.394
1173356,267613.976
1173358,357032.0
1173362,272321.9
1173364,337993.886
1174252,814882.6
1174253,1185112.0
1174258,817038.92
1174265,451779.798
1174280,824149.0
1174393,187917.1
1174395,170566.6
1174396,187793.2
1174397,152788.2
1174398,200861.598
1174400,271451.922
1174404,200228.844
1174405,138541.4
1174407,147871.0
1174456,189009.4
1174460,194551.368
1174462,201587.104
1174465,266746.498
1174466,218887.4
1174468,191918.78
1174469,201663.94
1174471,175310.2
1174472,242510.292
1174473,279872.2
1174475,202584.2
1174491,154749.95580000003
1174496,288773.6
1174501,252168.32
1174592,181493.2
1174593,224414.998
1174595,156438.8
1174596,146168.98
1174598,185042.798
1174599,239606.596
1174602,260342.4
1174607,264298.764
1174608,155737.4
1174732,177638.786
1174738,219333.92
1174742,229574.888
1174743,160138.0
1174748,182330.126
1175538,126611.398
1175539,139185.718
1175543,110777.0
1175547,116265.2
1175548,127758.8
1175550,137100.2
1176289,1139632.0
1176758,679336.0
1176759,479017.376
1176764,440402.066
1176772,439813.962
1177110,174356.0
1177116,433444.794
1177118,199728.4
1177121,242866.196
1177122,282547.16
1177125,167287.4
1177822,101830.0
1178019,450528.0
1178024,551837.798
1179391,659661.0
1179392,675912.0
1179393,640581.8
1179512,359010.272
1179513,207233.6
1179516,204652.6
1179517,162570.8
1179518,252723.69133333332
1179526,285544.37895238097
1179527,244815.198
1179540,273292.0
1179542,234957.8
1179543,334262.68
1179546,250365.59
1179548,279503.8
1179552,233850.172
1179554,209399.868
1179555,278821.084
1179557,359742.48
1179944,593964.0
1179948,479366.0
1179949,338443.0
1179952,453835.64166666666
1179953,637700.794
1179955,406159.86
1180044,531392.8
1180046,182277.4
1180047,229824.96
1180048,264795.9197523809
1180049,448653.8
1180050,278212.366
1180051,416251.4
1180053,388568.5313333333
1180054,257843.394
1180056,311270.774
1180060,297355.8
1180070,1021006.0
1180073,564069.0
1180078,301018.296
1180080,757768.8
1180241,240737.98
1180242,525866.28
1180243,184031.934
1180251,269539.834
1180253,318481.212
1180254,289639.75
1180255,300582.188
1180257,264719.194
1180452,121513.6
1180461,132241.182
1180464,239854.32
1180465,144331.798
1180466,132411.99
1180467,425123.778
1180469,131911.2
1180471,110000.0
1180472,221545.14
1180474,264630.398
1180479,242660.554
1180481,225698.0
1180482,223724.6
1180484,196334.196
1180485,245515.5133333333
1180487,521344.8
1180619,409080.40266666666
1180622,369713.466
1180628,612205.8
1180629,244440.9
1180630,496458.492
1180701,395517.2
1180702,389301.4
1180704,297580.8
1180707,511768.0
1180708,294247.333
1180711,291745.0975
1180712,477645.4
1180716,338894.8
1180717,289948.7175
1180732,327363.4456190476
1180733,244581.4
1180734,364747.74
1180735,354014.2
1180738,314553.998
1180739,268994.574
1180741,273410.68
1180743,217818.392
1180744,329229.6
1180748,168219.4
1180749,244845.38
1180770,147052.8
1180771,210435.2
1180774,156775.198
1180777,182665.272
1180938,102108.398
1180945,329198.774
1180951,135699.6
1180954,109748.542
1180967,720147.0
1180976,547335.0
1180977,694921.0
1181989,182725.98
1182023,211539.6666666667
1182025,133190.798
1182026,370419.2
1182030,327644.18
1182033,933561.196
1182314,454703.8
1182315,516224.0
1182316,307592.792
1182317,453557.0
1182321,506357.4
1182322,313800.194
1182323,374895.8
1182628,269266.98
1182650,312154.65
1182652,318962.1833333333
1182654,787033.2
1182655,641354.0
1182744,314227.796
1182745,289141.342
1182746,259517.018
1182748,153680.198
1182749,414860.62
1182754,489230.8
1182756,281430.936
1182757,199344.598
1183211,334224.842
1183213,312582.2
1183689,581584.5646666667
1183690,603578.9646666666
1183691,494613.1171428571
1183692,532119.998
1184185,200624.2686666667
1184271,145646.398
1184272,206820.4
1184678,247892.972
1184679,405329.64
1184680,330491.596
1184730,462454.0
1184731,531188.8
1184772,189240.0
1184775,266756.78
1184780,300311.2
1184783,363232.0
1184806,586041.16
1184809,418656.24
1184956,375122.704
1185123,540227.56
1185129,635066.8
1185141,973824.0
1185144,635702.0
1185145,656110.68
1185150,561340.514
1185316,400000.0
1185317,365079.364
1185326,110826.996
1185328,87262.674
1185330,107100.402
1185331,209862.8
1185722,171125.754
1185744,197803.7851666667
1185746,203770.2
1185748,194378.13304761908
1185818,173778.94
1185819,100576.8096190476
1186256,276710.186
1186257,169659.186
1186258,173513.71
1186260,276710.186
1186261,281297.798
1186284,200238.0
1186288,555649.552
1186368,542494.56
1186370,341414.63
1186371,128814.398
1186373,452204.4
1186374,275721.956
1186376,284461.138
1186379,184305.978
1186380,155971.596
1186827,212169.33
1186830,346443.692
1186831,255450.72
1186832,212375.0
1186834,207266.4
1186835,191791.0
1186837,327202.334
1186840,254928.2
1187587,288152.8813333333
1187625,190778.8
1187626,197481.40466666667
1187628,400328.8
1187839,289504.348
1187840,228748.3
1187842,230703.12
1187843,174576.396
1187844,199834.198
1187851,372529.4
1187853,180321.4
1187854,284568.0
1188373,209027.4
1188428,560964.6
1188429,407874.0
1188430,319688.8
1188431,405373.6
1188439,411653.194
1188440,432531.078
1188442,473023.776
1188484,123722.798
1188485,177355.52
1188487,192931.04
1188488,192931.04
1188490,173729.15
1188493,192705.18
1188499,255299.8
1188519,314809.848
1188531,498984.16
1188535,245192.5
1188538,116916.8
1188539,209572.12
1188577,293377.4066666666
1188578,602772.8
1188581,370117.818
1189583,186447.4
1189587,271110.56
1189590,329563.422
1189593,216639.598
1189594,252620.68
1189595,155108.4
1189596,314392.508
1189599,288627.668
1189600,211663.4
1189603,220037.8
1189605,274646.486
1189606,313678.046
1189610,367782.3
1189611,395398.998
1191966,229762.184
1191971,220006.6
1191972,232622.602
1192091,675891.4
1192096,806918.044
1192970,294469.778
1192973,545388.98
1193162,855490.5446666665
1193163,1787777.8
1193168,337179.948
1193169,263562.2
1193170,396527.188
1193171,265873.552
1193543,1136495.994
1193676,814590.5
1193751,1170133.592
1193761,1429129.764
1193775,1081147.6
1193777,889027.764
1193779,553585.2
1193782,622261.994
1193783,578388.588
1193836,153676.4
1193848,652358.15
1193849,332851.498
1193850,198774.956
1193855,312005.158
1193857,244124.0
1193859,428007.0
1193861,281895.188
1193862,337565.996
1193863,385069.396
1193864,409607.8
1193866,377738.8746666666
1193915,149187.6
1193925,746708.0
1193927,400000.0
1193952,229058.32266666667
1193953,306372.414
1193954,199274.62
1193955,235351.56
1193956,163773.2
1193957,235125.4356666667
1194415,112732.198
1194922,900000.0
1194977,406293.346
1195222,366271.48
1195223,451545.688
1195224,443347.034
1195225,784737.62
1195425,415799.4
1195426,332712.894
1195432,450893.79
1195891,160049.9
1195892,163863.806
1195893,127352.88
1195900,83182.30014285714
1195901,323315.988
1195903,130187.2
1196019,338797.4
1196842,213717.14
1196844,316970.286
1196847,278841.0
1196872,274249.4428571429
1196892,337910.124
1196893,252372.718
1196894,339251.26
1196895,426723.35
1196904,394430.96
1196912,242489.74
1196913,276847.6
1196993,256112.428
1196994,281242.8
1196998,218994.2
1196999,238720.0
1197000,221433.8
1197002,240882.798
1197106,206925.0
1197107,283976.7786666667
1197108,360363.012
1197166,341402.72133333335
1197209,808929.596
1197214,332708.754
1197215,227807.8
1197216,285042.2
1197253,505412.604
1197256,262386.25766666664
1197309,348971.576
1197311,841627.6
1197315,511976.02
1197316,274662.778
1197321,302408.564
1197322,221370.588
1197323,224492.4
1197324,137950.30966666667
1197325,158348.8
1197326,159525.374
1197328,201737.35466666665
1197329,469577.8
1197331,219158.306
1197345,395985.196
1197351,504953.8
1197462,229595.784
1197463,379503.884
1197465,159614.596
1197467,199225.198
1197469,163813.98
1197470,163813.98
1197502,494454.436
1197549,894902.726
1197570,404314.4
1197627,301833.2
1197672,326336.0233333334
1197859,284760.7676666667
1197860,284760.7676666667
1197977,477647.996
1197978,150000.0
1198019,434476.4
1198021,372365.2
1198337,603544.2
1198358,530016.0
1198364,410240.0
1198365,353986.6
1198366,450053.62
1198367,388608.2
1198368,325834.55
1198369,256988.032
1198373,607052.2
1198446,372461.0
1198450,307283.798
1198451,436009.7
1198452,436009.7
1198453,309758.188
1198457,249864.344
1198621,672419.4
1198645,347311.394
1198649,527077.6
1198650,877231.6
1198664,294701.2
1198665,272426.6
1198669,241000.756
1198670,122794.6
1198671,134934.186
1198760,177559.4925
1198766,376510.0
1198768,290000.0
1198771,335000.0
1198773,429307.4
715273,500254.05466666666
717643,406899.036
720473,483839.57
722274,243126.586
722610,310559.734
722632,521594.224
724293,1012247.5293333333
724296,860477.7
724367,1208081.36
724383,643299.5769333334
724402,1064123.8
724436,788624.8
724693,901778.8
725035,489878.024
726164,586280.246
728018,226190.20413333335
728963,399017.504
730396,438007.908
730570,677408.802
732096,525040.0
732455,1411719.12
733749,518853.46
739805,670331.818
762985,293411.366
765024,507390.168
766318,213810.86
767291,288376.846
768075,862657.424
768187,857289.224
768450,334137.044
768818,714358.544
775095,754274.008
777984,447910.59
780334,534025.956
782037,1585201.16
783338,326124.32
788907,309500.0
791183,509190.844
791186,582594.8408
800871,353785.78
805218,488971.814
808371,714705.332
810903,761238.784
813910,660111.846
814295,200535.1856
816599,1599055.054
817980,339735.352
818854,823865.352
821034,409890.9666666667
822425,262790.77
823206,762705.6
823722,711113.824
824962,204422.781
827620,1666223.684
829106,732379.234
829983,1814366.27
835034,215334.22
835905,527390.0
836853,556541.132
836965,1349171.088
837221,777000.0
837226,723114.77
837310,777000.0
837312,777000.0
837322,777000.0
837364,777000.0
837447,777000.0
837450,777000.0
837480,777000.0
837481,777000.0
837534,777000.0
837603,777000.0
837604,777000.0
837695,777000.0
837700,777000.0
838738,777000.0
838739,777000.0
838747,777000.0
839708,208100.0
839728,777000.0
839729,777000.0
839750,777000.0
839751,777000.0
839752,777000.0
839753,777000.0
839754,777000.0
839789,208100.0
839793,208100.0
839796,208100.0
840813,1247282.5461333334
843860,530203.372
844526,283977.362
844543,546218.356
844754,284239.5
846486,538759.206
847164,1353721.948
848484,192000.0
936754,1015817.9153333334
937863,582701.966
937904,466158.544
938417,217220.59
938423,264795.914
938603,441850.5128
938622,1340547.856
939544,173464.608
940696,207840.558
942465,251100.616
942737,1183800.12
943019,502570.546
943421,233804.254
945655,425337.8593333334
947947,292501.412
949288,302879.774
952129,218607.5314
952131,479123.328
952904,581551.0603333332
953479,611514.096
954602,204485.994
954929,235573.12
955982,192862.99213333335
958924,736213.248
959475,140787.6543333333
960089,190078.497
960166,567291.4306666667
961081,455882.202
961152,440832.984
961156,166492.13243333332
963917,365673.772
963924,732487.36
963928,186654.37933333335
964509,230745.1697333333
965003,463748.51933333336
967216,1064380.92
967710,401473.1300180708
967711,571349.4078333334
967715,1254606.568
968678,973649.612
969661,895187.77
970940,219500.116
971513,149827.10133333332
972147,310229.716
972176,419406.558
972866,796031.84
974942,584526.2
974954,409101.552
976609,892995.36
978142,547984.002
978273,243971.444
978277,579086.448
978278,949484.6973333333
978281,1405557.3088
978860,257567.454
979110,223493.22
979112,259617.868
979516,260229.808
980337,1086907.926
980476,284133.358
982006,1034655.744
983877,293546.816
983878,418897.374
983879,418897.374
985387,811932.6013333333
985462,900482.6
985808,308163.0
986398,463606.472
987620,212987.637
988304,804959.344
988676,1516210.1
989018,706725.248
995698,767852.64
995822,1350285.664
1002393,1662769.85
1003195,225810.03866666666
1003292,562016.268
1003326,522806.176
1003655,520280.988
1003662,568603.23
1003847,534560.438
1006131,460124.336
1008419,777060.806
1008432,540667.724
1008509,1029032.67
1008929,175411.924
1009457,374075.2
1010167,223096.72866666666
1010251,262916.5
1010311,292501.412
1011035,1321501.696
1011899,292501.412
1013203,581740.08
1013464,492583.208
1013942,1687888.786
1014952,304107.412
1015519,700248.998
1018488,780448.0
1018565,253070.30576190475
1018830,1435732.258
1019163,1328679.1312
1019257,249162.072
1019258,856811.174
1022427,1702075.894
1023024,269858.496
1024198,1423330.568
1024386,245786.866
1024633,259743.57450000002
1065813,585207.815
1066642,895074.442
1066903,242923.88733333335
1068872,706127.8182000001
1071707,559539.001
1072579,379733.57646666665
1072606,406277.4722857144
1073519,783782.8
1073733,361827.864
1074535,281677.436
1075895,569767.094
1076216,348603.89
1076517,228930.9684
1076917,267514.864
1077573,606099.192
1078672,359891.78
1080081,240397.26
1080084,241605.554
1080177,310212.32
1080179,984966.5746666667
1080180,536659.248
1080182,510854.28
1080646,174227.476
1081890,240417.348
1082838,260372.768
1082935,464089.532
1083177,484309.034
1083187,196050.156
1093683,537286.1913333333
1094194,456128.564
1097426,250461.13633333336
1098571,465216.816
1102741,383370.794
1102778,444392.774
1224860,1141232.4
1224861,616765.8843020088
1224864,576550.36
1224865,202408.9
1224868,415382.55460088875
1224877,988845.368
1229111,692850.424
1229116,1154682.888
1229118,1536136.886
1235951,1449111.948
1235954,1723803.504
1236545,619351.6
1236554,201885.96353333333
1236560,273028.22
1239168,361361.402
1239172,690138.624
1239175,1146614.708
1239178,1125940.664
1239179,600593.778
1239182,943344.794
1239184,1288343.7115
1241221,237215.804
1241227,255688.45
1241228,189459.74866666668
96029,124557.77963636364
96056,381657.28
96065,515288.966
96072,96267.07889523808
96079,213099.0613190476
96099,214923.98192380954
96100,214923.98192380954
96136,72205.0
96137,72205.0
96138,72205.0
96140,132551.51779761902
96142,216571.86054285715
96143,99243.14599999998
96193,150526.2671555555
96202,232194.765
96206,363949.154
96207,228492.2465
96224,125500.0
96225,125500.0
96227,125728.43915714289
96302,930345.544
96318,346266.48
96339,119105.76982539684
96369,244828.01466666666
96417,133786.59056277055
96432,76305.43283333333
96464,74261.88809841269
96467,207141.31504545457
96471,210450.64359999995
96476,171767.438
96477,288900.0
96481,86638.67566666668
96486,103177.89866666666
96487,140574.6066666667
96515,358276.346
96547,200365.19733333332
96571,327740.988
96574,106958.03498095236
96593,247957.526
96606,124852.2085
96648,118543.8221111111
96654,110997.20634920633
96656,404015.2126984127
96661,575533.8946666667
96662,413064.80158730154
96664,104360.21049523808
96668,404015.2126984127
96669,413064.80158730154
96672,404015.2126984127
96678,307120.0753333334
96679,369339.5171111111
96683,644279.57
96713,718863.0
96715,98943.662
96735,91748.73065700964
96742,119722.052
96750,135030.03234920633
96751,103458.804031746
96758,103405.292031746
96760,135223.52457142854
96762,101522.72636507936
96765,76169.46944444443
96771,103458.804031746
96772,76169.46944444443
96782,97538.94914285712
96790,129853.745
96791,351623.7006666666
96816,155422.527
96819,320662.71873333334
96821,97491.9469460317
96838,204257.30206565655
96862,383789.6471904762
96863,448412.9256
96869,104806.28583333333
96875,497255.64200000005
96876,903297.28
96896,187582.26444444444
96897,332581.714
96937,232809.462
96946,109876.55577777777
96952,151317.09817777778
96957,142151.7927047619
96986,200897.2253333333
96988,281096.556
96990,715875.867
97005,683964.192
97065,871994.832
97071,252358.18236666665
97077,191669.35448333333
97081,685774.99
97083,190967.5392
97093,673871.512
97097,117014.93733333334
97122,249736.68170000002
97125,189894.45130952378
97126,241541.08883333334
97127,148178.04390476187
97129,290784.2854809524
97133,108704.24013333333
97137,216664.29654285713
97139,380693.642
97140,283792.04472857155
97144,134127.00929761902
97146,96436.0
97148,132551.51779761902
97149,96436.0
97152,72205.0
97154,96436.0
97155,96436.0
97161,638112.918
97166,196771.28
97194,138380.55430000002
97210,100994.5475
97213,186066.33212128407
97215,113860.0
97217,113860.0
97224,181823.5
97226,115369.03256666666
97229,746970.7676190475
97235,201753.19053333334
97250,301891.646
97263,237471.67033333334
97269,393327.688
97312,109711.2208047619
97318,690575.164
97327,107482.44919240758
97336,1089526.812
97447,240015.71483333333
97449,160851.89857619043
97467,193687.0
97482,136903.793
97495,186328.76892063493
97527,670083.394
97531,155029.76705555554
97533,92603.60762380951
97545,205211.59659444448
97550,764051.668
97555,659629.2345166667
97562,120360.64959999999
97564,118737.0
97565,118737.0
97566,161287.9203792207
97573,86587.38876190476
97575,120647.44583809521
97578,331350.0
97579,339760.97133333335
97580,331350.0
97582,217000.0
97583,340901.35866666667
97584,225322.98619047622
97585,263181.5186666667
97586,263181.5186666667
97589,205616.6790166667
97590,108845.9020952381
97677,146449.69891666668
97680,193651.0
97681,161959.5
97686,193651.0
97687,148673.0
97690,186056.0
97692,181476.0
97696,161959.5
97698,186056.0
97699,181476.0
97701,396968.91238095245
97704,110865.41301587301
97707,110997.20634920633
97729,104645.54598412699
97807,205237.748
97808,168937.36637857146
97858,96116.67066666666
97859,178780.5104761905
97861,170661.35859240755
97879,217600.93
97881,205237.748
97885,110997.20634920633
97888,205237.748
97897,205594.02
97907,222903.67533333335
97911,796295.778
97914,125393.97966666665
97927,150158.70224242422
97943,164662.43975291372
97949,108088.5587190476
97967,125272.006
97988,150737.21744444442
97989,116860.57206349207
97990,135223.52457142854
97991,116860.57206349207
97993,135223.52457142854
97996,101522.72636507936
97997,103405.292031746
97998,105907.7981111111
97999,105894.85312698412
98001,125272.95966666669
98014,435247.71525
98016,295541.06991428573
98036,319876.96
98054,393316.20971428574
98063,101542.26735238095
98082,802478.5
98083,259702.2162333333
98085,365487.276
98086,216143.33628571426
98087,1111877.112
98090,118871.77572936506
98095,413662.6623333333
98103,156807.05630769228
98108,279162.782
98119,307500.33033333335
98149,244832.39466666666
98164,1257099.268
98167,639807.002
98168,113497.22263492063
98204,105379.76222222223
98248,272154.29647619044
98249,364681.88833333337
98257,909269.706
98276,563473.536
98293,256172.67600000004
98301,188072.57725555554
98308,824737.404
98357,440536.5
98358,140452.546
98366,168308.3291
98394,243640.75256013434
98400,113860.0
98403,1037137.8446666666
98412,274381.296
98413,652383.05
98433,480906.12662857136
98450,180056.736
98451,165823.312
98452,120391.90666666668
98455,177824.0443809524
98462,228813.92866666667
98475,224068.5516666667
98499,229280.45253333333
98525,1014067.9046666666
98526,148795.62653333333
98528,166188.60373333332
98531,248893.03966666668
98544,110285.907
98553,144500.286
98573,280298.02433333336
98582,225322.98619047622
98584,217000.0
98585,225322.98619047622
98589,99186.15475844157
98593,220698.18
98596,151317.6063030303
98648,186056.0
98652,179923.52588888886
98653,331781.3706666668
98654,112160.52038095238
98656,150639.63557575757
98710,134025.14357936507
98754,170000.0
98770,216100.55066666665
98780,310280.98333333334
98781,134025.14357936507
98782,133060.44357936506
98789,233496.476
98804,426791.054
98822,118210.75428333333
98823,97695.28507142857
98828,224862.19053333334
98842,178873.29956432455
98843,171494.468
98846,105851.82085714285
98862,93988.77761904763
98863,86142.93322380952
98869,122863.92105079364
98870,206817.73833333337
98874,237762.11900000004
98876,125564.857184127
98878,119250.24095238096
98883,282952.376
98895,243565.3396666667
98899,285514.5664333333
98900,285514.5664333333
98901,285514.5664333333
98902,285514.5664333333
98905,201289.148
98929,160400.6456
98948,467691.437
98979,76310.64933333335
99010,301060.52600000007
99022,145694.5945
99035,219081.976
99043,72205.0
99044,72205.0
99048,72205.0
99051,187292.62916666665
99087,608190.4986047618
99098,246857.93466666667
99102,346286.1521333334
99104,292609.2266666666
99105,110438.26173333332
99114,71582.32262979244
99148,132370.319
99163,121471.39866666668
99168,259295.84609523808
99198,161959.5
99200,97644.60961904761
99205,256636.2
99273,141005.4
99277,431351.4226666667
99292,163283.74790043288
99293,134004.754
99298,155961.2227384615
99300,234948.872
99304,105893.92466666666
99305,174638.34371428573
99316,81297.21388646353
99319,146115.1362857143
99341,120135.77200476191
99344,172257.60079047616
99356,502536.656
99360,152812.51943333333
99361,94388.00193333332
99389,256117.367
99399,1098713.026
99400,195002.104
99401,117779.08833333333
99421,244945.6
99429,171917.45333333334
99433,272036.1856666667
99436,692016.038
99439,307037.7267666667
99442,172996.81545454543
99450,112353.64318809523
99451,442625.0076666667
99460,326157.8882285714
99475,116608.85268376069
99480,345547.508
99483,228963.902
99529,105074.43766666665
99532,113591.13000000002
99542,104119.59869999999
99575,221622.98973333335
99583,198725.66903333334
99597,153283.69826666667
99601,105929.17526666667
99603,110895.77959130873
99624,248809.14878095235
99625,160316.84333333332
99651,77272.95225555556
99655,254218.52750952382
99673,63121.16819999999
99694,585590.136
99697,194632.08171428574
99698,319684.6286666666
99714,177673.7727809524
99716,121534.37627460319
99717,121534.37627460319
99718,121534.37627460319
99719,121534.37627460319
99728,155531.014
99736,160024.88
99739,89033.09466666666
99751,198086.91701904763
99759,107967.64202597403
99760,190938.668
99761,386767.726
99765,147280.67719999998
99769,62096.4
99812,686113.584
99817,125665.55022857145
99855,238168.166
99868,157887.04065367967
99869,105306.89021818181
99874,148473.91347619047
99895,86788.09599999999
99897,426601.836
99980,203465.0
99982,176567.0
99984,272618.50711111113
99985,214243.274
99990,60055.81085714286
99991,202157.952
100086,113564.262
100110,532658.656
100115,183145.981
100118,123754.4895714286
100119,248918.15347619055
100122,167568.16333333333
100125,141228.18491327568
100126,165736.08
100127,121525.40090476195
100129,183095.581
100130,123754.4895714286
100134,165736.08
100136,123754.4895714286
100156,357553.573
100157,335290.478
100169,574758.1726666667
100171,281296.012
100179,77510.91
100187,66080.85533333333
100192,58804.014
100193,58821.614
100219,310407.944
100243,57804.170666666665
100244,57804.170666666665
100289,128378.18484126985
100297,128378.18484126985
100310,344594.774
100312,741356.592
100327,144902.0
100378,59476.6
100422,60208.0
100447,74760.87
100513,255287.683
100520,73670.618
100532,69009.97419354838
100534,92758.302
100537,94816.512
100550,76854.037
100557,102495.86112857143
100564,99800.0
100571,690616.176
100575,193044.41366666666
100595,451108.432
100596,218955.376
100620,318911.001
100621,220015.846
100648,248114.418
100652,118886.38726666667
100661,157063.67723076922
100677,460538.1668
100678,456423.534
100681,404336.6738
100708,123809.7405
100709,119614.5585
100723,550237.918
100730,298510.314
100733,121220.0
100735,121220.0
100736,118818.42586666667
100744,366792.064
100755,424853.0
100774,93164.20333333334
100800,81764.32
100805,166380.2195
100812,760990.198
100813,791305.798
100819,86814.40433333334
100821,426601.836
100866,59289.65085714286
100906,260525.23
100942,69607.68066666667
100950,76469.02
101142,127682.61906666668
101185,181316.0815
101191,438213.00647619047
101193,93634.142
101283,96296.4152
101287,100799.03166666668
101300,163837.0
101308,101418.51333333332
101316,82051.4
101318,196670.262
101326,77462.612
101402,264370.452
101456,68353.29133333334
101469,55937.784
101478,324330.6933333333
101486,145270.79308571428
101499,317824.296
101501,162088.752
101506,727081.186
101512,95792.90442857143
101514,85979.114
101515,86223.19
101527,74544.744
101552,56686.6
101571,66534.19382991202
101583,74338.96815555554
101600,99800.0
101601,99800.0
101603,99800.0
101614,58267.867999999995
101619,325366.164
101642,205729.35933333333
101673,82885.852
101680,119120.45990476191
101694,159441.4326666667
101702,120901.67297142858
101707,278748.3462121212
101720,165893.03
101755,158600.10865367966
101770,122208.5715
101780,56637.964
101785,138345.6
101817,226534.62
101913,68108.582
101915,111142.476
101919,120000.0
101976,64565.14066666667
101987,96010.20685714287
102114,48398.976
102116,159666.55266666668
102197,166995.44684437226
102198,134925.20042857144
102217,270923.57066666667
102252,190340.72133333332
102299,105311.32243809523
102330,78145.06133333335
102350,113725.2078
102352,113725.2078
102353,114723.5258
102404,75093.246
102405,75209.246
102415,97073.1742857143
102420,164047.6530095238
102442,59399.652
102475,574520.348
102479,238215.018
102511,216849.908
102568,92189.91263157895
102580,62333.968571428566
102593,58514.048
102598,121220.0
102607,96250.8838
102637,157469.218
102792,103483.70933333333
102794,105935.86933333332
102837,128383.94145454545
102890,148854.92914285715
102905,102814.93666666669
102910,52282.898
102922,51536.56
102985,148725.562
103028,42949.776
103115,141246.1599047619
103132,113725.2078
103138,133537.266
103179,162625.0582121212
103199,50512.228
103244,144000.0
103246,144000.0
103276,292949.73
103283,100555.22
103313,134230.52466666666
103362,89069.604
103392,138404.324
103395,75500.0
103428,182318.75560000003
103436,82726.81311111111
103463,52064.152
103493,313933.012
103495,307032.44
103498,304718.44
103504,141509.3833333333
103524,279339.608
103527,424575.61399999994
103530,303830.553
103532,360832.5
103534,211123.668
103540,192143.70250000004
103547,264104.118
103555,159772.20141587302
103556,272686.134
103557,135998.88933333335
103567,609721.2666666666
103568,274176.1314666667
103571,289611.126
103577,133202.68600000002
103578,77216.328
103579,144910.784
103595,111448.195
103601,130530.03
103603,86822.088
103604,208412.63
103608,120479.83006666665
103614,177816.39
103620,154483.24061818182
103625,160000.0
103627,207392.33
103678,67507.098
103679,211670.28285714285
103685,311403.64133333333
103716,144156.722
103720,120375.89
103778,95731.568
103780,551103.4346666668
103785,89277.012
103787,172118.29454545453
103815,93469.93
103816,149380.994
103821,222518.0
103836,96082.842
103845,196159.588
103851,190663.19
103858,103462.16266666667
103859,94208.31104761906
103862,149140.0673333333
103866,165363.5306666667
103873,166725.342
103876,322778.5
103879,92407.95
103885,165029.93066666668
103889,165359.7306666667
103898,109691.8444
103899,131081.53
103909,107480.71266666666
103911,71935.63866666667
103920,110357.34533333333
103927,106315.368
103933,107704.382
103946,210391.444
103949,135769.53533333333
103950,381650.246
103965,99385.168
103997,78866.38
104017,95028.14133333335
104028,87608.92333333332
104068,516433.93997619045
104077,146638.85733333335
104098,91755.646
104099,437595.73888888897
104103,198175.8966666667
104135,320000.0
104141,877198.078
104148,87636.7
104149,227229.592
104151,366021.392
104154,251080.8
104161,475000.0
104163,175974.82200000004
104165,313193.946
104195,485000.0
104205,349085.16
104218,288102.938
104238,260277.01
104245,358582.324
104248,166269.848
104252,217350.68799999997
104265,277723.7293333334
104266,143647.504
104273,226285.598
104274,95691.71583968255
104286,277772.686
104290,372670.751
104293,277772.686
104299,190137.43266666666
104309,142118.496
104326,252140.028
104345,517815.4856666667
104359,154787.144
104368,207218.1746666667
104379,591568.0
104381,1178009.936
104403,104837.779
104414,191179.45145555557
104417,480120.256
104419,107774.76459163059
104431,260000.0
104439,215969.26313333336
104445,265755.89466666663
104447,94373.07746666667
104451,115374.95783333333
104454,217945.66803870574
104456,154250.0
104465,158493.68666666668
104473,141124.96866666665
104489,111765.61531428572
104492,134212.26228571427
104513,1019069.424
104517,282752.7183333333
104519,66282.71942857144
104523,114819.272
104524,106156.7371111111
104526,70462.67542857143
104533,101094.45866666667
104538,189539.04466666665
104539,186780.04466666665
104545,199497.03514285717
104561,165076.04533333334
104598,320290.73133333336
104599,320290.73133333336
104611,112173.47931428572
104613,103651.87333333332
104623,86507.70916363636
104627,340181.736
104628,276107.838
104629,337900.48
104630,338488.334
104640,469184.6234666667
104641,352747.436
104642,282243.83239999996
104665,147800.0
104804,273370.084
104847,418630.43
104861,157294.14
104862,161566.766
104863,157217.34
104896,93605.598
104899,126982.79133333333
104901,160407.9
104906,126528.74799999999
104922,222503.214
104924,209270.8
104925,310719.124
104930,97892.57
104935,87778.156
104936,92407.474
104964,123236.48
104965,104678.716
104970,106796.29311111111
104973,106716.29311111111
104975,75858.12595238096
104979,156334.3
104995,127013.25066666667
104996,117261.234
104998,102170.998
104999,101569.798
105000,102040.998
105024,104978.962
105029,149726.9849047619
105037,125272.83266666665
105038,527372.3
105039,369227.976
105049,463050.472
105057,137485.296
105061,64506.787200000006
105065,73429.74666666667
105076,79154.822
105091,93593.61291666667
105116,142438.8084761905
105136,117185.96
105143,284676.008
105151,430256.448
105160,204255.69933333335
105162,251111.8966666667
105170,132484.53221645023
105172,142991.77
105179,535221.3146666667
105184,261725.02706666666
105185,715815.224
105197,247221.28280000002
105202,1459339.0
105231,434894.176
105232,290404.864
105235,87636.7
105249,90594.952
105258,122551.1855
105259,247923.498
105272,171716.636
105287,223575.2439
105293,252860.864
105304,172267.83
105314,179575.482
105315,126657.30566666667
105328,191335.16
105341,88859.066
105344,186902.634
105349,341884.182
105350,354687.15733333334
105351,63062.484
105362,98888.07933333334
105376,131047.74457142857
105386,149074.62
105392,410272.4866666667
105401,441009.608
105409,188315.694
105414,463715.208
105418,313650.538
105419,163024.29085714286
105425,124203.0
105440,344444.864
105447,165466.62765476192
105448,130251.13466666666
105452,234000.64
105463,73653.75
105464,118396.55857142857
105465,202969.0
105524,56532.488
105526,84690.3
105531,154432.5926666667
105536,524515.68
105557,720943.0
105633,318001.14
105635,105346.61866666666
105637,224638.18666666668
105674,464789.456
105681,79000.0
105703,416001.282
105704,414493.082
105705,417985.282
105706,140041.736
105711,149793.6033333333
105712,150066.398
105719,276148.2826666666
105728,132854.07733333332
105734,96077.128
105735,127402.96868174603
105745,107516.026
105749,656610.0
105764,883243.6
105765,829958.0
105768,192793.604
105772,135823.192
105778,96707.94285714286
105779,267501.07
105785,228543.18266666666
105790,77810.11594949495
105806,797866.294
105827,92693.39066666666
105831,739188.112
105845,112810.89327272726
105848,120718.146
105852,56707.222
105865,311281.65
105874,455043.44
105906,270571.76
105910,609156.852
105915,98366.716
105929,98243.71066666667
105945,550000.0
105946,359285.778
105947,114186.27277020755
105948,142310.20692063493
105954,172267.83
105990,201208.0
106000,174315.42733333333
106016,69769.564
106030,237586.07166666668
106034,146407.22266666667
106035,87783.70622222223
106040,386157.2
106074,217348.20796666664
106139,73475.08266666667
106142,202860.31666666665
106155,206386.984
106168,281099.58933333337
106177,455575.912
106183,349594.2133333334
106184,348616.046
106185,332373.798
106201,443798.72
106215,130155.14366666669
106233,670648.64
106235,83370.69
106236,151586.132
106239,428374.816
106241,289208.538
106242,289208.538
106243,186400.746
106254,66377.91700396825
106259,108275.0
106263,368302.7626666667
106281,100985.00209523809
106282,386157.2
106292,97099.48
106294,97598.098
106343,57271.8
106356,201916.792
106359,325193.56
106360,101468.27066666666
106362,71185.73533333334
106390,167000.0
106391,590929.288
106398,63169.686
106442,97402.41
106449,85000.0
106456,483644.6326666667
106458,313408.574
106467,156639.50898333333
106512,56837.52
106522,144355.91066666666
106565,99160.02339047617
106572,97322.33333333333
106579,222841.3988571429
106587,89904.725
106591,380466.602
106599,74353.668
106604,71327.36033333333
106618,249841.256
106647,282165.568
106654,101569.764
106665,278603.889
106668,320337.436
106678,419216.09573333326
106685,253426.84866666666
106707,464789.456
106727,233837.37533333333
106760,578936.7853333334
106776,386856.6
106780,83716.54933333334
106781,118087.89270707071
106783,114654.4476190476
106784,140800.18514285714
106790,91687.23533333334
106792,119415.9596190476
106819,130943.24
106835,140917.11333333334
106845,74514.59314285713
106849,74769.19314285714
106857,183270.558
106858,74189.102
106860,73840.75
106862,89992.07866666665
106871,526770.8
106881,359526.33133333334
106896,165944.126
106900,165000.0
106902,82812.684
106907,147377.11266666668
106918,247625.226
106925,95069.96533333334
106927,136265.94176190477
106929,115757.81733333333
106934,95537.77753030304
106948,131710.656
106949,182521.56890476192
106951,154002.126
106954,147588.5652051282
106965,139431.38
106975,74946.086
106990,197583.91266666667
106992,165997.6309047619
107003,97803.61866666668
107004,435719.2175555556
107015,157040.908
107016,180000.0
107035,184883.27680000002
107058,214148.3164
107062,101148.286
107071,170000.0
107086,122190.10333333333
107093,67331.68
107100,121800.0
107122,135915.22933333335
107268,115103.33728571428
107275,98843.23533333333
107357,164861.88857142857
107361,70704.63
107393,135701.364
107395,289282.6
107412,140903.51333333334
107416,91103.23333333332
107428,101463.82309243699
107452,141064.51333333334
107454,120230.906
107464,91136.23333333332
107467,91136.23333333332
107469,74896.58
107470,74882.58
107472,194980.82821428572
107473,195169.96821428573
107487,120108.508
107489,91350.482
107495,111322.544
107497,71231.94745454546
107501,55539.9
107506,161825.0
107510,161825.0
107520,190036.51066666667
107551,115903.44866666666
107556,65747.02857142857
107572,90049.80968116883
107584,149282.38228571427
107594,87369.31433333333
107595,1177395.738
107601,74729.828
107614,78040.671
107616,141742.874
107617,165856.9185873016
107619,126230.7731111111
107621,124235.6391111111
107650,366318.59866666666
107656,115757.81733333333
107678,194750.62271428574
107680,462503.012
107684,237717.9964
107687,205050.92652380952
107690,93777.17321666665
107692,92871.66121666666
107693,145785.17476190478
107694,150715.20242857147
107695,90899.348
107702,178072.026
107712,243805.15933333334
107718,167865.66942857142
107722,70511.014
107757,204458.61773333332
107762,129378.90866666666
107769,149482.94804761905
107770,149482.94804761905
107771,518145.6193333334
107776,155193.004
107778,93836.93444444444
107788,276732.434
107792,197535.0
107812,105344.23225714285
107831,59621.176
107832,62813.77
107863,761973.742
107871,177758.066
107873,180658.866
107874,189000.0
107875,177758.066
107906,127855.61284444443
107915,78045.06933333333
107916,78045.06933333333
107917,78045.06933333333
107918,78045.06933333333
107919,76198.13533333332
107920,77241.72933333332
107998,209461.52314285713
108021,157494.702
108137,119089.74934444444
108190,169390.8859314907
108231,173624.47385714288
108235,74902.18
108237,74882.18
108246,95469.14457142857
108272,120360.914
108277,94649.45439047617
108281,73507.42
108283,160613.044
108285,52728.53333333333
108340,75042.502
108343,140302.984
108401,418575.0
108406,169184.969
108408,253787.80257142856
108410,186576.14841450218
108429,161194.47542857143
108444,93100.564
108447,90102.73031666665
108465,404880.8
108468,149054.39247179488
108479,284897.13
108496,167205.8156666667
108505,767248.12
108512,235018.63352222223
108518,200158.60866666667
108519,271996.806
108524,134759.36893333335
108527,115511.78702020204
108528,79204.51
108545,169798.084
108548,128296.54866666667
108551,187329.41457142856
108557,153112.41579999996
108558,152342.57342857143
108574,188438.418
108580,438193.334
108581,78045.06933333333
108589,148290.889
108654,170672.845
108658,52646.742666666665
108757,200584.612
108771,115237.038
108778,159951.44
108802,167044.942
108814,129594.578
108816,73184.02
108817,74391.24
108832,306135.8166666667
108855,108853.92624732284
108867,196057.368
108886,151269.3657857143
108900,193484.03954285715
108916,74331.926
108948,199000.0
108960,303198.77359999996
108962,196507.112
108983,244705.63
108984,103903.206
108992,197812.748
108993,62068.02
109002,64084.34
109051,618566.3846666669
109135,76487.72
109157,182310.37
109160,236004.756
109175,199000.0
109189,126720.07266666666
109236,229220.452
109250,152630.5229166667
109251,151924.88291666668
109254,200000.0
109323,122000.0
109368,170217.6890555556
109384,66972.4122857143
109388,135456.48
109389,95874.6786
109414,81685.2025047619
109434,206443.5564
109448,254817.146
109454,714510.207
109455,139677.11918181818
109456,178839.066
109478,131934.594
109488,133341.20952380952
109499,165505.83419999998
109504,79257.752
109509,83378.29059523808
109523,106396.404
109524,106396.404
109525,106654.404
109526,106654.404
109534,121207.24265223664
109546,119891.88488888889
109566,122000.0
109570,195169.96821428573
109577,52822.396
109586,56793.22933333333
109589,71422.63
109597,67939.1
109608,111703.16433333335
109624,91333.206
109633,311867.51
109634,85760.05482352943
109650,146766.112
109651,146766.112
109653,152677.2589793651
109654,141302.8494395604
109656,119364.52933333331
109658,102109.15838095239
109659,324985.8153095238
109661,344454.3080761902
109667,282000.0
109672,73846.77906666668
109673,203799.008
109674,282000.0
109675,282000.0
109690,282000.0
109698,88210.546
109703,153406.21593333333
109710,130042.06258333335
109711,101920.9288
109724,116839.6
109729,124735.9466
109736,158011.01866666667
109777,168389.1442222222
109778,111702.042
109779,245466.0457142857
109780,126566.034
109781,102966.24236666667
109794,121228.46230303029
109860,123499.096
109861,86488.0
109867,248916.162
109868,251466.014
109876,111567.95727272728
109891,211102.846
109896,134688.3686984127
109903,112465.01
109905,260068.826
109915,201699.72333333336
109925,99673.67381818181
109959,244410.543
109962,115815.25069946525
109985,133234.07258585858
109986,125536.64961904762
110001,139972.87788809522
110013,206223.28383333335
110024,103116.9063809524
110041,102434.21921666666
110055,202609.0
110056,202609.0
110060,825024.9933714286
110065,175344.766
110079,146903.05455555554
110092,128143.39038095238
110099,155843.44583333333
110108,192367.0111666667
110121,840522.5979047619
110130,142055.97585
110132,280000.0
110135,191000.0
110136,350000.0
110137,197989.672
110138,277500.0
110139,113000.0
110148,139569.7494395604
110150,97157.198
110158,206727.05533333338
110160,213623.249
110161,218800.0
110180,141267.58212142857
110223,324985.8153095238
110226,111234.43813333334
110236,267031.95
110248,282000.0
110295,110361.62826666667
110319,168844.41937142858
110327,97011.65233333333
110330,106475.41244444445
110335,297118.818
110345,180102.848
110348,234365.9165714286
110349,234365.9165714286
110351,86782.72866666668
110355,181105.55366666667
110365,220164.34040000002
110380,151296.59853333334
110387,150203.91800606056
110392,150856.2979674603
110393,155721.46103333333
110403,147707.77161035352
110452,298111.84950451885
110462,124135.11927619047
110538,117158.78466666667
110626,253354.3177142857
110628,147033.55301666667
110631,147571.95724242425
110642,176272.26236363637
110672,147938.766
110695,104666.29075238091
110698,84134.29133333334
110716,112373.95727272728
110725,101130.63118417365
110733,217000.398
110742,185666.379
110743,204489.131
110747,134896.0406984127
110758,187116.2037777778
110769,251136.948
110780,255898.60896666665
110790,93833.56
110791,93914.7656
110792,302360.554
110795,92728.59771428572
110796,102600.01544444445
110797,75980.204
110798,88645.14066666667
110803,110114.66541839826
110807,139854.53666666668
110817,102895.10866666665
110824,95770.81483650791
110854,942329.2883809523
110872,417312.102
110875,158620.8126666667
110883,151441.074
110902,139485.4228
110903,145329.18742063496
110912,102441.88471428571
110914,257794.416
110923,102678.89655
110934,796093.0993333333
110938,96610.61940000001
110939,91782.485
110945,128614.03066666666
110948,170921.77399999998
110949,154694.68336111112
110964,124975.20716666667
110980,95119.43053333333
110983,64705.27961904762
110992,206217.228
110993,834563.6905714286
110999,280000.0
111000,260267.85447619043
111001,260267.85447619043
111003,260267.85447619043
111005,350000.0
111008,281636.916
111009,113000.0
111014,103325.54333333333
111018,96822.516
111023,95562.61508333334
111031,166365.94193333332
111035,105000.0
111054,88358.22333333333
111059,199431.91783333337
111079,127348.57714285715
111113,826994.1042539682
111114,869545.7603492063
111117,206532.388
111118,206532.388
111119,206532.388
111120,282000.0
111122,282000.0
111123,203799.008
111124,282000.0
111125,282000.0
111127,203799.008
111129,209872.946
111143,234274.5866666667
111147,282000.0
111148,282000.0
111166,191857.39641666666
111167,111844.77766666666
111168,129194.80133398267
111191,122074.84077558361
111196,133443.03664285716
111197,86108.70266666668
111199,99123.84473232322
111208,554777.738
111216,121700.80266666667
111252,179718.7454538239
111255,102467.01799999998
111319,146274.9195606061
111384,207201.19247792207
111386,181556.09196969695
111388,249614.724
111389,226653.64
111394,165332.56923809525
111395,235674.50543571424
111435,163291.20152380955
111446,87915.20333333332
111457,105416.48708571425
111459,101130.63118417365
111463,77190.27352092904
111477,402688.2873333334
111496,91212.584
111506,63193.07399999999
111507,138547.266
111510,92433.94
111512,133511.62
111523,134623.37295238095
111530,160061.18933333334
111531,135223.0161904762
111534,379802.896
111538,88218.90147619048
111554,356211.27
111573,231799.44007319474
111590,387458.78066666663
111598,131997.28000000003
111608,870433.17015873
111611,198423.46469999998
111621,209438.1572857143
111628,200016.535
111629,101405.22815000001
111633,192034.12733333334
111636,196000.0
111637,130000.0
111658,109243.26550476192
111665,158033.79088888888
111697,238176.83392380952
111703,125288.08466666665
111774,116699.052
111775,92262.8331111111
111820,128892.21001948051
111839,87991.11285714287
111846,130472.37584761907
111850,214749.44433333335
111856,199558.4603
111860,116365.46837619049
111865,63299.505333333334
111883,113286.25596507937
111884,193147.45666666667
111885,113233.16596507937
111894,96429.278
111915,300227.7896943047
111924,768534.494
111939,191163.212
111954,96233.19728571428
111965,133650.0
111970,179713.4186666667
111976,131406.4105
111987,154682.4328
111988,126221.00626568629
112051,140727.628
112063,105726.033
112068,388399.37960000004
112075,207561.70060634916
112157,272646.3502714286
112162,100629.04244047617
112163,100888.17702142855
112227,103685.51188888888
112230,195729.59133333332
112247,424063.71239999996
112271,136195.8046666667
112297,74505.56233766234
112315,85032.506
112335,209755.666
112353,345206.874
112355,836286.246
112367,130533.63666666666
112375,191325.17033333334
112378,191325.17033333334
112388,177575.0
112412,293043.06566666666
112424,183885.156978355
112431,143874.85276666668
112465,377057.728
112466,335000.0
112474,179170.58625238095
112486,107128.09066666666
112510,128495.55568095236
112511,111947.23786565656
112512,149115.18645238088
112657,94794.52019047619
112663,108525.95659999999
112673,125945.9897452381
112680,146179.98666666666
112681,180125.98769696968
112694,248606.378
112696,108897.22562276613
112713,107129.37066666667
112716,217912.87546666668
112718,217912.87546666668
112720,188668.521
112726,112675.64904444444
112744,267830.4
112748,164293.60066666667
112755,225823.9306
112757,388364.143
112780,130038.56433333333
112793,273213.04292857146
112796,108401.08339999999
112816,125768.5623888889
112822,146426.4691190476
112823,156000.0
112825,156000.0
112828,222748.34
112851,536313.373
112872,147401.80294761906
112874,131975.27033333332
112921,122361.58066666668
112925,172000.0
112926,287817.1041190476
112928,172000.0
112929,172000.0
112930,172000.0
112933,144250.96461904762
112938,115816.54083333333
112960,291000.0
112963,291000.0
112970,177575.0
112974,188858.2746666667
112986,226922.0
112987,226922.0
113022,211058.43435497835
113037,109854.7605
113109,186056.99346031746
113113,145500.0
113114,145500.0
113163,193052.06429523812
113169,107528.49866666665
113181,250000.0
113206,236701.59266666666
113207,149418.81066666666
113230,247976.23450649352
113231,516283.602
113246,201071.19866666666
113248,248323.9332380953
113313,151846.66225714283
113314,309331.776
113315,308983.882
113320,146985.0
113322,164689.6299142857
113323,250689.462
113326,164689.6299142857
113329,152059.2340595238
113465,115363.01884249084
113468,276763.878
113478,125786.0746984127
113488,382112.9212380952
113491,459820.20276190474
113503,233703.38566666667
113552,132488.261982462
113568,118500.0
113608,268625.796
113613,183590.045
113616,160948.17533333332
113617,160473.50933333332
113630,107648.46323448775
113644,125347.25457857142
113645,103545.91963333332
113657,135469.9962222222
113662,123309.70800000001
113668,224606.6800952381
113703,264028.75000000006
113704,164613.2652756133
113706,107956.13533333332
113711,252813.692
113750,137414.83869047617
113752,168259.4726666667
113762,120095.78822222223
113804,156000.0
113809,406653.699904762
113813,185075.5833809524
113831,137311.908
113871,199069.7203333333
113884,177575.0
113888,157160.9753333333
113890,296519.434
113909,210991.717
113922,154580.82986666667
113950,145500.0
113957,196588.57766666665
113995,131520.912
114001,204544.082
114002,283190.2431904762
114007,91171.99066666666
114030,105839.274
114031,170965.0
114139,234436.128
114172,188704.114
114187,382112.9212380952
114200,76869.07909999999
114204,136857.36106666666
114217,187050.76742857145
114242,137902.204
114253,215206.03819047622
114266,93618.70447142857
114276,151016.58471666666
114334,266430.75533333333
114335,264021.2733333333
114336,266695.15533333336
114337,249387.23230714284
114377,218038.6053333333
114379,123591.08499999999
114396,156000.0
114401,198708.16733333332
114405,101206.16286111112
114407,110884.96155238096
114431,172000.0
114432,172000.0
114440,451805.18615714286
114449,155844.44933333335
114454,291000.0
114458,141982.436
114461,144377.91513506492
114468,536313.373
114560,184036.48
114619,146232.158
114634,241608.114
114649,89636.1630952381
114650,220538.78666666668
114658,254707.12033333335
114661,996375.1205999999
114676,215260.186
114684,238973.99766666666
114688,213390.79738095237
114690,74209.21489444443
114698,452607.366
114702,148022.9626190476
114711,248387.904
114717,140400.0
114721,269086.1623047619
114728,136987.15866666668
114732,66446.61185844155
114736,405000.0
114748,163800.0
114764,214776.2355
114780,266758.15533333336
114781,271466.6063333333
114790,254798.72033333333
114804,144139.9065833333
114809,495785.094
114812,85000.0
114816,202174.06301904764
114839,254707.12033333335
114847,124860.62014285715
114884,272949.8247619047
114886,155132.90799999997
114887,133607.05066666668
114893,89932.74242857144
114904,198139.1104
114941,91139.5463095238
114950,244564.5302
114969,81073.83466666666
114993,286352.4846666666
114997,95083.86466666668
115004,553500.0
115020,127261.418
115025,494537.7960808081
115027,270307.054
115078,207628.5476
115080,196350.0
115081,196350.0
115082,196350.0
115085,196350.0
115086,189376.47
115087,196350.0
115088,196350.0
115093,68230.7387
115098,319259.496
115099,222461.49
115100,339696.8646666666
115178,94303.59628571429
115179,94063.582
115181,72830.354
115243,77913.4776
115261,56135.125
115279,138303.06549191935
115316,95850.05620548342
115318,94255.38058405486
115360,129735.35752222223
115394,52815.36866666667
115403,148956.57716666666
115408,194611.884
115412,64746.642
115417,96384.96744999998
115418,123118.69933333332
115422,96384.96744999998
115479,428312.886
115480,553500.0
115481,428312.886
115482,428312.886
115483,428312.886
115485,607426.7208333332
115488,428312.886
115505,129596.99056284694
115506,192000.0
115507,93346.20864603175
115508,164107.44252457347
115509,192000.0
115510,93346.20864603175
115511,93346.20864603175
115512,93337.9664793651
115514,93346.20864603175
115515,135200.0
115516,135200.0
115517,135200.0
115528,268392.75
115536,145784.368
115537,165500.0
115538,157596.09489696968
115539,165500.0
115541,135200.0
115542,165167.65823030303
115543,100573.74703484848
115544,126719.61871493931
115545,165812.752230303
115548,91422.88447619048
115551,78167.95133333333
115552,85341.78028571428
115553,66215.93066666667
115554,72440.86266666667
115555,52577.598000000005
115559,459289.50682539685
115597,236795.41
115598,346408.90733333334
115642,58400.74
115652,207126.99
115780,268718.084
115818,88184.68022222222
115896,159711.0565
115898,158712.8565
115900,159631.0565
115902,159631.0565
115910,145231.13
115927,55464.4
115980,296145.15133333334
115983,61861.029904761905
116008,84029.07800223776
116056,211459.354
116064,83544.79089647398
116065,83544.79089647398
116066,102000.0
116067,94255.38058405486
116068,83544.79089647398
116069,83544.79089647398
116071,99093.54196926409
116072,99093.54196926409
116094,205410.768
116099,82286.65542857142
116105,99129.88970057722
116152,428312.886
116154,428312.886
116173,99109.59085151517
116174,192000.0
116175,129596.99056284694
116176,192000.0
116178,99109.59085151517
116179,93346.20864603175
116189,135200.0
116190,135200.0
116196,125779.72895502078
116197,126920.3119131016
116198,118266.47533353117
116199,131487.8619661319
116205,501099.6125165945
116269,144140.89
116350,264735.49066666665
116434,115711.7
116435,55446.2
116446,72496.74399999999
116471,125162.74328571428
116501,83307.99697901367
116506,83544.79089647398
116507,83544.79089647398
116508,95850.05620548342
116509,83544.79089647398
116547,81997.39282610988
116562,252500.64066666664
116581,318871.82866666664
116634,72560.74399999999
116635,72647.34399999998
116661,77493.75580343558
116675,83271.50929285714
116690,147347.80221019895
116706,47450.1
116787,46067.04800000001
116890,51622.2
116909,49922.06666666667
116920,142285.894
116926,135965.538
116932,118742.0
116934,109999.0
116937,170400.0
116940,117400.0
116941,170400.0
116942,117400.0
116944,170400.0
116945,188336.672
116947,90250.0
116948,90250.0
116950,103712.49374285713
116957,192024.6332277778
116958,181763.20568571438
116959,192024.6332277778
116960,199821.9023333333
116981,181400.596
116988,190591.30233333335
116992,135076.5791785714
117046,154363.42076190474
117055,118742.0
117076,90338.722
117077,90415.922
117078,90338.722
117093,96819.89286666666
117127,241781.5
117128,235636.34466666664
117137,118568.35
117140,149309.751
117145,182814.79063333332
117174,106037.5
117188,107663.54761904762
117201,140263.71133333334
117212,145832.964
117216,193114.39
117220,118742.0
117222,118742.0
117224,118742.0
117225,118742.0
117226,118742.0
117227,127714.0
117232,118742.0
117236,115235.252
117238,122716.3629746032
117239,69287.79
117245,290418.3143333334
117246,161584.6
117247,158205.77380952382
117253,157421.29438095237
117263,90250.0
117265,183043.31200000003
117272,89478.34951428571
117275,86507.452
117278,217810.26614285714
117288,155603.34238095235
117290,190881.258
117313,125216.212
117317,196350.0
117318,241905.42733333335
117325,102610.0
117326,104425.828
117328,261424.25073333338
117331,181742.0
117333,110656.5
117335,110656.5
117345,276525.51852900436
117346,276525.51852900436
117349,146189.952
117359,121130.89406666666
117365,118742.0
117374,146783.006
117416,91495.31066666667
117511,121385.10316666667
117513,115743.85428571429
117514,106503.31333333334
117589,116152.17263492061
117619,118742.0
117632,118823.43529032258
117680,134368.38266666664
117682,131440.57866666667
117688,90009.52452740593
117714,132129.18
117716,145117.206
117718,135866.78266666667
117719,145021.206
117746,135003.16
117750,77222.874
117752,121913.674
117759,87450.25366666667
117772,170079.4846714286
117777,137146.16466666668
117785,114271.56366666665
117788,148335.0436666667
117796,91083.90283333333
117797,70292.304
117803,105306.284
117808,126355.22790476191
117810,101789.91333333334
117821,191332.7788888889
117846,192509.63
117847,150043.682
117848,179171.4200222222
117849,150043.682
117850,150043.682
117851,150043.682
117853,49718.007333333335
117875,104406.35333333333
117888,113693.8068235294
117900,100294.7762962963
117903,288726.5473333333
117906,127593.906
117917,92117.09466666666
117918,169999.0
117919,169999.0
117925,181500.0
117927,118999.0
117931,133216.65285714288
117935,260752.26
117945,177076.85034761904
117953,106037.5
117956,114537.71586666668
117964,110575.268
117965,110575.268
117966,110575.268
117967,110575.268
117968,110575.268
117969,110575.268
117970,110575.268
117974,110575.268
117984,162600.0846666667
117999,473037.22266666667
118001,146083.4685238095
118006,72964.84
118010,516653.53704761906
118020,136992.21666666667
118023,162165.4226
118027,117664.712
118030,63834.44933333334
118048,87684.15133333334
118049,73786.73252380954
118056,104156.84
118060,145832.964
118061,126983.968
118062,61914.79442857143
118067,104513.28301492537
118091,118742.0
118094,118742.0
118095,127714.0
118096,118742.0
118097,118742.0
118098,118742.0
118099,127714.0
118100,118742.0
118101,118742.0
118104,109200.0
118109,159454.804
118116,91918.66342857142
118118,126767.21766666666
118125,169598.21525396826
118126,158205.77380952382
118130,154341.50638095237
118132,175876.5064380952
118133,202229.365
118141,186972.14866666665
118148,90250.0
118149,90250.0
118151,127714.0
118157,157154.2391642857
118163,103322.19093333333
118165,205189.624
118168,189637.95003333333
118169,195831.94121904764
118170,181763.20568571438
118178,128290.384
118180,129556.90443809527
118182,118997.61624761904
118186,70860.27716594515
118192,247926.42893333334
118196,127714.0
118198,145349.044
118209,119474.84866666667
118218,95240.0
118229,102719.16180555556
118230,106424.80922222222
118244,151966.16206666667
118250,128041.06938095238
118255,181520.57570707067
118316,81511.617
118319,83938.5287936508
118320,64900.0
118323,422761.048
118437,79179.65365079365
118449,214852.54133333336
118461,87295.05666666666
118491,90886.922
118511,77131.274
118533,113725.64266666667
118555,98374.20479999999
118562,241781.5
118575,161435.608
118578,92637.19366666667
118589,102999.0
118590,139999.0
118612,102999.0
118617,138238.08221598077
118627,517521.31104761903
118637,98516.894
118646,155500.0
118647,130112.56355555553
118650,299746.9271476191
118659,113485.61460000002
118668,169972.86125396827
118669,94854.4855595238
118701,176209.9053480392
118704,169892.34
118826,88979.09851428571
118866,103289.25333333334
118867,91128.71466666667
118869,88166.88866666665
118870,71408.902
118871,71412.902
118872,71362.702
118881,81213.98
118893,185181.592
118894,132129.18
118897,185056.592
118899,131771.18
118908,113020.196
118923,203494.86
118944,122832.63918354978
118965,186199.2368888889
118987,149409.2707142857
119087,71407.749
119092,113229.918
119098,145791.60054545457
119099,188221.92487936508
119143,174164.132
119180,211298.644
119190,173375.932
119207,182557.56600000002
119217,195831.94121904764
119236,108145.58012121213
119246,151074.42866666664
119247,135778.9345
119248,172928.06582063492
119251,142744.6458452381
119252,144959.3777619048
119255,256029.43545
119259,224468.57047619045
119262,190536.3753333333
119264,390382.5980901323
119275,138459.6971818182
119284,468481.68639138644
119285,468481.68639138644
119291,153998.06794603172
119294,92937.73206666666
119305,140827.75
119306,262039.84239999996
119311,113060.39549427041
119326,244450.49916666665
119328,447000.0
119334,99739.27381666668
119338,84808.347
119341,442404.7796190476
119343,69159.47236363636
119345,89820.65466666668
119346,89820.65466666668
119348,109892.61133333335
119351,125000.0
119374,270923.526
119389,258619.0976
119397,360396.1417
119398,521894.39114285714
119401,271671.81733333337
119402,153244.9136666667
119403,269691.65683333337
119406,160000.0
119446,134194.86358681318
119505,462620.0373333334
119514,197880.164
119515,285118.4613333334
119516,128284.69896666666
119529,179579.08
119549,457740.7706666667
119561,122602.42
119562,357454.86143333337
119567,159425.86559398496
119572,245086.241
119573,90306.6981047619
119574,91422.02662857143
119575,120515.41553333333
119590,91833.61862857142
119591,124596.87500000001
119605,145000.0
119606,145000.0
119608,399000.0
119609,188321.66133333335
119611,426788.444
119613,864209.8933333333
119621,103195.83
119637,234157.80533333332
119641,124922.29111764705
119647,143470.604
119648,152152.88380952383
119649,220910.976
119650,153798.0924
119656,234885.88234920637
119657,270424.1489
119658,491694.11279365077
119673,505728.0804
119676,99120.78526190476
119680,110706.47726666667
119683,91555.456
119685,152702.4775
119703,110417.82133333333
119709,390382.5980901323
119712,113494.2515
119724,141549.22238787878
119731,197499.0
119733,197499.0
119735,197499.0
119748,262039.84239999996
119750,203490.3641904762
119754,220563.17653333332
119759,100050.0
119765,346331.898
119768,96802.69352380952
119770,137170.8166190476
119771,137828.06628571427
119792,101819.0
119794,108015.82516666668
119796,108015.82516666668
119798,457889.93213333335
119804,101983.598
119809,100195.21481190478
119811,264264.72533333336
119813,265932.152
119821,240343.11119999998
119824,191284.0
119825,188210.0
119826,188210.0
119830,191284.0
119831,188210.0
119832,85832.832
119833,101048.808
119834,61769.71055555555
119835,100122.20666666667
119842,125000.0
119847,133764.6675868132
119848,130323.72266666667
119857,191880.09
119871,80117.964
119872,80117.964
119873,81623.347
119876,115664.99700000002
119884,262036.27
119931,153171.67766666668
119932,153171.67766666668
119933,213214.238
119934,160000.0
119937,246805.678
119938,144722.826
119939,146890.7183809524
119944,143766.63
120014,85584.19666666667
120072,97250.0
120077,160000.0
120105,187345.1333333333
120107,154142.7606666667
120111,138919.1612
120124,130545.5811316331
120132,86270.966
120133,296346.6768
120141,139138.835
120165,105569.37247619047
120166,105499.03914285715
120169,227091.83866666665
120176,189721.3
120177,199522.578
120180,393646.2206666667
120181,392062.2206666667
120193,115458.17894761906
120194,236228.406
120196,154999.0
120205,145678.666
120206,306903.36
120207,141261.41
120208,135902.8735123016
120218,134713.3845
120223,490027.372
120231,135622.75933333335
120261,489518.83180952386
120262,248326.13933333333
120263,160000.0
120269,82278.722
120273,163594.14333333334
120279,170548.27798095238
120295,103070.94766666667
120298,126539.59238095237
120302,262039.84239999996
120304,218182.11
120305,254717.2716666667
120306,204771.646
120311,216050.5115
120312,216050.5115
120314,128546.38584271284
120320,129835.8
120326,245551.056
120327,116090.4726
120337,105524.36133333335
120338,105524.36133333335
120339,105524.36133333335
120348,175538.14591428568
120349,175538.14591428568
120350,213422.395
120363,77284.0122
120365,116074.56366666667
120371,140729.35524761904
120372,135258.61150317462
120378,139569.928
120381,151046.61
120383,87050.5886984127
120385,66765.062
120414,157412.06454285714
120415,157437.10364761905
120417,94511.314
120419,160719.14638095238
120421,80856.53466666666
120499,97581.22699999998
120500,79700.88666666667
120501,159625.31802685652
120515,141597.51896825398
120516,134916.80951666666
120545,256062.62
120548,63852.92836363636
120561,187091.1333333333
120562,124065.04466666665
120564,122121.158
120569,78966.37260317459
120590,493202.318
120591,356759.7653333333
120592,221886.48066666667
120593,92424.142
120596,290377.35733333335
120597,101564.58580952382
120608,139667.233
120609,124596.87500000001
120614,290910.552
120615,182492.24966666667
120616,181475.05523589742
120629,944001.3239047619
120642,266408.52
120643,89029.893
120646,210530.228
120672,491993.356
120675,175585.362
120676,75000.0
120678,87536.05333333334
120687,438877.16238095245
120688,450757.1975555555
120689,438877.16238095245
120691,488503.8331428572
120692,488503.8331428572
120702,69898.0
120715,217189.0315
120720,216050.5115
120735,132343.27733333333
120743,118247.858
120744,79663.004
120745,80642.804
120749,218237.902
120756,96559.02133333334
120769,88810.29866666665
120803,93100.0
120810,84662.934
120822,91812.36192857144
120832,193189.008
120833,193189.008
120844,141420.83922294373
120851,82278.722
120886,108759.764
120887,108425.414
120895,228970.628
120903,133021.076
120905,165919.5566666667
120906,166168.79733333335
120910,87426.78173333334
120916,213385.722
120918,438877.16238095245
120920,438877.16238095245
120922,488503.8331428572
120924,488503.8331428572
120925,488503.8331428572
120926,488520.88076190476
120960,91862.376
120970,66923.988
120976,153253.63067359306
121014,134128.59941666666
121019,250443.57533333334
121021,102248.66089437228
121025,173071.0766666667
121030,672326.068
121038,160306.39
121041,140579.14415238093
121042,139518.1501190476
121043,281470.702
121045,139518.1501190476
121046,161698.9582095238
121047,281470.702
121048,215871.91862698417
121049,387668.5394285715
121050,138543.05845238097
121051,138543.05845238097
121061,272000.0
121062,89650.0
121064,89650.0
121068,525000.0
121070,525000.0
121085,89650.0
121097,120057.6595
121150,105240.61333333333
121158,128854.01106666669
121159,265901.7805333333
121169,119514.59221212122
121172,88615.86666666665
121187,270000.0
121189,201627.41599999997
121192,1098486.104
121193,1058012.83
121195,126045.94573809524
121204,116287.54620670997
121208,257003.838
121210,180522.91066666666
121219,261975.62619047618
121224,178562.762
121235,248196.07166666666
121236,248252.92166666666
121238,138543.05845238097
121239,248252.92166666666
121240,215871.91862698417
121241,139518.1501190476
121242,248252.92166666666
121243,161698.9582095238
121244,114319.21352857145
121246,140171.18447619048
121249,138302.07135714288
121251,222506.61544307362
121256,145274.92413852815
121257,145375.37213852812
121258,144598.88413852814
121264,289321.9981142857
121265,180014.0
121270,129157.5714920635
121274,145973.17287179484
121280,205547.0508095238
121282,94106.42966666666
121283,123435.0
121286,123588.95222344322
121295,137155.1275
121296,120368.99163636364
121299,122211.81166666668
121300,148583.36866666668
121301,246924.1943838384
121307,109388.72772770563
121308,95021.68733333335
121311,135758.7805
121315,200953.83528571427
121320,102634.773
121321,186229.004
121323,140970.5
121324,140970.5
121331,176800.0
121333,140970.5
121335,140970.5
121337,269530.0
121338,102544.0
121339,269530.0
121343,141305.328
121346,190616.17580000003
121347,235299.79736507937
121348,236099.79736507937
121350,235299.79736507937
121351,310843.1
121352,238533.79736507937
121364,525000.0
121365,525000.0
121373,264239.84160000004
121375,158992.13133333335
121376,117064.556
121377,222161.62306666668
121385,201923.28714285712
121397,104050.92869523808
121400,139132.20542301587
121402,89650.0
121408,89650.0
121444,113448.01786666666
121452,103749.518
121455,177901.70066666667
121538,273743.79409523803
121544,112780.62366666665
121597,144420.788
121647,108131.4371904762
121688,195642.694
121697,121741.22298482759
121707,272000.0
121708,272000.0
121710,179581.46133333334
121716,275984.7266666666
121723,367095.644
121739,102299.38137142856
121742,228686.652
121746,245490.33580952382
121751,116857.70257792207
121756,131582.17116666667
121757,98381.16525873017
121765,121935.75638095237
121766,121921.35638095238
121767,114323.8296388889
121771,99224.56611111113
121777,133464.366
121781,268371.86
121787,94244.15542063492
121788,121795.79249999998
121793,313072.024
121802,149388.982
121807,170464.94
121822,139518.1501190476
121824,264674.194
121825,171055.74655
121826,90982.36505494504
121829,341481.5046666666
121843,111274.23276190477
121847,116374.4457091575
121848,114596.39937582417
121849,133760.56870634924
121850,112218.2817142857
121854,166000.0
121857,118250.0
121868,118250.0
121878,130610.74792857144
121884,300076.748
121892,98058.87661904762
121899,223783.21533333333
121900,129761.05366666666
121901,89276.9398
121909,85228.43833333332
121923,115759.26865836384
121927,102292.53149047619
121930,117015.78893772887
121932,123435.0
121935,100595.59485714285
121941,121001.6863495671
121944,162861.43766666666
121948,204387.548
121954,329204.3333333333
121964,95340.8314047619
121966,198775.26213809522
121970,254607.516
121984,266685.57212210016
121993,117445.05513492064
122033,89529.12913708514
122036,236166.718
122044,132466.9509090909
122165,207670.74114285712
122166,138985.10885714286
122167,188016.98104761908
122168,137628.2432952381
122169,137683.62729523808
122195,142701.15800000002
122197,182577.83133333334
122214,108478.534
122219,217412.28577777778
122225,107429.546
122241,237160.98733333335
122249,117809.67033333333
122262,172315.05633333334
122277,141701.13666666666
122282,116891.50035238094
122294,155866.60466666668
122299,207173.40095238097
122302,148912.226
122311,173702.122
122313,162647.182
122315,297455.4586666667
122318,128933.72050000001
122321,132545.34276190476
122322,119115.95954285713
122323,227358.178
122330,1110118.9596666668
122331,1100450.6096666667
122332,855173.714
122333,855173.714
122337,122137.09504444445
122340,108501.7772
122347,90663.71893333332
122350,193147.258
122351,95491.244
122362,200755.018
122370,144937.32413852814
122371,145833.45213852814
122373,112712.09737582417
122377,99367.5
122382,149210.256
122398,183612.87916666668
122404,111000.0
122405,262730.68812210014
122410,109352.03995714287
122411,198210.43206147183
122412,128783.827
122434,123350.82890909091
122442,262127.3020952381
122454,248684.116
122458,248684.116
122459,247248.316
122467,193603.776
122472,260000.0
122474,235693.318
122475,110993.79666666666
122500,120228.76603333333
122559,112690.60900670996
122560,191272.70663492064
122561,156221.54152380952
122586,68453.8965854146
122599,234146.89666666667
122602,74974.795
122614,81021.16247619048
122616,135349.58866666665
122622,171966.092
122637,125781.33907142856
122644,114323.8296388889
122647,202890.53690476192
122665,123317.26242380953
122667,147692.21283333335
122669,166000.0
122687,249059.30000000002
122695,166000.0
122699,308844.74755555554
122701,215689.21
122703,129273.18426666666
122744,509305.356
122752,177191.60008888892
122762,345212.13
122768,176974.05602857145
122783,200942.9770151515
122784,79515.0353809524
122787,213826.02866666668
122788,171487.86066666665
122792,92448.35266666667
122881,248684.116
122882,91189.72866666668
122900,82474.90633333333
122901,78207.3665
122902,82076.04816428572
122903,78192.3665
122904,80543.70283095239
122909,135368.41123809523
122927,107000.0
122928,107000.0
122929,107000.0
122932,138000.0
122934,230524.3795
122935,132700.0
122947,109500.0
122969,74974.72
122987,283756.29
123070,217182.86
123079,284433.9333333333
123083,280872.3
123092,80339.98
123093,71185.3
123094,71731.396
123095,70653.71
123129,71319.26
123153,244813.102
123165,441465.7133333333
123176,134673.7959047619
123196,84558.16996443004
123248,121109.2995238095
123310,107000.0
123311,109500.0
123312,109500.0
123323,209625.414
123325,209805.614
123326,209164.154
123327,211354.064
123328,209537.014
123331,173059.2161111111
123335,109500.0
123338,121883.902
123400,66853.14022222222
123480,106800.0
123558,74374.294
123572,132971.752
123576,74374.294
123579,205659.7225
123580,205253.7225
123588,77325.06
123592,77904.98
123595,188516.09
123605,99316.46666666667
123612,250000.0
123620,77915.27765
123623,80624.51741428571
123624,87688.67426190474
123657,139000.0
123658,139000.0
123686,66289.838
123734,192711.352
123749,348420.1593333333
123759,175455.124
123760,78511.96674365082
123767,106800.0
123768,106800.0
123808,281798.3452
123815,127651.51000000001
123825,179205.49585714287
123835,354185.828
123868,109500.0
123869,109500.0
123870,109500.0
123874,211354.064
123877,109500.0
123892,106800.0
123898,90677.35733333335
123900,82103.67308333333
123903,92000.0
123905,106832.69
124032,421670.9904761906
124034,74033.294
124036,75026.83485714287
124038,188996.09
124039,188973.66
124044,205681.7225
124059,101919.474
124070,84878.16666666666
124071,82345.642
124072,68029.03
124073,70102.064
124074,72007.04
124094,139000.0
124096,134310.56942857144
124109,138257.778
124118,116890.38306666666
124125,113804.00199999998
124138,264301.676
124178,69849.588
124187,129469.03533333333
124197,261285.978
124213,182557.225
124214,109500.0
124228,117845.95447619048
124263,120679.18246666667
124339,252415.68
124357,107197.40875844155
124364,119237.854
124380,445196.1616190476
124392,257313.83133333334
124494,95982.89400000001
124500,103367.796
124536,135050.876
124537,69824.588
124540,501000.0
124548,97912.26871428572
124597,586046.9077619048
124642,501000.0
124646,242408.96
124648,248650.88
124662,109500.0
124688,90871.3065
124693,205834.70066666667
124707,120453.89393697478
124714,192804.26193333333
124716,197895.9497777778
124731,123266.52879999997
124737,366847.631
124747,796360.462
124759,691431.89
124777,368646.41
124787,299634.91426666663
124796,209731.41022222224
124799,148443.7066666667
124813,306384.0
124819,102294.36233333334
124894,247572.154
124915,119433.96133333334
124962,98048.57033333332
124978,131411.26116666666
124993,164000.0
125005,200985.29138095237
125014,117841.70552380952
125016,137602.479
125020,979342.5885714284
125023,300000.0
125027,208143.4238920635
125044,176382.71245614035
125045,156953.4973095238
125046,1224900.7
125050,206337.208
125072,721248.944
125073,133550.70669999998
125086,1207171.748
125100,255204.3
125117,428918.712
125118,559890.7194285714
125120,234358.24
125125,192211.5769468865
125130,222208.79266666668
125134,638459.008
125136,158163.72471666665
125141,99646.58506666668
125188,221324.98333333334
125200,145800.2512847042
125203,174231.6315761904
125204,99191.61733333334
125275,291498.7436904762
125291,238983.53733333334
125317,117635.32342857144
125332,117800.0
125345,204123.17164285714
125351,233859.548
125357,182873.66459920636
125359,123471.55732380952
125375,176993.42896428573
125380,142267.233
125404,108276.41330476191
125406,135794.03553246753
125422,208189.93400000004
125431,143170.83518679655
125433,139974.37671428573
125434,205513.50477619047
125435,306384.0
125444,83846.14457142857
125466,213791.0
125506,173946.972
125546,179353.51419999998
125554,249946.042
125568,190363.078
125569,565610.9113333334
125573,161511.28383333335
125579,110764.17986036184
125581,207907.4418030303
125583,131261.74068095238
125587,124097.76989761904
125596,349437.356
125618,265896.1417333333
125621,170892.778
125632,223761.782
125639,158168.1163147262
125642,550246.888
125645,306384.0
125694,123333.50153174603
125695,134698.122
125696,111253.61885714285
125714,194498.432
125716,133944.88073593075
125727,203423.11599999998
125734,244105.14
125736,136611.757
125739,148368.241288925
125744,137119.751
125756,151808.0
125764,213428.98066666667
125766,246681.74740952378
125776,177957.46971572872
125777,177957.46971572872
125783,109024.42714682539
125784,109024.42714682539
125791,150271.06912857137
125822,271000.1976
125824,161047.566
125828,171212.88466666665
125829,219855.95703711972
125841,149337.1182534632
309591,262800.95
309611,227728.392
309613,166758.12032857144
309658,83823.1436
309661,244371.45833333334
309667,203428.2996666667
309669,144797.3167142857
309678,402942.90533333336
309692,151523.3983136447
309700,290790.29
309707,118651.57946666666
309714,150737.21744444442
309731,467691.437
309734,115045.40550000001
309735,163668.211
309770,282606.95266666665
309817,89368.34812806637
309819,122138.70133333333
320845,122745.74773333332
320872,216067.052
320929,168088.87393809523
320931,168517.2406047619
320932,72400.0
320937,72400.0
320938,72400.0
320940,115111.0
320948,122400.5
320950,257155.84366666665
320954,168517.2406047619
320969,218200.566
320974,162280.06955555556
320998,120497.53117380953
321002,107239.0
321004,103663.33806666666
321023,92256.828
321055,153876.114
321067,138921.07333333333
321080,95773.31133333335
321083,144465.60140238094
321122,224447.22
321127,144299.19060714287
321128,114044.36632393162
321229,115111.0
321231,122400.5
321249,263703.5316666667
321250,258709.958
321258,175737.0
321259,232957.7173333333
321260,72400.0
321262,121348.59031428571
321270,175737.0
321272,72842.596
321278,361428.55
321286,182363.4902222222
321288,120233.55433333335
321289,104667.0
321307,142250.0
321311,153050.0
321316,153050.0
321317,107239.0
321318,107239.0
321319,107239.0
321321,107239.0
321322,132129.0
321323,107239.0
321324,107239.0
321340,222709.98630793652
321346,192666.71533333336
321352,101394.90893809525
321392,135742.511
321393,177625.79502857145
321399,171941.88035897436
321407,184647.35439999998
321428,222548.536
321429,83632.24766666666
321431,83735.36466666666
321455,259585.11175555552
321463,124885.54110216447
321480,1259186.268
321540,136427.08572142856
321551,142314.488
321559,221641.738
321561,107239.0
321567,128472.0323952381
321568,120233.55433333335
321570,153050.0
321573,157750.0
321574,107239.0
321575,91278.65151255412
321577,107239.0
321581,98965.0
321582,107239.0
321583,92812.48926666667
321595,78262.86068542568
321616,301538.99
321656,212358.5697333333
321674,223592.57742857144
321677,120669.031
321730,116702.217
321734,107239.0
321736,107239.0
321737,107239.0
321739,175615.872
321747,137711.11403095236
321749,169032.368
321757,199385.71819047618
321758,222285.49199999997
321762,81058.9553333333
321817,294095.823
321831,385127.51
321834,120493.766
321874,438674.4766666666
321877,298186.364
321883,136869.2118095238
321903,112265.94486593407
321918,261190.172
321940,153400.0
321942,137694.54978571428
321949,132312.444
321950,99267.7583809524
321960,161689.3035238095
321961,161859.3035238095
321965,149002.62
321975,220474.246
321980,516451.56
321989,137900.7283888889
321990,103331.94300000004
322003,126076.5
322025,256213.93083333332
322027,103979.001
322029,99553.1488888889
322038,139162.9162222222
322041,91964.26686666667
322042,83462.226
322045,111024.0
322046,111024.0
322092,267576.402
322107,140613.702
322110,450741.292
322111,324089.5506666667
322112,314045.7926666666
322114,139688.7569126984
322115,176928.09733333325
322116,184555.444
322119,324089.5506666667
322121,301068.086
322132,66457.8580952381
322133,66457.8580952381
322144,173299.30266666666
322156,100579.484
322181,179252.608
322197,196988.874
322220,608367.836
322244,108665.63866666667
322256,375825.78
322271,112573.2163102453
322281,173409.186
322300,89500.0
322304,154475.93485714286
322310,313498.4483015875
322330,99936.7113888889
322332,148630.5124
322335,140048.23759761904
322339,191732.35622857144
322360,294117.396
322362,144681.43471428572
322436,233498.4026666667
322445,188341.44200000004
322476,177454.0047333333
322494,95596.75266666665
322500,111971.8
322501,111345.0
322505,115819.394
322517,293982.71
322518,116400.71
322526,472259.07
322527,165844.68706666667
322531,134079.55666666667
322533,89747.37878787878
322534,115438.885
322536,115334.48833333334
322548,169589.906
322553,82037.848
322579,337618.896
322583,347812.112
322591,118246.324
322610,365217.858
322620,155837.666
322630,167373.788
322645,460889.65706666664
322651,169080.4393333333
322653,250872.16
322671,700162.8373333333
322695,62313.12838095238
322712,150278.272
322715,211851.854
322732,295408.2552727272
322741,124884.878
322744,331798.61828571424
322757,127446.04266666666
322769,108930.88733333333
322786,195447.442
322789,77054.908
322800,93535.21285714286
322807,107361.154
322808,227732.994
322810,101109.902
322816,168873.22133333332
322833,111024.0
322871,267517.602
322980,174775.0736190476
322981,177879.8817897547
322983,176928.09733333325
322984,176928.09733333325
322985,324286.9506666667
322986,321342.368
322987,176928.09733333325
322990,139688.7569126984
323000,100180.22015384614
323002,129535.076
323011,188305.73519047617
323013,471943.07
323017,115365.885
323032,107725.51866666667
323066,74455.550996337
323069,283125.862
323077,75534.52707692307
323085,88878.396
323088,280545.7613333334
323101,823307.842
323102,255990.98
323122,156222.08333333334
323169,101759.012
323189,101802.29866666665
323192,108634.94920833335
323194,127090.76842268843
323197,1452787.554
323198,331957.561939394
323233,204833.10866666667
323254,125959.39868333333
323308,298718.658
323310,370264.6446666667
323318,149552.22033333333
323325,241168.576
323330,100391.672
323339,150793.33197619047
323342,102614.16853333333
323349,364842.7906666667
323382,149590.30770279415
323396,193868.41206666667
323403,262945.498
323412,179788.75018181818
323413,172272.35266666667
323421,165919.48438095234
323425,217151.01709999997
323433,317391.786
323434,190989.4123333333
323446,133410.39616666667
323459,91110.604
323487,224233.4605
323518,91144.71796103896
323536,149047.72966666668
323549,159523.456
323552,152978.9
323608,156368.666
323617,93519.491
323622,370534.2943333334
323629,216651.4026666667
323656,217706.05
323664,293916.90908571426
323668,141571.0
323678,428203.294
323703,174958.24598095237
323710,176504.20866666667
323722,223668.0
323723,81937.73
323780,97769.0335
323792,136004.888
323831,282366.20533333335
323894,117356.92142857143
323911,113330.0
323917,99100.02964444445
323926,177482.03866666666
323944,147672.22266666667
324001,200442.84466666664
324006,164440.3
324023,153326.14066666664
324032,234412.581
324058,180723.058
324078,181647.89
324079,196651.50923809526
324118,212097.0
324146,212097.0
324152,120835.198
324158,613734.704
324160,754640.024
324236,118809.38095238096
324287,1159105.402
324306,342793.32632323226
324371,774332.704
324381,85464.422
324395,137330.83766666666
324415,223783.872
324417,520054.574
324418,520054.574
324454,129598.72920887444
324455,71498.16669597068
324497,102040.91133333332
324557,103748.76133333334
324596,299432.79
324605,410357.908
324608,486067.188
324616,331059.6
324628,172698.68902857142
324634,167302.47942857142
324666,327700.64800000004
324716,700282.322
324721,207044.246
324723,797000.8480000001
324784,237970.599
324797,303484.154
324814,662956.692
324819,1378085.8666666665
324846,84870.98809523809
324904,125523.70768809522
324941,315464.358
325010,693267.942
325044,365966.182
325045,388077.396
695288,159588.792
695340,323123.54
695354,133419.317
695495,161363.608
695510,138000.28666666668
695519,995684.7133333334
695520,995029.1133333334
695565,182635.536
695596,263808.176
695610,232779.322
695611,242155.686
695614,100928.88
695615,261779.15
695631,144832.294
695794,219634.656
695813,277545.37
695828,213572.356
695877,357408.676
696061,212024.196
696119,228715.064
696129,168022.842
696183,145731.95
696223,459684.5
696268,185595.94998095234
696269,381958.09457142855
696272,428551.25314285717
696273,431627.17314285715
696329,392184.7
696334,392184.7
696336,429526.0838095239
696337,433176.9238095238
696338,431280.0838095239
696339,435700.9238095238
696340,429085.0838095239
696352,155230.23888888888
696357,138797.63682539682
696508,159370.538
696512,114900.0
696609,217510.522
696610,180215.31933333332
696645,156640.3
712644,166507.23666666666
712653,342346.5882222222
712676,164497.5521166667
712685,289408.144
712690,203627.598
712692,260617.8393333333
712748,226074.964
712750,125726.82333333335
712751,200636.79133333336
712768,168503.664
712776,215077.072
712780,221383.90266666666
712788,159078.396
712794,138037.898
712816,175705.288
712817,108853.62469841272
712818,303435.334
712823,357633.236
712835,431308.62433333334
712852,143414.1
712858,252589.542
712871,263924.5333333333
712880,151165.424
712881,104137.638
712890,92483.718
712901,217571.784
712917,277781.341
712999,130748.76301587303
713027,67580.196
713050,142935.674
713084,146185.468
713098,192300.15066666668
713109,85052.504
713127,103295.544
713151,124211.362
713157,378679.998
713159,143013.344
713160,134499.008
713169,116223.17
713182,229495.354
713190,103451.502
713192,112319.61
713197,225439.56548787878
713213,162688.33066666668
713216,137111.472
713247,191085.27283333332
713251,409981.4976666667
713264,137149.77081320347
713309,136276.438
713319,283118.497
713341,234243.836
713350,886667.974
713375,305840.5338285714
713391,182860.04916666666
713394,100470.164
713420,83551.80866666668
713421,285145.374
713429,98972.6
713432,183306.47
713434,214245.67346666666
713437,175710.496
713469,296506.6666666667
713476,306625.726
713477,167851.48
713501,198688.26466666668
713507,98362.36133333335
713536,191320.05266666666
713544,149285.232
713560,203708.717
713580,154907.734
713651,145956.906
713656,136451.866
713740,216007.3398212121
713800,383926.099
713801,125796.71
713806,291827.56
713820,95445.922
713823,111106.368
713847,232566.7682
713864,179787.108
713866,153370.5396111111
713868,194414.66803333332
713878,78005.62066666665
713881,161702.39642475304
713897,148548.266
713934,197696.468
713939,118493.84
713950,345974.1333333333
713991,145788.56666666665
713993,82714.24
714003,145509.806
714017,198931.736
714021,135570.184
714026,547490.998
714064,105657.28
714174,99642.798
714196,267173.71
714262,298004.0626666667
714353,103750.294
714369,123583.78222222222
714374,235175.7473333333
714385,183306.47
714393,351546.398
714398,459806.2965
714412,240582.23
714415,131597.086
714417,337422.5333333333
714430,187025.67278787878
714507,187293.098
714555,108136.54
714586,454120.461
714587,215831.092
714609,108803.986
714636,281251.79714285716
714676,71298.0408031746
714689,123500.0
714713,402344.38000000006
714721,102609.756
714725,124624.98433333333
714774,104032.788
714784,201055.5758
714821,125777.71226666667
714833,382719.3773333333
714858,187810.714
714864,189542.87173333333
714871,133986.826
714874,371946.898
714890,191697.5926666667
714911,144151.694
714930,363820.4
714957,165881.43666666668
714970,133387.87
715017,185499.782
715034,302239.076
715036,383976.362
715051,140771.99266666666
715078,136424.9
715080,152649.026
715127,238036.8806666667
715142,114155.196
715176,185533.5225
715189,127602.728
715195,150306.07933333336
715196,121152.27
715264,98597.486
715291,159992.786
715295,219106.08642857143
715297,295618.952
715305,70865.70733333334
715309,142863.1074
715319,169385.6
715321,90446.696
715381,92081.71
715383,253419.88333333333
715402,323928.662
715413,372781.11409523804
715440,191493.696
715490,122960.736
715496,236963.6155
715529,71059.936
715546,112797.764
715580,66979.46466666667
715584,175937.1077777778
715594,270275.6102460318
715611,170259.3741285381
715628,272592.71466666664
715643,107538.35666666667
715645,246504.32962857143
715666,243798.2
715669,66145.68
715756,109701.4
715761,169584.2
715771,175253.05
715775,128792.46823809524
715779,154227.202
715783,97124.93217142858
715789,100947.4
715799,168815.6
715801,211658.104
715802,181845.4875555556
715816,197067.128
715819,121361.538
715854,101543.1
715885,208409.086
715904,149087.48
715909,145927.48
715926,176876.22577777778
715960,172434.9
715975,134252.916
715987,396202.488
715991,86550.942
716004,110875.36
716016,100928.73683333333
716034,454240.6926666667
716036,111331.89866666666
716062,105692.706
716088,58729.182
716090,98726.182
716098,209155.614
716112,79256.406
716122,115850.46
716135,134797.6253333333
716165,106006.15266666668
716198,137824.12086975775
716225,240530.0485
716229,334955.80776666664
716230,99578.216
716233,150893.85
716243,123477.20792207797
716251,225570.094
716252,95234.36033333334
716270,86932.64333333334
716289,238023.946
716355,174016.8
716367,151847.002
716371,286777.43629999994
716379,84290.61676190475
716381,129968.02
716388,162069.308
716430,125456.6818888889
716437,121464.37
716439,150811.85
716453,85689.044
716459,221918.7035
716475,319728.186
716495,195363.846
716516,315034.4
716564,175111.248
716566,293521.126
716646,174158.806
716652,116840.52
716677,157014.096
716680,138069.66866666666
716696,223416.4
716716,131945.34857908756
716750,335920.128
716759,149315.452
716761,223416.4
716822,188266.90366666668
716839,123674.866
716905,290647.8
716942,155787.97466666665
716964,154610.9675
717008,461846.8
717022,145777.714
717046,92988.516
717110,71617.8563095238
717123,437905.2
717146,81195.884
717179,187743.852
717184,240552.176
717187,117712.51422222222
717188,96219.22361904761
717189,294016.0420063492
717195,145700.32
717197,149628.2605656566
717227,104473.2762983683
717270,176252.46933333337
717303,184730.416
717333,150674.19355238098
717335,116285.196
717342,767308.788
717358,148814.592
717374,127882.0
717386,305754.5553333334
717417,121473.39057142858
717491,73300.24933333333
717502,67896.62266666668
717549,181746.952
717570,219875.4753333333
717574,67254.44466666666
717602,199079.816
717626,210746.99119999996
717630,69911.638
717635,276231.18
717641,112580.668
717648,116944.994
717652,89448.454
717689,156220.936
717727,89105.7979
717783,214452.0565
717808,245065.198
717824,230951.486
717869,145234.794
717986,115415.952
717995,67946.73
717997,218653.702
717999,93211.718
718069,120483.09600000002
718109,186995.398
718113,215013.935
718134,190675.552
718135,212524.806
718144,90879.63
718171,374799.266
718212,138488.084
718229,103195.7563939394
718242,87202.73333333334
718310,178583.282
718329,141788.632
718331,90745.6
718349,283101.392
718436,93473.03657142857
718506,117655.62573333332
718581,207306.0336952381
718620,104651.052
718648,195494.47081274277
718653,99591.128
718675,103698.636
718683,183902.056
718696,153719.142
718697,152425.825
718773,397624.302
718786,177958.228
718806,156128.07
718811,204513.58
718812,294515.4424444444
718841,150651.06
718869,333657.4
718891,624331.706
718902,148252.9
718919,210827.11133333333
718930,152667.926
718970,334275.476
719018,218876.8
719060,192013.922
719062,110351.55333333333
719065,204634.75969523808
719076,333837.004
719091,142343.226
719120,86255.455
719146,161239.252
719186,106856.99580952381
719188,310100.1055
719197,133828.84461904762
719201,132785.13943333336
719203,122627.0
719208,122627.0
719210,187193.488
719216,122627.0
719224,135122.854
719246,122627.0
719258,86988.76
719300,196590.34
719334,105041.072
719360,404759.176
719377,162953.538
719415,118366.486
719424,198410.572
719429,291590.37
719445,366544.412
719446,363903.02392857143
719469,217698.93333333335
719503,123403.94066666668
719537,238161.61
719593,113987.80746666667
719616,96425.12433333334
719642,90825.83
719655,272486.65371428576
719693,83967.8
719720,146460.36571428573
719747,119274.754
719748,94857.812
719754,103871.61253968254
719784,99030.688
719794,100021.23
719802,112916.518
719806,77355.8
719810,134934.206
719812,113798.16620714286
719828,183059.672
719833,129771.94613333333
719882,94456.85866666665
719895,157396.56427723946
719909,127102.548
719971,97018.67466666667
720043,195819.502
720108,328452.694
720119,114216.31933333335
720163,80435.312
720166,149681.302
720188,99367.5
720194,253059.49
720274,114369.712
720292,123691.186
720296,117457.09076190478
720304,99395.52
720323,157453.06446153845
720342,580730.7086666666
720348,200348.988
720379,101832.34557142857
720386,207788.93369523808
720388,151761.61857142855
720393,112104.97400000003
720398,186259.876
720403,117160.694
720409,283353.8
720440,131145.6333015873
720450,101006.332
720481,87376.624
720530,193968.387
720534,103273.942
720549,95138.53323809525
720550,100649.49133333334
720609,109713.24266666667
720629,196380.84
720646,150709.45866666664
720649,253121.604
720659,79323.14666666665
720745,262322.88
720753,94272.21066666667
720789,104876.186
720879,224889.8327692308
720899,180679.762
720909,143979.4
720925,202651.90233333333
720932,96292.076
720950,251087.752
720956,154682.648
720964,193921.98533333332
720970,127435.75133333333
720997,213415.958
721019,555036.482
721074,199067.86533333332
721104,107429.83
721128,67602.556
721132,79063.02666666667
721135,68397.518
721138,76794.35333333333
721169,298626.124
721241,148884.866
721303,101116.14266666665
721327,92891.874
721355,131373.0
721380,88775.61636666665
721384,178258.228
721403,127873.092
721426,157871.1893333333
721462,151102.846
721473,74763.456
721548,185589.24
721568,125137.54930155986
721574,131124.80490909092
721579,319519.078
721598,144560.26
721634,187987.282
721647,389502.6
721701,81824.88
721727,159746.1
721746,132560.386
721751,345429.0
721773,71206.7
721806,82506.48746666667
721859,240047.822
721869,365233.268
721922,155437.6
722035,756233.038
722036,756233.038
722125,70031.476
722131,122028.83
722173,92767.362
722181,344738.75
722212,67832.192
722250,85559.97
722257,118945.992
722262,189161.4601904762
722278,356539.466
722288,90908.978
722289,79503.0
722312,157063.46066666668
722332,84375.188
722333,135722.40434999997
722344,80496.104
722356,847146.4
722360,115068.10571428572
722388,136768.14
722430,86896.25875238095
722458,108254.89713333335
722486,130073.566
722515,121738.498
722557,175352.2416666667
722582,379331.234
722592,110686.628
722603,260398.4
722611,176975.6543333333
722612,200695.57833333334
722613,164630.5057142857
722617,114706.218
722639,298298.18771428574
722669,113241.078
722794,192167.222
722805,426390.982
722979,224221.66066666666
722991,899413.058
722996,339646.0627875458
723017,236550.445
723054,157359.248
723133,437004.6
723238,276699.4824190476
723261,198190.06
723269,259387.166
723341,96284.7472
723364,396121.02
723370,132155.1057142857
723418,299588.736
723439,149315.2
723497,77935.112
723503,101426.636
723527,90516.537
723559,94841.69900000001
723569,75411.446
723575,81809.806
723590,240820.592
723636,128534.44
723646,155282.5566666667
723662,88363.97904761904
723694,781898.794
723703,490553.388
723705,107925.75466666667
723726,200954.35133333335
723746,71095.096
723756,97717.398
723769,161608.736
723775,217357.78
723789,190350.5838095238
723793,115247.362
723826,138089.604
723846,143547.824
723856,81197.682
723936,460523.678
723944,165745.78
723996,108687.058
724017,157620.23663492064
724019,179221.3426060606
724048,154183.7976
724049,78806.8593939394
724059,521594.248
724070,461069.204
724209,152230.46044444447
724225,691299.136
724230,231714.77899999998
724234,226584.162
724247,284958.292
724249,353177.2
724273,131657.7365
724294,55605.46
724309,77576.30666666666
724315,397401.85
724343,636003.8
724348,202778.996
724352,291184.752
724357,214417.128
724385,82384.0
724424,156942.77066666665
724532,182486.268
724560,175222.41
724606,158758.218
724640,162402.114
724671,134124.17333333337
724797,86013.852
724820,64124.077333333335
724847,104229.06333333332
724947,72543.58
724960,159401.178
724977,157218.59153333333
724987,607641.262
725073,119445.44455952376
725121,359797.67602857144
725177,179125.6
725180,138828.998
725186,120496.048
725367,167839.912
725435,84146.26841666667
725481,142393.032
725560,175181.04
725581,82914.488
725620,168799.346
725646,72429.74
725648,184977.393
725681,176690.3624
725683,79002.662
725741,66142.86
725753,133531.654
725778,120196.686
725811,99724.266
725875,282462.2
725997,128383.84626666665
726011,462003.2691142857
726050,173993.3798352347
726064,210861.94606190472
726121,74507.898
726144,147402.482
726145,146421.282
726174,95787.152
726332,282939.76763333334
726351,58888.8
726359,180415.652
726443,114047.4
726459,111985.936
726460,65012.976
726461,164207.14957142857
726470,340200.062
726488,80117.22285714287
726491,172028.272
726518,66059.924
726642,459571.371
726643,97541.796
726678,128270.04
726698,77611.51371428571
726797,73086.5188111111
726850,87092.3
726887,83001.78666666665
726898,226080.576
726904,411169.772
726915,409699.322
726976,273341.398
727014,130406.522
727021,132683.74904761906
727064,120058.91027878788
727101,417367.386
727114,86549.174
727129,86649.35683333334
727142,152596.30533333335
727160,68600.37
727168,277343.202
727178,87341.40933333333
727188,49713.246
727198,76253.566
727202,211038.578
727275,113972.98933333333
727322,87932.58
727334,193693.34066666666
727345,152861.97866666672
727359,139153.876
727364,74580.4
727433,106780.4
727438,82723.576
727490,82763.36
727503,129225.4
727540,331700.176
727542,108216.458
727585,78170.793
727593,65830.44
727615,108595.284
727627,121830.15555555555
727655,194047.626
727691,163026.4444
727694,177891.274
727811,173676.472
727895,167834.1
728058,204283.216
728078,327408.504
728243,341435.036
728309,140720.894
728352,118203.792
728363,259407.66666666666
728364,94232.286
728431,511318.12
728500,90880.934
728503,142494.1023333333
728529,827218.1055
728582,114730.71542857144
728586,116423.8
728694,202615.736
728709,155666.28717948723
728713,214758.148
728796,148480.10466666665
728798,193335.674
728926,128340.72
728950,114974.3172
728966,162795.75047619044
728985,97825.672
729017,109900.0
729075,397010.01
729111,254632.0
729119,121270.7
729136,178782.62333333332
729148,271253.544
729174,139843.66733333332
729177,150893.718
729181,142190.686
729203,96135.988
729210,205186.80866666665
729226,130268.2259047619
729265,164886.44
729341,73565.61854761904
729380,187362.624
729400,128278.56933333333
729445,167023.39278571427
729455,190883.41066666666
729464,123295.684
729510,377810.44766666665
729514,125294.08228571428
729528,263742.5333333333
729536,89781.6
729540,169406.96866666665
729554,110382.46395238095
729607,113878.348
729608,78939.646
729625,205732.158
729641,224672.13
729644,95786.598
729663,475814.08
729721,556853.586
729768,320246.80659126985
729773,91530.67326666666
729782,231501.192
729789,168099.072
729812,181443.78772222222
729831,109055.826
729845,129809.968
729990,105033.692
730059,88751.874
730106,188920.65914285713
730114,86748.654
730131,68374.76
730151,88851.73641904762
730265,90826.54
730294,132123.94566666667
730332,107792.264
730363,222816.996
730414,89771.6
730524,102444.25
730596,126777.0935
730640,149719.902
730686,98954.20893333334
730881,143772.732
730894,142697.688
730939,161674.492
731035,130000.0
731059,97879.604
731100,53930.8
731187,123683.32285714286
731206,161130.97133333335
731217,185243.5418
731226,150727.1345
731245,343818.87
731327,229767.41066666666
731364,71099.012
731419,107705.32548571429
731420,99116.87166666667
731429,178821.85933333336
731450,135357.594
731474,134042.236
731507,127676.51666666668
731508,126408.086
731588,108708.324
731696,68642.2
731757,429103.966
731801,508812.02286666667
731833,72416.4
731851,65885.71
731874,756112.3423333333
732027,118195.45
732100,73450.4
732211,104919.96933333334
732262,114843.88380952382
732403,130993.88133333332
732408,199798.52
732440,128922.36066666667
732456,275443.8
732495,124097.66666666666
732512,180030.2718060606
732513,144374.428
732518,69320.744
732657,136921.434
732818,104783.6
732911,184267.058
732929,108160.03066089464
732954,117354.21133333334
732965,191527.13466666668
732970,153526.39
732998,89771.6
733071,73060.4
733086,181499.84633333332
733135,280047.5753333334
733209,126397.542
733485,659131.27
733560,154301.474
733655,107846.98977777778
733708,117507.00000000004
733722,64195.578
733753,73083.758
733774,102889.598
733855,148331.25
733856,87348.878
733903,115208.276
733907,88342.47933333332
733919,89707.36333333333
734011,102907.994
734023,161538.84580952383
734094,169476.63533333334
734149,233521.97800000003
734159,93530.788
734160,167839.912
734181,112882.808
734275,171423.058
734658,465558.14285714284
734708,228665.632
734725,252416.978
734836,257247.36533333335
735000,339646.0627875458
735007,146938.522
735055,231320.0
735124,102319.608
735158,77930.298
735189,95851.464
735216,129104.36
735230,174483.07514285712
735232,106706.538
735250,252579.08
735298,106706.538
735355,180836.0
735484,107230.516
735490,169472.4
735491,121288.23359999999
735493,166235.01
735505,158989.352
735533,128404.49
735555,155388.7363333333
735561,73354.66333333334
735562,116583.124
735614,128689.776
735627,107561.5225
735634,194163.73108080807
735698,56480.2
735797,295557.73933333333
735802,274530.22
735891,79493.142
735983,94896.03
736002,198383.9313333333
736030,105580.51
736051,124747.248
736089,77066.408
736143,279887.494
736169,88348.47933333332
736175,193902.177
736225,220620.0
736311,117522.98
736320,287451.234
736337,84542.75
736397,198810.64
736443,117519.86202526136
736489,104024.09166666666
736635,43242.21933333333
736651,299893.89
736721,136255.196
736740,65523.86
736799,174660.538
736983,134658.21066666668
737015,283125.2511619048
737075,143332.39295238096
737150,136215.352
737209,162103.794
737263,249008.4
737285,86712.2084
737397,121020.4
737458,386490.612
737514,160922.4726666667
737665,330000.0
737976,411934.282
738028,175526.04
738143,163514.65057471264
738160,161292.0493528693
738192,109063.284
738314,329974.8904761905
738320,111288.02
738381,240895.558
738406,69256.8
738433,124289.008
738489,97955.03
738491,96161.008
738574,121304.992
738723,173999.998
738880,115240.786
738920,121775.2
739033,441294.7359126984
739042,83646.97348181819
739182,63231.076
739254,92516.03866666666
739359,183000.0
739360,183000.0
739364,155168.4
739430,99349.097
739497,113783.274
739563,122261.81533333335
739581,227389.146
739670,92584.592
739702,69820.72933333334
739717,134238.694
739824,200141.1376
740070,255634.0
740158,152896.8806666667
740377,95920.804
740499,214693.39876190477
740572,196586.69740476192
740609,126621.27604761905
740798,358480.698
740914,377611.3956666667
740915,251565.12333333332
740917,198963.6163809524
740932,95000.0
740974,151929.1
740993,95000.0
740998,95000.0
741000,95000.0
741002,95000.0
741008,95000.0
741036,252633.242
741047,231508.90266666666
741111,884482.684
741171,155666.28717948723
741174,280708.826
741203,127772.62066666667
741205,177120.672
741232,84079.43
741270,190327.5753333333
741294,121866.02846666667
741312,177219.978
741313,697365.96
741329,91124.56
741401,168864.78342857142
741416,211600.0
741433,83965.60847619048
741457,391242.102
741533,185551.992
741591,143104.41228571426
741682,187340.0
741699,50437.66151111111
741808,221483.692
741810,164786.184
741811,201669.254
741813,168577.158
741824,199392.402
741842,89199.54333333333
741844,93175.62466666666
741999,156250.426
742049,81097.18933333334
742278,93322.3
742444,133589.01725555555
742500,78077.09901587303
742512,110350.98533333333
742534,52889.503777777776
742552,119217.758
742592,120049.292
742595,212800.603
742813,167298.858
742839,117555.98
743024,99490.39533333333
743072,132079.28
743084,194966.9
743131,104325.718
743197,306109.672
743226,121886.08466666668
743233,186233.16
743243,131067.535
743310,186025.654
743424,149503.92
743645,100558.5285
743678,90394.81066666667
743689,260350.79
743736,102907.934
743938,59296.0
744009,88531.128
744134,183531.16284523808
744142,159502.746
744196,190235.664
744806,79674.3
744824,199411.192
744870,283301.9
744879,110954.27
744924,100687.022
745039,104949.33601731603
745099,777065.614
745109,267610.9733333333
745286,188144.432
745287,140254.226
745364,122778.13
745581,126383.24099999998
745614,157985.922
745630,178626.314
745696,974452.298
745726,86499.582
745763,206371.90066666665
745819,141971.093
745898,348750.133
745924,132415.0
745960,62087.912
746269,96486.143
746297,160288.196
746353,151993.386
746361,209896.826
746390,131163.408
746450,98891.32583333332
746513,290784.19
746565,115414.2
746720,238136.516
746732,148236.28
746769,317869.8
746790,249883.792
746846,125000.0
746847,125000.0
746901,267619.49
747013,160949.14
747015,271690.922
747085,64900.0
747090,198468.038
747139,80881.11628571428
747310,136568.494
747474,248441.53
747521,168303.96
747537,92841.26
747736,201187.52266666666
747743,197454.3205
747759,110014.58333333333
747810,109527.67
747995,150794.01066666667
748013,67990.84393333334
748040,300703.244
748058,211600.0
748060,211600.0
748073,200552.794
748106,159357.7066666667
748145,160315.058
748150,383866.868
748172,221587.23
748287,143347.15211904762
748308,85024.978
748311,142796.984
748429,68812.668
748523,134756.51733333335
748544,182301.87738412703
748713,161129.83047619046
748836,207537.839
748845,134848.47657142856
748856,137388.918
748895,154324.6
748962,318884.412
749165,96650.0
749218,172391.65133333334
749232,89429.16
749255,150852.99333333335
749452,158591.446
749483,141727.936
749497,132275.3786666667
749502,191322.964
749504,166494.306
749521,211600.0
749571,191080.818
749671,294092.94
749821,299546.6056
749975,86012.37
750049,257247.36533333335
750155,116737.198
750174,85353.10600000001
750408,53544.972
750418,112658.486
750441,111228.6
750475,471699.13333333336
750559,132392.826
750579,88297.41353333333
750669,118424.798
750683,121211.2
750740,133280.206
750956,189366.00466666665
751319,53480.83
751352,192382.09333333332
751396,421806.772
751416,110644.21730952382
751421,322693.09988492064
751442,100929.006
751459,76569.99730735931
751587,78494.80533333332
751714,121707.77763641914
751886,140456.30628571426
751971,114618.252
752242,162329.216
752254,115427.16033333333
752310,59129.78571428572
752576,231320.0
752705,52423.164413186816
752895,105355.57119999999
752914,446017.75
752994,71480.378
753036,211600.0
753099,136020.0
753188,101773.5595
753196,124276.552
753234,126500.0
753289,211600.0
753295,211600.0
753297,211600.0
753387,211600.0
753393,211600.0
753395,211600.0
753397,211600.0
753399,211600.0
753402,211600.0
753404,211600.0
753405,211600.0
753406,127116.04
753602,112806.3
753948,190099.864
754108,94354.52222943724
754112,66976.76333333334
754292,458030.76
754384,118852.922
754763,128775.63
754978,117825.936
754995,60563.6734
755014,174663.01730158727
755055,155639.5133333333
755065,214796.388
755138,314891.0254782609
755226,202144.072
755447,112000.0
755448,112000.0
755575,85456.66333333333
755674,84994.372
755809,440817.5063333334
755892,101547.92166666668
756308,101673.97677777777
756620,80962.45333333334
756836,538954.504
757366,244263.3040825397
757425,91597.512
757539,164584.6451142857
757668,115512.55
757758,199476.154
757792,117677.6
757925,65738.752
757991,124746.772
758122,102297.598
758135,142746.0
758325,209710.784
758344,205391.248
758410,82345.016
758601,94658.322
758674,190740.0
758911,95200.0
759246,95000.0
759339,219600.192
759621,232095.836
759656,232543.97800000003
759823,199333.66533333334
759982,97847.198
760071,319143.48933333333
760135,95588.95
760172,95341.4
760262,268781.14533333335
760514,133913.352
760522,97866.13463357199
760523,97866.13463357199
760607,89699.26777777777
760760,103396.73062380953
760878,177157.894
761015,129256.522
761078,83629.894
761137,125292.496
761182,108318.892
761221,172201.6
761226,221677.12442857143
761245,163427.0
761273,168849.764
761281,109900.0
761297,252819.754
761298,130485.16
761312,76700.0
761418,324880.964
761437,79760.378
761449,96165.41333333333
761451,294280.89419047616
761462,120884.702
761597,101849.89866666666
761616,100077.21851461989
761631,64650.2
761638,260195.82338333334
761660,359608.60482222226
761662,97105.0
761734,120553.66866666665
761737,88758.6
761773,163427.0
761775,163427.0
761781,163427.0
761783,163427.0
761870,109519.898
761928,118265.2
762020,95547.6
762104,110237.424
762106,121923.99466666665
762135,111134.49935064936
762140,190700.0
762146,121500.0
762260,297787.8
762277,95642.384
762395,84520.57866666665
762467,100313.242
762485,185293.6022190476
762509,96959.02886666667
762528,190516.5435
762572,153950.068
762642,102347.272
762673,169531.132
762782,177053.202
762792,115146.94
762828,59475.38
762848,150992.665
762862,75490.4
762894,104720.65
762903,234152.47466666668
762924,74334.27266666666
762929,187505.45333333334
762937,56322.512
762941,247808.648
762951,174344.0073333333
762959,182195.49197619047
762965,156588.15
762986,66050.746
763016,422543.798
763021,238260.54306666667
763034,171778.0573333333
763065,96159.08
763068,720194.092
763073,236449.44066666666
763090,393879.23
763152,109900.0
763153,109900.0
763212,213727.424
763270,116739.158
763279,289675.2393333334
763299,161150.66116666666
763300,161150.66116666666
763314,111788.31216666667
763332,119457.2
763333,119457.2
763334,119107.21600000001
763337,119985.94933333337
763338,117507.00000000004
763348,118847.0
763349,91114.151
763351,107653.2
763389,95524.846
763421,112583.98771428571
763424,117376.81666666665
763429,120363.68771428571
763431,105063.768
763433,74293.612
763435,112583.98771428571
763438,110949.2
763439,75397.064
763446,110376.2
763447,75517.052
763448,111992.2
763449,115701.18771428571
763450,119791.88466666666
763452,111166.2
763453,75488.852
763454,107971.4
763457,119781.68266666667
763458,111907.8
763460,75517.052
763464,107653.2
763466,108787.63353333333
763528,95725.043
763572,121710.59657142857
763575,84164.116
763576,102543.36666666665
763591,340984.12
763627,86937.40066666665
763628,231813.192
763629,231607.192
763631,85684.28066666666
763633,84724.81866666666
763634,84724.81866666666
763653,120535.0
763684,85409.48466666667
763733,96707.778
763744,86922.0
763764,169355.644
763781,84771.47687545785
763788,100412.0
763797,83480.0
763842,128248.026
763856,52410.63673333333
763925,95420.392
763942,184918.794
764037,90781.10766666668
764042,109900.0
764044,109900.0
764047,109900.0
764052,109900.0
764103,87183.4633809524
764132,219238.53333333335
764192,45205.4
764215,91827.26
764263,495602.98
764332,127282.758
764347,127731.566
764361,201931.91466666665
764368,752781.0
764413,321157.074
764414,173167.51
764496,106508.886
764544,317008.0296
764737,71399.304
764777,76302.006
764797,69898.0
764822,202865.3616878788
764827,290135.1665222222
764828,77150.07784588744
764836,67459.4
764862,94825.63133333331
764907,236269.998
764910,90931.82
764922,110467.4
764946,179868.274
764999,430066.334
765049,151025.0485
765056,90717.142
765097,167892.336
765112,136473.408
765115,90143.98
765282,88933.85900000001
765294,116151.298
765352,161227.08166666667
765358,82508.7
765365,104900.036
765396,122440.196
765440,194354.356
765475,94327.428
765494,190700.0
765496,190700.0
765520,149322.5
765527,307680.794
765571,718939.704
765572,514745.0
765599,104679.78228860028
765625,209217.15606666665
765669,214153.4
765676,221912.876
765686,86231.675
765756,190700.0
765760,190700.0
765768,341465.464
765786,85000.0
765832,124204.326
765840,89182.01
765853,190700.0
765854,190700.0
765869,113336.912
765883,119611.85511111109
765884,78379.8
765913,1068108.0
765938,88852.35476190473
766020,82086.806
766039,106275.79
766052,191853.98533333332
766076,255215.534
766102,76100.47
766103,126911.452
766106,85342.484
766110,86454.70675238095
766114,122000.0
766137,80177.64
766140,116266.36
766142,261513.286
766151,97290.366
766163,287009.3787738095
766185,66154.198
766212,137010.736
766222,190761.4
766225,131739.158
766250,120452.87859999998
766251,221528.5989807082
766253,120877.27859999998
766259,55280.76
766272,221528.5989807082
766300,214248.594
766328,76700.0
766392,122708.95
766404,107605.12866666667
766416,130000.0
766459,93519.72133333335
766463,63723.12827857142
766464,241733.70688095235
766479,82452.37866666666
766501,190829.666
766550,96978.41222222222
766648,96786.13033888886
766782,102918.702
766785,601629.376
766808,98872.074
766824,75406.9991
766883,107516.67
766891,97083.99466666665
766923,39143.78707142857
766951,54663.654
766977,101404.88457142857
766984,613012.242
766998,156281.556
767008,246317.952
767009,75293.60314285713
767047,85622.6
767056,193191.86580952376
767092,378444.6
767132,177206.3
767229,344653.758
767253,117577.502
767260,117451.302
767290,145090.89786666667
767319,293608.4
767321,95660.598
767366,215319.6
767405,84601.916
767407,74860.6
767409,83586.07566666666
767414,69474.74085714287
767465,185066.262
767487,114025.05933333334
767512,148612.808
767558,239425.51416666666
767705,272779.36554285715
767856,157138.478
768002,130279.796
768343,114811.95
768717,82787.616
768790,149990.17019230768
768981,212042.43
769002,86683.78
769155,105209.106
769216,141487.122
769226,143789.9525
769575,112569.398
769599,124950.142
769768,75899.21133333333
769812,141778.38406601732
769898,297003.2700476191
769957,46084.826
770294,87830.52714285713
770295,76216.6572
770484,185143.7206666667
770520,153616.07336666668
770523,67589.748
770558,72808.562
770682,117792.806
770744,84377.91
770751,113849.822
770765,241660.97838095238
770777,333566.848
770786,81188.152
770972,136305.61866666668
771112,89700.0
771113,124498.528
771117,106610.192
771118,95823.722
771333,180863.14
771397,246424.618
771816,247405.36266666665
771858,165019.4945238095
772028,106582.67
772107,147504.412
772213,77990.736
772214,72247.59
774481,193703.16492307693
774546,129869.14152236657
774699,77457.6
774950,228788.696
775137,255142.7173333333
775139,129961.594
775393,147429.20623333333
775537,129827.404
775560,159977.58730419743
775652,106962.24680817462
775907,86816.368
776742,109336.396
776780,330582.07643333334
776781,197167.40733333334
776783,159977.58730419743
776981,336404.772
777103,60206.2661
777106,347755.806
777107,103168.6436
777108,56793.34
777110,466161.0906666667
777117,178650.9973333333
777118,349316.64333333337
777121,296250.2304666667
777123,279794.036
777125,494874.82066666667
777210,254176.344
777453,194527.70583333334
777462,114635.0
777464,114635.0
777489,46214.637333333325
777572,195483.838
778274,158882.004
778564,224944.29
778634,155428.496
778678,58647.98476190476
778689,225300.0
778791,87439.94936666667
778830,129446.506
778851,91566.70542380953
778906,187128.258
778948,211968.238
778949,65086.63666666667
778952,93804.6
778953,80449.4
778956,162447.148
778970,112592.2085
778976,243652.93
779003,296802.848
779077,112818.186
779114,87518.70725974026
779141,63839.1892
779149,341979.776
779215,59079.9
779288,91235.71655238095
779384,97616.24
779391,103241.44433333335
779392,75849.77066666666
779393,188055.1
779705,89108.368
779738,115151.44
779782,177145.6756
779867,406073.2
779904,190553.57821308917
779938,158726.54
779977,125425.48723809524
779984,70599.994
780002,607125.932
780020,341803.414
780073,49876.63
780093,87289.598
780095,148874.21133333334
780214,148765.03139523807
780253,77056.42033333334
780353,188652.274
780376,87895.9088
780395,98163.4
780419,78795.53733333334
780420,93640.27
780421,93640.27
780564,90958.91333333334
780596,168023.2
780669,123464.86
780694,87714.21
780702,90061.46999999999
780715,107742.35
780724,93616.58466666668
780846,227007.4
780856,206132.198
780863,91762.96818181819
780900,195882.91950476193
780951,138413.60466666668
781145,108725.0307025641
781275,308417.444
781371,93081.66319047619
781416,63538.364
781559,86849.2
781563,129077.72466666666
781572,109549.32
781698,74147.11
781700,93325.22083333334
781825,97862.37
781843,145000.0
781844,145000.0
781845,145000.0
781846,145000.0
781854,78547.54663492065
781859,250125.938
781860,254040.722
781866,97452.504
781946,232176.33266666668
781982,247223.8376
782181,145997.596
782201,150057.00933333335
782394,149691.02533333332
782416,148386.024
782443,175922.395
782452,108572.032
782561,84864.73263333333
782627,149523.6086666667
782642,358252.0
782665,79310.89866666668
782671,101606.47507936507
782675,207531.09
782693,71606.13066666668
782705,138655.60742857144
782706,199559.23539999998
782708,87701.68597222223
782717,900717.163
782722,100395.198
782761,60090.704
782782,120226.79514285713
782785,68381.736
782849,63586.157866666676
782946,77224.593
783038,103599.98266666668
783051,154422.68348571428
783056,154613.9346857143
783125,148530.01685714285
783130,140754.2
783231,93090.66083333334
783260,635350.628
783421,280950.0
783512,120000.0
783559,146991.68371428573
783604,262450.11
783607,975962.4
783636,116000.0
783654,73480.13333333333
783811,87043.72
783914,150594.25716666665
783951,160206.55999999997
783978,164688.568
783979,164688.568
784000,300867.888
784012,127073.592
784167,80494.97799999999
784275,70585.896
784431,107452.50466666667
784568,87627.30445
784570,132464.962
784737,84530.20333333334
784762,147454.482
784768,82667.6
784842,145798.414
785009,223176.404
785082,84861.79
785261,93713.186
785408,97352.6
785455,52846.89991416361
785514,150394.7396
785588,206754.69083333336
785808,133273.25361825398
785820,113844.19266666667
785970,194333.5
785973,194333.5
786182,98242.044
786183,100864.576
786346,182555.308
786447,148000.0
786450,108229.67531313133
786451,140500.0
786452,148000.0
786456,148000.0
786457,148000.0
786484,148000.0
786521,182001.732
786587,121063.0
786628,594460.422
786831,212745.0
786859,85049.054
787068,72975.28733333334
787151,88879.73
787208,168812.72636666667
787215,215206.876
787216,214550.156
787276,178654.947
787281,234433.562
787289,99971.206
787291,270800.4056666667
787331,107900.528
787343,45625.718
787361,156507.97
787369,152790.10714285713
787382,70000.0
787385,111232.92
787401,214325.0
787405,147750.0
787411,71268.77952380953
787454,71857.004
787485,54500.0
787486,54500.0
787489,54500.0
787490,54500.0
787528,172042.766
787529,189083.514
787533,128115.35933333334
787535,140000.0
787538,122540.9
787555,129983.24
787614,77233.65454545454
787634,102791.48
787684,169537.298
787868,1098957.406
788008,196883.8
788356,72762.89716666668
788577,407770.7631111112
788645,111531.11466666666
788730,210711.505
788820,120023.30102020201
788990,81197.72169047619
788994,118247.4806
789179,779493.718
789327,81213.24
789333,100636.328
789339,333219.73333333334
789374,102045.32
789389,92232.652
789555,122692.66066666668
789568,85422.464
789619,119384.20293333332
789638,94784.02133333332
789709,103087.70866666666
789843,249973.876
789881,460725.214
789964,332757.174
789966,107815.88
790026,195867.9
790038,226072.038
790115,109033.94754285715
790170,70345.26533333334
790184,88585.533
790414,94498.4
790625,182555.308
790725,216532.2985
790798,105853.514
790912,111748.26666666668
790918,122725.93333333333
790939,83736.126
791067,111469.74733333333
791077,115100.0
791182,214572.60466666665
791219,201450.0
791221,115100.0
791296,89000.0
791314,383398.5550705627
791379,101642.256
791445,156842.1895
791581,296000.0
791589,125989.612
791600,125989.612
791608,296000.0
791617,125989.612
791813,132000.0
791869,166455.314
791870,112632.87533333334
792315,108754.712
792695,142233.582
793171,152957.018
793172,77149.73416666666
793391,340770.336
793620,91765.2
793722,132299.30666666667
793967,120949.174
794344,166654.296
794498,151645.2
794573,65648.0052
794576,109877.49295626597
794897,347890.5590273893
794968,80024.62733333334
796060,145815.8
796252,178720.49833333335
796300,84685.362
796537,198127.98
796582,279247.79
797433,149683.529
797488,85707.6
797489,67506.56
797540,167438.464
797866,60182.858
798010,340770.336
798026,96181.958
799178,79571.354
799179,79571.354
799190,79571.354
799234,92741.87755555555
799315,379838.3865
799472,193302.776
799498,112148.39771428572
799561,100199.31266666665
799652,85854.98666666668
799732,239155.98
800022,95649.806
800237,94528.0
800456,193577.34019711398
800963,218481.418
801193,49417.64171428572
801250,80741.29285714286
801281,75927.868
801487,137115.63866666667
801497,68914.936
801503,138016.40857142856
801504,91750.07076190475
801727,129369.4
801954,126245.91533333334
802096,108103.664
802163,75991.466
802196,202389.304
802200,162138.2025
802270,116420.882
802271,74765.564
802331,106610.13266666667
802349,99170.138
802375,91032.81266666666
802688,76815.63333333335
803023,152332.41333333333
803138,47450.268
803310,85456.7746666667
803839,93600.371
803941,100890.488
804236,117944.6
804237,135457.394
804318,80021.09828571428
804335,72788.0
804516,101802.384
804572,66837.2
804611,190993.982
804663,132883.59166666667
804859,97822.01949999998
805515,310327.44288015866
805577,129551.264
806450,132059.15866666666
806493,887837.998
806508,141744.73333333334
806655,86100.0
806775,149778.9926666667
806865,68170.79733333335
806936,126683.8
806937,193911.488
807537,144510.178
807824,97615.16052380952
807826,97615.16052380952
808024,72319.27266666666
808123,85938.35333333333
808180,80757.1
808340,98979.286
808644,90012.927
808647,87727.644
809443,200084.67733333333
809444,216283.98847777778
809711,216178.4
810556,87197.378
810560,174860.25966666665
810574,78031.134
810705,78604.61
811018,69362.0
811028,155204.9
811104,87373.78999999996
811659,199791.4
811817,123392.88171428573
811944,149740.6
812472,149273.84
812587,159076.51666666666
812588,122623.298
812762,110074.0338952381
812914,184368.268
813322,84362.962
813323,84362.962
813324,84362.962
813361,382453.0
813430,151265.21466666667
813750,524855.814
813797,109280.48333333332
813800,108027.56133333333
814059,144609.49590476192
814159,223646.38
814247,166399.13306666666
814306,497061.97784761904
814308,78714.72
814310,86897.0
814313,98435.302
814338,97516.092
814378,107656.30276190476
814381,108124.71496969697
814390,220507.358
814448,87159.2695
814449,87159.2695
815043,161928.714
815287,89572.122
815582,144480.524
815585,187309.44
815640,593394.012
816479,66332.004
816525,80043.494
816552,101460.46
816589,129975.169
816592,81598.53266666665
816594,129410.669
816608,89070.188
816611,212048.672
816676,121750.0
816679,121750.0
816850,95085.21133333334
816967,180662.342
816968,184402.60704761907
816969,190558.414
816972,230171.712
816974,138426.3197777778
817091,235373.564
817550,279173.188
817647,125565.518
817658,111913.98
817662,128282.27691190474
817752,118827.00753333334
817883,246860.794
817978,232288.058
818057,142983.99533333335
818059,405508.843
818170,160220.102
818217,154256.456
818229,126640.31515873018
818316,597109.008
818405,114326.4945
818412,87047.372
818488,223194.83333333334
818498,223154.03333333335
818519,223194.83333333334
818520,230160.19999999998
818601,289402.938
818620,216736.19
818629,398382.664
818668,97771.18648275863
818906,158053.514
818951,86674.13115300014
818981,98883.026
819022,105903.95734493286
819052,159421.87266666666
819088,120452.87859999998
819090,218233.3463140415
819154,82644.246
819224,187473.77
819477,171711.0
819505,167536.986
819532,78656.80088095239
819599,98564.894
819624,191633.39
819689,127714.0
819690,127714.0
819694,127714.0
819729,143005.276
819737,132952.05933333334
819839,126079.8
819946,213751.554
820010,112000.0
820047,181220.502
820221,145541.986
820343,108814.332
820369,147068.53390476186
820444,384500.0
820485,96003.83
820520,103645.526
820534,107110.48
820549,57539.196
820550,154566.176
820560,112664.22266666665
820576,83565.8355
820608,291031.0226666666
820640,81320.698
820668,163023.502
820672,74162.93533333334
820758,80197.4556
820763,135627.71
820797,155462.922
820936,151689.57033333334
821001,75002.05660000001
821049,83249.3145
821050,90515.622
821087,120318.19533333332
821251,134969.5424018204
821372,81455.66450793651
821381,81455.66450793651
821423,98592.74914285715
821616,93297.798
821664,108010.918
821715,93324.74166666667
821753,150333.45
821791,70099.18
821800,188946.094
821820,103629.628
821825,126936.65671746033
821826,1004274.0
821876,104711.54333333335
821888,93197.91166666665
821895,86364.936
822024,98485.10266666667
822169,70128.798
822190,199539.472
822347,180452.86
822354,150515.312
822421,134753.986
822422,203413.6
822432,225000.0
822445,104100.8
822453,93435.95633333335
822456,517197.398
822457,80901.478
822552,246437.011
822622,179100.0
822624,179100.0
822635,57720.68
822656,127004.026
822684,142304.538
822688,73013.96976666665
822777,140529.8
822785,241943.6386666667
822858,93595.85066666667
822880,84589.04
822882,182167.21813333328
822883,182000.8861333333
822930,166664.526
823118,117231.734
823126,100645.868
823190,121644.16823754026
823243,181277.686
823305,98441.94
823338,261094.2836190476
823411,219504.04
823441,107451.54
823596,56694.6
823639,150610.032
823761,165786.7036666667
823773,147381.56054545456
823798,112518.62
823815,143532.28879999998
823830,183639.384
823846,174014.43866666668
823949,179942.15
823958,181543.698
824041,101983.24866666667
824138,117102.13566666665
824141,89575.808
824236,161650.0
824250,79086.558
824261,154811.41995
824528,105147.596
824533,105147.596
824564,84881.664
824568,89675.142
824571,161000.0
824575,155807.79999999996
824602,105147.596
824686,111040.0836
824788,265141.5456666667
824810,177120.672
824857,105147.596
824886,89189.26971428572
824906,169427.56
825094,105086.77601731603
825107,261860.088
825186,152530.454
825386,131816.594
825462,83495.856
825470,123500.0
825472,123500.0
825473,121644.16823754026
825700,135256.516
825862,112664.22266666665
825950,171080.664
826171,122818.722
826173,122818.722
826309,174817.05
826322,174224.8
826408,600098.738
826453,80313.632
826522,111653.516
826555,185823.02890940168
826607,155952.47051282058
826650,154565.4
826863,94457.306
826864,90995.096
826881,105559.309
826893,270355.0
826896,79453.056
826968,106400.574
826977,106386.174
827191,79026.05526666666
827214,173580.3692
827230,111681.18
827234,113800.154
827325,465072.7303809526
827359,131108.274
827399,132202.50933333332
827481,296912.74006666674
827619,115009.72342857144
827688,146700.0
827711,677263.304
827954,304866.6291095238
828025,77067.342
828031,178922.368
828082,112916.388
828144,155458.71277056276
828174,155458.71277056276
828265,114721.2638253968
828273,117623.134
828285,179082.428
828351,446497.094
828477,121597.98649523809
828604,117042.85709090909
828623,103396.582
828718,175521.97
828750,116354.0
828793,137643.6
828812,106932.152
828827,111221.18266666667
828862,185153.312
828965,240692.94493333335
829067,92073.692
829087,163695.43703333332
829171,758257.28
829240,418962.3741
829278,95476.134
829282,248045.7333333333
829293,108687.058
829295,126567.09885714285
829318,111915.25733333333
829322,116729.95
829336,131425.038
829344,187933.0
829351,325252.4518666667
829359,197700.0
829367,197700.0
829372,197700.0
829378,197700.0
829383,85033.89
829389,197700.0
829390,92761.21997619048
829395,118366.486
829413,129120.20165476196
829417,187933.0
829419,187933.0
829599,214100.4
829600,183242.7573333333
829612,217856.938
829673,126399.79333333333
829767,261993.612
829883,70138.11421212122
829947,112489.0652
830002,125187.398
830122,62364.166
830143,93272.306
830151,84400.786
830160,139100.0
830199,96584.534
830245,194061.852
830262,235000.0
830265,223416.4
830279,360999.738
830280,114631.566
830333,92254.43708571428
830384,74162.936
830410,91958.12400000001
830446,93906.42666666667
830448,62894.61
830535,145524.262
830581,92449.09133333334
830587,160681.854
830702,89024.244
830731,175705.288
830739,106166.582
830764,416342.9084871795
830772,77489.98466666667
830774,77489.98466666667
830971,208577.93066666665
831037,67633.8
831091,228652.132
831105,158316.394
831106,266453.996
831112,96240.88466666666
831247,227314.98
831261,140618.8517777778
831269,167741.376
831321,103025.388
831459,100135.64
831529,63408.860799999995
831628,377732.548
831792,77758.76247619047
831881,185675.83555555556
831882,186277.0
831883,186277.0
831884,180120.57307936516
831910,188782.7333333333
831944,212916.78
831946,232525.8456666667
831947,230957.0
831949,230957.0
831950,230957.0
831960,233439.81133333335
831961,191324.184
831974,245855.8366666667
832022,117075.988
832156,608541.312
832213,199834.844
832254,241675.45641111108
832261,251819.394
832343,75124.171
832367,202011.396
832436,193802.404
832439,132384.39466666666
832460,319800.0
832470,95419.528
832511,105475.304
832513,110376.596
832624,104034.548
832707,116867.28841666666
832726,108748.9545
832780,380933.17
832924,180916.638
832953,175623.876
833013,167132.52404761905
833045,194333.5
833051,178853.08
833052,308457.63
833055,185380.0
833056,185380.0
833057,185380.0
833058,185380.0
833091,96882.18124145298
833216,177970.79
833233,92421.21666666667
833350,91411.794
833459,87988.012
833510,147993.912
833525,195531.75446153845
833527,105984.998
833554,685207.56
833634,201389.10696666664
833668,84837.052
833688,245861.0
833789,258819.28533333333
833827,134611.84847619047
833846,160000.0
833858,98073.0
833886,248000.018
833925,89367.106
833968,73687.0
834026,200339.838
834042,196118.256
834049,192247.952
834113,351428.912
834265,78777.294
834280,166201.87933333335
834315,102207.39628571429
834335,146503.19816666667
834341,152856.9998333333
834343,78778.008
834348,82259.512
834350,169000.0
834391,195976.28409523808
834443,140425.087
834451,106001.45173474858
834514,182932.15133333337
834613,383214.31533333333
834616,375586.02
834623,407366.54373333335
834662,82910.51
834702,191899.40666666668
834746,226502.0053333333
834751,237223.92733333333
834764,129075.602
834785,134278.86833333332
834788,114738.47651428572
834836,166191.91
834858,159500.116
834903,182001.732
834917,151008.8
834959,176312.51533333331
835037,101496.86066666666
835090,105051.78
835122,90682.55333333333
835129,176978.02644444446
835137,181463.098
835262,214372.778
835290,140000.0
835307,217584.2
835336,90551.38266666667
835361,103697.592
835388,217538.97933333335
835459,86793.61266666667
835465,130111.962
835522,255176.102
835523,98806.4172
835635,115080.0
835651,161159.0
835661,161159.0
835673,125000.0
835692,145000.0
835759,97810.138
835813,359529.0
835814,359529.0
835816,359529.0
835884,523366.33
835965,166390.868
836013,161996.652
836041,100817.84595
836103,113254.03129206349
836173,201192.16
836254,353222.704
836316,237516.99
836341,190077.682
836417,83896.989
836550,88407.64627857141
836555,139009.8639047619
836556,125051.288
836559,123466.248
836561,125051.288
836562,87021.0
836563,103885.98533333334
836564,125051.288
836566,81469.98265
836735,120971.95573260075
836782,129340.662
836821,155292.56066666666
837005,456802.552
837092,152148.98888888888
837095,152148.98888888888
837197,311020.25812121213
837467,114876.96333333333
837506,225618.362
837521,136700.72644444444
837550,94988.92
837592,79636.269
837618,134740.972
837632,82223.9261904762
837642,137872.9894857143
837658,86484.458
837769,123012.10542857143
837779,123012.10542857143
837784,134686.09333333332
837831,205227.7968761905
837832,91523.168
837836,154351.914
837961,120351.24514285715
838054,71399.788
838186,75570.63897802198
838254,107749.78333333333
838257,130098.012
838287,268192.998
838374,99500.0
838443,283609.2525
838471,131643.6
838609,120932.52662698414
838636,93910.478
838681,129522.728
838696,81837.65396103894
838729,170358.934
838745,190075.174
838778,74342.3835
838834,81922.872
838840,180594.88133333332
839042,282476.634
839134,171015.6053333333
839179,151165.744
839299,195380.1986
839328,204301.044
839358,140181.41933333335
839379,174258.74227777778
839481,114765.184
839688,220556.788
839804,123087.54842857143
839807,123087.54842857143
839857,362656.46
839875,112475.13961904765
839896,98187.402
839906,109428.63309999998
839907,133862.94
839912,102311.834
839923,113912.00543333328
839964,80443.362
840015,133141.448
840075,78428.64
840137,92961.92188571428
840187,83524.01466666667
840267,88273.5
840277,88273.5
840279,88273.5
840282,88273.5
840284,88273.5
840287,88273.5
840313,79716.434
840333,79030.614
840334,140038.672
840337,133141.448
840425,828130.486
840558,437790.0
840569,159056.5626666667
840632,107367.19440000001
840829,112815.95796918767
840859,242459.21600000004
840895,109960.92629999999
840951,83676.22
841008,91301.71633333333
841041,121491.776
841075,134951.31533333333
841077,259391.35899999997
841273,152211.58229523807
841289,139521.3
841313,84217.38833333332
841337,155246.484
841354,291530.006
841376,172571.887
841400,146495.028
841446,119205.996
841484,433221.23
841515,158836.48466666666
841521,120519.31428571428
841536,182921.826
841557,182001.732
841585,105740.68
841696,231320.0
841763,187484.40942857144
841803,74039.05
841851,777972.498
841869,144334.582
841984,151789.5
842034,223565.9329942391
842041,80620.5971
842044,86188.822
842056,153166.79466666668
842219,167027.63402272726
842222,95316.75333333334
842243,198996.47813333332
842245,169000.0
842350,169000.0
842357,176770.77
842459,96759.208
842460,211317.492
842623,93526.36266666667
842624,600878.722
842791,126868.348
842797,166118.13
842808,133189.83876190477
842868,294879.93969285715
842953,565510.8
842960,104061.762
843026,54031.615333333335
843041,111850.864
843066,70483.85
843070,78028.536
843072,220993.592
843183,132362.0446
843192,98500.0
843194,101969.46799999996
843197,94220.028
843201,98500.0
843205,105916.0
843339,100000.0
843353,132214.2248888889
843397,54654.392
843417,100000.0
843468,107062.182
843471,128900.0
843505,100000.0
843512,102684.792
843536,216671.182
843564,97522.7291948052
843575,149602.1682857143
843622,107715.65866666667
843737,130058.44466666666
843742,82874.04666666666
843767,84000.0
843770,121733.6
843784,91517.55066666666
843794,155403.452
843797,103865.732
843906,76557.69841904762
843914,57263.0
843942,169063.914
843943,70476.24133333334
843979,133428.132
843980,74034.314
843993,89324.36333333334
844008,81995.93
844035,56639.983260073255
844085,140287.0
844097,140287.0
844104,140287.0
844109,156247.2355
844110,111645.186
844126,171801.5
844162,123410.5803809524
844165,140287.0
844198,83120.97733333333
844211,92717.15999999999
844233,146321.50914285713
844310,66888.4
844316,84308.59666666665
844329,75000.0
844338,75000.0
844468,238539.99
844503,165152.31053333334
844536,101154.05714285714
844539,100522.83071428572
844564,154200.0
844590,263478.138
844617,167615.6468666667
844640,232194.2193333333
844716,85044.568
844747,78433.52871031746
844748,79500.0
844755,79500.0
844762,79500.0
844789,79500.0
844804,102000.0
844846,207166.3
844847,139337.32483333335
844849,207108.05466666666
844855,207166.3
844856,68667.704
844857,153887.3429285714
844862,153036.9585333333
844886,93842.16000000008
844915,186634.112
844925,106319.09479999999
844991,145743.916
844993,68667.704
845024,111567.738
845033,84410.538
845082,258627.0
845083,260956.6277655123
845096,119618.53746825396
845106,206885.65466666667
845107,107103.95533333333
845121,93657.43000000007
845124,95444.43428571433
845155,139616.462
845166,72682.80399891776
845183,216870.29866666667
845217,168368.8284520452
845244,156196.521
845251,113250.93700952383
845344,103947.90866666666
845370,214140.002
845397,95400.0
845405,183513.82241904762
845471,90168.664
845486,128877.79256507938
845528,95330.83
845534,112753.50843809526
845545,115423.268
845594,119200.0
845685,76429.14657142857
845705,125419.12133333334
845720,135796.2286666667
845802,86102.824
845879,92310.908
845943,80610.078
845962,198596.57713492063
846140,457860.27705250296
846147,911775.4
846152,96900.74537380952
846284,182004.70183333335
846499,133575.4542738095
846556,144280.3356
846559,116354.0
846573,86500.0
846575,195529.53
846768,95215.6
846871,246900.77
846968,61247.21966666667
847095,73700.0
847100,53110.902
847161,67204.584
847191,925406.5276666667
847227,86000.0
847230,73700.0
847306,332739.982
847476,133494.608
847537,40041.208126190475
847657,175196.0
847727,185800.0537777778
847766,221238.696
847773,89293.0
847809,213964.4
847861,113148.0
847892,122169.47
847917,160855.45566666665
847950,214158.494
848039,86432.03885714286
848093,96873.8
848095,448244.714
848112,320500.5
848157,190463.69573333336
848164,108556.5368
848302,121214.86
848330,177732.9682222222
848365,411350.388
848375,147303.042
848386,113955.9
848437,97653.0802857143
848493,149301.392
848543,98605.608
848549,178302.83866666668
848623,129548.838
848661,136651.302
848707,78870.42466666667
848775,161658.7473333333
848843,250596.036
848978,106070.81352380954
848989,198476.4
849002,124115.08
849024,116354.0
849047,117686.05866666668
849062,145006.754
849064,115753.75866666668
936612,76700.0
936685,128443.66547619045
936696,432835.28789285716
936725,184242.07
936735,53139.7
936772,76004.658
936806,87449.0
936808,193297.268
936854,88267.536
936871,169909.79
936899,145000.0
936915,76990.99066666665
936923,94287.366
936950,214149.79
936973,134400.8666666667
937001,109333.48933333333
937003,174425.7649761905
937056,224627.31074920634
937090,304824.7
937110,149257.47953333336
937130,115650.00961904763
937183,628806.624
937255,130850.50607936508
937276,557056.0
937318,142557.836
937335,117846.276
937337,339597.3313333334
937358,100872.332
937360,100872.332
937362,100872.332
937390,300807.81
937462,166500.0
937472,166500.0
937477,166500.0
937493,185533.982
937518,79267.566
937519,79267.566
937555,64570.62133333333
937658,233763.12666666665
937662,122491.0
937663,93183.0
937665,93183.0
937676,123101.665
937694,144875.83080000003
937735,128360.88333333333
937740,519053.258
937751,194061.42133333333
937776,176618.864
937780,92145.162
937812,82646.26
937813,82500.26
937943,91803.96956190474
938043,154400.8063333333
938056,185083.36
938064,73866.798
938068,102925.846
938080,119578.18
938114,192984.02902521013
938187,96937.2452132867
938204,477498.274
938206,139664.40057142856
938209,121458.742
938212,177699.24
938232,72000.0
938233,88466.90173333333
938349,518698.8
938350,636345.6
938351,481824.4
938354,736634.5786666666
938361,467113.704
938362,615453.8
938363,442261.398
938433,803732.9
938579,368762.5593333334
938635,110482.53333333334
938636,113048.45866666667
938637,98451.85666666666
938639,126868.14603174615
938651,335800.198
938670,108398.08266666665
938703,119132.834
938705,119497.684
938715,125101.45533333335
938733,123653.628
938812,110482.53333333334
938814,115519.18266666667
938894,426477.3333333333
938913,65010.47
938938,137323.1715333333
938957,208185.848
938990,53013.98
939010,197164.7781111111
939028,191389.0866666667
939075,86760.89841056723
939121,77198.868
939133,77600.93933333334
939146,342599.84
939224,98166.4445
939227,171875.246
939256,124000.0
939297,526385.078
939305,98517.92
939310,156372.94993333335
939349,121583.762
939360,144523.56964848482
939392,93958.52085714285
939400,176800.0
939409,131085.04828225108
939411,144966.26923809526
939414,140375.45942857143
939420,131873.71500288602
939421,143515.40686446888
939438,549336.0533333332
939494,238320.74228571428
939496,144680.40257142857
939497,131057.04828225108
939501,98630.90708730159
939587,95722.213
939589,93052.17388333332
939629,482542.8332095238
939636,96166.922
939645,126500.0
939650,463044.776
939666,81733.924
939669,255214.29
939711,96131.824
939877,151163.808
939886,103488.444
939890,105698.13723809524
939892,125063.72133333333
939905,94824.48533333333
939930,156186.14
939935,506514.6266666667
939960,246591.598
939964,204742.242
939970,72167.198
940066,81061.926
940094,131144.0
940095,148212.164
940096,283599.33966666664
940118,94073.208
940138,116162.5
940168,147517.978
940172,147517.978
940240,98526.28
940262,79058.95986666667
940282,202137.69802539682
940283,202137.69802539682
940336,139872.43
940389,293983.867
940487,345563.564
940552,228336.0946666667
940571,194429.4
940579,89397.684
940602,311723.85
940627,342958.864
940735,71991.83266666667
940740,145846.056
940742,202354.274
940767,311347.335
940788,168229.5033888889
940807,98352.703
940855,97902.988
940868,118560.37196137197
940875,118560.37196137197
940876,193361.22371428573
940890,852858.466
940950,80000.0
941026,239498.03533333333
941059,276640.346
941089,148038.692
941112,156708.732
941121,424737.6904336219
941123,61639.2
941146,101244.222
941344,101186.938
941346,876641.248
941369,163328.226
941370,154324.07257142858
941373,136201.492
941384,71296.04066666667
941500,96917.38233333333
941524,86077.076
941554,77094.61666666665
941713,100318.61855555556
941780,97021.418
941782,240528.668
941786,136989.84234920633
941790,119717.886
941791,88578.09366666665
941792,110615.60133333332
941793,212591.26
941797,78588.922
941798,94009.582
941801,84891.6495091575
941810,102529.82133333333
941826,197380.432
941843,88128.94
941862,107600.0
941864,118500.0
941867,107600.0
941875,99950.0
941876,107600.0
941881,166215.44946666667
941883,82777.70066666667
941884,114800.0
941891,114800.0
941919,125038.412
941959,135816.48157142857
942057,282494.986
942070,316798.98
942098,230000.0
942103,230000.0
942105,230000.0
942106,97148.8
942109,93101.792
942111,230000.0
942113,116393.518
942115,230000.0
942116,114424.924
942130,120172.338
942139,77325.14733333334
942145,216019.078
942168,172263.0166666667
942177,119177.4120952381
942181,120627.39166666669
942196,171044.0824
942210,86640.648
942217,116581.51466666667
942275,151904.99862142856
942370,174205.09600000002
942375,174205.09600000002
942383,259264.42
942415,224670.36133333333
942422,61896.109033333334
942463,76020.345
942469,97911.378
942480,98630.90708730159
942488,97230.89466666666
942583,120627.39166666669
942628,156309.35
942635,82981.236
942636,82981.236
942651,85397.462
942653,486831.428
942655,95983.926
942657,102054.57186298702
942741,797249.768
942753,283000.658
942779,154692.53157326003
942802,85930.07733333335
942843,81146.737
942844,212691.256
942890,379351.75102857145
942964,84706.256
942968,137219.968
942969,137219.968
942985,133672.64657142857
942989,228250.5
942990,126270.002
943022,69024.2204857143
943032,108696.01483333333
943039,762638.558
943044,119465.30933333334
943112,151955.6273333333
943140,122633.4
943141,149659.01209523814
943143,122633.4
943145,85990.56
943149,112606.38819047621
943167,211301.24659999998
943193,181172.827
943238,162909.75692857144
943352,100676.62533333333
943368,97230.89466666666
943373,126270.002
943397,422453.196
943398,191238.0
943402,166628.9863333333
943412,190313.06208095237
943473,238090.5580238095
943478,132723.238
943482,269214.4
943484,186997.43333333335
943489,92418.6840067766
943497,784323.8
943503,173862.458
943504,202531.13333333333
943505,203047.5926666667
943592,90276.16066666668
943684,76711.6
943693,126411.18516031747
943696,526001.9366666666
943698,91974.53333333334
943699,95222.37339393939
943750,243169.982
943756,817211.176
943782,102986.72
943783,78494.80533333332
943810,210333.744
943821,603401.1926666667
943822,211365.076
943872,92349.7160067766
943889,221100.998
943928,90681.71523076923
943939,170803.46
943944,69539.7309047619
943953,190209.51
943954,164673.13999999996
943955,157147.1256
943960,167932.286
943964,132472.106
943968,152900.0
943969,152900.0
943985,136892.972
944000,152900.0
944002,121314.892
944018,545361.942
944025,94413.132
944030,75628.9042
944101,81755.06666666665
944105,76751.0932
944256,356072.968
944265,111900.0
944289,125456.92333333334
944295,121696.388
944305,75600.0
944306,75600.0
944312,75600.0
944341,161812.488
944342,161812.488
944347,111900.0
944360,180800.0
944384,77336.93166666666
944425,193669.8295
944434,87933.01685714287
944435,87900.0
944436,87900.0
944442,297111.0
944552,198110.796
944568,277449.3433333334
944662,88599.53333333333
944671,250725.964
944683,104416.732
944887,197911.96866666668
944902,249584.046
944906,134020.79
944913,135316.516
944921,115015.81566666666
944935,100239.73533333334
944942,107974.0
944943,107974.0
944955,389717.04
944967,541471.5
945015,182748.53933333335
945046,192682.3104666667
945082,71119.7
945116,85761.954
945151,184151.91
945180,68977.96
945181,65086.56
945182,166066.8
945273,73898.00666666665
945283,128021.86066666667
945305,71083.89266666665
945332,88607.31911349206
945388,63750.682
945444,202892.236
945448,638327.5620952381
945453,151221.622
945454,254056.302
945470,134653.42933333333
945495,235424.00323076922
945498,222277.788
945505,216771.09656410257
945513,131520.18145151512
945554,172680.75409523808
945590,103848.21966666666
945627,142967.514
945628,138173.02
945629,142665.478
945630,142545.478
945749,125002.27142857145
945790,315729.158
945801,435851.15
945838,120530.7383076923
945839,133632.85746666667
945840,134710.3330222222
945843,88441.38933333333
945880,84284.584
945900,142398.2867196026
945901,142487.4387196026
945902,142398.2867196026
945903,142398.2867196026
945940,86802.81533333333
945942,88260.30933333332
945945,100310.86
945946,100310.86
945952,181601.044
945965,1296292.126
945967,670367.52
945997,101372.134
945998,198128.362
946016,132453.55333333332
946307,91609.156
946318,242677.408
946327,183390.812
946351,90918.88
946358,151248.61800000002
946373,110893.72106060607
946376,175820.284
946385,152507.176
946386,141863.456
946397,78501.4
946398,75853.6
946401,87612.44825396825
946403,168748.142
946433,85196.586
946446,66035.44
946447,86917.89116363636
946448,150484.51066666667
946462,93525.146
946463,92765.01933333333
946492,176292.7938333333
946496,101354.85
946540,273233.33364705887
946541,240827.0605952381
946591,117085.35619047617
946601,119133.32857142857
946638,231259.978
946640,72034.15166666667
946653,83385.918
946678,573401.782
946687,124608.0
946688,124608.0
946689,88699.764
946716,146311.44
946732,210367.21563809522
946738,155355.1944761905
946746,190313.06208095237
946779,91234.698
946784,107091.592
946788,138300.68133333334
946820,210452.26559090908
946836,116526.68914285714
946870,65649.174
946873,65649.174
946896,104707.80866666668
946944,93851.424
946972,113361.268
946973,103034.128
947007,79913.854
947031,139088.58533333335
947057,132473.086
947141,158049.792
947176,138285.92566666668
947187,172627.80268287266
947206,644920.298
947216,575413.2261587301
947274,768315.0053333334
947300,431267.2
947332,857432.89
947383,110254.782
947395,224166.512
947405,498141.3801666667
947436,85410.06666666667
947473,83095.60133333334
947495,126758.74466666671
947530,122601.331
947537,288826.7090476191
947552,179261.0485
947564,174378.5
947584,194908.25739999997
947625,72518.11497777778
947677,556175.7751031746
947689,107678.368
947698,188202.33166666667
947699,215816.126
947700,213788.178
947701,96696.996
947702,88406.164
947725,111783.22799999999
947743,177322.934
947833,313125.566
947872,171957.896
947881,128094.738
947930,118980.774
947977,384663.586
948034,92719.0
948036,92719.0
948039,92719.0
948066,133745.538
948107,194678.036
948115,150900.258
948121,92719.0
948137,252895.61038095236
948148,246395.576
948306,213112.63733333335
948339,453177.33525238093
948361,235524.84
948386,142808.508
948387,142644.08
948388,105435.6928888889
948423,209686.97533333334
948470,138105.986
948479,132616.0
948484,98631.788
948486,117887.75866666666
948598,112236.168
948607,96400.0
948629,133502.5
948630,131689.781
948631,133502.5
948632,133502.5
948633,133502.5
948641,133502.5
948643,133502.5
948651,140119.9190571429
948652,142808.508
948675,97733.004
948740,113132.07149999999
948743,68262.17
948744,68442.986
948745,68510.986
948774,171021.932
948789,603637.026
948807,121667.75007294682
948808,121667.75007294682
948809,129493.206
948813,111013.50554200244
948816,209500.0
948819,209500.0
948830,78260.5742222222
948870,148153.074
948912,71000.605
948941,80147.06
949105,160911.34444444446
949143,282462.908
949144,108600.0
949147,108600.0
949248,263327.0291
949250,136485.122
949278,118862.25008530362
949283,306012.852
949293,97485.478
949340,101660.3984
949379,76325.83765201464
949426,99528.82786666666
949427,298000.0
949428,112361.38
949431,81801.314
949443,113162.88
949474,174623.80866666665
949492,627355.84
949501,126885.10333333333
949517,144912.03333333333
949518,166350.06066666666
949519,144912.03333333333
949529,87575.645
949544,134023.457
949545,135548.73633333333
949584,128999.60533333334
949592,188877.366
949593,163517.7366095238
949627,92342.804
949651,129103.6
949661,163536.4994126984
949762,116777.5
949815,105907.6
949827,153506.41919999997
949858,97610.416
949933,73229.2
949934,135316.516
949943,128125.39533333333
949960,212379.6133333333
950036,94612.9755
950037,94922.765
950038,199315.376
950039,204443.60966666666
950044,154259.6234
950060,107717.462
950088,183271.478
950194,144937.4
950227,124879.7375698413
950234,296626.52
950303,164604.102
950339,93429.537
950374,186619.27666666664
950378,56483.2
950382,178095.738
950385,112995.58022222223
950489,197646.67
950576,130561.69933333332
950581,99447.328
950583,156549.58
950584,156549.58
950585,156549.58
950607,97535.27172467533
950630,581967.438
950634,186972.5306666667
950664,97994.678
950671,383344.138
950686,196971.70222857146
950746,70821.17
950751,60310.096733333325
950916,167831.42
951001,97388.73522222221
951065,360836.526
951129,87351.57625238094
951162,281621.7
951195,113693.656
951200,187175.67666666667
951201,197220.542
951405,74400.862
951412,172407.8
951454,111168.886
951460,145000.0
951463,145000.0
951471,144683.638
951553,105435.66266666666
951564,126861.2
951646,200290.70866666667
951663,191395.86733333336
951687,816001.5001904762
951692,78041.92666666667
951704,162095.385
951780,192884.004
951782,139383.102
951915,61066.25997619048
951963,121660.78
951975,146532.98266666665
951988,113305.72
952013,186442.558
952025,795700.0
952036,266325.85930158733
952096,266325.85930158733
952268,128742.904
952271,120995.848
952273,107668.51421428572
952448,395913.644
952466,110949.35657142857
952537,64404.832
952541,148609.6672
952545,538719.4
952546,503796.262
952566,70825.708
952651,157734.804
952689,224495.898
952699,300756.618
952773,93580.68545454546
952778,452153.492
952818,400308.43
952900,103415.58333333333
952916,84241.4302222222
953005,205315.214
953024,341144.4
953047,106601.12
953057,136060.8226277056
953161,367615.96
953163,319581.268
953176,65000.0
953177,65000.0
953181,65000.0
953182,65000.0
953227,89699.4
953228,99328.258
953237,222152.068
953293,138133.515
953325,83872.808
953326,93118.114
953330,78301.37389523807
953375,143599.74
953481,140184.9516
953486,445557.5126666667
953512,167370.78666666668
953552,202784.2
953564,143932.65314285713
953626,158433.612
953702,241615.26666666666
953744,94184.36135714287
953778,85757.93123333334
953795,214590.804
953797,465477.066
953857,111103.3705876984
953894,386859.314
953920,256304.96666666667
953922,234672.402
953931,111852.36657142857
953965,125691.29
954066,82785.902
954138,257527.65666666665
954190,132995.10333333333
954216,124891.85657142857
954292,149562.412
954302,274474.564
954319,101090.4
954351,697527.9273333333
954413,82000.0
954419,481580.052
954452,476356.336
954503,133334.402
954505,130741.636
954535,64560.44906666666
954548,124831.782
954563,92917.306
954578,178398.988
954584,173702.854
954608,219783.428
954615,96095.56
954627,133647.352
954649,295203.224
954700,350090.604
954717,147378.58285714287
954721,68801.852
954735,118274.94533333332
954747,182250.19
954762,509718.84766666667
954787,223279.11
954809,77076.314
954828,122547.302
954831,93670.454
954867,137671.69834285715
954868,146192.0302857143
954880,92750.034
954892,610753.7730666666
954911,76570.31733333333
954926,454714.75325294293
954928,832120.6285714286
954955,64459.186
954963,286499.6
954972,941139.96
954992,275523.4748
955082,163279.48260000002
955110,174877.489
955132,128425.672
955142,240517.876
955152,209726.766
955153,431957.0
955160,234521.73333333334
955162,63471.44
955164,292188.634
955189,127000.0
955190,184107.656
955207,165284.68161904768
955287,144163.6333333333
955308,155568.72
955309,155892.52
955361,89721.42
955376,171116.856
955429,112779.925
955444,90877.0
955445,164510.45933333333
955456,85109.498
955502,556175.7751031746
955525,212268.802
955528,88164.164
955541,144117.985
955557,232324.554
955562,432186.696
955575,210286.4
955601,246652.764
955609,88847.88533333332
955639,132064.8865
955664,172501.2173333333
955682,181125.449
955700,181232.5086666667
955727,184763.43423333336
955782,105095.1597
955786,85719.678
955801,211271.5448642857
955815,170921.2142380952
955864,108072.71390476191
955926,179807.6
955932,182194.38
955939,363900.62
955961,120540.01400000002
955974,78032.194
955994,97331.17866666667
956001,89345.798
956005,218171.45766666665
956031,558518.474
956035,90500.0
956036,90500.0
956038,336980.432
956042,90500.0
956044,90500.0
956046,90500.0
956050,90500.0
956051,90500.0
956130,152087.326
956137,65944.014
956144,224980.8
956156,133746.35466666668
956187,125031.058
956223,133843.61654166668
956246,55363.85324444444
956263,185362.74687619047
956304,133067.864
956308,582354.3643333333
956488,117213.316
956523,173483.088
956535,289564.9357809524
956556,108275.0
956558,230000.0
956600,339464.0846666667
956627,396504.5413333333
956631,68370.40305238095
956661,263297.8
956687,86697.60000000002
956694,155279.62333333332
956767,235927.398
956774,81896.144
956907,223137.63133333332
956962,109955.094
956966,89619.14433333334
957053,168590.098
957065,73566.975
957149,243341.396
957192,213571.2230952381
957242,165789.93142929292
957408,84227.004
957420,77293.64
957421,190000.0
957444,163706.78281825397
957446,114115.67533333333
957539,342338.268
957550,79550.0
957566,115072.794
957573,176714.6336
957608,121646.894
957648,123775.822
957674,79500.0
957675,79500.0
957676,79500.0
957679,189637.34866666666
957684,74958.972
957685,47116.04
957687,121848.85
957699,147181.18633333335
957708,206986.808
957709,206986.808
957720,92000.0
957724,106909.49066666666
957725,66212.23683333333
957749,120131.68865384614
957758,100727.428
957793,89741.616
957840,111747.30866666665
957852,234273.15466666667
957875,148240.46243809522
957955,137707.6
957967,161009.102
957971,210305.391
957987,93924.56
958016,119868.672
958019,88329.39076190477
958038,181172.827
958045,82182.024
958063,394429.304
958116,134631.01161904758
958119,129914.68866666667
958190,106620.794
958198,125384.53606666668
958259,171538.19333333333
958270,140439.61
958285,91999.768
958288,202769.76533333331
958345,124937.802
958383,80763.80066666666
958422,100491.91133333332
958425,220000.0
958428,127910.116
958430,143728.558
958447,84817.158
958454,81211.61533333334
958455,70876.883
958456,78795.53733333334
958493,79330.00944444447
958512,211301.55950000003
958516,77480.26133333333
958517,140388.86096666666
958519,98878.0
958526,112860.528
958527,165000.0
958533,218479.885
958535,70000.0
958538,87387.07633333333
958565,71670.70238095238
958569,147750.0
958570,84817.158
958572,123284.8
958601,73834.3175
958657,135423.5023333333
958666,218795.024
958667,102137.49599999998
958671,90757.538
958675,125278.25733333333
958676,172596.892
958679,98420.2465
958693,54500.0
958694,54500.0
958697,54500.0
958698,54500.0
958705,106076.344
958707,219488.248
958770,127020.04
958783,128062.006
958791,182627.86266666665
958792,182432.683
958793,145913.55
958797,116000.0
958799,154183.793
958831,394748.964
958839,175832.056
958896,152797.3901
958898,202111.05685714286
958985,140017.9813333333
959021,529405.814
959030,93183.27820000002
959031,120887.59
959060,298606.266
959112,132816.30901839337
959114,190709.7021708684
959117,91113.4743142857
959118,127969.52998268371
959121,118405.0823145743
959122,90265.676
959123,130325.45701839337
959124,188119.82785714293
959125,88402.81946666667
959126,90562.516
959128,88699.65946666666
959129,89765.18403809523
959130,106594.23697835497
959131,127969.52998268371
959133,106700.6192121212
959134,262414.83380952384
959142,140284.4313333333
959153,656594.82
959154,656594.82
959166,133771.54856666666
959224,109217.213
959227,113546.66733333333
959265,73500.0
959323,124562.2
959324,95514.216
959357,222474.592
959362,646617.23
959394,270639.1545
959419,183475.162
959433,139782.358
959451,157896.28366666666
959466,212223.406
959468,77624.394
959469,93486.8
959476,120347.588
959683,185045.018
959723,103655.16
959725,122015.41019047618
959726,121895.41019047618
959728,121895.41019047618
959741,162047.15695238096
959742,171762.87428571426
959743,139090.9946666667
959744,184383.532
959757,221974.234
959759,116648.131
959940,81912.762
959967,423097.53
960018,205241.766
960029,261101.14
960058,86740.17540000001
960091,232278.942
960118,90870.06
960163,104128.344
960165,139873.49
960169,154448.2953333333
960226,207001.942
960235,163753.6544
960241,91556.572
960274,118008.4871
960275,182907.278
960284,90000.0
960286,89314.86133333333
960287,68500.0
960289,89152.86133333333
960290,73006.33373333333
960310,386560.9886666667
960340,131585.12300000002
960362,90000.0
960393,107567.942
960410,112443.3915
960431,185809.97666666665
960451,98464.838
960478,348026.0
960529,137429.38584615386
960530,112987.826
960581,93245.18
960597,71845.036
960598,298609.4157777777
960634,154135.13447619052
960687,145100.756
960863,169761.7955
960913,92788.122
960931,91742.3176
960946,121496.444
960947,94423.624
960983,225549.29733333335
961006,60464.784
961035,406483.486
961042,197347.388
961048,94016.07
961123,154498.82483333335
961141,259480.498
961143,386400.406
961183,163910.606
961216,173290.754
961226,94664.838
961246,160289.77333333332
961256,90214.80390476191
961289,93077.86021428571
961337,92000.0
961387,218564.716
961389,167998.82266666667
961395,94711.558
961408,266035.096
961419,92000.0
961420,92000.0
961421,92000.0
961452,220309.06466666664
961461,217560.47933333332
961478,156695.83533333332
961488,92966.074
961489,145919.812
961522,122241.556
961530,237688.466
961548,101105.662
961574,284562.776
961601,200181.152
961605,70282.729
961608,482330.652
961609,183752.89116666664
961699,189482.816
961715,215185.2
961768,228598.66
961788,181703.51
961789,199300.1828727273
961790,146314.09133333334
961791,193269.744
961792,154948.928
961817,87412.33333333334
961822,453473.372
961854,218091.86257142856
961872,106702.108
961877,198676.568
961882,166614.6873492063
962051,80279.47026666669
962065,559650.28
962066,182391.108
962080,667780.8
962082,100942.576
962083,239987.684
962090,326843.906
962109,191629.234
962116,122780.13
962141,293224.0
962144,293224.0
962159,223377.21866666668
962160,188498.652
962165,56058.86390476191
962176,131616.93
962178,195861.92533333335
962179,119979.807
962180,131316.146
962181,131362.736
962182,93682.558
962184,95542.15333333334
962186,192301.024
962217,95513.06866666667
962219,117167.83146984127
962225,115808.97091428572
962235,491051.078
962236,491051.078
962263,148894.10306666666
962287,358810.796
962316,135699.142
962319,433170.3393333333
962336,136922.176
962412,110381.39401465202
962416,84130.694
962419,127418.296
962438,152318.6756190476
962448,105099.0
962501,95457.23333333334
962520,146554.136
962546,140176.154
962551,111686.736
962559,114966.49763333335
962567,164870.316
962572,153090.293
962579,130703.652
962585,227242.9
962586,186879.6
962591,121500.0
962592,121500.0
962630,135845.97457142855
962635,128203.316
962677,107744.56
962728,69647.39066666666
962755,186160.858
962778,198066.30066666665
962796,199561.638
962835,312000.0
962839,312000.0
962845,121500.0
962907,206911.94347619047
962922,602367.998
963001,145305.9
963003,79250.0
963019,89149.976
963020,188127.55465714284
963022,89149.976
963023,188127.55465714284
963041,90527.36535714284
963049,350768.2
963118,289498.01
963122,243569.72114285716
963130,174209.7324444444
963165,66312.776
963199,203717.432
963205,70138.614
963229,193177.664
963313,422574.39
963314,205445.778
963319,91010.5464
963325,86734.09889603173
963327,69642.066
963340,151947.82357792207
963362,111446.96333333333
963366,117816.0
963375,489741.9193333334
963378,191799.842
963381,136922.176
963447,206310.51
963472,200380.202
963488,180431.246
963490,125324.65854761904
963539,575731.298
963651,92712.518
963676,109616.084
963682,74200.296
963837,82529.473
963857,308436.95266666665
963905,235917.464
963929,121887.396
963960,115570.612
963971,1205298.238
963973,171868.05152380952
963986,120516.602
964018,123924.866
964048,140617.43460476192
964049,117240.18914999998
964055,197374.136
964098,78421.57998174604
964135,64372.14
964156,141846.648
964157,97110.2
964171,286750.518
964207,102000.0
964208,98574.356
964209,98576.194
964271,186818.57600000003
964304,118165.19498412698
964312,101201.126
964314,377794.014
964333,168245.64154761905
964369,147587.24733333333
964488,189303.0926666667
964527,75488.452
964570,184567.41370833333
964580,1200287.242
964591,154365.33133333334
964592,157108.06666666665
964593,155945.57466666665
964595,196876.19133333335
964622,222762.472
964625,140205.0
964642,1505040.638
964705,219668.904
964813,75949.452
964839,386389.928
964849,58058.6
964911,69082.794
964984,132979.32367857144
964997,178387.848
965033,177410.632
965053,90983.89
965089,136710.81319999998
965099,103215.36066666666
965116,132000.0
965131,60464.784
965145,112679.726
965153,186300.75166666668
965176,892259.974
965182,1152879.749
965184,134763.52
965201,161560.498
965216,92404.3195
965242,80227.82633333333
965260,101397.17533333333
965262,164396.71
965305,84286.78233333332
965315,106469.504
965320,151360.718
965321,221924.92466666666
965322,93004.566
965324,217763.60346666668
965325,145456.098
965326,118944.8
965341,254452.18133333334
965342,485149.2868333333
965346,86292.58460476191
965349,135016.05
965438,74968.918
965466,106475.30283333335
965474,219662.838
965499,139753.80172222224
965515,855891.8706666668
965560,495027.58
965648,230240.92
965688,353761.4718
965717,131632.95088888888
965754,779941.232
965792,220471.76466666668
965794,501175.192
965821,634577.178
965856,135568.6746666667
965860,130186.35866666667
965954,208012.182
965967,60433.141142857145
965968,456775.9095
965975,171752.9882
965981,78215.2
965989,432868.614
965993,203711.35933333336
966015,293506.156
966059,192886.412
966070,105047.18
966074,155569.305
966123,75405.17288888889
966139,134380.74930000002
966205,119803.29016666667
966220,174762.76326118325
966221,197368.674
966238,81397.5
966269,86331.16
966276,151235.2806666667
966385,152671.70199234097
966397,73897.15666666668
966400,98697.2
966406,83331.864
966407,185680.67
966413,101292.828
966548,131466.6135873016
966549,147565.582
966562,243689.42733333333
966579,143346.534
966639,99680.8015
966650,70720.21234285714
966654,131051.77778354978
966664,77822.87266666668
966674,80114.76866666667
966692,194117.22076923077
966729,150396.47
966732,435413.146
966736,77656.884
966737,78215.2
966740,80066.96866666667
966773,74357.302
966776,443873.7178825397
966777,85385.10266666667
966785,132327.03477252164
966863,256333.986
966867,124707.06
966884,64160.83768333334
967014,175272.884
967027,99929.4
967032,46250.0
967048,116779.55333333334
967051,205138.908
967073,43001.8852987013
967078,111746.542
967082,112869.74342857143
967103,275397.866
967105,320730.9660952381
967112,140962.3725714286
967117,111607.74678195693
967166,194932.846
967193,108263.97999999998
967213,101947.85714285713
967243,399576.922
967255,223198.848
967256,160592.77586666666
967274,69891.64
967362,510785.9396825397
967411,384005.6
967424,95223.75171428571
967430,158427.022
967440,269666.128
967447,67320.924
967477,124455.0
967478,152920.012
967479,124455.0
967480,153182.224
967481,124455.0
967482,124455.0
967517,109684.0
967546,98062.34933333335
967589,506547.4687532467
967639,142863.5
967656,796435.848
967666,131845.466
967726,163632.73521212122
967727,68836.78863636362
967768,249792.88166666665
967803,236121.264
967816,117805.408
967891,129036.15763492064
967966,106117.49091172397
967985,86976.24459999999
967996,100814.377
968019,167116.394
968035,328945.83390476194
968063,218381.83446153847
968149,439926.73
968159,135665.04466666668
968186,200506.41390476192
968187,258439.6
968188,150507.3153333333
968215,196130.80333333334
968217,250143.9667904762
968228,60498.764
968232,77384.657
968238,94323.20266666668
968240,94323.20266666668
968277,238376.2853333333
968292,145864.926
968333,109057.798
968353,214119.154
968365,74799.264
968442,131992.79
968487,87885.82285779221
968527,326644.2
968535,419855.226
968598,54326.078
968605,491051.078
968628,167289.2
968631,111113.592
968633,81443.306
968723,331884.6794285714
968786,101372.134
968788,75645.05404761905
968812,169813.006
968839,160240.672
968898,211213.34
968899,214706.766
968907,234615.8
968908,112729.802
968942,111763.752
968974,105847.398
968981,227130.58733333333
968986,181605.04333333333
968991,116180.22
969006,167519.762
969040,139019.3886666667
969050,169207.9108
969082,263993.3
969083,333565.24
969126,125952.77428571429
969168,138421.0
969211,181372.24533333335
969215,163325.76266666668
969216,111596.84625
969312,66367.014
969313,171489.68
969332,85377.232
969338,84504.466
969382,106961.01066666667
969384,121803.336
969386,206062.73
969420,115628.676
969432,231454.316
969434,242508.566
969465,175399.47340476187
969484,96527.524
969486,281668.264
969510,303159.996
969529,109031.47
969551,178513.19637828838
969572,100369.4
969592,82832.37
969597,230750.188
969753,150752.84666666665
969763,86915.0
969791,375447.37
969793,65949.006
969821,75559.66533333334
969838,123063.83186324788
969862,158559.8
969873,290211.71933333337
969882,172924.9073333333
969889,430750.938
969891,103158.537
969926,116523.33866666666
969928,70262.94247619048
969929,70262.94247619048
969933,97011.638
969954,140281.22
970078,112427.364
970079,319648.38459920627
970210,91174.326
970216,92564.388
970312,213273.85733333335
970329,79725.80933333334
970398,244344.458
970400,90500.0
970401,90500.0
970404,90500.0
970405,90500.0
970412,90500.0
970427,187677.75828571426
970442,577086.0
970459,129982.2
970491,255070.752
970585,107954.90799999998
970587,322466.4112941176
970654,623206.3
970657,253250.588
970705,116216.641
970711,119345.00133333335
970714,230812.592
970728,347172.92152380955
970764,171417.308
970771,282946.36
970786,86188.20866666667
970817,182239.214
970868,65692.17733333333
970888,129679.192
970947,134455.04326984126
970961,140699.01248333332
970980,81872.81666666667
970988,444654.918
971011,162702.10413809522
971020,181720.296
971029,83872.304
971033,99782.406
971083,173485.318
971088,50256.732
971102,305324.732
971111,84167.31181818181
971160,191112.048
971222,69335.496
971235,281930.986
971238,140170.686
971248,85035.382
971264,89466.908
971332,207650.992
971401,111316.51995238094
971433,182064.948
971445,194168.63684999998
971483,341348.336
971505,121802.91266666667
971510,109683.4
971557,121260.424
971558,545361.942
971561,146829.95733333332
971563,73360.648
971591,311352.64
971615,439143.95
971627,121865.62948275862
971633,115791.366
971661,258031.42
971666,112845.582
971673,196856.918
971685,180791.3246904762
971688,106655.206
971731,1241695.514
971733,238086.17066666667
971748,241593.96
971779,130083.214
971780,86494.19266666667
971794,508380.846
971800,509245.872
971828,93827.87
971852,387860.696
971853,106060.33533333332
971869,163101.8913333333
971893,89134.38
971896,585845.8
971941,105510.21222222222
971953,161550.4513333333
971973,137923.54925674325
971981,712485.986
972061,275873.524
972062,275873.524
972118,85400.394
972189,194451.7
972259,208581.904
972279,78162.761
972291,106266.282
972303,132342.63900000002
972341,89263.32883333333
972396,136873.90182905985
972409,100400.81
972423,153967.343
972428,162369.01933333333
972438,148000.96410793648
972457,141155.19719523808
972463,102430.488
972466,113258.828
972471,210760.464
972475,120505.918
972507,171246.016
972521,770478.838
972525,365060.17
972565,78150.0
972580,156296.828
972715,219778.56963636362
972769,137260.8463844156
972838,92841.288
972842,201604.67
972867,89495.588
972923,116545.63930000001
973030,88154.30066666668
973244,67452.908
973273,155230.864
973296,56200.8
973300,130544.54133333334
973304,89584.1
973322,107202.16
973360,89859.0
973361,142334.47333333333
973392,96900.57
973393,164329.896
973399,89494.842
973409,51875.84266666667
973625,94282.798
973626,94753.54674317055
973674,63955.4
973790,143959.996
973799,491829.6123095238
973800,194261.566
973808,351583.476
973816,166745.072
973848,99576.374
973849,99485.374
973850,124636.428
973852,67984.002
973913,114757.518
973914,114900.0
973919,98595.0
973923,408716.468
973931,99576.374
973933,122506.54819999999
973936,96275.488
973937,96275.488
973938,96275.488
973939,115948.744
973974,100765.80228571428
973997,338859.88350000005
973998,482097.022
974004,78301.37389523807
974009,94123.83466666668
974010,82007.02181818182
974011,110111.19333333333
974029,92130.688
974044,354808.2643333333
974062,228087.8
974122,124838.428
974123,124581.69466666668
974125,94491.576
974128,189262.16666666666
974129,189262.16666666666
974130,189262.16666666666
974132,99595.374
974138,81522.74607619047
974182,134695.962
974209,162052.466
974288,109727.028
974291,493193.34
974321,86618.498
974325,258078.662
974329,92997.55
974335,153685.38
974337,127051.56120000001
974363,239896.598
974365,96091.852
974370,140097.34066666669
974406,150000.0
974407,150000.0
974432,87478.902
974460,93089.98
974472,98347.4041904762
974498,362094.17933333333
974527,184340.091
974566,70214.5158095238
974570,134923.44477142856
974571,52867.700333333334
974605,193056.39
974625,178751.702
974627,102388.82
974737,117069.11201666665
974748,130297.78886666665
974756,280542.146
974802,483725.9
974803,203642.6437142857
974848,90175.66437728937
974863,133772.21
974957,149994.36066666665
974995,99083.82326666664
975004,151634.08
975034,106170.792
975045,75079.01
975064,273486.666
975094,112113.00155411528
975113,1051932.384
975121,76489.914
975142,413300.39
975189,266269.778
975204,212292.7853333333
975684,722549.6
975738,567768.094
975893,84620.4569
975960,180786.668
975965,111402.92
975971,261655.86359523807
975973,129000.0
976102,163211.212
976136,77401.736
976176,71331.446
976194,96534.28
976223,162098.4152
976790,80786.26359999999
976796,103275.784
976831,130626.86
976844,212676.66
976846,151571.1933333333
976869,272712.346
976876,88893.9
976942,147619.10826666665
976948,258357.484
977106,86496.93550158732
977126,133312.656
977160,261093.83
977222,90250.0
977224,90250.0
977232,272920.5513333333
977312,432659.16
977316,84490.406
977321,244004.49333333335
977324,137587.47
977326,110223.896
977344,110255.3141111111
977374,73667.81724761905
977376,336055.826
977377,103524.69466666668
977379,155972.11
977412,127089.9129920635
977458,154436.38876190476
977460,139806.9566666667
977464,97577.68260000001
977488,234709.616
977506,2119414.762
977613,186927.1085
977650,99922.0
977652,274715.796
977653,81767.83964761904
977658,532734.8
977661,131327.21876190475
977687,93450.158
977726,71991.122
977754,249985.40866666666
977778,75579.51233333335
977783,69183.16600000001
977790,68885.54233333335
977815,157068.79466666668
977816,172932.708
977850,161058.69933333332
977854,67562.642
977860,234108.34
977892,149925.128
977893,174905.97533333334
977908,164473.32038095235
977923,257115.25466666665
977960,96171.00066666666
977971,88955.0
978147,215970.332
978197,57672.196
978202,129971.38333333333
978203,40000.0
978279,117899.48933333333
978321,138404.486
978322,92380.5
978325,95223.0
978329,134709.8913333333
978331,97419.674
978334,132182.59857142856
978348,126708.76
978375,96875.30933888888
978425,114310.004
978427,126396.566
978429,129310.89257142857
978432,154513.602
978444,283482.504
978449,199256.292
978673,431912.1213333334
978695,181073.788
978730,133468.398
978731,95431.578
978753,91053.6
978765,128538.26666666668
978789,69420.79428571428
978795,181884.204
978858,363735.2
978906,98025.35466666664
978909,304024.376
978910,223000.0
978912,304024.376
978935,90910.40000000001
978958,275000.0
978959,275000.0
978999,707553.4
979014,174676.12
979050,160180.22
979051,160180.22
979084,196078.296
979101,78501.4
979108,145246.4
979121,117969.844
979131,94660.796
979175,68098.27266666667
979191,354667.838
979243,53236.791666666664
979248,99586.633
979249,117186.376
979256,80013.84228571429
979279,70031.5
979282,70031.5
979283,103080.832
979319,146848.456
979358,382690.188
979369,138205.806
979393,128660.11715634921
979403,78744.358
979443,123191.488
979445,90400.0
979447,90400.0
979449,90400.0
979453,90400.0
979457,119177.4120952381
979458,496445.814
979468,137669.87895238097
979551,214102.77
979584,66740.28933333333
979587,300153.656
979595,94205.46418348319
979642,128873.276
979659,90000.0
979665,61863.512
979679,152961.06333333335
979743,78274.758
979750,84167.31181818181
979751,72714.13955238095
979812,93566.60693333334
979832,258387.198
979837,71442.22
979853,255884.32
979854,209552.776
979931,161322.476
980083,188347.1960888889
980197,110751.798
980233,142742.70616825396
980239,83084.354
980240,126732.566
980273,168567.026
980329,282957.87
980330,330426.7993333334
980349,80318.15
980411,409361.14
980460,65706.53333333334
980526,299627.7
980552,166936.26027777776
980564,101614.712
980566,101674.978
980601,131372.732
980692,94137.91435714286
980751,105390.70266666665
980849,91981.497
980863,107932.918
980864,185186.868
980867,113111.352
980942,839087.996
980981,184217.206
981136,156760.462
981167,108499.0
981169,186499.0
981268,94793.922
981269,94793.922
981270,94793.922
981332,84588.626
981380,78452.202
981464,131265.7474
981671,114000.65786666666
981683,667053.528
981684,1044735.708
981685,430746.878
981689,406083.59
981696,230576.1353333333
981697,281912.5786666667
981698,142349.29133333336
981699,141794.77133333334
981714,89844.20666666667
981742,133822.39993939394
981894,149962.6
981947,184987.426
982012,101323.88524175825
982055,85161.18133333333
982274,140284.05
982285,118031.19866666668
983029,307465.58
983030,307085.0666666667
983126,210868.66466666668
983170,91223.596
983293,200302.99878571427
983294,188615.118
983298,76234.55295238095
983374,96733.0
983378,215675.04
983651,157359.206
983752,100971.24
984096,81084.004
984122,64124.077333333335
984320,81750.48
984322,233706.934
984733,76484.98
984734,101409.357
984768,241999.394
984892,100813.146
985039,121329.254
985041,330000.0
985042,330000.0
985043,330000.0
985119,331812.9
985151,120871.97371428573
985154,117092.99133333335
985156,169766.84328571428
985159,401363.8675
985161,178227.0016190476
985165,751169.2026666667
985166,670374.648
985167,399190.55
985313,124616.206
985320,163409.958
985337,172964.826
985364,89015.674
985407,113673.68
985520,162849.552
985545,96064.61486666667
985670,126644.9652
985683,139653.104
985684,138889.24866666665
985767,160911.34444444446
985811,87600.0
985813,98235.975
985814,101226.06764120192
985815,98168.307
985818,95154.55833333333
985840,199400.0
985841,116100.0
985981,179071.852
986056,145788.92566666665
986103,116100.0
986115,94088.3388
986139,103792.94
986207,80879.268
986208,87893.95366666667
986212,121529.31333333334
986213,128422.464
986214,159423.77
986274,216124.24
986275,226031.6
986390,99689.19571428571
986417,102804.97833333335
986512,174877.489
986616,90902.05
986618,80670.092
987237,142076.27442380952
987240,136729.89718571425
987247,80492.88285714286
987346,206295.255
987563,158239.756
987614,305767.2
987631,274991.128
987671,208426.75780952378
987844,306524.826
987916,93821.158
987959,198393.41533333334
988030,86787.438
988085,190897.148
988120,79093.397
988128,109409.3
988131,81651.074
988330,276069.5
988404,168995.6233952381
988522,130721.62
988664,115056.30483333333
988763,76338.536
988798,114741.296
988844,137108.1053333333
988874,211048.508
988876,78417.0
988929,129338.5067364567
988942,114000.0
988993,351031.1405714285
989061,74094.30140000001
989298,105812.57187142856
989301,71658.5
989302,203240.666
989305,71658.5
989372,90103.8223181818
989373,90103.8223181818
989378,194149.5
989379,194149.5
989380,72653.89449523811
989419,78261.68228571428
989524,126973.46333333335
989588,118549.62711904763
989589,129230.028
989592,214520.9703333333
989593,90258.188
989666,88113.086
989733,188514.915
989814,82679.762
989873,109762.954
989876,114655.32993434343
989903,50228.97619047619
989933,82030.54247619047
989942,295061.178
989988,87235.5
989990,87235.5
989996,175164.708
990011,131595.178
990133,132145.57146666668
990149,183709.21254545453
990150,131873.53933333332
990151,131873.53933333332
990152,131873.53933333332
990166,125457.096
990272,404496.156
990286,108472.22133333335
990330,213641.06772380948
991069,156451.06533333333
991073,94814.23733333334
991157,75517.1192
991199,110457.0
991266,251838.23466666666
991272,615954.25
991278,82936.148
991349,140148.5703333333
991352,186017.25297113994
991425,191688.57647619047
991464,629332.084
991467,116062.56411969698
991468,130117.27885714284
991469,129773.27267777777
991475,101131.002
991477,120925.32133333333
991480,147612.494
991487,187888.4126666667
991490,87343.18276923077
991616,391356.84011111106
991701,144341.708
991703,116062.56411969698
991720,87322.246
991738,171500.0
991812,137422.92
991825,162950.538
991826,173781.018
991832,504778.4971428571
991836,304625.124
991895,71137.95066666666
991908,83706.72733333334
991913,85795.192
991940,125068.5559047619
992565,171048.50714285712
992574,200702.57485714287
992717,232205.96066666668
992721,147322.0313333333
992722,147359.86133333328
992724,94878.348
992726,92707.868
992727,136738.5735238095
992728,72089.74
992745,148220.4
992746,114936.46333333335
992775,126298.938
992783,94548.58866666668
992832,634809.046
992874,123345.15199999999
992899,82868.984
992904,85003.2
992948,131347.77606666667
992977,51183.96
992988,97784.31933333333
993216,82238.83866666668
993459,209425.68542857142
993468,303558.2
993509,132861.70995238094
993527,62109.74
994032,91017.228
994088,360400.0
994215,113563.578
994299,80823.73993888887
994506,137164.0518825397
994507,70594.426
994530,139057.2
994764,157825.936
994812,116190.55990476189
994814,116190.55990476189
994834,119323.97666666665
994906,176349.04386666667
994936,148000.0
994956,162882.80142857146
994960,126565.01733333332
994983,257121.488
994991,130000.0
994995,92359.14
995000,289905.2301380952
995001,126565.01733333332
995007,133576.6831111111
995008,124912.1465
995021,94460.228
995031,99677.0
995035,99677.0
995036,99677.0
995042,110144.0
995044,79205.28
995055,145647.014
995057,157654.9
995076,130067.57980952384
995118,143917.55533333332
995133,61773.0
995142,91967.4
995260,99926.2
995313,252301.864
995352,88355.00159999999
995366,80102.3
995437,157634.2212
995479,228004.8
995619,161163.5
995646,147815.918
995669,96976.01349523806
995780,75238.592
995874,225405.53333333333
995916,136498.536
995946,98938.22148275863
995947,79072.0
995948,305331.5533333333
996053,108684.74133333334
996103,283329.144
996178,93502.47355555555
996180,187269.8835
996184,154229.534
996364,78964.054
996473,401805.646
996581,166200.0376666667
996796,166990.054
996804,136911.5502
997041,181301.936
997166,298878.2607863248
997167,264157.028
997168,278411.2503333334
997186,106828.008
997196,95410.198
997244,113590.872
997245,173781.018
997392,111463.41
997403,197614.916
997443,173281.448
997541,812453.464
997542,654782.848
997691,259964.66228571426
997755,95653.596
997773,86985.962
997774,86985.962
997795,143604.284
997808,247092.622
997935,90859.454
998092,195174.62336068376
998095,858779.63
998098,182323.102
998275,141976.4
998276,71185.41866666665
998376,229398.780952381
998498,571366.916
998564,74363.826
998567,494809.66266666667
998574,88739.0
998575,157047.514
998577,71226.89466666669
998615,111855.46942857144
998616,85145.379
998620,84696.203
998621,84836.043
998622,114080.56096666666
998624,100592.76414141415
998645,99431.67866666667
998646,80012.948
998649,152937.026
998650,80546.79033333334
998651,89038.8851904762
998862,232596.99
998925,209917.126
999025,319436.59
999050,111382.71183333333
999543,84084.34866666666
999625,99715.96666666666
999712,217427.198
999754,249310.088
999960,107435.234
1000541,88416.6
1000644,493431.412
1000692,278530.1
1000727,324598.873
1001116,139520.608
1001294,234454.88721428573
1001409,211247.77199999997
1001421,120746.876
1001616,132825.0
1001945,122675.34933333333
1001991,251812.4477142857
1002183,90722.984
1002319,228198.068
1002326,129571.426
1002411,104536.116
1002412,65283.43
1002571,387747.7466666667
1002606,605410.0
1002607,605410.0
1002626,244912.7104666667
1002643,148154.95973888892
1002658,88483.86839999999
1002678,642973.838
1002694,129771.202
1002727,104928.016
1002742,193427.332
1002822,106022.962
1002827,119343.29999999999
1002861,112337.0
1002863,112337.0
1002864,112337.0
1002865,112337.0
1003030,274539.292
1003043,137365.6480181818
1003047,165645.554
1003089,101428.53066666667
1003171,427625.8
1003257,132736.6242857143
1003435,820020.28
1003611,91844.258
1003612,121421.232
1003619,91723.514
1003639,240525.588
1003692,73591.604
1003816,99492.53743650793
1003817,611791.982
1003836,121669.14933333333
1003840,189200.914
1003859,201282.21333333335
1003902,90728.918
1003907,153863.11704761902
1003940,65007.460366666666
1003956,292756.16644444456
1003974,130000.0
1003976,113000.0
1003980,113000.0
1003985,251643.33923654124
1003988,188822.90577777778
1004037,308720.5606666667
1004051,92582.5318095238
1004069,90189.04
1004074,101975.87133333334
1004075,110702.856
1004084,160382.9233333333
1004189,263836.29959999997
1004217,131350.268
1004262,162157.496
1004284,73599.355
1004331,814826.834
1004336,110462.32583333334
1004413,856286.222
1004421,199823.29733333332
1004490,727540.62
1004566,91969.278
1004579,80848.484
1004675,104709.71373333335
1004832,82553.56466666667
1004935,95163.3905
1005039,83358.044
1005060,79240.55
1005124,109380.24080000001
1005127,92994.832
1005128,87736.2
1005129,92691.59
1005130,137431.28
1005132,144785.79
1005134,148648.156
1005138,144529.318
1005236,139010.804
1005238,138957.404
1005262,166211.25933333335
1005413,72640.784
1005464,101139.6
1005466,287135.318
1005467,89728.232
1005547,83427.266
1005674,161269.2586666667
1005675,161269.2586666667
1005710,770970.6473333334
1005732,261101.14
1005936,99809.25264285713
1005980,88920.614
1005986,268668.2313333333
1005987,117918.03445238096
1006073,639653.996
1006141,337923.78471428575
1006421,244818.38
1006494,98964.72149807459
1006532,81211.61533333334
1006557,184464.54227272727
1006674,144918.132
1006675,104166.282
1006761,191668.882
1006797,118318.92
1006798,225151.8623679654
1006876,225020.46533333336
1006880,163929.83
1006988,119811.096
1007061,546172.712
1007082,236800.192
1007101,116195.29453333333
1007108,187012.31
1007109,82329.67866666667
1007172,486066.946
1007233,75135.256
1007235,73153.746
1007239,89631.05
1007271,93836.564
1007352,426862.058
1007401,90036.2
1007430,142903.217875
1007571,55216.99766666666
1007600,335754.941
1007789,88158.55500000002
1007797,96410.296
1007830,122446.12714285715
1007849,98463.89047619047
1007856,130812.52133333332
1007857,137463.6162
1007917,145088.4963333333
1007967,210362.58633333334
1007994,76991.904
1008148,62754.058190476186
1008157,209482.56
1008169,153537.366
1008170,191238.0
1008173,173553.55
1008307,347958.962
1008308,129930.32172727273
1008352,76552.18407619049
1008357,73653.083
1008358,180354.5606666667
1008361,73390.27846666666
1008386,156158.458
1008418,222754.536
1008428,86478.53666666667
1008433,86478.53666666667
1008501,187595.4
1008510,110579.436
1008550,91797.122
1008563,87900.0
1008564,87900.0
1008595,58938.794
1008641,104785.99185714287
1008677,108253.36466666668
1008707,169328.4525111111
1008732,147933.2
1008734,147570.6
1008741,92388.31
1008744,117292.734
1008749,276182.37615476194
1008759,134661.9075238095
1008760,134661.9075238095
1008803,190501.56
1008804,190501.56
1008805,190501.56
1008829,173547.3502142857
1008833,106752.21676190475
1008838,109912.924
1008855,168874.714
1008862,81602.07927272728
1008878,160770.04
1008892,214569.36707113998
1008914,251467.8
1008927,210000.83666666664
1008932,237198.05166666667
1009016,111895.13133333334
1009077,105751.98820303027
1009084,92422.72
1009088,105262.68466666667
1009218,86000.0
1009229,67325.16771428572
1009308,232883.7846190476
1009310,99256.982
1009337,232578.572
1009366,126725.37933333333
1009424,250716.29300000003
1009487,119116.19841666665
1009509,81910.00467441077
1009510,93500.50165128204
1009517,371949.512
1009520,133707.874
1009528,112968.274
1009530,105812.922
1009531,104194.44
1009532,104743.31
1009533,112968.274
1009534,115748.748
1009535,105812.922
1009590,74002.06443015873
1009596,74261.40006349207
1009672,82761.434
1009736,109584.074
1009859,134390.1353333333
1009864,227387.844
1009866,107480.728
1009891,90114.07
1009942,258079.612
1009948,111293.625
1009965,145000.0
1009970,145000.0
1010054,94022.4
1010066,119361.886
1010068,157253.92
1010069,157253.92
1010104,709532.266
1010110,115477.8978888889
1010185,227426.0
1010186,90994.0
1010276,185599.716
1010411,143899.71800000002
1010542,159027.81746031754
1010544,92500.0
1010584,280000.0
1010592,148240.46243809522
1010667,165000.0
1010678,159027.81746031754
1010679,171829.9106666667
1010680,171829.9106666667
1010686,247831.4
1010704,415544.2
1010740,162794.192
1010833,117491.04466666667
1010913,97019.96
1010950,130399.45666666667
1010951,86430.57266666667
1010980,80051.014
1010999,158488.924
1011028,88214.356
1011032,126058.54942857144
1011122,94041.664
1011132,81750.78266666665
1011134,81750.78266666665
1011135,81638.21933333333
1011148,110187.0
1011150,110187.0
1011203,345600.0
1011204,345600.0
1011275,137805.603
1011335,135626.612
1011414,127474.25133333333
1011429,100000.0
1011430,100000.0
1011489,84000.0
1011573,84000.0
1011574,84000.0
1011701,122597.22133333333
1011778,91300.0484
1011854,351194.232
1011914,112475.864
1012038,173422.34
1012128,110197.804
1012273,104775.464
1012311,116089.55482483302
1012320,109566.82959999998
1012331,493523.8
1012332,244327.16645238094
1012339,65425.026
1012507,114369.05448275863
1012542,117821.94466666668
1012574,243441.556
1012587,91100.042
1012712,709532.266
1012714,87397.968
1012716,82178.28
1012752,560693.456
1012830,125787.66214285715
1012898,422453.196
1012945,106007.804
1013031,128503.854
1013155,190501.56
1013161,134409.028
1013177,104001.03233333332
1013187,166066.8
1013234,190501.56
1013244,320396.798
1013288,189834.08466666666
1013290,112400.0
1013352,191717.2
1013443,157004.72906666665
1013494,129014.914
1013507,80587.886
1013544,316545.63669841265
1013547,113805.3429
1013630,87825.55976190476
1013704,281581.544
1013740,148073.196
1013742,117830.792
1013743,109197.626
1013786,214021.336
1013962,318591.442
1014083,164920.1284761905
1014108,103541.32
1014164,130559.70733333332
1014237,89370.186
1014240,155787.8
1014368,213654.01333333334
1014476,112488.48213333332
1014483,151498.0
1014498,105771.402
1014551,112598.88986652237
1014571,120765.466
1014624,146436.97
1014635,76458.91
1014637,128555.534
1014638,105033.98104761906
1014641,329615.26666666666
1014665,233058.414
1014669,98557.99
1014738,69825.514
1014928,657022.48
1014999,168663.496
1015031,87947.452
1015103,106193.148
1015125,201027.56
1015134,195816.43
1015243,132777.656
1015347,88707.534
1015350,127879.0
1015360,107203.67531313133
1015361,107487.67531313133
1015366,148000.0
1015403,151267.442
1015482,107000.0
1015484,186200.0
1015485,68370.40305238095
1015486,68370.40305238095
1015502,88216.46833333334
1015524,298838.996
1015534,342232.95
1015540,144207.025
1015557,82829.246
1015579,84097.55402564103
1015597,202021.34
1015681,101137.25233333334
1015697,179958.26453333333
1015714,181839.63559999998
1015804,65482.598
1015824,106610.9228
1015843,155500.0
1015872,86664.92533333335
1015908,103878.41707619047
1015909,117167.922
1015911,131645.558
1015919,137709.92546666667
1015920,109580.27733333333
1016040,100750.25714285714
1016042,133444.316
1016098,90869.99133333332
1016117,254540.046
1016413,361705.804
1016734,154224.434
1016888,114634.4801904762
1016927,135634.23533333332
1017116,143919.44894545453
1017118,106927.06246666667
1017166,145559.859
1017176,119265.596
1017264,107487.956
1017383,65769.0
1017418,105410.232
1017424,64637.20001683611
1017427,64612.20001683611
1017428,116172.682
1017503,89581.36
1017563,49287.50433333334
1017579,92355.64
1017600,291597.8013099415
1017626,75666.4
1017637,157130.3984
1017693,117228.42333333332
1017750,330000.0
1017763,221620.538
1017782,118900.0
1017792,553652.0
1017846,77395.914
1017992,371110.826
1017998,93660.0119047619
1018079,86361.74
1018135,170383.27845
1018136,192477.78533333333
1018166,729990.818
1018229,763942.638
1018248,140601.54733333332
1018257,144380.46
1018417,181156.83266666665
1018421,228857.306
1018428,106650.668
1018486,229390.00083333335
1018523,166935.0981666667
1018598,92991.432
1018621,78342.58761904761
1018671,85208.24228571428
1018822,198830.788
1018943,214271.48999999996
1019039,61724.3585
1019057,68825.34816666666
1019062,680941.5848571429
1019149,104327.47704229759
1019151,76657.53186238206
1019206,94096.778
1019298,104327.736
1019309,97810.062
1019343,409932.53892307694
1019366,141055.19
1019367,179605.62333333335
1019432,347016.004
1019561,176404.0851111111
1019575,146215.5653333333
1019659,230438.03723809522
1019668,80914.908
1019672,86270.991
1019681,96936.9785
1019683,132248.89758095238
1019686,94462.45212162838
1019696,119107.15473650792
1019720,189666.552
1019763,64646.42116666667
1019835,648286.042
1019872,93063.772
1019903,224378.693
1019908,198801.396
1019958,373825.592
1020047,341252.662
1020124,612245.848
1020278,84075.9652
1020508,115736.122
1020554,91054.028
1020672,133476.726
1020673,206538.75664285713
1020745,131897.62
1020844,102663.0735
1021039,193147.8051452381
1021263,88184.278
1021316,289996.3715142857
1021412,109891.34114285713
1021444,99276.10333333335
1021447,157301.05161904765
1021453,118739.31366666665
1021485,158546.039908046
1021500,67995.22581168832
1021509,78019.52266666667
1021520,91423.97933333334
1021560,158115.45190804597
1021605,75522.036
1021606,158763.174
1021607,143755.82969047618
1021749,246795.442
1021765,162381.4
1021768,120440.36523809523
1021770,168458.524
1021833,149486.46666666665
1021834,150409.46666666665
1021855,70944.60666666666
1021973,119723.92233333332
1022085,92653.65
1022163,136124.8666666667
1022166,327517.04
1022273,117600.292
1022312,104051.79971428572
1022388,76362.732
1022399,111119.872
1022582,125247.166
1022587,227402.818
1022588,261929.28593333333
1022596,124389.2
1022614,131755.136
1022695,195161.1173333333
1022704,84068.84876666665
1022715,123254.68393333332
1022716,123254.68393333332
1022717,112519.028
1022718,102973.418
1022719,112519.028
1022721,116806.73466666666
1022750,113773.102
1022753,117354.04
1022755,111748.26666666668
1022756,111748.26666666668
1022760,86606.40000000001
1022781,109527.26833333334
1022782,102828.777
1022787,109527.26833333334
1022790,102974.573
1022794,112519.028
1022795,102974.573
1022796,115754.12
1022798,102828.777
1022800,102828.777
1022801,112433.528
1022802,123254.68393333332
1022844,103896.226
1022848,115252.23966666666
1022960,103462.244
1023168,196721.816
1023169,196721.816
1023172,111748.26666666668
1023173,111748.26666666668
1023209,67565.742
1023230,119658.91566666667
1023304,90550.0
1023340,228000.0
1023351,292644.368
1023393,104367.60494545456
1023450,225825.09517460314
1023458,91685.768
1023465,91914.18
1023468,221354.0725
1023501,111290.2
1023505,138140.81504761905
1023508,100032.41719047618
1023511,100032.41719047618
1023512,138220.81504761905
1023513,138140.81504761905
1023514,138220.81504761905
1023518,136059.147
1023520,100032.41719047618
1023521,138220.81504761905
1023552,152882.798
1023559,700632.3681666666
1023590,198896.5503333333
1023664,128993.57143888887
1023676,207569.25614285714
1023677,194108.886
1023744,142489.48146666668
1023764,116166.5563076923
1023774,448151.85
1024012,149711.048
1024071,81212.70512857143
1024126,96774.598
1024133,93220.50133333335
1024324,185855.8529904762
1024371,177393.254
1024444,86726.48266666669
1024449,60006.56
1024456,511815.7961428571
1024463,208643.3789
1024474,237580.2
1024477,149198.028
1024508,83361.216
1024529,94407.47086666667
1024536,158049.17
1024590,144555.06
1024625,199985.508
1024628,171316.432
1024636,94931.70591666666
1062270,152939.79771428573
1062278,497407.4
1062287,133975.248
1062389,288315.728
1062404,92087.158
1062442,100445.32155610532
1062482,410000.0
1062512,147204.322
1062516,158550.97219047617
1062537,149907.6
1062557,250180.66666666666
1062572,65204.34914285714
1062643,153522.294
1062645,109504.49266666667
1062676,117253.53733333334
1062691,210477.21533333336
1062714,69995.36847619047
1062737,437177.098
1062839,141736.737
1062840,175836.31582936502
1062844,151861.21453333332
1062946,124208.02683809523
1062972,91150.03621666667
1062991,86215.27933333334
1063009,131132.664
1063010,170440.9416
1063011,127721.384
1063045,135153.23
1063050,393894.06
1063051,147862.27
1063070,74759.14066666666
1063106,276148.212
1063130,106720.92366666667
1063217,186131.405
1063317,366297.258
1063480,97107.73494047618
1063535,99825.44133333332
1063601,250770.096
1063668,158030.2573333333
1063704,82998.4470865801
1063829,117323.9346
1063862,134981.414
1063906,164450.524
1063923,208847.86857142855
1064029,71640.20066666666
1064042,251109.194
1064047,93742.7565
1064050,63101.95
1064059,130308.932
1064061,90831.20966666666
1064082,176536.22466666665
1064093,165909.02453333334
1064155,60028.952333333335
1064165,68211.77761904761
1064170,221161.03983333334
1064189,152807.442
1064253,70613.12189010989
1064260,50431.884
1064263,182586.7861111111
1064289,62598.76
1064327,182014.55066666665
1064340,90762.87466666667
1064342,89521.45
1064347,422046.99206666666
1064358,99953.18
1064389,257726.02815
1064391,637017.613
1064393,212346.882
1064415,145817.4
1064420,89792.672
1064421,95672.03433333334
1064424,137735.59416666668
1064425,110879.638
1064433,97623.8553904762
1064438,302886.23952857143
1064469,152038.508
1064535,97603.02833333335
1064536,175486.7273333333
1064538,175486.7273333333
1064539,512075.37
1064552,385899.59466666664
1064556,66966.778
1064605,101972.15869444444
1064632,189542.87173333333
1064660,466832.224
1064707,139773.2371666667
1064708,70061.004
1064709,194298.68933333334
1064715,131267.234
1064718,171703.61268253968
1064724,122209.02966666664
1064774,77611.492
1064782,144159.91517142855
1064786,94747.544
1064791,94112.288
1064836,654326.678
1064856,122698.344
1064863,173515.62733333334
1064870,116277.86
1064872,111677.026
1064873,99241.52833333334
1064904,161641.54
1064906,127806.484
1064997,237968.996
1064998,316267.63
1065033,94944.36371428572
1065055,188799.0
1065146,148141.08866666665
1065162,176375.1839047619
1065164,123023.99
1065198,399867.5126666667
1065199,399867.5126666667
1065201,156679.91466666668
1065202,110624.236
1065203,113024.678
1065246,102097.696
1065262,159340.504
1065274,108417.726
1065275,162616.8060952381
1065297,91726.81533333333
1065304,216108.362
1065320,182008.334
1065322,171021.692
1065328,140027.98
1065359,115533.19673015873
1065372,170322.31613333334
1065374,87929.55466666666
1065377,143497.43916666665
1065396,116758.376
1065406,245019.024
1065413,86862.49133333332
1065448,72023.8
1065477,147487.59
1065483,165195.32266666665
1065488,100043.692
1065529,170442.3259047619
1065572,204322.344
1065607,99970.28
1065613,175486.7273333333
1065615,175486.7273333333
1065617,178259.876
1065619,74862.08066666668
1065621,175486.7273333333
1065641,115036.82933333334
1065658,122899.542
1065662,90247.878
1065702,135251.31033333333
1065761,145423.07
1065771,81670.83333333333
1065835,172195.394
1065838,250639.806
1065848,111787.8286190476
1065852,104445.16023809524
1065855,121467.48066666667
1065857,92123.63
1065859,88319.02
1065883,152279.328
1065901,149503.656
1065927,186740.61742857142
1065939,185334.192
1065940,198092.89266666665
1065970,199075.38516666667
1065973,146850.0
1066009,101750.75666666665
1066029,127186.506
1066035,131477.578
1066052,154369.1672870657
1066060,101249.45688888889
1066082,119768.482
1066109,122872.607
1066119,81812.2455
1066134,145642.34333333335
1066159,95347.86933333335
1066160,88534.592
1066161,96089.332
1066162,88534.592
1066163,96312.332
1066170,124479.51120000001
1066171,96312.332
1066172,111749.782
1066174,145075.986
1066191,125342.59041558442
1066194,493484.0
1066245,120588.47
1066361,94321.28907215004
1066365,345696.412
1066375,75574.29324786326
1066378,111545.41685714283
1066379,179163.93733333334
1066409,142288.27183809524
1066413,433282.71
1066448,99428.675
1066476,268279.86385238095
1066524,95576.24
1066548,102321.362
1066602,174200.1496
1066603,114028.94133333335
1066605,158633.06
1066643,93411.706
1066644,197311.94
1066664,81851.23966666666
1066730,171356.31
1066734,141107.485
1066736,151245.73157575756
1066759,152538.97333333336
1066761,75628.97442857143
1066772,147172.3186666667
1066792,260023.9886666667
1066795,128435.3625
1066832,85466.02679999999
1066845,96042.18890476189
1066847,176698.856
1066938,355371.372
1066944,236087.994
1066988,113407.60793650795
1066996,207377.26466666668
1067005,69694.2
1067009,177817.7322830503
1067011,208113.63933333335
1067037,78447.506
1067063,110793.444
1067064,90396.772
1067088,87865.018
1067115,179149.77266666666
1067119,174132.302
1067291,145000.0
1067363,137604.136
1067374,189741.986
1067395,176488.91466666668
1067402,118094.61333333333
1067412,216409.338
1067425,124760.80070476192
1067428,213091.736
1067430,178369.24274170276
1067435,159859.5211595238
1067478,759010.188
1067512,145000.0
1067533,166444.716
1067536,115110.58333333333
1067549,116583.726
1067555,176620.3881904762
1067557,152512.7713333333
1067570,198183.82
1067575,287674.8719653679
1067577,115223.31466666667
1067578,115223.31466666667
1067584,191171.34
1067596,105185.93090476192
1067598,117106.837
1067614,184278.27846666667
1067631,381737.9276666666
1067649,83532.89133333335
1067652,57120.54333333334
1067687,328201.782
1067688,80153.558
1067704,98310.34
1067705,146759.266
1067731,134322.6658095238
1067746,115714.754
1067756,139907.916
1067777,93418.07266666667
1067793,278755.2480238096
1067808,128384.1822054945
1067821,108366.246
1067834,128783.02446666667
1067846,70074.36887590187
1067850,220386.18
1067853,296106.052
1067863,455921.93
1067913,148574.398
1067914,102661.75906349208
1067962,75880.096
1067999,110353.266
1068022,74051.344
1068055,140681.83866666665
1068076,125155.84285714287
1068078,180040.048
1068136,111417.761
1068137,145477.45366666667
1068155,270128.0
1068157,181416.042
1068158,123653.552
1068173,106262.46133333333
1068240,176922.12733333334
1068266,225407.0568
1068324,99784.97
1068360,388938.892
1068386,185032.652
1068396,127000.0
1068406,78354.544
1068409,102452.764
1068414,162523.5203166667
1068466,120956.804
1068489,127137.37813333333
1068501,163760.0884761905
1068520,438675.8
1068533,367163.12677705626
1068611,128384.1822054945
1068645,100389.71766666668
1068683,561168.992
1068685,215667.96
1068698,70074.36887590187
1068703,184278.27846666667
1068737,99517.468
1068751,114000.0
1068752,66495.186
1068797,115198.21672005774
1068824,184593.729
1068840,97231.5250909091
1068894,89641.52659523812
1068949,118251.488
1068954,525150.024
1068960,95710.798
1069002,91954.756
1069029,87259.58
1069034,128885.41466666666
1069058,87259.58
1069115,182470.824
1069117,52045.732
1069137,83903.55657142855
1069138,93509.69
1069204,193042.259
1069246,154176.406
1069293,438657.148
1069308,73781.34433333334
1069388,139036.08
1069416,99203.89420000002
1069429,93523.64333333334
1069430,154202.2011904762
1069489,248769.33
1069539,219010.14133333333
1069541,90369.37966666667
1069543,145895.56081904762
1069544,107031.778
1069545,101598.862
1069602,215865.29788095233
1069619,118542.0
1069633,97568.2366
1069662,98304.58047619049
1069672,162168.81
1069673,133313.34497142857
1069712,116758.204
1069750,99873.96
1069782,84838.664
1069813,82885.1
1069835,103395.706
1069857,221074.012
1069881,117146.46666666666
1069973,129836.236
1069981,110539.166
1069982,146136.29013333333
1070002,144243.38
1070067,107267.649
1070070,105276.216
1070084,107584.844
1070089,248834.03933333335
1070103,135396.34
1070165,168976.72
1070183,74120.202
1070185,147214.49083577536
1070208,143962.736
1070245,100161.396
1070308,103249.226
1070362,132034.896
1070374,170856.2363095238
1070378,142632.982
1070388,109883.992
1070394,169198.646
1070438,279028.79
1070454,104030.44666666666
1070455,104928.18215151515
1070456,106703.314
1070463,94130.99550151515
1070467,120359.3626
1070469,106156.39
1070498,140650.4049090909
1070501,126622.99066666665
1070516,136082.552
1070554,268568.67733333335
1070570,144554.56657142856
1070573,279925.0546666666
1070643,166110.89280476188
1070656,171026.126
1070675,93743.08377777778
1070677,92494.992
1070707,61398.001777777776
1070760,138362.678
1070770,215688.6
1070862,109230.62533333334
1070866,182191.562
1070907,249147.2
1070916,162273.288
1071031,181593.69285714286
1071038,222799.026
1071042,89736.27543434344
1071045,481924.338
1071046,202903.16
1071118,140482.52
1071145,128093.991
1071161,108721.72275
1071166,117079.83
1071202,158322.0695333333
1071335,96280.87133333334
1071349,148245.62652380954
1071350,148818.53633333335
1071356,219716.89933333333
1071357,92054.89933333335
1071360,120353.248
1071370,121812.54342857143
1071376,741788.598
1071378,138296.81795238095
1071390,391969.79294736846
1071413,155488.788
1071414,124072.20833333333
1071415,162620.558
1071419,78833.912
1071427,118963.66133333332
1071430,179160.6
1071434,167359.48719999995
1071481,188710.492
1071503,102593.42760000001
1071504,102805.42760000001
1071532,209889.163
1071537,132865.48543571428
1071551,110732.03124164957
1071574,154222.588
1071613,181608.4
1071621,74353.586
1071651,102576.26954761906
1071653,101928.81653333333
1071669,115085.12133333333
1071704,303376.3775555556
1071722,384695.798
1071727,177801.72933333335
1071737,126005.72
1071740,90803.53733333334
1071782,204373.16
1071889,207747.38533333334
1071899,439510.23033333337
1071920,109212.94466666666
1071948,123307.29730339105
1071950,149623.438
1071983,189031.02
1071997,248879.748
1072066,168263.8693333333
1072080,140382.854
1072081,376837.6053333333
1072086,122554.062
1072176,83246.899
1072178,78145.764
1072201,146844.456
1072204,136491.332
1072219,206975.66666666666
1072229,228528.88733333335
1072242,125136.942
1072245,76185.94104761904
1072249,81306.393
1072259,327512.126
1072306,114693.36645
1072320,78184.47180952382
1072326,176350.87
1072334,174729.95633333334
1072345,92744.17383333335
1072353,174737.47019047622
1072382,178910.4354142857
1072387,208892.156
1072403,149414.2708
1072484,162755.016
1072487,188334.3542222222
1072490,189980.86257142856
1072493,178692.26803174603
1072503,101095.13533333332
1072536,103299.92
1072548,231783.93666666668
1072599,357467.12933333335
1072627,174218.51933333333
1072632,162184.446
1072681,69409.35183333335
1072729,167935.53
1072752,177727.138
1072775,339655.54
1072776,163858.1795
1072779,334921.34
1072780,211946.40266666666
1072784,159246.86
1072800,55079.388
1072809,1329552.1064666668
1072819,88337.29
1072842,134315.046
1072873,225956.0459047619
1072880,126744.118
1072894,85754.36542857143
1072901,90054.83466666668
1072913,167774.988
1072929,152144.82466666668
1072973,82929.07
1073092,398877.8893333333
1073108,114584.4
1073195,114090.602
1073200,81582.394
1073209,54600.0
1073215,181266.2193333333
1073216,181266.2193333333
1073217,181266.2193333333
1073218,181266.2193333333
1073219,124950.0
1073220,181266.2193333333
1073221,124950.0
1073222,181266.2193333333
1073223,181266.2193333333
1073224,181266.2193333333
1073225,124950.0
1073226,81170.69
1073228,81170.69
1073229,81170.69
1073234,72383.596
1073238,91520.108
1073240,135563.682
1073251,292183.8
1073388,83832.612
1073391,127354.08742857144
1073420,113320.07666666668
1073428,253414.605
1073465,144208.49866666668
1073471,193131.5
1073484,181266.2193333333
1073529,101815.4
1073563,108477.4
1073604,105799.91
1073621,256022.894
1073622,123725.688
1073626,513723.002
1073663,108459.978
1073675,656219.306
1073681,94156.62039999999
1073695,122553.602
1073753,172163.828
1073779,118637.28453333332
1073844,101470.16
1073846,117346.198
1074053,237818.0
1074196,210466.27866666665
1074279,85472.304
1074340,173499.086
1074532,168667.03676190478
1074540,544726.382
1074548,149790.32
1074550,168106.292
1074554,337112.0
1074575,106075.27422222223
1074579,127847.746
1074603,111114.09733333332
1074607,104637.916
1074608,153841.468
1074643,134222.28
1074677,395581.1215695677
1074682,198233.285
1074697,108842.236
1074710,222460.262
1074741,627363.318
1074816,270801.324
1074821,116665.6812
1074882,211188.116
1074943,126020.766
1074946,181531.36933333334
1074968,68053.2255952381
1074991,58964.2962173826
1075071,268328.9606666667
1075075,161699.978
1075078,153564.59
1075192,106992.48266666666
1075221,156453.0781904762
1075262,123850.838
1075320,57420.998
1075321,57420.998
1075527,358643.6
1075555,99067.29
1075566,135404.418
1075576,105064.622
1075621,567735.3
1075623,210127.64333333334
1075669,103687.5
1075694,515407.194
1075794,157924.15666666668
1075855,173268.186
1075875,98636.356
1075876,98636.356
1075878,129393.58933333334
1075902,131456.848
1075981,93118.18083333332
1076017,197288.938
1076028,147597.656
1076116,152961.542
1076133,70972.02
1076153,148927.532
1076223,70070.059
1076232,225932.4726666667
1076237,133835.4
1076242,153910.308
1076246,224062.152
1076250,83952.228
1076256,113150.064
1076265,159205.65668015875
1076270,96628.03933333335
1076275,161764.154
1076282,231738.956
1076297,563262.1713333332
1076314,289959.884
1076342,82317.58166666667
1076353,83297.12
1076399,119182.40866666667
1076400,95735.444
1076410,85009.48955555557
1076411,76493.01
1076419,151080.927
1076451,201217.2
1076453,265763.498
1076479,98203.4
1076502,69241.8
1076505,180516.208
1076512,137209.746
1076516,92799.5
1076615,95585.53066666666
1076618,143941.24352380953
1076619,290191.066
1076637,103687.5
1076655,222719.7245
1076670,123517.85386666664
1076672,167661.336
1076751,237314.19733333332
1076780,112809.53266666667
1076822,102574.29933333333
1076837,560556.91
1076848,189979.93
1076851,143767.07933333336
1076867,147181.32
1076870,229011.328
1076873,95291.746
1076877,277538.524
1076899,439120.35
1076928,245489.27860000002
1076931,328647.8
1077002,102544.628
1077007,795327.556
1077008,673238.558
1077013,101171.9631
1077024,112924.37277777778
1077043,95326.058
1077056,91221.94133333335
1077067,140099.3866666667
1077162,573643.4
1077187,638063.2
1077265,344341.214
1077596,476260.46
1077624,222202.08800000002
1077752,102000.0
1077787,190847.744
1077884,104031.52133333332
1078098,152002.296
1078219,159260.47914285713
1078257,71958.5361904762
1078341,270652.02366666665
1078355,149995.13553333332
1078360,166436.648
1078409,120887.89
1078431,107350.58457142857
1078454,131912.24035238096
1078476,75376.732
1078477,187736.89333333334
1078497,259463.00409523808
1078545,200306.462
1078556,202677.689
1078564,232433.062
1078585,219593.90666666665
1078640,121226.8248
1078648,93405.28999999998
1078660,624701.3276190476
1078685,250146.496
1078699,102385.64333333334
1078723,231916.684
1078725,92840.95896666667
1078736,604069.614
1078773,85738.504
1078806,95535.50371428572
1078814,199280.17857142858
1078885,276781.848
1078899,65623.64
1078908,173427.9726666667
1078969,187064.52204761902
1079020,161284.47666666668
1079036,165339.5513333333
1079059,356543.286
1079068,89678.08
1079153,196645.0616
1079183,144714.402
1079230,91164.396
1079254,108544.9932
1079277,125299.2041904762
1079282,152143.5465
1079294,122620.876
1079320,350569.59
1079334,109290.5
1079343,145293.21866666668
1079356,155087.1
1079382,69692.11692110506
1079459,256997.00873333335
1079463,121127.81847619046
1079464,199343.3745
1079479,148500.0
1079483,124850.0
1079497,258928.794
1079498,258928.794
1079503,137182.768
1079504,130907.568
1079528,133050.0
1079568,167454.168
1079600,152110.926
1079607,187205.12769999998
1079608,146598.302
1079612,146547.902
1079618,67893.27342857144
1079705,146598.302
1079766,90533.278
1079842,74566.013
1079850,143153.15085714287
1079853,179740.99
1079868,84791.315
1079892,111697.532
1079895,95416.5897619048
1079928,289666.208
1079992,123463.8
1079994,120717.37554112553
1079995,123463.8
1080005,169869.27271428573
1080008,160950.5538238095
1080010,100917.97866666666
1080011,164198.86285714284
1080015,159027.088
1080025,164090.792
1080028,54881.36
1080030,77725.438
1080032,119109.02103888887
1080034,145784.8646666667
1080037,545600.642
1080063,69791.369
1080064,68712.716
1080065,68907.556
1080066,92400.268
1080069,188900.05899999998
1080072,221921.772
1080077,102834.716
1080111,97885.332
1080133,80478.368
1080147,125828.9985
1080162,172702.73266666668
1080187,260617.624
1080200,163318.14533333335
1080279,216055.682
1080290,89070.65736428573
1080292,87347.93481746034
1080299,62252.0
1080327,91389.77833333335
1080328,107139.82366666668
1080332,89602.30956666666
1080334,90931.578
1080342,130503.09847619048
1080343,189684.49310000002
1080364,271846.91
1080379,127852.91893809524
1080382,62252.0
1080383,68073.5
1080399,89682.41122857144
1080401,651935.998
1080426,153637.786
1080440,88722.44413333334
1080450,106155.432
1080465,110975.674
1080482,205951.798
1080485,166212.06666666668
1080507,371029.0
1080562,86761.394
1080606,394276.4578333333
1080621,96691.64
1080633,146915.77666666664
1080663,173754.27
1080670,80774.658
1080752,148087.71306507936
1080755,98842.948
1080757,316569.548
1080776,89757.27733333333
1080802,93854.35733333335
1080807,186094.8
1080836,209001.13266666664
1080849,171916.324
1080858,132364.30939999997
1080859,183481.67504761906
1080914,187201.512
1080921,63160.2
1080937,165114.364
1080977,67037.6895
1080980,82705.776
1080983,98690.612
1081011,82401.27066666668
1081038,229795.1176
1081055,222302.712
1081112,120500.0
1081125,114180.39766666667
1081153,146128.33333333334
1081170,383949.204
1081201,425347.218
1081232,183475.162
1081267,404236.518
1081351,95137.29
1081356,116876.608
1081395,163195.562
1081435,89832.472
1081436,117823.90378888889
1081442,212292.402
1081472,140350.9726666667
1081487,109727.51266666666
1081508,647177.952
1081512,131373.51
1081528,100299.128
1081552,149475.75033333333
1081575,86761.71466666665
1081706,155874.59716666664
1081782,119650.18333333335
1081785,125671.628
1081787,182399.7064
1081832,105216.28566666666
1081833,115395.45519047619
1081838,83508.4225
1081841,489765.376
1081843,83508.4225
1081844,83508.4225
1081848,105250.0
1081869,142746.836
1081902,110746.3835
1081903,110746.3835
1081908,103326.9488888889
1081924,74480.48820238096
1081936,286741.96
1081949,192554.19
1081970,187583.20333333334
1082039,120361.496
1082045,118004.56733333331
1082046,115525.906
1082048,172851.21585714287
1082118,132617.58866666665
1082145,75130.43616666667
1082147,93528.996
1082163,110441.314
1082251,161450.912
1082254,300259.36
1082255,158698.81443333335
1082327,85788.872
1082342,111666.626
1082343,176690.91666666666
1082360,188386.53942857144
1082376,386710.13371428574
1082382,171209.76
1082390,165657.842
1082417,113538.23383809526
1082420,117689.0
1082432,450444.142
1082441,167853.868
1082442,183644.636
1082461,261057.278
1082482,148865.724
1082483,68646.858
1082488,567974.522
1082504,133328.15980000002
1082508,140321.7594476191
1082533,95142.52946666666
1082548,245224.53741269844
1082549,121076.718
1082586,101091.436
1082640,222480.98619999998
1082677,269069.73925
1082833,100249.73377777777
1082840,196204.1113333333
1082846,197902.82923809523
1082857,327405.572
1082863,170000.0
1082867,198216.354
1082927,121334.95066666666
1082928,116994.43937142854
1082958,393013.144
1083026,181720.296
1083029,525439.6700952381
1083052,426271.49916666665
1083095,88156.064
1083118,143056.526
1083122,239414.20533333332
1083137,207497.684
1083208,256396.838
1083251,152459.3549
1083264,191343.524
1083284,267397.931
1083291,93500.0
1083296,93500.0
1083300,93500.0
1083303,93500.0
1083345,95710.05428571429
1083382,125584.71853333333
1083388,62261.09
1083392,137690.106
1083402,141027.0485
1083405,172446.56
1083495,102032.02440743144
1083545,125762.766
1086147,213041.64666666667
1086216,204816.58
1086243,146667.896
1086254,62251.38565079365
1086282,156040.896
1086309,188310.7208
1086312,118850.932
1086333,71759.50266666667
1086344,77269.65
1086616,102726.38819999999
1086670,208113.63933333335
1086770,178769.644
1086802,161742.212
1086813,110387.45866666667
1086818,181238.876
1086819,268663.49733333336
1086820,97158.02066666668
1086826,132871.22
1086827,88257.78866666667
1086842,87901.01266666668
1086844,97158.02066666668
1086846,87901.01266666668
1086847,88257.78866666667
1086848,132871.22
1086864,470894.263969697
1086917,197934.75415238098
1086918,79312.0
1086963,224901.506
1086991,130025.1160952381
1086999,92463.67025396826
1087035,112653.69804999999
1087054,168601.93016666666
1087111,149948.678
1087112,139705.8012
1087115,455136.14
1087116,176887.85666666666
1087132,234995.998
1087135,98049.498
1087193,149642.256
1087235,157629.04399999997
1087237,142185.6
1087238,140952.754
1087241,124807.856
1087288,520220.6
1087329,81043.77114285713
1087340,365737.992
1087346,283195.527
1087349,201532.8451428571
1087375,278230.09
1087389,380730.73133333336
1087406,112864.10000000002
1087423,398998.556
1087432,300261.6553333333
1093650,63743.302
1093654,182678.266
1093657,201931.27533333332
1093659,108719.316
1093661,108719.316
1093675,156941.84476190474
1093684,128215.18682539686
1093703,170925.25712499997
1093710,99286.10486666666
1093711,135786.05933333334
1093718,68185.93
1093725,117440.28133333335
1093808,630617.416
1093813,156113.816
1093816,247757.186
1093817,105335.87952380952
1093845,410833.886
1093848,106564.99066666666
1093904,141081.348
1093906,145858.514
1093909,264290.06815
1093920,132649.40933333331
1093958,147420.91666666666
1093960,310021.336
1094005,522537.96444155846
1094008,163505.5237777778
1094012,81568.08133333334
1094018,103409.164
1094108,113961.0899873016
1094111,200187.516
1094126,114219.418
1094128,556169.752
1094133,106068.67404761906
1094136,277583.9582
1094142,235674.186
1094151,58660.84
1094174,118409.166
1094196,193346.468
1094198,98094.59866666667
1094232,104322.60333333335
1094299,164789.126
1094334,339715.306
1094348,123870.7861
1094353,109708.732
1094362,120787.686
1094412,933924.388
1094416,119409.784
1094419,516447.2871555943
1094463,126135.53666666668
1094464,161748.03799999997
1094519,177630.166
1094530,101372.134
1094531,101372.134
1094538,102659.18107142858
1094590,116944.994
1094633,122095.47266666668
1094660,95622.50055555557
1094668,103197.43
1094694,104594.239
1094714,138654.354
1094717,190833.1105
1094747,157897.3202
1094771,639125.0
1094773,321425.6
1094779,92803.024
1094810,171407.46760317462
1094817,124894.302
1094818,120235.43618253968
1094822,71713.99066666666
1094855,146663.984
1094858,141959.388
1094864,391090.14
1094895,199199.952
1094910,114985.0
1094939,102805.98466666667
1094960,107778.914
1095019,1185286.8486666668
1095021,796041.01
1095025,166741.226
1095029,161593.0633095238
1095031,162167.35618571428
1095067,91314.4
1095105,224658.38733333332
1095126,155582.044
1095135,136369.89733333333
1095139,129882.38533333334
1095146,123037.83
1095292,217034.828
1095313,68261.252
1095326,146770.4
1095334,57109.0
1095343,98705.372
1095383,124895.34733333332
1095399,174640.31533333333
1095416,229201.6
1095448,209765.9078095238
1095478,104415.63
1095480,145493.374
1095496,119680.884
1095500,162769.016
1095529,73643.716
1095536,323567.67580952385
1095552,340441.856
1095588,88866.31066666666
1095624,371965.198
1095650,91254.91866666666
1095691,834407.78
1095735,117454.03876190475
1095799,218714.23966666666
1095804,172725.96277272727
1095810,142913.59025757576
1095827,214111.08952380953
1095841,218299.56466666667
1095853,145584.77
1095860,181653.456
1095866,92771.974
1095906,132341.484
1095907,366343.92
1095926,233778.984
1095949,142656.373
1096078,123491.36
1096079,125983.214
1096090,98537.13666666667
1096148,214251.812
1096213,222513.73371428574
1096235,126386.592
1096271,152631.408
1096279,69056.83466666668
1096316,227242.48882539684
1096318,701083.006
1096335,338018.8868888889
1096339,127673.554
1096405,282033.5666666667
1096417,120834.436
1096464,100972.827
1096480,118019.235
1096484,169021.272
1096513,228474.78533333333
1096539,181456.65933333331
1096546,87602.232
1096550,215577.166
1096556,111067.32426984127
1096573,267816.7853535354
1096583,232576.7033333333
1096585,235269.164
1096590,209776.00826651126
1096593,151495.93066666668
1096600,136757.608
1096627,110344.91266666666
1096631,142576.934
1096691,156806.302
1096700,91022.60666666667
1096716,229265.65
1096723,292397.93
1096749,174827.34842063495
1096777,181652.314
1096784,107119.587
1096858,366627.446
1096873,184812.30433333333
1096921,137454.1935
1096936,195615.27209523815
1096968,98622.79533333334
1096972,144346.02933333334
1097023,126972.722
1097024,606586.1047359307
1097040,254898.884
1097041,318388.6634805195
1097045,215778.08947619048
1097078,568716.0657676768
1097079,568716.0657676768
1097082,89627.404
1097084,97992.48333333332
1097102,139391.98
1097259,136445.922
1097283,141700.248
1097365,174717.28333333333
1097366,140314.747
1097476,771834.026
1097499,81206.20266666665
1097500,117204.44378095238
1097511,205410.922
1097514,376167.992
1097544,144085.114265873
1097562,132461.25823333333
1097569,86456.59
1097597,179501.49333333335
1097609,145290.594
1097635,110111.188
1097650,82928.17933333333
1097655,141744.77134554333
1097659,118265.4087
1097664,100734.4576229548
1097673,208637.61
1097675,122331.90162914862
1097698,136159.15666666668
1097718,134389.09383333332
1097755,247746.2
1097767,139370.668
1097777,196989.679
1097778,103752.41466666666
1097795,701492.912
1097861,113165.942
1097886,129051.518
1097887,155768.6645
1097888,151406.9
1097928,205211.494
1097949,177222.79480952385
1097975,309042.424
1097993,270195.086
1097994,271087.41439999995
1098066,161365.7773333333
1098122,124695.39200000002
1098125,169348.1113333333
1098140,171188.79
1098199,324826.75
1098213,98152.3058857143
1098215,135460.612
1098219,188583.48463492066
1098228,116883.33066666668
1098252,308352.798
1098268,161255.4779285714
1098275,147260.32330000002
1098362,91800.0
1098365,849346.306
1098396,87068.80133333332
1098468,118787.27984149185
1098495,84035.2
1098569,78411.66666666667
1098588,441366.0
1098633,88548.11333333333
1098693,386126.37
1098698,153556.399
1098706,182064.092
1098771,88933.57282857143
1098971,49457.916
1098987,151019.052
1098991,153738.54
1098994,198705.0
1099004,130530.21911428573
1099021,114515.06563333335
1099030,109977.686
1099038,95162.968
1099039,173028.336
1099045,357831.4
1099133,350415.246
1099137,102566.84999999999
1099153,185594.738
1099180,185655.55733333333
1099183,324977.354
1099184,88833.844
1099199,119896.01933333333
1099315,211514.336
1099316,126850.19100656564
1099320,149908.6132121212
1099323,236118.03495238093
1099326,180343.3429904762
1099329,79236.638
1099335,195338.508
1099338,116428.31
1099342,151838.198
1099350,150595.89
1099351,99436.644
1099359,113256.02558333332
1099364,96579.78210163169
1099366,163249.604
1099382,183406.12
1099383,750808.858
1099407,113846.47438095238
1099414,129879.712
1099441,136065.52333333332
1099447,117326.954
1099465,98604.35
1099469,163058.4685
1099488,129215.76666666668
1099520,160213.66933333332
1099562,209505.207
1099567,110182.64616666666
1099623,209020.05
1099651,85416.308
1099664,137035.97566666667
1099665,137035.97566666667
1099671,157378.898
1099702,101205.45466666667
1099722,106696.8
1099725,51755.764
1099726,47501.7619047619
1099728,47307.856
1099729,46645.8
1099734,84758.45533333335
1099740,91413.97064285714
1099743,200681.08
1099768,156307.458
1099774,1213198.384
1099796,135425.26621428574
1099815,156269.374
1099837,238362.778
1099916,281807.06
1099928,85870.51142857144
1099941,90581.92466666667
1099946,106881.35
1099948,52614.598
1099950,51910.06
1099972,101360.0055
1099995,130038.23839999996
1099996,121793.052
1100056,176720.85758730158
1100076,180845.0092280303
1100169,422881.0
1100171,81007.784
1100178,228397.076
1100189,81227.13428571429
1100191,59866.708
1100192,59478.8
1100194,107485.882
1100205,91326.27
1100224,112387.2
1100257,204710.7
1100317,103470.202
1100329,77228.12933333333
1100345,107407.93666666666
1100388,229259.946
1100391,94504.522
1100460,215436.782
1100509,105151.25433333333
1100516,210500.0
1100532,225346.19104761904
1100537,61634.126
1100548,376715.136
1100583,243475.79
1100596,210500.0
1100601,366315.9446666667
1100611,107340.32
1100619,202067.60333333336
1100658,262156.31266666664
1100660,196645.0616
1100674,112820.15959829059
1100682,125226.716
1100692,115854.598
1100719,97878.616
1100743,319738.758
1100780,93098.79103333333
1100810,197801.70828571427
1100829,208545.10333333333
1100840,138364.29589610393
1100852,215022.93066666668
1100865,105279.97573333334
1100897,107993.50933333334
1100931,103957.30885714287
1100932,103957.30885714287
1100938,368752.7483627543
1100944,189176.14666666673
1100945,195856.01333333337
1100946,195856.01333333337
1100947,195856.01333333337
1100948,231864.958
1100953,236171.392
1100955,236171.392
1100957,193215.41333333336
1100960,193293.41333333336
1100962,131658.72
1100984,110500.33066666668
1100985,161218.634
1101003,93931.45119523809
1101004,93931.45119523809
1101005,93931.45119523809
1101006,180140.696
1101007,125207.05399999996
1101012,91954.756
1101064,423413.32
1101073,248444.91476666668
1101084,145178.1409595238
1101086,113207.638
1101094,98355.16733333335
1101102,101950.97799999999
1101127,96148.314
1101173,138816.67264285713
1101180,124298.012
1101202,130160.70166666666
1101203,135514.692
1101207,148655.168
1101208,369598.4773333333
1101232,103385.80942857143
1101240,87692.52113333333
1101252,166599.456
1101258,166382.188
1101263,72629.06088333334
1101276,143076.62298809522
1101292,151579.1249873016
1101294,134516.0353333333
1101303,358883.88
1101319,607136.84
1101326,122189.47313246751
1101330,176065.41811976914
1101331,127996.64485714285
1101333,161849.1703333333
1101335,153293.12871428573
1101351,138421.0
1101378,110423.70733333332
1101418,559721.2
1101423,334308.21
1101428,138421.0
1101517,139553.13
1101591,74232.47
1101616,376715.136
1101739,112737.50742857144
1101759,90980.34266666668
1101799,133582.716
1101800,134243.534
1101801,323398.768
1101814,191913.29733333332
1101859,84743.65566666666
1101869,79120.368
1101901,78687.36695238095
1101931,137659.35509523813
1101932,145973.24835000004
1101976,359138.342
1102031,80125.849
1102046,134999.00666666665
1102066,148124.73535714287
1102090,307743.892
1102112,220178.77
1102117,134999.00666666665
1102119,125535.37
1102123,107046.31666666667
1102135,156206.7366666667
1102169,174061.00606666665
1102170,302815.17933333333
1102240,220207.29286507936
1102248,85089.18
1102273,120804.44679999999
1102307,208473.02933333334
1102332,168135.954
1102413,104930.92466666667
1102414,93752.22066666668
1102415,98379.488
1102416,101982.09133333333
1102417,160551.229
1102422,211823.102
1102423,93762.72
1102430,94808.376
1102431,93759.824
1102434,134021.42006666667
1102452,81703.498
1102470,143219.59682539682
1102505,229635.646
1102509,88213.4
1102527,171927.45266666668
1102537,201328.4533333333
1102564,158842.628
1102603,137629.754
1102608,117295.93783333334
1102646,91321.298
1102647,119602.362
1102650,186933.32266666665
1102655,194406.38333333333
1102657,120143.542
1102660,236208.066
1102685,87658.72466666668
1102688,94909.612
1102699,91431.42533333333
1102704,117403.74
1102705,245125.286
1102728,483238.84435714287
1102735,74850.28
1102750,103727.52478095239
1102770,194951.31
1102790,381069.9
1102797,646313.97
1102800,143500.67719682542
1102806,90358.1898095238
1102844,190738.39
1102862,118337.988
1102908,92788.78890476191
1102909,134542.186
1102959,108925.52933333334
1102970,69263.996
1102986,165434.361
1103044,99408.6404
1103076,254172.398
1103095,383343.6886666667
1103226,241055.02933333334
1103227,275816.082
1103228,175677.026
1103229,271995.7806666667
1103249,197925.044
1103253,207374.9287333333
1103258,223367.63
1103264,422041.16182380955
1103265,246030.248
1103278,95420.522
1103279,447650.634
1103282,68643.992
1103361,113171.658
1103386,317070.378
1103396,181590.6626666667
1103402,113141.532
1103403,124642.158
1103404,119600.0
1103418,119760.63799999999
1103419,102657.579
1103431,217862.95765714283
1103481,346475.274
1103489,220424.618
1103584,106881.44269610391
1103598,209550.59999999998
1103600,93901.73533333334
1103604,139684.81166666668
1103606,175336.978
1103614,71617.60666666666
1103646,80514.726
1103668,258991.42013333336
1103669,112756.71013333333
1103678,134420.85933333336
1103711,91821.85788571427
1103726,164203.556
1103731,136383.826
1103735,135230.28466666664
1103741,468086.791
1103838,162786.968
1103903,211505.53742857144
1103914,125877.38616017316
1103991,73329.886
1103997,134104.846
1104005,203427.532
1104027,54452.316
1104035,114427.798
1104045,106769.60733333335
1104073,420927.82
1104122,359207.48145454546
1104123,359210.1214545454
1104132,88450.56
1104247,106590.83
1104252,107379.81866666666
1104265,189063.52604285715
1104276,72877.57
1104292,135739.99
1104347,647086.82
1104357,146419.28519999998
1104358,100880.378
1104369,207388.684
1104944,228004.8
1104946,95000.0
1104949,95000.0
1104951,95000.0
1104953,95000.0
1104955,95000.0
1104972,161928.714
1105018,76700.0
1105021,111134.49935064936
1105024,190700.0
1105025,121500.0
1105044,174877.489
1105046,114635.0
1105047,114635.0
1105050,330000.0
1105051,330000.0
1105052,330000.0
1105053,330000.0
1105071,95000.0
1105081,118195.45
1105207,330000.0
1105210,160922.4726666667
1105265,330000.0
1105266,126383.24099999998
1105267,126383.24099999998
1105268,330000.0
1105280,105752.39358730159
1105281,183531.16284523808
1105282,189366.00466666665
1105376,292808.2333333334
1105429,158662.832
1105465,122692.66066666668
1105493,109900.0
1105496,119384.20293333332
1105557,109900.0
1105558,109900.0
1105575,147402.482
1105576,146421.282
1105581,94825.63133333331
1105621,159076.51666666666
1105622,122623.298
1105698,190700.0
1105699,190700.0
1105700,190700.0
1105702,190700.0
1105705,190700.0
1105706,190700.0
1105711,171500.0
1105799,109900.0
1105802,109900.0
1105803,109900.0
1105805,109900.0
1105806,109900.0
1105807,125062.648
1105828,186025.654
1105830,271690.922
1105831,160949.14
1105832,267619.49
1105849,76700.0
1105855,116354.0
1105898,116354.0
1105899,116354.0
1105935,190516.5435
1105989,96650.0
1106068,152900.0
1106069,152900.0
1106073,152900.0
1106085,162444.22145809745
1106086,135800.0
1106135,110644.21730952382
1106164,76700.0
1106193,185194.904
1106196,97902.988
1106244,179221.3426060606
1106253,66142.86
1106256,111985.936
1106586,300703.244
1106587,150794.01066666667
1106588,201187.52266666666
1106589,197454.3205
1106600,88585.533
1106608,168303.96
1106715,76700.0
1106789,123051.546
1106790,196728.116
1106791,199513.416
1106792,196728.116
1106793,199173.416
1106794,198224.90066666668
1106869,120516.602
1106954,109684.0
1107205,190740.0
1107331,73700.0
1107333,73700.0
1107389,163427.0
1107390,163427.0
1107392,163427.0
1107394,163427.0
1107395,163427.0
1107469,174877.489
1107483,82464.8
1107491,95787.152
1107667,253260.864
1107772,95200.0
1107775,95000.0
1107785,283599.33966666664
1107786,148212.164
1107787,131144.0
1202392,128202.43835353536
1202393,90047.761
1202395,245751.8
1202440,85646.61714285715
1202550,104328.996
1202552,86800.0
1202577,148000.0
1202580,112150.744
1202842,101104.976
1202844,115207.128
1202860,95301.176
1202861,93128.67710000003
1202869,169816.13
1202876,143886.56066666666
1202892,81215.94060714285
1202903,70703.27400274169
1214273,154113.51193333333
1214280,109693.612
1214445,268579.2
1214448,69905.65278095235
1214449,76700.0
1214464,118140.742
1214572,127970.43485714287
1214574,202466.056
1214584,128690.97883333331
1214608,103563.4148
1214640,82099.46116666666
1214643,159296.2512
1214651,331155.456
1214652,192032.61990476187
1214657,422707.86
1214661,147961.476
1214673,145254.512
1214675,112583.26133333334
1214679,177591.537
1214703,139872.43933333334
1215040,132231.0
1215050,75412.37489047619
1215134,115601.936
1215138,128909.7842952381
1215362,74045.198
1215366,89551.46666666667
1215368,98864.80333333334
1215369,142304.538
1215374,83132.51133333333
1215388,486828.946
1215448,86233.98466666666
1215451,69647.256
1215486,126451.085
1215488,170242.295
1215496,110567.08933333334
1215498,157763.7090650794
1215555,150825.616
1215556,187166.102
1215560,341529.87155555555
1215573,135746.99034285714
1215591,60668.85
1215596,135094.196
1215746,257981.22933333332
1215748,138511.14454545456
1215754,71830.596
1215756,314550.014
1215758,125062.648
1215761,91138.87
1215762,77911.72636363638
1215766,146752.948
1215767,522867.178
1215776,330000.0
1215784,292808.2333333334
1215791,80519.8216
1215796,94456.5
1215797,129043.755
1215798,94175.97168471366
1215806,151712.43
1215810,85655.18883333333
1216439,64583.21744444444
1217024,99115.32833333334
1217029,160124.813
1217034,89572.58
1217036,111743.97016825396
1217037,79926.08453030304
1217038,157473.596
1217233,135816.92266666668
1217234,93095.2483047619
1217247,101291.65232380954
1217248,85635.17053333334
1217250,97734.93783333333
1217540,207338.746
1217556,185442.738
1217557,110585.73666666666
1217559,81936.882
1217578,259083.506
1217875,76440.594
1217881,50230.668
1219303,129994.988
1219356,329184.2
1219361,322052.142
1219426,79563.79
1219482,324804.73057142866
1219492,85739.2211904762
1219515,213005.628
1219518,401079.5537142857
1219520,202696.654
1219620,152519.8
1219653,80376.95
1219665,202446.7873333333
1219668,129313.7
1219670,61340.6
1219706,206466.244
1219714,156369.8
1219756,117881.144
1220007,102768.232
1220137,466242.8053333333
1220139,413913.98171428574
1220671,85718.798
1220690,51718.072
1220731,146047.06628571427
1220732,80063.8
1220739,131211.224
1222082,228499.90733333334
1222084,72224.37466666666
1222087,406910.512
1222182,177838.6253333333
1222183,147930.23
1222194,216886.756
1222252,173925.739
1223720,158662.832
1223812,135537.96296666664
1223816,322985.118
1223827,179185.58633333334
1223836,255446.206
1223838,107315.49751534525
1223841,95877.28483080807
1223860,450920.636
1223861,160267.61
1223863,162950.46
1223867,206239.15023613055
1223875,117297.55466666668
1223892,208016.754
1223897,185894.4752
1224003,107506.798
1224006,129620.24485425687
1224010,174779.088
1224014,98185.8
1224033,206716.70733333332
1224068,172193.726
1224071,82788.688
1224121,109836.65833333333
1224146,135955.162
1224153,100837.198
1224653,152267.38704761904
1224668,116364.534
1224776,145509.02213333332
1224788,238614.9092063491
1225148,414233.788
1225155,170093.812
1225157,284215.452
1225159,330185.5597142857
1225238,212079.808
1225323,190719.926
1225362,116487.38342857143
1225363,147146.41259999998
1225376,232390.41685714287
1225378,110621.48266666666
1225818,73156.438
1226392,96950.32083333335
1226394,88456.57
1226516,199135.94733333334
1226517,145800.964
1226741,156314.33190476184
1226743,110972.32183333334
1226745,85990.788
1226748,162444.22145809745
1226749,135800.0
1226782,102529.772
1226789,80917.31011904762
1226799,98643.176
1226860,86310.298
1226867,151529.8913333333
1226963,138053.014
1227068,224536.028
1227072,388161.727
1227075,120226.66066666668
1227080,175136.7336
1227083,175136.7336
1227087,154600.896
1227113,108814.434
1227115,141729.644
1227127,83033.9
1227165,159536.75
1227292,88320.524
1227294,183712.296
1227296,171969.2841285381
1227675,483254.328
1227679,175421.752
1227680,204636.03811111106
1227687,246799.31
1227690,184856.956
1227707,116308.74204761905
1227708,129459.05466666666
1227709,161030.58
1227720,165116.864
1227815,160312.28866666666
1227857,562535.8753666667
1227859,400879.8
1227865,228934.98
1227902,131688.292
1227904,104568.37999999999
1227921,522324.2
1227928,115371.944
1227948,242637.6
1227951,382840.8493333334
1228096,138868.036
1228098,155850.10183333332
1228597,361982.9246666666
1228622,198776.6
1228630,153017.8
1228639,218153.88928571428
1228640,153119.876
1228821,110023.254
1228828,167257.262
1228829,387080.46
1228966,385749.25333333336
1228972,382173.20800000004
1228973,888620.966
1228974,1676090.484
1228985,445259.65377777786
1229013,255163.05066666665
1229016,116173.22233333335
1229018,181284.70352380953
1229020,320840.186
1229022,175223.184
1229028,134216.496
1229030,121152.12
1229031,207714.9059047619
1229038,161041.984
1229176,585763.354
1229188,344192.066
1229190,818070.6
1229201,118847.876
1229212,148714.14
1229218,165408.26990476192
1229220,189570.7826666667
1229224,158782.9593333333
1229225,141915.97796825398
1229462,288794.74
1229540,155905.7
1229541,135381.166
1229591,167281.08266666665
1229597,182121.914
1229598,182121.914
1230015,106516.07866666665
1230020,103285.284
1230030,93606.70133333333
1230031,80979.09933333335
1230037,83531.492
1230038,185194.904
1230039,72756.08
1230040,130194.182
1230045,65637.48188888888
1230070,63191.951
1231407,251028.134
1231410,210311.24533333333
1231549,308802.004
1231551,186991.5833333333
1231558,70821.17
1231661,120126.29476190476
1231688,165320.456
1231696,305970.152
1231704,116056.54733333335
1231710,138172.064
1231711,78625.14563492063
1231719,152896.8806666667
1231753,135526.626
1231846,748525.422
1231908,116734.24645151515
1231938,107725.52977777776
1231982,216628.57511111107
1232000,122627.0
1232001,122627.0
1232002,122627.0
1232475,293078.778
1232477,168523.87366666665
1232484,71794.998
1232490,82464.8
1232637,88555.49633333333
1232646,94680.356
1232662,85421.664
1233033,102241.406
1233038,94896.03
1233250,409821.366
1233263,124067.2574019314
1233265,250222.972
1233268,177753.562
1233307,145503.69875
1233314,116910.766
1233329,396003.0
1233345,249923.104
1233349,130010.198
1233447,105752.39358730159
1233450,121922.09099999999
1233453,101299.2932958153
1233462,91328.088
1233465,115588.42866666666
1233471,42481.506285714284
1233474,101254.41
1233479,104162.73533333333
1233487,122844.456
1233488,160151.912
1233490,112083.5307142857
1233493,105304.232
1233495,88867.0065
1233497,88590.7485
1233542,66165.1455
1233552,67986.21359047618
1233557,175344.353
1233567,90350.606
1233568,131873.53933333332
1233569,134301.2853333333
1233683,243177.512
1233764,914536.97
1233861,106711.07215151515
1233877,83504.32666666668
1233987,330000.0
1233989,126383.24099999998
1234069,146329.91733333335
1234103,186782.78473333336
1234104,197494.296
1234343,873910.4673333332
1234348,117833.804
1234349,117189.204
1234495,578826.34
1234496,168685.04866666667
1234497,157622.892
1234499,167670.25
1234515,140496.062
1234516,229344.98
1234528,180970.444
1234612,274452.3935294118
1234760,72232.673
1234763,106080.26019999999
1234766,185749.072
1234772,205078.51923809524
1234818,143269.512
1235137,536810.52
1235157,119305.736
1235163,299174.084
1235168,259417.28485714277
1235169,259924.35152380943
1235170,259924.35152380943
1235228,374456.67333333334
1235244,428811.2782833333
1235266,489130.352
1235290,1002567.1232063494
1235294,826848.528
1235303,122275.798
1235312,109756.858
1235314,369018.542
1235337,650848.038
1235354,287724.152
1235360,719963.0
1235386,1137898.102
1235538,287120.988
1235542,329963.442
1235546,205852.25
1235552,443268.678
1235662,1345088.4
1235678,59427.05066666666
1235679,174755.498
1235688,137699.4
1235689,137699.4
1235741,196728.116
1235742,123051.546
1235744,198224.90066666668
1235745,199173.416
1235746,196728.116
1235747,199513.416
1235786,670083.046
1235796,454113.61
1235824,622809.998
1235825,1072210.032
1235874,415170.018
1235885,606945.732
1235886,607125.932
1235887,301980.368
1235916,587733.56
1235996,214710.382
1235997,177232.204
1236001,674396.206
1236007,780488.004
1236009,722984.916
1236010,858240.0
1236082,79623.706
1236126,159477.298
1236137,140875.84333333335
1236150,126819.03333333334
1236152,151461.1279047619
1236160,275853.0
1236162,773957.72
1236183,181434.626
1236186,103669.604
1236189,122778.798
1236201,96929.202
1236353,148560.97313333332
1236355,146760.032
1236463,95465.98753846154
1236479,106312.578
1236480,105454.765
1236822,109249.09126491842
1236911,507655.6
1236986,166165.068
1236991,212525.5445
1236993,166165.068
1237029,166981.26
1237033,116970.334
1237049,122321.42222222223
1237051,166852.114
1237164,93198.034
1237170,208664.57412380952
1237492,51558.486
1237495,106281.632
1237545,86432.67047619048
1237979,231320.0
1237998,170132.7366666667
1238015,143620.3777777778
1238100,130915.692
1238115,148248.2
1238129,407385.528
1238182,97288.076
1238190,108651.44
1238195,278554.598
1238198,160748.41
1238207,121564.99
1238213,160025.22685714284
1238216,220971.766
1238226,138379.78
1238229,341449.87155555555
1238231,285508.1863333334
1238232,295576.49690476194
1238237,167884.182
1238241,147131.144
1238242,189740.71
1238244,166352.606
1238245,177046.4
1238258,81867.33741904762
1238259,272665.1846190476
1238261,183451.048
1238263,284133.309
1238264,206607.578
1238384,121315.234
1238386,224812.904
1238419,206050.9813333333
1238422,198716.348
1238435,146957.286
1238439,581281.2581904762
1238572,302682.8
1238582,206407.398
1238589,163385.6893333333
1238614,98055.598
1238793,169776.43623628005
1238800,570224.668
1238802,399302.57333333336
1238807,291611.622
1238812,113414.32466666667
1238813,195587.868
1238814,83781.44
1238827,155174.076
1238834,219931.87
1238964,196798.25784061622
1238965,205761.444
1239003,203340.08480294116
1239006,392903.59
1239029,253260.864
1239054,250900.17297358846
1239062,219521.188
1239067,224859.622
1239078,175053.56
1239100,225096.62666666668
1239106,167616.75064920637
1239112,176809.898
1239158,221117.87840000002
1239160,150097.19262959537
1239161,132807.848
1239162,122130.2945
1239239,206843.583
1239260,328895.63
1239261,295411.2
1239271,180912.22
1239276,389374.5333333334
1239278,234138.374
1239294,135391.9510888889
1239313,197202.377
1239402,545437.256
1239482,132000.0
1239483,132000.0
1239484,132000.0
1239485,132000.0
1239490,182634.398
1239519,200672.592
1239527,122679.218
1239532,191752.534
1239533,184311.832
1239534,155726.326
1239535,188970.536
1239537,233849.746
1239558,94552.88
1239566,85773.4355
1239568,300491.63333333336
1239577,125520.798
1239578,84702.72022222223
1239585,146581.716
1239589,145992.87
1239598,132397.442
1239601,721599.4
1239963,190372.65
1239978,1042284.558
1239994,389356.94
1240122,967680.2814333334
1240137,1203037.588
1240202,135295.75133333335
1240229,158732.3
1240235,478860.534
1240281,179939.085
1240283,523022.2275238095
1240338,70444.582
1240418,73581.718
1240441,466851.666
1240442,203896.336
1240444,376341.96
1240448,519578.2334285715
1240464,588370.2355
1240465,112678.1
1240498,179594.782
1240504,70563.8
1240505,133638.638
1240516,114722.77666666666
1240535,88515.38633333333
1240539,86319.95833333333
1240540,77874.364
1240617,118535.552
1240649,121535.78
1240720,88237.072
1240728,77338.85133333334
1240735,68041.69752777777
1240736,75177.54533333334
1240977,91426.794
1240979,75901.99
1241045,78402.69385555555
1241069,68329.312
1241079,396433.4
1241087,73393.03933333335
1241091,118852.922
1241093,84844.414
1241095,233462.68514285714
1241101,119342.896
1241103,73671.936
1241115,127976.69483333333
1241117,120024.9261417798
1241128,95574.64
1241130,928046.4
1241139,190526.51128571428
1241151,102202.1
1241289,63190.392
1241295,83040.134
1241453,121999.38
1241454,98385.538
1241459,107083.15
1241460,88131.26
1241478,101426.372
1241488,85759.957
1241744,113610.9265
1241746,84955.09457142856
1241753,114226.32826984128
1241756,98643.972
1241757,106326.9063809524
1241760,83505.50733333333
1241761,91693.65469047619
1241764,93336.658
1241795,169444.396
1241796,112374.358
1241798,82373.802
1241803,81896.076
1241804,73255.17069999999
1241807,82378.556
1241810,70481.72993650794
1241813,81884.476
1241826,108785.812
1241833,119696.17776190476
1241834,97613.88
1241837,87869.08733333333
1241842,114065.578
1241843,133199.51739999998
1241897,108360.672
1241913,83702.178
1241975,89896.836
1241978,122790.22
1241980,69817.30933333332
1241981,95420.522
1241983,67952.568
1242077,107240.25759523809
1242080,89127.89304444444
1242082,197506.43353333336
1242090,84542.752
1242092,83500.38742857143
1242118,133424.636
1242119,232664.88
1242131,72772.07733333335
1242132,59987.75
1242135,76590.75433333333
1242139,79644.516
70723,21578.6
71009,35657.66666666667
71030,17508.4
71670,19557.253333333334
71671,13229.0
71694,45438.433333333334
71697,21663.0
71717,21967.0
71727,36822.83866666667
71785,19527.798
72264,72904.03714285714
72276,20195.886
72325,22582.894
72326,21664.55
72327,17843.686
72548,39117.114285714284
72571,27206.384
72713,23189.8
696861,25470.302666666666
696875,8515.0
696882,26627.286
