id,price
264893,1574452.316
264899,191028.736
264910,518409.02
264915,135623.2
264919,56976.598
264928,183016.798
264932,127370.0
264935,154820.0
264939,345954.002
264944,123680.0
264954,155959.46566666666
264955,156027.46566666666
264969,1766122.056
264978,128506.03
264983,139379.272
264984,60842.38
264985,108559.998
265031,157825.0
265032,136128.43
265058,262282.86466666666
265066,189345.4
265068,128841.222
265069,790729.688
265070,118464.822
265077,106043.548
265090,654412.3193333333
265094,430142.998
265101,183062.798
265102,117313.0751904762
265105,138381.0
265106,116763.0751904762
265108,140764.83809523808
265115,156649.46566666666
265147,56976.598
265152,150026.8
265153,130777.2
265170,664205.572
265176,81102.904
265187,696514.356
265189,114544.598
265198,615063.8
265225,92376.144
265233,115801.0
265237,391867.2
265253,280198.388
265280,336714.048
265287,211265.8
265293,134649.198
265296,181451.8
265307,347355.358
265308,318280.312
265312,358312.232
265313,137657.378
265314,224642.4
265315,225916.6
265320,179447.194
265333,202285.198
265346,182063.028
265351,251203.002
265356,123049.192
265357,121309.786
265358,117698.894
265363,311016.0
265369,110826.598
265372,198255.212
265402,321617.456
265406,162004.648
265420,343570.972
265436,167983.13533333334
265438,165292.78
265442,144575.8
265449,161905.2
265452,327012.706
265455,146537.648
265461,558242.0
265465,142558.4
265481,132038.8
265488,202784.87466666667
265501,124979.57222222222
265514,251384.2
265515,134583.57
265516,130049.344
265517,413969.38
265526,208468.8
265533,159135.0073333333
265539,143755.598
265543,132331.9028
265544,139642.6
265556,179571.2
265559,222965.014
265561,276090.804
265584,267092.4
265586,155687.0
265587,158303.0
265588,171269.658
265593,358983.4
265596,531614.932
265607,172381.002
265608,196015.4
265610,274376.22
265613,436383.158
265653,224795.0
265663,460011.382
265669,325912.708
265675,160581.248
265699,439656.384
265701,296552.6
265703,199672.878
265704,199548.078
265743,199093.878
265748,129983.76466666667
265759,243547.598
265795,301982.8
265797,225506.014
265805,363279.404
265806,144459.398
265810,148939.06126666666
265819,166687.68
265820,286232.2
265833,209453.904
265834,72390.75786507937
265843,649135.72
265851,608222.324
265862,720441.4
265864,1176120.012
265869,179762.074
265887,866604.324
265907,518449.496
265913,1466202.0
265921,114017.0932
265923,380000.0
265925,781595.56
265957,312797.014
265958,1623266.732
265960,177487.142
265963,134341.49174825178
265969,1318787.18
266004,552085.124
266028,59300.388
266029,664362.294
266032,852695.916
266034,637646.036
266055,754034.09
266075,774020.53
266077,1159628.732
266080,311547.014
266093,1371077.972
266094,740161.3733333333
266100,631549.834
266116,671464.724
266129,563416.48
266144,450000.0
266160,1056644.324
266165,537788.4533333333
266196,248620.85
266199,338080.204
266202,271889.0213333334
266210,249040.922
266211,609039.324
266213,324267.702
266218,267950.626
266219,265471.282
266220,564317.8
266234,340580.456
266241,162867.836
266248,207972.982
266251,342381.91
266256,527397.276
266259,350000.0
266274,216538.0213333333
266275,703101.6
266276,933472.884
266279,306736.80666666664
266280,498642.358
266281,557736.316
266299,522762.532
266300,309059.496
266305,75433.15066666665
266314,635743.786
266315,563259.0053333333
266329,89554.59
266332,170751.6
266350,180000.0
266368,258041.124
266375,258747.732
266381,178444.0
266382,208003.6
266393,116495.358
266394,298497.6
266402,115532.594
266406,249675.49
266423,126871.76
266424,102501.954
266438,130881.354
266454,243904.394
266463,152269.992
266465,148950.598
266479,164961.79
266480,281969.0
266485,369794.0
266486,142707.6
266496,254008.732
266508,292825.2
266510,161176.14
266511,291927.586
266512,217368.386
266514,131775.382
266517,280771.4
266539,194444.19
266542,370742.166
266545,97589.56360793652
266548,350870.292
266550,259482.4
266556,221414.8
266559,245913.336
266565,164124.552
266568,306754.6
266569,127119.734
266575,215849.0
266580,207787.004
266581,134331.586
266582,151015.422
266583,136755.194
266602,447854.3333333333
266606,231868.4
266618,276633.398
266619,287576.666
266620,156150.8666666667
266624,142788.633
266626,315224.684
266662,136293.594
266667,398005.402
266668,439052.932
266677,986711.78
266681,299829.602
266682,442189.56666666665
266690,244911.364
266694,345293.266
266695,345293.266
266698,611181.078
266699,422291.768
266727,437529.5
266729,639466.652
266731,352400.8213333334
266732,673041.6
266740,728686.406
266744,347824.6
266748,343145.104
266768,163445.0
266770,931761.324
266771,669521.712
266778,705402.3
266779,717925.4
266781,263567.4
266785,875143.324
266809,490780.588
266819,303911.994
266821,612814.168
266824,177518.46
266830,738350.296
266831,657940.33
266845,486027.22
266846,270871.8
266847,313373.72
266851,340000.0
266858,150306.2
266859,619029.002
266862,646612.966
266863,356527.0
266864,619400.0
266872,172959.98
266875,414711.4
266877,773632.6
266882,338157.8
266883,145126.622
266886,441507.2
266918,170588.0
266919,1215542.326
266920,420609.454
266953,602177.748
266954,333885.264
266955,888183.216
266957,458057.978
266965,1674496.032
266966,270936.8
266969,243487.0
266984,692643.114
266989,633891.0
266990,410932.916
267015,231703.066
267016,231183.066
267017,231183.066
267018,110588.46366666668
267019,409986.916
267020,409986.916
267025,887671.216
267028,947018.448
267041,410932.916
267054,231823.066
267082,136265.5606666667
267084,457366.012
267085,451411.81
267103,348514.556
267104,111458.528
267106,232254.242
267113,179390.19
267126,133674.518
267128,331367.178
267131,204893.6
267138,154145.198
267147,157975.528
267153,177390.498
267154,130125.598
267171,141405.796
267173,123438.8
267188,138066.848
267198,141405.796
267199,141405.796
267218,276280.4
267220,222135.6
267221,149873.78
267245,290339.0
267247,146469.0
267248,179412.04
267249,201954.856
267253,215349.8
267269,320190.384
267271,300659.056
267274,340047.2
267281,227772.4
267303,209405.366
267305,243288.8
267306,181522.4
267307,149389.4
267309,245121.4
267311,267186.4
267312,241620.0
267315,432324.2
267331,158259.2
267338,279910.818
267342,135378.4
267344,147818.398
267346,265909.122
267366,323899.212
267369,167480.0
267371,142172.754
267375,162563.412
267376,170147.594
267379,152891.57
267381,233554.4
267382,213017.8
267407,169931.396
267422,177089.246
267424,220633.0
267428,231756.1636888889
267431,167592.8
267434,143165.8
267437,151352.0
267438,182498.8
267439,171738.8
267440,195455.088
267441,241540.4
267443,228949.0
267460,468000.0
267463,756880.61
267494,1100000.0
267510,269978.688
267515,524306.534
267520,363563.998
267522,718444.9246666668
267523,733889.04
267524,519552.548
267544,262795.37266666663
267546,269411.7592619048
267551,404687.4700000001
267553,661301.512
267563,283023.834
267584,596684.7091428571
267585,505442.292
267587,395000.0
267598,374802.4980000001
267602,290221.976
267614,532743.116
267617,669122.78
267619,822238.118
267620,394267.4
267623,209215.192
267627,188279.59599999996
267633,148946.7633333333
267644,325102.102
267667,117960.0
267738,124403.2
267740,137656.8
267743,127175.8
267778,161798.26
267779,189028.2
267799,154116.4
267800,203358.6
267814,461223.602
267816,204356.67266666668
267833,151269.4
267834,123024.196
267836,173042.408
267847,142107.368
267858,307862.816
267891,243509.418
267896,701429.7773333333
267899,131109.6
267900,166666.06466666667
267902,406141.8
267908,1458149.264
267924,277085.608
267933,148332.53233333334
267936,940312.904
267939,514693.892
267941,435000.0
267942,270674.798
267967,116018.36566666666
267970,150336.6
267980,161426.39
267990,126632.2
267992,782557.116
267994,274978.002
267995,69884.798
267999,202072.426
268003,435000.0
268020,217510.1678333333
268033,217944.984
268041,166652.814
268056,131808.194
268067,263162.2
268070,88791.85175555556
268071,534146.372
268121,416492.3109206349
268144,240243.6
268145,438293.0
268147,137441.0
268149,174362.222
268150,137441.0
268157,169514.4
268159,372111.402
268161,627608.962
268175,228643.6
268189,384073.744
268208,184653.602
308905,155873.2
312310,477565.496
312331,456731.4066666666
695165,705392.144
695166,229500.0
695170,389338.578
695176,403367.492
695178,247652.8
695181,423070.864
695183,456300.766
695185,249732.644
695196,280219.8
695203,392900.721
695205,209500.0
695207,162358.8
695236,295851.45
695238,180499.0
695252,326111.74
695257,613402.84
713635,396326.0
714108,164800.4
714284,216323.582
714645,468795.0
714753,532651.86
714863,807413.5313333333
714924,726449.87
715132,173856.408
715405,206291.58
715433,774276.196
715694,354179.316
715746,153149.57
715898,210202.74
715902,253864.8
715996,484190.6
716065,316866.0
716097,717395.0833333333
716329,160743.0
716360,350597.4
716377,605583.8
716484,207943.64
716541,427208.294
716634,339633.0
716888,643039.3078095238
717017,375786.2
717109,192386.2
717307,417568.178
717459,401775.628
717524,300073.6
717568,196984.6
717688,241901.2
717690,560337.0
717797,328221.58
717829,279130.86
717945,795837.0
717983,620611.78
718276,678806.12
718584,457500.0
718617,158594.2
718717,373331.0
718867,468814.39
718943,409426.0
718997,376602.6
719116,174217.2
719132,510495.6
719287,245788.198
719579,690632.386
719846,228198.2
719893,223850.584
720041,460160.0
720088,323869.348
720180,309889.8
720249,104882.8
720261,261765.398
720293,253823.798
720364,212241.72
720455,377332.764
720564,189274.6
720679,259667.32
720725,128858.02685714285
720817,346078.798
720854,333207.228
720920,135299.0
721130,229490.518
721266,196247.2
721531,167669.4
721844,325803.438
721882,451272.2
722050,164204.96
722151,186815.6
722225,737324.0
722264,361983.0
722516,457128.76
722520,200180.194
722594,445867.596
722649,130244.064
722769,152886.8
724397,269837.16
724457,236582.78
724486,360126.0
724488,826773.99
724574,468538.2
724620,627634.0
724674,300187.07519999996
724767,716905.6
724786,428934.418
724908,526290.876
725124,216869.2
725211,264840.2
725280,171859.0
725364,246841.8
725393,275848.856
725425,245941.58
725455,457428.494
725547,499060.56
725814,268067.598
725829,206618.6
725999,671587.4068571429
726088,302280.4873333333
726214,289258.398
726348,213316.4
726542,330644.37
726620,257705.9655555556
726910,433539.0
727068,519542.0
727229,129192.8
727458,336292.2
727699,421985.6
728077,97307.0
728089,495887.2
728272,407554.992
728553,555587.732
728592,167439.196
728640,326085.65
728663,142631.572
729105,212870.4
729267,254939.70166666666
729622,244351.6
730128,151877.584
730298,150778.99
730619,145545.0
730712,352624.0
731061,174690.588
731131,197720.4
731142,549838.0
731240,186166.79
731527,144815.6
731655,289238.5
731841,329827.0
731925,159755.79
732382,200226.556
732568,380517.6
732810,322236.804
732969,191222.398
733029,522963.218
733077,716442.198
733091,421962.8
733208,168692.0
733226,211747.988
733230,200123.896
733238,222370.6
733347,384354.6
733542,267280.528
734153,127478.56
734154,206802.124
734176,395081.33
734212,364391.2
734217,351989.224
734258,353398.6
734334,428375.938
734397,442331.0
734666,184868.8
734674,308137.278
734675,288137.9
734724,859967.79
734919,357165.182
735058,497241.596
735319,400105.352
735691,249109.6
735730,734258.998
735875,221137.4
736019,195642.782
736274,158006.94
736752,399873.2
736842,159830.4
736845,815337.726
736880,331763.468
737208,432994.68
737501,360000.0
737652,405032.396
737722,745359.8
738039,218994.6
738057,322159.598
738082,413327.394
738665,322380.064
738841,319531.2
739007,173164.59
739075,165905.2
739255,557862.994
739492,259444.8
740378,819349.8
740535,98891.16
741340,315972.778
741408,182227.796
741684,201963.38
742269,447895.778
742430,388395.984
742608,477540.0
742744,292400.0
742791,228481.0999047619
742826,232017.6
742881,200346.66133333332
742899,170289.2
743231,295841.4
743527,1118401.316
743534,331140.838
743562,150895.4
743664,386835.984
743926,749524.796
744027,364177.8
744337,290172.594
744508,208178.8
744690,200047.502
745006,217850.35
745047,199277.354
745193,560983.7666666667
745245,166007.774
745515,205404.0
746017,508001.728
746053,144525.34
746265,795560.0
746355,821885.6
746375,164644.9
746382,322511.112
746483,163268.98
746772,148949.798
746949,214823.38
746954,179286.8
746984,140040.774
748310,383924.6
748476,309034.876
748712,346346.6
748736,162590.548
748773,181899.0
748803,627447.6
749336,245000.0
749657,177354.398
749755,380778.5
749845,138299.189
750054,355712.0
750136,203952.676
750580,236227.0
750771,586763.79
751301,157854.394
751365,357086.138
751450,471942.718
751496,785317.6
751560,564548.6
751799,362167.6
751846,127592.199
751847,169282.392
751897,312101.47
751958,329917.0
751960,255183.1
752204,153585.4
752309,606406.5238095238
752365,158746.4
752608,243747.4
752648,192626.8
752691,253557.994
752814,326236.992
752877,228329.998
753069,338427.752
753118,155812.186
753224,402812.008
753227,1041627.688
753248,148961.99
753391,267656.6
753482,179672.9
753516,362177.382
753532,342259.184
753563,122832.8
753651,831360.0
753842,170650.598
754089,216883.38
754090,179073.2
754125,269767.068
754506,341790.76
754620,151393.4
754630,335126.78
754802,193561.588
754861,225603.6
754927,226770.8
754936,536124.0
755034,218174.728
755072,151759.978
755075,156085.192
755879,206017.4
756141,317575.6
757137,507578.472
757268,341280.8
757525,247007.994
757552,252289.092
757671,168877.2
757699,163575.798
757723,238708.78
757778,224513.36
757807,426665.0
757810,247308.9
758073,193908.6
758157,153440.414
758385,674456.526
758409,138568.6
758503,173318.996
758531,155362.80533333338
758589,165975.712
758722,120858.992
758785,359348.154
758793,196505.6
758855,344664.72
758943,314126.0
758961,316351.286
759020,261086.4
759066,176586.6
759073,222950.4
759076,368470.862
759330,215553.0
760184,222469.794
760381,427672.924
760382,426530.924
760545,517967.6
760920,225023.8666666667
767749,184998.0
767766,241625.4
767960,330465.2
768051,213105.76
771578,200330.0
771667,538600.87
771785,124704.588
771860,159877.81780000002
772094,151566.198
772238,146961.0
772563,386785.54
772956,201901.174
773061,228885.396
773111,200143.598
773288,312895.193
773498,806303.398
773599,294925.8
773705,177106.616
773905,88647.0
773965,519678.796
773973,527768.706
774075,374777.8
774236,126308.494
774296,420887.984
774423,367231.0
774558,507079.592
774559,344673.0
774858,187416.2
774859,182112.0593333333
774860,180979.0
774861,223681.12
774863,399157.028
774864,184285.768
774865,377807.99
774866,210913.0
774870,387816.0
774874,160751.198
774908,400985.8606666667
774914,344411.31
775168,349087.798
775205,204017.596
775210,492012.958
775320,408175.394
775438,308348.246
775442,208611.2
775443,193381.398
775444,187548.8
775445,183741.6
775447,207240.998
775448,183605.2
775554,366720.042
775555,140582.0
775586,280557.796
775612,284675.596
775729,147085.396
775785,152524.59
775911,201530.6
776126,150624.0
776220,619645.996
776281,271948.398
776537,587982.474
776718,218379.4
776786,196730.788
777092,427749.788
777265,220000.0
777365,557215.314
777442,196424.96
777610,630215.98
777612,175000.0
777763,212631.998
777818,337692.798
778020,217343.64
792324,474171.576
792630,150981.2
792713,106047.8
792725,222539.44
792887,392909.998
792939,630681.0304761904
793005,280013.036
793008,254390.2
793066,261284.2
793127,341545.02
793161,168602.5
793409,207378.8
793475,261459.24
793537,428451.0
793642,204400.4
793661,308437.2
793768,375914.998
793977,691529.5086666667
793978,239739.028
794009,536262.0
794521,148220.424
794522,198461.794
794646,183987.1
794657,263411.5338222222
794681,369087.726
794957,309706.09266666666
795043,146076.13
795214,170965.0
795458,176262.6
795504,386771.0
795614,190525.8
795689,338962.398
795690,355594.8
795749,310827.139
795780,238970.8
796046,375840.58
796093,140945.596
796230,416046.0
796239,477835.396
796407,753509.05
796414,393774.198
796526,204222.8
796611,220589.78
796612,217441.8
796693,177207.6
796941,264141.84
797000,283204.2
797301,332093.792
797320,283763.998
797501,235533.52
797556,343235.768
797602,204628.6
797607,204628.6
797650,213350.0
797759,662529.896
797840,287140.544
797920,157405.548
797955,99421.4
797986,159641.976
798122,401240.322
798154,533915.864
799016,194916.826
799634,207646.2
799788,552094.4
800114,217549.4
800138,307687.264
800424,134050.266
800449,842479.392
800510,605097.124
800532,198813.498
800541,273814.89
800609,312041.8
800668,245000.0
800744,267250.086
800866,225405.612
800903,512138.932
800916,384791.258
801752,234582.98333333334
801804,190020.798
801847,562726.0486666666
801858,302198.4
802128,469790.48
802258,285019.39
802295,238023.54
802341,342414.36
802386,768336.0
802424,180508.998
802445,175706.02
802668,274573.798
802700,159386.4
802704,280533.998
802728,407033.096
802910,175052.9266666667
803292,415467.4
803311,86421.652
803329,167385.306
803374,293223.996
803536,484518.0
803639,416269.38
804024,256535.18
804212,397893.54
804231,237273.2
804291,701130.5099047619
804531,178555.598
804598,204628.6
804627,312861.8
804631,136774.912
804637,489247.8
804655,179910.7
804744,208681.756
804766,182228.0
804807,130000.0
805014,553724.394
805098,595893.5666666667
805194,633677.5384444443
805373,404711.398
805394,371535.798
805486,187741.38
805500,554898.998
805630,219518.08
805757,328564.0
806068,625389.794
806144,145070.8
806361,192381.9296666667
806422,304561.97
806448,393555.6
806622,219843.78
806748,159952.4
806977,469353.8
806994,496078.2
807158,192677.83266666665
807182,186896.348
807185,204517.382
807247,84542.518
807280,293880.356
807366,187493.398
807797,212661.968
808029,269857.6
808116,415530.474
808193,806970.904
808317,309037.142
808398,207666.798
808402,358115.8
808665,230000.0
808694,138837.838
809040,272342.72
809598,358941.34336666664
809658,171345.6
810178,130462.6
810217,282561.4
810247,163345.496
810250,152134.898
810315,372738.0
810593,551740.598
810694,193240.8086
810750,164977.594
810752,448839.3
810823,470084.0
811013,521646.154
811014,834466.326
811029,849474.0
811033,319936.8
811079,177580.8
811149,569040.92
811154,166958.578
811318,290460.2
811572,271492.799
811752,226104.28
811825,176139.396
811863,563920.0
811890,188339.412
812013,155255.0
812020,177217.19
812190,202175.196
812277,299000.0
812281,477172.25
812496,601591.89
813366,370155.54
813513,203874.6
813541,174393.2
813723,540123.598
813854,392726.126
813900,900952.0
813905,530156.0
813991,189297.0
814439,94632.214
814562,664261.0506666667
814741,171065.298
814748,212384.6
814792,190630.12
814808,145973.86
814955,307635.992
815240,356791.544
815395,622582.6
815501,150866.0
815512,197371.03
815573,422616.38
815588,317678.07
815670,400482.56
815688,284088.0
815690,248749.8
815696,517889.4
815763,180722.628
815988,285806.54
816064,430255.13
816242,465874.258
816290,424592.2
816334,453029.026
816744,286376.8
816890,176261.6
816995,115938.296
816999,173986.2
817070,293445.4
817184,1082395.994
817220,161509.798
817222,492401.012
817335,330285.686
817398,146055.5
817401,502412.8
817469,518727.56
817478,652502.4
817485,411793.34
849254,529203.8
849335,373390.0
849583,371252.6
849628,264806.18
849715,859971.934
849938,436778.0
850070,377631.6
850071,271319.972
850074,700659.8
850143,148112.68
850650,678167.8
850688,236055.45733333335
850706,166774.6
851200,398748.744
851362,401249.12
851404,784831.18
851791,209504.078
851810,196518.011
851844,250262.002
851885,423201.674
851929,423201.674
852009,190480.198
852060,646430.416
852108,491012.2
852166,175510.58
852210,814487.394
852356,184280.0
852727,497655.678
852786,168110.788
852794,272730.3533333334
852798,272745.904
852811,226082.8
852983,222903.8
853152,273753.0
853212,226261.8
853308,238914.68
853360,308354.4
853400,329189.4
853448,178994.6
853547,584390.0
853738,346290.8
853999,155967.6
854058,181564.456
854206,568419.794
854316,701324.0
854372,1164176.0
854548,298616.958
854627,361409.3
854717,627780.0
854804,472338.36
854850,230163.4
855254,559128.732
855290,225883.798
855591,759856.596
855835,666931.548
856006,382784.38
856174,157415.598
856192,221235.4
856247,377976.712
856511,784897.988
856637,367615.0
856638,210522.6
856646,256028.2
856699,586885.6
856869,306713.2
856903,344388.382
857014,470729.216
857021,269968.336
857337,90866.926
857466,353182.94
857561,371085.74
857715,421289.0273333334
857930,610062.8
857933,618376.4
857984,138326.4
858020,147914.0
858115,201229.2
858187,413472.39
858284,343660.6
858313,168046.0
858343,330477.8
858367,488433.794
858368,208359.76
858391,329147.53
858467,152162.6
858620,261916.8
858789,419692.6
858910,233461.564
858923,404981.64
858925,164513.796
859089,206842.972
859208,372501.14
859213,340119.396
859448,406576.272
859735,345139.044
859737,250020.59
859952,266139.894
860006,266139.894
860132,172885.798
860301,119529.25
860323,111184.0
860335,246685.90666666668
860364,117873.536
860502,577042.876
860548,587931.78
860582,430555.02
860748,510658.2
860775,490330.0
860948,322476.14
861031,574609.6
861333,119071.198
861384,311468.362
861474,258789.0
861714,328855.388
861731,376915.906
861732,95381.77
861737,171276.992
861820,415469.6159999999
861885,421046.18
862030,314240.798
862188,188464.46
862261,165409.798
862281,216772.0
862618,171742.388
862788,408609.6
862799,294267.77
862968,175486.798
862970,179592.4
862972,423602.792
863013,161153.272
863030,541597.6
863134,587857.6
863308,229896.6
863598,501650.0
863775,203920.38
863870,598221.6
863876,239503.796
863878,209275.0
863962,620825.798
864003,611355.794
864031,423526.032
864076,282228.912
864259,353177.19
864264,265690.4
864392,479004.0
864413,443683.6
864696,178373.48
864957,351640.398
864967,210607.4
865059,405237.2
865088,285115.21933333337
865172,218791.8
865294,177262.6
865295,216172.11466666666
865397,326297.192
865837,155679.8
865915,816477.196
865988,203146.8
866170,170763.346
866219,177531.4
866221,157534.346
866233,458725.2
866670,140312.66533333334
866690,559482.576
866710,129900.0
866832,199849.2
866953,647919.396
867179,179253.796
867437,285340.688
867463,266328.48933333333
867734,308520.374
867910,354452.79
868080,181316.598
868188,203726.2
868288,792069.994
868374,402044.0
868833,245905.438
869107,156929.738
869128,130692.998
869129,162157.63
869138,322422.0
869231,260462.162
869299,701403.16
869366,325070.2
869499,319021.724
869632,209090.8
869658,322422.54
869693,286093.072
870083,287713.38
870420,316913.974
870666,148120.40537142855
870737,362891.04
870738,235398.8
870742,213729.78
870773,231904.75466666665
870921,332612.192
871140,266959.2
871143,353177.19
871239,327217.8
871264,133578.49
871783,416776.8
871887,403581.182
872186,230747.78
872351,454945.8
872453,644163.98
872615,350000.0
873114,242588.18
873126,200793.2
873173,261023.752
873306,179079.812
874035,376625.888
874087,215293.4
874106,990860.574
874111,131361.0
874132,273880.2
874172,131361.0
874299,267091.14
874301,334559.444
874678,290076.458
875005,257800.36
875040,359153.958
875084,268103.798
875343,178528.598
875373,624817.88
875694,352458.0
875715,599220.798
875883,350000.0
875956,572815.8
876188,200000.0
876243,226936.598
876248,191526.082
876298,741920.0
876348,193887.738
876525,409790.996
876573,209092.374
876658,181777.394
876802,129208.0
877045,222472.138
877057,181423.994
877061,323318.04495238094
877082,194583.4
877159,588032.994
877356,342252.8
877405,369685.8
877586,276516.6
877678,263194.398
877695,889344.8
877858,136168.784
877986,372380.394
877992,480831.82
877993,455160.264
877999,165100.8
878136,233288.18
878160,336380.72
878162,240091.18
878163,161165.58
878164,367061.598
878185,274201.386
878259,112537.898
878329,220797.2
878421,681789.598
878447,342571.788
878983,343821.556
879011,423534.6746666666
879025,271436.77
879202,585587.174
879262,325611.962
879410,179115.598
879445,189454.3333333333
879490,502584.0
879704,302256.14
879837,142111.8
879874,279071.0
879899,257777.2
879907,330345.6
880010,223497.618
880022,341890.138
880054,143411.506
880204,418018.596
880277,185583.6
880443,244007.686
880473,210647.2
880481,590654.6
880488,590654.6
880535,414121.8
880552,440626.758
880554,440626.758
880659,194547.2
880698,447567.8
880710,407569.128
880760,199295.596
880910,649525.324
881195,247287.74
881204,466127.74
881269,186068.8
881271,414099.598
881536,297058.3
881648,190124.92
881673,637801.75
881944,467586.1
882063,433490.6
882221,225254.0
882324,199752.6
882337,541369.68
882438,261487.994
882778,207856.32
882904,297269.08
882962,323907.932
883438,120575.354
883576,251075.36
883600,210580.0
883704,297577.512
883831,246766.6
884093,188205.47
884099,320139.8
884231,161004.0
884499,440998.802
884561,667205.6
884563,667205.6
884654,128717.078
917473,218188.0
917675,410623.588
917724,716990.0
918021,562903.6
918033,263372.4
918035,294866.31
918495,473130.43
918508,724125.994
918559,155568.59
918632,488764.0
918906,369006.378
918909,211563.4
918921,521549.1346666667
919282,888468.908
919294,799016.9
919346,396770.236
919348,507104.2
919349,463971.73333333334
919389,621562.296
919475,224701.2
919477,286984.24
919478,149965.794
919577,287596.746
919708,356140.054
919726,147277.792
919736,258396.112
919757,203394.948
919778,561986.4552380953
919891,206716.628
919997,545283.4
920012,361885.714
920013,185905.8
920137,502032.08
920258,489545.156
920314,402166.392
920322,564276.796
922004,406306.398
922014,127323.6
922214,179410.598
922244,218003.4
1024686,529698.024
1024698,389997.832
1024801,180000.0
1025018,291112.8
1025058,337743.4
1025061,224528.2
1025080,198557.398
1025173,143806.2
1025211,190634.8
1025298,354059.188
1025315,301493.184
1025346,292678.4
1025350,570386.598
1026050,510599.242
1026150,375851.792
1026439,188177.586
1026667,218178.06466666667
1026670,345510.0
1026853,189857.578
1026857,399135.36
1027120,265943.36
1027152,153807.598
1027154,669016.0
1027285,258195.998
1027287,220743.28
1027289,218335.778
1027304,279223.6
1027312,260000.0
1027564,209979.0
1027908,217195.422
1028089,168876.67
1028529,340032.776
1028591,126356.0
1028658,169350.0
1028708,368624.0
1028749,641505.4126666667
1028829,423586.8
1028874,338962.398
1029454,284781.0
1029472,747391.4
1029518,174240.388
1029744,348701.0
1029859,157803.97933333332
1030059,195837.144
1030097,202605.4
1030101,155448.468
1030123,565428.0
1030203,386175.428
1030283,132667.0
1030444,735402.0
1030455,304339.992
1030459,168185.398
1030503,219580.8
1030736,113803.4
1030804,348986.398
1030937,503012.264
1031066,329193.8
1031181,196301.8
1031311,353478.628
1031478,188398.2
1031619,59117.296
1031690,459651.4
1031854,265519.18
1031858,458345.4
1031906,268439.796
1031920,176407.54
1031942,151283.98
1032259,310818.4
1032333,100013.442
1032385,147810.128
1032393,406285.2
1032599,173859.4
1032620,334565.4
1032637,330158.786
1032669,157007.348
1032731,340786.344
1032777,210696.356
1032887,169731.198
1032923,370933.0
1032932,774182.796
1033063,188931.8
1033091,193553.0
1033395,201165.19
1033445,147764.0
1033457,566277.598
1033533,164815.576
1033712,533034.632
1033894,215794.2
1033932,205865.2
1033937,583096.0
1033988,673382.244
1033989,673432.244
1034003,225860.8
1034012,122359.076
1034047,603649.2
1034062,103996.758
1034064,143865.764
1034065,163762.78
1034066,180646.6
1034068,257196.0
1034078,725346.0
1034088,233613.38
1034300,605870.0
1034363,256306.188
1034496,158959.2
1034605,320228.8
1034670,282978.0
1034716,326556.2
1034718,270085.88
1034778,782896.998
1034779,594361.982
1034803,248803.8
1034837,184955.2
1034944,235721.78
1035106,211880.4
1035111,254862.256
1035166,450020.194
1035490,427122.29
1035494,353261.0
1035524,188302.6
1035548,147225.6
1035564,190453.4
1035605,548190.2706666668
1035785,285929.788
1035893,392132.356
1036037,451350.2
1036072,452954.782
1036103,493444.78
1036226,613795.8
1037508,314638.36
1037509,130560.0
1037613,789836.87
1037615,661179.184
1037616,1093978.916
1037617,693412.0
1037619,648943.99
1037699,213302.14
1037850,900000.0
1037908,300991.4
1038175,378229.8
1038180,215227.596
1038183,825801.996
1038322,496865.378
1038432,273811.788
1038447,154946.466
1038448,259071.536
1038494,257615.5406666667
1038509,395624.998
1038512,229174.4
1038516,222856.8
1038517,194478.8
1038532,359868.6
1038541,367556.122
1038551,248187.78
1038600,165157.4
1038788,318981.786
1038956,383511.486
1038957,194499.6
1039041,141928.8
1039176,316529.774
1039208,135738.396
1039427,193224.8
1039430,374877.0
1039434,135712.6
1039449,206399.8
1039523,335820.0
1039795,276062.918
1039810,849059.864
1039879,514405.98
1040038,356200.858
1040077,793993.2
1040154,156123.798
1040155,188378.998
1040245,101794.2
1040616,164805.0
1040659,254145.4
1040829,151960.598
1040841,427817.198
1041077,162865.992
1041312,328376.8
1041324,113140.5
1041354,124158.786
1041377,73591.8
1041469,186355.596
1041480,252900.898
1041501,404376.776
1041515,277243.4265
1041815,200298.412
1041945,450805.19
1041997,239652.448
1042010,478305.682
1042250,188866.196
1042254,314833.274
1042365,273528.56
1042421,416824.598
1042710,146521.998
1043106,250270.2
1043116,319357.25
1043117,182427.158
1043349,120342.23
1043369,333983.0
1043413,273200.314
1043475,217671.398
1043480,186315.198
1043482,400483.8
1043492,291218.6
1043501,297816.54
1043542,262330.738
1043603,202743.598
1043620,600245.0
1043688,180413.55866666668
1043779,285865.76
1043799,293187.2
1043891,429712.8
1043892,400898.0
1043945,808039.784
1044186,192988.8
1044193,179173.0
1044204,262691.756
1044205,262691.756
1044215,368765.042
1044236,655482.4
1044277,344297.4
1044296,535090.6446666666
1044297,855064.8166666668
1044356,262743.096
1044456,127028.03133333333
1044496,355806.33
1044569,253530.53333333335
1044700,202842.578
1044742,226014.6
1044802,329989.6
1044803,329752.598
1044813,361624.314
1044832,221848.8
1044867,353142.398
1045016,316401.598
1045148,180915.196
1045209,223408.98533333332
1045223,658261.58
1045320,239000.0
1045323,340747.396
1045414,214297.744
1045572,638219.856
1045573,575568.2
1045595,648645.324
1045679,340061.992
1045724,536446.932
1045725,536446.932
1045730,497319.8285714286
1045799,273244.8
1045886,415637.196
1045930,716990.0
1045955,163289.398
1045981,335065.976
1046127,186628.6
1046209,205143.68
1046212,531511.8
1046225,225613.52
1046231,263735.326
1046257,245684.236
1046283,127698.14666666665
1046328,184551.6
1046331,150183.224
1046356,163253.144
1046430,94930.438
1046462,240480.6
1046488,194999.422
1046498,236491.3
1046576,168803.4
1046593,498249.996
1046597,186402.954
1046633,367651.2
1046719,613795.8
1046832,151354.59
1046844,587908.0
1046861,159750.998
1046862,159750.998
1046875,185438.396
1046947,411161.8
1046952,432485.6
1046992,186163.56
1047083,168941.774
1047115,229553.176
1047118,468930.836
1047172,295072.8
1047190,239551.97
1047193,178063.388
1047257,169470.2
1047273,197281.19
1047480,295248.784
1047498,202524.6
1047543,775453.35
1047617,147573.998
1047712,186088.0
1047901,255000.0
1047986,333476.204
1048124,120860.916
1048181,206075.66
1048203,273268.3
1048241,130688.78
1048292,472170.982
1048310,245524.176
1048513,335895.442
1048631,140386.254
1049174,138806.014
1049242,745184.0
1049249,685207.798
1049252,172369.396
1049305,141228.6
1049306,146680.5085
1049317,222813.176
1049322,566117.978
1049326,167528.142
1049334,622205.6666666666
1049336,366893.9
1049377,186703.4
1049418,353905.192
1049447,152674.02533333335
1049476,310884.2
1049480,338725.598
1049490,470658.256
1049498,173713.796
1049499,270133.6
1049504,464486.864
1049505,472684.59766666667
1049521,469140.132
1049551,411538.826
1049557,193053.798
1049586,373643.984
1049673,270722.52
1049674,575769.0
1049684,362841.496
1049721,604115.518
1049728,195800.04466666665
1049744,129048.2
1049769,441414.228
1049783,494656.476
1049881,298344.792
1049888,540824.9552380953
1049902,654416.8904761905
1049929,244045.194
1050083,504822.0
1050117,414333.97
1050132,484622.524
1050134,606930.72
1050140,241181.46
1050208,441108.4701
1050240,267916.798
1050279,522874.116
1050338,134268.694
1050362,223078.98
1050433,488526.2
1050457,557061.8
1050501,622314.0
1050574,241837.8
1050594,407606.7
1050656,157101.6
1050862,340412.986
1050863,363694.314
1050909,377770.788
1050939,397761.0
1050946,234145.6
1050995,455576.8
1051015,111735.4
1051038,150425.52
1051097,412994.79
1051130,318807.0
1051148,829248.018
1051151,812789.316
1051239,407789.796
1051244,378726.514
1051288,171310.88
1051313,168840.28
1051314,198047.062
1051354,200809.79
1051440,148839.8
1051504,152919.998
1051585,143159.39
1051651,323718.592
1051887,199584.4
1051929,736341.2
1052048,248591.8
1052213,516091.8
1052363,139422.398
1052422,562229.6
1052438,322934.794
1052484,188998.516
1052505,495089.0
1052581,296661.4
1052622,167413.598
1052708,211870.798
1052827,513903.864
1052838,143999.598
1052871,757877.812
1052891,179769.6
1053088,159972.4
1053226,543946.932
1053352,673382.244
1053730,442615.8
1053935,176370.242
1054083,673432.244
1054093,254521.85324444444
1054179,175379.8
1054262,136566.5
1054334,295755.47
1054358,128513.01
1054564,143351.0
1054624,283135.18
1054633,328494.0
1054796,261744.6
1054801,190207.2
1054937,677353.192
1054961,192171.184
1055035,193686.196
1055041,481571.932
1055092,334943.8
1055135,74738.8
1055232,475818.0
1055233,143129.4
1055361,674005.578
1055407,193985.6
1055408,211334.35
1055462,211825.588
1055471,407509.79
1055681,212748.914
1055727,548980.508
1055783,771806.818
1055884,454775.49647619046
1055885,454775.49647619046
1055936,147621.6
1055950,339961.912
1055976,219929.8
1056019,598588.118
1056287,196234.0
1056414,69134.908
1056599,468175.24
1056744,340901.62
1056825,199472.16
1056826,496589.54285714286
1056908,343626.77
1056914,215395.1246666667
1056944,399130.218
1057065,176953.0
1057090,313903.91
1057091,334943.8
1057148,225000.0
1057149,225000.0
1057150,225000.0
1057151,225000.0
1057152,225000.0
1057153,225000.0
1057234,332247.462
1057297,204248.982
1057375,203971.598
1057507,180923.558
1057887,367784.0
1057947,207851.0
1057950,163848.588
1057955,202414.0
1057965,356498.37
1058044,271956.0
1058078,190535.8
1058101,311519.088
1058176,402408.568
1058333,196867.4
1058334,222247.6
1058599,432456.8
1058796,328718.182
1058801,231318.8
1058802,629475.78
1058822,145736.06
1058928,179881.534
1058931,543396.932
1059002,193286.992
1059048,492868.0
1059114,906027.986
1059119,186562.2
1059129,293168.8
1059188,261777.12
1059376,165156.3013333333
1059388,548655.16
1059539,338735.482
1059545,217404.194
1059547,148482.574
1059555,332877.16
1059586,245839.99
1059624,153327.23133333333
1059665,253438.2
1059675,180458.176
1059677,217404.194
1059748,167737.988
1059846,457439.3333333334
1059865,214939.5833333333
1059892,219619.8
1059967,599918.8146666667
1059984,345697.0
1059989,336910.6
1060018,201034.76
1060098,182153.998
1060175,355214.396
1060194,154049.164
1060278,716042.2
1060355,374021.6
1060363,432376.8
1060389,320227.31
1060551,344504.2166666667
1060564,203280.246
1060584,226455.792
1060585,179278.196
1060754,238718.6
1060785,232933.194
1060795,318862.2
1060797,545743.2
1060800,220000.0
1060854,393622.6
1060907,144511.0
1060916,228941.948
1060943,132742.0
1060944,245788.198
1061025,332523.298
1061064,135172.6
1061103,583517.58
1061329,539111.394
1061352,400000.0
1061419,134091.6
1061472,248749.8
1061474,400482.56
1061489,284088.0
1061521,290064.33
1061613,181325.798
1061628,132611.4
1061716,519210.0
1061773,713537.544
1061906,221917.8
1061981,194552.67
1062059,225643.944
1062062,373243.8
1062154,222857.998
1062179,163502.0
1062215,132611.4
1062231,174826.6
1062234,342789.924
1062235,342789.924
1062237,114216.6
1150057,228429.59
1150061,325883.4
1150062,168577.0
1150302,227244.518
1150304,265365.36
1150307,268361.79
1150308,290660.4
1150312,176447.934
1150313,221361.504
1150315,432851.0
1150318,201320.496
1150709,481824.932
1150711,535917.23
1150714,323305.588
1150716,751108.0
1150721,390927.676
1150722,452507.004
1150723,682125.1801587302
1150727,477506.398
1150729,862681.788
1150732,824770.816
1150733,747968.648
1150739,1084062.0
1150741,629749.2
1150744,780778.558
1150751,423051.014
1158788,420566.0
1158790,411752.65
1158794,66111.074
1158798,472320.98
1158802,400000.0
1158803,400000.0
1158804,400000.0
1158972,212693.8
1158973,205137.998
1158979,349839.0
1158980,170231.98
1158982,216841.2
1159208,796917.338
1159224,274546.196
1159254,309971.39
1159717,170182.78979999997
1159725,170049.0
1159755,374786.0
1159756,412108.798
1159757,185090.198
1159758,194136.4
1159760,157884.558
1159762,114489.8
1159764,146676.398
1160340,177364.398
1160342,220716.98
1160347,404330.0
1160348,137361.0
1160352,507922.0
1160353,364386.598
1160357,353238.6
1160368,900000.0
1160370,486129.98
1160372,701870.696
1160628,281094.894
1160633,353541.19
1160635,345473.568
1160642,535885.16
1160644,184123.396
1160646,259848.798
1160651,137836.0
1160652,171402.1366666667
1160659,357897.4
1160663,372571.598
1160877,806810.638
1160879,374047.614
1160881,357973.198
1160884,607538.0
1160887,290585.978
1160891,815559.58
1160892,460598.796
1160893,510834.592
1160897,1011923.944
1160900,849474.0
1160901,674793.56
1160903,801256.606
1160909,816509.338
1160910,563737.816
1160913,720311.5517142857
1160916,751313.99
1162333,237467.99
1162334,233653.22
1162374,621013.2
1162376,603231.2564761904
1162380,486388.532
1162381,448543.996
1162382,330590.0125
1162385,651276.2
1162386,595993.888
1162638,332996.024
1162639,319965.1592
1162640,290016.486
1162641,336917.818
1162643,471010.6
1162707,440914.0
1162708,251470.28
1162764,350000.0
1162899,198672.592
1162918,269604.998
1162924,184638.0
1162925,255817.4
1162926,197532.2
1162927,210292.58
1163023,578167.8
1163027,200687.0
1163028,412545.4
1163039,207187.294
1163040,316449.0
1163042,354018.666
1163043,328399.14
1163044,291850.344
1163047,180539.538
1163050,250287.52
1163083,373994.784
1163086,450130.08
1163089,311252.61054545455
1163090,693957.794
1163091,314828.922
1163092,239000.0
1163093,528163.8
1163095,568804.932
1163096,114297.144
1163264,314137.6
1163271,319591.992
1164020,246222.28
1164022,240000.0
1164028,216684.06
1164565,234799.35
1164567,398344.996
1164571,329226.42
1164576,330200.4
1164578,377446.4
1164580,231841.994
1164581,238729.688
1164582,306055.72
1164583,140738.9
1164617,522432.626
1164618,923738.124
1164622,75609.998
1164625,337888.6
1164627,684269.718
1164629,548659.8
1164911,653006.44
1164914,362650.0
1164916,252471.2
1164936,188049.38
1164938,433017.598
1164940,206991.368
1167361,640247.0253333334
1167364,217758.192
1167369,628112.6646666666
1167373,314234.088
1167374,323877.998
1167375,184134.6
1167383,670000.0
1167385,638119.72
1167387,239000.0
1167388,437082.5213333334
1167392,145072.65467619046
1167397,306102.692
1167398,152174.456
1167399,210615.2
1167401,281427.79
1167402,265671.8
1167403,159572.07
1167404,187556.6
1167405,214031.796
1167406,274033.854
1167407,210979.38
1167409,343554.992
1167410,216702.8
1167411,359203.0
1167412,179365.8
1167413,204097.4
1167414,206360.8
1167426,213956.8
1167429,312003.148
1167430,209459.788
1167431,216364.4
1167437,232035.33333333334
1167439,508014.186
1171188,238543.6
1171191,144058.798
1171194,344571.998
1171195,250094.14
1171196,185005.6
1171200,196645.8
1171201,205680.2
1171203,155781.0
1171204,218950.3
1171205,316617.762
1171362,848057.998
1171367,1184594.0
1172945,173701.6
1172952,212056.2
1173341,446106.732
1173343,408587.0
1173347,248268.8
1173351,350530.278
1173353,358203.236
1173355,496782.932
1173356,272968.692
1173358,414048.8
1173362,259504.598
1173364,412852.54
1174252,607850.4
1174253,1038381.792
1174258,624051.598
1174265,394652.798
1174280,896768.932
1174393,134070.072
1174395,210653.99
1174396,192730.2
1174397,186041.32
1174398,188298.2
1174400,443677.4
1174404,215053.0
1174405,166339.14
1174407,183298.72
1174456,167445.2
1174460,265805.794
1174462,182018.178
1174465,201009.6
1174466,203442.4
1174468,197116.398
1174469,206861.4
1174471,208324.182
1174472,229160.18
1174473,381826.0
1174475,194670.4
1174491,60728.726
1174496,240298.584
1174501,148979.138
1174592,182453.598
1174593,329889.598
1174595,170474.58
1174596,203871.5
1174598,205271.198
1174599,368035.6
1174602,270989.6
1174607,126734.996
1174608,147990.4
1174732,156000.386
1174738,184373.7726666667
1174742,327848.4
1174743,172883.594
1174748,200587.378
1175538,97155.2
1175539,169361.578
1175543,130666.702
1175547,142959.2
1175548,142000.99
1175550,116385.6
1176289,1002109.996
1176758,649202.0
1176759,428364.68
1176764,489128.0
1176772,354869.006
1177110,172627.4
1177116,141299.754
1177118,198093.8
1177121,251010.796
1177122,252403.2
1177125,163832.6
1177822,86504.0
1178019,247458.2
1178024,443651.6
1179391,1278617.698
1179392,722342.4
1179393,582733.364
1179512,354377.642
1179513,122839.6
1179516,149277.2
1179517,123201.4
1179518,148532.784
1179526,252041.60000000003
1179527,249710.5
1179540,265569.8
1179542,300057.84
1179543,247351.4
1179546,268970.792
1179548,256486.64
1179552,221626.114
1179554,172185.542
1179555,230850.59
1179557,261357.16
1179944,454358.8
1179948,399055.982
1179949,298155.8
1179952,372635.184
1179953,669464.796
1179955,284597.532
1180044,521829.798
1180046,142509.528
1180047,220153.73
1180048,177671.5
1180049,508224.0
1180050,290465.6
1180051,338146.198
1180053,347498.4
1180054,234946.004
1180056,284871.7
1180060,310680.2
1180070,580278.0
1180073,581054.932
1180078,313449.428
1180080,593500.0
1180241,215600.994
1180242,414443.8
1180243,191108.182
1180251,239878.872
1180253,203189.18
1180254,222973.808
1180255,264580.564
1180257,277552.4
1180452,151125.7333333333
1180461,142816.586
1180464,239211.18
1180465,152178.798
1180466,95474.0
1180467,86755.2
1180469,150542.994
1180471,110000.0
1180472,176093.7
1180474,414010.982
1180479,219008.4
1180481,447548.0
1180482,191679.198
1180484,149388.8
1180485,199631.018
1180487,528661.0
1180619,168130.964
1180622,272245.198
1180628,273673.068
1180629,209085.506
1180630,250333.184
1180701,273299.998
1180702,253813.276
1180704,194873.2
1180707,383123.79
1180708,218178.6
1180711,214255.882
1180712,351733.92
1180716,395738.396
1180717,202191.4
1180732,739155.596
1180733,185830.992
1180734,324345.8
1180735,351977.4
1180738,317564.0
1180739,145609.979
1180741,278481.0
1180743,134977.6
1180744,353368.6
1180748,147383.5306666667
1180749,280425.8
1180770,140952.0
1180771,267489.6
1180774,154925.6
1180777,135087.15
1180938,111000.344
1180945,404473.36
1180951,144837.0
1180954,100257.112
1180967,660103.0
1180976,847926.0
1180977,723164.6525714288
1181989,237055.8
1182023,209744.16
1182025,121065.918
1182026,449563.8
1182030,460491.34
1182033,379452.0
1182314,209103.8
1182315,304974.54
1182316,168511.6
1182317,251875.1
1182321,205598.16
1182322,175553.192
1182323,284218.798
1182628,237131.6
1182650,386021.0
1182652,285868.6
1182654,720005.0
1182655,717140.796
1182744,366161.398
1182745,364814.328
1182746,395173.998
1182748,172056.556
1182749,401112.036
1182754,598094.0
1182756,513354.31333333335
1182757,210970.798
1183211,324656.59
1183213,326716.594
1183689,283244.984
1183690,289775.384
1183691,482475.59
1183692,600873.798
1184185,202141.6
1184271,138984.2
1184272,195846.6
1184678,254464.396
1184679,388892.0
1184680,354135.8
1184730,375492.2
1184731,724097.1726666667
1184772,193596.6
1184775,277365.8
1184780,391405.8
1184783,436308.78
1184806,252186.746
1184809,389442.796
1184956,385804.584
1185123,399690.78
1185129,387197.9
1185141,547563.628
1185144,559892.932
1185145,521515.188
1185150,394982.38
1185316,400000.0
1185317,261673.398
1185326,169715.794
1185328,64375.58066666666
1185330,157390.796
1185331,261660.2
1185722,91010.588
1185744,119900.0
1185746,253073.0
1185748,139555.98819047617
1185818,94970.6
1185819,77094.2
1186256,303353.6
1186257,117234.38733333333
1186258,100555.76
1186260,303353.6
1186261,297329.2
1186284,193984.8
1186288,496654.19
1186368,371407.408
1186370,271616.142
1186371,176689.31333333335
1186373,366506.4
1186374,207819.4
1186376,305328.79
1186379,272210.17666666664
1186380,154679.2
1186827,227712.454
1186830,577929.402
1186831,216029.62
1186832,194567.98
1186834,316988.382
1186835,169216.99
1186837,367427.4
1186840,318698.78
1187587,270789.6
1187625,410617.54466666665
1187626,129628.0
1187628,501618.664
1187839,102684.8
1187840,158029.6
1187842,260061.56
1187843,275493.59
1187844,209006.4
1187851,345647.4
1187853,172391.0
1187854,334847.688
1188373,132226.6
1188428,917859.6
1188429,394251.392
1188430,353509.78
1188431,496924.0
1188439,370555.0
1188440,311587.962
1188442,375000.836
1188484,157834.13133333335
1188485,189641.12
1188487,148195.148
1188488,148195.148
1188490,456715.20428571437
1188493,208010.592
1188499,300447.0
1188519,280467.94
1188531,388846.384
1188535,163723.198
1188538,135056.798
1188539,277897.8
1188577,275117.854
1188578,837824.644
1188581,251921.326
1189583,352171.434
1189587,523796.732
1189590,365732.59
1189593,284881.0
1189594,469192.0
1189595,157467.0
1189596,405356.0
1189599,312604.564
1189600,231323.6
1189603,363049.6
1189605,263205.2
1189606,332907.608
1189610,366349.92
1189611,472665.8
1191966,189274.2
1191971,328517.766
1191972,214589.4
1192091,677970.648
1192096,826094.0
1192970,374873.2
1192973,592101.8
1193162,105367.5
1193163,970114.376
1193168,484223.832
1193169,292184.602
1193170,305953.122
1193171,343472.262
1193543,882517.978
1193676,440216.82
1193751,1023085.398
1193761,564692.598
1193775,892408.924
1193777,811050.398
1193779,592923.744
1193782,536897.12
1193783,427419.732
1193836,175996.79
1193848,313822.75
1193849,345042.594
1193850,209060.6
1193855,250171.76
1193857,257943.18
1193859,262978.38
1193861,208517.98
1193862,246304.378
1193863,269308.186
1193864,327715.6
1193866,209332.798
1193915,142213.0
1193925,870603.688
1193927,400000.0
1193952,189008.394
1193953,251363.27
1193954,190235.12
1193955,357340.8
1193956,191901.36
1193957,195356.06446666666
1194415,136420.8
1194922,900000.0
1194977,162421.884
1195222,360442.2
1195223,474276.8
1195224,423852.4
1195225,754547.6
1195425,487384.0
1195426,257297.72
1195432,483718.0
1195891,477210.686
1195892,137401.0915
1195893,305913.148
1195900,58120.95038095238
1195901,285558.6
1195903,123808.6
1196019,329328.794
1196842,208539.992
1196844,386695.96
1196847,267211.416
1196872,404039.9057142858
1196892,506046.0
1196893,327155.1003333333
1196894,332825.4
1196895,463242.0
1196904,461231.6
1196912,281884.452
1196913,271245.78
1196993,379749.2
1196994,360143.116
1196998,336334.398
1196999,258406.6
1197000,339791.8
1197002,325370.354
1197106,216011.4
1197107,398080.43752380955
1197108,360863.538
1197166,884062.198
1197209,775872.51
1197214,368203.508
1197215,199909.246
1197216,300579.52
1197253,561250.2
1197256,304906.8517904761
1197309,377532.958
1197311,620235.2
1197315,459582.4
1197316,224658.998
1197321,370835.112
1197322,255723.66
1197323,230105.54
1197324,270419.6
1197325,153190.0
1197326,153483.408
1197328,275065.31
1197329,525099.6
1197331,186595.174
1197345,281978.598
1197351,728546.12
1197462,258500.6
1197463,341090.0
1197465,141301.398
1197467,145657.09613333334
1197469,131900.0
1197470,131900.0
1197502,329926.998
1197549,615389.3233333332
1197570,518513.832
1197627,297665.8
1197672,315118.05
1197859,191183.716
1197860,191183.716
1197977,471182.594
1197978,150000.0
1198019,249163.396
1198021,284042.4
1198337,471985.586
1198358,546609.998
1198364,512664.6
1198365,320888.2
1198366,605416.0
1198367,352458.0
1198368,454862.732
1198369,233754.038
1198373,383825.8
1198446,351112.798
1198450,353809.2
1198451,345697.0
1198452,345697.0
1198453,227855.962
1198457,290414.878
1198621,308520.322
1198645,181826.2
1198649,516652.0
1198650,583507.0
1198664,307748.2
1198665,274099.4
1198669,328264.8
1198670,120441.4
1198671,129144.6
1198760,195542.766
1198766,401686.592
1198768,290000.0
1198771,335000.0
1198773,721642.832
715273,545877.118
717643,414815.088
720473,408398.05
722274,295214.2
722610,238065.31
722632,262783.36326118326
724293,1021495.0546666667
724296,537156.82
724367,1104179.95
724383,334814.16760000004
724402,967769.764
724436,812485.66
724693,916541.116
725035,312588.306
726164,484077.1
728018,189453.27519999997
728963,257422.264
730396,557547.242
730570,673787.8
732096,328228.75
732455,1645245.384
733749,383930.36
739805,536995.904
762985,311708.16
765024,517650.472
766318,230001.806
767291,250099.722
768075,845287.4
768187,840333.2
768450,295134.198
768818,724597.768
775095,682931.096
777984,366935.72
780334,625564.064
782037,1550570.95
783338,280343.43
788907,309500.0
791183,340747.698
791186,367478.288
800871,316492.948
805218,352885.68
808371,404953.6274285714
810903,796226.114
813910,630058.826
814295,102094.85933333334
816599,1746975.134
817980,238360.54
818854,776377.862
821034,463121.662
822425,140423.796
823206,776442.0526666668
823722,548597.674
824962,192582.702
827620,1805256.982
829106,995634.512
829983,2010026.262
835034,213485.828
835905,501703.8
836853,557574.314
836965,1452787.856
837221,777000.0
837226,316066.43666666665
837310,777000.0
837312,777000.0
837322,777000.0
837364,777000.0
837447,777000.0
837450,777000.0
837480,777000.0
837481,777000.0
837534,777000.0
837603,777000.0
837604,777000.0
837695,777000.0
837700,777000.0
838738,777000.0
838739,777000.0
838747,777000.0
839708,208100.0
839728,777000.0
839729,777000.0
839750,777000.0
839751,777000.0
839752,777000.0
839753,777000.0
839754,777000.0
839789,208100.0
839793,208100.0
839796,208100.0
840813,1255038.9153333334
843860,523718.976
844526,278414.85
844543,514165.988
844754,205984.008
846486,535117.662
847164,362049.43
848484,192000.0
936754,971299.7366666666
937863,420696.9926666666
937904,399975.236
938417,224951.5699047619
938423,270299.758
938603,320584.96
938622,1281880.194
939544,172411.628
940696,171457.65333333332
942465,97893.83533333334
942737,1126031.792
943019,739460.578
943421,127344.39833333335
945655,423313.412
947947,233216.846
949288,305679.0
952129,192018.19906666665
952131,513771.8261333334
952904,562315.28
953479,474790.82
954602,160999.474
954929,279058.0
955982,156164.10451428572
958924,713438.138
959475,98346.09516666665
960089,260640.316
960166,554669.296
961081,355954.7013333334
961152,392705.588
961156,94989.388
963917,317692.146
963924,721886.6333333333
963928,133478.644
964509,250564.64
965003,428396.878
967216,645416.974
967710,352509.4106666667
967711,486856.992
967715,1244830.8373333334
968678,893480.648
969661,378038.252
970940,163927.70066666667
971513,101362.37226666667
972147,270379.263
972176,369416.2044285714
972866,585530.296
974942,389948.924
974954,454308.208
976609,994850.416
978142,372514.088
978273,214363.946
978277,518397.3293333333
978278,917639.3626666666
978281,1431167.4413333333
978860,246053.508
979110,281012.59
979112,294136.89
979516,261100.576
980337,707848.0
980476,262597.2
982006,1050160.048
983877,240469.416
983878,366151.984
983879,366151.984
985387,738877.2266666668
985462,893218.6
985808,308163.0
986398,388093.76
987620,193188.0
988304,772725.9626666667
988676,1961429.32
989018,719325.936
995698,705069.742
995822,1541806.454
1002393,1882706.196
1003195,182806.248
1003292,562899.4672
1003326,545172.556
1003655,526384.4752000001
1003662,533041.9773333333
1003847,542202.64
1006131,424784.8
1008419,804403.17
1008432,495374.048
1008509,1002874.973090909
1008929,119461.226
1009457,364714.02
1010167,96380.40933333334
1010251,262916.5
1010311,233216.846
1011035,1264576.5
1011899,233216.846
1013203,562726.932
1013464,375967.198
1013942,1692480.31
1014952,288043.24
1015519,748180.896
1018488,516918.226
1018565,269401.672
1018830,1662409.608
1019163,1124219.002
1019257,317473.044
1019258,519987.066
1022427,1712344.224
1023024,234031.444
1024198,1325614.78
1024386,150849.346
1024633,195043.33953333332
1065813,541954.412
1066642,890199.3646666667
1066903,246877.1
1068872,658870.848
1071707,547188.68
1072579,329800.2433333333
1072606,296602.8807444445
1073519,779608.304
1073733,365481.576
1074535,224704.692
1075895,381119.086
1076216,283038.536
1076517,114773.00923809524
1076917,129723.874
1077573,787719.448
1078672,323574.74
1080081,208393.846
1080084,207686.946
1080177,227960.914
1080179,1001270.9666666666
1080180,601624.8121714287
1080182,507198.016
1080646,120552.84466666667
1081890,217629.628
1082838,267165.8
1082935,355052.554
1083177,374826.03
1083187,154033.104
1093683,539070.618
1094194,472836.192
1097426,267120.10733333335
1098571,328687.4
1102741,376035.484
1102778,286306.29733333335
1224860,1188399.828
1224861,376760.234
1224864,545648.212
1224865,187798.634
1224868,464184.438
1224877,990036.264
1229111,711127.8
1229116,512059.964
1229118,1708478.23
1235951,1583038.854
1235954,2066676.64
1236545,629367.364
1236554,90767.44233333333
1236560,123796.519
1239168,373978.32
1239172,685992.2
1239175,1077324.066
1239178,1439610.42
1239179,598051.79
1239182,465561.5
1239184,1545615.052
1241221,196315.142
1241227,264448.728
1241228,135312.184
96029,129308.072
96056,384649.1093333333
96065,562463.344
96072,90173.67360476192
96079,283222.02447619045
96099,224208.14
96100,224208.14
96136,72205.0
96137,72205.0
96138,72205.0
96140,132759.8604772727
96142,197738.83783333335
96143,86771.78746666668
96193,147879.32605555558
96202,209536.8275
96206,366009.5293333333
96207,213332.354
96224,125500.0
96225,125500.0
96227,130716.59603333335
96302,996297.858
96318,379546.7803333333
96339,119879.93203650796
96369,214130.72673412695
96417,130571.04133333334
96432,74879.16899999998
96464,72463.85100000001
96467,195210.89293888886
96471,199862.706
96476,151900.0
96477,288900.0
96481,82599.77886666667
96486,95831.6306
96487,143898.6209
96515,352825.596
96547,180053.62926666668
96571,341006.774
96574,102853.50401031744
96593,253603.05583333332
96606,123017.3276
96648,117525.822
96654,118414.17257142857
96656,373605.6666666667
96661,689666.468
96662,390814.7333333334
96664,88005.09811746032
96668,434399.1884761905
96669,390814.7333333334
96672,434399.1884761905
96678,318370.898
96679,456472.61
96683,643512.03
96713,750884.09
96715,108351.83733333333
96735,83137.68404761904
96742,125963.54833333332
96750,108360.0
96751,100280.08222222218
96758,106216.66267460318
96760,136668.492
96762,99391.03907142855
96765,81048.707984127
96771,106216.66267460318
96772,81048.707984127
96782,105798.02333333332
96790,141838.79133333336
96791,325109.23
96816,157657.964
96819,302673.2202222222
96821,95832.86643492062
96838,207841.45232824393
96862,406247.0473809524
96863,468642.71369999996
96869,102547.99402857143
96875,391133.528
96876,960719.178
96896,191620.56019047622
96897,430997.51504761906
96937,229507.9
96946,104712.45403333334
96952,147972.24813809522
96957,138751.23833333334
96986,220226.692
96988,284318.95333333337
96990,714332.5926666666
97005,1006558.2
97065,849240.786
97071,241529.8
97077,178743.62667431452
97081,571855.396
97083,215626.22549819626
97093,643245.0213333332
97097,117945.5596190476
97122,258975.59333333335
97125,165398.014047619
97126,215104.79733333332
97127,144184.738
97129,322144.4087
97133,105785.04495238095
97137,199323.83983333333
97139,431832.371
97140,303311.54818095244
97144,132847.24447727273
97146,96436.0
97148,132759.8604772727
97149,96436.0
97152,72205.0
97154,96436.0
97155,96436.0
97161,664662.574
97166,148330.37666666668
97194,144242.90676666668
97210,101604.7296857143
97213,187914.74986587284
97215,113860.0
97217,113860.0
97224,181823.5
97226,109855.4776
97229,559389.848
97235,168007.8017904762
97250,315454.828
97263,313134.3211904762
97269,501043.0653333334
97312,116261.41803333334
97318,608292.192
97327,102462.68010532604
97336,1085560.758
97447,216168.60733333332
97449,103000.0
97467,193687.0
97482,139949.56766666667
97495,171549.99842857147
97527,559826.368
97531,153916.62672222222
97533,98717.21893333332
97545,193972.12390679904
97550,852357.6
97555,726416.594
97562,103710.14962727274
97564,118737.0
97565,118737.0
97566,180500.70563333327
97573,82891.14633333332
97575,123566.12749978354
97578,331350.0
97579,340049.71866666665
97580,331350.0
97582,217000.0
97583,343753.7726666666
97584,233873.613
97585,249100.0
97586,249100.0
97589,192940.7098380952
97590,115396.99266666666
97677,149927.2185729232
97680,193651.0
97681,161959.5
97686,193651.0
97687,148673.0
97690,186056.0
97692,181476.0
97696,161959.5
97698,186056.0
97699,181476.0
97701,350245.198
97704,117850.83923809524
97707,118414.17257142857
97729,103267.78481746033
97807,202839.51266666665
97808,155042.91466666665
97858,95157.74
97859,275182.14970000007
97861,162303.42
97879,213583.99294444444
97881,202772.534
97885,118414.17257142857
97888,202772.534
97897,238351.388
97907,231991.30533333335
97911,736409.278
97914,134285.494
97927,143015.44160000002
97943,155457.62514862916
97949,103699.16066666668
97967,161904.21
97988,151653.73766666668
97989,113874.14609523815
97990,136790.5303333334
97991,113874.14609523815
97993,136668.492
97996,99391.03907142855
97997,106216.66267460318
97998,145620.0
97999,108360.0
98001,124473.01957142857
98014,489732.354
98016,318902.1186666667
98036,377384.2886666666
98054,401912.2054603175
98063,101957.71533333333
98082,628482.63
98083,222762.53
98085,387161.7092
98086,187185.78199999998
98087,1047394.9333333332
98090,134575.93666666668
98095,394167.778
98103,156792.85733333332
98108,283781.234
98119,295367.641
98149,305198.7013333334
98164,1125088.686
98167,486980.8659523809
98168,109693.50823333334
98204,108398.228
98248,279060.48133333336
98249,277458.4266666667
98257,844967.824
98276,555858.19
98293,254914.07866666667
98301,200309.5323333333
98308,762834.096
98357,440536.5
98358,142358.30274969476
98366,161068.6819
98394,250046.6948142857
98400,113860.0
98403,980159.2242857142
98412,276271.336
98413,675882.692
98433,484874.2810714286
98450,230669.452
98451,183814.9304
98452,133028.3966063492
98455,192906.90733333334
98462,247743.418
98475,243459.692
98499,274318.45183333335
98525,995797.7542857142
98526,161683.78533333336
98528,172435.24866666665
98531,299532.027
98544,105552.90283333333
98553,184526.92075
98573,291420.082
98582,233873.613
98584,217000.0
98585,233873.613
98589,103321.96748701298
98593,227536.946
98596,143844.22536969697
98648,186056.0
98652,202729.18891111112
98653,374609.37666666665
98654,112117.58066666666
98656,143190.48160000003
98710,152781.64873333334
98754,170000.0
98770,219573.80666666667
98780,245258.066
98781,152781.64873333334
98782,151518.60140000004
98789,226412.824
98804,529104.022
98822,133663.983
98823,90977.7262
98828,180698.034
98842,193962.1115249195
98843,162572.12640606062
98846,101919.102
98862,93802.9613008547
98863,89971.86357857143
98869,121703.31602813852
98870,207385.35114285714
98874,242578.08457142857
98876,123520.2088
98878,117687.29685901877
98883,281179.48
98895,273679.4386666667
98899,303961.6810909091
98900,303961.6810909091
98901,303961.6810909091
98902,303961.6810909091
98905,176409.898
98929,232142.55133333334
98948,387360.152
98979,76737.27447619046
99010,313030.31
99022,140198.0581142857
99035,207367.266
99043,72205.0
99044,72205.0
99048,72205.0
99051,191373.794
99087,652219.9465142858
99098,261388.32
99102,296289.82
99104,269858.262
99105,100273.93
99114,68054.2478480353
99148,135422.75330086076
99163,133009.618
99168,289468.4326666667
99198,161959.5
99200,94589.46976046177
99205,269272.908
99273,145333.08628070177
99277,512124.664
99292,149553.35107936506
99293,146836.1551666667
99298,147109.8384394319
99300,235376.442
99304,104534.65334848485
99305,149074.3553333333
99316,75368.38544810748
99319,120331.86003015873
99341,118419.63542148964
99344,174836.39848333332
99356,556824.5386666666
99360,178534.91297619045
99361,94383.98760000001
99389,232799.848
99399,1114684.944
99400,232819.16000000003
99401,110801.45066666667
99421,250682.222
99429,177777.956
99433,260514.5133333333
99436,699991.9872380953
99439,287607.6478095238
99442,171730.32022222222
99450,112158.9719904762
99451,496692.80466666666
99460,294275.4080666667
99475,128447.55923809524
99480,261436.95883333334
99483,234922.434
99529,122689.70943333334
99532,114238.39366666667
99542,105114.67493333334
99575,233445.5535
99583,212377.1472142857
99597,148360.39766666666
99601,107687.06206666668
99603,114213.5929012987
99624,215351.136
99625,173682.524
99651,73878.2984
99655,310327.82066666667
99673,61090.524821428575
99694,616211.024
99697,198363.984
99698,343818.1249333333
99714,151957.79233333332
99716,117905.49665079368
99717,117905.49665079368
99718,117905.49665079368
99719,117905.49665079368
99728,142108.762
99736,167165.196
99739,86817.86566666666
99751,222539.30506666668
99759,166724.16081904763
99760,218247.5855595238
99761,375040.854
99765,145883.5074302153
99769,405045.11799999996
99812,730000.0
99817,133192.51726031746
99855,260000.0
99868,150615.43453333332
99869,101549.7987238095
99874,146673.55233333335
99895,115589.0
99897,410431.098
99980,203465.0
99982,176567.0
99984,303758.486
99985,233282.6
99990,61397.688
99991,196177.254
100086,166645.65
100110,539913.2
100115,183046.516
100118,124369.2735714286
100119,327644.08466666663
100122,170474.7558
100125,142442.88163015878
100126,169124.3058
100127,122647.22357142859
100129,182564.79
100130,124369.2735714286
100134,169124.3058
100136,124369.2735714286
100156,449499.488
100157,370737.096
100169,521496.676
100171,438721.624
100179,74464.674
100187,82162.746
100192,65290.88888888889
100193,64572.08888888889
100219,305295.892
100243,64286.702
100244,64192.702
100289,128368.51817460319
100297,128368.51817460319
100310,290240.462
100312,636232.63
100327,146594.318
100378,57444.54
100422,57420.0
100447,77859.506
100513,266701.2625
100520,78118.5
100532,79000.0
100534,93899.612
100537,92714.974
100550,83103.52277272727
100557,91026.4105
100564,99800.0
100571,621275.356
100575,161032.66
100595,461768.4745
100596,227092.52
100620,323582.312
100621,220632.784
100648,249576.494
100652,117339.28519999998
100661,152483.64253333333
100677,557052.838
100678,359686.268
100681,538180.6816619048
100708,118843.37533333334
100709,117383.29466666667
100723,652299.822
100730,262233.97
100733,118985.0
100735,118985.0
100736,119459.57866666665
100744,346920.72
100755,424853.0
100774,100000.0
100800,80872.83
100805,139922.42066666664
100812,747370.832
100813,769302.846
100819,87393.519
100821,410431.098
100866,59999.968
100906,294806.514
100942,68386.636
100950,67236.184
101142,117965.21466666665
101185,134083.616
101191,447602.34
101193,95255.36910000001
101283,88585.03957619047
101287,112509.95966666666
101300,163837.0
101308,91570.0
101316,76135.728
101318,189272.78
101326,61941.368
101402,259759.222
101456,68767.00495238096
101469,56702.184
101478,191460.882
101486,127868.0301333333
101499,438060.174
101501,236945.1761666667
101506,684255.706
101512,91388.05246666668
101514,88734.64733333334
101515,88744.23933333335
101527,74549.32304761907
101552,55728.79406349206
101571,68166.07924565434
101583,83554.99725606061
101600,99800.0
101601,99800.0
101603,99800.0
101614,66783.6680364749
101619,240000.0
101642,211846.4126666667
101673,83005.38933333333
101680,128102.96639999999
101694,254778.064
101702,124444.29246984128
101707,268953.87
101720,153931.538
101755,149237.76253333333
101770,111091.36635714283
101780,58635.052
101785,131910.646
101817,150733.494
101913,72216.592
101915,108641.098
101919,120000.0
101976,70707.234
101987,107728.776
102114,48478.284
102116,227689.496
102197,164772.8493989899
102198,156272.885
102217,246647.19
102252,216698.732
102299,116144.11888809522
102330,85495.868
102350,110688.06895238096
102352,110688.06895238096
102353,111475.20095238095
102404,74133.586
102405,74133.586
102415,85924.646
102420,152374.57215384615
102442,73289.46
102475,554503.292
102479,499889.61
102511,193998.624
102568,100221.272
102580,61359.995
102593,68178.06
102598,118985.0
102607,102420.84806666666
102637,225020.906
102792,88559.998
102794,88299.878
102837,136621.99
102890,146093.984
102905,86701.7
102910,61457.86
102922,54012.64742857143
102985,156136.196
103028,41512.944
103115,168188.93623809525
103132,110688.06895238096
103138,135574.532
103179,180442.65736031748
103199,52128.61344
103244,144000.0
103246,144000.0
103276,250983.714
103283,97071.62
103313,134850.598
103362,87490.20866666666
103392,159471.42266666668
103395,75500.0
103428,159997.3
103436,91056.53146666668
103463,53019.374285714286
103493,367326.4985
103495,278196.798
103498,278376.798
103504,136257.13
103524,294835.596
103527,486039.839
103530,314698.524
103532,652700.0
103534,244610.624
103540,160338.26
103547,271062.422
103555,150732.20721976916
103556,188408.446
103557,130125.62999999999
103567,558785.8
103568,260499.305
103571,332164.882
103577,120195.324
103578,81731.75
103579,142872.984
103595,124105.3815
103601,138863.996
103603,84163.512
103604,218742.61
103608,120563.54914999998
103614,465392.59880000004
103620,165016.36051035635
103625,160000.0
103627,188021.008
103678,67870.19248484848
103679,209619.606
103685,373609.868
103716,209333.0
103720,135645.844
103778,113430.142
103780,507238.744
103785,92091.45533333335
103787,177181.249
103815,93288.742
103816,238356.86666666667
103821,219012.508
103836,83499.348
103845,183570.79066666667
103851,181379.778
103858,104427.65933333333
103859,102958.42
103862,157734.826
103866,181726.446
103873,142943.5468
103876,297847.67
103879,95617.4
103885,180961.446
103889,181726.446
103898,100493.124
103899,134927.236
103909,106055.37
103911,83056.212
103920,105892.00133333333
103927,128305.28275
103933,98551.33933333334
103946,218534.28493333334
103949,143149.774
103950,400528.102
103965,100085.226
103997,78495.016
104017,84707.7
104028,83129.65466666667
104068,733839.2670000001
104077,138768.106
104098,91894.924
104099,379013.9151428571
104103,198920.99
104135,320000.0
104141,813057.897
104148,96019.806
104149,225495.062
104151,291759.858
104154,261256.14666666667
104161,475000.0
104163,213629.226
104165,307735.69
104195,485000.0
104205,344931.55933333334
104218,310823.372
104238,246194.104
104245,353637.56
104248,162893.28933333335
104252,224777.462
104265,275134.0
104266,148078.898
104273,243929.11
104274,91659.422
104286,266196.442
104290,359888.957
104293,269207.512
104299,166952.306
104309,111960.66
104326,256783.788
104345,550349.676
104359,116112.506
104368,194248.908
104379,497707.4
104381,1132253.272
104403,99192.24003333334
104414,151002.78584798536
104417,535031.184
104419,105324.54005194808
104431,260000.0
104439,217557.3947833333
104445,253872.42066666664
104447,101703.81017857144
104451,124118.00217619048
104454,216938.94145238094
104456,154250.0
104465,155564.70733333335
104473,140178.054
104489,102893.378
104492,134919.232
104513,1126659.6
104517,320910.1693333333
104519,61026.52019047619
104523,98499.73
104524,106923.216
104526,65091.7371904762
104533,98891.2325
104538,200236.29466666665
104539,198774.16733333332
104545,129942.75266666665
104561,195783.18933333334
104598,303422.15
104599,303422.15
104611,107194.724
104613,107514.7955238095
104623,87606.77490476191
104627,349218.64514285716
104628,338599.08310952375
104629,341005.4823095238
104630,343028.0939428572
104640,488162.86319999996
104641,349851.83230952383
104642,350982.39666666667
104665,147800.0
104804,264948.522
104847,433935.966
104861,229274.09657142856
104862,276739.47066666663
104863,229656.56057142856
104896,95396.0
104899,123853.984
104901,161552.078
104906,127149.6097
104922,226496.924
104924,226421.50333333333
104925,444759.684
104930,101753.31
104935,90971.29
104936,101831.57671794872
104964,131957.4
104965,95791.9
104970,107130.87
104973,107183.24
104975,71645.38579065379
104979,163485.95
104995,151175.59
104996,113569.466
104998,99727.886
104999,99561.886
105000,99735.886
105024,102398.182
105029,180883.062
105037,161184.676
105038,573972.58
105039,429824.6706666667
105049,183925.532
105057,146543.15
105061,63819.7225
105065,73272.256
105076,81623.628
105091,95813.342
105116,155277.078
105136,125000.0
105143,284430.8813333334
105151,433398.18266666663
105160,233851.65733333334
105162,319826.41
105170,131330.11542857144
105172,153392.90333333338
105179,416406.3
105184,268705.0702222222
105185,724440.0
105197,240010.18876883117
105202,1275747.3777647908
105231,394010.87066666665
105232,244411.13966666666
105235,91010.04
105249,89334.6
105258,128286.65533333333
105259,301163.688
105272,237093.3925
105287,231317.29395000002
105293,261586.082
105304,165893.624
105314,172463.05
105315,118257.87433333334
105328,208318.24
105341,99079.344
105344,189978.942
105349,318407.77
105350,339289.5186666667
105351,57707.078
105362,104272.4536
105376,138022.28666666668
105386,147333.322
105392,350335.958
105401,476601.68
105409,213446.91266666667
105414,395510.122
105418,391662.4736666666
105419,148992.51133333336
105425,124203.0
105440,339158.3806666666
105447,181142.72176666665
105448,115564.70956666666
105452,254544.824
105463,78923.912
105464,180752.222
105465,203642.94
105524,59057.742
105526,91553.996
105531,173114.4
105536,579807.0926666666
105557,640983.216
105633,304171.32
105635,108364.87842857144
105637,256034.766
105674,327841.3528952381
105681,79000.0
105703,372027.162
105704,371636.162
105705,371700.232
105706,245772.57342857143
105711,180468.95923809524
105712,182499.69257142858
105719,291595.926
105728,135078.7
105734,135517.338
105735,115980.26742857143
105745,107307.97986666666
105749,575380.48
105764,743078.904
105765,735540.606
105768,202210.5833333333
105772,136646.18
105778,99958.4
105779,269147.2
105785,211311.308
105790,70499.902899445
105806,815273.388
105827,97596.512
105831,932806.8
105845,103099.678
105848,121407.95
105852,56970.383733333336
105865,353390.66
105874,573212.232
105906,279139.96
105910,616832.882
105915,103025.38733333335
105929,96229.152
105945,550000.0
105946,356778.0933333333
105947,127865.984
105948,127488.4
105954,165893.624
105990,192203.5
106000,168928.396
106016,66735.39666666667
106030,214160.8966666667
106034,126962.248
106035,99115.76404761904
106040,349499.27
106074,208293.74883333332
106139,75405.20216666667
106142,239066.26666666666
106155,199029.428
106168,324424.63
106177,463594.69
106183,268020.11466666666
106184,350049.15
106185,270821.91866666666
106201,570850.592
106215,131845.0
106233,789803.516
106235,87748.64
106236,142416.83
106239,393153.862
106241,309379.678
106242,309379.678
106243,198469.628
106254,68269.30031839827
106259,108275.0
106263,306179.704
106281,109393.97338095238
106282,349668.27
106292,94300.244
106294,94608.748
106343,60066.166
106356,204399.348
106359,313702.408
106360,88478.88351515151
106362,73137.94
106390,167000.0
106391,661696.04
106398,61573.261
106442,94890.122
106449,85000.0
106456,481505.072
106458,262865.222
106467,139737.866
106512,60386.808
106522,137820.498
106565,112008.19399999999
106572,95692.65
106579,219760.05211904764
106587,94433.63733333333
106591,281392.71
106599,76514.00819047618
106604,70816.73934040405
106618,228822.632
106647,294652.994
106654,109963.514
106665,277115.798
106668,338433.464
106678,347669.6488
106685,224708.70066666667
106707,327860.5528952381
106727,250421.122
106760,730494.5546666668
106776,460820.612
106780,73935.044
106781,118675.75733333333
106783,115359.41228571426
106784,166763.482
106790,91150.91022222223
106792,119245.11161904762
106819,155655.212
106835,140982.252
106845,73640.56
106849,73626.56
106857,176996.946
106858,76269.49533333334
106860,77540.5652
106862,94102.59666666666
106871,422463.462
106881,301290.0
106896,182204.106
106900,165000.0
106902,84358.0
106907,108233.2
106918,251954.35866666667
106925,98091.10053030303
106927,129909.242
106929,111646.246
106934,97814.55661111111
106948,157595.756
106949,204072.4179047619
106951,155370.832
106954,135242.03329836827
106965,185784.092
106975,79327.394
106990,195017.306
106992,134804.62
107003,98058.83580952379
107004,430172.328
107015,168365.6529206349
107016,180000.0
107035,183041.174
107058,220367.984
107062,93096.81
107071,172500.0
107086,119016.87166666667
107093,66183.878
107100,121800.0
107122,108870.80866666668
107268,90013.5738095238
107275,115474.55678787878
107357,182962.00445238096
107361,73296.29
107393,139105.80866666668
107395,322762.8455
107412,140978.052
107416,88847.65266666666
107428,93711.98152380953
107452,139582.452
107454,134577.12333333332
107464,89092.55266666666
107467,89027.65266666666
107469,71382.848
107470,71434.848
107472,192698.846
107473,191812.246
107487,133694.11933333334
107489,215068.27699999997
107495,102165.493
107497,69735.23066666667
107501,47283.4
107506,161825.0
107510,161825.0
107520,188950.56600000002
107551,104493.116
107556,65292.18
107572,88951.78974285715
107584,137787.1893333333
107594,88903.1
107595,1209045.296
107601,76739.10946031746
107614,78993.11975
107616,189629.63
107617,193847.72463333333
107619,115304.8532857143
107621,111009.02666666667
107650,382098.3086666667
107656,108869.048
107678,201219.132
107680,543820.216
107684,247882.8375428571
107687,206839.082
107690,94014.8655
107692,92926.0215
107693,148303.72245714284
107694,150193.4813
107695,90380.82
107702,195910.552
107712,255556.97466666665
107718,168963.346
107722,73281.254
107757,200543.4813333333
107762,128527.89433333333
107769,143094.852
107770,143094.852
107771,536757.6313333333
107776,148921.112
107778,89849.802
107788,298751.8862
107792,184366.276
107812,108300.22466666668
107831,57874.926
107832,66847.27
107863,776859.059
107871,184596.917
107873,189000.0
107874,189000.0
107875,184596.917
107906,127129.65514285714
107915,84645.492
107916,84645.492
107917,84645.492
107918,84645.492
107919,83357.652
107920,83572.738
107998,214994.53114285713
108021,147130.4
108137,98045.93933333334
108190,228051.532
108231,191230.548
108235,71380.028
108237,71353.028
108246,99844.8
108272,131243.11933333334
108277,101704.466
108281,71650.83066666668
108283,185940.364
108285,48721.8
108340,78705.52447619048
108343,146200.49533333335
108401,442294.114
108406,168469.25319999998
108408,252710.266
108410,193558.442
108429,150273.96
108444,91918.464
108447,90833.7055
108465,240127.95733333335
108468,134952.6056923077
108479,299851.4632
108496,167852.33298701298
108505,835119.976
108512,224893.9044
108518,198470.576
108519,292379.8202
108524,117783.852
108527,129351.442
108528,78358.346
108545,182768.98
108548,118726.86285714287
108551,154676.00533333333
108557,113411.18028571429
108558,158720.654
108574,175153.432
108580,409888.5372820513
108581,84645.492
108589,158969.0095
108654,175207.2918952381
108658,51313.012
108757,190968.854
108771,126610.99925
108778,163080.394
108802,182653.648
108814,161142.192
108816,71465.83066666668
108817,79443.526
108832,287588.71927272726
108855,103498.226
108867,288859.4748
108886,118167.7468
108900,186081.8746666667
108916,75435.658
108948,199000.0
108960,269721.23
108962,200477.658
108983,265198.406
108984,105419.678
108992,167426.332
108993,59240.382
109002,61670.186
109051,586562.1266666667
109135,80399.406
109157,176681.554
109160,287403.4145
109175,199000.0
109189,121170.15666666668
109236,201027.40046666667
109250,150897.02566666668
109251,148908.738
109254,200000.0
109323,122000.0
109368,165722.63954285716
109384,64602.43066666667
109388,165207.72133333332
109389,94341.53670476191
109414,90911.07146031746
109434,204368.792
109448,257500.0
109454,787763.6206666668
109455,123676.77571428572
109456,177981.086
109478,133321.20719215684
109488,124685.81346666669
109499,172494.33400000003
109504,79247.864
109509,82262.642
109523,93421.0760952381
109524,93958.2460952381
109525,94107.9660952381
109526,94107.9660952381
109534,118729.79757142859
109546,121047.15
109566,122000.0
109570,191812.246
109577,53212.792
109586,56768.62857142858
109589,69888.26
109597,66686.8
109608,110737.94763333333
109624,85111.84
109633,342250.0106190476
109634,84054.386
109650,144572.68183333334
109651,144572.68183333334
109653,168816.56266666666
109654,140335.19298508897
109656,124494.43548571429
109658,82565.18466666667
109659,323567.54360000003
109661,335137.9905333334
109667,282000.0
109672,75876.27226666667
109673,198341.93
109674,282000.0
109675,282000.0
109690,282000.0
109698,82424.3840952381
109703,180013.2812190476
109710,121410.31185714285
109711,102224.59379999999
109724,125930.73653571428
109729,121492.41800000002
109736,141369.476
109777,176254.16897142856
109778,95550.35333333333
109779,237240.426
109780,118005.294
109781,100670.54779999999
109794,127082.7235
109860,122623.634
109861,85641.12118095238
109867,251213.0
109868,255544.0
109876,109368.53
109891,176125.7624761905
109896,157154.74361403508
109903,120586.28235555555
109905,240977.11
109915,236675.68600000002
109925,102989.602
109959,270843.972
109962,110381.22399212515
109985,112184.463
109986,131071.08730714287
110001,156528.79628070176
110013,199637.80933333334
110024,100592.6268190476
110041,104459.66800238095
110055,202609.0
110056,202609.0
110060,764907.5701428571
110065,144696.6766666667
110079,145026.92699999997
110092,126949.83976666667
110099,156907.85762424243
110108,177426.8046315789
110121,718520.5782857143
110130,130402.88457142857
110132,280000.0
110135,191000.0
110136,346000.0
110137,191000.0
110138,300750.0
110139,121500.0
110148,140201.21994805193
110150,92387.50733333333
110158,190783.20866666664
110160,223738.85022857145
110161,218800.0
110180,130422.48907142857
110223,341175.28664761875
110226,109698.7792
110236,226275.93988095238
110248,282000.0
110295,128961.62637380953
110319,158645.06143333335
110327,90380.812
110330,108101.59533333335
110335,246892.604
110345,179070.854
110348,245236.966
110349,245236.966
110351,85512.51816666668
110355,185351.17533333332
110365,202362.82133333333
110380,181667.942
110387,148580.67274999997
110392,163687.6066666667
110393,163712.522
110403,141610.734
110452,370230.76171428565
110462,122669.58066666666
110538,140763.498
110626,241223.024
110628,161638.4293333333
110631,140782.87628571427
110642,193364.15733333334
110672,138227.95866666664
110695,111487.09180952383
110698,78231.098
110716,109623.89
110725,104381.75613650793
110733,218127.588
110742,144494.468
110743,204368.69
110747,156858.98361403507
110758,186048.3
110769,221085.33733333333
110780,313501.8039285714
110790,94388.88666666666
110791,94388.88666666666
110792,373724.2257857142
110795,92615.30466666666
110796,92498.926
110797,73924.07
110798,83479.76
110803,106880.492
110807,134556.923
110817,102108.83983333335
110824,91223.77023809523
110854,800921.3205714285
110872,477829.816
110875,118076.33466666668
110883,132309.96933333334
110902,144784.8616973684
110903,146544.9596722222
110912,100532.3171190476
110914,276115.5875
110923,105080.43343095238
110934,733133.2546190476
110938,92119.08838095238
110939,92330.356
110945,125996.78666666665
110948,161362.903
110949,148812.60756416916
110964,125433.32153070175
110980,90288.04233333333
110983,64363.00376190476
110992,212875.174
110993,785704.0421428571
110999,280000.0
111000,284427.9436666667
111001,284427.9436666667
111003,284427.9436666667
111005,346000.0
111008,280000.0
111009,121500.0
111014,123645.92639285715
111018,92387.50733333333
111023,101225.78786666667
111031,155701.90603333336
111035,105000.0
111054,95879.2599952381
111059,231400.53133333332
111079,117229.12875
111113,677480.2472380953
111114,721269.0832380953
111117,200965.492
111118,200965.492
111119,200965.492
111120,282000.0
111122,282000.0
111123,198341.93
111124,282000.0
111125,282000.0
111127,198341.93
111129,211034.07188095237
111143,230477.48066666667
111147,282000.0
111148,282000.0
111166,211228.48914285717
111167,109281.62028571429
111168,119541.6237177489
111191,131106.876
111196,106925.0
111197,81369.69044444447
111199,95609.97819999998
111208,664098.7972727272
111216,108912.7435
111252,228387.75
111255,103368.75533333335
111319,145881.8324369748
111384,299059.602
111386,227450.69633333336
111388,225000.0
111389,214535.372
111394,188958.24171428572
111395,205540.76885714283
111435,164498.01065
111446,75507.608
111457,111624.14280952384
111459,105019.39527936508
111463,73683.4985
111477,366504.769
111496,102092.00333333334
111506,60015.268
111507,118862.92
111510,89965.87409523809
111512,254647.716
111523,167529.3112467532
111530,183966.31515238096
111531,136666.0073333333
111534,378379.91733333323
111538,86124.8110952381
111554,451479.7543333333
111573,216255.62133333334
111590,528737.0913333333
111598,151843.89694736846
111608,724097.0265714285
111611,133237.48
111621,207664.44467857142
111628,207167.344
111629,96439.15
111633,232330.15285714288
111636,196000.0
111637,121500.0
111658,102927.564
111665,180547.1340190476
111697,247435.9498666667
111703,118003.69666666667
111774,120755.632
111775,87631.382
111820,158019.82818571432
111839,78795.86733333334
111846,150327.60187085136
111850,215909.3106666667
111856,227017.78989999997
111860,120212.53735714285
111865,57033.80052380952
111883,105670.98942857144
111884,184859.79571428572
111885,105629.51742857143
111894,96365.66986666666
111915,305459.298
111924,765711.192
111939,173202.638
111954,94795.61055555556
111965,133650.0
111970,187676.154
111976,119436.07113333335
111987,122334.38033333333
111988,130015.85833333334
112051,158483.418
112063,107946.64233333334
112068,514173.816
112075,208190.65517301587
112157,277610.78256666666
112162,102709.25283650792
112163,103530.12964603172
112227,98524.7631952381
112230,212666.344
112247,403248.07876190473
112271,168711.173017316
112297,76627.71904761904
112315,86453.7040952381
112335,220034.162
112353,335919.4946666667
112355,873354.846
112367,116985.71752380951
112375,173527.112
112378,173527.112
112388,177575.0
112412,290422.01014285715
112424,197849.5714285714
112431,140533.54961796536
112465,362333.806
112466,335000.0
112474,172449.17419999998
112486,112089.98733333332
112510,140264.38638095235
112511,131703.96306190477
112512,149597.49984126978
112657,93167.82557619049
112663,99782.99666666667
112673,123730.90297380951
112680,138216.70965079367
112681,149687.504
112694,231311.09
112696,105825.754
112713,117088.46923809523
112716,204161.6435
112718,209109.49926190477
112720,226017.812
112726,115615.63883333335
112744,268205.87378571427
112748,141084.388
112755,265220.9413333333
112757,373806.246
112780,132795.48828571427
112793,259304.87733333334
112796,108848.43809047616
112816,117403.392
112822,146115.47714285713
112823,156000.0
112825,156000.0
112828,215786.174
112851,524584.216
112872,176224.3182619048
112874,124525.62359215687
112921,143588.194
112925,172000.0
112926,376597.9548333333
112928,172000.0
112929,172000.0
112930,172000.0
112933,150528.80266666666
112938,108563.02733333333
112960,291000.0
112963,291000.0
112970,177575.0
112974,194984.29977777778
112986,226922.0
112987,226922.0
113022,241970.815
113037,114107.30933333332
113109,204800.0
113113,145500.0
113114,145500.0
113163,176553.525
113169,103541.695
113181,250000.0
113206,262012.28
113207,143372.59603174607
113230,267866.531
113231,634338.393
113246,207731.82044444446
113248,261298.76857142858
113313,153987.58787777778
113314,318462.4893333334
113315,318405.7713333334
113320,146985.0
113322,179820.0
113323,241220.7
113326,179820.0
113329,153774.19290476185
113465,112796.58857142857
113468,282262.9083333334
113478,122330.62968128658
113488,365793.44666666666
113491,562291.0045
113503,235603.79
113552,146154.34466666664
113568,118500.0
113608,256349.74728571426
113613,163635.80066666668
113616,190139.48320000002
113617,189924.54973333338
113630,113788.232
113644,121323.73697380951
113645,99044.8019190476
113657,145027.74448715732
113662,123475.998
113668,232695.86766666666
113703,269987.7492857143
113704,138032.83685714286
113706,113391.98833333334
113711,255254.29
113750,135792.5725
113752,184692.70644444443
113762,123105.2129254902
113804,156000.0
113809,546702.4714666667
113813,174471.34426666665
113831,147302.5106031746
113871,224554.36841976916
113884,177575.0
113888,159138.21633333334
113890,325222.635
113909,214000.0
113922,143077.6201396104
113950,145500.0
113957,201019.814
113995,144996.52527272727
114001,199826.33866666665
114002,288206.310968254
114007,92416.844
114030,119381.777
114031,179820.0
114139,246441.394
114172,210381.43266666666
114187,377083.44666666666
114200,69935.63116666666
114204,132371.2162857143
114217,205866.34983333334
114242,121806.88228571428
114253,207177.96383333334
114266,98095.04864444444
114276,146665.49086666663
114334,270977.57266666665
114335,270092.5764285715
114336,269465.624
114337,237352.6457777778
114377,242891.81714285712
114379,124521.84466666667
114396,156000.0
114401,223000.8613766234
114405,106348.52120238097
114407,115447.41863939395
114431,172000.0
114432,172000.0
114440,436446.796
114449,156585.592
114454,291000.0
114458,140440.55066666668
114461,141118.80120238094
114468,524584.216
114560,152876.17266666665
114619,145858.6564761905
114634,230006.978
114649,93243.93066666665
114650,215147.33533333332
114658,284265.21283809526
114661,872416.552
114676,227367.77
114684,192045.57552380956
114688,202793.32671428574
114690,72303.46133333334
114698,674362.892
114702,146744.07160714283
114711,237936.436
114717,140400.0
114721,272876.9953333333
114728,137269.76586666668
114732,66709.70736269842
114736,405000.0
114748,163800.0
114764,193460.1753809524
114780,260442.5535
114781,262152.82159999997
114790,284265.21283809526
114804,140400.0
114809,443182.564
114812,85000.0
114816,224668.25319047624
114839,284265.21283809526
114847,149060.4013333333
114884,272392.4376666667
114886,189382.18876190478
114887,147134.642
114893,104346.138
114904,245846.684
114941,90554.2880687757
114950,206035.762
114969,74399.194
114993,368115.65
114997,91050.532
115004,553500.0
115020,104765.89841666668
115025,494681.032
115027,315098.5359523809
115078,196350.0
115080,196350.0
115081,196350.0
115082,196350.0
115085,196350.0
115086,196350.0
115087,196350.0
115088,196350.0
115093,71715.658
115098,352569.22133333335
115099,329436.296
115100,350056.87844444445
115178,87987.4238452381
115179,87985.02384523809
115181,72525.8
115243,74451.352
115261,59807.54118189457
115279,134650.274
115316,96618.87999206346
115318,95411.96403860027
115360,121770.90673162392
115394,57973.44038095238
115403,152305.958
115408,224603.022
115412,74914.6819047619
115417,130640.35979999999
115418,124729.53466666666
115422,130655.9958
115479,436624.242
115480,553500.0
115481,436624.242
115482,436624.242
115483,436624.242
115485,740767.5353095238
115488,436624.242
115505,134510.17126666664
115506,192000.0
115507,94642.54952857143
115508,164062.4406666667
115509,192000.0
115510,94642.54952857143
115511,94642.54952857143
115512,94723.68552857143
115514,94642.54952857143
115515,135200.0
115516,135200.0
115517,135200.0
115528,306659.3355
115536,238228.0670317461
115537,165500.0
115538,178177.1965
115539,165500.0
115541,135200.0
115542,201549.682
115543,100847.58414285713
115544,131143.69544761904
115545,163850.94908333334
115548,91408.938
115551,77297.42466666667
115552,85758.65333333334
115553,63683.73733333334
115554,74405.448
115555,59348.11371428572
115559,529895.5465555555
115597,352823.1771111111
115598,355920.9831111111
115642,67664.38976470588
115652,231463.36469999998
115780,244383.45054545457
115818,94199.21436363636
115896,132917.834
115898,132667.834
115900,132917.834
115902,132917.834
115910,135988.3028
115927,55110.8
115980,344814.97
115983,63552.196
116008,88989.33161040478
116056,397789.308
116064,88103.200102886
116065,88103.200102886
116066,102000.0
116067,95411.96403860027
116068,88103.200102886
116069,88103.200102886
116071,99214.63748650793
116072,99214.63748650793
116094,236690.7289333333
116099,76616.46333333335
116105,99494.0254642857
116152,437371.432
116154,436624.242
116173,100744.4724
116174,192000.0
116175,134510.17126666664
116176,192000.0
116178,100744.4724
116179,94642.54952857143
116189,135200.0
116190,135200.0
116196,94341.0561904762
116197,94998.7361904762
116198,199983.6194
116199,105276.02485714285
116205,541705.1883809523
116269,144805.03
116350,238563.956
116434,99194.67171428572
116435,55275.4
116446,72374.152
116471,116303.58
116501,88346.22132034633
116506,102000.0
116507,88103.200102886
116508,96618.87999206346
116509,102000.0
116547,81482.24845025907
116562,219708.202
116581,345800.0433333334
116634,72374.152
116635,72416.352
116661,71965.73022490214
116675,84287.04992857143
116690,128209.09
116706,49371.0
116787,51654.15178947368
116890,53110.88
116909,51047.2
116920,145604.68666666668
116926,148392.494
116932,120744.0
116934,109999.0
116937,170400.0
116940,117400.0
116941,170400.0
116942,117400.0
116944,170400.0
116945,182060.53
116947,90250.0
116948,90250.0
116950,99115.94518333334
116957,173221.40733333334
116958,168872.08177777778
116959,172890.39133333333
116960,137273.31833333333
116981,266450.8364912698
116988,136718.39614285718
116992,121381.16904761903
117046,87199.668
117055,120744.0
117076,92690.011
117077,92646.011
117078,92690.011
117093,100525.68333333333
117127,120744.0
117128,120744.0
117137,118922.8
117140,161861.8713333333
117145,183703.2975848485
117174,106037.5
117188,107379.33455714285
117201,155839.62600000002
117212,145641.74619047617
117216,267673.6441
117220,120744.0
117222,120744.0
117224,120744.0
117225,120744.0
117226,120744.0
117227,127714.0
117232,120744.0
117236,109200.0
117238,96659.224
117239,73176.39988888889
117245,306810.517
117246,154166.898
117247,147288.7493015873
117253,150780.5603838384
117263,90250.0
117265,195040.44933333332
117272,92355.84546666667
117275,75708.134
117278,218649.94547619048
117288,149326.77644444446
117290,159416.8683181818
117313,121762.108
117317,196350.0
117318,274711.7301634921
117325,102610.0
117326,102610.0
117328,277114.31183809525
117331,181742.0
117333,110656.5
117335,110656.5
117345,271657.99157460313
117346,271657.99157460313
117349,174848.85
117359,109513.25533333333
117365,120744.0
117374,148240.099
117416,81544.886
117511,118953.31633333332
117513,112142.478
117514,97815.80966666665
117589,113158.56466666666
117619,120744.0
117632,121058.122
117680,146685.41933333332
117682,145993.41933333332
117688,98122.53298809523
117714,135111.75633333332
117716,140982.458
117718,146065.41933333332
117719,141430.458
117746,135480.15633333332
117750,79070.942
117752,114152.572
117759,84067.16733333335
117772,140971.62422222225
117777,105204.302
117785,128463.07946666665
117788,173912.79321666667
117796,84348.72
117797,70093.352
117803,86114.94488095239
117808,131064.4148866023
117810,102931.73920833334
117821,178138.29668571427
117846,195616.56056601732
117847,147265.792
117848,182275.5635160173
117849,147265.792
117850,147265.792
117851,147265.792
117853,51898.552
117875,96086.1352
117888,95106.644
117900,110723.89454545455
117903,261904.16066666666
117906,124181.24
117917,94524.576
117918,169999.0
117919,169999.0
117925,181500.0
117927,118999.0
117931,131187.21733333333
117935,252822.738
117945,173873.6326666667
117953,106037.5
117956,106130.84712857142
117964,102999.0
117965,102999.0
117966,102999.0
117967,102999.0
117968,102999.0
117969,102999.0
117970,102999.0
117974,102999.0
117984,209124.452
117999,538980.8193333333
118001,138214.63838095235
118006,70434.208
118010,412043.62281651684
118020,135451.804
118023,158309.70049664224
118027,113010.60266666667
118030,68535.62066666665
118048,82067.92266666665
118049,70759.81347619048
118056,97137.0012
118060,145641.74619047617
118061,343761.628
118062,64546.21066666666
118067,103998.954
118091,120744.0
118094,120744.0
118095,127714.0
118096,120744.0
118097,120744.0
118098,120744.0
118099,127714.0
118100,120744.0
118101,120744.0
118104,109200.0
118109,191658.124
118116,90128.24266666667
118118,150533.34213333332
118125,154783.0397777778
118126,148391.57730158727
118130,147025.3183838384
118132,167234.26844444446
118133,199494.97
118141,194935.3419
118148,90250.0
118149,90250.0
118151,127714.0
118157,151905.4899892036
118163,107359.06254545455
118165,199000.0
118168,172178.554
118169,181842.75066666666
118170,167245.27244444445
118178,120860.97833333333
118180,127289.64580000001
118182,113334.07339047622
118186,70164.09266666668
118192,248523.7416
118196,127714.0
118198,139888.68
118209,131595.73253204225
118218,95240.0
118229,104427.50185
118230,106402.83400396825
118244,132972.90266666666
118250,127043.26000000001
118255,179308.30529761905
118316,78736.03
118319,81674.38633333334
118320,64900.0
118323,451510.679
118437,80331.88933333333
118449,206236.71791666662
118461,84058.1985
118491,92621.811
118511,79147.05371428572
118533,110160.338
118555,99584.16853333333
118562,120744.0
118575,162999.0
118578,95881.91665714287
118589,102999.0
118590,139999.0
118612,102999.0
118617,135228.29595238095
118627,411037.2436043956
118637,103069.90102564103
118646,155500.0
118647,129681.19484126984
118650,249060.7075
118659,139845.15695238096
118668,158370.9063838384
118669,98000.0
118701,232743.188
118704,171583.042
118826,92065.83750779221
118866,106511.07666666668
118867,110309.86333333333
118869,92451.736
118870,72034.812
118871,72058.812
118872,72004.612
118881,75653.35
118893,177032.42733333335
118894,135111.75633333332
118897,177204.62733333334
118899,135271.75633333332
118908,102796.5328
118923,260136.78079999998
118944,120585.09838571429
118965,179800.0030090909
118987,150055.33865587026
119087,69490.243
119092,97102.866
119098,145671.808
119099,182095.30930000002
119143,183874.158
119180,207873.734
119190,183874.158
119207,190473.7173333333
119217,181785.95066666667
119236,93567.47959999999
119246,143274.5593308081
119247,134991.36371428572
119248,123558.37573333333
119251,138898.87838095237
119252,142490.1263809524
119255,219150.408
119259,195865.80152380955
119262,203287.842
119264,390602.3340901323
119275,147922.412
119284,468421.68639138644
119285,468421.68639138644
119291,150072.33361904765
119294,92707.40796666667
119305,168785.2097095238
119306,245604.22866666666
119311,110120.66
119326,271231.53633333335
119328,447000.0
119334,233186.668
119338,163597.4304
119341,464339.4350476191
119343,69708.08685714287
119345,176514.1066666667
119346,176514.1066666667
119348,162683.447
119351,125000.0
119374,324359.4880833333
119389,239769.99653333332
119397,369516.364
119398,534832.9788571429
119401,272542.8862857143
119402,158635.64158571427
119403,280137.932
119406,160000.0
119446,122966.74829999999
119505,395758.5306666667
119514,274138.88626159955
119515,347458.44346825394
119516,117405.42066666667
119529,169572.34480000002
119549,484558.136
119561,201782.984
119562,410533.6541666667
119567,180037.85477558
119572,235954.727
119573,88339.8175
119574,89654.99666666667
119575,116418.07913809524
119590,89742.99666666667
119591,121849.88507142858
119605,145000.0
119606,145000.0
119608,399000.0
119609,180932.533
119611,399000.0
119613,706645.1701666667
119621,95357.12733333334
119637,258709.483
119641,120236.791
119647,154308.8784842713
119648,131046.63856666668
119649,245048.992
119650,157068.21881904762
119656,238518.15605714286
119657,227447.58933333334
119658,423495.05914285715
119673,299999.0
119676,95666.80575873016
119680,110760.77666666667
119683,88819.498
119685,152626.44187142854
119703,101762.395
119709,390602.3340901323
119712,102724.48923809524
119724,134132.76439682537
119731,197499.0
119733,197499.0
119735,197499.0
119748,262925.82933333336
119750,239484.0086666667
119754,213795.63466666665
119759,100050.0
119765,417013.769
119768,112961.356
119770,164212.23495555558
119771,125534.67706666669
119792,101819.0
119794,101819.0
119796,101819.0
119798,439052.41936904757
119804,101819.0
119809,100774.0
119811,277729.192
119813,226245.624
119821,310426.95426666667
119824,191284.0
119825,188210.0
119826,188210.0
119830,191284.0
119831,188210.0
119832,311605.0
119833,100515.614
119834,72495.496
119835,96350.572
119842,125000.0
119847,124427.7468
119848,163039.1009555556
119857,160104.26533333334
119871,81241.426
119872,81241.426
119873,83307.116
119876,124974.10268816738
119884,335511.30337936507
119931,160000.0
119932,158733.6535857143
119933,208128.26266666665
119934,160000.0
119937,270276.1575
119938,153130.58833982682
119939,138051.5073015873
119944,156229.74
120014,69805.95171428572
120072,97250.0
120077,160000.0
120105,194631.302
120107,158304.1087241703
120111,154468.677
120124,134072.76590620494
120132,93566.22714285714
120133,292887.27530000004
120141,128132.90512745097
120165,102019.58980952381
120166,101729.58980952381
120169,225042.256
120176,187567.98
120177,198525.4
120180,393117.8
120181,391219.8
120193,114522.96916666669
120194,220656.8515
120196,154999.0
120205,154450.2513176046
120206,322526.286
120207,129877.30542857143
120208,122415.3683992785
120218,140841.09051428572
120223,965541.2531190476
120231,125584.54866666665
120261,419556.82637518045
120262,295158.93099090917
120263,160000.0
120269,82789.482
120273,179530.728
120279,174579.80358638024
120295,99875.76014444444
120298,160065.23551666664
120302,246634.6213333333
120304,229736.58
120305,260224.476
120306,218058.446
120311,215463.042
120312,212719.292
120314,108950.38333333333
120320,161711.598
120326,255623.45183333333
120327,118382.44489999999
120337,110396.19770238096
120338,110396.19770238096
120339,110396.19770238096
120348,172280.43165548344
120349,172280.43165548344
120350,211093.7333333333
120363,80393.16226666667
120365,124856.03468816738
120371,147900.14925555553
120372,139542.94804357865
120378,133982.92
120381,132860.2889
120383,84332.18133333333
120385,66609.28
120414,160828.24829224666
120415,163046.58420653237
120417,93811.81028571428
120419,144333.5226666667
120421,85492.976
120499,106617.14133333333
120500,83413.552
120501,154584.03259126988
120515,133087.68193333334
120516,139852.73766666668
120545,242242.914
120548,59761.98523809523
120561,193941.302
120562,121513.86386666668
120564,113153.694
120569,87107.34438095239
120590,972732.7371190477
120591,377222.5446666667
120592,219279.77533333335
120593,89419.498
120596,299441.8
120597,107097.29
120608,128356.69583333335
120609,121849.88507142858
120614,301616.826
120615,123962.148
120616,121628.12666666668
120629,746848.625
120642,322589.0188409091
120643,89175.47444444445
120646,360033.9796666667
120672,919838.4014523809
120675,185100.158
120676,75000.0
120678,84557.33416666665
120687,456399.16285714286
120688,456862.37466666667
120689,456399.16285714286
120691,416082.5243751804
120692,416082.5243751804
120702,69898.0
120715,210731.016
120720,217738.77
120735,121286.99697142855
120743,106133.736
120744,77913.266
120745,82325.074
120749,219573.058
120756,98603.8960952381
120769,85240.55666666667
120803,93100.0
120810,85153.374
120822,92127.43577777779
120832,185686.21533333333
120833,184285.488
120844,151750.83601904765
120851,82789.482
120886,101665.246
120887,101461.046
120895,184973.964
120903,131077.168
120905,151644.50133333332
120906,153423.24333333332
120910,87052.23363333332
120916,309020.05755714286
120918,456399.16285714286
120920,456399.16285714286
120922,416082.5243751804
120924,416082.5243751804
120925,416082.5243751804
120926,414978.80437518045
120960,95483.126
120970,67750.698
120976,164388.79466666665
121014,126463.042
121019,298228.37066666665
121021,113338.04966666667
121025,171902.388
121030,628376.908
121038,154581.392
121041,142455.34604285713
121042,151443.408
121043,262912.03533333336
121045,165095.40866666668
121046,157031.6906666667
121047,266592.755
121048,237692.80088888883
121049,341597.5126666667
121050,150797.65133333334
121051,150710.5026666667
121061,272000.0
121062,99800.0
121064,99800.0
121068,525000.0
121070,525000.0
121085,99800.0
121097,123582.66220238095
121150,101510.15485714286
121158,119699.24866666667
121159,273612.4228
121169,139178.98
121172,90760.99866666665
121187,270000.0
121189,201859.14466666666
121192,945769.076
121193,941993.132
121195,123440.80600000001
121204,114529.03776984126
121208,332722.07371428574
121210,172537.102
121219,253235.634
121224,180586.14
121235,265124.4526666667
121236,271333.74466666667
121238,164275.1226666667
121239,262769.8706666667
121240,228183.40222222218
121241,151199.75666666668
121242,264857.09266666666
121243,156832.0546666667
121244,134515.08973015874
121246,116968.45833333333
121249,137701.06569047619
121251,234852.2920984127
121256,137779.01
121257,139114.81
121258,139238.008
121264,228142.27349206345
121265,180000.0
121270,123914.3591111111
121274,141422.565
121280,208838.21657142858
121282,88707.133
121283,123435.0
121286,123435.0
121295,135179.21892380953
121296,124694.536
121299,114218.27198412697
121300,153747.38934090908
121301,247868.95052380953
121307,140803.21165714282
121308,92000.0
121311,134662.48733333332
121315,195372.8632
121320,88106.84333333334
121321,179853.354
121323,140970.5
121324,140970.5
121331,176800.0
121333,140970.5
121335,140970.5
121337,269530.0
121338,102544.0
121339,269530.0
121343,165102.8172142857
121346,186010.765
121347,236573.8598095238
121348,237277.8918095238
121350,236706.8598095238
121351,303945.726
121352,242769.90295238091
121364,525000.0
121365,525000.0
121373,247032.3708
121375,156041.88133333332
121376,122826.356
121377,267295.8098666667
121385,198201.7683333333
121397,116200.12542857144
121400,137800.7045
121402,99800.0
121408,99800.0
121444,108332.65304761905
121452,89130.634
121455,188125.79
121538,337141.3286666667
121544,106928.684
121597,140273.20028571427
121647,104711.47066666666
121688,278438.81
121697,142681.675
121707,272000.0
121708,272000.0
121710,122384.677
121716,258793.928
121723,322191.318
121739,98997.90066666665
121742,217452.466
121746,254640.884
121751,111614.01585714286
121756,125923.01433333334
121757,95516.30266666666
121765,106851.6443452381
121766,107213.8203452381
121767,101452.22922619048
121771,100912.40666666666
121777,138716.44666666668
121781,241937.98892063493
121787,87381.468
121788,118735.04135238094
121793,354926.596
121802,169243.389
121807,195190.0433333333
121822,151332.892
121824,281514.2222222222
121825,143895.87825757574
121826,87781.69880000001
121829,390277.0973333334
121843,108101.182
121847,101785.81959999999
121848,100857.80255238095
121849,133760.1666666667
121850,112622.85866666667
121854,166000.0
121857,118250.0
121868,118250.0
121878,131414.22609523812
121884,334736.32657142857
121892,94996.52133333334
121899,226324.66564285714
121900,134447.63148333336
121901,92285.58466666666
121909,93538.09616666667
121923,114977.46977777778
121927,102369.26713333333
121930,108000.0
121932,123435.0
121935,116364.41533333334
121941,117822.91078571428
121944,130801.56685714288
121948,187480.824
121954,317758.89633333334
121964,89287.096
121966,196284.7016666667
121970,245505.0195
121984,275483.5842173381
121993,126197.0438582996
122033,91670.06836507937
122036,361933.9695
122044,137012.53133333335
122165,214091.03018181818
122166,146997.7874166667
122167,172052.28666666665
122168,139899.71982857143
122169,139802.07649523809
122195,161685.09883333335
122197,168913.794
122214,118320.78826190476
122219,262239.0335151515
122225,112766.36333333334
122241,222490.81533333333
122249,113732.52783333333
122262,216716.1500833333
122277,146146.54807857145
122282,122486.08533333332
122294,140280.76466666666
122299,176208.0433333333
122302,149371.406
122311,173634.66
122313,153998.46000000002
122315,288237.074
122318,126167.97686666668
122321,119714.17890476191
122322,106245.55428571429
122323,255522.89
122330,876994.5641333333
122331,864618.1176333333
122332,735302.0173333334
122333,735302.0173333334
122337,119707.108
122340,121770.0
122347,83567.793
122350,205620.762
122351,92472.48866666666
122362,204396.68972510824
122370,139186.61
122371,138969.93
122373,102296.76763571429
122377,99440.0
122382,133604.23866666667
122398,203876.88373699636
122404,111000.0
122405,308512.74885714287
122410,111131.94666666667
122411,205682.60633333333
122412,125331.49733333335
122434,127711.64266666667
122442,252781.29733333335
122454,246813.51
122458,247135.51
122459,245091.584
122467,193777.58704761908
122472,260000.0
122474,237300.124
122475,135298.906
122500,123413.94483333333
122559,112275.80881746032
122560,231365.98
122561,155115.50723809525
122586,75375.8911821512
122599,256291.3266666667
122602,71631.39800000002
122614,75337.594
122616,138222.31840000002
122622,176209.49804761904
122637,123363.26000000001
122644,101452.22922619048
122647,192140.88074114776
122665,104788.52266666667
122667,150885.0098888889
122669,166000.0
122687,269988.608
122695,166000.0
122699,314877.4098857143
122701,207446.77333333335
122703,125429.268
122744,442663.63
122752,139511.43133333334
122762,368114.2093333333
122768,173090.31076571203
122783,193888.827
122784,77731.47414652015
122787,216570.552
122788,164940.986
122792,89672.282
122881,246813.51
122882,80786.56302424244
122900,75729.47219999999
122901,74096.914
122902,75069.87653333333
122903,74103.15
122904,74603.67633333332
122909,122275.3
122927,107000.0
122928,107000.0
122929,107000.0
122932,138000.0
122934,230277.74
122935,132700.0
122947,109500.0
122969,71372.9411
122987,285267.242
123070,298661.99008888897
123079,261591.362
123083,296544.4666666667
123092,79337.35
123093,70826.086
123094,73644.424
123095,71018.808
123129,70581.508
123153,188384.63525714286
123165,544995.26
123176,124133.222
123196,82919.43644300148
123248,140183.38985714284
123310,107000.0
123311,109500.0
123312,109500.0
123323,195553.46
123325,195682.66
123326,194825.0
123327,207120.038
123328,195553.46
123331,177850.0
123335,109500.0
123338,147988.02
123400,82503.474
123480,106800.0
123558,72214.05053095237
123572,162947.368
123576,72214.05053095237
123579,174510.266
123580,174554.266
123588,80759.20666666667
123592,81007.02666666667
123595,171739.866
123605,149305.3788968254
123612,250000.0
123620,75832.61
123623,74556.66053333333
123624,77784.32653333333
123657,139000.0
123658,139000.0
123686,71308.864
123734,189218.928
123749,385242.584
123759,187177.646
123760,81312.2383857143
123767,106800.0
123768,106800.0
123808,346901.5028
123815,119654.614
123825,152349.804
123835,344286.22
123868,109500.0
123869,109500.0
123870,109500.0
123874,207120.038
123877,109500.0
123892,106800.0
123898,92087.3645
123900,80713.27780952382
123903,92000.0
123905,105762.72483333333
124032,297687.304
124034,72160.05053095237
124036,78821.628
124038,171739.866
124039,171739.866
124044,174510.266
124059,92362.67333333334
124070,80084.51
124071,81002.634
124072,70896.466
124073,74042.696
124074,69946.652
124094,139000.0
124096,126412.334
124109,141461.772
124118,112534.076
124125,111245.61934920636
124138,275468.964
124178,72020.328
124187,116950.45666666667
124197,325146.402
124213,206794.866
124214,109500.0
124228,103504.32848051947
124263,109693.65733333332
124339,275514.434
124357,116163.42353968257
124364,131285.40999999997
124380,566322.524
124392,249929.958
124494,89131.18733333334
124500,106318.8
124536,124076.03266666665
124537,72020.328
124540,501000.0
124548,88137.838
124597,549534.7936363636
124642,501000.0
124646,282878.192
124648,282738.192
124662,109500.0
124688,89995.59586666666
124693,271196.4573333334
124707,126374.4687761905
124714,176105.50376190472
124716,212232.64
124731,137090.93041269842
124737,314667.05
124747,856099.412
124759,1063320.82
124777,331410.248
124787,291354.73483333335
124796,191114.678
124799,157364.67133333333
124813,306384.0
124819,104055.4678
124894,253261.682
124915,165895.33
124962,98890.63587777778
124978,148061.26380000002
124993,164000.0
125005,257054.9906984127
125014,108814.36733333333
125016,143296.22691959635
125020,885343.1567301587
125023,300000.0
125027,194556.60633333333
125044,203815.114
125045,150773.72051536795
125046,1000995.3668
125050,203293.972
125072,783472.86
125073,133419.09596666665
125086,1038943.7522285715
125100,248033.172
125117,521448.98
125118,569356.5353333333
125120,231567.83
125125,191799.238047619
125130,177500.2426666667
125134,650424.0186666666
125136,163562.96707633478
125141,99410.21686666667
125188,209351.75552380952
125200,145619.0
125203,165425.06599999988
125204,95513.27255555557
125275,318516.7421121795
125291,196473.346
125317,127962.75200000001
125332,117800.0
125345,191500.855
125351,233332.752
125357,166734.5086
125359,130972.40714047618
125375,160622.04066666667
125380,136943.7723717358
125404,108687.54428571428
125406,125174.512
125422,219769.79333333333
125431,142859.99747460318
125433,144378.18499047618
125434,221645.86126666662
125435,306384.0
125444,77943.4077
125466,213791.0
125506,158969.200137571
125546,162410.36406666666
125554,289740.1248
125568,166669.15
125569,386535.0
125573,138391.22466666668
125579,106640.1077950938
125581,202654.2445142857
125583,147318.08481904762
125587,123382.32003571429
125596,340014.63
125618,248351.7853333333
125621,211776.53286666668
125632,238464.956
125639,144490.36266666668
125642,548816.7091666667
125645,306384.0
125694,145214.54436031746
125695,161494.7929746683
125696,112088.92466666666
125714,205104.102
125716,127807.676
125727,199249.704
125734,248428.64
125736,132786.05446666668
125739,174451.0306190476
125744,140019.01766666665
125756,151808.0
125764,233068.97377777775
125766,219861.18
125776,161265.97109681545
125777,161265.97109681545
125783,183118.08612380954
125784,183118.08612380954
125791,145821.0
125822,245864.416
125824,196085.92008333333
125828,159358.87
125829,233705.82533333334
125841,180524.49540952375
309591,254129.548
309611,229770.328
309613,264997.5426031746
309658,82204.36560526316
309661,267113.0812
309667,198839.07449523814
309669,150160.44993333335
309678,390506.028
309692,158830.4453939394
309700,337151.354
309707,139886.21865079363
309714,151653.73766666668
309731,387360.152
309734,112858.83111428574
309735,158325.95164444443
309770,278354.784
309817,85189.04666666666
309819,120930.058
320845,124206.67533333333
320872,281758.154
320929,176400.37516190478
320931,175095.71726428572
320932,72400.0
320937,72400.0
320938,72400.0
320940,115111.0
320948,122400.5
320950,243077.02033333332
320954,175095.71726428572
320969,193537.854
320974,167753.176
320998,141608.66099285713
321002,106567.0
321004,112985.53146666667
321023,87973.8255985903
321055,164824.14214285713
321067,136766.64
321080,96502.492
321083,161540.29457936512
321122,193611.05333333332
321127,130322.83966666665
321128,118199.75825238094
321229,115111.0
321231,122400.5
321249,249727.51
321250,270458.216
321258,175737.0
321259,247354.618
321260,72400.0
321262,123174.88396428572
321270,175737.0
321272,71243.78466666666
321278,315930.064
321286,186890.31959999996
321288,125958.75233333332
321289,104667.0
321307,147500.0
321311,153050.0
321316,153050.0
321317,106567.0
321318,106567.0
321319,106567.0
321321,106567.0
321322,129998.0
321323,106567.0
321324,106567.0
321340,260658.13533333334
321346,176470.92085714286
321352,101726.45020952381
321392,137480.13618095237
321393,171330.02954285717
321399,197487.70766666665
321407,182549.08913333333
321428,228375.76266666665
321429,76508.60033333334
321431,76444.6001060606
321455,159872.30909090908
321463,133455.76552380953
321480,1309219.158
321540,144898.81823333335
321551,136025.028
321559,227033.41
321561,106567.0
321567,131100.72583333333
321568,125958.75233333332
321570,153050.0
321573,147500.0
321574,106567.0
321575,107386.4977714286
321577,106567.0
321581,98965.0
321582,106567.0
321583,98965.0
321595,97113.341976912
321616,340618.07266666665
321656,219038.34266666666
321674,229492.6033333333
321677,119297.102
321730,114958.73826406928
321734,106567.0
321736,106567.0
321737,106567.0
321739,172930.082
321747,145370.30728571425
321749,169584.1709555556
321757,199189.96419047617
321758,224130.59866666666
321762,74712.48245873014
321817,444048.406
321831,335603.634
321834,122385.52766666666
321874,406101.966
321877,284873.946
321883,129342.29466666667
321903,111450.36502698413
321918,222484.974
321940,153400.0
321942,138296.664
321949,152820.6466666667
321950,101407.04133333334
321960,149676.37633333332
321961,149676.37633333332
321965,151189.46933333334
321975,249897.39
321980,518135.99
321989,134643.8295
321990,106195.17312857143
322003,127875.0
322025,257115.49293333333
322027,103320.414
322029,96835.036
322038,150881.21916233766
322041,89742.35266666667
322042,86787.854
322045,111024.0
322046,111024.0
322092,268909.0635
322107,153936.4109666667
322110,505679.908
322111,326389.8246666666
322112,318159.1407619048
322114,156991.9030978022
322115,178596.1889999999
322116,200494.022
322119,329885.97799999994
322121,335325.17514285713
322132,70029.75555555556
322133,70029.75555555556
322144,176653.972
322156,105073.381
322181,202564.23
322197,202722.762
322220,715372.5506666666
322244,98538.61
322256,406691.47
322271,106299.35
322281,190035.41856666666
322300,93000.0
322304,154167.6141095238
322310,312165.50623968267
322330,96563.464
322332,153904.372
322335,135960.1754642857
322339,182732.93066666668
322360,294508.2
322362,146438.61
322436,213053.772
322445,160026.05600000004
322476,187718.05380000002
322494,99135.786
322500,118595.632
322501,118499.952
322505,123281.04133333333
322517,296645.37173333333
322518,132133.114
322526,397363.17
322527,172926.8598
322531,148573.9346666667
322533,79830.21133333333
322534,107259.27133333334
322536,107557.87133333334
322548,188959.95
322553,81246.264
322579,267456.508
322583,364241.36299999995
322591,126041.08493333332
322610,428007.76
322620,151405.00079411763
322630,182997.82466666668
322645,570469.424
322651,172158.0410952381
322653,226248.84
322671,810286.16
322695,59393.00286904762
322712,156992.58
322715,168017.47733333334
322732,343471.1497
322741,141928.40033333332
322744,348621.922031746
322757,155463.80233333333
322769,105644.65040000001
322786,186272.29
322789,101929.99403318904
322800,112018.41
322807,100984.002
322808,227888.582
322810,94929.86240000001
322816,170154.5273333333
322833,111024.0
322871,269041.2635
322980,203967.01285714286
322981,188284.3732222222
322983,178596.1889999999
322984,178596.1889999999
322985,329974.77799999993
322986,301817.922
322987,175571.98376190467
322990,153896.9210978022
323000,105645.16
323002,127647.37866666667
323011,175899.96247619047
323013,398097.17
323017,107341.27133333334
323032,110662.622
323066,69815.16
323069,283933.998
323077,68743.62648484849
323085,91972.61133333335
323088,274786.1045
323101,715845.904
323102,360891.5513613446
323122,135744.65533333336
323169,96530.25133333333
323189,102139.77
323192,109106.234
323194,125183.758
323197,968888.536
323198,345324.6186666667
323233,198053.348
323254,125802.21286666667
323308,385961.4558666667
323310,318972.236
323318,164807.14870952384
323325,215405.372
323330,97939.322
323339,148971.93779411764
323342,102574.9005
323349,383809.18142857146
323382,139429.52145598843
323396,182441.772
323403,278306.118
323412,172977.8333333333
323413,177098.15228571426
323421,151063.0273333333
323425,249980.16337032968
323433,340133.936
323434,172533.736
323446,136243.43342857144
323459,89452.318
323487,220339.27666666664
323518,77351.618
323536,153628.298
323549,151511.454
323552,145919.47466666668
323608,153270.174
323617,94395.156
323622,363411.82066666667
323629,208100.706
323656,228400.94319999998
323664,290056.2071666667
323668,141571.0
323678,399155.116
323703,175160.4213333333
323710,174417.83161904765
323722,214555.606
323723,87125.092
323780,97870.87466666666
323792,139202.03319999998
323831,354538.6342222222
323894,120139.902
323911,113330.0
323917,100771.561
323926,168647.20533333335
323944,148302.45577276524
324001,215821.746
324006,170758.7638095238
324023,135900.34666666668
324032,205986.97
324058,220715.862
324078,165388.7826666667
324079,197988.8024
324118,212097.0
324146,212097.0
324152,122793.76933333333
324158,668018.986
324160,803533.3493333333
324236,121689.74738461539
324287,1156667.6115
324306,486064.1482666666
324371,881321.212
324381,90365.386
324395,132687.56213333335
324415,235154.082
324417,688474.132
324418,688474.132
324454,117186.89051190476
324455,73246.12568484849
324497,97578.996
324557,112651.44866666666
324596,334298.56342857145
324605,363924.72
324608,517141.054
324616,334093.262
324628,257882.3049246695
324634,337002.13860977965
324666,398792.4606666667
324716,420000.0
324721,168658.79533333334
324723,470000.0
324784,201489.866
324797,314391.194
324814,455701.3825714286
324819,1199178.4653333335
324846,98482.16585208126
324904,161689.852
324941,349194.567
325010,688636.638
325044,496723.4106666667
325045,345000.0
695288,147463.8173333333
695340,151381.648
695354,108530.33377777778
695495,134654.252
695510,120273.12066666667
695519,1226838.366
695520,1227228.366
695565,108578.116
695596,280496.694
695610,251065.658
695611,269921.334
695614,99430.16709210527
695615,278046.53
695631,116102.57333333333
695794,194751.97519047617
695813,288762.72
695828,296352.81727272726
695877,379891.088
696061,279780.1666666667
696119,312737.2273333334
696129,172872.314
696183,167837.884
696223,408600.346
696268,283531.6253333334
696269,358178.284
696272,423500.0726060606
696273,428991.14955844154
696329,392278.5482857143
696334,390574.78906715504
696336,419687.37466666667
696337,421071.4982857143
696338,417279.20199999993
696339,416644.08895238093
696340,420385.9706666667
696352,181135.32299206348
696357,106175.046
696508,187613.466
696512,114900.0
696609,153457.0
696610,171973.17
696645,137666.52
712644,177840.659
712653,276379.8171428571
712676,124944.12
712685,259602.296
712690,195788.188
712692,245011.72666666668
712748,197536.38
712750,118926.52733333333
712751,297741.46
712768,217523.94069999998
712776,200855.988
712780,230736.404
712788,157472.6
712794,147593.8
712816,175833.7367301587
712817,102228.91133333334
712818,293861.76
712823,250938.972
712835,256773.596
712852,165936.05476190476
712858,186057.95325557777
712871,259496.78
712880,167789.4
712881,91086.796
712890,95342.54066666665
712901,177564.6
712917,283224.144
712999,141649.60738095242
713027,80500.278
713050,134185.954
713084,92638.524
713098,177093.34133333334
713109,80792.446
713127,87518.546
713151,109704.148
713157,294647.8
713159,142025.6529047619
713160,111824.6
713169,116302.226
713182,221253.222
713190,87221.578
713192,126833.592
713197,275981.41147784994
713213,158321.198
713216,148535.82563636362
713247,161768.90000000002
713251,249216.492
713264,139285.73485714284
713309,129335.314
713319,217406.294
713341,206359.07347619045
713350,956510.1
713375,328501.20085714286
713391,150513.684
713394,86900.558
713420,84628.16933333334
713421,314000.95479999995
713429,91372.358
713432,189309.29
713434,207906.778
713437,171554.17680000002
713469,229948.2
713476,280314.52
713477,144737.738
713501,171822.38
713507,128708.90600000002
713536,257668.6875238095
713544,239631.788
713560,192154.162
713580,114549.602
713651,105238.367
713656,158104.06
713740,221099.74045050508
713800,532012.6890666666
713801,120589.68345454545
713806,295432.91
713820,97026.18
713823,116990.87428571428
713847,244186.86711904762
713864,220644.95276666665
713866,163879.198
713868,225098.03427619045
713878,79859.86
713881,187955.03284444445
713897,145158.808
713934,184744.26996666667
713939,139125.7173333333
713950,390075.816
713991,139472.092
713993,89295.36666666665
714003,159731.65
714017,195811.96
714021,217208.496
714026,574683.4
714064,108088.952
714174,90074.442
714196,299239.1617777778
714262,434581.74057142856
714353,111384.2
714369,148824.929
714374,304325.6711666666
714385,189309.29
714393,422342.62
714398,312948.123
714412,215114.2726666667
714415,128036.2
714417,369749.8171428571
714430,181867.248
714507,158200.81
714555,112070.482
714586,274960.176
714587,233975.094
714609,115430.56
714636,261562.836
714676,63381.106
714689,123500.0
714713,409103.6553333333
714721,112192.3075238095
714725,116806.28533333333
714774,116836.9
714784,192247.14880952382
714821,136348.45566666665
714833,278036.942
714858,183480.0226666667
714864,197288.962
714871,141517.236
714874,576334.794
714890,181039.024
714911,145775.968
714930,307578.18
714957,165002.83573333334
714970,118170.2
715017,182605.936
715034,264164.782
715036,349727.348
715051,184195.1981666667
715078,129386.6
715080,124374.956
715127,257477.366
715142,134165.202
715176,213402.294
715189,129000.0
715195,163605.41466666665
715196,131825.752
715264,127950.216
715291,160690.856
715295,202507.07
715297,341920.052
715305,71206.302
715309,132154.074
715319,170341.5
715321,96393.82714285715
715381,96740.528
715383,260162.07866666667
715402,286156.7606666666
715413,338061.74819047615
715440,177974.066
715490,125218.8
715496,253820.08333333334
715529,73343.55
715546,127026.178
715580,85378.57219444445
715584,191800.2286666667
715594,219875.198
715611,162236.88492063488
715628,241123.594
715643,110377.554
715645,274297.36237380945
715666,244796.2
715669,81847.922
715756,110325.58
715761,193897.00733333334
715771,159182.6
715775,142598.04257142858
715779,162023.49933333334
715783,93543.04879999998
715789,93418.0
715799,179118.3
715801,202687.092
715802,157411.59114285713
715816,166450.892
715819,98825.928
715854,103020.4008
715885,199243.0
715904,176373.606
715909,196272.214
715926,184484.4
715960,175239.28
715975,132863.6
715987,351583.12
715991,84856.272
716004,114487.25733333333
716016,87252.934
716034,362048.4133333334
716036,114978.84
716062,110668.14133333335
716088,67898.77
716090,97271.578
716098,209835.6945
716112,88162.2
716122,129777.324
716135,194159.6
716165,108563.676
716198,147619.431
716225,228518.594
716229,219154.374
716230,105119.428
716233,149769.99
716243,118179.00666666665
716251,189886.678
716252,99244.10733333335
716270,90718.73466666667
716289,244204.95382222225
716355,199867.18
716367,118599.99
716371,238052.97
716379,90718.38733333333
716381,120367.34
716388,335421.136
716430,136057.22985324677
716437,116919.6
716439,149467.99
716453,84915.89288888889
716459,207373.698
716475,481524.6218095238
716495,209660.857
716516,267829.106
716564,166301.63
716566,365256.3
716646,181568.468
716652,148591.2
716677,150936.318
716680,130809.648
716696,311371.616
716716,158896.25342857142
716750,297603.98
716759,176399.4
716761,311371.616
716822,200423.196
716839,181730.936
716905,284272.806
716942,158488.124
716964,163793.72203119102
717008,446828.75
717022,144995.33057142858
717046,96530.574
717110,85494.05058333333
717123,503059.1475
717146,87350.36
717179,168278.06
717184,196440.482
717187,121558.63533333334
717188,103372.42933333333
717189,249494.11
717195,193986.9817142857
717197,145174.16866666666
717227,109093.4419047619
717270,161991.7573333333
717303,179374.72
717333,122063.17260714286
717335,120861.0
717342,988545.2
717358,153060.0
717374,132202.50659523808
717386,271084.177
717417,114398.01
717491,79297.8
717502,60684.742
717549,203670.82
717570,224998.95533333332
717574,60970.198
717602,251254.48819047617
717626,218254.19091111113
717630,75846.65
717635,253208.08
717641,116108.7
717648,106545.6
717652,87660.822
717689,131857.202
717727,96606.15046666667
717783,182945.262
717808,203658.008
717824,198817.22953333333
717869,196761.86416666667
717986,109662.84666666665
717995,68616.898
717997,222445.986
717999,95087.38504761906
718069,123733.67285714287
718109,201912.0
718113,244067.097
718134,198010.502
718135,194858.584
718144,89817.866
718171,390324.996
718212,132881.4
718229,101179.162
718242,87017.122
718310,178000.994
718329,287955.65
718331,93261.39
718349,294804.948
718436,91638.288
718506,108512.08445454546
718581,199251.26233333335
718620,87029.634
718648,194566.7902655122
718653,113840.0
718675,91882.50978571428
718683,114405.263
718696,125244.63
718697,155039.762
718773,550674.1993333333
718786,173720.64
718806,134436.426
718811,195034.794
718812,219268.654
718841,138947.58
718869,446905.5966666666
718891,552240.144
718902,152564.61292307693
718919,190040.8198
718930,273877.8126666667
718970,300704.49733333336
719018,211230.2
719060,188546.5
719062,113793.514
719065,196170.3803333333
719076,327062.91
719091,144807.09142857144
719120,93783.00933333335
719146,212442.432
719186,102384.94166666665
719188,258259.1
719197,139790.64923333336
719201,129774.94416666667
719203,122627.0
719208,122627.0
719210,179141.824
719216,122627.0
719224,127239.96099999998
719246,122627.0
719258,103075.53095238096
719300,203473.423
719334,88824.602
719360,367535.598
719377,209368.904
719415,131090.2
719424,207246.002
719429,201502.206
719445,447920.862
719446,430343.282
719469,265080.89133333333
719503,133918.722
719537,211018.692
719593,113298.46576190478
719616,101490.7371
719642,76319.842
719655,241723.198
719693,83487.614
719720,151104.24274444446
719747,123907.62666666666
719748,83441.06
719754,97680.08804848485
719784,100968.08266666665
719794,100777.58
719802,155692.186
719806,73993.4
719810,128259.056
719812,99512.62611428574
719828,176382.498
719833,121081.26171428572
719882,76499.79
719895,146355.036
719909,164959.1705
719971,89186.87483333334
720043,190670.71666666667
720108,300033.006
720119,93088.854
720163,89176.92866666667
720166,153274.95
720188,99440.0
720194,191908.124
720274,113000.72133333333
720292,116032.158
720296,114456.40933333333
720304,88104.04
720323,167211.472
720342,418911.676
720348,175135.978
720379,103577.772
720386,199251.26233333335
720388,173533.83104761902
720393,102512.46355555556
720398,168178.794
720403,104611.59942640479
720409,273476.126
720440,117085.63514285714
720450,106455.04066666667
720481,81523.92
720530,200572.6
720534,96830.864
720549,95856.454
720550,115332.9
720609,99212.526
720629,218639.452
720646,127255.39866666668
720649,216888.478
720659,88116.58999999998
720745,263941.2600333333
720753,96689.39866666666
720789,85344.874
720879,246232.58
720899,172763.932
720909,119368.0
720925,211382.19333333333
720932,92162.65066666667
720950,229395.484
720956,122039.865
720964,267650.47236723406
720970,128833.31802886004
720997,171269.714
721019,596793.8313333333
721074,180742.162
721104,119265.394
721128,69036.036
721132,80913.936
721135,72887.521
721138,88074.754
721169,260639.19033333333
721241,118346.758
721303,98947.832
721327,92570.32714285713
721355,182771.588
721380,90952.96516666666
721384,173178.44
721403,130187.344
721426,129296.318
721462,166951.88933333333
721473,83610.62066666665
721548,254698.338
721568,132906.88285714286
721574,192674.00866666666
721579,296813.798
721598,138916.218
721634,148988.972
721647,273974.404
721701,78576.498
721727,144279.2
721746,126896.644
721751,276116.98180952383
721773,167206.76
721806,68854.0969222222
721859,208747.432
721869,283434.312
721922,171397.6
722035,682429.356
722036,682429.356
722125,70421.035
722131,131224.2285904762
722173,86880.492
722181,394131.982
722212,101046.88285714285
722250,89158.432
722257,113612.46333333335
722262,178064.38400000002
722278,304991.758
722288,89500.8
722289,88478.95
722312,161412.008
722332,80044.722
722333,136257.54066666667
722344,83012.08
722356,660886.366
722360,140858.26746666667
722388,137479.6290031746
722430,86758.42066666666
722458,107418.61
722486,143155.32533333334
722515,123571.748
722557,163544.2503333333
722582,418284.912
722592,115411.8277582418
722603,259018.0
722611,162703.5766666667
722612,284191.43066666665
722613,128193.704
722617,122819.91
722639,351397.2317777777
722669,119226.514
722794,191906.23
722805,424587.248
722979,142770.404
722991,759122.018
722996,256336.482
723017,297886.22
723054,167041.082
723133,362403.8
723238,377839.62266666663
723261,159960.24666666667
723269,226040.3613333333
723341,88207.39990476191
723364,312592.316
723370,120827.812
723418,341044.65971428575
723439,148979.352
723497,75151.984
723503,103167.78
723527,132542.799
723559,100414.4
723569,64764.76373333333
723575,82672.542
723590,226505.358
723636,122538.076
723646,157295.628
723662,82165.47
723694,528227.8
723703,306169.524
723705,101900.2
723726,458056.314
723746,77767.54
723756,94388.89714285715
723769,164073.73
723775,412956.182
723789,209637.23307987012
723793,118935.052
723826,144693.0
723846,144827.746
723856,72804.512
723936,625612.498
723944,188234.885
723996,90431.04457142857
724017,143397.594
724019,169769.196
724048,137083.30666666667
724049,80716.88038095238
724059,418990.754
724070,431223.9
724209,205154.616
724225,747069.936
724230,180258.8866666667
724234,241929.9106666667
724247,239840.692
724249,262053.706
724273,117459.12266666668
724294,55190.05066666666
724309,71710.46
724315,418773.886
724343,782057.0
724348,214983.3266666667
724352,318163.1055
724357,191659.422
724385,110433.69800000002
724424,167780.22333333333
724532,167315.4
724560,153117.116
724606,156002.482
724640,223502.362
724671,164788.12066666663
724797,78936.22742857144
724820,65818.238
724847,106975.95066666667
724947,63912.44
724960,157093.169
724977,137158.655
724987,851159.716
725073,111954.96549999999
725121,318907.732
725177,183527.132
725180,100428.926
725186,120503.198
725367,193362.188
725435,94902.60131897549
725481,151635.4
725560,154812.6
725581,94163.41
725620,200034.634
725646,107716.536
725648,167757.17
725681,193415.6
725683,85575.50645714287
725741,106928.68413246753
725753,139959.798
725778,123060.83
725811,110536.79171428572
725875,396264.178
725997,126992.41800000002
726011,413327.7430666667
726050,147231.2188
726064,233325.399
726121,73647.99333333335
726144,109840.486
726145,109840.486
726174,133646.75352380952
726332,234386.72209523813
726351,59357.15666666666
726359,178496.42
726443,125341.718
726459,177743.83150000003
726460,82556.746
726461,164113.44933333332
726470,295502.9706666667
726488,82336.652
726491,155090.63414285713
726518,87330.64
726642,398459.52
726643,111320.942
726678,117103.656
726698,78063.27
726797,67437.01263333333
726850,87423.598
726887,99023.23780952381
726898,209056.2
726904,572635.526
726915,305640.524
726976,239351.74
727014,137436.0
727021,143500.469
727064,102806.83421666667
727101,548112.168
727114,79943.6012
727129,83836.6948
727142,113527.506
727160,62777.62
727168,275996.032
727178,82001.80416666665
727188,54231.27533333333
727198,74539.912
727202,181725.488
727275,96041.622
727322,105327.9415
727334,174932.8786666667
727345,137619.28
727359,133367.148
727364,82841.8
727433,104691.218
727438,78560.52085714287
727490,78521.798
727503,142130.836
727540,305667.598
727542,102671.40933333333
727585,91932.496
727593,68262.6
727615,110223.562
727627,128122.428
727655,192811.138
727691,154694.27776666667
727694,158777.196
727811,167973.57733333335
727895,176076.3963333333
728058,200861.685
728078,271332.094
728243,386505.5133216783
728309,185897.16142857145
728352,115106.88
728363,361289.53087777784
728364,99155.282
728431,397982.848
728500,88313.754
728503,146029.0636
728529,841953.5178333333
728582,114919.368
728586,143979.0
728694,171409.8
728709,156666.58700000003
728713,160745.134
728796,162014.966
728798,189466.68
728926,124387.76
728950,116128.24514285715
728966,134798.69053968258
728985,97250.156
729017,109900.0
729075,355702.47628571425
729111,255273.7
729119,102333.324
729136,126375.474
729148,202492.07466666668
729174,146986.62466666667
729177,123023.362
729181,174113.34066666669
729203,93796.22
729210,385830.871
729226,139226.25771428572
729265,138696.156
729341,66143.808
729380,179466.43
729400,110043.88466666665
729445,164270.114
729455,201934.472
729464,111430.86133333335
729510,265999.003
729514,111940.42428571428
729528,234256.834
729536,97488.2
729540,222645.51733333332
729554,107947.75666666665
729607,118951.4
729608,75425.40666666666
729625,249200.622
729641,170618.4
729644,91130.59
729663,292507.784
729721,551991.3073333334
729768,280262.28253333335
729773,87661.15456410257
729782,225691.6
729789,177376.312
729812,178852.152
729831,112876.228
729845,111938.36885714285
729990,89968.36155555556
730059,84173.4654008658
730106,198350.2814444444
730114,61726.093
730131,66345.758
730151,85113.28
730265,77402.964
730294,145677.28535714286
730332,89249.4
730363,295219.77208888886
730414,97478.2
730524,89262.85873015874
730596,126243.87515018316
730640,138675.77740224992
730686,88818.784
730881,147893.50628571428
730894,147040.7085
730939,149714.536
731035,130000.0
731059,107279.37578571428
731100,63960.256
731187,110725.46666666667
731206,179795.266
731217,160544.62553333337
731226,140991.042
731245,355275.264
731327,226096.274
731364,75555.8
731419,110257.75613333333
731420,97358.11057142857
731429,127331.74866666667
731450,117299.922
731474,152421.26799999998
731507,123622.39
731508,127485.746
731588,113470.30641428572
731696,66437.308
731757,526730.88
731801,569561.1810333333
731833,66855.0
731851,65755.448
731874,520190.7299999999
732027,113976.908
732100,74644.66
732211,111682.1
732262,114015.853
732403,113449.63
732408,211102.65
732440,130983.92760000001
732456,239158.1
732495,126692.53533333333
732512,116353.13666666666
732513,139125.164
732518,76516.756
732657,174299.978
732818,104571.4
732911,153316.222
732929,111848.91700854701
732954,105188.042
732965,191489.69600000003
732970,138563.856
732998,97478.2
733071,128191.078
733086,166096.404
733135,243182.536
733209,140165.288
733485,398312.238
733560,139036.798
733655,90405.37
733708,117417.6666666667
733722,64509.392
733753,71392.177
733774,106621.512
733855,123934.74
733856,112920.93133333334
733903,112673.6
733907,82166.56576666668
733919,103936.33533333334
734011,102468.336
734023,151142.61666666667
734094,148819.1016
734149,364843.78850000014
734159,89881.254
734160,193362.188
734181,123547.0
734275,180311.812
734658,293028.332
734708,212660.78
734725,191348.862
734836,244254.84
735000,256336.482
735007,119821.788
735055,231320.0
735124,97168.866
735158,69948.0
735189,89046.666
735216,148681.7595
735230,203303.30494444442
735232,119500.0
735250,247522.2
735298,119500.0
735355,181893.2
735484,119876.716
735490,173409.594
735491,108751.53121428571
735493,146626.9024
735505,159709.746
735533,124093.284
735555,149028.13958119656
735561,77136.15840059941
735562,96179.84
735614,131891.158
735627,124591.86
735634,186351.45833333334
735698,59172.8
735797,269536.61837806634
735802,229750.4
735891,72757.607
735983,91582.02
736002,149699.9
736030,114579.076
736051,86210.338
736089,79523.916
736143,239462.2
736169,82016.56576666668
736175,199838.106
736225,199969.8
736311,100150.926
736320,221656.91
736337,113079.36
736397,213152.234
736443,116004.53888088386
736489,92736.116
736635,66104.35445
736651,420082.924
736721,194620.396
736740,64075.68266666667
736799,177840.201
736983,163414.042
737015,244033.148
737075,170477.52399999995
737150,129873.748
737209,204577.57066666667
737263,239301.852
737285,86309.602
737397,125756.994
737458,278005.44
737514,191383.732
737665,330000.0
737976,350654.966
738028,186600.592
738143,138035.0288484849
738160,155872.8982077922
738192,110722.994
738314,402333.772
738320,111855.664
738381,216470.994
738406,70230.856
738433,148023.716
738489,99391.78466666666
738491,107309.50133333333
738574,115915.71
738723,205404.198
738880,108029.5
738920,112151.398
739033,384546.962
739042,82431.25001190478
739182,71800.384
739254,99302.6
739359,183000.0
739360,183000.0
739364,145931.62816666666
739430,85086.0125
739497,101661.72054545455
739563,116933.46533333333
739581,242563.198
739670,139221.4
739702,76824.534
739717,120017.948
739824,223128.25903333334
740070,221895.2
740158,120926.754
740377,92985.4274139194
740499,227790.10546031746
740572,170162.256
740609,139467.73333333334
740798,281930.714
740914,390599.765
740915,243733.15600000002
740917,137826.148
740932,95000.0
740974,168881.6
740993,95000.0
740998,95000.0
741000,95000.0
741002,95000.0
741008,95000.0
741036,324210.09386666666
741047,268621.644
741111,856143.3186333332
741171,156666.58700000003
741174,223157.304
741203,117292.91926315788
741205,184845.572
741232,88825.028
741270,166145.324
741294,119088.13016666667
741312,170417.07
741313,696044.176
741329,101525.55675
741401,173941.258
741416,211600.0
741433,90244.358
741457,347380.682
741533,157172.336
741591,128358.14257142859
741682,189409.6
741699,51361.11476190476
741808,199402.54466666665
741810,145534.5
741811,206111.356
741813,147633.904
741824,197657.50244444443
741842,86219.878
741844,86083.334
741999,152356.994
742049,81319.04
742278,126220.18
742444,128954.85083333334
742500,90484.31373333333
742512,132531.356
742534,55941.026666666665
742552,162964.87977777777
742592,127417.832
742595,236003.402
742813,191614.55626666668
742839,100221.126
743024,97263.42508333334
743072,140666.098
743084,194036.83126666665
743131,87057.612
743197,266355.69733333326
743226,141694.28377777783
743233,187238.728
743243,120652.478
743310,150426.172
743424,159989.8
743645,125692.728
743678,93714.77266666666
743689,233207.838
743736,122200.566
743938,59759.596
744009,90679.8
744134,157576.08733333333
744142,159175.798
744196,190501.148
744806,105547.71333333333
744824,203831.942
744870,337228.382
744879,133088.966
744924,114981.242
745039,111417.12133333333
745099,817898.058
745109,219141.03933333332
745286,216142.33
745287,181679.326
745364,125844.042
745581,133866.73453333334
745614,111188.45666666667
745630,195048.2
745696,1096550.932
745726,75890.284
745763,155100.38800000004
745819,116396.23
745898,347634.58
745924,125302.505
745960,60193.0705
746269,83174.156
746297,326280.658
746353,172689.744
746361,226510.368
746390,175680.29273333325
746450,108606.38733333333
746513,371196.784
746565,125879.6
746720,261239.34266666666
746732,101727.535
746769,567166.0056666667
746790,258725.036
746846,125000.0
746847,125000.0
746901,350750.112
747013,136753.906
747015,249875.0
747085,64900.0
747090,221205.98693333333
747139,70289.002
747310,151640.13333333333
747474,206948.2
747521,144301.246
747537,88542.638
747736,147337.824
747743,149659.752
747759,128034.8015
747810,110121.32
747995,121666.00533333335
748013,65906.20079999999
748040,304163.432
748058,211600.0
748060,211600.0
748073,201936.914
748106,129830.19933333332
748145,184159.906
748150,451229.304
748172,191565.566
748287,128177.66083333333
748308,84212.5
748311,137941.65880952383
748429,70225.548
748523,126528.73
748544,194393.68066027501
748713,168720.2744761904
748836,229502.892
748845,129083.26
748856,140414.49
748895,157542.0
748962,422504.794
749165,128051.46968542576
749218,153455.11714285714
749232,85254.8
749255,165400.39619523808
749452,113621.672
749483,137331.45
749497,135484.292
749502,200472.00428571427
749504,161047.22466666665
749521,211600.0
749571,239649.66666666666
749671,264463.798
749821,314984.176
749975,74094.20083333332
750049,244254.84
750155,88130.56904761905
750174,88937.51846666666
750408,57679.716666666674
750418,96975.26666666668
750441,118260.884
750475,376862.4
750559,139775.4682222222
750579,96116.42833333333
750669,149598.71
750683,152658.71
750740,131424.994
750956,186734.82066666667
751319,53442.0472
751352,200508.18733333334
751396,332157.8
751416,108328.61138333332
751421,311996.926
751442,97725.65
751459,80661.00368253967
751587,80504.728
751714,126880.31000000001
751886,132461.342
751971,126864.8
752242,199028.256
752254,112227.48366666667
752310,54714.96
752576,231320.0
752705,52172.805785714285
752895,81020.08673333333
752914,405294.944
752994,72800.8742
753036,211600.0
753099,143760.0
753188,98966.522
753196,124931.45
753234,126500.0
753289,211600.0
753295,211600.0
753297,211600.0
753387,211600.0
753393,211600.0
753395,211600.0
753397,211600.0
753399,211600.0
753402,211600.0
753404,211600.0
753405,211600.0
753406,134269.572
753602,122640.26571428572
753948,190501.148
754108,113320.02714285714
754112,66450.46399999999
754292,506763.808
754384,116142.13711111111
754763,123170.124
754978,122219.2
754995,71528.99744285714
755014,210573.2455333333
755055,135855.806
755065,218918.486
755138,276043.314
755226,189065.19
755447,112000.0
755448,112000.0
755575,80607.353
755674,81899.89
755809,315326.2666666666
755892,96061.656
756308,104385.47990909092
756620,81364.758
756836,428817.688
757366,297884.718
757425,94701.96
757539,153577.25630952383
757668,137639.31733333334
757758,207303.37666666668
757792,112872.166
757925,69727.23
757991,120351.229
758122,91806.628
758135,131939.0
758325,209217.982
758344,175787.69133333332
758410,79495.098
758601,75764.74
758674,190740.0
758911,95200.0
759246,95000.0
759339,179980.144
759621,197524.53
759656,367574.26492857153
759823,175455.01533333331
759982,87453.458
760071,191197.17866666667
760135,91987.492
760172,102032.43266666667
760262,256270.25
760514,147438.12
760522,90652.93533333333
760523,90652.93533333333
760607,64159.362393650794
760760,103159.00106904762
760878,151891.198
761015,152811.998
761078,66866.952
761137,132059.276
761182,120702.0
761221,211580.792
761226,212083.94733333332
761245,163427.0
761273,198010.4
761281,109900.0
761297,401852.76975
761298,112663.4
761312,76700.0
761418,305134.404
761437,78885.76706666667
761449,84884.20466666666
761451,241735.26666666666
761462,147318.406
761597,96909.05
761616,93625.21759999999
761631,63229.6
761638,216950.846
761660,222294.286
761662,93971.594
761734,119807.12742857142
761737,87322.404
761773,163427.0
761775,163427.0
761781,163427.0
761783,163427.0
761870,117857.6
761928,94596.15
762020,96635.21471861472
762104,108651.954
762106,108000.0
762135,111135.28095238096
762140,190700.0
762146,121500.0
762260,376503.908
762277,110946.698
762395,77724.464
762467,88415.24866666667
762485,197144.8698857143
762509,92957.962
762528,180537.14133333333
762572,148093.5811047619
762642,107858.13347619047
762673,186047.96200000003
762782,156666.4
762792,101626.9505
762828,61235.562666666665
762848,147178.472
762862,119653.26133333334
762894,108896.93333333335
762903,168929.16
762924,71865.65
762929,184296.78
762937,61511.147
762941,218257.59
762951,186059.11
762959,177185.03715714288
762965,144944.482
762986,60966.596
763016,487230.912
763021,252031.30266666668
763034,163902.336
763065,86420.34466666666
763068,1030962.37
763073,198002.613
763090,396964.196
763152,109900.0
763153,109900.0
763212,221874.0166
763270,114704.288
763279,212316.11733333336
763299,216030.24066666665
763300,216030.24066666665
763314,101126.80166666665
763332,119720.66666666664
763333,119720.66666666664
763334,118252.16666666669
763337,120306.71904761904
763338,117417.6666666667
763348,119098.1
763349,87143.13133333334
763351,106769.6
763389,96860.16966666667
763421,122195.23333333334
763424,108102.2
763429,120394.5
763431,106022.326
763433,90580.19
763435,122195.23333333334
763438,115043.8
763439,91089.63
763446,110528.4
763447,86198.35
763448,106843.6
763449,122068.23333333334
763450,123050.43333333335
763452,115053.0
763453,86135.95
763454,106778.8
763457,122520.43333333335
763458,113978.8
763460,86135.95
763464,106769.6
763466,90970.9656
763528,88773.07093333334
763572,101935.958
763575,86052.386
763576,173575.306247619
763591,414947.956
763627,93128.546
763628,226081.6
763629,226081.6
763631,74035.188
763633,73635.344
763634,73635.344
763653,120535.0
763684,83965.19
763733,83742.65485714287
763744,86019.0
763764,176604.41866666666
763781,105663.55686833167
763788,100412.0
763797,86019.0
763842,163597.756
763856,49534.0856
763925,86420.112
763942,169496.93
764037,83204.46166666666
764042,109900.0
764044,109900.0
764047,109900.0
764052,109900.0
764103,83796.83139682541
764132,208850.98
764192,43794.508
764215,85681.42
764263,649542.646
764332,119959.086
764347,116518.78266666667
764361,271707.834
764368,827498.594
764413,291770.122
764414,195059.49533333335
764496,144913.498
764544,270649.6733333334
764737,68556.244
764777,88200.0
764797,69898.0
764822,267456.7086155845
764827,157300.0
764828,66287.55813186812
764836,91700.882
764862,109724.4
764907,225111.1
764910,87658.73025
764922,104309.85
764946,173670.966
764999,309056.1493333333
765049,146172.82
765056,88956.96
765097,161420.72
765112,118230.164
765115,100666.702
765282,96379.852
765294,122219.65
765352,103860.48
765358,78614.582
765365,101765.544
765396,131652.356
765440,192223.7493333333
765475,98357.996
765494,190700.0
765496,190700.0
765520,144563.8
765527,320073.402
765571,699633.99
765572,620865.974
765599,103782.75714896212
765625,160034.3925
765669,197596.07266666665
765676,287273.2
765686,69915.518
765756,190700.0
765760,190700.0
765768,269335.934
765786,85000.0
765832,124297.598
765840,94117.06
765853,190700.0
765854,190700.0
765869,96446.98
765883,150324.87147131198
765884,80585.134
765913,793110.96
765938,88387.136
766020,70342.00333333334
766039,100986.65428571428
766052,262546.74312913883
766076,283072.8706666667
766102,88200.0
766103,164451.3085
766106,84217.041
766110,85050.0
766114,122425.0
766137,61507.2
766140,134413.13
766142,353684.356
766151,98869.2
766163,225615.70897936507
766185,69673.692
766212,105589.65933333333
766222,186367.024
766225,139973.298
766250,118775.07630952379
766251,179968.05623333334
766253,118775.07630952379
766259,60952.874
766272,179968.05623333334
766300,221832.99066666668
766328,76700.0
766392,129285.796
766404,108080.43583333332
766416,130000.0
766459,99516.03266666665
766463,67023.90556190477
766464,189212.53666666668
766479,81655.83866666668
766501,183488.7236666667
766550,94137.144
766648,91625.724
766782,103379.46
766785,268354.349
766808,94042.99
766824,75905.37542857144
766883,106353.49
766891,93248.06125
766923,41861.9963
766951,60662.26666666666
766977,97816.50860000002
766984,593608.1093333333
766998,182102.103
767008,242811.246
767009,94011.038
767047,86907.4
767056,157973.13657142856
767092,404007.6
767132,150632.734
767229,322592.475
767253,147579.418
767260,147609.818
767290,132596.44266666667
767319,275221.492
767321,85127.8
767366,196888.0
767405,88238.08870000001
767407,99707.608
767409,89876.076
767414,70642.92
767465,159470.594
767487,100538.178
767512,130266.35
767558,213719.6173333333
767705,237329.786
767856,96376.891
768002,134794.702
768343,136900.0
768717,116608.13
768790,131953.388
768981,194137.476
769002,75915.56325714286
769155,97661.69866666666
769216,129782.88279999999
769226,109229.43
769575,114555.98
769599,118961.922
769768,75781.874
769812,140011.35933333333
769898,204849.8
769957,47102.8
770294,91815.04866666667
770295,84496.63965714288
770484,201285.6996
770520,151800.006
770523,68171.798
770558,77259.142
770682,128254.176
770744,85408.448
770751,112685.628
770765,296014.5113333333
770777,253310.0
770786,85939.57
770972,182233.09
771112,89700.0
771113,121490.826
771117,93277.696
771118,131945.29929047622
771333,176365.10950000002
771397,290522.52
771816,281234.6
771858,148043.90975396827
772028,100309.586
772107,145921.504
772213,92111.752
772214,87730.91466666666
774481,159590.7942142857
774546,124846.91265620492
774699,73762.2
774950,259066.598
775137,251901.42486666664
775139,132938.174
775393,147111.36116666667
775537,161262.05333333334
775560,119114.96
775652,128731.53857142857
775907,90343.3799
776742,117023.33866666668
776780,328075.2082579365
776781,168487.2573333333
776783,119114.96
776981,538800.0423095238
777103,68653.3171
777106,569099.425452381
777107,96733.21076666667
777108,61186.0988
777110,564409.3631428571
777117,318692.316
777118,413406.5941904762
777121,327650.614
777123,470301.332
777125,554481.3382857144
777210,208775.25
777453,182515.4723809524
777462,101626.0
777464,102517.8
777489,60825.42666666668
777572,189525.81533333333
778274,208113.762
778564,261813.4555
778634,182679.99
778678,61301.08933333334
778689,200700.0
778791,104451.698
778830,128235.918
778851,95567.254
778906,206208.57533333334
778948,167227.472
778949,69327.90266666668
778952,81705.2
778953,79783.8
778956,163419.14695238095
778970,98251.176
778976,233601.94973333334
779003,320732.996
779077,97137.658
779114,83549.78719169719
779141,65246.088
779149,356279.167
779215,60637.196
779288,90814.93745043289
779384,92776.05866666665
779391,106667.296
779392,76374.77233333334
779393,195085.348
779705,77911.136
779738,111271.188
779782,183424.106
779867,398285.378
779904,212387.21601454655
779938,166404.94
779977,124490.59047619048
779984,63980.588
780002,802276.8746666666
780020,404879.23095238104
780073,61656.28285714286
780093,79856.8
780095,144380.86
780214,139983.00375
780253,80432.97200000001
780353,198667.845
780376,76582.14733333333
780395,92012.702
780419,77494.456
780420,100107.02
780421,100107.02
780564,124513.87733333334
780596,188497.5434
780669,124856.928
780694,99877.76333333334
780702,111761.206
780715,141952.71
780724,91020.28
780846,210392.73333333334
780856,190188.832
780863,94535.712
780900,220303.66863333335
780951,119667.12000000001
781145,100015.993
781275,245048.498
781371,90114.05
781416,70003.846
781559,93294.16
781563,114916.212
781572,105972.29533333333
781698,85198.598
781700,113354.90046666667
781825,95849.992
781843,145000.0
781844,145000.0
781845,145000.0
781846,145000.0
781854,82867.0214809524
781859,395447.4616984127
781860,388072.41148412693
781866,92626.128
781946,203820.184
781982,275642.172
782181,161240.618
782201,141196.53333333333
782394,155113.1133333333
782416,150719.4
782443,179174.56933333335
782452,97364.20933333335
782561,85588.76996666667
782627,167000.0
782642,297507.356
782665,86756.976
782671,89259.40933333334
782675,202184.752
782693,73615.413
782705,136688.06251031745
782706,267551.472
782708,129763.24650952381
782717,716694.9775
782722,100475.364
782761,70853.73666666668
782782,99000.0
782785,65341.232
782849,65241.63866666667
782946,72641.872
783038,105988.74209523809
783051,140907.13772380952
783056,141399.9017238095
783125,172404.004
783130,274596.4978333333
783231,113685.05646666666
783260,507807.44
783421,277017.158
783512,120000.0
783559,117737.22
783604,390901.69322222227
783607,976591.8063333333
783636,116000.0
783654,76257.914
783811,127967.972
783914,144596.806
783951,120970.84
783978,208983.936
783979,208983.936
784000,298676.358
784012,155416.0
784167,146816.55963333332
784275,72487.47
784431,103632.65125252526
784568,92501.15106666666
784570,130244.81733333334
784737,88654.121
784762,154736.4912929293
784768,92721.178
784842,160963.56866666666
785009,194301.51
785082,90249.048
785261,176107.25633333335
785408,83607.36666666665
785455,55154.73606416361
785514,203611.36683333333
785588,250819.2505
785808,116925.182
785820,120274.5
785970,194333.5
785973,194333.5
786182,119513.23514285713
786183,90187.9
786346,179684.214
786447,144250.0
786450,144250.0
786451,144250.0
786452,144250.0
786456,144250.0
786457,144250.0
786484,144250.0
786521,226993.702
786587,121063.0
786628,893032.762
786831,228035.07
786859,89123.46
787068,78637.23463809524
787151,98230.284
787208,153755.952
787215,267494.884
787216,267168.884
787276,267537.22866666666
787281,280824.4766666667
787289,102616.1
787291,324021.752
787331,200604.7188
787343,47838.464666666674
787361,171383.35
787369,172861.348
787382,70000.0
787385,110170.888
787401,214325.0
787405,145500.0
787411,77475.06752380951
787454,74468.21
787485,54500.0
787486,54500.0
787489,54500.0
787490,54500.0
787528,306607.722
787529,260589.8728888889
787533,165578.37485714286
787535,140000.0
787538,111197.89066666667
787555,141497.06
787614,76348.23466666667
787634,97004.792
787684,151272.354
787868,1065041.276
788008,199222.259
788356,64793.80966666666
788577,334215.4835238095
788645,130110.75
788730,199181.85148095238
788820,101955.08466666666
788990,82214.02730952381
788994,132490.937
789179,616737.478
789327,76404.44
789333,94302.88
789339,434082.27133333334
789374,102111.52
789389,115945.89799999999
789555,152350.13354761904
789568,91927.624
789619,120473.59033333333
789638,94298.65347142857
789709,99729.868
789843,248989.544
789881,362091.3446666667
789964,281449.34
789966,97656.25
790026,177335.792
790038,234129.378
790115,118241.44714444445
790170,73557.376
790184,84374.34566666666
790414,89660.6
790625,179684.214
790725,188203.4
790798,111068.213
790912,154393.76271428572
790918,157594.50971428573
790939,97173.308
791067,118267.42333333332
791077,115100.0
791182,200947.14899999998
791219,201450.0
791221,115100.0
791296,89000.0
791314,362791.2613333333
791379,92174.468
791445,144332.42
791581,296000.0
791589,131113.6797142857
791600,131113.6797142857
791608,296000.0
791617,131113.6797142857
791813,132000.0
791869,151414.36042105264
791870,122551.284
792315,101030.32
792695,136737.198
793171,92435.73333333334
793172,79299.26
793391,333675.892
793620,90716.33555555555
793722,108551.592
793967,94416.97866666666
794344,181787.3966666667
794498,157918.8
794573,77902.58533333332
794576,101538.45848257298
794897,255116.042
794968,75720.156
796060,154083.776
796252,135840.946969697
796300,150955.7581904762
796537,194499.6
796582,393831.2
797433,160741.5163333333
797488,133499.8
797489,66556.68333333333
797540,174355.5117142857
797866,58440.36
798010,333675.892
798026,102336.488
799178,94093.19566111114
799179,94093.19566111114
799190,94093.19566111114
799234,115165.648
799315,217045.086
799472,176604.728
799498,90899.16222222222
799561,85501.056
799652,87403.40933333333
799732,231538.598
800022,91281.33933333332
800237,91249.0
800456,165664.26741904765
800963,214763.766
801193,43468.294
801250,76366.45255688428
801281,69327.6
801487,136456.638
801497,72005.154
801503,125009.544
801504,85845.74466666665
801727,136668.224
801954,116538.33
802096,102766.60666666667
802163,90703.402
802196,674910.592
802200,112856.2
802270,114769.512
802271,77067.72064761903
802331,120762.92533333333
802349,97580.6295292208
802375,108262.128
802688,64010.93
803023,124515.598
803138,46225.44441746031
803310,83869.87666666666
803839,105254.188
803941,98504.832
804236,104758.52533333334
804237,128059.198
804318,92248.364
804335,76215.16266666667
804516,108253.8
804572,62997.18
804611,206477.414
804663,142575.0918809524
804859,94283.081
805515,330752.51228571427
805577,128895.61646666667
806450,122104.784
806493,962805.42
806508,142956.0
806655,79200.0
806775,157071.60254761906
806865,80179.72249999999
806936,155613.48
806937,187505.57
807537,146549.782
807824,91815.04266666668
807826,91815.04266666668
808024,72034.46
808123,81784.98
808180,77687.6
808340,98832.538
808644,99352.8792
808647,101392.68466666667
809443,179284.158
809444,151930.85016666667
809711,211668.71714285715
810556,90084.544
810560,145667.13166666665
810574,78891.78
810705,79289.60897619047
811018,66968.21428571429
811028,141938.0
811104,92572.01
811659,245829.932
811817,134651.676
811944,120868.874
812472,168292.444
812587,155536.136
812588,121880.42
812762,110419.08735616607
812914,167804.2
813322,150373.2501904762
813323,150373.2501904762
813324,150373.2501904762
813361,382453.0
813430,151336.196
813750,631343.4768571428
813797,90590.40255555557
813800,82639.71
814059,163557.626
814159,297090.47314285714
814247,147639.19733333334
814306,342103.846
814308,88011.836
814310,85857.078
814313,101804.71175000002
814338,104976.5475
814378,145349.14880000005
814381,102584.845
814390,211517.55842857144
814448,101291.976
814449,101291.976
815043,126025.59616666667
815287,82869.62466666667
815582,224032.49725
815585,268377.108
815640,698745.38
816479,70535.156
816525,82181.028
816552,130088.818
816589,163623.5923145743
816592,72330.31466666666
816594,164891.370981241
816608,80721.668
816611,177936.46
816676,121750.0
816679,121750.0
816850,90932.08200000001
816967,202684.68666666665
816968,219400.036
816969,218164.088
816972,233984.458
816974,132121.11733333333
817091,198980.125
817550,258289.46
817647,127708.276
817658,166082.938
817662,135889.98959999997
817752,112528.478
817883,239138.80342857144
817978,186231.7
818057,138073.466
818059,422109.25399999996
818170,203071.32566666667
818217,133535.728
818229,121874.49362337662
818316,554358.16
818405,114427.8195
818412,75624.024
818488,226477.0
818498,229603.102
818519,227458.466
818520,231112.612
818601,391527.2302222222
818620,173724.464
818629,372922.4
818668,99790.2
818906,176374.74769047616
818951,96004.81948732954
818981,95360.242
819022,82741.18609073966
819052,167495.1413333333
819088,118775.07630952379
819090,181297.82390000002
819154,113444.01566666667
819224,165778.721
819477,195144.952
819505,172505.35733333335
819532,79268.84266666666
819599,93614.49740000001
819624,182183.8
819689,127714.0
819690,127714.0
819694,127714.0
819729,138628.28114285713
819737,88000.0
819839,176939.11
819946,200941.556
820010,112000.0
820047,169122.864
820221,159096.4
820343,91970.212
820369,172157.7570555556
820444,384500.0
820485,75003.812
820520,93767.33
820534,195221.768
820549,69493.91
820550,113795.578
820560,196070.82463333334
820576,82574.896
820608,323242.092
820640,71923.95
820668,174766.1766666667
820672,78115.95266666668
820758,81000.47600000001
820763,142699.7624761905
820797,150892.126
820936,137563.436
821001,63640.166666666664
821049,90459.414
821050,87650.582
821087,118130.77266666666
821251,119340.93171428572
821372,79270.23333333332
821381,79270.23333333332
821423,91236.62
821616,89325.0
821664,108334.794
821715,88509.3507936508
821753,148853.322
821791,66864.53466666666
821800,170847.98
821820,98177.116
821825,117429.62981818181
821826,993647.988
821876,127129.076
821888,111951.71333333333
821895,92313.57371363638
822024,97252.25733333334
822169,63753.338
822190,205930.764
822347,132484.31
822354,158691.204
822421,163606.598
822422,211490.222
822432,225000.0
822445,107336.9
822453,88491.554
822456,539798.25
822457,92506.23666666668
822552,260654.0455
822622,179100.0
822624,179100.0
822635,57326.746
822656,165885.818
822684,146217.336
822688,69650.99569999998
822777,112247.4
822785,210760.192
822858,89876.31566666668
822880,91325.47333333333
822882,187933.0
822883,178929.402
822930,155609.336
823118,120366.734
823126,96258.6865
823190,123079.40310045512
823243,184284.35
823305,97068.8
823338,243067.20533333335
823411,219645.864
823441,101291.82
823596,56054.4
823639,197111.326
823761,150495.794
823773,141775.98626666667
823798,113303.276
823815,168065.97448888893
823830,211249.618
823846,171671.136
823949,177574.6
823958,187933.0
824041,101554.886
824138,107773.151
824141,89263.324
824236,161650.0
824250,72191.916
824261,141604.65338095237
824528,108941.7394
824533,108941.7394
824564,88533.30333333333
824568,92994.318
824571,161000.0
824575,158666.619047619
824602,108941.7394
824686,109481.788
824788,273414.1744285715
824810,184845.572
824857,108941.7394
824886,52820.336
824906,148705.392
825094,110909.72133333333
825107,223226.296
825186,156503.828
825386,121514.8
825462,83986.90391428572
825470,123500.0
825472,123500.0
825473,123079.40310045512
825700,138598.772
825862,196115.01263333333
825950,239593.48666666663
826171,135016.258
826173,135016.258
826309,228655.25999999998
826322,228391.61399999997
826408,690996.973
826453,74037.528
826522,140705.33912857145
826555,200875.2228888889
826607,155331.67033333337
826650,136061.66
826863,93579.582
826864,107928.724
826881,99567.238
826893,278038.252
826896,72511.43
826968,100031.3444
826977,99834.5444
827191,82334.09215317463
827214,170853.702
827230,133025.728
827234,130653.05
827325,265241.18
827359,120270.86400000002
827399,150226.56542857146
827481,312439.2373333333
827619,106815.184
827688,146700.0
827711,398782.8
827954,286704.856
828025,67516.056
828031,200574.198
828082,101066.41666666666
828144,125315.89
828174,125315.89
828265,137638.95866666667
828273,120416.982
828285,169186.48381818182
828351,406589.094
828477,107681.9781
828604,114576.954
828623,87618.4016
828718,282525.648
828750,116354.0
828793,322915.376
828812,137199.31
828827,118831.882
828862,189775.248
828965,183617.856
829067,87959.4
829087,165990.53513333332
829171,833762.118
829240,322817.068
829278,76995.4985
829282,201777.8
829293,90431.04457142857
829295,116811.6218095238
829318,109507.96666666667
829322,123971.264
829336,152186.38133333335
829344,187933.0
829351,275076.749
829359,197700.0
829367,197700.0
829372,197700.0
829378,197700.0
829383,87687.65282857143
829389,197700.0
829390,87470.07359999999
829395,131090.2
829413,109562.34800000001
829417,187933.0
829419,187933.0
829599,209133.04
829600,155896.788
829612,216676.644
829673,119881.92666666667
829767,289341.8
829883,74314.88
829947,110506.21190000001
830002,117916.73333333334
830122,67930.832
830143,100641.59238629023
830151,81074.56628845597
830160,139100.0
830199,96569.372
830245,211330.492
830262,235000.0
830265,311371.616
830279,397644.5644523809
830280,111812.822
830333,89360.66400000002
830384,71534.554
830410,94273.05419047619
830446,97576.35466666668
830448,59639.562
830535,134341.272
830581,84230.368
830587,175052.74
830702,95883.04066666667
830731,175833.7367301587
830739,103313.678
830764,251864.36475
830772,106988.1761111111
830774,106988.1761111111
830971,218926.35866666667
831037,84781.45666666665
831091,208638.0845
831105,142712.38
831106,221995.2
831112,95767.292
831247,216836.2
831261,132020.75133333332
831269,152151.52866666668
831321,111563.26666666668
831459,127505.5594
831529,56913.684
831628,372580.42
831792,65198.999333333326
831881,185029.31288888888
831882,186277.0
831883,186277.0
831884,186277.0
831910,187849.75733333334
831944,225022.71
831946,231644.06486666668
831947,231034.0
831949,231034.0
831950,231034.0
831960,190275.64666666667
831961,180835.72933333332
831974,232289.34042857142
832022,113228.942
832156,372433.012
832213,183552.912
832254,185023.412
832261,308467.7533333333
832343,71596.31933333333
832367,185566.176
832436,156273.736
832439,145198.1317777778
832460,319800.0
832470,85426.59333333334
832511,100161.35
832513,102524.15
832624,105330.908
832707,127669.14667857143
832726,110387.71333333333
832780,463276.43
832924,197582.45171428574
832953,153470.3
833013,152830.558
833045,194333.5
833051,185380.0
833052,404293.63
833055,185380.0
833056,185380.0
833057,185380.0
833058,185380.0
833091,90070.57386666666
833216,194554.152
833233,98427.68
833350,108752.618
833459,91289.392
833510,150188.112
833525,182687.58666666667
833527,98134.448
833554,691243.866
833634,121258.429
833668,76960.086
833688,241625.5
833789,234863.578
833827,170811.14247619046
833846,160000.0
833858,88878.2
833886,402741.586
833925,157325.716
833968,99463.032
834026,192720.7489
834042,343008.136
834049,217612.454
834113,411404.408
834265,81911.06066666666
834280,204026.422
834315,100865.734
834335,125543.898
834341,142900.65805194806
834343,77894.876
834348,78802.99
834350,169000.0
834391,196330.00828571423
834443,154080.13383333336
834451,95552.5825773449
834514,164774.256
834613,333504.34746666666
834616,337759.1988
834623,413283.73
834662,91537.51533333334
834702,182807.95533333335
834746,255544.0
834751,251213.0
834764,153191.2003333333
834785,203101.63133333335
834788,117357.50600000001
834836,195666.88657142856
834858,201955.34257142857
834903,226993.702
834917,138955.4
834959,181876.02428571426
835037,122521.83333333334
835090,113194.204
835122,86083.63333333333
835129,168862.962
835137,168012.1435
835262,198174.398
835290,140000.0
835307,185418.34
835336,91055.42902222222
835361,83709.73
835388,177883.44066666666
835459,91032.16733333333
835465,162319.09
835522,176353.361
835523,101533.422
835635,115080.0
835651,161159.0
835661,161159.0
835673,110500.0
835692,145000.0
835759,87795.52666666666
835813,361705.308
835814,361705.308
835816,361705.308
835884,587141.754
835965,173137.646
836013,179666.5458095238
836041,114249.58603968253
836103,127604.325
836173,203251.786
836254,358988.87879999995
836316,209707.786
836341,183396.478
836417,94207.29548412697
836550,89108.48928809525
836555,135494.18866666665
836556,124419.0
836559,121512.248
836561,124419.0
836562,87021.0
836563,113566.468
836564,124419.0
836566,85586.90446190476
836735,130371.89895555556
836782,123321.65666666668
836821,156301.0733333333
837005,466118.224
837092,155000.0
837095,155000.0
837197,330385.638
837467,122230.444
837506,219892.45
837521,143840.26372727274
837550,89891.362
837592,87733.8405
837618,125427.5
837632,77768.579
837642,124529.63333333332
837658,89534.034
837769,127817.78
837779,127817.78
837784,134858.606
837831,206616.64133333333
837832,88615.98
837836,182625.32
837961,92361.848
838054,59020.244
838186,78982.29216840674
838254,143549.73758730158
838257,158920.192
838287,229648.86
838374,99500.0
838443,263759.275
838471,127458.11
838609,86579.3286190476
838636,93981.714
838681,123365.124
838696,52196.194761904764
838729,154949.906
838745,165409.988
838778,80547.946
838834,83355.25
838840,190656.1686
839042,233321.908
839134,184808.212
839179,116503.2
839299,213632.2256666667
839328,174938.04
839358,124928.04666666668
839379,158608.90726190477
839481,117901.688
839688,226084.556
839804,123704.2941
839807,123704.2941
839857,318728.47
839875,113324.42333333335
839896,97476.852
839906,102611.09153333333
839907,105054.27481585082
839912,101983.994
839923,102965.96266666667
839964,82348.414
840015,131936.75342857142
840075,84228.146
840137,85856.46032142857
840187,77190.54066666665
840267,88273.5
840277,88273.5
840279,88273.5
840282,88273.5
840284,88273.5
840287,88273.5
840313,74455.25038095238
840333,73977.88538095237
840334,129632.048
840337,131936.75342857142
840425,879588.31
840558,483955.95
840569,166506.234
840632,128904.024
840829,109609.928
840859,287772.778
840895,103367.1884
840951,89845.468
841008,80028.89266666665
841041,114064.1
841075,134382.055
841077,293139.9774031747
841273,137761.18288779
841289,162930.99823333335
841313,100039.73386666668
841337,164881.07382222224
841354,310790.336
841376,147732.82
841400,145511.64
841446,86988.236
841484,226918.18
841515,154205.648
841521,114406.418
841536,171914.5973333333
841557,226993.702
841585,101569.894
841696,231320.0
841763,152614.834
841803,81758.37219841269
841851,807366.906
841869,133435.42333333334
841984,146274.9947619048
842034,187454.86981818182
842041,74050.38620000001
842044,103780.1088
842056,155333.4
842219,217492.65826197687
842222,102177.40841666667
842243,182739.802
842245,169000.0
842350,169000.0
842357,151764.264
842459,106702.302
842460,268716.75
842623,88047.858
842624,530101.738
842791,112644.37733333332
842797,138513.8
842808,122376.14066666667
842868,225663.442
842953,650613.7709714286
842960,113433.832
843026,66830.55243172385
843041,116436.55714285713
843066,78298.11
843070,77005.768
843072,222171.13333333333
843183,158623.248
843192,98500.0
843194,99151.20733333335
843197,94804.96
843201,98500.0
843205,122019.636
843339,100000.0
843353,124299.516
843397,54049.798622222224
843417,100000.0
843468,127492.48033333334
843471,128900.0
843505,100000.0
843512,105910.234
843536,200696.09
843564,98565.08366233767
843575,117469.128
843622,139065.4808888889
843737,171401.14990000005
843742,82171.596
843767,84000.0
843770,133732.176
843784,89500.0
843794,166545.406
843797,103016.538
843906,80973.17
843914,57263.0
843942,150868.504
843943,70876.212
843979,146413.774
843980,91552.702
843993,68966.38666666666
844008,81135.232
844035,62000.0
844085,140867.0
844097,140867.0
844104,140867.0
844109,153949.0
844110,139642.14833333332
844126,171801.5
844162,156856.60533333334
844165,140867.0
844198,91669.21600000001
844211,95106.56733333335
844233,147758.03276190476
844310,80097.35333333335
844316,77813.21418070154
844329,75000.0
844338,75000.0
844468,230062.14342857143
844503,166875.51780952382
844536,104291.13428571429
844539,101998.03428571428
844564,154200.0
844590,265389.302
844617,170841.8233333333
844640,194435.28716666665
844716,87223.268
844747,80606.36028571427
844748,79500.0
844755,79500.0
844762,79500.0
844789,79500.0
844804,102000.0
844846,186122.98166666666
844847,124570.06333333334
844849,242212.21333333335
844855,185241.18166666667
844856,85195.391
844857,126108.44333333334
844862,143452.08
844886,90735.078
844915,198267.948
844925,108310.36
844991,158231.8
844993,85195.391
845024,132012.648
845033,88275.99133333334
845082,261613.81666666665
845083,244255.9754222222
845096,121299.61333333334
845106,217633.7
845107,123416.0839047619
845121,89634.838
845124,90564.81
845155,114041.792
845166,74142.12000000001
845183,214363.316976912
845217,171106.48967099565
845244,156419.198
845251,105866.19466666668
845344,94116.412
845370,190409.286
845397,92700.0
845405,236506.214
845471,108234.64367920968
845486,117106.92733333333
845528,88083.178
845534,102617.734
845545,115721.92966666666
845594,119200.0
845685,76341.946
845705,121216.59609523808
845720,119003.312
845802,82894.47653333333
845879,89251.162
845943,83541.6
845962,168430.14286782107
846140,466853.0178412698
846147,578046.346
846152,92301.93666666666
846284,187231.93066666668
846499,106474.23383333333
846556,135449.2
846559,116354.0
846573,83000.0
846575,201972.636
846768,98068.59
846871,232395.614
846968,74811.43844285714
847095,73700.0
847100,49869.756
847161,66659.83
847191,490000.0
847227,86000.0
847230,73700.0
847306,284421.0653333334
847476,125794.956
847537,39145.63835714286
847657,157375.42601111112
847727,148470.614
847766,205821.6
847773,89293.0
847809,209450.7686666667
847861,113148.0
847892,119871.63
847917,215670.317
847950,245319.61
848039,91708.482
848093,92843.54
848095,348048.0
848112,320500.5
848157,150165.0226666667
848164,108189.08
848302,122894.00866666666
848330,193130.574
848365,260101.37505274726
848375,162413.984
848386,112407.722
848437,88558.09033333333
848493,154504.248
848543,120889.54
848549,183137.144
848623,133119.152
848661,155856.33533333335
848707,74909.474
848775,157590.9923333333
848843,395829.954
848978,124362.64
848989,181968.594
849002,98888.17400000001
849024,116354.0
849047,122481.58333333333
849062,139382.68533333333
849064,132111.76
936612,76700.0
936685,126268.2884126984
936696,336443.696
936725,193753.2126666667
936735,56678.8
936772,78923.56
936806,102248.892
936808,184034.9645
936854,82668.74676666668
936871,162000.0
936899,145000.0
936915,84124.46685714286
936923,100600.6
936950,191432.252
936973,126223.716
937001,111742.028
937003,164839.408
937056,244307.093589011
937090,292869.494
937110,156025.36873333337
937130,104747.08104761908
937183,421965.776
937255,132409.952
937276,337749.562
937318,137528.834
937335,141594.772
937337,294017.6
937358,106471.04066666667
937360,106425.04066666667
937362,106425.04066666667
937390,243267.634
937462,164000.0
937472,164000.0
937477,164000.0
937493,152275.39
937518,71663.914
937519,71663.914
937555,73238.556
937658,221926.816
937662,122491.0
937663,93183.0
937665,93183.0
937676,121112.14666666665
937694,138103.84666666668
937735,142981.65
937740,536623.414
937751,230708.7536
937776,188756.609
937780,87689.89533333335
937812,81382.882
937813,81028.282
937943,74424.90386666666
938043,124655.9619047619
938056,270671.798
938064,62491.996
938068,87579.924
938080,116684.05085714287
938114,145658.69830000002
938187,86985.167
938204,634550.917
938206,134578.06133333335
938209,120569.6
938212,132623.9710047619
938232,72000.0
938233,78019.10816666667
938349,743426.954
938350,830998.788
938351,1021995.804
938354,721956.414
938361,666029.032
938362,730054.19
938363,898248.944
938433,827694.988
938579,337817.87
938635,110032.2
938636,112610.7447619048
938637,93621.676
938639,127178.84603174614
938651,308533.788
938670,88773.5675
938703,120058.27333333335
938705,120210.94000000002
938715,130667.624
938733,98106.8
938812,110032.2
938814,109456.794
938894,415429.168
938913,74606.67026666667
938938,205470.1466666667
938957,198139.0813333333
938990,56714.573
939010,188598.924
939028,186497.38733333332
939075,97071.868
939121,115404.50766666667
939133,80890.94866666668
939146,296023.256
939224,102971.34666666665
939227,134060.23466666666
939256,125500.0
939297,589611.0
939305,110614.4
939310,214072.19011904762
939349,121801.91
939360,153437.2329119769
939392,101126.80995000002
939400,176800.0
939409,148929.822
939411,155074.098
939414,151703.84
939420,148424.8842
939421,156006.634
939438,375222.9473333334
939494,290121.8226666667
939496,140413.7632
939497,145787.37
939501,98610.29570142255
939587,98296.76628571429
939589,92781.778
939629,347501.42628571426
939636,77107.73
939645,126500.0
939650,427433.082
939666,76765.4
939669,320661.488
939711,83286.104
939877,151622.848
939886,126536.292
939890,103337.39257142857
939892,121037.684
939905,93378.75
939930,193080.35
939935,544377.5473333333
939960,260441.3286153846
939964,198406.4
939970,79648.052
940066,74516.416
940094,131144.0
940095,239436.93133333334
940096,255150.246
940118,94935.51066666665
940138,105242.272
940168,134968.224
940172,134968.224
940240,113583.37908333335
940262,80680.888
940282,186643.74666666667
940283,186643.74666666667
940336,149227.752
940389,257694.37133333334
940487,278334.18266666663
940552,241255.52066666665
940571,175629.486
940579,86676.97043333332
940602,269192.5
940627,261708.60466666668
940735,83534.362
940740,160180.75333333333
940742,200024.524
940767,354437.0190000001
940788,165528.396
940807,96064.429
940855,93338.454
940868,118560.37196137197
940875,118560.37196137197
940876,148180.0967965368
940890,892469.208
940950,85000.0
941026,200505.06
941059,209981.35133333335
941089,146377.39257142856
941112,149651.258
941121,310462.54285714286
941123,62034.6
941146,99969.0
941344,118209.52
941346,777589.888
941369,165416.7696666667
941370,193399.71766666666
941373,152938.346
941384,74568.11148484849
941500,91014.194
941524,80351.8
941554,67167.8
941713,110832.64957539679
941780,103317.55933333334
941782,259066.82
941786,128888.55234920634
941790,123719.694
941791,81389.64014285716
941792,105086.01133333334
941793,204180.16
941797,89210.08
941798,91055.43
941801,74954.516
941810,94192.504
941826,201524.6033333333
941843,83188.40385567766
941862,107600.0
941864,118500.0
941867,107600.0
941875,99950.0
941876,107600.0
941881,134302.87333333332
941883,81560.60306666666
941884,114800.0
941891,114800.0
941919,204454.706
941959,183708.00314285714
942057,251875.998
942070,316331.7953333333
942098,210000.0
942103,210000.0
942105,210000.0
942106,94652.0
942109,89186.6
942111,210000.0
942113,99544.52666666666
942115,210000.0
942116,98706.86
942130,124612.304
942139,77586.45591666666
942145,204151.902
942168,201777.2877777778
942177,143249.63836363636
942181,124000.27233333334
942196,209255.5547619048
942210,122895.7
942217,117923.39366666666
942275,174772.23577171715
942370,164407.0777777778
942375,178404.9877777778
942383,211826.126
942415,213384.602
942422,73534.06613333334
942463,74010.61
942469,92529.78466666666
942480,98610.29570142255
942488,94870.03257142857
942583,124000.27233333334
942628,147430.56
942635,89907.84464062049
942636,89907.84464062049
942651,80707.678
942653,451512.7646406925
942655,90798.80233333334
942657,84249.57566666666
942741,879205.6473333334
942753,260627.422
942779,132482.892
942802,88313.84
942843,79380.75466666666
942844,198910.462
942890,326213.881
942964,74947.55333333333
942968,139287.20066666667
942969,139287.20066666667
942985,129279.082
942989,213573.4
942990,120853.01866666667
943022,59966.57433333334
943032,162069.0
943039,923632.2884
943044,124406.12133333333
943112,178634.822
943140,117442.817
943141,151255.58933333334
943143,116763.309
943145,85766.49
943149,111146.5937
943167,198808.82
943193,177355.53214285715
943238,136618.452
943352,87459.37342857143
943368,94870.03257142857
943373,120853.01866666667
943397,439624.48333333334
943398,187615.0
943402,144915.352
943412,212805.895
943473,212372.79647619041
943478,126174.376
943482,218647.984
943484,168715.07266666667
943489,100952.20066666666
943497,821028.9
943503,168560.596
943504,173444.17
943505,189609.9
943592,75369.5202
943684,67081.2
943693,129029.274
943696,508962.6946666667
943698,92677.968
943699,88554.132
943750,207412.936
943756,723117.922
943782,97169.52
943783,80504.728
943810,225006.35
943821,588150.294
943822,186693.598
943872,100652.00666666665
943889,218017.774
943928,77403.074
943939,166520.468
943944,61680.7212
943953,162900.77333333332
943954,161537.04133333333
943955,151038.002
943960,176446.016
943964,127389.42666666667
943968,152900.0
943969,152900.0
943985,128751.124
944000,152900.0
944002,109411.9
944018,589983.056
944025,191326.39066666667
944030,84631.96067857143
944101,88587.796
944105,84595.243
944256,460422.424
944265,111900.0
944289,132300.70666666667
944295,122492.066
944305,75600.0
944306,75600.0
944312,75600.0
944341,133643.54
944342,133643.54
944347,111900.0
944360,180800.0
944384,110620.03333333333
944425,189446.01599999997
944434,93234.44866666668
944435,87900.0
944436,87900.0
944442,580673.958
944552,174450.61
944568,232858.32
944662,101561.32933333333
944671,189154.992
944683,103029.91616666668
944887,193762.324
944902,202127.842
944906,124356.62066666667
944913,109900.05666666667
944921,105620.76
944935,104633.31
944942,175042.8725
944943,175042.8725
944955,273840.83
944967,518348.732
945015,167476.786
945046,200875.28779761906
945082,80961.436
945116,83957.36685714287
945151,181706.276
945180,53707.5
945181,53662.31
945182,164044.8
945273,79388.026
945283,134498.25652857142
945305,66551.234
945332,95361.95952380952
945388,60139.93
945444,199861.596
945448,457599.548
945453,143757.66466666665
945454,218274.41
945470,132376.29923809523
945495,231005.05316666662
945498,230140.53349999996
945505,249127.1688160173
945513,150773.5267809524
945554,162107.5026666667
945590,118188.37266666666
945627,267776.5604380952
945628,261571.9112571428
945629,269027.52777142846
945630,269027.52777142846
945749,123858.59933333335
945790,271502.4368333334
945801,484561.1166666667
945838,127140.10594407415
945839,198834.2916666667
945840,199354.2916666667
945843,89412.62393333332
945880,103719.34666666665
945900,173952.3236666667
945901,174182.65366666668
945902,174302.9236666667
945903,173108.98766666668
945940,87770.54393333332
945942,89394.74393333332
945945,100005.26291666666
945946,100005.26291666666
945952,174134.75333333336
945965,1369813.794
945967,837813.186
945997,96152.53222070707
945998,196920.25466666665
946016,143363.30466666666
946307,133316.24333333332
946318,284944.8105
946327,230535.78
946351,87111.57466666665
946358,148178.13
946373,121079.29399999998
946376,173165.248
946385,206799.504
946386,203337.77866666665
946397,77860.73333333332
946398,111775.292
946401,86449.653
946403,218522.8966666667
946433,75626.91466666666
946446,66312.85266666667
946447,74927.59967142859
946448,130931.24
946462,78009.51000000001
946463,77275.91933333334
946492,172564.85956666665
946496,86983.074
946540,261030.982
946541,316552.00833333336
946591,120821.65552380952
946601,114912.788
946638,204283.136
946640,78730.962
946653,90933.46
946678,463076.9526666667
946687,124608.0
946688,124608.0
946689,117313.30741409422
946716,125577.272
946732,194817.9304
946738,159587.08828571427
946746,212805.895
946779,96193.36
946784,122443.45
946788,144427.888
946820,196278.06
946836,125147.2
946870,71775.396
946873,71775.396
946896,91262.96
946944,111813.71066666667
946972,109961.124
946973,95523.89733333334
947007,74240.348
947031,111682.368
947057,169667.32799999998
947141,151626.438
947176,170826.53066666666
947187,186861.85714285716
947206,824700.52
947216,601193.2401904761
947274,570620.6
947300,426323.23333333334
947332,889492.318
947383,130817.8
947395,291627.5144
947405,589441.7709666668
947436,77011.58
947473,107308.47
947495,105544.05164285716
947530,133233.55133333334
947537,290705.80923809524
947552,175272.52
947564,176798.2
947584,191052.194
947625,73649.59302698412
947677,556356.0623253968
947689,101746.262
947698,199340.68
947699,229685.964
947700,236410.676
947701,98670.89282539683
947702,103451.896
947725,100633.938
947743,163043.2
947833,194407.834
947872,182625.99
947881,126422.01038095237
947930,134613.748
947977,272118.51
948034,92719.0
948036,92719.0
948039,92719.0
948066,130635.76
948107,300000.0
948115,152315.242
948121,92719.0
948137,188740.028
948148,247395.808
948306,217830.66860324677
948339,498458.26850000006
948361,295970.83804761904
948386,139986.0
948387,139986.0
948388,98785.4476
948423,384171.1474571428
948470,143984.446
948479,132616.0
948484,102280.336
948486,103116.186
948598,117563.206
948607,96400.0
948629,133502.5
948630,137658.69819999998
948631,133502.5
948632,133502.5
948633,133502.5
948641,133502.5
948643,133502.5
948651,139986.0
948652,143189.962
948675,85149.808
948740,112534.4
948743,112818.4
948744,97257.964
948745,97395.964
948774,204375.478
948789,515883.768
948807,114981.9861987359
948808,114981.9861987359
948809,124411.404
948813,116296.95832085136
948816,209500.0
948819,209500.0
948830,84270.47104761907
948870,166519.212
948912,81345.17222222223
948941,82800.918
949105,136888.878
949143,135083.4
949144,108600.0
949147,108600.0
949248,310110.0199047619
949250,129100.93533333334
949278,119825.22746666668
949283,336925.86
949293,83477.76
949340,99881.70966666666
949379,75786.39
949426,92813.92293333334
949427,298000.0
949428,159498.558
949431,79202.65740909091
949443,126667.0
949474,283883.646247619
949492,590511.12
949501,99900.82
949517,129681.35285714286
949518,166080.136
949519,129681.35285714286
949529,91762.81842857144
949544,158233.382
949545,137605.558
949584,110420.44228571428
949592,245790.826
949593,244246.1521666667
949627,125717.98133333334
949651,141260.96
949661,168257.89459603175
949762,167617.0
949815,112676.2
949827,146790.30371428572
949858,106443.6
949933,71199.154
949934,109900.05666666667
949943,134852.784
949960,193589.348
950036,98206.90215873015
950037,96365.88482539683
950038,237498.208
950039,205238.29047619048
950044,105115.39366666667
950060,117014.03933333333
950088,189127.10133333335
950194,131874.816
950227,126092.44854559883
950234,257457.51280000003
950303,227679.076
950339,91106.43266666667
950374,135815.50266666667
950378,57309.724
950382,204862.99541269834
950385,120868.321
950489,344339.8948333334
950576,121872.30054365078
950581,139313.816
950583,203774.675
950584,203774.675
950585,203774.675
950607,101123.15971428574
950630,417665.51066666667
950634,215381.422
950664,84217.80846153846
950671,308089.396
950686,188809.43
950746,78970.29165714285
950751,73049.992
950916,157702.3
951001,95981.896
951065,233286.6
951129,85897.52755555557
951162,264314.6
951195,120807.07666666666
951200,152155.8666666667
951201,167851.92
951405,70642.167
951412,166487.33333333334
951454,144722.7933333333
951460,145000.0
951463,145000.0
951471,167190.58263980472
951553,116859.65
951564,102160.12809523809
951646,327998.866
951663,208319.8783365079
951687,739044.5794285715
951692,71437.074
951704,210992.68666666665
951780,183953.154
951782,141161.2066666667
951915,64239.64758730158
951963,137622.248
951975,132993.34066666669
951988,105376.9855
952013,152375.22236363636
952025,622507.598
952036,294922.22699567105
952096,294922.22699567105
952268,185782.99885926573
952271,142533.23976666672
952273,124485.52933398269
952448,253564.0
952466,100520.73171428572
952537,64665.658
952541,145941.45733333332
952545,616322.462
952546,721874.655
952566,77187.68
952651,184967.45695238095
952689,188466.78
952699,435600.368
952773,88467.546
952778,398971.9053333333
952818,456493.72
952900,85136.06816666665
952916,96049.79405238095
953005,215693.896
953024,303267.3
953047,108230.67331818181
953057,126675.0
953161,405187.02
953163,304825.552
953176,65000.0
953177,65000.0
953181,65000.0
953182,65000.0
953227,106285.73466666666
953228,95370.424
953237,186883.14
953293,121006.29716666667
953325,80132.274
953326,79354.0345
953330,72433.93116666666
953375,142671.38
953481,141800.808
953486,472264.924
953512,202892.8
953552,215374.596
953564,127862.782
953626,188298.617
953702,234697.398
953744,79571.4295
953778,89217.262
953795,221702.966
953797,354196.6
953857,110409.27269418543
953894,288484.588
953920,251523.14
953922,253314.654
953931,104041.975
953965,115675.798
954066,104940.96
954138,245657.934
954190,146058.06746666666
954216,122302.278
954292,157761.02036194364
954302,225768.29
954319,98607.596
954351,415352.1
954413,82000.0
954419,611156.788
954452,434620.276
954503,123214.348
954505,121035.586
954535,81503.50543564213
954548,124208.35
954563,87923.418
954578,179803.6988
954584,180061.878
954608,202660.38033333333
954615,79505.556
954627,144329.392
954649,242775.40866666668
954700,400619.6316285714
954717,136554.6
954721,68882.572
954735,142152.064
954747,181522.478
954762,363177.906
954787,199803.2
954809,91897.388
954828,110715.152
954831,92018.35266666666
954867,137129.5731666667
954868,138058.43583333335
954880,111087.99066666666
954892,699661.2995333333
954911,83077.07040000001
954926,434168.8559999999
954928,784918.344
954955,99463.824
954963,253340.05
954972,1069029.832
954992,272146.85666666663
955082,172500.0
955110,141706.71
955132,158904.965
955142,359243.5527301587
955152,184641.876
955153,440747.0
955160,212363.512
955162,63715.828
955164,367308.112
955189,127000.0
955190,160787.18
955207,186223.846
955287,145058.82
955308,237633.63133333332
955309,237633.63133333332
955361,79463.832
955376,160192.808
955429,95634.81416666666
955444,84219.398
955445,162269.386
955456,80603.214
955502,556356.0623253968
955525,216201.57
955528,112692.392
955541,144218.3654
955557,337229.239030303
955562,428304.274
955575,228796.186
955601,253090.79
955609,101988.53780822511
955639,122801.998
955664,151455.9540952381
955682,162362.734
955700,165949.89933333333
955727,181118.93199999997
955782,101733.83766666666
955786,74359.75
955801,217361.048
955815,178400.341
955864,110237.21066666665
955926,177076.979
955932,164401.14346666666
955939,326729.2599852369
955961,121574.18
955974,78876.18533333333
955994,83558.208
956001,87416.79314285713
956005,199075.56133333332
956031,698403.734
956035,90500.0
956036,90500.0
956038,291791.836
956042,90500.0
956044,90500.0
956046,90500.0
956050,90500.0
956051,90500.0
956130,175903.86533333332
956137,66887.232
956144,219342.126
956156,123190.694
956187,128280.88216666668
956223,133632.74
956246,73412.9528
956263,204210.62866666666
956304,125974.95333333334
956308,572299.1437777778
956488,122652.51126666667
956523,142295.72
956535,286676.03513333335
956556,108275.0
956558,230000.0
956600,276386.898
956627,276808.38753846154
956631,73928.62803333331
956661,245016.614
956687,83696.084
956694,151658.4555
956767,236433.932
956774,95816.532
956907,192083.70057575757
956962,118916.054
956966,81641.56066666667
957053,190707.144
957065,71374.94
957149,221728.6653333333
957192,211969.7726666667
957242,159473.075
957408,88438.7
957420,82085.9
957421,190000.0
957444,153915.1899047619
957446,120015.04704761902
957539,524210.95933333336
957550,79550.0
957566,202459.29880000002
957573,165348.726
957608,114391.57504761904
957648,108430.686
957674,79500.0
957675,79500.0
957676,79500.0
957679,187267.02466666666
957684,89012.484
957685,48845.545333333335
957687,98769.648
957699,171469.02233333333
957708,272587.244
957709,272587.244
957720,92000.0
957724,104833.378
957725,82423.11165865802
957749,129710.20960952384
957758,104399.52
957793,90997.73
957840,115137.64
957852,302919.7841666667
957875,132800.57133333333
957955,121884.169
957967,131030.69466666666
957971,185426.46066666668
957987,90244.168
958016,179519.0331952381
958019,82686.87
958038,177355.53214285715
958045,70994.59333333332
958063,379948.734
958116,143764.92838095236
958119,103580.39666666665
958190,109678.49
958198,126017.296
958259,163795.464
958270,128715.6
958285,87853.338
958288,196059.41133333332
958345,137771.05266666668
958383,80586.28933333335
958422,105091.96
958425,220000.0
958428,146378.976
958430,151942.836
958447,84275.98266666666
958454,81000.0
958455,69240.44666666667
958456,77494.456
958493,84645.67533333333
958512,246940.5521666667
958516,78226.12133333334
958517,145252.6746666667
958519,98878.0
958526,109189.028
958527,165000.0
958533,224769.506
958535,70000.0
958538,86399.36606666667
958565,77644.06521103893
958569,145500.0
958570,84275.98266666666
958572,112384.198
958601,72664.804
958657,140400.77093333335
958666,288883.26999999996
958667,96792.32533333333
958671,101486.416
958675,158838.57933333333
958676,236897.70400000003
958679,99403.052
958693,54500.0
958694,54500.0
958697,54500.0
958698,54500.0
958705,108334.978
958707,216456.4
958770,133953.4448190476
958783,166529.49785714288
958791,277290.3964444445
958792,296317.58
958793,157066.18
958797,116000.0
958799,194353.42233333332
958831,387356.0646666666
958839,398888.28432698414
958896,125048.39099999999
958898,201442.60080000001
958985,108730.388
959021,423891.14533333335
959030,92809.627
959031,130623.974
959060,281540.864
959112,138740.00247449285
959114,184056.80612338538
959117,68992.8651
959118,132201.36360927962
959121,103784.99922799425
959122,69683.3048
959123,134894.2974268738
959124,181741.41133333332
959125,68673.9291
959126,70372.4328
959128,69416.92109999999
959129,70672.33679999999
959130,95232.98024722013
959131,132201.36360927962
959133,95888.53503509889
959134,247695.72174603175
959142,158065.008
959153,521325.25
959154,521325.25
959166,122840.21138095237
959224,87397.29533333333
959227,108830.092
959265,73500.0
959323,130459.56
959324,90921.0
959357,195402.306
959362,570329.992
959394,294471.44686666667
959419,194120.032
959433,205279.542
959451,142023.38616190475
959466,225568.0404
959468,76655.2
959469,87836.0
959476,103634.782
959683,252408.395
959723,91499.268
959725,109636.03888888888
959726,107516.54888888888
959728,107516.54888888888
959741,167299.88491428574
959742,174785.136
959743,180674.9806666667
959744,145494.962
959757,191321.9
959759,118002.78732142856
959940,117453.992
959967,338220.968
960018,203579.904
960029,238453.806
960058,86968.89579487179
960091,226268.932
960118,87882.72666666667
960163,99000.09
960165,133617.07666666666
960169,134633.242
960226,173499.854
960235,177943.28149999998
960241,92176.947
960274,131910.216
960275,166362.24533333335
960284,89500.0
960286,84601.84285714285
960287,68500.0
960289,84358.84285714285
960290,74806.17666666667
960310,382267.098
960340,136027.444
960362,89500.0
960393,112132.78
960410,88637.502
960431,282391.975
960451,102699.392
960478,328892.756
960529,123033.054
960530,124135.612
960581,96382.53
960597,80279.108
960598,361164.8897301587
960634,153614.13015873017
960687,176943.526
960863,159879.168
960913,82729.14
960931,93198.338
960946,125281.6
960947,108748.0
960983,204314.6766666667
961006,60244.551555555554
961035,347161.806
961042,231029.132
961048,106820.8
961123,130707.76933333336
961141,207499.05
961143,598351.542
961183,165130.624
961216,184851.52
961226,96534.51399999998
961246,153903.01644444442
961256,72157.033
961289,100110.972
961337,92000.0
961387,258721.762
961389,195500.0
961395,101231.788
961408,247298.982
961419,92000.0
961420,92000.0
961421,92000.0
961452,215137.27733333333
961461,212871.858
961478,137136.864
961488,93740.37066666665
961489,124371.71533333333
961522,98003.776
961530,305348.606
961548,114879.7
961574,344996.898
961601,194660.6
961605,76184.186
961608,728506.4903333334
961609,153943.86166666666
961699,203757.176
961715,192478.838
961768,196112.402
961788,158500.69933333332
961789,200020.04200000002
961790,152289.58666666667
961791,157054.82
961792,139143.944
961817,79772.27142857143
961822,350212.62
961854,215116.63133333335
961872,107846.99704761904
961877,219069.8
961882,165442.506
962051,84862.01733333334
962065,619996.885
962066,186961.9222272727
962080,470429.982
962082,95590.38
962083,200372.66142857145
962090,294583.556
962109,179881.96228571428
962116,128023.97
962141,307232.8
962144,307232.8
962159,234527.30466666666
962160,161219.65
962165,50453.576
962176,130321.83466666669
962178,189648.774
962179,110187.99333333333
962180,157212.30066666665
962181,155768.63066666666
962182,84288.5
962184,85881.318
962186,191420.808
962217,92959.2378952381
962219,92281.028
962225,92224.35
962235,359417.984
962236,359417.984
962263,147392.06666666668
962287,361622.0
962316,139847.316
962319,431453.11
962336,126346.448
962412,92474.55066666666
962416,108185.4565111111
962419,114709.71113333333
962438,174176.1
962448,106846.0
962501,92798.068
962520,137841.416
962546,165782.274
962551,103680.064
962559,100132.303
962567,133472.37
962572,143519.802
962579,135349.82
962585,207929.50333333333
962586,208667.50933333335
962591,121500.0
962592,121500.0
962630,118590.924
962635,155332.4
962677,92784.46466666667
962728,82049.951
962755,191544.51268571432
962778,156883.72
962796,213473.976
962835,312000.0
962839,312000.0
962845,121500.0
962907,221237.172
962922,436276.49485714285
963001,149939.922
963003,79250.0
963019,86221.0
963020,154654.0524761905
963022,86221.0
963023,154654.0524761905
963041,96414.30666666666
963049,332180.812
963118,347589.003
963122,247162.534
963130,180041.702
963165,67922.96933333333
963199,150219.882
963205,93587.65323809523
963229,207157.87666666668
963313,442112.608
963314,199968.078
963319,86215.934
963325,84238.40644444445
963327,75444.612
963340,145000.0
963362,103691.6838095238
963366,117816.0
963375,514659.7813333333
963378,178712.79533333334
963381,126346.448
963447,194980.2666666667
963472,157495.46
963488,192153.0
963490,120610.62785714287
963539,565956.868
963651,99456.058
963676,173423.226
963682,71979.736
963837,76716.21511904763
963857,249400.06
963905,239568.43333333332
963929,139593.04
963960,120775.782
963971,998136.502
963973,152351.552
963986,98416.23
964018,116142.684
964048,245000.0
964049,245000.0
964055,179394.86
964098,65692.9841116883
964135,79205.33948484849
964156,110413.53
964157,99788.8
964171,305077.632
964207,102000.0
964208,101496.4
964209,102000.0
964271,196207.99000000002
964304,113043.34022222222
964312,100889.78266666667
964314,470000.508
964333,148603.946
964369,150814.6518095238
964488,173834.89
964527,72477.628
964570,178234.14059999998
964580,891696.526
964591,160936.63
964592,160367.124
964593,158344.924
964595,190860.09599999996
964622,250298.312
964625,126520.6
964642,1158631.75
964705,267609.268
964813,72565.628
964839,308892.74
964849,63227.192
964911,67614.72
964984,113676.29630476193
964997,175202.39
965033,179778.78933333335
965053,86553.298
965089,133346.67228571427
965099,110808.724
965116,132000.0
965131,60244.551555555554
965145,158781.95
965153,201270.984
965176,549195.256
965182,658035.836
965184,150286.796
965201,161620.17866666664
965216,96064.35333333335
965242,81130.1685
965260,100754.398
965262,191788.876
965305,81715.83733333333
965315,91792.163
965320,150393.558
965321,226214.492
965322,85069.9
965324,227673.906
965325,129993.03171428571
965326,115218.226
965341,224135.98466666669
965342,475656.052
965346,85934.26670238093
965349,150798.454
965438,83304.88777777778
965466,103590.82233333333
965474,192116.64933333333
965499,120274.22577301589
965515,522004.034
965560,404503.248
965648,214304.7348
965688,420715.9336666666
965717,125650.55657142856
965754,673860.516
965792,240584.304
965794,426342.274
965821,639894.7593333332
965856,130497.79477777777
965860,130190.81966666666
965954,200062.094
965967,56793.293333333335
965968,618521.6391666667
965975,160504.196
965981,79577.088
965989,301055.46
965993,179989.372
966015,353485.72
966059,171024.196
966070,98576.178
966074,133039.85
966123,73329.00666666665
966139,132672.90093333332
966205,126204.92933333335
966220,160614.82984126982
966221,181514.167
966238,81102.84
966269,89117.8
966276,139936.368
966385,148713.60216190474
966397,80792.81957142857
966400,98466.22666666667
966406,79753.98628571429
966407,179132.92466666666
966413,92092.8
966548,118745.814
966549,115402.787
966562,239107.216
966579,143130.88133333332
966639,121323.99566666665
966650,67369.30238095239
966654,124890.37833333334
966664,79970.06133333333
966674,81045.91533333332
966692,210725.498
966729,160083.944
966732,330062.78457142855
966736,76580.48942857144
966737,79577.088
966740,79704.18333333333
966773,70905.646
966776,391075.94942857145
966777,93949.43333333335
966785,130371.25033333334
966863,217300.948
966867,196334.2503333333
966884,59632.535333333326
967014,177407.69466666665
967027,102362.488
967032,47638.6
967048,107060.824
967051,188394.98628571426
967073,48592.376
967078,108232.708365672
967082,90425.304
967103,231152.94
967105,260576.482
967112,125781.78
967117,77104.094
967166,181444.962
967193,108442.52283333334
967213,94421.996
967243,433196.324
967255,226705.534
967256,166394.61955555555
967274,67080.15066666667
967362,345838.8538181818
967411,340897.904
967424,96107.88133333332
967430,136281.7845
967440,277048.98000000004
967447,68520.482
967477,123984.0
967478,177599.2695595238
967479,123984.0
967480,177599.2695595238
967481,123984.0
967482,123984.0
967517,213155.2096142857
967546,151666.3850952381
967589,439032.786
967639,142863.5
967656,673492.57
967666,103648.338
967726,160521.625
967727,93598.31266666665
967768,206271.628
967803,231550.005
967816,136131.68171428572
967891,112240.46595238095
967966,119743.812
967985,87384.51647619047
967996,107267.012
968019,202387.6
968035,360306.768
968063,175085.54
968149,284035.65314285713
968159,164006.02
968186,182013.3663333333
968187,226498.782
968188,117261.126
968215,174526.909
968217,149116.4094
968228,57470.922
968232,81348.088
968238,110480.6
968240,110480.6
968277,171892.85528571426
968292,152064.218
968333,104659.2
968353,169245.174
968365,80284.512
968442,133735.332
968487,94602.1452205628
968527,317275.198
968535,266553.98
968598,58175.542
968605,359417.984
968628,165320.8
968631,84484.546
968633,67795.272
968723,299387.0
968786,96152.53222070707
968788,76156.74333333335
968812,128632.554
968839,166635.02631709402
968898,179459.871
968899,222616.09290909092
968907,278600.706
968908,159046.21554664779
968942,108570.2095238095
968974,98846.384
968981,213333.486
968986,206567.38
968991,122254.984
969006,183086.19066666666
969040,141211.222
969050,158402.25216666664
969082,309062.01333333337
969083,401654.966
969126,134566.214
969168,138421.0
969211,165480.97247619048
969215,158610.13733333335
969216,127240.14701269842
969312,76081.41503333334
969313,180198.028
969332,75761.01
969338,84464.25502857142
969382,144445.72936796534
969384,147203.858
969386,200422.39191919193
969420,148402.83
969432,270862.762
969434,261422.1
969465,183769.761
969484,127937.21577142856
969486,228693.44066666666
969510,325216.778
969529,114338.744
969551,173259.6606666667
969572,108805.91428571429
969592,88617.398
969597,263382.8973333333
969753,139815.832
969763,121767.49999999999
969791,391843.064
969793,59916.524666666664
969821,75362.132
969838,114355.2
969862,135923.0
969873,261200.56
969882,211773.8382857143
969889,555624.618
969891,84402.928
969926,100610.108
969928,71836.58
969929,71836.58
969933,118026.62866666663
969954,142657.722
970078,77520.748
970079,263783.96123809525
970210,94915.67
970216,95941.622
970312,205334.37942857144
970329,85559.91373333333
970398,244612.42638095238
970400,90500.0
970401,90500.0
970404,90500.0
970405,90500.0
970412,90500.0
970427,175119.978
970442,279604.07866666664
970459,131765.2
970491,231467.578
970585,95754.662
970587,208152.816
970654,383092.738
970657,275707.38
970705,123365.64933333333
970711,86605.08257142856
970714,318034.326
970728,288500.94
970764,155844.532
970771,330628.276
970786,80182.152
970817,161236.18
970868,75506.366
970888,116295.16
970947,87849.144
970961,142378.88546666666
970980,85376.736
970988,278163.616
971011,173804.23524761904
971020,176327.04
971029,94964.71133333333
971033,121916.01209999999
971083,151095.012
971088,51357.701400000005
971102,381968.12433333334
971111,106268.76141538461
971160,213133.6543095238
971222,86314.66309999999
971235,302093.23
971238,146191.96
971248,88393.692
971264,94131.7856
971332,217636.988
971401,104237.26399999998
971433,172153.16333333333
971445,161172.582
971483,466662.91
971505,131501.6468138528
971510,100506.892
971557,123726.65
971558,589983.056
971561,141115.27116666664
971563,67488.254
971591,348861.576
971615,478281.796
971627,109140.16129999999
971633,113545.38
971661,249879.998
971666,105344.674
971673,248680.83266666665
971685,156349.9936
971688,105738.08
971731,1265193.7353333333
971733,190243.432
971748,241431.724
971779,157754.15051680268
971780,76498.67
971794,533960.464
971800,510628.796
971828,84432.6
971852,381346.87
971853,107903.09380952384
971869,147279.906
971893,85036.443
971896,687108.006
971941,107000.0
971953,156947.174
971973,110304.48
971981,900012.406
972061,266551.995
972062,266551.995
972118,82254.982
972189,171499.952
972259,167447.37747222223
972279,96825.83736507938
972291,136801.60009999998
972303,132169.688
972341,83785.2465
972396,138427.91133333335
972409,102902.216
972423,117506.0762
972428,144480.4563333333
972438,155784.55733333333
972457,121209.64264523805
972463,111936.10933333333
972466,110481.022
972471,207164.664
972475,108987.91333333334
972507,114697.323
972521,647474.34
972525,272795.278
972565,79900.0
972580,131135.116
972715,173691.988
972769,148208.63026666667
972838,109110.992
972842,177166.192
972867,81007.39666666667
972923,132259.074
973030,109014.33533333334
973244,68132.58466666666
973273,140481.89
973296,53617.888
973300,129296.114
973304,119790.88571428572
973322,108370.71
973360,91352.0
973361,172403.13666666666
973392,153218.7475
973393,149051.39266666665
973399,81968.46
973409,57645.60866666667
973625,95600.18
973626,90797.14419411974
973674,125144.464
973790,199065.30903030303
973799,479499.786
973800,176424.312
973808,385966.034
973816,223564.276
973848,116810.80696969698
973849,114932.42496969696
973850,112448.574
973852,79891.104
973913,114900.0
973914,114900.0
973919,98595.0
973923,394670.714
973931,116223.81296969697
973933,141125.432
973936,101202.31885714286
973937,101202.31885714286
973938,101202.31885714286
973939,118395.5
973974,116101.2745
973997,301534.78285714285
973998,373427.3
974004,72433.93116666666
974009,105433.014
974010,102253.89266666667
974011,137964.518
974029,87548.332
974044,256371.0585
974062,235737.66
974122,118408.27
974123,165444.012
974125,108319.274
974128,232015.883
974129,230448.161
974130,232015.883
974132,115519.62696969697
974138,87827.58423809524
974182,121118.35366666666
974209,169932.8
974288,93345.92448484848
974291,367106.3013333333
974321,95082.69466666668
974325,274317.5698666667
974329,103526.43333333335
974335,147424.75
974337,121260.85666666667
974363,198081.966
974365,85883.6
974370,171158.468
974406,150000.0
974407,150000.0
974432,81702.32
974460,147290.0703333333
974472,90408.104
974498,297004.7586666667
974527,171363.3542952381
974566,73939.91133333332
974570,108304.51086666665
974571,60700.717333333334
974605,176828.3
974625,161848.078
974627,99213.832
974737,112413.78639047616
974748,144180.2529968254
974756,344157.15
974802,416861.08
974803,186802.708
974848,95868.33564718616
974863,127983.68
974957,121454.782
974995,94787.53430476191
975004,181583.94
975034,102198.372
975045,82704.618
975064,215864.676
975094,96349.47237821204
975113,395022.4
975121,64394.682
975142,405279.8
975189,380926.3853333334
975204,246960.26892857137
975684,530367.15
975738,757247.0325
975893,73692.83800714285
975960,159190.308
975965,112103.284
975971,264325.10487142863
975973,129000.0
976102,166703.3
976136,71297.25
976176,87045.252
976194,90058.434
976223,116267.842
976790,88965.815038456
976796,102852.81
976831,111927.82666666668
976844,218507.766
976846,148951.7049523809
976869,233975.0588888889
976876,98424.454
976942,118434.76833333333
976948,202384.554
977106,87991.63
977126,100141.79266666666
977160,247378.9642857143
977222,90250.0
977224,90250.0
977232,224254.864
977312,286867.18066666665
977316,96414.458
977321,189203.244
977324,111579.44
977326,97283.6
977344,127014.02040079364
977374,66231.204
977376,304804.854
977377,110508.796
977379,125898.4
977412,131902.76208258411
977458,177316.96166666667
977460,171885.00633333332
977464,107099.494
977488,241865.56
977506,1850592.0926666667
977613,209387.578
977650,94530.198
977652,253931.0795
977653,76614.21818571429
977658,616370.052
977661,139225.12133333334
977687,85803.254
977726,114558.578
977754,306929.52160000004
977778,74645.97933333332
977783,78332.956
977790,69390.13133333332
977815,158426.06799999997
977816,179684.433
977850,163028.182
977854,67977.338
977860,252938.104
977892,155352.358
977893,159484.042
977908,186306.706
977923,201797.306
977960,86375.064
977971,95792.62
978147,217426.4962222222
978197,59099.894
978202,128404.38384615384
978203,40000.0
978279,99591.71438095238
978321,142228.82685714288
978322,93816.0
978325,93816.0
978329,122522.33833333335
978331,93816.0
978334,121058.25466666667
978348,126940.95
978375,86163.994
978425,111903.79
978427,116021.082
978429,116155.79933333333
978432,137135.61285714287
978444,361240.35666666663
978449,158295.972
978673,422772.312
978695,160150.41
978730,140397.318
978731,106249.95
978753,78235.892
978765,107208.296
978789,68515.04
978795,202849.33966666667
978858,400127.11
978906,95284.036
978909,283967.48703030305
978910,223000.0
978912,283967.48703030305
978935,95204.74066666665
978958,275000.0
978959,275000.0
978999,528886.054
979014,145682.036
979050,138476.5973333333
979051,138476.5973333333
979084,162700.716
979101,77860.73333333332
979108,101227.6
979121,110879.48112857142
979131,94054.064
979175,69946.76
979191,319588.92933333333
979243,63787.02
979248,90462.05
979249,111487.03066666667
979256,77739.018
979279,70031.5
979282,70031.5
979283,86845.78
979319,155981.012
979358,427422.0626666667
979369,134547.66436363637
979393,115629.8765
979403,81862.57
979443,126217.98780952381
979445,90400.0
979447,90400.0
979449,90400.0
979453,90400.0
979457,146719.82236363637
979458,338437.5445
979468,135395.402
979551,184531.926
979584,68953.99
979587,301878.924
979595,88561.43176623376
979642,134727.7146666667
979659,90000.0
979665,100419.117
979679,168564.0786666667
979743,110347.61466666668
979750,106268.76141538461
979751,67307.93422857141
979812,103662.90856666667
979832,250055.2
979837,64946.464
979853,266356.7032
979854,192349.598
979931,162014.597
980083,196148.248
980197,100028.6
980233,131062.686
980239,86473.68866666667
980240,119713.264
980273,114840.117
980329,233839.98266666668
980330,419951.472
980349,112486.254
980411,516444.7475
980460,74066.794
980526,316385.2236
980552,208632.304
980564,98551.112
980566,105899.52133333334
980601,146355.498
980692,79562.004
980751,102279.08733333334
980849,104166.52666666667
980863,101276.526
980864,173578.036
980867,106307.65933333334
980942,855879.794
980981,185205.142
981136,148233.6006666667
981167,108499.0
981169,186499.0
981268,89649.524
981269,89649.524
981270,89649.524
981332,99751.462
981380,70989.584
981464,145584.092
981671,96758.60213333333
981683,719163.6355
981684,981710.778
981685,429782.904
981689,415649.3
981696,263539.25
981697,322406.212
981698,138056.30600000004
981699,138454.7146666667
981714,82365.784
981742,125990.14
981894,152292.048
981947,167353.588
982012,104008.57223809524
982055,100183.97666666667
982274,176297.518
982285,107185.26428571428
983029,304981.18
983030,299408.196
983126,201344.23
983170,86587.6
983293,161525.54957380955
983294,170808.974
983298,69805.622
983374,86549.0
983378,164681.58
983651,161212.784
983752,149171.332
984096,75920.39166666666
984122,65818.238
984320,84379.0
984322,241856.4
984733,82996.83133333335
984734,100282.84638095237
984768,237226.224
984892,93591.55
985039,108873.79
985041,330000.0
985042,330000.0
985043,330000.0
985119,274472.166
985151,119303.87733333331
985154,119495.89333333331
985156,181465.6000222222
985159,402522.0079285715
985161,195409.18540000002
985165,717567.9453333332
985166,859638.906
985167,394151.06666666665
985313,124822.184
985320,161923.7113333333
985337,179786.962
985364,95291.97133333333
985407,121953.8
985520,204336.48466666669
985545,61906.674566666654
985670,95159.3687777778
985683,134961.672
985684,138130.65066666668
985767,136888.878
985811,98600.0
985813,86288.42733333333
985814,103301.49111067086
985815,85972.33806060607
985818,82267.3002857143
985840,199400.0
985841,116100.0
985981,188545.116
986056,150169.25360000003
986103,116100.0
986115,97044.13733333335
986139,87258.07333333335
986207,71906.612
986208,74143.19133333335
986212,119973.102
986213,143444.048
986214,152455.67
986274,229343.204
986275,229603.398
986390,142989.84742857143
986417,99934.60336666668
986512,141706.71
986616,83799.784
986618,93861.95
987237,118130.0
987240,135331.67669999998
987247,107377.40171428572
987346,237175.8724047619
987563,165616.642
987614,278500.372
987631,415480.73
987671,174800.6323333333
987844,322194.778
987916,92253.59241960784
987959,168176.65033333335
988030,86285.49
988085,236095.16866666666
988120,78848.99271428572
988128,111512.086
988131,76263.086
988330,319115.718
988404,170212.46733333333
988522,101196.964
988664,99532.0
988763,77856.886
988798,114182.33666666667
988844,134540.80047619046
988874,167573.49906666667
988876,78417.0
988929,135122.78186868687
988942,113000.0
988993,227156.8
989061,68189.09521428571
989298,112399.2059
989301,71658.5
989302,252340.14866666665
989305,71658.5
989372,96922.91526666665
989373,96922.91526666665
989378,194149.5
989379,194149.5
989380,72785.94382857146
989419,82005.45828571428
989524,144628.36485714288
989588,119361.75943809524
989589,132186.4
989592,149447.586
989593,96308.746
989666,99018.362
989733,171330.69425
989814,87118.442
989873,177216.88199999998
989876,110266.268
989903,49725.563939393935
989933,89754.41733333333
989942,260325.32866666667
989988,87235.5
989990,87235.5
989996,151282.998
990011,131610.094
990133,128634.686
990149,167652.59825
990150,123643.48828571428
990151,123643.48828571428
990152,123643.48828571428
990166,144975.54
990272,230181.758
990286,102200.52828571429
990330,159089.16240476188
991069,193108.20966666672
991073,89982.12
991157,88533.238
991199,110457.0
991266,268326.168
991272,662418.7106666666
991278,92784.47153333333
991349,142688.8736
991352,187741.0193333333
991425,190438.82409523812
991464,549471.706
991467,125485.66953333335
991468,118538.71683333332
991469,128056.72057264957
991475,88792.482
991477,196020.37066666665
991480,141312.5786666667
991487,221580.58799999996
991490,87422.72610256409
991616,652009.9614904763
991701,148822.89406507937
991703,125485.66953333335
991720,102077.0
991738,171500.0
991812,113968.106
991825,159833.07
991826,173421.35933333333
991832,501657.317
991836,382337.60043253965
991895,72670.0
991908,76858.4
991913,89680.25546031748
991940,122113.248
992565,187785.07
992574,191018.366
992717,250857.916
992721,148825.40303809525
992722,148825.40303809525
992724,94902.04
992726,92679.56
992727,143003.24
992728,67380.0
992745,163125.8
992746,111839.6
992775,149379.122
992783,98834.47866666668
992832,699958.898
992874,107422.13285714285
992899,76846.982
992904,92044.332
992948,134130.07625
992977,59793.098
992988,91284.84733333334
993216,88287.479
993459,172037.658
993468,235790.796
993509,118615.48441904763
993527,73305.52066666666
994032,145382.622
994088,360400.0
994215,114894.77895238096
994299,67790.971
994506,138596.8307515873
994507,68101.6163
994530,135974.8
994764,145038.988
994812,115500.0
994814,115500.0
994834,115500.0
994906,195971.28241666668
994936,148000.0
994956,170869.27523809523
994960,127963.42666666667
994983,164372.044
994991,130000.0
994995,92300.636
995000,324645.8526666666
995001,127963.42666666667
995007,128094.71771111111
995008,139739.381
995021,100442.44545454545
995031,99677.0
995035,99677.0
995036,99677.0
995042,110144.0
995044,80053.22666666667
995055,147892.6
995057,145836.796
995076,112423.75461904761
995118,113210.92833333333
995133,62867.6
995142,133348.438
995260,108964.33333333333
995313,258335.07857142857
995352,87921.02126666666
995366,69189.15
995437,176530.58353333332
995479,263499.3053333333
995619,162149.54
995646,158205.118
995669,90721.136
995780,76496.8
995874,186942.798
995916,132166.83133333334
995946,95656.6
995947,62990.592666666664
995948,267655.23333333334
996053,125375.56933333335
996103,265099.25
996178,101955.6
996180,168220.038
996184,133478.462
996364,99917.509
996473,553567.5380714287
996581,223747.5372
996796,145413.15
996804,117254.832
997041,193363.1845
997166,350881.54012114
997167,295000.0
997168,373141.49902272725
997186,99473.6
997196,98551.007
997244,117980.324
997245,173421.35933333333
997392,110698.43133333334
997403,207138.928
997443,185067.37895238097
997541,396637.1473333334
997542,383763.63399999996
997691,332916.96028571425
997755,92482.63966666667
997773,85231.30133333334
997774,85231.30133333334
997795,150156.51
997808,280344.52457142854
997935,86186.786
998092,180203.186
998095,937213.376
998098,143774.764
998275,111498.2
998276,68452.834
998376,185713.432
998498,521637.386
998564,85859.478
998567,535862.4848626985
998574,82268.992
998575,158717.916
998577,71639.90482539684
998615,118393.23833333333
998616,88527.594
998620,88452.058
998621,88978.834
998622,90860.53733333334
998624,109991.69725108224
998645,96990.246
998646,78728.30041587302
998649,152412.466
998650,69834.758
998651,70545.322
998862,239963.8
998925,210601.856
999025,250463.60746666667
999050,115979.82354444444
999543,89912.893
999625,97848.15133333333
999712,172716.33333333334
999754,239211.19
999960,111933.932
1000541,108097.08
1000644,564043.736
1000692,278404.36
1000727,257435.69247619048
1001116,135852.548
1001294,256385.4821
1001409,236722.5612666667
1001421,236525.808
1001616,133554.998
1001945,117816.54847619048
1001991,195193.72
1002183,87365.128
1002319,317758.972
1002326,170675.1
1002411,96117.4
1002412,73389.282
1002571,422613.23695992894
1002606,743792.4312
1002607,743792.4312
1002626,293060.43169633707
1002643,169030.35096666668
1002658,79122.55333333334
1002678,776795.0432000001
1002694,119965.0
1002727,90834.964
1002742,188676.0
1002822,96118.24533333333
1002827,112763.6
1002861,112337.0
1002863,112337.0
1002864,112337.0
1002865,112337.0
1003030,471441.2026666667
1003043,97064.52933333332
1003047,154912.23330000002
1003089,128729.462
1003171,537337.9241269841
1003257,123827.33333333333
1003435,500424.821
1003611,95871.682
1003612,220398.0353333333
1003619,106510.04242424242
1003639,275671.6
1003692,81791.318
1003816,103111.498
1003817,557238.4
1003836,122596.062
1003840,192434.216
1003859,236256.328
1003902,94262.788
1003907,147534.0873333333
1003940,77206.14233333332
1003956,302541.5581367523
1003974,121500.0
1003976,121500.0
1003980,121500.0
1003985,235893.65933333334
1003988,185344.22828571426
1004037,322312.8
1004051,92506.566
1004069,79330.284
1004074,99217.76666666666
1004075,86322.084
1004084,161167.552
1004189,274160.98
1004217,140593.16066666666
1004262,149523.396
1004284,66964.16366666666
1004331,762431.71
1004336,121689.16657142855
1004413,833516.162
1004421,207553.805
1004490,768173.8793333333
1004566,92848.416
1004579,70481.912
1004675,106324.50133333335
1004832,79289.348
1004935,113205.834
1005039,80618.828
1005060,93926.29109761905
1005124,106606.30542857143
1005127,92112.072
1005128,87808.7
1005129,92015.5
1005130,156675.573
1005132,181421.554
1005134,146732.392
1005138,142235.268
1005236,254977.46136666666
1005238,254977.46136666666
1005262,149380.0647922078
1005413,68760.006
1005464,105156.6
1005466,260518.072
1005467,101931.438
1005547,114326.92333333332
1005674,154228.2
1005675,154228.2
1005710,896550.3965333333
1005732,238453.806
1005936,126391.85333333333
1005980,106053.674
1005986,324615.08650000003
1005987,110194.38495238096
1006073,575713.782
1006141,308702.59133333334
1006421,257591.636
1006494,96167.58097619048
1006532,81000.0
1006557,180450.984
1006674,125231.55866666668
1006675,88880.84
1006761,169446.707
1006797,110395.36
1006798,188360.394
1006876,372603.80559999996
1006880,255330.42466666666
1006988,120348.082
1007061,379115.06
1007082,328720.1709090909
1007101,95070.70633333334
1007108,186869.614
1007109,92254.934
1007172,294594.686
1007233,121098.724
1007235,120878.386
1007239,137676.22219047623
1007271,82829.40158730159
1007352,344932.04447619047
1007401,81810.198
1007430,135694.94666666668
1007571,57359.654
1007600,186260.354
1007789,85184.81013333333
1007797,95592.354
1007830,108673.458
1007849,103909.18600000002
1007856,111779.89
1007857,137927.54666666666
1007917,145884.0396
1007967,305151.4024333334
1007994,80188.3
1008148,63954.056666666664
1008157,203515.67
1008169,174535.956
1008170,187615.0
1008173,160694.084
1008307,264902.71980952384
1008308,142656.724
1008352,75745.238
1008357,76775.71746666665
1008358,154303.1933333333
1008361,74362.08929999999
1008386,131634.49
1008418,197685.076
1008428,75921.642
1008433,75921.642
1008501,190482.10266666664
1008510,104490.80094285715
1008550,81340.416
1008563,87900.0
1008564,87900.0
1008595,72305.476
1008641,103665.92614285715
1008677,113130.79
1008707,171482.38323809527
1008732,124294.072
1008734,124600.272
1008741,82792.87
1008744,94799.36666666665
1008749,163917.1476839827
1008759,149636.22654545456
1008760,149636.22654545456
1008803,240368.008
1008804,240368.008
1008805,240368.008
1008829,149730.0
1008833,94226.86666666667
1008838,96834.37433333334
1008855,169490.57
1008862,84657.3925526973
1008878,181156.95
1008892,242068.90172982024
1008914,328247.29
1008927,226368.466
1008932,193997.43600000002
1009016,107424.67555555556
1009077,86585.17802564104
1009084,90818.912
1009088,103524.73466666667
1009218,86000.0
1009229,72574.2858
1009308,219754.2566
1009310,93343.29
1009337,228672.91933333335
1009366,114344.82428571429
1009424,252094.302
1009487,119824.961
1009509,92065.031
1009510,92612.19
1009517,301858.6
1009520,138946.716
1009528,125271.536
1009530,106221.386
1009531,107245.30066666668
1009532,111738.85733333335
1009533,120290.116
1009534,123062.078
1009535,106162.712
1009590,72513.086
1009596,72623.052
1009672,84221.92
1009736,107930.8
1009859,131427.2
1009864,236059.384
1009866,195683.2775
1009891,99817.12266666668
1009942,262540.08
1009948,98827.926
1009965,145000.0
1009970,145000.0
1010054,91835.0
1010066,170073.574
1010068,152075.38819047617
1010069,152075.38819047617
1010104,799204.258
1010110,95641.37992222223
1010185,512276.098
1010186,94697.318
1010276,155895.062
1010411,136475.92866666664
1010542,165621.5738174604
1010544,92500.0
1010584,280000.0
1010592,132800.57133333333
1010667,165000.0
1010678,165621.5738174604
1010679,196089.62521666667
1010680,196089.62521666667
1010686,234661.79
1010704,443264.294
1010740,135918.8233333333
1010833,131964.738
1010913,101386.24033333334
1010950,103580.39666666665
1010951,78161.828
1010980,79882.844
1010999,154634.242
1011028,90406.14800000002
1011032,115679.73676190476
1011122,96950.913
1011132,75214.02679999999
1011134,75205.97146666667
1011135,76264.8288
1011148,110187.0
1011150,110187.0
1011203,345600.0
1011204,345600.0
1011275,129488.28333333334
1011335,128588.10438095238
1011414,127985.1748888889
1011429,100000.0
1011430,100000.0
1011489,84000.0
1011573,84000.0
1011574,84000.0
1011701,180075.53756883118
1011778,78078.508
1011854,399404.69
1011914,91636.316
1012038,186304.91675
1012128,134750.6
1012273,111302.896
1012311,115961.74585714283
1012320,99281.71733333333
1012331,313138.572
1012332,243540.1066666667
1012339,67859.74665714287
1012507,110966.2
1012542,116815.55666666666
1012574,198665.924
1012587,147922.934
1012712,799204.258
1012714,85634.64933333335
1012716,100016.938
1012752,592316.612
1012830,136603.53047619047
1012898,439624.48333333334
1012945,95444.28333333334
1013031,128515.964
1013155,240368.008
1013161,126595.83666666667
1013177,98300.05926666668
1013187,164044.8
1013234,240368.008
1013244,466538.974
1013288,220106.8435714286
1013290,112400.0
1013352,214959.998
1013443,148118.95
1013494,110964.368
1013507,71749.988
1013544,279661.04250793654
1013547,115037.0670333333
1013630,95420.60261904761
1013704,244950.216
1013740,179756.6897777778
1013742,149719.364
1013743,169574.40666666662
1013786,201071.14142857143
1013962,242289.726
1014083,149862.68
1014108,103515.034
1014164,138339.73466666669
1014237,98711.88677777779
1014240,149181.2
1014368,211990.634
1014476,109053.92466666667
1014483,195912.68
1014498,107920.2
1014551,112778.4005595238
1014571,123006.54233333333
1014624,138760.58
1014635,77692.71495238095
1014637,107029.792
1014638,109567.54266666668
1014641,358278.12333333335
1014665,210990.486
1014669,169475.014
1014738,50502.9
1014928,564692.712
1014999,148828.75391666667
1015031,90828.284
1015103,126048.56533333335
1015125,254344.776
1015134,187489.67133333333
1015243,116760.5
1015347,113896.4495
1015350,127481.08333333334
1015360,144250.0
1015361,144250.0
1015366,144250.0
1015403,134212.174
1015482,107000.0
1015484,186200.0
1015485,73928.62803333331
1015486,73928.62803333331
1015502,91627.08904761905
1015524,252071.718
1015534,230237.41190476192
1015540,120084.42466666666
1015557,74709.74
1015579,89881.58066666668
1015597,159543.928
1015681,151452.72666666668
1015697,143838.3764
1015714,145695.8436
1015804,73693.018
1015824,104044.20183333333
1015843,155500.0
1015872,86033.542
1015908,141212.595375
1015909,114300.06333333332
1015911,133510.81
1015919,194335.4820952381
1015920,118202.7534819625
1016040,94604.15723809524
1016042,127556.62933333335
1016098,92266.74
1016117,265816.352
1016413,384193.02894603164
1016734,159295.53933333332
1016888,116870.55533333332
1016927,148666.70533333335
1017116,248441.2605
1017118,137589.49333333332
1017166,116782.944
1017176,109146.492
1017264,101847.71800000001
1017383,84305.138
1017418,99453.57666666666
1017424,72593.6466
1017427,75469.6466
1017428,141944.368
1017503,107916.47266666665
1017563,49521.192
1017579,101704.968
1017600,159177.84
1017626,76414.37800000001
1017637,172461.2
1017693,131124.14
1017750,330000.0
1017763,218957.142
1017782,118900.0
1017792,577264.596
1017846,76056.57633333333
1017992,360127.766
1017998,92827.972
1018079,117352.2
1018135,138949.028
1018136,175192.92266666668
1018166,735079.8
1018229,811351.758
1018248,160746.91784126987
1018257,171676.61314285712
1018417,281240.3526666666
1018421,295957.81041269837
1018428,92832.32
1018486,231462.90857142856
1018523,173926.68707142858
1018598,81361.66
1018621,73700.90066666665
1018671,75704.95333333332
1018822,179704.548
1018943,230131.15
1019039,61374.728
1019057,55047.85015384615
1019062,638922.226
1019149,98237.1460124333
1019151,68127.07085930735
1019206,109320.28
1019298,105263.606
1019309,101112.766
1019343,360687.86603030306
1019366,150291.63
1019367,167258.75228571426
1019432,330752.548
1019561,159121.36266666668
1019575,188355.83666666667
1019659,241063.851
1019668,79145.99682792208
1019672,88117.07446153846
1019681,104720.298
1019683,205726.8333333333
1019686,104819.03893333334
1019696,115728.18200000002
1019720,186592.21
1019763,70737.94746666666
1019835,646709.186
1019872,91282.60666666666
1019903,184580.922
1019908,144930.892
1019958,639779.426
1020047,237719.818
1020124,460856.88
1020278,89543.36
1020508,116642.888
1020554,97098.56
1020672,157851.9266666667
1020673,161351.3565
1020745,168169.3792190476
1020844,102800.702
1021039,214650.66681666666
1021263,85104.543
1021316,222879.234
1021412,119330.596
1021444,96494.481
1021447,122437.46533333333
1021453,144485.078
1021485,169195.14923076922
1021500,85474.75666666667
1021509,79279.94666666666
1021520,77154.02007142856
1021560,169143.14923076922
1021605,108472.058
1021606,143489.1333333333
1021607,128905.92203095238
1021749,227552.77
1021765,251995.40133333334
1021768,127059.174
1021770,197838.44733333332
1021833,149336.3333333333
1021834,149907.93333333332
1021855,52925.58
1021973,114532.04499603173
1022085,95171.39460714287
1022163,118669.13333333335
1022166,257508.75555555552
1022273,101601.18
1022312,93317.268
1022388,70314.747
1022399,96055.982
1022582,112597.2
1022587,223320.854
1022588,226703.44363333334
1022596,121283.752
1022614,112743.67
1022695,205775.23813333333
1022704,78360.77766666666
1022715,125668.42066666667
1022716,128257.53866666667
1022717,119143.71
1022718,115938.15666666668
1022719,118889.872
1022721,122413.75
1022750,117949.88
1022753,118467.0
1022755,119819.953
1022756,119819.953
1022760,88425.8
1022781,97618.71322222223
1022782,104101.784
1022787,97061.19522222222
1022790,104950.09066666667
1022794,116792.824
1022795,107466.79933333334
1022796,124860.986
1022798,108195.22933333334
1022800,105669.73733333334
1022801,120161.608
1022802,120313.95666666667
1022844,101893.0764
1022848,155385.2826666667
1022960,109296.014
1023168,194862.11
1023169,199923.188
1023172,150187.44471428572
1023173,149735.50871428574
1023209,69303.96266666666
1023230,121678.962
1023304,90550.0
1023340,228000.0
1023351,298002.402
1023393,100708.6420126984
1023450,254468.66433333335
1023458,99552.139
1023465,90848.887
1023468,177926.44066666666
1023501,145770.7064
1023505,118718.53733333333
1023508,106213.82466666665
1023511,106213.82466666665
1023512,118718.53733333333
1023513,118718.53733333333
1023514,118718.53733333333
1023518,122420.90738333332
1023520,106213.82466666665
1023521,118718.53733333333
1023552,148448.158
1023559,404469.222
1023590,233262.686
1023664,122205.95266666665
1023676,217492.42433333333
1023677,211236.55566666668
1023744,116521.10872222224
1023764,119305.92
1023774,441146.7064444444
1024012,225711.80666666667
1024071,66591.51733333332
1024126,214401.9808333333
1024133,110876.354
1024324,245751.75105555556
1024371,169026.0
1024444,85909.65466666667
1024449,69555.07896666667
1024456,667813.692
1024463,200397.384
1024474,228987.628
1024477,131864.86
1024508,88333.912
1024529,106642.184
1024536,141451.6
1024590,161279.67085714286
1024625,214337.816
1024628,233364.354
1024636,92517.932
1062270,196187.848
1062278,392139.231
1062287,122436.968
1062389,359807.988
1062404,55610.474
1062442,84624.84378357856
1062482,410000.0
1062512,123568.2
1062516,168924.93037777775
1062537,197452.835
1062557,237760.90666666668
1062572,64526.074
1062643,151524.20466666666
1062645,115251.65703030303
1062676,116892.486
1062691,228634.65
1062714,74736.89380952381
1062737,287868.08
1062839,162018.0735
1062840,176809.22771933622
1062844,135073.1386666667
1062946,127210.07830714289
1062972,123449.668
1062991,89197.1665
1063009,121353.429
1063010,173398.73304761905
1063011,156560.79324761903
1063045,245074.698
1063050,377853.53
1063051,191507.71306666665
1063070,68310.39666666665
1063106,252787.236
1063130,104226.04957142856
1063217,184947.911
1063317,427016.036
1063480,92511.83366666666
1063535,93154.52
1063601,227129.55066666665
1063668,124700.0
1063704,83925.86466666668
1063829,125498.65759999999
1063862,122585.782
1063906,157484.55866666665
1063923,170581.7800952381
1064029,75956.005
1064042,252995.166
1064047,85789.476
1064050,60602.616
1064059,134721.45133333333
1064061,90285.288
1064082,146936.518
1064093,161754.888
1064155,57776.523
1064165,82732.30366666667
1064170,202694.118
1064189,133444.804
1064253,68259.924
1064260,54419.034
1064263,145439.29042857143
1064289,72801.42
1064327,143219.526
1064340,89082.48733333332
1064342,121576.47133333333
1064347,415922.3800333333
1064358,99989.698
1064389,421090.34
1064391,583502.148
1064393,175882.472
1064415,242991.46866666665
1064420,85840.78
1064421,82198.30266666667
1064424,235573.0557333333
1064425,99606.9
1064433,131932.972
1064438,253850.61738961042
1064469,137221.104
1064535,113129.58643333333
1064536,103670.21466666667
1064538,102667.34266666668
1064539,640718.342
1064552,524418.198
1064556,78156.156
1064605,93974.54466666665
1064632,197288.962
1064660,272040.668
1064707,107822.928
1064708,84340.528
1064709,221646.92027142856
1064715,120152.66866666666
1064718,157000.122
1064724,127659.90066666664
1064774,81929.868
1064782,127245.9988
1064786,96946.4095897436
1064791,101507.474
1064836,699938.72
1064856,133888.7917189477
1064863,161542.9562936508
1064870,119420.662
1064872,123992.47966666667
1064873,97473.56000000001
1064904,155614.04836666668
1064906,122098.18514285714
1064997,224791.08
1064998,309482.056
1065033,105276.856
1065055,160445.96
1065146,136613.742
1065162,197490.46426666668
1065164,144945.766
1065198,451492.584
1065199,451492.584
1065201,137568.43380952382
1065202,112541.58199999998
1065203,112596.24199999998
1065246,106156.32
1065262,242121.04604761908
1065274,112223.996
1065275,149419.95091396937
1065297,106837.16406666668
1065304,245428.368
1065320,175081.57
1065322,146690.94
1065328,113550.94
1065359,117872.77733333335
1065372,208502.444
1065374,78744.068
1065377,143731.41733333335
1065396,108143.97381818181
1065406,211509.376
1065413,87500.0
1065448,74473.33
1065477,117961.926
1065483,154338.74133333334
1065488,92673.82966666666
1065529,133551.68366666665
1065572,297390.69333333336
1065607,92721.928
1065613,101297.75466666667
1065615,99138.18466666667
1065617,253403.37
1065619,74092.257
1065621,99141.18066666667
1065641,116202.04114285714
1065658,128391.178
1065662,101694.23742857143
1065702,100641.39053807834
1065761,193533.5017333333
1065771,102100.09200000002
1065835,168476.35
1065838,242158.47933333335
1065848,98212.17409530301
1065852,104018.24366666666
1065855,120830.42
1065857,87785.018
1065859,101462.73633333333
1065883,134586.884
1065901,233299.95521428573
1065927,210626.25333333333
1065939,167275.352
1065940,227999.66120000003
1065970,263153.5818095238
1065973,146850.0
1066009,121924.576
1066029,115775.61066666667
1066035,104600.42
1066052,138424.20901515151
1066060,159249.0639380952
1066082,97079.83457142858
1066109,86724.448
1066119,83076.558
1066134,124546.486
1066159,85002.156
1066160,89198.54977777778
1066161,94906.46933333333
1066162,89198.54977777778
1066163,96346.46933333333
1066170,89860.52433333333
1066171,96346.46933333333
1066172,88133.902
1066174,99976.25466666666
1066191,104086.76409523809
1066194,865278.4
1066245,101808.302
1066361,76887.858
1066365,403377.072
1066375,77090.14
1066378,89715.29733333332
1066379,184370.976
1066409,137113.89581025642
1066413,351111.178
1066448,108798.52333333335
1066476,226068.796
1066524,119160.6
1066548,113658.981
1066602,206985.3630753358
1066603,100939.2
1066605,180372.248
1066643,123260.52599999998
1066644,191179.721
1066664,78213.748
1066730,143808.97449285715
1066734,132034.24
1066736,136028.97228571426
1066759,162161.7064
1066761,94391.438
1066772,153877.82
1066792,233294.272
1066795,109946.56
1066832,81286.78712424242
1066845,78719.891
1066847,199983.93983809525
1066938,283406.66
1066944,251288.594
1066988,129229.956
1066996,183414.84
1067005,73033.598
1067009,227021.53
1067011,189261.342
1067037,160756.34601666662
1067063,112084.81
1067064,88675.72
1067088,77241.91606060606
1067115,161401.666
1067119,162390.038
1067291,145000.0
1067363,105145.586
1067374,201198.4
1067395,173405.79277857146
1067402,122388.88333333335
1067412,192223.214
1067425,124721.41516666667
1067428,232871.97666666668
1067430,173717.5875
1067435,147816.93014761902
1067478,525535.89
1067512,145000.0
1067533,234965.074
1067536,143325.35
1067549,135684.256
1067555,227443.9433333333
1067557,149760.04266666668
1067570,192636.30490000002
1067575,305654.0252380952
1067577,120765.43933333334
1067578,120231.69533333334
1067584,193925.35232727267
1067596,104486.56466666664
1067598,111667.54165
1067614,142188.05
1067631,400717.0
1067649,84509.923
1067652,62337.43
1067687,333946.5693691865
1067688,152292.524
1067704,76591.98
1067705,127535.544
1067731,135300.87638095237
1067746,106342.13766666668
1067756,124889.676
1067777,102003.1154904762
1067793,213660.23207142856
1067808,116316.318
1067821,114739.97333333334
1067834,160789.74
1067846,74936.30082222221
1067850,214713.898
1067853,462292.6746666666
1067863,312760.7093939394
1067913,136026.5946666667
1067914,131038.47238095239
1067962,80629.05066666666
1067999,99485.574
1068022,73063.924
1068055,133861.916
1068076,127035.468
1068078,145385.92
1068136,113597.12609033189
1068137,154246.532
1068155,253181.564
1068157,167638.048
1068158,186425.534
1068173,108102.044
1068240,156431.946
1068266,207004.14119999998
1068324,100762.46
1068360,320354.33575
1068386,183615.545
1068396,127000.0
1068406,75769.96
1068409,86218.848
1068414,174948.74737222222
1068466,106999.13533333332
1068489,117402.32333333335
1068501,192270.018
1068520,440680.2
1068533,299989.72863492055
1068611,116316.318
1068645,140103.58
1068683,420353.6803809524
1068685,235851.228
1068698,74936.30082222221
1068703,142188.05
1068737,98655.334
1068751,114000.0
1068752,81450.82
1068797,116356.98914285714
1068824,182468.228
1068840,90001.624
1068894,100391.18080952381
1068949,94678.86
1068954,584859.002
1068960,117788.584
1069002,83080.018
1069029,104293.198
1069034,123895.49
1069058,104293.198
1069115,172131.51
1069117,57127.316
1069137,66401.15881904762
1069138,79277.02
1069204,178145.72199999998
1069246,163661.922
1069293,397440.758
1069308,82019.98333333331
1069388,147806.19066666666
1069416,96058.91419999998
1069429,88939.566
1069430,162438.14693333334
1069489,357363.456
1069539,163318.766
1069541,82660.8
1069543,143158.0302809524
1069544,122520.89108809523
1069545,102997.63133333334
1069602,217000.18276911974
1069619,114699.576
1069633,106005.09606666668
1069662,86993.75780952381
1069672,148341.128
1069673,129475.30066666668
1069712,187115.53286666668
1069750,92955.406
1069782,87560.77957142856
1069813,75834.68
1069835,101066.738
1069857,150146.655
1069881,178118.888
1069973,139722.2435
1069981,86955.354
1069982,112911.06666666665
1070002,143426.384
1070067,110469.38
1070070,104736.198
1070084,128558.50833333333
1070089,232450.552
1070103,157516.54266666668
1070165,157676.636
1070183,89319.66
1070185,139895.69491695234
1070208,164069.134
1070245,94210.45233333333
1070308,116048.10866666665
1070362,140159.16866666666
1070374,145460.1772082251
1070378,227965.972
1070388,104097.28733333333
1070394,160363.296
1070438,257046.462
1070454,136432.686
1070455,101532.39366666667
1070456,109899.86266666667
1070463,90709.458
1070467,139304.596
1070469,121557.35466666667
1070498,143949.592
1070501,119417.96685714286
1070516,149221.99444444446
1070554,242876.642
1070570,160221.3061238095
1070573,260703.15384083695
1070643,324205.176
1070656,220459.16
1070675,92797.936
1070677,65714.886
1070707,69560.37
1070760,113398.2808
1070770,191191.2
1070862,104167.2941520979
1070866,185584.42
1070907,287930.3879868842
1070916,133273.188
1071031,221202.8613333333
1071038,241393.166
1071042,87102.79571428572
1071045,378397.136
1071046,255466.54844415584
1071118,137731.204
1071145,141576.566
1071161,98112.201
1071166,112561.6585
1071202,160861.24999761907
1071335,72687.746
1071349,113045.458
1071350,130104.49
1071356,128719.4656
1071357,94247.598
1071360,106482.464
1071370,110929.391
1071376,890023.698
1071378,121296.31796666667
1071390,368348.554
1071413,150520.786
1071414,74397.802
1071415,153599.9
1071419,81412.66253333335
1071427,141153.016
1071430,213043.876
1071434,169901.25236666662
1071481,214897.026
1071503,102460.80187590186
1071504,102460.80187590186
1071532,198008.011
1071537,139099.69311269838
1071551,104984.82773809522
1071574,135827.0
1071613,186331.36
1071621,106151.79926666668
1071651,107769.392
1071653,109694.3983904762
1071669,119537.59959999999
1071704,308440.1876
1071722,409244.136
1071727,165863.5355
1071737,112627.914
1071740,178513.866
1071782,177963.038
1071889,224320.214
1071899,364557.872
1071920,88520.49
1071948,130027.71507142858
1071950,143631.94
1071983,153983.124
1071997,240145.18
1072066,169004.32
1072080,143862.856
1072081,160869.02659999998
1072086,145200.47266666667
1072176,92679.88466666666
1072178,76977.42
1072201,211661.208
1072204,205556.502
1072219,239087.186
1072229,304977.724
1072242,107967.24257142856
1072245,74385.24966666667
1072249,88470.526
1072259,237672.86
1072306,114247.49822727272
1072320,90355.38314285713
1072326,198211.44
1072334,174925.672
1072345,136913.04866666667
1072353,235458.136
1072382,155606.636
1072387,202740.453
1072403,168738.79754365078
1072484,122784.916
1072487,138875.026
1072490,193169.82
1072493,156181.191
1072503,98145.86666666667
1072536,113908.776
1072548,188670.032
1072599,376853.52
1072627,189753.23914285714
1072632,133795.98133333333
1072681,89046.6336
1072729,141417.136
1072752,168308.502
1072775,401085.8453333333
1072776,159555.1291388889
1072779,401309.8453333333
1072780,190788.3047142857
1072784,187579.11
1072800,99500.887
1072809,1008978.331
1072819,104279.912
1072842,133864.57
1072873,278985.17687812186
1072880,125485.248
1072894,102620.366
1072901,101939.862
1072913,183979.88933333333
1072929,155018.538
1072973,87272.888
1073092,283251.85
1073108,113156.2
1073195,123066.50179999998
1073200,82832.89790476189
1073209,54600.0
1073215,196538.3736
1073216,196538.3736
1073217,196538.3736
1073218,196538.3736
1073219,124950.0
1073220,196538.3736
1073221,124950.0
1073222,196538.3736
1073223,196538.3736
1073224,196538.3736
1073225,124950.0
1073226,82483.314
1073228,82483.314
1073229,82483.314
1073234,82813.606
1073238,91381.994
1073240,123801.984
1073251,279524.182
1073388,110933.98
1073391,130465.09766666668
1073420,122435.78133333335
1073428,216961.57
1073465,134544.56
1073471,193131.5
1073484,196644.7076
1073529,96899.126
1073563,100803.0
1073604,89492.69
1073621,203477.062
1073622,133327.65266666666
1073626,650948.918
1073663,105692.634
1073675,576430.6536666667
1073681,93299.99733333335
1073695,119521.72066666666
1073753,163205.0399166667
1073779,104920.762
1073844,121222.21668571429
1073846,130341.88
1074053,215883.02933333334
1074196,239895.32533333334
1074279,90433.35
1074340,198524.56
1074532,163325.66266666667
1074540,300609.152
1074548,126960.84828571428
1074550,174670.04137857145
1074554,288835.388
1074575,87052.862
1074579,113618.84066666667
1074603,108424.948
1074607,151563.226
1074608,138074.896
1074643,83045.05466666666
1074677,465346.082
1074682,161462.28
1074697,103595.246
1074710,163292.0622476191
1074741,555670.8406666666
1074816,276557.23633333336
1074821,122313.06483333334
1074882,188330.48
1074943,109692.798
1074946,145194.22733333334
1074968,64231.45733333334
1074991,62662.708
1075071,286318.9532
1075075,164278.694
1075078,154611.706
1075192,106161.62933333333
1075221,198781.95799999998
1075262,117620.776
1075320,60540.95646666667
1075321,60540.95646666667
1075527,356759.648
1075555,89918.34857142856
1075566,165095.524
1075576,134229.3566666667
1075621,613640.4543333334
1075623,195871.4
1075669,91000.0
1075694,480180.548
1075794,148047.40133333334
1075855,133514.386
1075875,101496.4
1075876,101496.4
1075878,121312.62933333335
1075902,113901.93733333334
1075981,88472.19733333333
1076017,268091.101
1076028,141300.757
1076116,166436.842
1076133,67243.466
1076153,149354.9242063492
1076223,80687.86885714285
1076232,212676.34066666666
1076237,106125.314
1076242,139793.67
1076246,152089.302
1076250,82477.9026
1076256,114757.69
1076265,134914.54057619048
1076270,96811.218
1076275,162892.984
1076282,305437.358
1076297,661303.07
1076314,445168.094
1076342,93791.33885451128
1076353,100078.63374125875
1076399,116669.17733333334
1076400,99406.44
1076410,97228.84066666666
1076411,81369.10485714287
1076419,165918.98000000004
1076451,196590.2
1076453,243483.996
1076479,105000.0
1076502,76459.18383333334
1076505,188885.248
1076512,132124.156
1076516,111993.31666666665
1076615,117896.44608946609
1076618,146923.386
1076619,390181.75080508384
1076637,91000.0
1076655,181116.63671428573
1076670,140155.664
1076672,157808.16
1076751,230922.162
1076780,105796.9259761905
1076822,95911.2
1076837,611195.412
1076848,214432.74
1076851,203132.308
1076867,173081.236
1076870,166815.8
1076873,125911.26227777777
1076877,224071.0194452381
1076899,342155.68
1076928,190634.739
1076931,285839.8
1077002,97297.25959999999
1077007,818940.988
1077008,826703.36
1077013,97441.25959999999
1077024,108382.93313333332
1077043,86011.238
1077056,82581.786
1077067,113845.416
1077162,426259.688
1077187,553716.382
1077265,358391.602
1077596,552350.128
1077624,211173.4237142857
1077752,102000.0
1077787,146273.14
1077884,102243.232
1078098,147803.28
1078219,161422.322
1078257,87382.786
1078341,244896.184
1078355,158090.014
1078360,171558.3316666667
1078409,118774.924
1078431,91632.694
1078454,158168.45266666665
1078476,77005.53
1078477,238644.51800000004
1078497,230280.206
1078545,196094.74
1078556,230083.88
1078564,211511.72
1078585,210113.54986666667
1078640,142116.4046666667
1078648,80086.854
1078660,551766.4773015874
1078685,243397.926
1078699,126758.178
1078723,167746.842
1078725,89528.546
1078736,469359.9133333334
1078773,89471.14
1078806,80962.862
1078814,206158.276
1078885,255754.64466666666
1078899,63460.102
1078908,165447.176
1078969,141836.104
1079020,151376.0226666667
1079036,210954.092
1079059,388208.568
1079068,83141.194
1079153,215453.23466666666
1079183,122426.99666666666
1079230,99364.28835714285
1079254,94538.49933333333
1079277,152384.62333333335
1079282,170716.69683333332
1079294,128602.57866666667
1079320,334357.094
1079334,109290.5
1079343,106308.54035714286
1079356,152721.606
1079382,68947.964
1079459,178844.12553333334
1079463,129453.22166666665
1079464,194881.096
1079479,148500.0
1079483,124700.0
1079497,265905.2155238095
1079498,265905.2155238095
1079503,147256.734
1079504,134712.93141813742
1079528,133050.0
1079568,260471.38866666667
1079600,159284.6344
1079607,128953.62106666666
1079608,153809.808
1079612,154001.808
1079618,98604.50408730158
1079705,153809.808
1079766,84368.6
1079842,83014.89616336995
1079850,133681.52
1079853,165041.71
1079868,81949.16
1079892,99666.51466666666
1079895,103923.82809523812
1079928,293374.138
1079992,119816.578
1079994,118204.0
1079995,118607.034
1080005,168048.24236796537
1080008,172039.45339393942
1080010,108304.01266666665
1080011,164773.5917142857
1080015,167111.0710857143
1080025,190057.48806666667
1080028,59214.67
1080030,69519.47
1080032,119873.663
1080034,131303.804
1080037,541337.098
1080063,69419.01666666666
1080064,70353.71733333335
1080065,69979.41733333335
1080066,87817.16
1080069,188391.79066666667
1080072,215332.356
1080077,108852.26066666667
1080111,101773.894
1080133,75692.9911
1080147,89380.39366666666
1080162,211497.822
1080187,266167.16790476185
1080200,133526.976
1080279,244424.89385714283
1080290,102813.0
1080292,102813.0
1080299,62252.0
1080327,86814.79190000001
1080328,93508.8013030303
1080332,86493.86583333333
1080334,89395.86600000001
1080342,118202.66
1080343,191503.085
1080364,276111.114
1080379,125950.6406095238
1080382,62252.0
1080383,68073.5
1080399,80589.433
1080401,644419.996
1080426,169623.7336
1080440,87873.43433333334
1080450,98942.66
1080465,115046.363010101
1080482,204716.042
1080485,168186.258
1080507,316592.15
1080562,82539.988
1080606,308759.39426190476
1080621,132924.03742857144
1080633,106985.382
1080663,206740.26733333335
1080670,90354.52333333333
1080752,146853.9001047619
1080755,123106.27
1080757,400384.132
1080776,81303.39152380952
1080802,81191.416
1080807,185388.05133333334
1080836,208207.30930158732
1080849,128951.63
1080858,120893.48979047619
1080859,162154.09502857144
1080914,188448.624
1080921,64057.4
1080937,149883.346
1080977,84851.0
1080980,87873.642
1080983,99157.77399999999
1081011,82658.31733333333
1081038,180364.14666666667
1081055,196919.91914285714
1081112,120500.0
1081125,103541.026
1081153,149067.83
1081170,324807.75
1081201,511784.204
1081232,194120.032
1081267,289628.291
1081351,100966.09333333332
1081356,103435.0
1081395,139225.9893333333
1081435,86064.28
1081436,114020.14453333332
1081442,206236.06409523808
1081472,153375.9787619048
1081487,97647.98666666666
1081508,820831.002
1081512,120878.25866666666
1081528,90369.376
1081552,125052.866
1081575,97712.59866666667
1081706,339562.278
1081782,149777.24
1081785,116239.096
1081787,183825.587
1081832,95037.65155555555
1081833,99994.194
1081838,79497.13278333333
1081841,451930.5
1081843,79497.13278333333
1081844,79497.13278333333
1081848,105250.0
1081869,163265.61
1081902,110011.01520000001
1081903,110011.01520000001
1081908,103098.76622222223
1081924,78858.03466666667
1081936,356650.2
1081949,170947.55953846153
1081970,179545.955
1082039,118855.342
1082045,123117.73066666667
1082046,170805.248
1082048,203208.884
1082118,117530.07333333333
1082145,75874.01133333334
1082147,105697.862
1082163,108755.58
1082251,180778.08870584413
1082254,411349.48
1082255,308467.538
1082327,88788.24166666665
1082342,101764.12766666667
1082343,187990.15333333335
1082360,190954.45
1082376,340369.1166666667
1082382,108435.46
1082390,171733.134
1082417,112701.85183809526
1082420,117689.0
1082432,559852.588
1082441,185003.014
1082442,166769.7413333333
1082461,191540.34527272728
1082482,162183.682
1082483,78184.6
1082488,391945.608
1082504,175683.36533333332
1082508,102503.78133333335
1082533,98099.41533333334
1082548,254530.2748
1082549,109692.314
1082586,116366.568
1082640,189556.948
1082677,255031.988
1082833,92636.176
1082840,199272.79866666667
1082846,222028.354
1082857,271171.3198095238
1082863,170000.0
1082867,193141.654
1082927,134861.98
1082928,136986.51882936506
1082958,442610.156
1083026,176327.04
1083029,362028.33587878785
1083052,325763.6
1083095,104704.71199999998
1083118,139471.462
1083122,262095.73163398693
1083137,226543.8076190476
1083208,236750.664
1083251,168205.73346666666
1083264,168263.79
1083284,196735.296
1083291,93500.0
1083296,93500.0
1083300,93500.0
1083303,93500.0
1083345,103198.48266666668
1083382,114911.948
1083388,57369.03914285714
1083392,127961.15
1083402,144683.34307545787
1083405,175716.066
1083495,106348.80400000002
1083545,131523.57
1086147,221248.43
1086216,232640.198
1086243,152681.6524
1086254,57231.206
1086282,159551.81
1086309,169310.254
1086312,96755.182
1086333,75657.042
1086344,92961.68850000002
1086616,95485.033
1086670,189261.342
1086770,144023.78533333333
1086802,172464.412
1086813,90426.712
1086818,181249.4
1086819,200782.61044444444
1086820,106144.24966666667
1086826,189555.304
1086827,84889.604
1086842,84752.054
1086844,106144.24966666667
1086846,84752.054
1086847,84889.604
1086848,189555.304
1086864,450178.15433888877
1086917,183311.7870603175
1086918,81793.98
1086963,203032.86
1086991,135494.95853333332
1086999,92180.0613672439
1087035,114712.46056060606
1087054,136676.78
1087111,180871.124
1087112,113170.584
1087115,249179.13133333335
1087116,159526.60866666667
1087132,187864.01533333331
1087135,81908.56098412699
1087193,147590.438
1087235,160096.0133333333
1087237,147285.114
1087238,175699.224
1087241,150369.528
1087288,475998.22
1087329,81912.36466666668
1087340,492119.744
1087346,257949.434
1087349,208238.86120923518
1087375,303547.6522857143
1087389,197140.08602380953
1087406,123385.01717748918
1087423,459597.245
1087432,316000.7447142857
1093650,81181.94866666666
1093654,144811.456
1093657,193608.086
1093659,104283.398
1093661,104283.398
1093675,122117.23666666666
1093684,143174.46403333332
1093703,142669.27895238096
1093710,99562.82686666667
1093711,102002.232
1093718,69998.91647619048
1093725,169308.7573333333
1093808,391736.722
1093813,183433.518
1093816,352449.872
1093817,89410.60066666665
1093845,331350.1614285714
1093848,87809.976
1093904,144857.97
1093906,117419.62199999999
1093909,409606.228
1093920,174096.26876623378
1093958,117007.572
1093960,265434.458547619
1094005,458470.51833793346
1094008,159997.826984127
1094012,85753.53746666668
1094018,84418.55933333332
1094108,147594.15181818182
1094111,169417.908
1094126,99151.724
1094128,351464.76
1094133,105964.332
1094136,122512.498
1094142,255232.482
1094151,48758.772
1094174,126629.838
1094196,195251.06666666665
1094198,76923.79161904762
1094232,87799.704
1094299,160438.718
1094334,332895.9573333333
1094348,131504.556
1094353,128198.542
1094362,129168.044
1094412,932628.966
1094416,102484.92
1094419,318436.45436875906
1094463,160237.761
1094464,133736.53485714286
1094519,200906.558
1094530,96152.53222070707
1094531,96152.53222070707
1094538,106562.32762460319
1094590,112546.44
1094633,162569.524
1094660,83783.83
1094668,112942.338
1094694,110568.00012727272
1094714,142053.956
1094717,175801.884
1094747,149618.526
1094771,562331.726
1094773,301631.82333333336
1094779,136809.61359047622
1094810,145822.72955238094
1094817,110191.434
1094818,119027.39142857141
1094822,75308.51609523808
1094855,143278.624
1094858,151281.52333333335
1094864,607204.2
1094895,209181.67674920638
1094910,114144.696
1094939,109149.46847619046
1094960,96407.837
1095019,1185989.0395
1095021,934907.155
1095025,182544.89
1095029,125105.65185714285
1095031,162514.58723809524
1095067,89731.742
1095105,370803.866
1095126,155974.53
1095135,146512.91257142858
1095139,54600.0
1095146,151152.2323809524
1095292,229784.142
1095313,66617.26
1095326,117200.062
1095334,68538.554
1095343,73066.68266666666
1095383,141997.18195476188
1095399,120265.188
1095416,210017.606
1095448,186517.808
1095478,100741.006
1095480,153337.0
1095496,111633.776
1095500,122784.916
1095529,73560.16583333335
1095536,259563.58238095243
1095552,293564.093
1095588,88246.69666666667
1095624,271104.768
1095650,93720.476
1095691,877586.782
1095735,180640.3981052632
1095799,214818.95426666664
1095804,184505.14749567097
1095810,133441.02536017314
1095827,215709.97666666665
1095841,287241.75266666664
1095853,142381.544
1095860,147525.9405
1095866,145385.28
1095906,135279.44357142856
1095907,399306.968
1095926,206036.778
1095949,155252.4274666667
1096078,119691.598
1096079,131086.136
1096090,109922.208
1096148,194521.3066666667
1096213,202203.09282051283
1096235,137993.612
1096271,172237.315
1096279,70517.35066666665
1096316,202063.171
1096318,685580.356
1096335,390501.676
1096339,136672.67666666667
1096405,223447.07
1096417,118265.71
1096464,84381.07733333335
1096480,106829.26905000002
1096484,152919.506
1096513,238136.832
1096539,190623.16
1096546,89152.162
1096550,253401.978
1096556,93918.16
1096573,258169.75695238094
1096583,259677.4102857143
1096585,149876.1691666667
1096590,232478.22333333333
1096593,129791.62333333332
1096600,161126.5848
1096627,147181.976
1096631,119473.75233333332
1096691,137637.587
1096700,97757.002
1096716,283453.5976111111
1096723,238680.238
1096749,144158.966
1096777,154628.886
1096784,100006.0
1096858,426522.984
1096873,205960.286
1096921,125681.238
1096936,169480.29687142852
1096968,104441.073
1096972,204321.21823809526
1097023,116046.336
1097024,744461.000857143
1097040,264758.2
1097041,276075.2958571429
1097045,211694.72533333334
1097078,540265.6561904761
1097079,540265.6561904761
1097082,90970.35607619047
1097084,82417.16066666666
1097102,146748.332
1097259,137687.674
1097283,170500.056
1097365,127499.576
1097366,136310.05
1097476,690492.3525
1097499,173926.658
1097500,110119.48866666667
1097511,188337.6720952381
1097514,402489.196
1097544,110084.101
1097562,127537.084
1097569,86126.979
1097597,152918.81603333334
1097609,119811.754
1097635,155709.702
1097650,83552.854
1097655,149824.76885714286
1097659,109968.21799999998
1097664,99609.57284761906
1097673,191342.536
1097675,104071.24757764456
1097698,128329.84866666667
1097718,110590.88200000001
1097755,234050.998
1097767,143220.562
1097777,232450.898
1097778,98480.096
1097795,798509.686
1097861,113510.91
1097886,137892.36
1097887,160833.16366666666
1097888,148185.652
1097928,171715.834
1097949,174700.90720000002
1097975,250490.29
1097993,307146.838
1097994,205904.958
1098066,192191.47880000004
1098122,133888.539
1098125,178671.764
1098140,136246.356
1098199,414503.41266666667
1098213,96630.7978857143
1098215,127965.336
1098219,186211.51933333333
1098228,112791.016
1098252,404957.43
1098268,128294.76
1098275,163700.07799047625
1098362,91800.0
1098365,880853.826
1098396,85492.852
1098468,94411.922
1098495,94798.9795452381
1098569,107648.45133333333
1098588,424064.6977777778
1098633,92442.8176
1098693,242933.20933333333
1098698,179383.138
1098706,137011.7173333333
1098771,65659.6150952381
1098971,47751.402
1098987,203422.00933333335
1098991,168011.67
1098994,179254.006
1099004,130592.638
1099021,99629.641
1099030,139585.346
1099038,109863.486
1099039,151147.58
1099045,326325.8
1099133,286277.044
1099137,102795.39044444443
1099153,244545.807
1099180,209587.3786
1099183,267405.7
1099184,94838.106
1099199,123498.39884848484
1099315,221844.856
1099316,135509.69228296704
1099320,162750.75266666667
1099323,266395.3546666667
1099326,152233.81
1099329,76495.746
1099335,180347.634
1099338,101171.50533333335
1099342,395939.56933333335
1099350,136315.92533333335
1099351,80683.9434020202
1099359,117105.98228571427
1099364,109205.513
1099366,136048.75
1099382,180727.85752380957
1099383,690884.922
1099407,124319.13933333333
1099414,105347.124
1099441,117196.312
1099447,107480.53365079364
1099465,262961.30216666666
1099469,203794.6042
1099488,158444.29880000002
1099520,157881.83914285715
1099562,248710.414
1099567,115997.89666666667
1099623,193298.58266666665
1099651,94366.70733333334
1099664,111384.604
1099665,111384.604
1099671,171712.54906060605
1099702,99658.4
1099722,64060.608
1099725,55110.136
1099726,54714.86666666667
1099728,49657.292
1099729,48289.598
1099734,80779.56266666665
1099740,86916.21733333335
1099743,198991.446
1099768,155215.48
1099774,1250019.864
1099796,142047.378
1099815,165855.71185555556
1099837,233264.6235
1099916,273091.2
1099928,81283.37466666667
1099941,80268.668
1099946,64051.808
1099948,51094.296
1099950,51657.564
1099972,120008.584
1099995,117571.62683333334
1099996,116557.95825
1100056,176749.018
1100076,234899.38133333335
1100169,332602.04
1100171,80249.48933333335
1100178,223665.492
1100189,78070.04866666667
1100191,60239.186
1100192,67343.536
1100194,94486.576
1100205,89371.50266666667
1100224,117813.93
1100257,261074.938
1100317,153854.526
1100329,97304.77466666665
1100345,122115.042
1100388,243272.86
1100391,89617.98914285713
1100460,186049.456
1100509,109562.076
1100516,210500.0
1100532,232594.3613333333
1100537,67373.894
1100548,465943.1
1100583,226932.398
1100596,210500.0
1100601,266738.644
1100611,94774.822
1100619,189876.502
1100658,401316.6908571429
1100660,215453.23466666666
1100674,107772.3960909091
1100682,116349.372
1100692,115566.17
1100719,86040.998
1100743,365679.29
1100780,91439.74963333333
1100810,172129.09
1100829,188026.074
1100840,142910.3015714286
1100852,195286.7330142857
1100865,98211.29396666666
1100897,117382.63066666668
1100931,102378.13291269842
1100932,99901.0
1100938,443099.6610625772
1100944,298375.01
1100945,297334.758
1100946,297334.758
1100947,297334.758
1100948,249026.956
1100953,249482.32
1100955,249482.32
1100957,324914.49919999996
1100960,324914.49919999996
1100962,118672.04
1100984,96722.84
1100985,154718.388
1101003,95118.522
1101004,95118.522
1101005,95118.522
1101006,274106.8665476191
1101007,120761.98933333329
1101012,83080.018
1101064,262834.28187301586
1101073,332811.8693333334
1101084,130668.91196666667
1101086,112232.322
1101094,142507.496
1101102,99182.83866666666
1101127,76931.40666666666
1101173,134167.738
1101180,114011.178
1101202,126251.71017460318
1101203,118154.624
1101207,161114.614
1101208,291362.71687272727
1101232,99797.264
1101240,75633.569
1101252,175585.62
1101258,175244.448
1101263,69508.39219999999
1101276,142848.08766666666
1101292,152139.32775
1101294,122669.12133333333
1101303,309322.356
1101319,578229.092
1101326,120993.278
1101330,190243.204
1101331,101199.018
1101333,170426.16506666667
1101335,137628.0213333333
1101351,138421.0
1101378,99078.756
1101418,699769.98
1101423,304287.662
1101428,138421.0
1101517,133303.59866666666
1101591,77432.76666666668
1101616,465943.1
1101739,149029.67746666668
1101759,83099.37533333334
1101799,99227.13524761904
1101800,98009.70524761903
1101801,419085.876
1101814,192628.504
1101859,73124.31316666666
1101869,80680.258
1101901,76314.64752941177
1101931,177440.858
1101932,117534.87
1101976,331913.14666666667
1102031,75829.264
1102046,152118.65866666668
1102066,127258.13
1102090,296521.63
1102112,234983.502
1102117,152118.65866666668
1102119,114502.056
1102123,95586.27466666665
1102135,133830.2798095238
1102169,198981.9643333333
1102170,247926.412
1102240,216341.7806666667
1102248,79641.908
1102273,119091.10116666667
1102307,222330.48
1102332,167917.33381645023
1102413,111680.25822222223
1102414,99085.408
1102415,99613.204
1102416,113008.54933333331
1102417,184400.99633333334
1102422,176326.97
1102423,99018.408
1102430,98174.00036363635
1102431,97358.1968080808
1102434,183281.99466666672
1102452,87846.12933333333
1102470,151821.23847619048
1102505,242608.2
1102509,107503.662
1102527,191921.818
1102537,150149.7448888889
1102564,149674.648
1102603,137376.62333333335
1102608,101302.75
1102646,92952.80961904762
1102647,108832.85579999999
1102650,169151.0815
1102655,138270.902
1102657,138782.92139999996
1102660,168303.348
1102685,85406.72066666668
1102688,216316.24526666666
1102699,75592.62466666667
1102704,109784.494
1102705,184930.642
1102728,467663.48707142856
1102735,75014.16
1102750,141090.3957333333
1102770,200852.974
1102790,492727.7506666666
1102797,597268.494
1102800,158469.51018888887
1102806,90143.66873333337
1102844,192226.39
1102862,105437.566
1102908,90685.32939333333
1102909,124611.59903333333
1102959,110683.34368888888
1102970,88770.198
1102986,126403.40029523808
1103044,85008.94
1103076,236563.87
1103095,390880.06
1103226,210258.8
1103227,232932.95466666666
1103228,197876.55
1103229,261760.742
1103249,212082.075
1103253,221515.5653333333
1103258,213557.06
1103264,394400.48
1103265,127662.8708
1103278,89555.19214285715
1103279,409629.2823333334
1103282,62196.2676
1103361,98225.91235714286
1103386,348240.686
1103396,192048.15
1103402,134243.324
1103403,133005.372
1103404,119600.0
1103418,129434.87933333335
1103419,140825.76933333333
1103431,160818.57399999996
1103481,275122.714
1103489,191523.5466666667
1103584,103042.13358974358
1103598,222646.38
1103600,124421.09714285715
1103604,121820.668
1103606,132830.002
1103614,84268.17685714287
1103646,87233.361
1103668,261820.06145238096
1103669,120180.21466666667
1103678,129589.56593333333
1103711,90877.164
1103726,152869.832
1103731,134105.188
1103735,148416.556
1103741,270382.844
1103838,154761.29047619048
1103903,211871.761
1103914,119787.559
1103991,83425.258
1103997,113802.71266666666
1104005,222628.99066666665
1104027,58316.17688888889
1104035,80370.548
1104045,108662.27199999998
1104073,429487.2
1104122,219559.1095
1104123,219931.9415
1104132,92835.22810000001
1104247,98985.35466666667
1104252,93526.37723809524
1104265,178216.22295238095
1104276,76815.956
1104292,114299.652
1104347,703588.842
1104357,134215.20866666667
1104358,94827.68797619049
1104369,197026.594
1104944,263499.3053333333
1104946,95000.0
1104949,95000.0
1104951,95000.0
1104953,95000.0
1104955,95000.0
1104972,126025.59616666667
1105018,76700.0
1105021,111135.28095238096
1105024,190700.0
1105025,121500.0
1105044,141706.71
1105046,101626.0
1105047,102517.8
1105050,330000.0
1105051,330000.0
1105052,330000.0
1105053,330000.0
1105071,95000.0
1105081,113976.908
1105207,330000.0
1105210,191383.732
1105265,330000.0
1105266,133866.73453333334
1105267,133866.73453333334
1105268,330000.0
1105280,84860.56678571428
1105281,157576.08733333333
1105282,186734.82066666667
1105376,299674.3570888889
1105429,119521.26
1105465,152350.13354761904
1105493,109900.0
1105496,120473.59033333333
1105557,109900.0
1105558,109900.0
1105575,109840.486
1105576,109840.486
1105581,109724.4
1105621,155536.136
1105622,121880.42
1105698,190700.0
1105699,190700.0
1105700,190700.0
1105702,190700.0
1105705,190700.0
1105706,190700.0
1105711,171500.0
1105799,109900.0
1105802,109900.0
1105803,109900.0
1105805,109900.0
1105806,109900.0
1105807,89218.116
1105828,150426.172
1105830,249875.0
1105831,136753.906
1105832,350750.112
1105849,76700.0
1105855,116354.0
1105898,116354.0
1105899,116354.0
1105935,180537.14133333333
1105989,128051.46968542576
1106068,152900.0
1106069,152900.0
1106073,152900.0
1106085,177052.36151209904
1106086,135800.0
1106135,108328.61138333332
1106164,76700.0
1106193,162634.844
1106196,93338.454
1106244,169769.196
1106253,106928.68413246753
1106256,177743.83150000003
1106586,304163.432
1106587,121666.00533333335
1106588,147337.824
1106589,149659.752
1106600,84374.34566666666
1106608,144301.246
1106715,76700.0
1106789,166151.484
1106790,210283.92
1106791,209870.96866666668
1106792,210283.92
1106793,209142.01466666668
1106794,212837.80933333334
1106869,98416.23
1106954,213155.2096142857
1107205,190740.0
1107331,73700.0
1107333,73700.0
1107389,163427.0
1107390,163427.0
1107392,163427.0
1107394,163427.0
1107395,163427.0
1107469,141706.71
1107483,96195.62
1107491,133646.75352380952
1107667,192794.858
1107772,95200.0
1107775,95000.0
1107785,255150.246
1107786,239436.93133333334
1107787,131144.0
1202392,111927.94266666665
1202393,91286.328
1202395,195907.93333333332
1202440,95428.59099999999
1202550,72258.45473015874
1202552,86800.0
1202577,144250.0
1202580,110155.64555555556
1202842,130439.244
1202844,130823.142
1202860,100346.656
1202861,92934.8652
1202869,177855.8927435898
1202876,130587.338
1202892,119433.3595
1202903,95802.81362301587
1214273,149284.41733333332
1214280,115528.198
1214445,394426.396
1214448,68235.98120000001
1214449,76700.0
1214464,108797.46466666667
1214572,136687.30890649348
1214574,195757.5193333333
1214584,129344.35933333333
1214608,84624.17961904763
1214640,83382.18096666667
1214643,156798.414
1214651,300150.2
1214652,202247.22166666665
1214657,635659.418
1214661,140575.55533333332
1214673,131885.32066666667
1214675,117131.53700000001
1214679,193508.90269090908
1214703,118571.76266666668
1215040,121301.0
1215050,60234.056666666664
1215134,122658.21352380952
1215138,117470.238
1215362,82332.4
1215366,89432.8
1215368,88951.55
1215369,146217.336
1215374,80795.3
1215388,539401.1456190477
1215448,75721.728
1215451,61630.008
1215486,133202.156
1215488,198784.1236969697
1215496,122720.21529422801
1215498,163567.9170430166
1215555,128842.56
1215556,187417.3
1215560,426561.038
1215573,115653.3107142857
1215591,69381.47663333332
1215596,159568.03
1215746,211166.548
1215748,134926.4
1215754,68618.536
1215756,357606.098
1215758,89218.116
1215761,89522.95734920635
1215762,86017.92972063489
1215766,133851.61466666666
1215767,1085747.87
1215776,330000.0
1215784,299674.3570888889
1215791,83410.939
1215796,94456.5
1215797,107430.89733333334
1215798,100120.148
1215806,157609.16363636364
1215810,93489.79571483517
1216439,65377.682
1217024,100943.15433333332
1217029,123563.66
1217034,86979.176
1217036,80777.443
1217037,79646.4324095238
1217038,144207.98866666664
1217233,135769.15266666666
1217234,92091.532
1217247,98576.6732
1217248,88173.17909653677
1217250,98862.07677698409
1217540,194481.2
1217556,145034.2
1217557,95424.80466666668
1217559,76187.41866666665
1217578,203301.6893333333
1217875,68001.998
1217881,48068.966
1219303,94406.17
1219356,358640.576
1219361,352416.2088333334
1219426,102468.564
1219482,233674.14199999996
1219492,82323.20124761904
1219515,213770.39733333336
1219518,343347.598
1219520,194980.394
1219620,133197.8
1219653,93708.4
1219665,191720.29333333333
1219668,117661.42
1219670,74510.717
1219706,182316.296
1219714,164401.0
1219756,107494.4
1220007,95773.35
1220137,376274.92933333333
1220139,293599.298
1220671,94066.4
1220690,69279.336
1220731,203152.33233333338
1220732,85945.2
1220739,128472.3
1222082,254256.992
1222084,63111.844
1222087,433489.394
1222182,167027.12333333332
1222183,228924.66866666666
1222194,221719.546
1222252,153873.48807655505
1223720,119521.26
1223812,128527.76908571427
1223816,437482.636
1223827,174093.39174725275
1223836,206767.044
1223838,110672.43437977297
1223841,93552.47134512546
1223860,270000.0
1223861,152771.83
1223863,143038.9649047619
1223867,190684.40112976474
1223875,111816.71485714286
1223892,200967.4
1223897,173491.9503333333
1224003,108935.868
1224006,100458.32
1224010,139008.34
1224014,73165.39
1224033,172016.736
1224068,141386.83
1224071,81835.09
1224121,165134.58
1224146,130147.368
1224153,100988.08
1224653,139324.34666666665
1224668,94799.36666666665
1224776,116063.018
1224788,248029.70466666666
1225148,345013.99666666664
1225155,227229.21586666667
1225157,261228.016
1225159,253268.0
1225238,213080.986
1225323,185939.588
1225362,117831.308
1225363,117757.99805714285
1225376,272193.3325
1225378,114537.77511666667
1225818,75480.174
1226392,106033.64333333334
1226394,84858.116
1226516,160437.62085714287
1226517,153546.36528571427
1226741,166310.8555873015
1226743,112769.68933333333
1226745,85684.994
1226748,177052.36151209904
1226749,135800.0
1226782,141180.38
1226789,81546.06666666665
1226799,158004.5698436508
1226860,91057.792
1226867,174821.63999999996
1226963,133007.6
1227068,227137.328
1227072,494936.002
1227075,81818.718
1227080,177824.91
1227083,177824.91
1227087,154595.12
1227113,100925.13
1227115,160723.0
1227127,85271.432
1227165,145920.522
1227292,88039.38816666666
1227294,232854.587
1227296,174341.70873015875
1227675,629354.808
1227679,192710.596
1227680,204030.54033333334
1227687,239246.196
1227690,178537.74
1227707,157660.24333333332
1227708,138732.41
1227709,314427.514
1227720,242889.728
1227815,201002.41
1227857,663893.786
1227859,326806.928
1227865,223354.6292
1227902,112768.1
1227904,91925.54133333334
1227921,358541.86289999995
1227928,121241.27
1227948,255726.33
1227951,500565.538
1228096,115661.3
1228098,129972.6548
1228597,373730.2266666666
1228622,291866.88
1228630,158949.798
1228639,198952.84942857144
1228640,151599.266
1228821,171392.98333333334
1228828,291369.478
1228829,485594.7
1228966,431306.9092
1228972,327728.04333333333
1228973,924905.7973333334
1228974,1177797.084
1228985,402309.096
1229013,239313.344
1229016,114875.94253333333
1229018,179431.60561904762
1229020,379210.2386666666
1229022,175599.422
1229028,126117.7
1229030,148036.98
1229031,172376.39790476192
1229038,189055.18
1229176,680159.124
1229188,279486.14
1229190,612130.73
1229201,168668.58
1229212,117278.638
1229218,202351.50976190477
1229220,138765.57733333332
1229224,150680.78
1229225,130454.56483333334
1229462,288689.35866666667
1229540,152863.792
1229541,139493.4186666667
1229591,151534.872
1229597,168818.429
1229598,168818.429
1230015,91859.704
1230020,99837.64
1230030,79613.9655
1230031,81871.7088015873
1230037,84786.53533333335
1230038,162634.844
1230039,73617.61733333334
1230040,110481.67
1230045,66747.48115151515
1230070,74430.78493333333
1231407,236233.19
1231410,191155.674
1231549,303480.00500000006
1231551,219716.05466666666
1231558,78970.29165714285
1231661,114228.364
1231688,184492.6
1231696,305161.042
1231704,113953.032
1231710,171373.68
1231711,73229.35883333333
1231719,120926.754
1231753,87152.096
1231846,704883.4622490843
1231908,102301.182
1231938,115562.39533333333
1231982,221031.6113333333
1232000,122627.0
1232001,122627.0
1232002,122627.0
1232475,306063.9703333334
1232477,180667.928
1232484,65103.2
1232490,96195.62
1232637,81374.07933333333
1232646,88369.88
1232662,89881.0
1233033,105315.433
1233038,91582.02
1233250,438435.302
1233263,141881.73941198396
1233265,251800.8822
1233268,180351.49868467482
1233307,148957.986
1233314,115523.662
1233329,330309.1945
1233345,241530.998
1233349,124811.81915384614
1233447,84860.56678571428
1233450,72233.913
1233453,76262.25533333335
1233462,78745.284
1233465,113495.2435
1233471,42661.449
1233474,121771.295
1233479,123337.039
1233487,102055.59609523808
1233488,161922.74
1233490,111575.62434126984
1233493,101084.856
1233495,102920.0344
1233497,104017.56640000001
1233542,69041.29333333335
1233552,71100.39233333334
1233557,164505.69633333333
1233567,77669.565
1233568,123643.48828571428
1233569,125964.68828571428
1233683,271053.07
1233764,478935.1666666667
1233861,102896.38016666665
1233877,83842.489
1233987,330000.0
1233989,133866.73453333334
1234069,133481.81
1234103,187000.0
1234104,178081.652
1234343,512529.1675151515
1234348,82708.702
1234349,81833.502
1234495,400906.21
1234496,177477.02371428572
1234497,153133.49600000004
1234499,195957.028
1234515,122354.27257142858
1234516,192001.538
1234528,294717.214
1234612,309279.922
1234760,74275.906
1234763,82291.542
1234766,192613.292
1234772,138629.8
1234818,111231.398
1235137,417906.788
1235157,116758.71
1235163,320553.102
1235168,259563.20885714277
1235169,259563.20885714277
1235170,259563.20885714277
1235228,277144.72
1235244,463239.984
1235266,336254.246
1235290,603139.5635238094
1235294,575796.458
1235303,142739.06466666664
1235312,109898.76466666667
1235314,376708.2
1235337,442881.29
1235354,332363.198
1235360,749663.8
1235386,1013522.0
1235538,260347.348
1235542,431085.9336666667
1235546,459915.534
1235552,731580.352
1235662,1363801.401
1235678,71269.6705
1235679,166061.8
1235688,226281.92
1235689,226519.92
1235741,210283.92
1235742,166151.484
1235744,212837.80933333334
1235745,209142.01466666668
1235746,210283.92
1235747,209870.96866666668
1235786,619449.4
1235796,413015.052
1235824,593889.0
1235825,1050707.204
1235874,238383.64866666665
1235885,809690.8746666666
1235886,802276.8746666666
1235887,437027.894
1235916,1062121.1567
1235996,189557.872
1235997,153083.2
1236001,736021.722
1236007,730968.01
1236009,686732.018
1236010,863440.0
1236082,77154.552
1236126,125890.32
1236137,118801.31466666667
1236150,117935.43333333333
1236152,160477.02018598898
1236160,275853.0
1236162,814394.83
1236183,212584.30533333335
1236186,111067.96933333333
1236189,117152.38
1236201,106758.965
1236353,201150.6
1236355,153034.0
1236463,98402.90504761905
1236479,102971.472
1236480,101709.682
1236822,93896.7608014315
1236911,478569.99
1236986,149377.44
1236991,203615.8538404762
1236993,149377.44
1237029,162324.79733333332
1237033,103891.7
1237049,105215.39
1237051,197075.982
1237164,82036.54685714286
1237170,426790.522
1237492,55873.949
1237495,103120.548
1237545,81241.934
1237979,231320.0
1237998,152631.13699999996
1238015,143620.3777777778
1238100,133187.198
1238115,158221.6
1238129,418112.004
1238182,100314.392
1238190,106480.536
1238195,466926.675
1238198,176870.0
1238207,124510.598
1238213,144856.58281673878
1238216,213138.204
1238226,123381.75
1238229,426561.038
1238231,233387.194
1238232,260735.632
1238237,160762.55
1238241,240635.796
1238242,194423.47
1238244,174798.72
1238245,160418.788
1238258,74388.14
1238259,291146.8266262627
1238261,190621.624
1238263,283949.241
1238264,189372.02333333335
1238384,105639.99
1238386,231623.957
1238419,204134.1193333333
1238422,199626.87933333332
1238435,172990.95228571427
1238439,442949.7841333333
1238572,365185.554
1238582,332350.098
1238589,162870.19933333335
1238614,102059.434
1238793,196796.15161247874
1238800,554310.55
1238802,315070.164
1238807,329612.77099999995
1238812,120513.65
1238813,264212.68017142854
1238814,105652.8
1238827,183630.05783333333
1238834,213854.4046666667
1238964,167557.26733333338
1238965,158878.48
1239003,253823.48284331782
1239006,449596.29
1239029,192794.858
1239054,296196.418
1239062,193865.356
1239067,294347.56
1239078,244856.124
1239100,240069.96240000002
1239106,158901.33813333337
1239112,194381.704
1239158,313871.8374682539
1239160,142741.5651
1239161,162536.29
1239162,153919.886
1239239,206103.86033333334
1239260,283705.9
1239261,284680.4
1239271,174209.198
1239276,411510.706
1239278,209073.598
1239294,144883.04176190478
1239313,185713.63733333335
1239402,240003.826
1239482,132000.0
1239483,132000.0
1239484,132000.0
1239485,132000.0
1239490,179365.382
1239519,244599.72457142855
1239527,151551.34660139857
1239532,202552.606
1239533,190825.75
1239534,193894.372
1239535,182745.99
1239537,201178.316
1239558,111495.072
1239566,100104.14306666666
1239568,225060.46666666667
1239577,142789.116
1239578,86507.41438095238
1239585,193434.6752222222
1239589,155502.854
1239598,155718.50238095236
1239601,692319.9654476191
1239963,187377.96066666665
1239978,922957.17
1239994,497121.138
1240122,1084869.1589000002
1240137,1071923.81
1240202,141248.484
1240229,140772.8
1240235,574650.998
1240281,186898.152
1240283,585449.2866666667
1240338,77487.04331746031
1240418,81738.584
1240441,549290.6524126985
1240442,167979.194
1240444,328892.86
1240448,443853.846
1240464,393048.0444444444
1240465,124369.182
1240498,201595.112
1240504,63099.026
1240505,136765.048
1240516,113254.512
1240535,92197.92066666666
1240539,85178.53261984127
1240540,78034.784
1240617,124651.078
1240649,110234.16726666667
1240720,82801.742
1240728,81516.30853333334
1240735,64685.4351111111
1240736,77855.205
1240977,88144.18
1240979,77945.616
1241045,59290.59253333333
1241069,73628.3685238095
1241079,423979.984
1241087,65974.972
1241091,116142.13711111111
1241093,93081.594
1241095,247807.856
1241101,120103.65
1241103,67708.148
1241115,95863.24666666666
1241117,118693.65333333335
1241128,98958.522
1241130,857219.998
1241139,197889.19528571426
1241151,98186.57233333333
1241289,61202.158
1241295,81283.52366088699
1241453,122262.38
1241454,97630.934
1241459,97601.06028571428
1241460,85452.904
1241478,129504.3868
1241488,86455.026
1241744,116891.11325
1241746,80027.1525
1241753,116337.72253333333
1241756,94272.164
1241757,104255.29133333334
1241760,93391.66451428572
1241761,96620.765
1241764,92043.34
1241795,172033.042
1241796,115240.186
1241798,79586.69133333332
1241803,79258.33133333334
1241804,83793.982
1241807,79699.95133333333
1241810,66341.776
1241813,79258.33133333334
1241826,119104.5517
1241833,92612.48295238096
1241834,92348.738
1241837,99926.65466666665
1241842,108026.218
1241843,131671.52066666668
1241897,120944.34800000001
1241913,68935.749
1241975,93460.138
1241978,177507.538
1241980,77608.084
1241981,89555.19214285715
1241983,70799.60933333333
1242077,105690.3309206349
1242080,81193.35
1242082,232916.502
1242090,84690.472
1242092,57665.102
1242118,136488.18
1242119,202645.442
1242131,79279.7335
1242132,58566.5
1242135,74526.31496969696
1242139,86729.53911111111
70723,14120.8
71009,70031.934
71030,15702.4
71670,19490.72
71671,13167.98
71694,22140.2
71697,22434.298
71717,21744.4
71727,18821.12
71785,18128.6
72264,53544.98
72276,19911.964666666663
72325,19529.708
72326,23642.298
72327,24143.24
72548,68487.4261904762
72571,28101.956
72713,24242.598
696861,33801.4
696875,10616.8
696882,187335.584
